ticker,signal_date,signal_close,rsi_at_signal,signal_range,signal_body_percentile,signal_atr_mult,pattern,entry_date,entry_price,exit_date,exit_price,exit_reason,bars_held,gross_return,net_return,pnl,equity_after,mfe,mfe_1w,mfe_2w,mfe_3w,mfe_4w,mfe_5w
AABA-201910,2002-06-28,2.011779546737671,6.1810307984075195,0.35165250301361084,0.24806203652697148,1.1817199242664058,Hammer,2002-07-05,2.011779546737671,2002-10-25,1.9913346767425537,RSI > 90,16,-0.010162579706246122,-0.015095784784392803,-1509.578476929702,98490.42152307031,0.03184279715075169,0.0067750531374973855,0.0067750531374973855,0.0067750531374973855,0.0067750531374973855,0.0067750531374973855
AABA-201910,2015-08-14,9.878983497619629,8.786652580377734,1.0467796325683594,0.37760334102264154,1.6502502129297623,Hammer,2015-08-21,9.878983497619629,2015-11-06,9.66635513305664,RSI > 90,11,-0.02152330395270141,-0.02252415381071857,-2218.413401049729,96272.00812202059,0.0,0.0,0.0,0.0,0.0,0.0
AAL,2017-03-24,40.41477584838867,6.490205741499295,3.1039886474609375,0.21372951927756448,1.1500414154255538,Hammer,2017-03-31,39.775577545166016,2017-04-07,40.99586868286133,Profit target (+1.5%),1,0.030679407138957115,0.030424172105625504,3042.417207520133,103042.41720752013,0.045532006595614107,0.045532006595614107,0.10421227573334392,0.10786464547711028,0.15388366028003067,0.15388366028003067
AAL,2017-08-25,44.007286071777344,3.392646878641287,3.3260765075683594,0.24561337108948048,1.154085379629312,Hammer,2017-09-01,43.98783493041992,2017-09-22,44.75613784790039,Profit target (+1.5%),3,0.017466258994009776,0.01723696412563133,1776.1384470482226,104818.55565456835,0.05195667005199049,0.005306237098529747,0.05195667005199049,0.05195667005199049,0.07450802595786872,0.14238332058380662
AAPL,2008-07-25,4.853126525878906,9.292470115599443,0.6537890434265137,0.28617273055477555,1.5624758997147503,Hammer,2008-08-01,4.859712600708008,2008-08-15,5.091113567352295,Profit target (+1.5%),2,0.04761618343656249,0.045511623155716247,4551.162311020462,104551.16231102047,0.04502894356857775,0.04502894356857775,0.11155597830203749,0.11155597830203749,0.11155597830203749,0.11155597830203749
AAPL,2008-09-19,4.218197345733643,2.658660505627992,0.8085553646087646,0.2510179643543663,1.8737880112252343,Hammer,2008-09-26,4.189159870147705,2009-02-13,2.993539810180664,RSI > 90,20,-0.2854080763274581,-0.28745209941760835,-30053.45107280051,74497.71123821996,0.002215176365533126,0.002215176365533126,0.002215176365533126,0.002215176365533126,0.002215176365533126,0.002215176365533126
ADBE,2005-07-08,27.93000030517578,4.633159349609969,2.440000534057617,0.31147543546557666,1.262085260432839,Hammer,2005-07-15,27.75,2005-07-22,28.760000228881836,Profit target (+1.5%),1,0.036396404644390534,0.03602955247277373,3602.955243674418,103602.95524367441,0.06198195723799972,0.07387384638056024,0.09549548174883868,0.09549548174883868,0.09549548174883868,0.09549548174883868
ADBE,2016-02-12,76.66999816894531,2.0643046582830067,7.060005187988281,0.23512782468399093,1.311952719044871,Hammer,2016-02-19,77.12999725341797,2016-02-26,82.08999633789062,Profit target (+1.5%),1,0.06430700455201754,0.06417319324210266,6648.532460656699,110251.4877043311,0.07377158879846973,0.13418911541653103,0.14806179443800996,0.14806179443800996,0.2705821793045272,0.2705821793045272
ADBE,2019-10-04,276.9599914550781,5.244038774343537,15.799896240234375,0.17024864263488182,1.083959614761189,Hammer,2019-10-11,276.32000732421875,2019-11-15,291.95001220703125,RSI > 90,5,0.056564868516643774,0.05652765572710252,6232.258134119045,116483.74583845015,0.06210192243508002,0.018782579269826762,0.018782579269826762,0.019940572893738264,0.06210192243508002,0.07665023202945202
ADBE,2021-10-08,576.8599853515625,1.7112043318693821,34.0050048828125,0.3398009110848659,1.2809672321333918,Hammer,2021-10-15,574.5,2021-10-22,610.6500244140625,Profit target (+1.5%),1,0.06292432448052665,0.06290637055214927,7327.56967168835,123811.3155101385,0.06570931244560488,0.12172322484905353,0.1474151478527524,0.17973892039273281,0.17973892039273281,0.2175805047867711
ADCT-201012,1996-01-12,28.4375,7.61924798133137,5.46875,0.36,1.1043547659965638,Hammer,1996-01-19,28.65625,1996-02-09,36.3125,RSI > 90,3,0.26717557251908386,0.266780060185791,26678.00599190109,126678.00599190108,0.3511450381679389,0.08396946564885496,0.3511450381679389,0.3511450381679389,0.3511450381679389,0.3511450381679389
ADI,2020-03-13,89.55719757080078,8.299326276914556,14.682388305664062,0.24449842812232067,1.9807486647066688,Hammer,2020-03-20,80.62750244140625,2020-04-17,87.51996612548828,Profit target (+1.5%),4,0.08548526836845705,0.0853559479824325,8535.594789707655,108535.59478970765,0.1528272877916065,0.08459493974644985,0.08459493974644985,0.1528272877916065,0.16573918187798495,0.18466166944612455
ADP,2011-08-12,29.26028060913086,2.314869876850622,2.110799789428711,0.25219962283143893,1.6446270284637157,Hammer,2011-08-19,29.309799194335938,2011-09-02,30.399246215820312,Profit target (+1.5%),2,0.037170060915835634,0.036822596475193994,3682.25964383714,103682.25964383714,0.034846932108595845,0.034846932108595845,0.06969386421719169,0.06969386421719169,0.08947875598629146,0.09373456084737618
ADP,2025-09-19,285.5804443359375,9.614261980612312,12.381683349609375,0.23143622619373316,1.1763080283064773,Hammer,2025-09-26,283.09625244140625,2025-12-19,262.15850830078125,RSI > 90,12,-0.07395980681502867,-0.07399382362308891,-7671.846825257549,96010.41281857959,0.01727354439142875,0.01727354439142875,0.01727354439142875,0.01727354439142875,0.01727354439142875,0.01727354439142875
ADSK,1998-08-28,6.148478984832764,6.759586553998375,1.3729615211486816,0.39130430252536286,1.2663390045568754,Hammer,1998-09-04,6.476795673370361,1998-11-06,7.480645179748535,RSI > 90,9,0.15499168987305656,0.15332934829483744,15332.934814150809,115332.93481415081,0.19195137977556215,0.013824885471174074,0.013824885471174074,0.023041451244494426,0.023041451244494426,0.023041451244494426
ADSK,1999-04-23,6.452834129333496,4.024883740571909,1.5456790924072266,0.36893202086426014,1.3893236080115514,Hammer,1999-04-30,6.542873382568359,1999-05-07,7.053097724914551,Profit target (+1.5%),1,0.07798169283017775,0.07639493208251107,8810.851713192875,124143.78652734369,0.1353211042604982,0.1353211042604982,0.1353211042604982,0.1353211042604982,0.1353211042604982,0.1353211042604982
ADSK,2013-03-01,37.36000061035156,7.961609029266356,2.479999542236328,0.35887078787356735,1.224979637357678,Hammer,2013-03-08,37.34000015258789,2013-03-15,40.0,Profit target (+1.5%),1,0.07123727467975804,0.07095996349135036,8809.238550849062,132953.02507819276,0.07927153380762668,0.09292986627003623,0.10926614889353858,0.10926614889353858,0.10926614889353858,0.10926614889353858
ADSK,2016-01-22,49.029998779296875,3.510911974637807,4.770000457763672,0.1802936117022425,1.204963852663097,Hammer,2016-01-29,48.810001373291016,2016-02-26,49.900001525878906,Profit target (+1.5%),4,0.022331491946737447,0.02212434952790565,2941.4991946808423,135894.52427287362,0.042819096369285194,0.042819096369285194,0.042819096369285194,0.042819096369285194,0.06289693932490098,0.17025194273280653
ADSK,2020-03-13,158.02999877929688,1.785868399573431,30.800003051757812,0.2818179160954942,2.3600094065342647,Hammer,2020-03-20,140.98919677734375,2020-03-27,147.80999755859375,Profit target (+1.5%),1,0.04837818029435059,0.0483055397805167,6564.458341653231,142458.98261452685,0.12029858002300466,0.1571808168688124,0.1571808168688124,0.21149566205924153,0.29087904718985164,0.29087904718985164
ADTN,1997-03-27,8.253767013549805,3.6795162540547324,2.1459789276123047,0.3653843931843169,1.0842637507780089,Hammer,1997-04-04,8.21249771118164,1997-04-11,9.98705768585205,Profit target (+1.5%),1,0.21608042243400272,0.21473203117164902,21473.2030956917,121473.2030956917,0.1557789254000614,0.24623117095097352,0.24623117095097352,0.24623117095097352,0.24623117095097352,0.43216084486800566
ADTN,1997-10-31,11.88542366027832,7.924444463610669,2.682474136352539,0.3076922529968593,1.6365152823836195,Hammer,1997-11-07,11.926692962646484,1997-11-14,12.050498962402344,Profit target (+1.5%),1,0.01038058078158044,0.009538126744640668,1158.6268060455577,122631.82990173726,0.07958471919657407,0.07958471919657407,0.08304496609799229,0.08304496609799229,0.08304496609799229,0.08304496609799229
ADTN,1998-06-12,7.345852375030518,2.9504337371359526,1.238065242767334,0.2999998844558893,1.2413900943442677,Hammer,1998-06-19,7.345852375030518,1998-06-26,7.758540630340576,Profit target (+1.5%),1,0.05617976434060101,0.05478116479089093,6717.91447573766,129349.74437747491,0.0926965787057746,0.28089888661543905,0.28089888661543905,0.28089888661543905,0.28089888661543905,0.28089888661543905
ADTN,1998-10-09,6.231593608856201,7.06357594297846,1.5682158470153809,0.31578968172764,1.4369009639889803,Hammer,1998-10-16,6.190324783325195,1998-10-23,7.098239421844482,Profit target (+1.5%),1,0.1466667211007937,0.14493423184786652,18747.205822320015,148096.95019979493,0.22666670877608563,0.2533333713345163,0.3933333497662773,0.539999993837646,0.539999993837646,0.539999993837646
AEP,2021-06-11,70.75617218017578,2.839374344068105,3.6396484375,0.35321220150254895,1.3704279503319075,Hammer,2021-06-18,70.73113250732422,2021-07-23,73.1195297241211,RSI > 90,5,0.03376726954781262,0.033623512234721195,3362.3512201097674,103362.35122010976,0.04006840349736287,0.01463465514728875,0.01463465514728875,0.016287034950653503,0.04006840349736287,0.04006840349736287
AKAM,2006-05-26,31.670000076293945,9.533003266306068,5.340002059936523,0.3876405999359217,1.8945969205408457,Hammer,2006-06-02,31.200000762939453,2006-06-30,34.7599983215332,Profit target (+1.5%),4,0.1141024830621944,0.11376373888155453,11376.373876779078,111376.37387677908,0.12179484436341202,0.0576922818283599,0.0576922818283599,0.12179484436341202,0.16185894594781958,0.19871796831184857
ALGN,2018-11-23,218.8699951171875,8.168761515597012,35.37998962402344,0.14358403959523225,1.12049075783329,Hammer,2018-11-30,221.9199981689453,2018-12-07,234.39999389648438,Profit target (+1.5%),1,0.05623646282674444,0.056190135543207405,5619.013548701727,105619.01354870173,0.06502346815803821,0.06502346815803821,0.06502346815803821,0.06502346815803821,0.06502346815803821,0.06502346815803821
AMAT,2000-10-20,18.245275497436523,0.532142956924929,4.606479644775391,0.21568599847129877,1.0923952950303857,Hammer,2000-10-27,18.696889877319336,2001-01-19,16.574296951293945,RSI > 90,12,-0.11352652446224476,-0.11403087816337146,-11403.087804934057,88596.91219506593,0.07004837004230019,0.07004837004230019,0.07004837004230019,0.07004837004230019,0.07004837004230019,0.07004837004230019
AMAT,2007-11-09,13.849411010742188,4.206259920041049,1.339787483215332,0.3756905448123633,1.4008886515661267,Hammer,2007-11-16,13.953042030334473,2008-02-22,14.34251594543457,Profit target (+1.5%),14,0.027913190131110266,0.027186758305742423,2408.6628360736777,91005.57503113961,0.06315590542570224,0.030964624346200575,0.030964624346200575,0.030964624346200575,0.030964624346200575,0.030964624346200575
AMAT,2014-10-17,17.214916229248047,8.429079257371384,1.4807605743408203,0.3274845590555745,1.5204782693051913,Hammer,2014-10-24,17.085025787353516,2014-10-31,18.08085823059082,Profit target (+1.5%),1,0.05828685631685904,0.057684666805290226,5249.626267845502,96255.2012989851,0.0912317468071914,0.1327927940399269,0.15306647833976408,0.16472378261996629,0.1694189678920642,0.22949371664377702
AMGN,1998-09-04,10.709639549255371,2.7956673916151544,1.4370431900024414,0.3138688747180374,1.7188045692536158,Hammer,1998-09-11,11.496341705322266,1998-09-18,12.272555351257324,Profit target (+1.5%),1,0.06751831720308976,0.06661950106051476,6661.950099389525,106661.95009938953,0.07208032194344687,0.08394166699571988,0.1405109737309358,0.1642335808808915,0.1642335808808915,0.1642335808808915
AMGN,2002-06-14,26.973608016967773,5.713355667828196,3.7728118896484375,0.38612060423449474,1.2127300617647156,Hammer,2002-06-21,27.9872989654541,2002-08-02,29.40378189086914,Profit target (+1.5%),6,0.050611633768712805,0.05024535237890988,5359.267262806263,112021.2173621958,0.060206339292072975,0.060206339292072975,0.060206339292072975,0.060206339292072975,0.060206339292072975,0.060206339292072975
AMGN,2004-03-19,40.916908264160156,7.732040600214958,2.416748046875,0.3888871350641479,1.2974729550284823,Hammer,2004-03-26,40.84977340698242,2004-12-10,41.62179183959961,RSI > 90,37,0.018898964871252533,0.01865188248693006,2089.406580193119,114110.62394238893,0.051766709563961344,0.007723941014087563,0.007723941014087563,0.007723941014087563,0.007723941014087563,0.007723941014087563
AMGN,2013-06-07,68.98764038085938,2.664860947802538,4.9571075439453125,0.3436631380648815,1.365952222896988,Hammer,2013-06-14,69.08538818359375,2013-07-19,72.7857666015625,RSI > 90,5,0.05356238873747121,0.05341377454939635,6095.079134854634,120205.70307724357,0.05376448345473741,0.03375445602286431,0.03375445602286431,0.03375445602286431,0.05376448345473741,0.10843861400571608
AMGN,2021-10-15,178.93267822265625,9.28503343834086,8.109817504882812,0.2176223223609321,1.007464319782207,Hammer,2021-10-22,177.65853881835938,2021-11-12,184.28758239746094,Profit target (+1.5%),3,0.03731339694220481,0.037256060658955814,4478.390960919827,124684.09403816338,0.062483477239172275,0.025344004095153926,0.062483477239172275,0.062483477239172275,0.062483477239172275,0.062483477239172275
AMGN,2025-04-11,275.20281982421875,5.446725704503521,28.426788330078125,0.3710220947321976,1.7576652375086559,Hammer,2025-04-17,275.9630126953125,2025-06-13,281.99383544921875,RSI > 90,8,0.021853735741625746,0.02181710371105086,2720.2458080287834,127404.33984619216,0.032778944826112745,0.032778944826112745,0.032778944826112745,0.032778944826112745,0.032778944826112745,0.032778944826112745
AMLN-201208,2008-02-01,31.809999465942383,2.8342772514935746,4.8300018310546875,0.29606659842862965,1.592873755814849,Hammer,2008-02-08,31.809999465942383,2008-04-11,32.540000915527344,RSI > 90,9,0.022948804207511664,0.02263088045485328,2263.0880432222402,102263.08804322223,0.04275381093479812,0.014460892786678371,0.014460892786678371,0.014460892786678371,0.014460892786678371,0.014460892786678371
AMZN,1999-02-19,2.546875,7.822487960837506,0.6062500476837158,0.2731960121079268,1.0625055677606066,Hammer,1999-02-26,2.543750047683716,1999-03-05,3.174999952316284,Profit target (+1.5%),1,0.2481572060145496,0.24374689279443282,24374.689255068588,124374.6892550686,0.27764125369132875,0.33722354341130095,0.40294843288583904,0.40601968589952014,0.4520884811047363,0.7702703120675368
AMZN,2008-02-08,3.674999952316284,2.068956250837104,0.4720001220703125,0.3347461650987618,1.2214398519630956,Hammer,2008-02-15,3.6570000648498535,2008-04-11,3.868000030517578,Profit target (+1.5%),8,0.05769755589993064,0.05488802897548973,6826.681540823056,131201.37079589165,0.08012031108506204,0.07806940281916763,0.07806940281916763,0.07806940281916763,0.07806940281916763,0.07806940281916763
AMZN,2012-10-26,11.91200065612793,8.420549191064183,0.8015003204345703,0.04429140182334365,1.258210945484172,Hammer,2012-11-02,11.816000938415527,2012-11-30,12.019499778747559,Profit target (+1.5%),4,0.017222310779480887,0.016369074102955634,2147.6449588196647,133349.01575471132,0.015572024963730759,0.010071045341092294,0.010071045341092294,0.015572024963730759,0.06910110795219522,0.08137264199483857
ANSS-202507,2020-03-13,235.4199981689453,5.058023488318952,35.42999267578125,0.3660740587612083,2.031359234440151,Hammer,2020-03-20,226.6300048828125,2020-04-17,234.8800048828125,Profit target (+1.5%),4,0.03640294675131828,0.03635801982249262,3635.80197861346,103635.80197861347,0.11194455531299133,0.0475223438275126,0.048272524404097274,0.11194455531299133,0.1683801916778029,0.18448571088463406
ANSS-202507,2022-05-13,254.57000732421875,1.33203848291744,27.60400390625,0.13599468452054553,1.042676167930401,Hammer,2022-05-20,251.97999572753906,2022-06-03,263.70001220703125,Profit target (+1.5%),2,0.04651169409560918,0.04647108628703332,4816.068291357977,108451.87026997143,0.05290103205441813,0.05290103205441813,0.05940954334993706,0.06004440781236933,0.06004440781236933,0.06004440781236933
APCC-200702,1995-10-06,5.688844203948975,1.4398428784114543,1.1143097877502441,0.26315805239214557,1.1346389121738647,Hammer,1995-10-13,5.74749231338501,1995-10-27,5.982083797454834,Profit target (+1.5%),2,0.04081631975800959,0.039042465740847715,3904.246570180525,103904.24657018052,0.08163263951601897,0.08163263951601897,0.13265299773133893,0.13265299773133893,0.13265299773133893,0.13265299773133893
APCC-200702,1999-03-05,15.80560302734375,4.2856790964626725,3.606843948364258,0.3414634920215227,1.385270989411526,Hammer,1999-03-12,15.95222282409668,1999-05-28,16.773292541503906,Profit target (+1.5%),11,0.0514705521895642,0.050827749060597595,5281.218965718375,109185.4655358989,0.0772058880675081,0.014705940377774581,0.014705940377774581,0.014705940377774581,0.014705940377774581,0.014705940377774581
ASCL-200504,1996-11-15,82.0,1.2384811789385424,17.5,0.3142857142857143,1.3645239860990503,Hammer,1996-11-22,83.0,1996-11-29,89.0,Profit target (+1.5%),1,0.07228915662650603,0.07216432745015361,7216.432737798928,107216.43273779894,0.0783132530120482,0.15060240963855423,0.3313253012048193,0.3313253012048193,0.3313253012048193,0.3313253012048193
ASND-199906,1997-03-21,49.375,7.671085438228573,11.875,0.3684210526315789,1.4503874234909235,Hammer,1997-03-27,48.875,1997-04-04,44.5,Profit target (+1.5%),1,-0.08951406649616367,-0.08970949263502458,-8970.949254531508,91029.0507454685,0.14066496163682865,0.14066496163682865,0.14066496163682865,0.14066496163682865,0.14066496163682865,0.14066496163682865
ASND-199906,1998-09-04,38.75,4.327255226095005,8.0,0.234375,1.5312111484003135,Hammer,1998-09-11,41.25,1998-09-18,47.0,Profit target (+1.5%),1,0.1393939393939394,0.1391346503454126,12665.295134080287,103694.3458795488,0.11818181818181818,0.19393939393939394,0.21363636363636362,0.21363636363636362,0.21363636363636362,0.21363636363636362
ASTA-199708,1994-04-08,21.25,6.250625285370859,4.5,0.3888888888888889,1.577340851015166,Hammer,1994-04-15,21.25,1994-08-19,17.75,RSI > 90,18,-0.16470588235294115,-0.16513761467889912,-16513.76145137615,83486.23854862385,0.0,0.0,0.0,0.0,0.0,0.0
ASTA-199708,1995-10-13,8.875,0.18541266092601916,2.0,0.3125,1.3568365657203691,Hammer,1995-10-20,8.875,1995-10-27,9.5,Profit target (+1.5%),1,0.07042253521126751,0.06925675675675659,5781.986109916612,89268.22465854045,0.07042253521126761,0.11267605633802817,0.15492957746478872,0.15492957746478872,0.15492957746478872,0.15492957746478872
ATML-201604,1995-11-24,6.379974842071533,2.13407074206458,0.9862761497497559,0.34375022662762145,1.1203005505522317,Hammer,1995-12-01,6.441617488861084,1995-12-08,7.119682312011719,Profit target (+1.5%),1,0.10526313062257286,0.10363028740342727,10363.028729979698,110363.02872997969,0.172248739012089,0.172248739012089,0.172248739012089,0.172248739012089,0.172248739012089,0.172248739012089
ATML-201604,1996-07-19,6.441617488861084,1.7325681160387205,1.602698802947998,0.3461536287343768,1.321171416754323,Hammer,1996-07-26,6.410796165466309,1996-08-02,6.472438335418701,Profit target (+1.5%),1,0.009615368881083164,0.00804922236001853,888.3365576843835,111251.36528766408,0.024038459392874988,0.23557694667837512,0.2980769559759168,0.2980769559759168,0.2980769559759168,0.2980769559759168
ATVI-202310,2018-11-02,66.54766845703125,9.542503758509753,6.694309234619141,0.19452461802079124,1.3574347098911634,Hammer,2018-11-09,65.59272003173828,2019-07-05,46.555999755859375,RSI > 90,34,-0.2902261145241062,-0.2903564371850651,-29035.643689470868,70964.35631052913,0.004411814823814123,0.004411814823814123,0.004411814823814123,0.004411814823814123,0.004411814823814123,0.004411814823814123
ATVI-202310,2021-08-06,81.06837463378906,1.5049705460627507,6.250022888183594,0.27301291621246504,1.2701726453622457,Hammer,2021-08-13,80.50287628173828,2021-08-20,82.12069702148438,Profit target (+1.5%),1,0.02009643399676997,0.01997097444378615,1417.2273448800843,72381.5836554092,0.05540277830823605,0.05540277830823605,0.05540277830823605,0.05540277830823605,0.05540277830823605,0.05540277830823605
ATYT-200610,2004-07-30,16.100000381469727,8.78206557949116,1.5500001907348633,0.37419345311891455,1.1294980383595628,Hammer,2004-08-06,15.90999984741211,2004-10-15,16.739999771118164,RSI > 90,10,0.052168443222270655,0.05152371546138557,5152.371540986185,105152.37154098619,0.16467635853934737,0.018227587574396787,0.018227587574396787,0.018227587574396787,0.018227587574396787,0.018227587574396787
AVGO,2020-03-20,16.756256103515625,0.5056916736475472,5.41120719909668,0.369280420270346,2.4414403947554035,Hammer,2020-03-27,16.81409454345703,2020-04-03,20.241403579711914,Profit target (+1.5%),1,0.20383548025121412,0.20318032147481352,20318.032127163322,120318.03212716331,0.26915993188305776,0.31016917159325674,0.38684758130858765,0.3914099236021212,0.3914099236021212,0.436048255399511
AVGO,2021-05-14,39.892059326171875,2.5611209099830177,2.6550140380859375,0.2351665814171346,1.1332612787136211,Hammer,2021-05-21,39.93903350830078,2021-05-28,41.27412796020508,Profit target (+1.5%),1,0.03342831146945047,0.03317377679519846,3991.40353823263,124309.43566539594,0.03881113811582251,0.07346086994394724,0.08201014386360436,0.08201014386360436,0.08201014386360436,0.08201014386360436
AVGO,2025-03-07,192.5049285888672,7.497362141126743,26.116928100585938,0.3440449544548694,1.2526788908015742,Hammer,2025-03-14,187.21241760253906,2025-03-21,185.68194580078125,Profit target (+1.5%),1,-0.008175054952856198,-0.008228250455992445,-1022.8491696751087,123286.58649572083,0.054746810965679536,0.054746810965679536,0.054746810965679536,0.054746810965679536,0.054746810965679536,0.054746810965679536
BB,2005-10-28,20.803333282470703,4.439920935637517,3.8633346557617188,0.056945939274253274,1.787103162417135,Hammer,2005-11-04,20.603334426879883,2005-11-11,21.103334426879883,Profit target (+1.5%),1,0.024267916524602917,0.02377678806303152,2377.6788039254734,102377.67880392548,0.03348975072488347,0.10095452903935825,0.10354310433332244,0.12360451657416752,0.12360451657416752,0.12360451657416752
BBBYQ-202309,1998-09-04,8.173948287963867,1.7850137116965925,1.089859962463379,0.3500005687779412,1.051786253621186,Hammer,1998-09-11,8.827864646911621,1998-09-18,9.808738708496094,Profit target (+1.5%),1,0.11111113511778026,0.10991610314372187,10991.610303380578,110991.61030338057,0.13580247447061783,0.14814814414703661,0.2592592792648169,0.3302468799042249,0.3302468799042249,0.3302468799042249
BCHXQ-200911,1997-07-11,12.4375,6.043821286885233,2.875,0.3695652173913043,1.0949715793759096,Hammer,1997-07-18,12.625,1997-08-01,13.625,Profit target (+1.5%),2,0.07920792079207928,0.07838479809976237,7838.479802137759,107838.47980213775,0.09405940594059406,0.09405940594059406,0.09900990099009901,0.09900990099009901,0.09900990099009901,0.09900990099009901
BEAS-200804,2005-04-08,7.650000095367432,1.126931200720179,0.809999942779541,0.3209873708786697,1.4279131813776988,Hammer,2005-04-15,7.679999828338623,2005-05-20,7.78000020980835,Profit target (+1.5%),5,0.013020883294910135,0.01171117546910647,1171.1175457395293,101171.11754573953,0.04427091627925199,0.04427091627925199,0.04427091627925199,0.04427091627925199,0.04427091627925199,0.1393229421325189
BGEN-200311,1997-03-21,21.4375,4.412928900415835,3.125,0.34,1.5470754324688638,Hammer,1997-03-27,21.75,1997-07-25,18.9375,RSI > 90,17,-0.1293103448275862,-0.1297402895886004,-12974.028945886013,87025.97105411398,0.005747126436781609,0.005747126436781609,0.005747126436781609,0.005747126436781609,0.005747126436781609,0.005747126436781609
BIDU,2018-10-12,204.36000061035156,9.647338221953163,17.649993896484375,0.3665724338857622,1.009266007785926,Hammer,2018-10-19,201.5,2019-11-15,122.69000244140625,RSI > 90,56,-0.3911166131940137,-0.39115653486808627,-39115.653447692974,60884.34655230702,0.02357320099255583,0.011166253101736972,0.02357320099255583,0.02357320099255583,0.02357320099255583,0.02357320099255583
BIIB,2005-03-18,35.24131774902344,7.565929298925994,5.158166885375977,0.2928576578975101,1.0129932281611218,Hammer,2005-03-24,34.9834098815918,2005-04-01,35.92293167114258,Profit target (+1.5%),1,0.026856209635675254,0.0265665628331348,2656.6562806568236,102656.65628065683,0.035808315861912694,0.035808315861912694,0.035808315861912694,0.035808315861912694,0.035808315861912694,0.035808315861912694
BIIB,2011-08-12,83.8017578125,4.425747749524547,9.247848510742188,0.287848538197922,1.6295014162591512,Hammer,2011-08-19,84.13334655761719,2011-09-23,91.77848815917969,RSI > 90,5,0.09086933914279594,0.09074508727520597,9315.587224253439,111972.24350491025,0.11681641013587273,0.025071171902020455,0.045215762810262246,0.045215762810262246,0.11681641013587273,0.11681641013587273
BKNG,2025-03-14,176.81613159179688,5.323470899782663,12.0279541015625,0.3874057422386409,1.1269479178468327,Hammer,2025-03-21,177.1586456298828,2025-03-28,185.0798797607422,Profit target (+1.5%),1,0.04471265911237721,0.0446549522207674,4465.495217611246,104465.49521761126,0.03990941122897325,0.07447476023165354,0.07447476023165354,0.07447476023165354,0.07447476023165354,0.09035949124003931
BKR,2025-03-14,41.8494873046875,4.028435242585303,2.569580078125,0.1653726247030879,1.0087538483400542,Hammer,2025-03-21,42.103477478027344,2025-03-28,43.7641716003418,Profit target (+1.5%),1,0.03944315818523836,0.03920099279713452,3920.0992757933536,103920.09927579334,0.0457076240711617,0.052436158023783985,0.052436158023783985,0.052436158023783985,0.052436158023783985,0.052436158023783985
BMC-201309,1998-09-04,46.875,9.636716809310087,11.0,0.32954545454545453,2.1253431815670525,Hammer,1998-09-11,49.75,1998-09-18,52.0,Profit target (+1.5%),1,0.045226130653266416,0.04502060094462863,4502.060089960803,104502.0600899608,0.05778894472361809,0.09798994974874371,0.19597989949748743,0.21105527638190955,0.21105527638190955,0.21105527638190955
BMC-201309,2000-10-06,17.625,9.472193225494877,6.25,0.26,1.1379328881998416,Hammer,2000-10-13,17.6875,2000-11-03,17.9375,Profit target (+1.5%),3,0.014134275618374659,0.013565069944891896,1417.5777530880364,105919.63784304883,0.07773851590106007,0.024734982332155476,0.07773851590106007,0.24381625441696114,0.2738487863709143,0.2738487863709143
BMET-200709,2000-03-10,13.328668594360352,2.7192947057284726,2.1411514282226562,0.2,1.2226410317226741,Hammer,2000-03-17,13.275139808654785,2000-03-24,16.058637619018555,Profit target (+1.5%),1,0.2096774761309148,0.20884552800839165,20884.55277995461,120884.5527799546,0.2741936005283911,0.2741936005283911,0.2741936005283911,0.2741936005283911,0.2741936005283911,0.2741936005283911
BMET-200709,2001-11-23,27.7775821685791,6.943775744724448,2.5719985961914062,0.2188676334922297,1.0072886646307766,Hammer,2001-11-30,27.884342193603516,2001-12-28,29.602243423461914,Profit target (+1.5%),4,0.06160809596765282,0.06123849096197424,7402.78758545476,128287.34036540936,0.06508880718025455,0.038287549730064645,0.038287549730064645,0.06508880718025455,0.11347025526173189,0.11347025526173189
BMET-200709,2003-05-23,27.705114364624023,7.834020122174792,2.0854358673095703,0.21028033536710844,1.1495708298399687,Hammer,2003-05-30,27.714860916137695,2003-06-20,29.439729690551758,Profit target (+1.5%),3,0.06223624140252171,0.06186426330211909,7936.401794757854,136223.7421601672,0.07805902163913885,0.039732717968580585,0.07805902163913885,0.08825593822237794,0.08825593822237794,0.08825593822237794
BMRN,2019-08-16,76.5,2.9082859253118585,5.5402984619140625,0.11376549551211962,1.0088287131636593,Hammer,2019-08-23,77.41000366210938,2019-11-08,74.33000183105469,RSI > 90,11,-0.03978816283872988,-0.039914766968706855,-3991.4766928792087,96008.52330712078,0.017181167016417045,0.017181167016417045,0.017181167016417045,0.017181167016417045,0.017181167016417045,0.017181167016417045
BRCM-201601,2008-09-19,19.904273986816406,4.722763293897984,3.638416290283203,0.29155976846031983,1.4079667339957473,Hammer,2008-09-26,19.829832077026367,2009-03-20,17.782642364501953,RSI > 90,25,-0.10323787435881326,-0.10371601355310427,-10371.601344938827,89628.39865506117,0.0,0.0,0.0,0.0,0.0,0.0
BRCM-201601,2013-08-16,25.042625427246094,2.3784246574417267,3.402162551879883,0.31249982480365396,1.6972840273354215,Hammer,2013-08-23,25.013629913330078,2013-09-13,25.84320831298828,Profit target (+1.5%),3,0.03316505451358376,0.03275872429854872,2936.1119979254527,92564.51065298662,0.04868973260275427,0.0003863707728925255,0.04868973260275427,0.05722824454989978,0.09565173894298656,0.09565173894298656
BRCM-201601,2014-10-17,35.25455856323242,2.7565724185556064,1.9908905029296875,0.37128760298907837,1.1146799933463694,Hammer,2014-10-24,35.23484802246094,2014-10-31,39.108219146728516,Profit target (+1.5%),1,0.10993012150353088,0.10963075441770263,10147.917125044478,102712.4277780311,0.1379020904219776,0.18545463246015526,0.18545463246015526,0.1882517643930605,0.19538468900474676,0.2160301556719331
CA-201811,2011-08-12,15.948473930358887,7.839841212000167,1.211573600769043,0.24183050265776782,1.2639341496760497,Hammer,2011-08-19,16.027860641479492,2011-09-23,16.61530876159668,Profit target (+1.5%),5,0.036651686289116636,0.036016537100262654,3601.653706424612,103601.65370642461,0.06537878657156815,0.01981170302080811,0.05398707518491434,0.05398707518491434,0.06537878657156815,0.07033177182780638
CA-201811,2018-10-12,43.70000076293945,8.830992947419361,3.05999755859375,0.130718310561484,2.8752903925375857,Hammer,2018-10-19,44.0,2018-11-02,44.439998626708984,End of data,2,0.009999968788840574,0.00977158565410714,1012.352432087122,104614.00613851173,0.010681845925071022,0.0018182234330610795,0.010681845925071022,0.010681845925071022,0.010681845925071022,0.010681845925071022
CBB-199801,1994-12-09,38.0937385559082,3.1026228103141165,3.516345977783203,0.3888894313123719,1.457055556908631,Hammer,1994-12-16,37.89838790893555,1994-12-23,41.51240921020508,Profit target (+1.5%),1,0.0953608187755508,0.09508441065818021,9508.44105630958,109508.44105630957,0.09793811371804363,0.14432982530661054,0.19072163755110175,0.19072163755110175,0.19072163755110175,0.19072163755110175
CBB-199801,1995-09-29,39.68574142456055,6.898977449008058,5.58392333984375,0.39285704526326143,2.186861978464987,Hammer,1995-10-06,39.68574142456055,1995-11-17,41.60565185546875,RSI > 90,6,0.048377839546170476,0.04811979727157104,5269.523977885881,114777.96503419545,0.08383016710243854,0.00502509809553223,0.00502509809553223,0.00502509809553223,0.00502509809553223,0.08383016710243854
CBRL,1994-11-25,9.188430786132812,5.297227655049767,1.0881032943725586,0.33333362548522777,1.180883395663106,Hammer,1994-12-02,9.309330940246582,1995-01-27,9.553750038146973,RSI > 90,8,0.026255280800439262,0.025167572357503658,2516.7572332336085,102516.75723323361,0.10419871206810483,0.01298708882132442,0.026255280800439193,0.026255280800439193,0.026255280800439193,0.026255280800439193
CBRL,1996-07-19,10.596247673034668,3.237941503326425,1.271550178527832,0.04761958333989592,1.687658578094204,Hammer,1996-07-26,10.596247673034668,1996-08-16,11.020097732543945,Profit target (+1.5%),3,0.04000001440018153,0.03903786349242136,4002.035170554639,106518.79240378825,0.08000002880036318,0.022857228229647975,0.08000002880036318,0.08000002880036318,0.08000002880036318,0.0857142908572077
CCEP,2024-04-19,63.35140609741211,4.925728835107677,2.4841766357421875,0.38113087596665907,1.0840271215630135,Hammer,2024-04-26,63.557640075683594,2024-05-03,67.3542251586914,Profit target (+1.5%),1,0.05973451938251473,0.05957249539193386,5957.249533236136,105957.24953323614,0.0626843573719001,0.06710911435597824,0.10494084058738916,0.12469589623926267,0.12469589623926267,0.12469589623926267
CDNS,2020-03-13,62.470001220703125,6.390337177224694,8.669998168945312,0.28719704609492835,1.7836976203525663,Hammer,2020-03-20,55.7599983215332,2020-04-03,62.68000030517578,Profit target (+1.5%),2,0.1241033391668922,0.12391288786203261,12391.288773811972,112391.28877381198,0.2037303580882975,0.2037303580882975,0.21000723191642912,0.30434012816042305,0.4429698978918529,0.4603659030909516
CDNS,2026-02-06,283.5199890136719,5.2082209211666,33.59100341796875,0.38165002589237856,1.506461934676149,Hammer,2026-02-13,283.489990234375,2026-02-20,294.7749938964844,Profit target (+1.5%),1,0.039807414903007654,0.03977143882785354,4469.963261781322,116861.25203559331,0.06733922535362886,0.09950976381682347,0.09950976381682347,0.09950976381682347,0.09950976381682347,0.09950976381682347
CDW,2020-03-13,93.44149780273438,2.452700177155762,13.162979125976562,0.2957245646838981,1.7328115804707769,Hammer,2020-03-20,81.22860717773438,2020-04-03,84.87218475341797,Profit target (+1.5%),2,0.044855842076808816,0.044729979400441204,4472.997935571122,104472.99793557113,0.15716559235285432,0.15716559235285432,0.15716559235285432,0.22422210400199272,0.23813304960478252,0.23813304960478252
CELG-201911,2007-12-21,24.0,0.8937216182587662,4.880001068115234,0.30942620868421894,1.9423233199972019,Hammer,2007-12-28,23.6200008392334,2008-01-11,26.165000915527344,Profit target (+1.5%),2,0.107747670866575,0.107301586719275,10730.158661197343,110730.15866119733,0.06689245840675993,0.06689245840675993,0.17104144219453937,0.18543602900687944,0.18543602900687944,0.2698983816042449
CELG-201911,2010-04-23,29.905000686645508,6.268743801308133,2.104999542236328,0.33254109634966916,1.3439618213835407,Hammer,2010-04-30,30.200000762939453,2010-05-07,30.875,Profit target (+1.5%),1,0.022350967549937373,0.022016196664907128,2437.856947383433,113168.01560858077,0.05082780823289964,0.05082780823289964,0.05082780823289964,0.05082780823289964,0.05082780823289964,0.05082780823289964
CELG-201911,2010-12-10,28.729999542236328,6.5679356675245515,2.0749988555908203,0.2240965826728082,1.3278157583778263,Hammer,2010-12-17,28.790000915527344,2010-12-23,29.770000457763672,Profit target (+1.5%),1,0.03403958009976238,0.033686386921185,3812.221557081134,116980.23716566189,0.030566138686435075,0.037165670746718685,0.049496324826165616,0.05765890220992733,0.05765890220992733,0.05765890220992733
CELG-201911,2011-08-12,27.21500015258789,3.77558414789101,1.6000003814697266,0.24687522724265404,1.0627954509198567,Hammer,2011-08-19,27.334999084472656,2011-09-02,28.924999237060547,Profit target (+1.5%),2,0.05816719245807733,0.05779079025226542,6760.380342940651,123740.61750860253,0.05963055140693743,0.05963055140693743,0.10517651714988027,0.1309676952975743,0.1309676952975743,0.20468269281491594
CELG-201911,2014-10-17,88.12000274658203,8.20783295435848,7.7299957275390625,0.3583438776295764,1.567614000040135,Hammer,2014-10-24,88.83999633789062,2014-10-31,102.9000015258789,Profit target (+1.5%),1,0.1582621090450409,0.15814064682443146,19568.421271696556,143309.03878029907,0.16287710284980741,0.2297389070625662,0.2297389070625662,0.2297389070625662,0.2297389070625662,0.28883391174978335
CEPH-201110,2002-07-05,41.93000030517578,0.7837521775223877,8.0,0.3737497329711914,1.2068139674286775,Hammer,2002-07-12,41.689998626708984,2002-07-26,42.5099983215332,Profit target (+1.5%),2,0.019668978695981165,0.019426783103557964,1942.6783084131184,101942.67830841313,0.1081794743293924,0.1081794743293924,0.1081794743293924,0.15495330083871187,0.15615261095402846,0.15615261095402846
CHIR-200604,1995-10-13,22.125,9.247919373399853,1.65625,0.20754716981132076,1.0052936369511019,Hammer,1995-10-20,22.0625,1995-11-17,22.875,Profit target (+1.5%),4,0.03682719546742219,0.036365696159510644,3636.5696123144953,103636.56961231449,0.06515580736543909,0.036827195467422094,0.056657223796033995,0.06515580736543909,0.0708215297450425,0.0708215297450425
CHIR-200604,1999-01-29,22.75,9.036236520772121,2.25,0.19444444444444445,1.156015213333573,Hammer,1999-02-05,23.125,1999-07-16,22.125,RSI > 90,23,-0.043243243243243246,-0.04366623432771288,-4525.418729086234,99111.15088322824,0.03513513513513514,0.02972972972972973,0.02972972972972973,0.02972972972972973,0.02972972972972973,0.02972972972972973
CHKP,2012-07-13,46.040000915527344,4.530258425165215,4.259998321533203,0.3286380898567518,1.2958947443401352,Hammer,2012-07-20,45.68000030517578,2012-07-27,48.45000076293945,Profit target (+1.5%),1,0.060639239038048354,0.06041371214461798,6041.371208420427,106041.37120842042,0.1044220758733928,0.10464095331355058,0.10464095331355058,0.13572681089139488,0.13572681089139488,0.13572681089139488
CHKP,2013-04-05,46.2599983215332,0.9590780017507115,2.75,0.3272732821377841,1.1737360613315382,Hammer,2013-04-12,46.099998474121094,2013-05-10,47.470001220703125,Profit target (+1.5%),4,0.029718064900828622,0.02949794581048314,3128.00261844731,109169.37382686771,0.05141003958844959,0.05141003958844959,0.05141003958844959,0.05141003958844959,0.05141003958844959,0.09479398896369153
CHKP,2016-01-22,75.43000030517578,5.6884882234956535,5.910003662109375,0.35871428645195935,1.3251679025704945,Hammer,2016-01-29,75.41000366210938,2016-02-05,79.55000305175781,Profit target (+1.5%),1,0.05489986989257534,0.054763630432911596,5978.511236868444,115147.88506373615,0.06020412499215916,0.07346496508548038,0.07346496508548038,0.08473676010254812,0.1222648606757897,0.13406700026507112
CHKP,2020-03-13,93.66999816894531,1.0220567771245186,15.810005187988281,0.18026598154951456,2.569960857023536,Hammer,2020-03-20,85.2300033569336,2020-03-27,89.4000015258789,Profit target (+1.5%),1,0.048926410943360255,0.04880621816279791,5619.932793785554,120767.8178575217,0.19312446833470187,0.19312446833470187,0.20497469087436546,0.27185260185796295,0.27185260185796295,0.27185260185796295
CHRS-201206,1995-05-19,4.479230880737305,3.631652234063978,0.6221153736114502,0.1999999233522947,1.0890119485598024,Hammer,1995-05-26,4.479230880737305,1995-06-23,5.101346015930176,Profit target (+1.5%),4,0.13888882974714356,0.13650392931869415,13650.392918219022,113650.39291821902,0.22222223405057132,0.0,0.0,0.22222223405057132,0.22222223405057132,0.2278893735200074
CHTR,2020-03-13,454.19000244140625,5.2302327723259765,64.95999145507812,0.3760775229269443,2.4650939767543605,Hammer,2020-03-20,414.9800109863281,2020-04-03,440.739990234375,Profit target (+1.5%),2,0.062075229085903016,0.06205038390867389,6205.03838466235,106205.03838466234,0.10978841474871609,0.10978841474871609,0.10978841474871609,0.14739258857786017,0.2268542619850692,0.2268542619850692
CHTRQ-200911,2002-02-08,11.25,2.1067556936518628,2.5,0.31199989318847654,1.329689737654533,Hammer,2002-02-15,11.5600004196167,2002-03-15,13.039999961853027,RSI > 90,4,0.12802763741468803,0.12710760820578063,12710.7608078673,112710.76080786731,0.14965393420752926,0.016435949263538235,0.016435949263538235,0.14965393420752926,0.19204145612203202,0.19377159946439143
CIEN,2003-03-14,34.15999984741211,6.474849364992664,7.489999771118164,0.3831774391972125,1.034280280705385,Hammer,2003-03-21,32.970001220703125,2003-03-28,34.29999923706055,Profit target (+1.5%),1,0.04033964110144672,0.04003026436671266,4003.02643266824,104003.02643266825,0.12526542053998618,0.12526542053998618,0.12526542053998618,0.12526542053998618,0.12526542053998618,0.12526542053998618
CMCSA,2007-08-17,7.950582027435303,6.1982793561123515,0.5163941383361816,0.39024356461059856,1.1033697281788688,Hammer,2007-08-24,7.922243118286133,2007-09-07,8.233968734741211,Profit target (+1.5%),2,0.039348150744774824,0.038061859836122994,3806.185979806113,103806.18597980612,0.044117700167351344,0.044117700167351344,0.04451519271406514,0.04451519271406514,0.04451519271406514,0.04451519271406514
CMCSA,2020-03-13,30.76654815673828,5.441430324037725,4.130369186401367,0.2935608955517494,1.9765422812305062,Hammer,2020-03-20,27.097715377807617,2020-04-17,29.486980438232422,Profit target (+1.5%),4,0.08817219559334344,0.08778696257028946,9112.829754060916,112919.01573386703,0.1348153062780922,0.1348153062780922,0.1348153062780922,0.1348153062780922,0.1348153062780922,0.1348153062780922
CMCSK-201512,1998-09-04,11.475393295288086,8.05892197780554,2.77085018157959,0.36184896850639503,2.2967365927744994,Hammer,1998-09-11,11.727995872497559,1998-09-25,12.449719429016113,Profit target (+1.5%),2,0.0615385240892703,0.060660002292070365,6066.000223141036,106066.00022314105,0.10461537710928755,0.10461537710928755,0.17230773734427468,0.18769232770856653,0.1907692457814249,0.1907692457814249
CMCSK-201512,2001-07-27,21.363046646118164,6.830375288523314,1.9126758575439453,0.11480235701685193,1.0679429564992562,Hammer,2001-08-03,21.524843215942383,2001-08-10,22.01601219177246,Profit target (+1.5%),1,0.02281870166962663,0.022348930784306952,2370.461695184804,108436.46191832586,0.053691302524355534,0.053691302524355534,0.053691302524355534,0.053691302524355534,0.053691302524355534,0.053691302524355534
CMCSK-201512,2002-06-28,13.775899887084961,6.060954431863237,2.9759178161621094,0.3417475410802711,1.7818407196344066,Hammer,2002-07-05,13.758563995361328,2002-08-30,13.983924865722656,RSI > 90,8,0.01637967962625364,0.015647173249160557,1696.724104465322,110133.1860227912,0.05669887501819518,0.028559427181168513,0.028559427181168513,0.028559427181168513,0.028559427181168513,0.028559427181168513
CMVT-201302,2000-04-07,48.62025833129883,8.132223402688922,11.848636627197266,0.29885072643734856,1.4144526845268892,Hammer,2000-04-14,49.5735969543457,2000-06-09,50.52693557739258,RSI > 90,8,0.01923077367020265,0.01902713430788583,1902.7134288858692,101902.71342888588,0.06318687174505543,0.03571434892336308,0.03571434892336308,0.03571434892336308,0.03571434892336308,0.03571434892336308
CNTO-199910,1994-04-15,9.875,7.383460548844965,1.625,0.38461538461538464,1.1201481184241,Hammer,1994-04-22,9.75,1994-05-13,10.25,Profit target (+1.5%),3,0.05128205128205132,0.050230650948231696,5023.065089800104,105023.06508980009,0.15384615384615385,0.02564102564102564,0.15384615384615385,0.2564102564102564,0.32051282051282054,0.47435897435897434
CNTO-199910,1997-03-21,33.5,5.5642006083721895,6.5,0.07692307692307693,1.5649530807034746,Hammer,1997-03-27,33.625,1997-04-11,36.375,Profit target (+1.5%),2,0.08178438661710041,0.08147487362473975,8556.74094731754,113579.80603711764,0.137546468401487,0.022304832713754646,0.137546468401487,0.137546468401487,0.137546468401487,0.137546468401487
COMS-201004,1995-12-08,7.577023983001709,3.3232975688875825,1.1411185264587402,0.2600001086457351,1.354059142619325,Hammer,1995-12-15,7.622668743133545,1995-12-29,8.101938247680664,Profit target (+1.5%),2,0.06287424007226372,0.06152200893222544,6152.200887070343,106152.20088707034,0.08083832653723798,0.08083832653723798,0.11976051387801559,0.15269454728684256,0.15269454728684256,0.15269454728684256
COMS-201004,1997-01-31,12.255608558654785,2.2842388890913696,1.7116765975952148,0.2666664066595982,1.5331190115152298,Hammer,1997-02-07,12.255608558654785,1997-05-30,8.101938247680664,RSI > 90,16,-0.3389199557977757,-0.3395973610163893,-36049.0072512817,70103.19363578866,0.0,0.0,0.0,0.0,0.0,0.0
COMS-201004,2000-04-07,9.3115234375,2.929664596674769,3.332064628601074,0.3493150822156069,1.5548612371490236,Hammer,2000-04-14,9.471280097961426,2000-07-07,10.372763633728027,RSI > 90,12,0.09518074921684927,0.09407526229183345,6594.976322187033,76698.16995797568,0.12048192407140333,0.063855422778579,0.063855422778579,0.063855422778579,0.063855422778579,0.063855422778579
COST,1995-03-10,4.330296993255615,7.7855056868040435,0.45801210403442383,0.27272698879045854,1.2422218640902136,Hammer,1995-03-17,4.330296993255615,1995-03-24,4.413571834564209,Profit target (+1.5%),1,0.019230745936893667,0.01690191961994459,1690.191960304267,101690.19196030428,0.02884611890534066,0.11538458573786481,0.16346145058009923,0.16346145058009923,0.182692196516993,0.182692196516993
COST,2006-08-04,35.337806701660156,7.748290093606016,1.9859619140625,0.3848807548097609,1.245221074492744,Hammer,2006-08-11,35.38557815551758,2006-10-20,36.17723083496094,RSI > 90,10,0.022372184395690553,0.02208646256098236,2245.976615304393,103936.16857560868,0.048215972265119124,0.014272027832335448,0.014272027832335448,0.014272027832335448,0.014272027832335448,0.014272027832335448
CPRT,2026-02-20,36.47999954223633,3.4774531597602873,4.259998321533203,0.3732396194972299,1.8336712560019384,Hammer,2026-02-27,36.41999816894531,2026-03-06,37.630001068115234,Profit target (+1.5%),1,0.03322358484360577,0.03294448756329669,3294.4487530352208,103294.44875303522,0.046677672938188496,0.06644706494538133,0.06644706494538133,0.06644706494538133,0.06644706494538133,0.06644706494538133
CPWR-201412,1994-11-25,3.962981939315796,2.2902528110590765,0.4812195301055908,0.11764726283095213,1.0382708548472843,Hammer,1994-12-02,3.991288900375366,1994-12-09,4.1894378662109375,Profit target (+1.5%),1,0.049645357873477014,0.04708092195684321,4708.092190976229,104708.09219097624,0.06382972877026075,0.09929077548168745,0.09929077548168745,0.09929077548168745,0.09929077548168745,0.09929077548168745
CPWR-201412,1995-07-21,2.717473268508911,8.017054632066959,0.4529120922088623,0.37499993419843963,1.037784433583706,Hammer,1995-07-28,2.7457802295684814,1995-08-04,2.8307013511657715,Profit target (+1.5%),1,0.03092786548712101,0.02723631673368654,2851.8627606416158,107559.95495161787,0.0412371250391933,0.05154638459126566,0.05154638459126566,0.05154638459126566,0.05154638459126566,0.05154638459126566
CPWR-201412,1995-10-06,2.37778902053833,2.922663363356648,0.3821446895599365,0.3333333333333333,1.212751192905076,Hammer,1995-10-13,2.3494820594787598,1995-11-03,2.4910171031951904,Profit target (+1.5%),3,0.06024095529711371,0.05586580844262207,6008.92383341522,113568.87878503308,0.144578353599321,0.0,0.144578353599321,0.15662652436332772,0.15662652436332772,0.15662652436332772
CRUS,1995-10-20,44.5,5.121669759103128,8.25,0.3787878787878788,1.3240240792153803,Hammer,1995-10-27,43.75,1996-02-16,24.0,RSI > 90,16,-0.4514285714285714,-0.4516055307964803,-45160.553034487486,54839.44696551251,0.14857142857142858,0.14857142857142858,0.14857142857142858,0.14857142857142858,0.14857142857142858,0.14857142857142858
CRWD,2022-05-13,156.2899932861328,4.186811166012802,30.600006103515625,0.1408500639771976,1.0851915404737267,Hammer,2022-05-20,154.0,2022-06-03,167.57000732421875,Profit target (+1.5%),2,0.08811693067674509,0.08804913687359983,8804.913678555069,108804.91367855508,0.08675325071656859,0.08675325071656859,0.14649349064021916,0.18110389214057426,0.18110389214057426,0.22519475763494318
CSCO,1996-07-26,3.6736538410186768,4.811285454765127,0.4916081428527832,0.03636356582154597,1.4311433160308569,Hammer,1996-08-02,3.6825921535491943,1996-08-09,4.040125370025635,Profit target (+1.5%),1,0.09708737801221301,0.09424394076279567,9424.394066855173,109424.39406685517,0.09708737801221307,0.15291263817330036,0.15291263817330036,0.15291263817330036,0.15291263817330036,0.15291263817330036
CSCO,2012-07-27,10.332605361938477,4.6271115615279825,0.7836704254150391,0.3865550820334462,1.317811977304085,Hammer,2012-08-03,10.345776557922363,2012-08-10,10.859443664550781,Profit target (+1.5%),1,0.04964993239053417,0.04865983762763365,5324.5732424707985,114748.96730932596,0.04646732359709091,0.1323998811614651,0.22406115299004925,0.23424566705317768,0.23424566705317768,0.25716107719038495
CSCO,2022-01-28,49.15143966674805,6.01004952591245,3.142120361328125,0.3909975621837395,1.2706743705233186,Hammer,2022-02-04,48.99234390258789,2022-02-25,50.31813430786133,Profit target (+1.5%),3,0.027061175270763238,0.026854321080942153,3081.5056087496687,117830.47291807564,0.040772093916327815,0.017138765101651486,0.040772093916327815,0.040772093916327815,0.040772093916327815,0.040772093916327815
CTAS,1996-07-26,3.0596163272857666,2.4859470727335236,0.13498306274414062,0.22222163346050586,1.0672467458939112,Hammer,1996-08-02,3.0146219730377197,1996-08-23,3.284588098526001,Profit target (+1.5%),3,0.08955223172351734,0.08609227506274798,8609.227497665572,108609.22749766556,0.09452738207062013,0.02985074390783915,0.09452738207062013,0.09452738207062013,0.10447760367743703,0.10447760367743703
CTAS,1999-04-09,7.778587341308594,0.4712772514097452,0.6760692596435547,0.39325866471061205,1.1297921368000445,Hammer,1999-04-16,7.702624797821045,1999-04-30,8.203978538513184,Profit target (+1.5%),2,0.06508868779821175,0.06374904767432955,6923.734814697051,115532.96231236262,0.0749506533383477,0.0749506533383477,0.10848118760088711,0.11242594905462104,0.1282051186811588,0.1282051186811588
CTAS,1999-12-17,5.6820149421691895,8.697477670267276,1.2154045104980469,0.2250000784655897,1.876517703076245,Hammer,1999-12-23,5.719996452331543,1999-12-31,6.198561668395996,Profit target (+1.5%),1,0.08366529945475465,0.08184550330570535,9455.853439398554,124988.81575176117,0.11553779845481323,0.11553779845481323,0.16865865790930784,0.16865865790930784,0.18193891445452712,0.18193891445452712
CTAS,2022-05-13,90.60113525390625,2.99044358968969,4.889030456542969,0.27553974235933926,1.014133015968644,Hammer,2022-05-20,90.20352172851562,2022-06-03,94.83755493164062,Profit target (+1.5%),2,0.05137308515594308,0.05125938342101562,6406.849623551352,131395.66537531253,0.06192559753081157,0.06192559753081157,0.06905863375227393,0.08329772524358132,0.08329772524358132,0.08329772524358132
CTSH,2008-09-19,11.636209487915039,3.0037656516258124,1.813094139099121,0.29468584295856176,1.3872362230461537,Hammer,2008-09-26,11.618691444396973,2009-01-16,8.947224617004395,RSI > 90,16,-0.22992837361911977,-0.23068978045568636,-23068.978022499665,76931.02197750032,0.010177146487001113,0.010177146487001113,0.010177146487001113,0.010177146487001113,0.010177146487001113,0.010177146487001113
CTSH,2011-03-18,32.49116897583008,8.701136555622625,2.526945114135742,0.36568449036001893,1.5829784578395316,Hammer,2011-03-25,32.885318756103516,2011-04-01,35.17139434814453,Profit target (+1.5%),1,0.06951660128326176,0.06920199250482004,5323.780000951343,82254.80197845165,0.08096951415368307,0.10347583586416352,0.10347583586416352,0.10347583586416352,0.10440812793501772,0.1084032842386496
CTSH,2011-08-12,28.291271209716797,2.3889891185809233,3.1838645935058594,0.32599795598294334,1.4673266865272079,Hammer,2011-08-19,28.16426658630371,2011-10-14,29.272268295288086,Profit target (+1.5%),8,0.03934069099896953,0.03897871127103589,3206.186173768112,85460.98815221977,0.06546415807953672,0.00932996446543715,0.00932996446543715,0.00932996446543715,0.02285810141778646,0.02285810141778646
CTSH,2012-05-11,26.841672897338867,5.4215978133869385,2.5882568359375,0.10321505211526671,1.2819649484074709,Hammer,2012-05-18,26.491317749023438,2012-08-17,28.295652389526367,RSI > 90,13,0.06811041480069235,0.06772015106020011,5787.431021634864,91248.41917385462,0.0824930088961976,0.025624087412557204,0.025624087412557204,0.025624087412557204,0.025624087412557204,0.025624087412557204
CTSH,2026-02-27,63.97886657714844,0.7641896363977878,5.009674072265625,0.16451933210280403,1.0228097493890371,Hammer,2026-03-06,62.71775817871094,2026-03-13,65.54780578613281,Profit target (+1.5%),1,0.045123545381800856,0.04496051655424557,4102.576056712254,95350.99523056688,0.060481413512637,0.060481413512637,0.060481413512637,0.060481413512637,0.060481413512637,0.060481413512637
CTXS-202209,2008-01-25,25.657758712768555,1.3716092552486288,4.420064926147461,0.39378230740053344,2.0404897246629794,Hammer,2008-02-01,25.657758712768555,2008-02-08,26.42115592956543,Profit target (+1.5%),1,0.029753074901938792,0.029357608245836095,2935.7608216478484,102935.76082164785,0.05028265198142589,0.05296038411974973,0.09491218999624965,0.11216903290984166,0.11216903290984166,0.11216903290984166
CTXS-202209,2008-07-18,21.23769187927246,1.4045223529599014,1.9329204559326172,0.34834178173231484,1.0208836733819806,Hammer,2008-07-25,21.153718948364258,2008-08-15,23.1385498046875,Profit target (+1.5%),3,0.09382893197967546,0.09333414093464826,9607.420798135503,112543.18161978337,0.10898585573187339,0.01118727042016778,0.10898585573187339,0.1609526446667961,0.1609526446667961,0.1609526446667961
CTXS-202209,2011-08-12,46.3763427734375,1.7471665757260126,4.962078094482422,0.38769229823052187,1.0594948808439797,Hammer,2011-08-19,46.67406463623047,2011-10-21,47.91840362548828,RSI > 90,9,0.026660180529721966,0.02644309604052715,2975.990157302431,115519.1717770858,0.058717765264284745,0.023879625275207216,0.023879625275207216,0.023879625275207216,0.023879625275207216,0.023879625275207216
CTXS-202209,2016-07-01,61.34654998779297,7.346077269882514,3.6032333374023438,0.29237448733068944,1.1151998889412533,Hammer,2016-07-08,61.14042663574219,2016-07-15,64.0871353149414,Profit target (+1.5%),1,0.04819574938125459,0.04802826377668254,5548.185247825593,121067.3570249114,0.04644776421866386,0.0648021075649773,0.08752653860254526,0.11749285419971904,0.11749285419971904,0.11749285419971904
DELL-201310,1996-01-19,0.7935671806335449,4.43537308953421,0.1721891164779663,0.3913046488330667,1.1674586324352976,Hammer,1996-01-26,0.8010537028312683,1996-02-02,0.8422293663024902,Profit target (+1.5%),1,0.05140187646057859,0.038676906218180325,3867.6906179503426,103867.69061795034,0.03738314905869295,0.10280375292115727,0.25700938230289316,0.275700919628339,0.39252339995138197,0.39252339995138197
DELL-201310,2011-08-12,14.249472618103027,3.162706974761875,1.5140666961669922,0.3481016166398129,1.5795939343826069,Hammer,2011-08-19,14.393213272094727,2011-10-14,14.843599319458008,Profit target (+1.5%),8,0.031291556572463186,0.030586159479717958,3176.91374685372,107044.60436480406,0.06258317940353733,0.06258317940353733,0.06258317940353733,0.06258317940353733,0.06258317940353733,0.06258317940353733
DIGI-199809,1995-10-13,41.0,7.391750702993406,7.0,0.375,1.1466626830627042,Hammer,1995-10-20,41.375,1996-02-23,35.375,RSI > 90,18,-0.14501510574018128,-0.14523924601256652,-14523.92458673273,85476.07541326726,0.10876132930513595,0.10876132930513595,0.10876132930513595,0.10876132930513595,0.10876132930513595,0.10876132930513595
DIGI-199809,1998-01-30,20.0,7.424586160724559,4.5,0.3333333333333333,1.5603551449098416,Hammer,1998-02-06,20.5,1998-06-12,29.375,RSI > 90,18,0.4329268292682926,0.4323335771762984,36954.1774094547,122430.25282272197,0.4817073170731707,0.003048780487804878,0.003048780487804878,0.021341463414634148,0.021341463414634148,0.021341463414634148
DISH-202312,2002-06-28,13.172439575195312,1.4222113592222883,4.535122871398926,0.1940532709932517,2.3822489599546244,Hammer,2002-07-05,13.030495643615723,2002-08-23,13.122758865356445,RSI > 90,7,0.007080561190005552,0.006310709158267491,631.0709151956783,100631.07091519567,0.043028324074456954,0.043028324074456954,0.043028324074456954,0.043028324074456954,0.043028324074456954,0.043028324074456954
DISH-202312,2016-02-12,43.1375846862793,0.21743372052806365,6.657886505126953,0.33211121137896954,1.877701243776693,Hammer,2016-02-19,43.7750358581543,2016-03-04,46.74317169189453,Profit target (+1.5%),2,0.06780430388128034,0.0675681455201291,6799.454836644918,107430.5257518406,0.08805455653124002,0.08805455653124002,0.14061437533610047,0.1456199686232148,0.1456199686232148,0.1456199686232148
DLTR,2012-08-17,48.900001525878906,3.5703176367586025,12.369998931884766,0.15117211749021886,3.7417101133525117,Hammer,2012-08-24,48.86000061035156,2013-03-08,45.849998474121094,RSI > 90,28,-0.061604627479123764,-0.06180296937499083,-6180.296931318786,93819.7030686812,0.01453129503895738,0.012279952243675925,0.012279952243675925,0.012279952243675925,0.01453129503895738,0.01453129503895738
DLTR,2016-10-07,77.97000122070312,0.12652457500755077,5.370002746582031,0.3575413755919171,1.2913208882339702,Hammer,2016-10-14,78.08999633789062,2016-11-25,81.97000122070312,RSI > 90,6,0.049686324302333995,0.049555093978982896,4649.244197999522,98468.94726668074,0.0518632762413472,0.009092159651218729,0.009092159651218729,0.009092159651218729,0.009092159651218729,0.0518632762413472
DXCM,2022-01-28,103.34750366210938,2.309329666642057,11.382499694824219,0.3110031522990066,1.0060411219905465,Hammer,2022-02-04,103.75,2022-03-11,109.17250061035156,Profit target (+1.5%),5,0.052265066123870385,0.052166166549578924,5216.616649741276,105216.61664974128,0.0969397855092244,0.0969397855092244,0.0969397855092244,0.0969397855092244,0.0969397855092244,0.0969397855092244
DZB-200104,1998-10-02,26.92153549194336,1.366146329845904,3.343198776245117,0.21052670614257538,1.6017902739763867,Hammer,1998-10-09,25.86578941345215,1998-10-23,26.334924697875977,Profit target (+1.5%),2,0.018137288482672043,0.017747246791978127,1774.724677423088,101774.72467742309,0.06596924163286477,0.06596924163286477,0.06596924163286477,0.16163314793325007,0.16163314793325007,0.16163314793325007
EA,1995-12-08,7.278427600860596,3.8558786605165523,1.6982994079589844,0.35714281703238326,1.6116977408312434,Hammer,1995-12-15,7.278427600860596,1996-04-12,6.55058479309082,RSI > 90,17,-0.10000000655137598,-0.10130433749112759,-10130.433738982327,89869.56626101768,0.012500025386581957,0.012500025386581957,0.012500025386581957,0.012500025386581957,0.012500025386581957,0.012500025386581957
EA,1998-08-07,11.963915824890137,6.454309428309273,1.167581558227539,0.37662317507665616,1.0965748791571361,Hammer,1998-08-14,12.009405136108398,1998-11-13,11.64548397064209,RSI > 90,13,-0.03030301345835318,-0.031122736517559015,-2796.986828891978,87072.5794321257,0.09595963526384259,0.09595963526384259,0.09595963526384259,0.09595963526384259,0.09595963526384259,0.09595963526384259
EA,2001-09-21,23.63062858581543,2.119210907638248,5.75480842590332,0.349915500482736,1.832278570194371,Hammer,2001-09-28,24.03822135925293,2001-10-19,26.731239318847656,Profit target (+1.5%),3,0.11203066646851201,0.11159145105829076,9716.555476502635,96789.13490862833,0.13887755336032012,0.00908358685199998,0.13887755336032012,0.13887755336032012,0.16572459894512007,0.16572459894512007
EA,2011-08-12,19.341209411621094,5.851990358283814,2.3485069274902344,0.16942176279588791,1.531027196541129,Hammer,2011-08-19,19.360618591308594,2011-09-02,21.136554718017578,Profit target (+1.5%),2,0.0917293070122378,0.09118924440149548,8826.128069766099,105615.26297839443,0.08370924108471077,0.08370924108471077,0.15288211267577884,0.15288211267577884,0.15989967036236497,0.1814535975425938
EA,2017-12-08,102.16000366210938,2.0825386439627493,6.569999694824219,0.16691420588682715,1.2545524753927022,Hammer,2017-12-15,102.4899673461914,2017-12-22,106.64352416992188,Profit target (+1.5%),1,0.040526472310217,0.04042692954606269,4269.7007911467335,109884.96376954117,0.03853802025002298,0.04156804243698527,0.04156804243698527,0.06765456526246011,0.08104341624877685,0.10226302548876638
EA,2018-08-03,127.00370788574219,7.255535038910537,8.432304382324219,0.3602261592289089,1.1685525011686215,Hammer,2018-08-10,126.17882537841797,2019-01-18,86.97235870361328,RSI > 90,23,-0.31072144281912684,-0.3107883800257028,-34150.96984496777,75733.9939245734,0.027918656038624035,0.027918656038624035,0.027918656038624035,0.027918656038624035,0.027918656038624035,0.027918656038624035
EA,2021-09-24,126.68767547607422,6.880359207835525,7.460823059082031,0.34379106354911776,1.0834538770488393,Hammer,2021-10-01,126.0732650756836,2021-10-08,139.8148193359375,Profit target (+1.5%),1,0.10899657633206106,0.10891293794383192,8248.411772297193,83982.4056968706,0.11491439317263426,0.12524173697818566,0.12524173697818566,0.12524173697818566,0.12524173697818566,0.13498873654096072
EBAY,2001-08-24,5.492143630981445,6.158543982516477,0.815305233001709,0.38812821708028744,1.159669832839188,Hammer,2001-08-31,5.4167561531066895,2001-11-23,5.617790222167969,Profit target (+1.5%),12,0.03711336884640448,0.03523472167810719,3523.4721642872473,103523.47216428725,0.09072162697789152,0.0018900045520323888,0.0018900045520323888,0.0018900045520323888,0.0018900045520323888,0.0018900045520323888
EBAY,2022-02-25,50.28413391113281,7.381888397086513,6.649295806884766,0.29778443014148004,1.633558157978407,Hammer,2022-03-04,50.026268005371094,2022-03-11,51.11299514770508,Profit target (+1.5%),1,0.02172313038056939,0.021521084419015568,2227.937381569297,105751.40954585654,0.03902795818175967,0.039396188190316886,0.04758532161524638,0.0730956774265473,0.11625979881480113,0.11625979881480113
EDCI-202003,1997-10-31,1.6901440620422363,6.611994167799807,0.4144103527069092,0.29411769782235614,1.3213706086363801,Hammer,1997-11-07,1.7551496028900146,1998-02-06,1.7876523733139038,RSI > 90,13,0.0185185185185186,0.012784578303424544,1278.4578290639965,101278.457829064,0.018518518518518517,0.018518518518518517,0.018518518518518517,0.018518518518518517,0.018518518518518517,0.018518518518518517
ESRX-201812,2006-06-16,17.020000457763672,0.9713770083007915,1.5249996185302734,0.303278514243833,1.2016878371382977,Hammer,2006-06-23,17.0,2006-07-07,17.899999618530273,Profit target (+1.5%),2,0.052941154031192594,0.052337525347266975,5233.752529492944,105233.75252949295,0.06647053886862363,0.06647053886862363,0.06647053886862363,0.08044119442210478,0.08044119442210478,0.16455885943244486
ESRX-201812,2012-11-16,52.130001068115234,0.690763935297241,3.829998016357422,0.38903358628540924,1.1147596840208054,Hammer,2012-11-23,52.400001525878906,2012-12-07,54.11000061035156,Profit target (+1.5%),2,0.032633569364079795,0.032439634290119305,3413.744443619925,108647.49697311287,0.03377856090695444,0.03377856090695444,0.0406488013624584,0.05477097038761254,0.05992365072924051,0.05992365072924051
ESRX-201812,2015-08-28,84.45999908447266,6.024634925747378,17.44000244140625,0.34403664908639764,3.816256938244827,Hammer,2015-09-04,84.02999877929688,2015-10-23,86.06999969482422,Profit target (+1.5%),7,0.024277055160804695,0.02415661266157434,2624.555498404503,111272.05247151738,0.038081692539844815,0.01844582975454831,0.022373020470347685,0.022373020470347685,0.022373020470347685,0.022373020470347685
EXPD,2012-07-13,31.389368057250977,7.795556387014415,1.8665294647216797,0.3303569695043629,1.0361973325339946,Hammer,2012-07-20,31.314376831054688,2012-08-24,31.781005859375,RSI > 90,5,0.014901431085083905,0.014579760982585685,1457.9760968005926,101457.97609680059,0.031133495011984588,0.031133495011984588,0.031133495011984588,0.031133495011984588,0.031133495011984588,0.0351250280793619
EXPE,2008-09-19,13.940855979919434,6.265498234677537,2.679973602294922,0.15838515726529062,1.5782345435916507,Hammer,2008-09-26,13.72446060180664,2009-04-09,8.431097030639648,RSI > 90,28,-0.3856882776486088,-0.38627617828402744,-38627.61778977512,61372.38221022489,0.01576713172132298,0.01576713172132298,0.01576713172132298,0.01576713172132298,0.01576713172132298,0.01576713172132298
FAST,2012-04-27,8.260388374328613,3.963617600325236,0.4364891052246094,0.1746043190617271,1.0660543483902825,Hammer,2012-05-04,8.24300479888916,2012-07-20,7.516397476196289,RSI > 90,11,-0.0881483561420211,-0.08930733439826292,-8930.733430895558,91069.26656910445,0.009911473668342045,0.009911473668342045,0.009911473668342045,0.009911473668342045,0.009911473668342045,0.009911473668342045
FAST,2022-02-25,23.096416473388672,6.052259895529517,1.2385940551757812,0.11272752471588285,1.0218482525749373,Hammer,2022-03-04,22.970306396484375,2022-03-11,24.330507278442383,Profit target (+1.5%),1,0.05921561769703643,0.05876748099275028,5351.911386771642,96421.17795587609,0.0629410840570699,0.09470586203368979,0.13803921529551968,0.1429411272354791,0.19088228104228694,0.19088228104228694
FHCC-200501,1996-08-02,10.3125,6.392907632583672,1.40625,0.35555555555555557,1.4084155805699452,Hammer,1996-08-09,10.28125,1996-08-23,10.5,Profit target (+1.5%),2,0.02127659574468077,0.020294081905456292,2029.4081885162204,102029.40818851623,0.0547112462006079,0.0547112462006079,0.0851063829787234,0.0851063829787234,0.0851063829787234,0.0851063829787234
FISV,2003-03-14,7.340000152587891,6.694851257171763,0.7600002288818359,0.2993419649198537,1.0538468686733873,Hammer,2003-03-21,7.34499979019165,2003-03-28,8.399999618530273,Profit target (+1.5%),1,0.14363510666772883,0.14217685145149847,14217.685130932161,114217.68513093216,0.1807351809946012,0.1807351809946012,0.1807351809946012,0.1807351809946012,0.18890406068562887,0.18890406068562887
FISV,2007-08-10,11.760000228881836,0.6008369115496919,1.0625,0.32235268985523896,1.5784327937026825,Hammer,2007-08-17,11.824999809265137,2007-08-24,12.104999542236328,Profit target (+1.5%),1,0.02367862473467497,0.02282330831144483,2606.8254397559667,116824.51057068814,0.03446091108682501,0.03446091108682501,0.03446091108682501,0.03446091108682501,0.03446091108682501,0.057082469481816514
FISV,2011-03-18,15.005000114440918,9.044896470155408,0.5900001525878906,0.1567791678789642,1.0226230410053205,Hammer,2011-03-25,15.102499961853027,2011-04-01,15.40250015258789,Profit target (+1.5%),1,0.019864273563491075,0.019195776367176752,2242.5371768772693,119067.0477475654,0.02698230544996536,0.04287369904204433,0.04287369904204433,0.049164066018953255,0.06157916595600223,0.07118025571795716
FISV,2011-08-12,13.7524995803833,4.007235035702152,1.2799997329711914,0.2695315148449124,1.8572067352966595,Hammer,2011-08-19,13.792499542236328,2011-10-21,14.262499809265137,Profit target (+1.5%),9,0.03407651133788625,0.03333939353436281,3969.623157861228,123036.67090542662,0.04132685643766313,0.005619020909547765,0.022294786981268223,0.022294786981268223,0.022294786981268223,0.022294786981268223
FISV,2016-10-28,49.165000915527344,9.493021235029843,3.9850006103515625,0.30740233036326253,2.2590653448484463,Hammer,2016-11-04,49.2400016784668,2016-11-18,50.415000915527344,Profit target (+1.5%),2,0.023862696933546035,0.0236572077846017,2910.704085824632,125947.37499125124,0.025487351962597375,0.025487351962597375,0.07108041999784474,0.09565391803250875,0.09565391803250875,0.09565391803250875
FLEX,2004-10-29,8.765140533447266,6.9793618723832935,1.2365751266479492,0.39411773325425736,1.3711640934538825,Hammer,2004-11-05,8.656030654907227,2004-11-12,9.67438793182373,Profit target (+1.5%),1,0.11764714307465884,0.11642462855678519,11642.462844036058,111642.46284403607,0.12941180229484783,0.2210083924364728,0.2605042072356918,0.2605042072356918,0.2613446187332438,0.2613446187332438
FLEX,2006-06-16,7.455824851989746,8.084729386295422,0.7201237678527832,0.36363642383272776,1.2787895578946908,Hammer,2006-06-23,7.49946928024292,2006-07-07,7.717688083648682,Profit target (+1.5%),2,0.029097899498121915,0.02774597318346565,3097.6287771090565,114740.09162114513,0.043646912829970026,0.043646912829970026,0.046556651913552585,0.046556651913552585,0.046556651913552585,0.11639178874084909
FLIR-202105,2011-08-12,20.693078994750977,1.1042208580373511,1.8541545867919922,0.33962273855557645,1.03119098914605,Hammer,2011-08-19,20.780540466308594,2011-09-02,21.779926300048828,Profit target (+1.5%),2,0.04809238890396217,0.04759971651177111,4759.97164641714,104759.97164641714,0.03669999452959471,0.03669999452959471,0.10210034191868775,0.10210034191868775,0.1957703854286026,0.1957703854286026
FORE-199906,1997-04-04,15.25,1.75963369944391,7.75,0.3225806451612903,1.5674834580059898,Hammer,1997-04-11,15.875,1997-06-06,17.0,Profit target (+1.5%),8,0.07086614173228356,0.0702141057934509,7021.410572323679,107021.41057232369,0.12598425196850394,0.07086614173228346,0.07086614173228346,0.07086614173228346,0.10236220472440945,0.10236220472440945
FSLR,2011-10-28,53.9900016784668,6.679749185971588,18.490001678466797,0.3785829834808563,1.455764958979035,Hammer,2011-11-04,52.20000076293945,2012-08-10,17.1299991607666,RSI > 90,40,-0.6718391013333389,-0.671966307623853,-67196.63069518867,32803.36930481134,0.009578543921305574,0.009578543921305574,0.009578543921305574,0.009578543921305574,0.009578543921305574,0.009578543921305574
FWLT-201412,2008-03-20,53.65761947631836,5.812037196524557,11.020122528076172,0.2609864309749974,1.2185267081624582,Hammer,2008-03-28,54.300045013427734,2008-04-04,56.33605194091797,Profit target (+1.5%),1,0.037495492443639034,0.0373078951870729,3730.7895149765,103730.7895149765,0.08900622722467796,0.1541682277289482,0.19566802494599186,0.20622496255733722,0.2741172443071311,0.2741172443071311
GEN,2004-12-23,9.019186973571777,8.002284115204404,0.8603239059448242,0.23966900007205288,1.0139814724603209,Hammer,2004-12-31,9.17560863494873,2005-05-27,7.906452655792236,RSI > 90,21,-0.13831845163082046,-0.1393323721792263,-13933.237203989396,86066.76279601062,0.030608368516471175,0.030608368516471175,0.030608368516471175,0.030608368516471175,0.030608368516471175,0.030608368516471175
GEN,2011-08-12,5.968945503234863,2.186618484621576,0.526148796081543,0.2635130603744379,1.3972215854510521,Hammer,2011-08-19,5.993831157684326,2011-09-23,6.1502532958984375,Profit target (+1.5%),5,0.02609718794190119,0.024408444639511008,2100.755812907595,88167.51860891822,0.04744949771180929,0.013641713686781397,0.02906282629838166,0.02906282629838166,0.04744949771180929,0.04744949771180929
GEN,2013-06-07,7.888677597045898,3.1273164365533006,0.4088320732116699,0.32173952597613903,1.0073868739361596,Hammer,2013-06-14,7.881567478179932,2013-07-05,8.067222595214844,Profit target (+1.5%),3,0.023555608392479943,0.022272695633544528,1963.7283047775804,90131.2469136958,0.043990309062732456,0.043990309062732456,0.043990309062732456,0.04535265470757334,0.08304349154463,0.10892757479424606
GEN,2016-01-22,7.440931797027588,9.409546785234397,0.6993789672851562,0.3661202260306101,1.7837122479960188,Hammer,2016-01-29,7.42946720123291,2016-02-05,7.521188735961914,Profit target (+1.5%),1,0.012345640978640215,0.010992251699684865,990.7453510910436,91121.99226478684,0.022119321556472157,0.08384771899530714,0.08384771899530714,0.08384771899530714,0.08384771899530714,0.08865198929805691
GENZ-201104,1997-04-04,11.181872367858887,6.770773110667193,1.3155145645141602,0.2272728261287196,1.0232258370030132,Hammer,1997-04-11,11.181872367858887,1997-05-09,11.839630126953125,Profit target (+1.5%),4,0.05882357958090223,0.057903383340219286,5790.33832823159,105790.33832823159,0.06417110794391116,0.021390369314637055,0.021390369314637055,0.06417110794391116,0.07486633524499654,0.07486633524499654
GENZ-201104,1999-10-08,20.3125,1.7259654634752195,6.375,0.22549019607843138,2.0110443027417646,Hammer,1999-10-15,20.625,1999-11-12,21.125,Profit target (+1.5%),4,0.024242424242424176,0.023751817741153595,2512.7128322344197,108303.051160466,0.04242424242424243,0.04090909090909091,0.04090909090909091,0.04242424242424243,0.07424242424242425,0.07424242424242425
GENZ-201104,2002-02-01,46.54999923706055,1.7487296832213417,8.19000244140625,0.28449342325893356,1.4014733502162404,Hammer,2002-02-08,46.45000076293945,2002-03-22,50.130001068115234,Profit target (+1.5%),6,0.07922497835806075,0.07900118921327418,8556.06982854682,116859.12098901281,0.07814856853590114,0.025834246355855486,0.032077456174303,0.04090414811569972,0.04090414811569972,0.07814856853590114
GILD,2014-10-17,69.14649200439453,9.342176356101206,8.812313079833984,0.2975081111382865,2.0968386250151614,Hammer,2014-10-24,69.4210205078125,2014-10-31,76.02339172363281,Profit target (+1.5%),1,0.09510622528341095,0.09495533760398193,9495.533750902661,109495.53375090267,0.1020267602959045,0.1550173027112856,0.1550173027112856,0.1550173027112856,0.1550173027112856,0.1550173027112856
GILD,2016-01-22,63.77608108520508,4.895267414307767,4.819843292236328,0.200288406821407,1.1092791129389683,Hammer,2016-01-29,63.56772994995117,2016-04-01,64.25093078613281,RSI > 90,9,0.010747604747244344,0.010589459296645414,1159.4984966601496,110655.03224756282,0.03149617025403238,0.02192722123435818,0.02192722123435818,0.02192722123435818,0.02192722123435818,0.02192722123435818
GMCR-201603,2011-10-07,89.65462493896484,9.600110867522645,10.780754089355469,0.3577235139467324,1.0003398941780675,Hammer,2011-10-14,91.26152038574219,2012-02-03,51.128265380859375,RSI > 90,16,-0.43976097302837447,-0.43984645010257295,-43984.64496627265,56015.35503372734,0.03265386650704784,0.03265386650704784,0.03265386650704784,0.03265386650704784,0.03265386650704784,0.03265386650704784
GNCI-199908,1998-06-05,31.625,5.850641099517276,3.25,0.1346153846153846,1.2169874839796129,Hammer,1998-06-12,31.625,1998-07-24,32.1875,Profit target (+1.5%),6,0.01778656126482203,0.017467594056275758,1746.7594038808165,101746.7594038808,0.07114624505928854,0.07114624505928854,0.07114624505928854,0.07114624505928854,0.07114624505928854,0.07114624505928854
GOLD-201812,2013-04-19,67.13027954101562,3.5181257290724375,5.769298553466797,0.37561021087856483,1.003099891838641,Hammer,2013-04-26,69.4473876953125,2013-05-03,76.11726379394531,Profit target (+1.5%),1,0.09604214528407673,0.09589124750972818,9589.124741383694,109589.12474138368,0.11941105230500973,0.11941105230500973,0.11941105230500973,0.11941105230500973,0.11941105230500973,0.11941105230500973
GOOG,2014-12-19,25.521791458129883,7.950626912062617,1.6854686737060547,0.1979469734776857,1.5719418699840175,Hammer,2014-12-26,25.508447647094727,2015-01-02,26.30472183227539,Profit target (+1.5%),1,0.031216097357118278,0.030818029615460398,3081.8029584642372,103081.80295846424,0.03580836911169346,0.03759103732357354,0.03759103732357354,0.03759103732357354,0.05055409569161971,0.05055409569161971
GOOG,2018-11-02,52.42726516723633,2.4156578292320035,5.016273498535156,0.38780717057063724,1.732509031282963,Hammer,2018-11-09,52.28898239135742,2018-12-07,55.66620635986328,Profit target (+1.5%),4,0.06458767820779121,0.06439027617568399,6637.465754545487,109719.26871300973,0.038454924888980224,0.03835067343593456,0.03835067343593456,0.038454924888980224,0.06601896530177513,0.06601896530177513
GOOGL,2008-09-12,10.855841636657715,6.775833389719409,1.1548871994018555,0.3281785849063615,1.2148579774646389,Hammer,2008-09-19,10.51701545715332,2008-09-26,11.264368057250977,Profit target (+1.5%),1,0.07106128189526739,0.07007712572750241,7007.712565742528,107007.71256574252,0.08978771097644246,0.08978771097644246,0.08978771097644246,0.08978771097644246,0.08978771097644246,0.08978771097644246
GOOGL,2014-12-19,25.773460388183594,6.47080705220516,1.396615982055664,0.18914164830947694,1.2821973473528951,Hammer,2014-12-26,25.80171012878418,2015-01-02,26.7874698638916,Profit target (+1.5%),1,0.03820520927439297,0.03781031097098591,4045.994884358606,111053.70745010114,0.04348747557480388,0.04479362709828633,0.04479362709828633,0.04479362709828633,0.04763642312449275,0.04763642312449275
GOOGL,2018-11-02,53.10361862182617,3.067523923264446,5.036834716796875,0.3674112525523033,1.663632058165501,Hammer,2018-11-09,53.1551628112793,2018-12-07,56.11045837402344,Profit target (+1.5%),4,0.05559752630683401,0.05540418627384674,6152.840287813846,117206.547737915,0.03487069719362434,0.03487069719362434,0.03487069719362434,0.03487069719362434,0.05824545131666756,0.05824545131666756
HSIC,2011-08-12,24.73244285583496,2.676709925016752,1.9323444366455078,0.30425967693378275,1.514719149518458,Hammer,2011-08-19,24.85395050048828,2011-09-23,25.085205078125,Profit target (+1.5%),5,0.009304540042122333,0.008900398978322522,890.0398969422124,100890.03989694221,0.05630035636041486,0.031225356137862273,0.05630035636041486,0.05630035636041486,0.05630035636041486,0.05630035636041486
HSIC,2014-02-07,44.43608856201172,8.493494332124683,2.404651641845703,0.39934799679550737,1.7473889464157144,Hammer,2014-02-14,44.30282211303711,2014-02-21,46.07838439941406,Profit target (+1.5%),1,0.04007785964168753,0.039847643196560124,4020.2303078798386,104910.27020482204,0.038573862515530126,0.05414501590747976,0.06431927619395647,0.06511548970661336,0.0680350540597719,0.0680350540597719
ILMN,2018-02-09,211.07266235351562,9.961621917740203,15.675704956054688,0.39987618305051087,1.3324747871596956,Hammer,2018-02-16,212.27774047851562,2018-02-23,221.9183349609375,Profit target (+1.5%),1,0.04541500423308675,0.04536682756550605,4536.682752013923,104536.68275201392,0.057318107734753015,0.07091516474391514,0.07782812819646928,0.14759879969815626,0.17493027878279743,0.17493027878279743
INCY,2016-02-12,68.36000061035156,7.95230472385721,21.334999084472656,0.3737988664796896,1.521973737641905,Hammer,2016-02-19,70.30000305175781,2016-02-26,73.56999969482422,Profit target (+1.5%),1,0.04651488621784128,0.046369340751844255,4636.9340705474915,104636.9340705475,0.09943097525363123,0.09943097525363123,0.09943097525363123,0.09943097525363123,0.09943097525363123,0.09943097525363123
INTC,2012-05-25,18.06258773803711,3.9706300017103615,0.9543552398681641,0.39705850023083517,1.1608865397552888,Hammer,2012-06-01,18.273107528686523,2012-06-22,19.150272369384766,Profit target (+1.5%),3,0.04800304706362635,0.04744281317621491,4744.28131287721,104744.2813128772,0.053763471164112536,0.016897049185255978,0.053763471164112536,0.0656681249609227,0.0656681249609227,0.0656681249609227
INTC,2020-03-13,48.250484466552734,8.09119151318096,8.536693572998047,0.3198338757455282,2.3689265361633822,Hammer,2020-03-20,42.116119384765625,2020-04-03,46.97397232055664,Profit target (+1.5%),2,0.11534426739107917,0.11509316482088526,12055.350821132797,116799.63213400998,0.1776469482146079,0.1776469482146079,0.1808041456138533,0.29425402210482,0.3077248034688322,0.3077248034688322
INTU,1996-01-12,9.587992668151855,8.57395437014219,1.665090560913086,0.20879119620337988,1.2976005498347611,Hammer,1996-01-19,9.514801979064941,1996-03-01,9.587992668151855,Profit target (+1.5%),6,0.007692297669247727,0.006637815495099277,663.781548846146,100663.78154884613,0.06923077925382928,0.0,0.019230744173119096,0.05000003508071019,0.05000003508071019,0.06923077925382928
INTU,1996-07-19,5.2697367668151855,1.1698940271016625,0.9880757331848145,0.37037031674906923,1.0336022760455132,Hammer,1996-07-26,5.306332111358643,1996-08-02,5.452713489532471,Profit target (+1.5%),1,0.027586169712311648,0.025677433704845407,2584.7875746147492,103248.56912346088,0.055172429286536845,0.055172429286536845,0.14482757071346317,0.14482757071346317,0.14482757071346317,0.14482757071346317
INTU,2011-08-12,37.23068618774414,1.0950206617830816,2.9071388244628906,0.24471420004750102,1.2569191697581585,Hammer,2011-08-19,37.45904541015625,2011-08-26,39.06631088256836,Profit target (+1.5%),1,0.042907272590996914,0.04263462354172519,4401.963871398582,107650.53299485946,0.06705738607756843,0.09425546536011822,0.1690503870600868,0.1690503870600868,0.1690503870600868,0.16998819918889282
INTU,2022-05-13,361.3926696777344,1.1793878466244365,50.131866455078125,0.3717271526936102,1.2532816627985632,Hammer,2022-05-20,359.7789306640625,2022-06-03,408.1123962402344,Profit target (+1.5%),2,0.13434212361174214,0.13431246216855772,14458.808125838328,122109.34112069779,0.14247496614708535,0.14247496614708535,0.15441772477877277,0.15441772477877277,0.15441772477877277,0.15441772477877277
IRIC-200312,1994-04-08,15.5,3.805889142391621,4.5,0.3333333333333333,1.3934928846957904,Hammer,1994-04-15,15.5,1994-05-13,15.5,Profit target (+1.5%),4,0.0,-0.0006449532408900354,-64.49532402450822,99935.5046759755,0.11290322580645161,0.0,0.0,0.11290322580645161,0.11290322580645161,0.11290322580645161
ISRG,2007-01-12,10.44775676727295,7.383014198034985,0.9544429779052734,0.13038391056808213,1.144527206665159,Hammer,2007-01-19,10.524423599243164,2007-02-09,12.895529747009277,RSI > 90,3,0.22529558273734107,0.2242388793186956,22423.88790944567,122423.88790944568,0.24546030694318363,0.04317984482665193,0.24546030694318363,0.24546030694318363,0.24546030694318363,0.24546030694318363
IT,1996-09-06,27.801794052124023,3.52563398473373,3.769735336303711,0.3125002846044908,1.0320528609022872,Hammer,1996-09-13,27.566186904907227,1996-09-20,31.335920333862305,Profit target (+1.5%),1,0.13675208116230264,0.13636458386511857,13636.458372875397,113636.4583728754,0.14529911218179734,0.21367522195455066,0.2649572696883147,0.2649572696883147,0.27350423151620734,0.27350423151620734
IT,1998-04-09,32.042747497558594,3.3939688107614927,3.2985191345214844,0.3214284475191601,1.1243960971813423,Hammer,1998-04-17,32.042747497558594,1999-02-05,22.73621368408203,RSI > 90,42,-0.2904411931026092,-0.29070791368991855,-33035.01769965487,80601.44067322054,0.047794034486954115,0.04411764355734544,0.04411764355734544,0.04411764355734544,0.04411764355734544,0.04411764355734544
JAVA-201001,1997-01-03,13.875,8.326260052611772,1.4375,0.21739130434782608,1.1131323568142173,Hammer,1997-01-10,14.1875,1997-01-24,15.625,Profit target (+1.5%),2,0.1013215859030836,0.10058129293641012,10058.129283582883,110058.1292835829,0.1145374449339207,0.1145374449339207,0.1894273127753304,0.1894273127753304,0.20704845814977973,0.23348017621145375
JWN-202505,1998-08-07,8.004097938537598,9.7167818395328,1.1827921867370605,0.3972602242697526,1.3417096719913557,Hammer,1998-08-14,8.101313591003418,1998-08-21,9.23549747467041,Profit target (+1.5%),1,0.13999999764563031,0.1386800388421488,13868.003870346878,113868.00387034687,0.1679999265436689,0.2639999350193994,0.2639999350193994,0.2639999350193994,0.2639999350193994,0.2639999350193994
KHC,2018-02-16,46.66670227050781,3.5021157822553164,3.3813552856445312,0.38596483311183866,1.6541722187277663,Hammer,2018-02-23,46.65351867675781,2018-06-22,41.30466842651367,RSI > 90,17,-0.11465052158882216,-0.11485255859426943,-11485.255847941688,88514.74415205832,0.00028258519665672933,0.00028258519665672933,0.00028258519665672933,0.00028258519665672933,0.00028258519665672933,0.00028258519665672933
KLAC,1995-10-06,1.0363636016845703,8.881670682244007,0.17054080963134766,0.2692303928421641,1.5921911378660827,Hammer,1995-10-13,1.0298042297363281,1995-10-27,1.042922854423523,Profit target (+1.5%),2,0.012738950092051615,0.0030137339968057814,301.3733993792048,100301.37339937921,0.1847134451042203,0.1847134451042203,0.1847134451042203,0.20382169660353316,0.20382169660353316,0.20382169660353316
KRFT-201507,2014-10-17,54.1840705871582,2.4488029862439333,2.2132530212402344,0.39452525116728804,1.387249856445934,Hammer,2014-10-24,54.144657135009766,2014-10-31,55.93798065185547,Profit target (+1.5%),1,0.033120969117489185,0.03293323746075426,3293.3237427821014,103293.32374278212,0.035122843611498825,0.049317524532192,0.06387624027763873,0.06387624027763873,0.08535027907105527,0.09626935110704421
LAMR,2005-02-25,20.902681350708008,4.391249582893408,1.8615226745605469,0.3983056925696791,1.8287464436130427,Hammer,2005-03-04,20.9815616607666,2005-04-08,21.3233642578125,Profit target (+1.5%),5,0.016290617570427823,0.015810240972735784,1581.0240956925545,101581.02409569256,0.021052634449661333,0.0077692763550644296,0.016791872936037396,0.016791872936037396,0.021052634449661333,0.021052634449661333
LCID,2022-05-13,180.10000610351562,5.602216904149529,50.80000305175781,0.19586637026170323,1.038316784028137,Hammer,2022-05-20,180.3000030517578,2022-05-27,183.09999084472656,Profit target (+1.5%),1,0.015529604800755159,0.015473712574508252,1547.3712559034539,101547.37125590346,0.10537992056797561,0.10537992056797561,0.14947308093226036,0.14947308093226036,0.14947308093226036,0.14947308093226036
LIFE-201402,2004-03-19,34.05500030517578,1.819863344459364,2.3050003051757812,0.3904561417445328,1.0387313747208273,Hammer,2004-03-26,33.935001373291016,2004-04-02,34.625,Profit target (+1.5%),1,0.020332948247706817,0.0200353152384993,2003.5315218463984,102003.53152184641,0.02843672059926323,0.09046705674338065,0.1156622684020213,0.1156622684020213,0.11801965791491477,0.1345218341526848
LIN,2024-04-26,430.4882507324219,3.7133120199687397,15.15325927734375,0.37179533654756297,1.1201095452572167,Hammer,2024-05-03,433.00408935546875,2024-06-28,433.39056396484375,RSI > 90,8,0.0008925426315262719,0.0008694381218080915,86.94381209386535,100086.94381209386,0.008143182895545307,0.008143182895545307,0.008143182895545307,0.008143182895545307,0.008143182895545307,0.008143182895545307
LMCA-201604,2014-10-03,35.41608428955078,2.2995662673519206,1.9070205688476562,0.30952523834099466,1.3880759459477232,Hammer,2014-10-10,35.696083068847656,2014-11-07,36.339324951171875,Profit target (+1.5%),4,0.018019957009949517,0.01773732973599273,1773.73297182554,101773.73297182555,0.031799898990266,0.006995982052498131,0.006995982052498131,0.031799898990266,0.05669860606139622,0.05669860606139622
LMCK-201604,2014-10-17,32.741912841796875,1.2777408170180848,2.539539337158203,0.22619099478012694,1.172455484115884,Hammer,2014-10-24,32.749473571777344,2014-10-31,34.58610153198242,Profit target (+1.5%),1,0.056081144516101133,0.055767281870742,5576.728181497472,105576.72818149747,0.08146775137045931,0.1174704528019431,0.13833887123681346,0.13833887123681346,0.13833887123681346,0.13833887123681346
LNCR-201208,1999-03-26,7.434418678283691,1.0271028317345383,3.004988193511963,0.31818191194838014,2.3833397234643643,Hammer,1999-04-01,7.492957592010498,1999-04-09,8.702757835388184,Profit target (+1.5%),1,0.161458306486034,0.1600169417677344,16001.694160771745,116001.69416077175,0.23437503082467712,0.23437503082467712,0.23437503082467712,0.23437503082467712,0.23697922682450429,0.32812494133367903
LNCR-201208,2005-10-14,24.889108657836914,8.161917223085368,1.9981231689453125,0.3812505250135549,1.4735028812553908,Hammer,2005-10-21,24.914085388183594,2005-11-11,27.78638458251953,RSI > 90,3,0.11528816529216157,0.11486373395121537,13324.387722648753,129326.0818834205,0.1218043943128531,0.0418545759214635,0.1218043943128531,0.1218043943128531,0.1218043943128531,0.1218043943128531
LOTS-199507,1994-04-15,66.25,9.56620851423419,10.25,0.36585365853658536,1.579474799786779,Hammer,1994-04-22,66.5,1994-09-02,44.0,RSI > 90,19,-0.33834586466165417,-0.33847079166979915,-33847.07913313284,66152.92086686716,0.0,0.0,0.0,0.0,0.0,0.0
LRCX,2004-03-12,2.1108055114746094,3.715496062719481,0.23330843448638916,0.26909157425683383,1.0073235712448108,Hammer,2004-03-19,2.0904440879821777,2004-04-02,2.1337122917175293,Profit target (+1.5%),2,0.0206980918476114,0.015876445439967534,1587.644542409109,101587.64454240912,0.037337656042604216,0.037337656042604216,0.09821431626383247,0.10308443539533378,0.11607149578043142,0.11607149578043142
LVLT-201710,1998-10-09,403.125,9.761440811327788,110.625,0.3898305084745763,1.3518877169516568,Hammer,1998-10-16,431.25,1998-10-23,444.375,Profit target (+1.5%),1,0.0304347826086957,0.030411241608792924,3041.1241578381687,103041.12415783816,0.0391304347826087,0.16956521739130434,0.16956521739130434,0.21521739130434783,0.25,0.3282608695652174
LVLT-201710,1999-05-28,1177.5,6.908238848302219,222.1875,0.34177215189873417,1.612171886012312,Hammer,1999-06-04,1173.75,1999-09-10,978.75,RSI > 90,14,-0.16613418530351443,-0.16615198272014142,-17120.487065029214,85920.63709280895,0.001597444089456869,0.001597444089456869,0.001597444089456869,0.001597444089456869,0.001597444089456869,0.001597444089456869
LVLT-201710,2007-05-04,84.0,2.049319967854217,8.550003051757812,0.2982458645127094,1.303392205963288,Hammer,2007-05-11,85.05000305175781,2007-06-01,87.0,Profit target (+1.5%),3,0.022927652889741745,0.022808734097177798,1959.7409629502495,87880.3780557592,0.09700167048300838,0.022927652889741842,0.09700167048300838,0.09700167048300838,0.09700167048300838,0.09700167048300838
LVNTA-201803,2014-10-17,27.214780807495117,0.8982676417461732,5.956338882446289,0.24279205094598277,2.6056211655124604,Hammer,2014-10-24,27.23285675048828,2014-10-31,29.564777374267578,Profit target (+1.5%),1,0.08562893879054712,0.0852460839723622,8524.608388711611,108524.6083887116,0.10852977967286415,0.17125794761960125,0.17706603090379092,0.19615012333781112,0.21407241701487478,0.22602056610724577
MAR,2015-12-04,64.31766510009766,6.276880711885639,3.7391815185546875,0.3970948904513754,1.044981095937071,Hammer,2015-12-11,64.05510711669922,2016-03-04,62.09653854370117,RSI > 90,12,-0.030576306264382902,-0.03073002312362481,-3073.002309289479,96926.99769071052,0.003533539443564312,0.003533539443564312,0.003533539443564312,0.003533539443564312,0.003533539443564312,0.003533539443564312
MAR,2020-03-20,71.64488220214844,0.2875584617751912,42.75945281982422,0.3705449502164931,3.5187326874765223,Hammer,2020-03-27,72.06756591796875,2020-04-03,73.69105529785156,Profit target (+1.5%),1,0.022527323619209838,0.022387011747566375,2169.90583378837,99096.90352449888,0.2796987944154376,0.2796987944154376,0.2796987944154376,0.2796987944154376,0.2796987944154376,0.2989868770405376
MAR,2021-05-07,140.91697692871094,9.262988240438531,9.202972412109375,0.36221287094239013,1.0239023836408765,Hammer,2021-05-14,139.17205810546875,2021-10-01,146.6232147216797,RSI > 90,20,0.0535391709919546,0.053465396650157655,5298.255248441485,104395.15877294035,0.05436738963114997,0.0035990342931196675,0.007775102567982125,0.014194400040347426,0.014194400040347426,0.014194400040347426
MAT,2011-08-12,18.434043884277344,2.029125208772996,1.4342632293701172,0.33684323913150443,1.5090897929636617,Hammer,2011-08-19,18.509531021118164,2011-09-02,19.38628387451172,Profit target (+1.5%),2,0.04736764277783356,0.04681473445937753,4681.473441256281,104681.47344125627,0.05016309738183748,0.05016309738183748,0.13132165297431816,0.13132165297431816,0.13132165297431816,0.13132165297431816
MAT,2016-12-23,27.211023330688477,9.40964637933834,1.6898860931396484,0.39204525574303006,1.0134943936170533,Hammer,2016-12-30,27.29743766784668,2017-01-13,29.169754028320312,Profit target (+1.5%),2,0.068589454558184,0.06821062584704038,7140.3888108780375,111821.8622521343,0.09391485397386576,0.09391485397386576,0.09391485397386576,0.09813573058554322,0.11150190972866363,0.11150190972866363
MCHP,2004-12-03,7.618711471557617,9.914801905774581,0.7123851776123047,0.31679406685497796,1.1742218792738317,Hammer,2004-12-10,7.586082935333252,2005-02-11,7.537140369415283,RSI > 90,9,-0.006451625474592659,-0.007764711098546345,-776.4711090781634,99223.52889092185,0.006451625474592671,0.006451625474592671,0.006451625474592671,0.006451625474592671,0.006451625474592671,0.006451625474592671
MCHP,2008-10-24,6.743571758270264,2.8539978537102115,1.208298683166504,0.2817955584600704,1.3542666472698424,Hammer,2008-10-31,6.6381096839904785,2008-11-07,7.451676845550537,Profit target (+1.5%),1,0.12256006608661307,0.12096250096496385,12002.326197212926,111225.85508813478,0.1634134453932423,0.1634134453932423,0.1634134453932423,0.1634134453932423,0.1634134453932423,0.1634134453932423
MCIC-199809,1996-07-05,25.308801651000977,1.4068517840817094,1.7454357147216797,0.21428548012208354,1.0521998596329059,Hammer,1996-07-12,25.433475494384766,1996-07-19,25.932170867919922,Profit target (+1.5%),1,0.019607834314474992,0.019210875024449833,1921.0875005238959,101921.08750052389,0.03431371005033122,0.03431371005033122,0.03431371005033122,0.058823502943424956,0.0637254615220437,0.07843133725789994
MCIC-199809,1998-03-13,46.47824478149414,9.873239301557419,2.7487144470214844,0.3636371206244041,1.2992646610267,Hammer,1998-03-20,47.35283660888672,1998-03-27,49.35190200805664,Profit target (+1.5%),1,0.042216381157507143,0.042000765693690406,4280.763711074858,106201.85121159874,0.07124009788885467,0.07255933210786979,0.07519788110490216,0.07651711532391728,0.11873349648142446,0.11873349648142446
MCLDQ-200205,2001-02-23,13.5625,5.369367024429749,4.3125,0.2898550724637681,1.1561206456740158,Hammer,2001-03-02,13.875,2001-11-30,0.9100000262260437,RSI > 90,39,-0.9344144125242491,-0.9347982690038873,-93479.8268069089,6520.173193091097,0.13513513513513514,0.13513513513513514,0.13513513513513514,0.13513513513513514,0.13513513513513514,0.13513513513513514
MDLZ,2012-11-16,19.020143508911133,1.25631628267179,1.2427082061767578,0.3652701228019284,1.7833391274452421,Hammer,2012-11-23,19.213619232177734,2013-01-11,19.91087532043457,Profit target (+1.5%),7,0.03628967972307451,0.035759909697683424,3575.990966192351,103575.99096619236,0.0444647177189191,0.008520599157986275,0.008520599157986275,0.015879235258555394,0.015879235258555394,0.015879235258555394
MDLZ,2018-12-28,33.406131744384766,4.378697968965497,1.7181663513183594,0.3392354026469393,1.1129684859670144,Hammer,2019-01-04,33.5150032043457,2019-01-11,34.05097579956055,Profit target (+1.5%),1,0.01599201981115561,0.01569130503981136,1625.2424674260278,105201.2334336184,0.022988457340670815,0.059970017381541514,0.08645675039726229,0.08745632277332506,0.157171430987677,0.17216387842276995
MEDI-200706,2002-02-08,41.290000915527344,9.572334096360478,5.020000457763672,0.20517902099071175,1.1159192792156718,Hammer,2002-02-15,41.20000076293945,2002-03-08,42.619998931884766,Profit target (+1.5%),3,0.03446597433616172,0.034219103090358194,3421.9103056139093,103421.9103056139,0.0703882926572727,0.04611644844654327,0.0703882926572727,0.0703882926572727,0.0703882926572727,0.089563071805286
MEDI-200706,2002-07-12,24.229999542236328,4.689822815106481,4.569999694824219,0.23194779957896425,1.069960565970066,Hammer,2002-07-19,24.450000762939453,2002-07-26,25.049999237060547,Profit target (+1.5%),1,0.024539814126736337,0.02412588246634664,2495.1448499831395,105917.05515559705,0.11370137801838887,0.11370137801838887,0.24458075074175967,0.24458075074175967,0.24458075074175967,0.24458075074175967
META,2016-11-18,116.00132751464844,4.751544553141514,5.527961730957031,0.3783739395302811,1.0752514924691847,Hammer,2016-11-25,117.17105865478516,2016-12-02,119.07434844970703,Profit target (+1.5%),1,0.01624368523057762,0.01615765043352199,1615.765041736434,101615.76504173642,0.04043998360447055,0.04043998360447055,0.04043998360447055,0.04043998360447055,0.04043998360447055,0.04043998360447055
META,2018-04-06,155.83155822753906,8.392533543965968,10.968673706054688,0.39539092680877463,1.0819992713405666,Hammer,2018-04-13,156.4461669921875,2018-04-20,164.28225708007812,Profit target (+1.5%),1,0.050088092527584616,0.05002257406160114,5083.082127543439,106698.84716927985,0.06862244042050332,0.07084016395041538,0.12216449738492377,0.12837408425515778,0.19325815167988314,0.19325815167988314
META,2019-06-07,171.84097290039062,4.464550094530864,14.086318969726562,0.11963460328155111,1.3639106248467507,Hammer,2019-06-14,173.22879028320312,2019-06-21,183.39947509765625,Profit target (+1.5%),1,0.05871243918418867,0.05865301912428518,6258.209517300742,112957.05668658059,0.04057106304549693,0.11319021112293598,0.11319021112293598,0.1296136732670808,0.17482115742814808,0.17579801566531797
META,2020-03-13,168.79769897460938,2.1635395314679755,23.741500854492188,0.3628386494704429,1.8622665632157065,Hammer,2020-03-20,150.99404907226562,2020-04-03,157.7943115234375,Profit target (+1.5%),2,0.04503662556871557,0.04496890869771086,5079.555563821437,118036.61225040202,0.07668066016771585,0.07668066016771585,0.12217688644972192,0.16255252615671736,0.18976497102837983,0.2500656355899917
META,2021-09-24,349.887451171875,9.584833701108636,20.162841796875,0.39675735890636543,1.1433122900103105,Hammer,2021-10-01,346.7599182128906,2021-11-26,346.011474609375,RSI > 90,8,-0.002158391337075294,-0.002187198195897008,-258.1694651057045,117778.44278529631,0.015279914533863598,0.015279914533863598,0.015279914533863598,0.015279914533863598,0.015279914533863598,0.015279914533863598
MFNXQ-200209,2000-09-29,24.3125,4.473194809199327,6.75,0.3888888888888889,1.061662982808581,Hammer,2000-10-06,24.375,2001-01-19,18.8125,RSI > 90,15,-0.22820512820512817,-0.2285684987694832,-22856.849854091466,77143.15014590854,0.006408221905048077,0.006408221905048077,0.006408221905048077,0.006408221905048077,0.006408221905048077,0.006408221905048077
MGMA-199502,1993-12-10,32.75,2.0941045817093595,4.5,0.3888888888888889,2.393323549725878,Hammer,1993-12-17,33.0,1993-12-31,35.25,Profit target (+1.5%),2,0.06818181818181812,0.06786850477200412,6786.850470413563,106786.85047041356,0.06818181818181818,0.06818181818181818,0.06818181818181818,0.06818181818181818,0.06818181818181818,0.06818181818181818
MLKN,1995-02-17,3.4440579414367676,4.489786197081642,0.5898661613464355,0.25806462043638073,2.750544619435749,Hammer,1995-02-24,3.425029993057251,1995-03-24,3.5983965396881104,Profit target (+1.5%),4,0.05061752655663865,0.04762831431839686,4762.831427076855,104762.83142707686,0.0729711087243938,0.022222226862932515,0.02826394438888354,0.0729711087243938,0.11767827305990408,0.11767827305990408
MLKN,2000-12-15,14.782756805419922,4.65224327587481,3.6450634002685547,0.22222239664521787,2.044586867824258,Hammer,2000-12-22,14.904258728027344,2000-12-29,17.172298431396484,Profit target (+1.5%),1,0.15217393529972134,0.15145217777489767,15866.558953628719,120629.39038070559,0.19021748311135067,0.2826087735490248,0.2826087735490248,0.2826087735490248,0.2826087735490248,0.2826087735490248
MLNM-200805,2004-07-23,11.010000228881836,1.54350002665754,1.7100000381469727,0.33918123436685227,1.1585692959904719,Hammer,2004-07-30,11.010000228881836,2004-08-27,11.670000076293945,Profit target (+1.5%),4,0.059945488981986816,0.05901042522974989,5901.042517073947,105901.04251707393,0.06902817557516261,0.04178020241455434,0.04178020241455434,0.06902817557516261,0.10535874871002775,0.125340607243663
MNST,2016-02-12,20.39497947692871,4.068264856944211,1.7566642761230469,0.18690702911406973,1.0718078274987433,Hammer,2016-02-19,20.559978485107422,2016-02-26,21.431644439697266,Profit target (+1.5%),1,0.0423962483823237,0.04189967692958385,4189.967688768418,104189.96768876842,0.04896232147578472,0.08357646796884784,0.08357646796884784,0.09014263383228116,0.11567775422451261,0.11567775422451261
MOLX-201312,1997-04-04,14.441178321838379,8.964021719509503,1.016983985900879,0.299999531126188,1.6664552188367225,Hammer,1997-04-11,14.492027282714844,1997-04-18,14.746273040771484,Profit target (+1.5%),1,0.017543836559008374,0.016847989128630565,1684.7989111782576,101684.79891117827,0.03859649307527933,0.0947368227095671,0.0947368227095671,0.17105260387081014,0.26315781161243046,0.27192972989193465
MOLX-201312,2004-03-26,24.15719985961914,0.6052855689073482,1.6013126373291016,0.3333325392561959,1.0929930145582685,Hammer,2004-04-02,24.468826293945312,2004-04-08,26.10386085510254,Profit target (+1.5%),1,0.06682112748341384,0.0663988761560856,6751.7563631080375,108436.5552742863,0.06649038500513535,0.08699977051476407,0.08699977051476407,0.09130012428371609,0.09957008934334172,0.09957008934334172
MRVL,2011-08-12,10.710445404052734,5.678542544499905,1.3755865097045898,0.31918037003425526,1.1956136799589032,Hammer,2011-08-19,10.787070274353027,2011-09-02,11.136137962341309,Profit target (+1.5%),2,0.03235982329865905,0.03141822461942859,3141.822458801037,103141.82245880103,0.06471973500633849,0.06471973500633849,0.07103390724638348,0.11523275929061663,0.21783735091918416,0.21783735091918416
MRVL,2022-05-13,56.66952896118164,4.556633605787312,7.500812530517578,0.1745406203449842,1.0250874533348653,Hammer,2022-05-20,56.256099700927734,2022-06-03,59.632450103759766,Profit target (+1.5%),2,0.06001749891623498,0.05983442237579516,6171.431363437745,109313.25382223878,0.07436571514360117,0.07436571514360117,0.0761154711481143,0.0761154711481143,0.0761154711481143,0.0761154711481143
MSFT,2000-12-22,14.120389938354492,1.8574118938788757,2.964712142944336,0.36538472673371664,1.233527595294541,Hammer,2000-12-29,14.253421783447266,2001-01-12,14.880572319030762,Profit target (+1.5%),2,0.043999998394197215,0.043283229024684226,4328.322898140101,104328.3228981401,0.07733338525428823,0.07733338525428823,0.18933337508420428,0.3106667587326898,0.37199999250625393,0.3813333194163763
MSFT,2008-11-21,14.30683422088623,8.7488850986567,1.8929004669189453,0.19073431241655542,1.0017102023808941,Hammer,2008-11-28,14.459498405456543,2008-12-05,14.448594093322754,Profit target (+1.5%),1,-0.0007541279668231704,-0.0014452151431605528,-150.77687196215908,104177.54602617794,0.05279040868472603,0.05279040868472603,0.06837607175836932,0.06837607175836932,0.06837607175836932,0.06837607175836932
MSFT,2011-08-12,19.302288055419922,9.26297902215292,1.2227344512939453,0.37735799021940053,1.3632489368398626,Hammer,2011-08-19,19.409950256347656,2011-09-09,19.501502990722656,Profit target (+1.5%),3,0.004716793869425695,0.004200512146475235,437.59904703534414,104615.1450732133,0.07090048704827363,0.02465163529278122,0.07090048704827363,0.07090048704827363,0.08724712580200236,0.09641716268339975
MSFT,2014-10-17,36.793460845947266,5.284489847979344,2.074535369873047,0.3780485338168204,1.5335810738016054,Hammer,2014-10-24,36.312774658203125,2014-10-31,38.54753494262695,Profit target (+1.5%),1,0.061541986407226856,0.06125816643122205,6408.531961712808,111023.6770349261,0.08917788682549835,0.09080355274448125,0.13608909006409797,0.16221551109045573,0.16221551109045573,0.16221551109045573
MSFT,2018-11-02,98.46253967285156,2.7515917285899434,7.9671478271484375,0.2956917272352936,1.7365759770239477,Hammer,2018-11-09,98.65731048583984,2018-11-16,101.48615264892578,Profit target (+1.5%),1,0.02867341658874789,0.028570607653573,3172.013913649863,114195.69094857598,0.05518470002538819,0.05518470002538819,0.05518470002538819,0.05518470002538819,0.07088438971415748,0.07088438971415748
MSTR,2026-02-06,134.92999267578125,7.8126654172016,43.710105895996094,0.2961583796329347,1.2913844702648813,Hammer,2026-02-13,127.37000274658203,2026-02-20,129.00999450683594,Profit target (+1.5%),1,0.012875808470514505,0.012796794701522748,1279.6794688725954,101279.6794688726,0.09586243873108742,0.09586243873108742,0.09586243873108742,0.1740597476759159,0.1740597476759159,0.1954934520604546
MU,2016-01-22,10.796428680419922,1.3286615388845178,2.204148292541504,0.22123928648846042,1.2412403284457785,Hammer,2016-01-29,10.786676406860352,2016-03-11,11.176791191101074,Profit target (+1.5%),6,0.03616635648702782,0.03522295979882062,3522.2959763597655,103522.29597635976,0.1112115572491413,0.044303819851202186,0.044303819851202186,0.06238695388859172,0.06238695388859172,0.1112115572491413
MU,2020-03-20,35.217620849609375,0.9449609637871248,7.812051773071289,0.37827707400204846,1.4382206420544572,Hammer,2020-03-27,36.07587432861328,2020-04-03,43.078433990478516,Profit target (+1.5%),1,0.1941064434940447,0.1938023895479692,20062.86831164777,123585.16428800754,0.2368207121991432,0.2368207121991432,0.3465801367315091,0.3465801367315091,0.3465801367315091,0.3555013950403687
MWW-201610,2006-06-16,41.16999816894531,1.0955464032396804,6.729999542236328,0.2882613311537221,1.6289271012771893,Hammer,2006-06-23,42.77000045776367,2006-11-24,45.599998474121094,RSI > 90,22,0.06616782759102624,0.06592631177507303,6592.631170914674,106592.63117091467,0.110825293734808,0.03857838890628608,0.03857838890628608,0.03857838890628608,0.03857838890628608,0.03857838890628608
MWW-201610,2008-09-19,18.1299991607666,3.941418258337464,3.239999771118164,0.3981484588445352,1.4157817063758529,Hammer,2008-09-26,18.170000076293945,2009-04-03,8.4399995803833,RSI > 90,27,-0.535498098792261,-0.5359009878968167,-57123.096289891095,49469.53488102358,0.005503598296633755,0.005503598296633755,0.005503598296633755,0.005503598296633755,0.005503598296633755,0.005503598296633755
MXIM-202108,2000-10-13,43.52544403076172,9.79748047743233,8.295429229736328,0.3351949809550919,1.4271339090380029,Hammer,2000-10-20,43.321502685546875,2000-10-27,46.8250732421875,Profit target (+1.5%),1,0.08087370796141613,0.08063356929582122,8063.356921518765,108063.35692151876,0.10226864469881139,0.12623101611134163,0.12623101611134163,0.12623101611134163,0.12623101611134163,0.12623101611134163
NCLH,2016-01-22,47.97999954223633,5.840817483072982,6.630001068115234,0.2699850116368386,1.6328277963055027,Hammer,2016-01-29,47.849998474121094,2016-03-04,49.33000183105469,Profit target (+1.5%),5,0.03093006069235371,0.03071786446150519,3071.786443078732,103071.78644307873,0.048275892308342346,0.02424242182660626,0.02424242182660626,0.02424242182660626,0.048275892308342346,0.05893416478057717
NIHDQ-201506,2007-08-17,71.95999908447266,4.08328628133043,12.479995727539062,0.394230757474425,2.237589593823898,Hammer,2007-08-24,72.0,2007-08-31,78.47000122070312,Profit target (+1.5%),1,0.0898611280653212,0.08971600889803655,8971.600880832055,108971.60088083205,0.09722222222222222,0.1073611577351888,0.12527773115370008,0.12527773115370008,0.12527773115370008,0.14486111534966362
NIHDQ-201506,2008-09-12,49.720001220703125,4.04711490666638,5.180000305175781,0.39768290294026243,1.0383481479907843,Hammer,2008-09-19,48.040000915527344,2009-01-16,22.389999389648438,RSI > 90,17,-0.5339300798720091,-0.5340826524489881,-58199.84158184743,50771.759298984616,0.05328887405924914,0.05328887405924914,0.05328887405924914,0.05328887405924914,0.05328887405924914,0.05328887405924914
NTAP,2013-10-18,30.60175323486328,9.255547533396552,1.4752998352050781,0.3346878143253495,1.2448348529387527,Hammer,2013-10-25,30.631343841552734,2014-01-24,33.174129486083984,RSI > 90,13,0.08301253962883126,0.08267258187303597,8267.25817903634,108267.25817903633,0.08398217494955991,0.007365355375828334,0.007365355375828334,0.030789657505526584,0.030789657505526584,0.030789657505526584
NTAP,2020-03-13,34.605369567871094,1.922555943812398,6.488502502441406,0.35424846054081255,1.681409354519133,Hammer,2020-03-20,30.6444149017334,2020-04-03,35.33479690551758,Profit target (+1.5%),2,0.15305829851294916,0.15270705880651186,16533.17454503273,124800.43272406906,0.22446725948198173,0.22446725948198173,0.22446725948198173,0.22756961550864316,0.22756961550864316,0.22756961550864316
NTES,2016-11-18,38.64204406738281,5.911727254341656,3.889148712158203,0.37925115520388575,1.3526325564558535,Hammer,2016-11-25,38.6922721862793,2017-01-20,40.22589111328125,Profit target (+1.5%),8,0.03963631082761254,0.03937277334866445,3937.277330929168,103937.27733092917,0.05917264479445668,0.02852238111862361,0.02852238111862361,0.02852238111862361,0.02852238111862361,0.02852238111862361
NXPI,2016-07-01,68.93115234375,3.3251119900152304,5.1364593505859375,0.3321861548379047,1.0006597009714548,Hammer,2016-07-08,68.48027801513672,2016-07-15,70.94683837890625,Profit target (+1.5%),1,0.03601855067271087,0.035869904232944526,3586.990419707462,103586.99041970746,0.02272142116504437,0.05693267721698019,0.09553315692658308,0.15027105519958173,0.15027105519958173,0.15027105519958173
NXTL-200508,1996-07-19,8.4375,4.8000699082915474,1.0,0.375,1.0857988920617585,Hammer,1996-07-26,8.4375,1996-10-04,8.9375,Profit target (+1.5%),10,0.059259259259259345,0.05803968018951739,5803.968013147773,105803.96801314777,0.0962962962962963,0.007407407407407408,0.007407407407407408,0.007407407407407408,0.007407407407407408,0.044444444444444446
NXTL-200508,2000-09-22,47.9375,8.715612909944525,10.0625,0.3416149068322981,1.0886649362626826,Hammer,2000-09-29,49.0,2001-05-11,19.739999771118164,RSI > 90,32,-0.597142861813915,-0.5972859958959664,-63195.22834128271,42608.739671865056,0.0,0.0,0.0,0.0,0.0,0.0
OFIS-200608,1997-11-14,46.23094177246094,9.88104897789951,6.849025726318359,0.12500006962116617,1.5063401675447339,Hammer,1997-11-21,46.80169677734375,1997-11-28,50.5115852355957,Profit target (+1.5%),1,0.07926824695911194,0.07904613469846132,7904.613461941519,107904.61346194151,0.12195120559625143,0.12195120559625143,0.12195120559625143,0.12195120559625143,0.12195120559625143,0.12195120559625143
OKTA,2021-12-03,214.58999633789062,6.574422496892993,29.680007934570312,0.3999328572331936,1.3514976318534544,Hammer,2021-12-10,212.52000427246094,2021-12-17,221.61000061035156,Profit target (+1.5%),1,0.04277242685463545,0.04272436727609656,4272.4367233372195,104272.43672333722,0.14897415662918337,0.14897415662918337,0.14897415662918337,0.14897415662918337,0.14897415662918337,0.14897415662918337
ORCL,1996-04-12,2.5915372371673584,4.7087005146795065,0.2797682285308838,0.10526293363148982,1.1456657825574752,Hammer,1996-04-19,2.5915372371673584,1996-04-26,2.8823490142822266,Profit target (+1.5%),1,0.11221593614172254,0.10814856536439058,10814.8565256242,110814.8565256242,0.12073862238084877,0.19744316652859165,0.19744316652859165,0.19744316652859165,0.2230113172448721,0.22727270636388602
ORCL,1999-04-09,5.1435017585754395,5.671395342968097,1.1305761337280273,0.14285720310924974,1.480516212179163,Hammer,1999-04-16,5.0441107749938965,1999-04-30,5.541067123413086,Profit target (+1.5%),2,0.09852209251288513,0.09644398194447976,10687.42601124999,121502.28253687419,0.09113298047780416,0.09113298047780416,0.1527093237483985,0.1527093237483985,0.1527093237483985,0.1527093237483985
ORCL,2011-08-12,22.275663375854492,4.11455362962559,1.8136100769042969,0.2914800800122837,1.1837341046953371,Hammer,2011-08-19,22.30006217956543,2011-09-23,23.37358856201172,Profit target (+1.5%),5,0.04814006229229317,0.04768094228495927,5793.34331533817,127295.62585221237,0.06856309051199339,0.02297587467300395,0.0455871303078991,0.0455871303078991,0.06856309051199339,0.12910276603269596
ORLY,2011-08-05,3.890019178390503,3.9151448702707654,0.22466778755187988,0.3768551189876104,1.3241312661440356,Hammer,2011-08-12,3.827352285385132,2011-08-19,4.024686813354492,Profit target (+1.5%),1,0.05155901867797441,0.048882387113463016,4888.2387064580635,104888.23870645807,0.05765554383679293,0.09022823596644607,0.12872328106028758,0.15607043359096406,0.19299767975975202,0.248911314770207
ORLY,2017-02-03,17.322751998901367,2.8557401203087522,0.6956710815429688,0.39626355790004714,1.0483615110776454,Hammer,2017-02-10,17.270084381103516,2017-02-17,18.16408920288086,Profit target (+1.5%),1,0.051766094597403445,0.05117224334627961,5367.36646988217,110255.60517634024,0.07083584313564374,0.07083584313564374,0.07083584313564374,0.07083584313564374,0.07083584313564374,0.07083584313564374
PAGE-200007,1994-12-09,15.0,7.563523997866369,2.0,0.375,1.591370909063985,Hammer,1994-12-16,15.0,1994-12-23,15.875,Profit target (+1.5%),1,0.05833333333333335,0.057647450849716675,5764.745079206923,105764.74507920691,0.09166666666666666,0.14166666666666666,0.14166666666666666,0.16666666666666666,0.19166666666666668,0.21666666666666667
PAGE-200007,1995-04-28,13.75,1.1994765208399798,2.0,0.375,1.5908202307036916,Hammer,1995-05-05,13.75,1995-05-19,14.125,Profit target (+1.5%),2,0.027272727272727337,0.02653580516175946,2806.5526655984395,108571.29774480534,0.03636363636363636,0.03636363636363636,0.05454545454545454,0.05454545454545454,0.05454545454545454,0.05454545454545454
PAIR-200006,1998-06-05,14.6875,4.766092505739621,3.1875,0.39215686274509803,1.2160886440754075,Hammer,1998-06-12,14.75,1998-06-26,16.1875,Profit target (+1.5%),2,0.09745762711864403,0.0967468654693325,9674.686537258563,109674.68653725856,0.08898305084745763,0.08898305084745763,0.3644067796610169,0.3644067796610169,0.3644067796610169,0.3644067796610169
PANW,2022-05-13,81.83491516113281,3.1372679897771576,8.249160766601562,0.17759337941648154,1.0257668184613804,Hammer,2022-05-20,81.96991729736328,2022-06-03,84.08324432373047,Profit target (+1.5%),2,0.025781739155605665,0.02565817808314937,2565.8178057491195,102565.81780574913,0.051197598353158576,0.051197598353158576,0.06288881726208798,0.08743069711440687,0.08743069711440687,0.08743069711440687
PAYX,1996-12-20,4.338285446166992,0.7300987107351915,0.7682380676269531,0.3529413225151324,1.8846218068856802,Hammer,1996-12-27,4.349583148956299,1997-01-10,4.620726108551025,Profit target (+1.5%),2,0.06233768853454125,0.05996968037166008,5996.968031169041,105996.96803116903,0.0805195326284895,0.0805195326284895,0.0805195326284895,0.1688312215096752,0.1688312215096752,0.1688312215096752
PAYX,1999-05-28,9.204816818237305,4.452740702675271,1.087489128112793,0.2500002192376668,1.2272723717455352,Hammer,1999-06-04,9.088299751281738,1999-07-02,9.86507797241211,Profit target (+1.5%),4,0.08547013659192082,0.08432342956936945,8938.02785940496,114934.99589057399,0.11111114608920905,0.025641114431581947,0.025641114431581947,0.11111114608920905,0.11111114608920905,0.13461548349577687
PAYX,2006-06-02,19.095470428466797,0.6416402383755297,0.9636974334716797,0.3915349674916626,1.091257380129014,Hammer,2006-06-09,19.57986831665039,2006-06-30,20.11525535583496,Profit target (+1.5%),3,0.027343750761045005,0.026826171648951253,3083.2659251487785,118018.26181572278,0.03880204452003752,0.017708360730953904,0.03880204452003752,0.03880204452003752,0.03880204452003752,0.03880204452003752
PAYX,2011-08-12,16.489835739135742,1.9037061557950494,1.051487922668457,0.2823525143642325,1.3545126836957868,Hammer,2011-08-19,16.60735511779785,2011-10-21,17.590808868408203,RSI > 90,9,0.059217963585086464,0.058598178506756665,6915.655166019213,124933.916981742,0.06517693676964965,0.017877149252954822,0.017877149252954822,0.017877149252954822,0.024208579795859372,0.029795210471713858
PAYX,2015-07-02,33.83552169799805,6.366886728099303,2.7057018280029297,0.1679779664971764,2.3545022174851455,Hammer,2015-07-10,33.72544860839844,2015-08-21,34.490074157714844,Profit target (+1.5%),6,0.022672064594153385,0.02237223578249453,2795.051045151079,127728.96802689308,0.03393355717117351,0.02021474225997192,0.02021474225997192,0.02021474225997192,0.03393355717117351,0.03393355717117351
PCAR,1994-06-17,0.8957364559173584,3.1420605351476496,0.06815385818481445,0.35714323195432696,1.1110352818729068,Hammer,1994-06-24,0.8908683657646179,1994-07-01,0.8957364559173584,Profit target (+1.5%),1,0.005464432614084691,-0.005728419535027821,-572.8419529299401,99427.15804707006,0.0382513628297482,0.0382513628297482,0.0382513628297482,0.09836058992829726,0.10382508944861303,0.14207651918459235
PCAR,2015-10-02,23.107728958129883,3.4023277398930105,1.4026203155517578,0.34810036212718104,1.1068977320177318,Hammer,2015-10-09,23.320785522460938,2015-10-16,24.568050384521484,Profit target (+1.5%),1,0.05348296955345999,0.053042795101976604,5273.894366588687,104701.05241365873,0.06680615251339515,0.06680615251339515,0.06680615251339515,0.06680615251339515,0.06680615251339515,0.06680615251339515
PCAR,2016-07-01,24.0292911529541,4.932989497642396,1.9839000701904297,0.3528042033005331,1.3222462478328687,Hammer,2016-07-08,23.94585609436035,2016-07-22,24.923900604248047,Profit target (+1.5%),2,0.04084399847863618,0.04041795024252336,4231.801922563287,108932.85433622202,0.06465350142677641,0.06465350142677641,0.0749129098870726,0.1536972525842276,0.1536972525842276,0.1536972525842276
PDD,2021-07-30,91.61000061035156,1.2442160299794693,18.719993591308594,0.35470094352656656,1.1128611918175577,Hammer,2021-08-06,91.72000122070312,2021-09-03,94.30000305175781,Profit target (+1.5%),4,0.028129108119465673,0.02801855324995741,2801.8553221938864,102801.85532219388,0.0877670662366523,0.04132142242789091,0.04132142242789091,0.0877670662366523,0.19701264123779189,0.19701264123779189
PEP,2026-01-09,137.22775268554688,8.135655136391605,5.6887969970703125,0.3275834783984808,1.0116883302171582,Hammer,2026-01-16,137.22775268554688,2026-01-23,143.411865234375,Profit target (+1.5%),1,0.045064591001492404,0.044990080195909214,4499.008015091913,104499.00801509191,0.0546065218353367,0.05789428153532863,0.0999212974730907,0.22042734204509595,0.22564497043262371,0.22564497043262371
PETM-201503,1996-11-15,22.574886322021484,3.176287483983444,3.4204368591308594,0.3999996654201709,1.6108482019342043,Hammer,1996-11-22,23.030942916870117,1997-09-26,9.46320915222168,RSI > 90,44,-0.5891089137609777,-0.5894151506472495,-58941.515005783425,41058.484994216575,0.04950497509409436,0.04950497509409436,0.04950497509409436,0.04950497509409436,0.04950497509409436,0.04950497509409436
PETM-201503,2008-11-21,14.374387741088867,6.71259370044757,3.2482376098632812,0.38793120659161534,1.2287096679832843,Hammer,2008-11-28,14.42105770111084,2008-12-05,16.222522735595703,Profit target (+1.5%),1,0.1249190643170437,0.12418257791571959,5098.748506796956,46157.23350101353,0.13915858632450653,0.17152108824642937,0.21877026698607785,0.21877026698607785,0.21877026698607785,0.24595473685776778
PHSYB-199906,1995-06-30,51.0,5.717804582211855,11.25,0.37777777777777777,1.886375517823671,Hammer,1995-07-07,51.0,1995-07-21,54.75,Profit target (+1.5%),2,0.07352941176470584,0.07332614449563765,7332.61444223115,107332.61444223116,0.06372549019607843,0.06372549019607843,0.11764705882352941,0.23529411764705882,0.2549019607843137,0.2549019607843137
PHSYB-199906,1997-01-17,79.375,3.101983887625636,7.75,0.3709677419354839,1.269491929684353,Hammer,1997-01-24,79.375,1997-02-21,84.0,Profit target (+1.5%),4,0.058267716535433056,0.05813807004283196,6240.111050082602,113572.72549231377,0.07559055118110236,0.015748031496062992,0.029921259842519685,0.07559055118110236,0.07559055118110236,0.07559055118110236
PHSYB-199906,1998-09-04,62.125,4.58631678533807,8.875,0.2676056338028169,1.3318511918342937,Hammer,1998-09-11,62.5,1998-09-18,68.75,Profit target (+1.5%),1,0.10000000000000009,0.09983201343892491,11338.193846305803,124910.91933861958,0.118,0.368,0.368,0.368,0.368,0.368
PHYCQ-200207,1998-06-05,16.1875,1.845595756024366,2.9375,0.2978723404255319,1.1741551143378626,Hammer,1998-06-12,16.4375,1998-07-02,17.5625,Profit target (+1.5%),3,0.06844106463878319,0.06781207237342257,6781.207230561049,106781.20723056103,0.1634980988593156,0.011406844106463879,0.1634980988593156,0.1634980988593156,0.1634980988593156,0.1634980988593156
PPLI,1998-10-09,1.19999361038208,9.79544772472525,0.3648332357406616,0.37349396803011853,1.4837415968859144,Hammer,1998-10-16,1.2703229188919067,1998-10-23,1.4505417346954346,Profit target (+1.5%),1,0.14186850691533714,0.13347114937087956,13347.114923740839,113347.11492374085,0.17993070914968984,0.3183390841104288,0.3183390841104288,0.38754322466993757,0.45328713943312654,0.6124565876466195
PPLI,2002-05-03,4.226790428161621,6.29361494945168,0.346019983291626,0.3983730594296337,1.0237007423905902,Hammer,2002-05-10,4.221164226531982,2002-11-01,3.5305306911468506,RSI > 90,25,-0.1636120980662582,-0.16578473950125602,-18791.221902060082,94555.89302168078,0.029656739177511063,0.029656739177511063,0.029656739177511063,0.029656739177511063,0.029656739177511063,0.029656739177511063
PPLI,2007-08-10,3.457348108291626,0.2854617341220944,0.3267383575439453,0.13953547765681096,1.399575099626262,Hammer,2007-08-17,3.4586145877838135,2007-08-31,3.552330255508423,Profit target (+1.5%),2,0.027096302680160722,0.02417002977752625,2285.418747689193,96841.31176936996,0.03844750494623748,0.03844750494623748,0.03844750494623748,0.03844750494623748,0.03844750494623748,0.04723550804636907
PPLI,2008-10-17,2.217689037322998,9.723092650124457,0.31639814376831055,0.3394493131485152,1.2183205722368036,Hammer,2008-10-24,2.23945951461792,2008-10-31,2.2699382305145264,Profit target (+1.5%),1,0.013609853492621227,0.009124119086680163,883.5916602104612,97724.90342958043,0.0836033401135785,0.1257291886467481,0.17109522500541363,0.17109522500541363,0.17109522500541363,0.17109522500541363
PPLI,2008-11-21,2.166891098022461,9.144777348953028,0.32220327854156494,0.3828828745499636,1.221811740862445,Hammer,2008-11-28,2.172696590423584,2008-12-19,2.396207094192505,Profit target (+1.5%),3,0.10287239587619812,0.09804419252334469,9581.359236593693,107306.26266617412,0.15230457755172583,0.01736803120833539,0.15230457755172583,0.15230457755172583,0.15230457755172583,0.15230457755172583
PRGO,1994-03-31,15.611003875732422,1.0910087363450458,2.428378105163574,0.3571425485766035,1.476331227198641,Hammer,1994-04-08,15.264092445373535,1994-09-09,10.494063377380371,RSI > 90,22,-0.31250001171467845,-0.31305259858070295,-31305.259826765032,68694.74017323497,0.02272728834684395,0.02272728834684395,0.02272728834684395,0.02272728834684395,0.02272728834684395,0.02272728834684395
PTC,1994-01-28,21.40625,2.8210096645038902,2.34375,0.2,1.0267681574543328,Hammer,1994-02-04,21.09375,1994-02-25,21.5625,Profit target (+1.5%),3,0.022222222222222143,0.021742994253214097,2174.2994231471102,102174.29942314711,0.05925925925925926,0.022222222222222223,0.05925925925925926,0.05925925925925926,0.05925925925925926,0.05925925925925926
PTC,1997-04-04,56.40625,0.5021413325484758,7.65625,0.30612244897959184,1.3154976601122788,Hammer,1997-04-11,53.4375,1997-05-09,60.0,Profit target (+1.5%),4,0.12280701754385959,0.12260841090892072,12527.428475476892,114701.72789862401,0.12573099415204678,0.07017543859649122,0.07017543859649122,0.12573099415204678,0.12573099415204678,0.12573099415204678
PTEN,2003-08-01,9.541607856750488,6.811308463134893,1.0480403900146484,0.29315983438736976,1.2760721011394176,Hammer,2003-08-08,9.541607856750488,2003-08-15,9.797643661499023,Profit target (+1.5%),1,0.02683361217442992,0.025772065684520777,2577.2065658748716,102577.20656587486,0.0397137420201955,0.06762070667752379,0.08801430390357878,0.08801430390357878,0.08801430390357878,0.08801430390357878
QCOM,1995-09-29,1.689732313156128,8.227875329229775,0.23481297492980957,0.19607829201006827,1.3733808601915933,Hammer,1995-10-06,1.689732313156128,1995-11-17,1.735774040222168,RSI > 90,6,0.027247941409158427,0.021266914418430448,2126.6914397163537,102126.69143971636,0.035422337941749205,0.0,0.0,0.0,0.0,0.035422337941749205
QCOM,2006-05-26,28.961942672729492,5.784277896167239,1.8594284057617188,0.3469230958603966,1.1502068989988061,Hammer,2006-06-02,28.697681427001953,2006-06-09,29.36148452758789,Profit target (+1.5%),1,0.0231308965595165,0.02277846765810785,2326.2895356628496,104452.9809753792,0.04735804225085322,0.04735804225085322,0.04735804225085322,0.04735804225085322,0.04735804225085322,0.04735804225085322
QCOM,2008-10-03,26.480365753173828,3.5804781912541728,9.524377822875977,0.31972795927199205,2.9307442034968116,Hammer,2008-10-10,25.787094116210938,2009-03-27,24.749544143676758,RSI > 90,24,-0.040235242011310124,-0.04061515780045825,-4242.374300800915,100210.60667457829,0.0839196311442186,0.0839196311442186,0.0839196311442186,0.0839196311442186,0.0839196311442186,0.0839196311442186
QMCO,1997-11-14,4085.597900390625,9.671772477288599,800.271484375,0.1263154715562834,1.2814670334143645,Hammer,1997-11-21,4228.80419921875,1998-02-13,3386.4130859375,RSI > 90,12,-0.19920314906915704,-0.19922115703768262,-19922.115685838537,80077.88431416146,0.013944198496384369,0.013944198496384369,0.013944198496384369,0.013944198496384369,0.013944198496384369,0.013944198496384369
QMCO,1998-09-04,1819.565185546875,7.783924894323803,438.04345703125,0.17307685876807047,1.0328085154659459,Hammer,1998-09-11,1988.04345703125,1998-09-18,2139.673828125,Profit target (+1.5%),1,0.07627115521920236,0.07624522707218963,6105.556467840419,86183.44078200188,0.08474576895615954,0.08474576895615954,0.1737287833785622,0.1737287833785622,0.1737287833785622,0.1737287833785622
QTRN-200309,1997-04-04,27.5,5.340723949805465,4.0,0.375,1.1919447822738218,Hammer,1997-04-11,28.0,1997-05-30,29.375,Profit target (+1.5%),7,0.049107142857142794,0.04874129619710768,4874.129614836638,104874.12961483664,0.06696428571428571,0.022321428571428572,0.022321428571428572,0.026785714285714284,0.05803571428571429,0.05803571428571429
QTRN-200309,1999-03-26,38.4375,7.054143477826358,5.0,0.2375,1.0000427633503655,Hammer,1999-04-01,38.875,1999-04-30,43.25,RSI > 90,4,0.112540192926045,0.11226851851851856,11774.063151002742,116648.19276583937,0.10610932475884244,0.028938906752411574,0.028938906752411574,0.06109324758842444,0.10610932475884244,0.1189710610932476
REGN,2016-02-12,375.9052429199219,5.143397358400733,43.024658203125,0.3372522399832037,1.019046408622515,Hammer,2016-02-19,383.2347106933594,2016-02-26,395.78106689453125,Profit target (+1.5%),1,0.03273804760135812,0.03271152714965527,3271.1527116943744,103271.15271169436,0.04813664138762772,0.04997406001910361,0.08436852371447785,0.08436852371447785,0.08436852371447785,0.08436852371447785
REGN,2017-12-01,370.4106140136719,0.6126585152795769,30.611358642578125,0.3411725766718873,1.120454196025424,Hammer,2017-12-08,372.4239807128906,2017-12-22,387.707763671875,Profit target (+1.5%),2,0.04103866493701158,0.041011263220568465,4235.280422715541,107506.4331344099,0.038135830369246296,0.038135830369246296,0.04103866493701156,0.04103866493701156,0.056671115357949206,0.056671115357949206
RNWK-202212,2000-10-20,59.14753723144531,9.771034229244876,44.696720123291016,0.2894736415374034,1.5445987147289622,Hammer,2000-10-27,65.36475372314453,2001-05-11,26.48196792602539,RSI > 90,28,-0.5948585985928899,-0.5949660750113692,-59496.60744164032,40503.39255835968,0.10025702980184742,0.017994770696524966,0.10025702980184742,0.10025702980184742,0.10025702980184742,0.10025702980184742
ROST,1999-09-03,2.0202815532684326,1.691959371308613,0.15802645683288574,0.24910570283233077,1.0340031441552204,Hammer,1999-09-10,2.0141963958740234,1999-10-15,2.1419851779937744,Profit target (+1.5%),5,0.06344405261647745,0.05833448512509119,5833.4485066756715,105833.44850667566,0.16314195104444143,0.030211459263517038,0.030211459263517038,0.033232593352960506,0.16314195104444143,0.16314195104444143
ROST,2022-02-25,88.1962661743164,4.040165521770746,8.902374267578125,0.29700853235885954,1.3541048290831748,Hammer,2022-03-04,86.7410659790039,2022-03-25,89.55884552001953,Profit target (+1.5%),3,0.03248495403201157,0.032367802612457544,3425.5961676341713,109259.04467430984,0.07028517524127421,0.07028517524127421,0.07028517524127421,0.07028517524127421,0.07028517524127421,0.08178181202490034
RXSD-200007,1998-08-07,27.5,2.2137445182116124,10.3125,0.26666666666666666,2.8329560288873723,Hammer,1998-08-14,27.875,1999-01-22,16.0,RSI > 90,23,-0.4260089686098655,-0.42629124820659975,-42629.12477803084,57370.87522196917,0.0,0.0,0.0,0.0,0.0,0.0
RYAAY,2008-01-11,10.46484661102295,6.568304789931389,1.3435888290405273,0.3826291563006839,1.193853506843298,Hammer,2008-01-18,10.534234046936035,2008-06-20,9.474502563476562,RSI > 90,22,-0.1005988170319515,-0.10149992672099968,-10149.992661949978,89850.00733805001,0.06976044150138354,0.06976044150138354,0.06976044150138354,0.06976044150138354,0.06976044150138354,0.06976044150138354
SBAC,2013-02-15,62.63861846923828,3.584480888752907,2.6809959411621094,0.3163258191793764,1.2778956799634362,Hammer,2013-02-22,62.91218185424805,2013-03-08,65.31049346923828,Profit target (+1.5%),2,0.03812157747996303,0.037959608879541494,3795.9608841581885,103795.9608841582,0.03884629025219483,0.03884629025219483,0.07319908239430013,0.07319908239430013,0.07319908239430013,0.07319908239430013
SBUX,1997-01-03,1.3831955194473267,2.9486794491208457,0.1671360731124878,0.27586179842358166,1.2322519494024224,Hammer,1997-01-10,1.3889588117599487,1997-01-24,1.5042251348495483,Profit target (+1.5%),2,0.0829875746592843,0.07551609287271199,7551.609279719591,107551.60927971959,0.09128629779466574,0.09128629779466574,0.19087140455108045,0.19087140455108045,0.21991702135128294,0.23651455344841332
SBUX,1997-04-04,1.4177753925323486,8.312964788778388,0.14984619617462158,0.23076910837779763,1.1295840032459976,Hammer,1997-04-11,1.4177753925323486,1997-05-30,1.5445683002471924,RSI > 90,7,0.08943088473864225,0.08208808525073523,8828.705662578683,116380.31494229827,0.1056910685316487,0.016260183793006436,0.016260183793006436,0.016260183793006436,0.016260183793006436,0.016260183793006436
SBUX,2020-03-13,60.746856689453125,2.6261688044018,11.720176696777344,0.37286866768173405,2.5251440654334747,Hammer,2020-03-20,52.6756591796875,2020-04-03,57.82767105102539,Profit target (+1.5%),2,0.097806310382625,0.09760720445427795,11359.55718366661,127739.87212596489,0.18060364954961428,0.18060364954961428,0.18060364954961428,0.22472359270391337,0.27643075971162334,0.287481402904623
SBUX,2022-02-25,83.48397827148438,4.602637743339912,6.122886657714844,0.2150225721117603,1.1990429813625958,Hammer,2022-03-04,82.32072448730469,2022-07-29,75.90814971923828,RSI > 90,21,-0.07789745301689299,-0.07801419068054259,-9965.522731577628,117774.34939438727,0.02420856386438407,0.02420856386438407,0.02420856386438407,0.02420856386438407,0.02420856386438407,0.02420856386438407
SBUX,2024-07-12,71.13301849365234,4.005374154139801,4.154090881347656,0.37070810031497653,1.09002935155481,Hammer,2024-07-19,71.19004821777344,2024-07-26,74.46009826660156,Profit target (+1.5%),1,0.04593408953488698,0.04579040439520735,5392.9350807585015,123167.28447514579,0.05995463305091339,0.05995463305091339,0.08479103360810852,0.08479103360810852,0.2849259170110198,0.2849259170110198
SDLI-200102,2000-04-07,183.0,6.360699719744943,94.375,0.3072847682119205,2.769091920073291,Hammer,2000-04-14,183.5,2000-05-05,196.875,Profit target (+1.5%),3,0.07288828337874653,0.07283180294814866,7283.180287531686,107283.1802875317,0.08446866485013624,0.0027247956403269754,0.08446866485013624,0.10626702997275204,0.10626702997275204,0.18732970027247955
SHLDQ-202210,2005-09-23,81.46656036376953,3.5951074485123087,7.002082824707031,0.331730910667842,1.0376178407820273,Hammer,2005-09-30,83.0353012084961,2006-03-24,91.5993881225586,RSI > 90,25,0.10313790387245847,0.10301127030578862,10301.127020277738,110301.12702027774,0.13103059712854281,0.03559556518186119,0.03559556518186119,0.03559556518186119,0.03559556518186119,0.03559556518186119
SHLM-201808,1995-08-04,14.30731201171875,7.23533208213756,1.4307308197021484,0.272726848549889,1.436415138896557,Hammer,1995-08-11,14.30731201171875,1996-01-05,11.744010925292969,RSI > 90,21,-0.1791602143244131,-0.17979632391459838,-17979.632373480206,82020.3676265198,0.009090870308987207,0.0,0.0,0.0,0.0,0.009090870308987207
SIAL-201511,1998-07-31,12.098636627197266,8.875006899349202,1.4141263961791992,0.35185143972393124,1.2281485343698018,Hammer,1998-08-07,12.124823570251465,1998-09-18,12.760685920715332,RSI > 90,6,0.052443018801854535,0.05159698711519612,5159.698706359914,105159.69870635991,0.05677406100253748,0.006479495231912979,0.006479495231912979,0.006479495231912979,0.05677406100253748,0.05677406100253748
SIRI,2017-05-05,39.356693267822266,2.893288931633691,1.8511314392089844,0.3913053333965293,1.176094592628694,Hammer,2017-05-12,39.39702224731445,2017-06-02,42.743953704833984,RSI > 90,3,0.08495391952491227,0.08468934504362824,8468.93449589389,108468.93449589389,0.09518931285041103,0.013305972592330155,0.09518931285041103,0.12589549282690723,0.12589549282690723,0.12589549282690723
SKYT-199909,1995-12-08,22.375,9.819154827155373,3.875,0.22580645161290322,1.1351889503959964,Hammer,1995-12-15,22.5,1996-06-21,17.0,RSI > 90,27,-0.24444444444444446,-0.24483448122639417,-24483.44809815597,75516.55190184404,0.03888888888888889,0.03888888888888889,0.03888888888888889,0.03888888888888889,0.03888888888888889,0.03888888888888889
SNDK-201605,2003-12-19,29.510238647460938,8.68201324289008,5.443353652954102,0.3075551397480978,1.5887901098493242,Hammer,2003-12-26,29.737648010253906,2004-01-16,33.0955924987793,Profit target (+1.5%),3,0.11291896680489089,0.11256376659439243,11256.376648182864,111256.37664818286,0.1371624258262346,0.03465671294865042,0.1371624258262346,0.16221929804531973,0.18272049193218795,0.18272049193218795
SNDK-201605,2015-01-23,78.63468170166016,8.487334320683914,6.4048614501953125,0.3744225715844469,1.0206150136254588,Hammer,2015-01-30,78.68402862548828,2015-02-20,81.6446762084961,Profit target (+1.5%),3,0.037627046234498085,0.037497572845270395,4171.844083694232,115428.22073187711,0.0499184885341443,0.013671120700479857,0.0499184885341443,0.0499184885341443,0.0499184885341443,0.052155993543465784
SNPS,1997-02-21,18.625,5.114047831108948,2.875,0.391304347826087,1.304900460657003,Hammer,1997-02-28,18.25,1997-06-06,18.5625,Profit target (+1.5%),14,0.017123287671232834,0.016570802519857677,1657.0802503286873,101657.0802503287,0.030821917808219176,0.010273972602739725,0.010273972602739725,0.010273972602739725,0.010273972602739725,0.010273972602739725
SNPS,2020-03-13,129.8800048828125,6.12008668916414,18.865005493164062,0.38271927476084594,1.8849406072217072,Hammer,2020-03-20,112.58999633789062,2020-04-03,125.69999694824219,Profit target (+1.5%),2,0.11644019039673403,0.11634620575002531,11827.415562924161,113484.49581325287,0.13997699865206573,0.13997699865206573,0.16351367138213274,0.2525979515627283,0.38635759316887613,0.38635759316887613
SON,1994-12-09,6.331638813018799,3.6604048595227425,0.386075496673584,0.3999992589472852,1.0271554514297898,Hammer,1994-12-16,6.293031215667725,1994-12-23,6.60189151763916,Profit target (+1.5%),1,0.04907973461222759,0.0474529724825682,4745.2972435115225,104745.29724351152,0.04907973461222753,0.06134968720834786,0.07361963980446819,0.10429444552251524,0.11656439811863556,0.12269937441669572
SPLK-202403,2021-10-01,145.13999938964844,7.306579557249734,13.580001831054688,0.3880709544831957,1.3401781693349835,Hammer,2021-10-08,143.7928924560547,2021-10-15,148.71499633789062,Profit target (+1.5%),1,0.03423050887817847,0.03415977659990456,3415.977656574478,103415.97765657447,0.06994166036777197,0.1635832591137304,0.18125514731030387,0.18615040455298928,0.18615040455298928,0.22857257159702368
SPLK-202403,2022-05-13,101.80000305175781,3.9256974869439887,17.547103881835938,0.074490833215214,1.292250411819763,Hammer,2022-05-20,101.44999694824219,2022-06-03,106.5999984741211,Profit target (+1.5%),2,0.05076393968258408,0.05066287201704909,5239.350435293691,108655.32809186816,0.07146377740847847,0.07146377740847847,0.07146377740847847,0.08881224649841238,0.08881224649841238,0.08881224649841238
SPLS-201709,2000-10-20,5.789360523223877,0.6772267712034079,1.1323866844177246,0.23179594633118675,1.0775346695146713,Hammer,2000-10-27,5.819356918334961,2000-11-03,6.149320602416992,Profit target (+1.5%),1,0.05670105627005273,0.054935452714924095,5493.545265998864,105493.54526599885,0.06701031688101582,0.24742266436229993,0.24742266436229993,0.24742266436229993,0.24742266436229993,0.24742266436229993
SPLS-201709,2011-08-12,10.658967971801758,8.3325875428325,1.858123779296875,0.34469539885361405,2.0708976137408523,Hammer,2011-08-19,10.698504447937012,2011-09-02,11.528764724731445,Profit target (+1.5%),2,0.07760526537468815,0.07663473965786316,8084.470368960354,113578.0156349592,0.14338509893971357,0.14338509893971357,0.14338509893971357,0.14338509893971357,0.14338509893971357,0.14338509893971357
SPLS-201709,2015-10-02,11.069793701171875,4.052292011329911,0.7926511764526367,0.37931071821742035,1.02613129993638,Hammer,2015-10-09,11.170015335083008,2015-10-23,11.434232711791992,Profit target (+1.5%),2,0.023654164187145277,0.022748727324864666,2583.7553051951472,116161.77094015435,0.04812394504726103,0.04812394504726103,0.04812394504726103,0.074836778480629,0.1011418462665452,0.1011418462665452
SSCC-201105,2003-02-28,1568.2744140625,0.662749543113847,129.1102294921875,0.3211007959942175,1.0123424801600325,Hammer,2003-03-07,1593.1488037109375,2003-03-28,1731.7349853515625,RSI > 90,3,0.08698884957752528,0.08696797968901068,8696.79796107403,108696.79796107403,0.10929375549523698,0.017100430424313705,0.10929375549523698,0.10929375549523698,0.10929375549523698,0.11672869859379399
STX,2014-10-17,31.475704193115234,0.8682493616263969,2.4193801879882812,0.3832923910404178,1.3942987050533664,Hammer,2014-10-24,31.178483963012695,2014-10-31,34.2993049621582,Profit target (+1.5%),1,0.10009534148125243,0.09975860948812865,9975.860938837006,109975.860938837,0.11649187395103724,0.19837934775659996,0.23927542921254422,0.23927542921254422,0.2790909127058047,0.28216753367157077
TCOM,2012-07-20,7.2796220779418945,1.097894042705775,1.0001397132873535,0.3880592816498168,1.001929021333663,Hammer,2012-07-27,7.180105686187744,2012-08-31,8.553431510925293,RSI > 90,5,0.19126819085398616,0.1897433224062844,18974.332221654106,118974.33222165411,0.23215524633025084,0.033957013430870556,0.033957013430870556,0.033957013430870556,0.23215524633025084,0.23215524633025084
TCOMA-199903,1994-02-25,16.49329376220703,0.25651307666747414,2.7632741928100586,0.34374977351188246,2.006916456664065,Hammer,1994-03-04,16.752349853515625,1994-06-10,15.888826370239258,RSI > 90,14,-0.05154640935911148,-0.05212778219183061,-5212.778213970283,94787.22178602972,0.005154584008117448,0.005154584008117448,0.005154584008117448,0.005154584008117448,0.005154584008117448,0.005154584008117448
TCOMA-199903,1995-03-31,14.507189750671387,3.1591640768171203,1.208932876586914,0.35714285714285715,1.0872153630079413,Hammer,1995-04-07,14.42083740234375,1995-06-23,15.975178718566895,RSI > 90,11,0.10778440064586858,0.10705384187764637,10147.336242955687,104934.55802898541,0.11377242657795497,0.00598802593208646,0.00598802593208646,0.00598802593208646,0.00598802593208646,0.01796407779625938
TCOMA-199903,1996-07-19,13.92391300201416,3.5002764176088164,2.625,0.2608697073800223,1.9621144413529041,Hammer,1996-07-26,13.92391300201416,1996-08-16,14.3804349899292,Profit target (+1.5%),3,0.03278690321097244,0.03205720273006733,3363.9083967612924,108298.4664257467,0.04918035481645867,0.016393451605486224,0.04918035481645867,0.057377046373285556,0.057377046373285556,0.057377046373285556
TECD-202006,1999-01-29,31.375,8.449021539921361,7.875,0.3968253968253968,1.400143893615879,Hammer,1999-02-05,31.25,1999-04-09,22.625,RSI > 90,9,-0.276,-0.2762757958726604,-27627.579559638463,72372.42044036154,0.024,0.024,0.024,0.024,0.024,0.024
TEVA,2004-07-30,23.00631332397461,1.2657221012761966,3.621938705444336,0.30042934501845503,2.715554002144517,Hammer,2004-08-06,22.990768432617188,2004-12-10,22.088146209716797,RSI > 90,18,-0.03926020243933359,-0.039686528657417106,-3968.6528617730573,96031.34713822693,0.015551133154534708,0.015551133154534708,0.015551133154534708,0.015551133154534708,0.015551133154534708,0.015551133154534708
TEVA,2005-07-08,24.099706649780273,3.050674729449696,1.3067035675048828,0.2754488832837777,1.0219055721358556,Hammer,2005-07-15,24.240549087524414,2005-08-05,24.530057907104492,Profit target (+1.5%),3,0.01194316261297379,0.011528252817499574,1107.0736471074706,97138.4207853344,0.07133629170253683,0.012588766616237953,0.07133629170253683,0.08650739564761399,0.08650739564761399,0.08650739564761399
TEVA,2006-04-21,31.059141159057617,7.519718709060271,1.9078292846679688,0.3744856296213354,1.1629997246157726,Hammer,2006-04-28,31.585166931152344,2006-05-12,34.1446418762207,RSI > 90,2,0.08103408003659962,0.080704699998094,7839.527099929504,104977.94788526391,0.09122555424232916,0.09122555424232916,0.09122555424232916,0.09122555424232916,0.09122555424232916,0.09122555424232916
TEVA,2010-06-11,43.575477600097656,3.768915948532637,2.1800079345703125,0.11698129055288412,1.0308995787687325,Hammer,2010-06-18,43.66596984863281,2010-07-16,44.768310546875,Profit target (+1.5%),4,0.02524484631999302,0.025012970905577074,2625.810353555483,107603.75823881938,0.03560663215795685,0.03560663215795685,0.03560663215795685,0.03560663215795685,0.06198184081940306,0.06198184081940306
TEVA,2011-08-12,33.38325119018555,1.0265559879929782,3.657865524291992,0.16781739255126382,1.7098600581405319,Hammer,2011-08-19,33.32439041137695,2011-09-09,32.89553451538086,Profit target (+1.5%),3,-0.012869129508508048,-0.013167234401211645,-1416.8439057649998,106186.91433305437,0.05854147805080915,0.03002762543829756,0.05854147805080915,0.05854147805080915,0.05854147805080915,0.05854147805080915
TFCFA-201903,2014-10-03,34.771610260009766,9.622202514988572,2.1432456970214844,0.2619042109928289,1.3299197610074631,Hammer,2014-10-10,34.84305191040039,2014-11-21,35.843231201171875,RSI > 90,6,0.028705272240315383,0.028414193519838236,2841.419349142404,102841.41934914241,0.05506729493446225,0.0032219544406949193,0.0032219544406949193,0.05506729493446225,0.05506729493446225,0.05506729493446225
TIGO,2008-09-19,28.78824234008789,3.0008651676966167,4.798736572265625,0.38207136951890364,1.2165524159168966,Hammer,2008-09-26,29.423059463500977,2008-10-03,29.10147476196289,Profit target (+1.5%),1,-0.010929682616350966,-0.011267637336037787,-1126.7637324770149,98873.236267523,0.05322926507230544,0.05322926507230544,0.05322926507230544,0.05322926507230544,0.05322926507230544,0.05322926507230544
TLAB-201312,2000-10-13,31.31745719909668,2.2713357413158946,8.21025276184082,0.28865984889896407,1.487052554578669,Hammer,2000-10-20,30.76728630065918,2000-11-10,36.56524658203125,RSI > 90,3,0.18844561800849657,0.18809003090706602,18809.003071897598,118809.00307189759,0.25034388927252066,0.0343878733753483,0.25034388927252066,0.25034388927252066,0.27922965827303453,0.28885824793987247
TMUS,2023-06-09,125.6187744140625,5.606959083249791,6.655799865722656,0.23706855542653563,1.0122737152546537,Hammer,2023-06-16,125.9343490600586,2023-07-07,132.84835815429688,RSI > 90,3,0.054901693984545474,0.054820110996015047,5482.011094119494,105482.01109411949,0.05687595049867425,0.022062443768251557,0.05687595049867425,0.06272299214604797,0.07259475937521942,0.07707494280877913
TRIN-200909,1999-10-01,316.2675476074219,3.331230961608938,32.28387451171875,0.36283200898402274,1.0204487382616003,Hammer,1999-10-08,329.12396240234375,1999-12-10,319.98162841796875,RSI > 90,9,-0.027777782929092165,-0.027807744166819182,-2780.774413901144,97219.22558609885,0.0,0.0,0.0,0.0,0.0,0.0
TRIP,2014-10-17,72.0757827758789,0.8986963495475777,7.167564392089844,0.2915631948753921,1.1711762485021233,Hammer,2014-10-24,71.8178939819336,2014-10-31,77.84718322753906,Profit target (+1.5%),1,0.08395246520487198,0.08380738942543259,8380.73893416252,108380.73893416252,0.09905893938532813,0.11032691458853762,0.11032691458853762,0.11032691458853762,0.11032691458853762,0.11032691458853762
TRIP,2016-01-22,62.82732009887695,3.312197863363963,5.940361022949219,0.27095740513604283,1.1115116991698986,Hammer,2016-01-29,62.925140380859375,2016-06-03,60.026100158691406,RSI > 90,18,-0.04607125553667901,-0.046226501396027006,-5010.06237463244,103370.6765595301,0.0035330352955554767,0.0035330352955554767,0.0035330352955554767,0.0035330352955554767,0.0035330352955554767,0.0035330352955554767
TSCO,2014-02-07,11.088509559631348,2.4510048400290003,0.7651271820068359,0.08496635896566596,1.3269226315071532,Hammer,2014-02-14,11.101844787597656,2014-03-07,11.680076599121094,Profit target (+1.5%),3,0.05208429973452744,0.05116050709180238,5116.050704064186,105116.0507040642,0.07239478854626459,0.004091356095388694,0.07239478854626459,0.09812141916144208,0.09812141916144208,0.12369772070198008
TTWO,2018-10-26,120.05999755859375,5.936468208045383,14.154998779296875,0.3472272228462522,1.5339219526761632,Hammer,2018-11-02,122.3499984741211,2018-11-09,128.61000061035156,Profit target (+1.5%),1,0.05116470955702179,0.05108088933164746,5108.088928056657,105108.08892805666,0.06383330842166064,0.06383330842166064,0.06383330842166064,0.06383330842166064,0.06383330842166064,0.06383330842166064
TWX-201806,1996-07-26,2.8566184043884277,3.6841206458850735,0.7617647647857666,0.31249990219315804,1.063358060317502,Hammer,1996-08-02,2.8447158336639404,1996-08-09,3.3446240425109863,Profit target (+1.5%),1,0.1757322130144625,0.17191475832773145,17191.475815581667,117191.47581558168,0.24267778604433957,0.24267778604433957,0.24267778604433957,0.24267778604433957,0.24267778604433957,0.24267778604433957
TXN,2014-02-07,30.06848907470703,8.035624383994389,1.5553874969482422,0.2534559782015547,1.534291918881779,Hammer,2014-02-14,30.08282470703125,2014-02-21,31.358675003051758,Profit target (+1.5%),1,0.04241125321327632,0.04207184495211073,4207.184491003889,104207.18449100388,0.04693824473448751,0.05861325442250298,0.07672147412031805,0.09685492019307049,0.11460567240914062,0.13533472854282103
UAL,2007-08-17,38.00422286987305,8.994892054468892,7.228660583496094,0.38680492888994433,1.844476521830396,Hammer,2007-08-24,38.18190383911133,2007-08-31,41.87571716308594,Profit target (+1.5%),1,0.09674251288095492,0.09646797602380164,9646.797592733368,109646.79759273336,0.11462144114634229,0.17193226162802722,0.18123913932012456,0.18123913932012456,0.18956641403466845,0.18956641403466845
UAL,2019-08-09,86.9800033569336,9.903688313838558,4.849998474121094,0.39175144211332724,1.1058503447360264,Hammer,2019-08-16,86.23999786376953,2019-09-20,88.30000305175781,RSI > 90,5,0.023886888207516055,0.02376955462653514,2606.2555423988624,112253.05313513221,0.0649350488501545,0.0004638325199234336,0.0004638325199234336,0.013914710196680736,0.0649350488501545,0.0649350488501545
ULTA,2019-05-31,333.3800048828125,7.581703109837818,34.459991455078125,0.14857795666786222,1.7450144367212963,Hammer,2019-06-07,333.8900146484375,2019-06-21,355.6099853515625,RSI > 90,2,0.06505127362372476,0.06502034996234882,6502.034989732847,106502.03498973284,0.06505127362372483,0.06505127362372483,0.09477668581072064,0.09477668581072064,0.09477668581072064,0.09477668581072064
USRX-199706,1996-01-12,37.75,3.986663518848502,8.0,0.34375,1.4458662171311514,Hammer,1996-01-19,38.375,1996-01-26,45.625,Profit target (+1.5%),1,0.18892508143322484,0.18863991662324134,18863.99164346014,118863.99164346015,0.1791530944625407,0.31921824104234525,0.31921824104234525,0.34201954397394135,0.34201954397394135,0.6091205211726385
VCELA-199905,1995-10-13,24.25,5.162624147572245,1.875,0.06666666666666667,1.228988956111513,Hammer,1995-10-20,24.5,1995-10-27,25.25,Profit target (+1.5%),1,0.030612244897959107,0.030197918792083268,3019.791876188535,103019.79187618854,0.05102040816326531,0.05102040816326531,0.05102040816326531,0.05102040816326531,0.05102040816326531,0.05102040816326531
VCELA-199905,1995-11-24,22.75,5.5423321061168735,2.75,0.18181818181818182,1.700819066725952,Hammer,1995-12-01,23.25,1996-02-16,22.0,RSI > 90,11,-0.053763440860215006,-0.054181896366372835,-5581.80768153914,97437.9841946494,0.0,0.0,0.0,0.0,0.0,0.0
VIAB-201912,2014-10-17,60.441566467285156,2.0473680454678345,4.046295166015625,0.2564664112407515,1.49141742923643,Hammer,2014-10-24,60.30204391479492,2014-10-31,62.36878967285156,Profit target (+1.5%),1,0.034273228963464186,0.034104569293141346,3410.456925903678,103410.45692590367,0.0449747052392237,0.07129427532033357,0.07129427532033357,0.07129427532033357,0.08373103209240945,0.09587843838545976
VIAB-201912,2015-01-23,59.393272399902344,5.138864155528722,3.460224151611328,0.2379731819900626,1.0628823650321761,Hammer,2015-01-30,59.11294937133789,2015-02-20,60.330596923828125,Profit target (+1.5%),3,0.020598660114912848,0.02042776458473932,2112.4444675702416,105522.90139347392,0.025044357920909803,0.004742159400701015,0.025044357920909803,0.03393588259759468,0.05616469428930689,0.06535113178440646
VIAB-201912,2017-10-13,24.6072940826416,5.632596782228589,3.0001964569091797,0.1955838870109799,1.512967475617826,Hammer,2017-10-20,24.692472457885742,2017-10-27,25.175155639648438,Profit target (+1.5%),1,0.019547786580948356,0.019138929401327158,2019.5953579733086,107542.49675144724,0.03449599400338345,0.03449599400338345,0.03449599400338345,0.03449599400338345,0.03449599400338345,0.05979306142214019
VKNG-199808,1995-04-28,13.75,4.547781453516805,1.125,0.1111111111111111,1.232905866633876,Hammer,1995-05-05,13.75,1995-05-19,14.5,Profit target (+1.5%),2,0.05454545454545445,0.05379861868411489,5379.861863031627,105379.86186303163,0.06363636363636363,0.06363636363636363,0.07272727272727272,0.07272727272727272,0.07272727272727272,0.09545454545454546
VMED-201306,2006-06-16,23.10906410217285,6.767067718756806,1.7754631042480469,0.13684208264668787,1.2581701341330482,Hammer,2006-06-23,23.081031799316406,2006-08-25,24.753704071044922,RSI > 90,9,0.07246956229132073,0.07202070438877882,7202.070431675813,107202.07043167582,0.10080969445111969,0.025506011515639724,0.030364326969067625,0.030364326969067625,0.030364326969067625,0.030364326969067625
VMED-201306,2006-11-17,23.734535217285156,7.837615849859134,2.440786361694336,0.23754781487487056,1.37418563520078,Hammer,2006-11-24,23.846755981445312,2007-01-26,24.586395263671875,Profit target (+1.5%),9,0.031016348001466687,0.030590589757591154,3279.3745544604135,110481.44498613622,0.0635912558124059,0.009803905885574867,0.019607811771149734,0.019607811771149734,0.019607811771149734,0.019607811771149734
VMED-201306,2007-05-11,22.76936149597168,8.029170042731707,3.0253028869628906,0.27554235781430275,2.041163043728922,Hammer,2007-05-18,22.919221878051758,2007-05-25,24.97043228149414,Profit target (+1.5%),1,0.08949738408905983,0.08904164399999503,9837.449483223128,120318.89446935935,0.016755195225674382,0.09726202126066875,0.09726202126066875,0.09726202126066875,0.09726202126066875,0.09726202126066875
VMED-201306,2011-08-12,23.382837295532227,5.755788254390893,2.977254867553711,0.2558133277469523,1.5447106930784298,Hammer,2011-08-19,23.630117416381836,2011-09-02,24.273048400878906,Profit target (+1.5%),2,0.027208116369804802,0.026779261272396965,3222.0511077788815,123540.94557713823,0.08371701415135878,0.08371701415135878,0.08371701415135878,0.08371701415135878,0.09845429654579507,0.1286407839478724
VOD,2014-02-07,16.949989318847656,8.01591674510665,0.7738246917724609,0.21556936409773556,1.2808603812058337,Hammer,2014-02-14,16.912918090820312,2014-02-28,18.90348243713379,Profit target (+1.5%),2,0.1176949084495289,0.11706903507164591,11706.90349545769,111706.9034954577,0.0841095989281896,0.0841095989281896,0.13493161344454419,0.13493161344454419,0.13493161344454419,0.13493161344454419
VOD,2014-10-17,14.408949851989746,3.3582649847673878,1.2220659255981445,0.2843598825998163,1.78902849534803,Hammer,2014-10-24,14.328584671020508,2014-10-31,15.018777847290039,Profit target (+1.5%),1,0.04816897077528126,0.04745450575561449,5300.995889566075,117007.89938502376,0.0666447248880337,0.09600794962398358,0.09963712868420545,0.17172545576890183,0.2010900782116807,0.23961886531497323
VRSK,2022-01-28,187.35801696777344,3.9355311513557325,11.447555541992188,0.3480093358410188,1.1831839306673064,Hammer,2022-02-04,187.21261596679688,2022-02-11,191.68113708496094,Profit target (+1.5%),1,0.02386869653568957,0.023814645300017066,2381.464527620242,102381.46452762024,0.038055398386491794,0.056176923517050795,0.056176923517050795,0.056176923517050795,0.056176923517050795,0.056176923517050795
VRSN,2006-08-04,14.704997062683105,1.6561489615699685,1.7983932495117188,0.24186054157704726,1.4591781295026467,Hammer,2006-08-11,14.562798500061035,2006-08-25,16.168804168701172,Profit target (+1.5%),2,0.11028139053310437,0.10955709393107337,10955.709382151628,110955.70938215162,0.12004589854449198,0.12004589854449198,0.1257897653082628,0.1740379841758468,0.1751866265545555,0.2642159720097987
VRSN,2008-07-11,29.610746383666992,1.5131136170296173,3.036355972290039,0.2258950641518916,1.3770208513180366,Hammer,2008-07-18,30.028976440429688,2009-05-15,20.00816535949707,RSI > 90,43,-0.33370471686943814,-0.3339821185792043,-37057.22285085227,73898.48653129935,0.0027854717961929474,0.0027854717961929474,0.0027854717961929474,0.0027854717961929474,0.0027854717961929474,0.0027854717961929474
VRSN,2020-03-13,179.89100646972656,9.356644616189499,26.153244018554688,0.19849309705661505,2.3675517718420034,Hammer,2020-03-20,163.1352081298828,2020-04-03,173.419189453125,Profit target (+1.5%),2,0.0630396187379394,0.06297638970193448,4653.859881524404,78552.34641282374,0.08520012058482705,0.08520012058482705,0.15270807500241554,0.20765648177585572,0.2696696516368698,0.3223838905704854
VRTS-200507,1999-04-30,15.777777671813965,8.892918745914372,2.958333969116211,0.37558695283552296,1.2684311778304456,Hammer,1999-05-07,16.19444465637207,1999-05-21,17.41666603088379,Profit target (+1.5%),2,0.07547164477979229,0.07483104515159346,7483.104507676242,107483.10450767624,0.09090903737365516,0.09090903737365516,0.17324183713357658,0.24185244471119843,0.2830189034801385,0.361921066861016
VRTS-200507,2000-04-07,126.25,9.572204974676595,41.18800354003906,0.07133153558130136,1.7244356882562335,Hammer,2000-04-14,128.18800354003906,2000-06-09,133.25,RSI > 90,8,0.039488847007277394,0.03940929941923877,4235.833843816512,111718.93835149276,0.08677873601836178,0.00048363698824260983,0.00048363698824260983,0.00048363698824260983,0.00048363698824260983,0.00048363698824260983
VRTS-200507,2004-07-09,18.5,5.919400611198711,3.020000457763672,0.3973511857769918,1.0150121293749583,Hammer,2004-07-16,18.8700008392334,2004-10-15,20.90999984741211,RSI > 90,13,0.1081080507393124,0.10754961154540317,12015.328409952563,123734.26676144534,0.14414410134520128,0.01801792422459004,0.04080543275939359,0.04080543275939359,0.04080543275939359,0.04080543275939359
VRTX,2007-11-09,25.420000076293945,6.346858684347836,3.3899993896484375,0.2625367403799844,1.0011261951745056,Hammer,2007-11-16,25.399999618530273,2008-04-11,26.239999771118164,RSI > 90,21,0.03307087264580422,0.032670740604242736,3267.0740571571996,103267.0740571572,0.0688976388300143,0.0688976388300143,0.0688976388300143,0.0688976388300143,0.0688976388300143,0.0688976388300143
VRTX,2016-01-29,90.75,3.049325145855832,14.109992980957031,0.3784549251794477,1.224679820698604,Hammer,2016-02-05,91.91999816894531,2016-06-10,94.48999786376953,RSI > 90,18,0.027959092102032734,0.027848787009158254,2875.8627476008805,106142.93680475806,0.04819408609031536,0.04819408609031536,0.04819408609031536,0.04819408609031536,0.04819408609031536,0.04819408609031536
VRTX,2018-10-26,169.47999572753906,7.034086598751088,25.610000610351562,0.3565015488176971,2.3682214019799295,Hammer,2018-11-02,173.49000549316406,2018-11-16,180.5500030517578,Profit target (+1.5%),2,0.04069397276531839,0.040635161447754406,4313.135369287002,110456.07217404507,0.06962938180050188,0.06962938180050188,0.06962938180050188,0.06962938180050188,0.06962938180050188,0.08225251346962548
VRTX,2022-05-13,246.72000122070312,9.106648074878635,17.990005493164062,0.23790980947299942,1.2585049064919842,Hammer,2022-05-20,245.85000610351562,2022-05-27,260.04998779296875,Profit target (+1.5%),1,0.05775872010137029,0.057716871071067516,6375.178870310709,116831.25104435577,0.06955462956675963,0.11517185982693921,0.12263572563748346,0.13536708543047288,0.13536708543047288,0.19247511144780924
VTRS,2011-08-12,15.479997634887695,3.706105407792762,1.8022451400756836,0.3750001984346417,1.5695419491404647,Hammer,2011-08-19,15.60068416595459,2011-09-23,16.244342803955078,Profit target (+1.5%),5,0.041258359643299825,0.04060434847085273,4060.4348430248383,104060.43484302484,0.08096957282704903,0.039195456943706894,0.08096957282704903,0.08096957282704903,0.08096957282704903,0.08096957282704903
VTRS,2013-04-05,23.034944534301758,7.604606643621594,0.9091682434082031,0.31858576025980456,1.0052469546999026,Hammer,2013-04-12,23.042991638183594,2013-05-03,23.57400894165039,Profit target (+1.5%),3,0.023044633778665613,0.022605757223706575,2352.364924302391,106412.79976732722,0.03002790128500863,0.01780722453564905,0.03002790128500863,0.030377122601762546,0.04504185192751294,0.0988128296246951
WBA-202508,2022-02-25,38.4633903503418,3.3396020910374915,2.4548301696777344,0.2306178993938019,1.0961701543482951,Hammer,2022-03-04,37.963863372802734,2022-03-11,39.4957389831543,Profit target (+1.5%),1,0.04035088829892364,0.04008220091838961,4008.2200878307412,104008.22008783073,0.04802633119235643,0.0739035444034912,0.0739035444034912,0.0739035444034912,0.0739035444034912,0.0739035444034912
WBA-202508,2023-01-06,31.570724487304688,2.8086789706809157,3.1432762145996094,0.3662552139525796,1.4374307097098287,Hammer,2023-01-13,31.674205780029297,2023-12-15,21.658370971679688,RSI > 90,48,-0.3162142368433001,-0.3164799925214646,-32916.520682651,71091.69940517974,0.033351587333225505,0.01851345799928052,0.02178051048492973,0.033351587333225505,0.033351587333225505,0.033351587333225505
WBD,2013-06-14,39.01801681518555,7.186834497394841,2.0842323303222656,0.1274504959102731,1.2732482358851513,Hammer,2013-06-21,39.48799514770508,2013-07-12,41.48027038574219,RSI > 90,3,0.05045268139304082,0.05019308438428981,5019.308433409673,105019.30843340966,0.053945591289258285,0.012936528001000045,0.053945591289258285,0.10077601006458844,0.11668813367980671,0.15886146806547932
WBD,2023-05-05,12.890000343322754,5.106139389806728,2.0699996948242188,0.39130414751639214,1.3081588211833743,Hammer,2023-05-12,13.0,2023-06-16,13.920000076293945,Profit target (+1.5%),5,0.07076923663799572,0.06997309314063406,7348.525843227424,112367.83427663709,0.09307692601130559,0.04307695535513071,0.04307695535513071,0.04307695535513071,0.09307692601130559,0.1138461186335637
WBD,2024-05-03,7.96999979019165,7.899578393992556,0.9549999237060547,0.34031446289657374,1.0933108645966534,Hammer,2024-05-10,8.069999694824219,2024-06-07,8.460000038146973,Profit target (+1.5%),4,0.048327181917105166,0.04705886782464162,5287.903055677596,117655.73733231467,0.07806693163135747,0.07806693163135747,0.07806693163135747,0.07806693163135747,0.07806693163135747,0.07806693163135747
WCLX-200110,1997-07-25,32.625,9.392483761247604,3.375,0.14814814814814814,1.1793040824882877,Hammer,1997-08-01,32.75,1997-08-22,33.875,Profit target (+1.5%),3,0.03435114503816794,0.034040604487864494,3404.060445382389,103404.06044538238,0.061068702290076333,0.015267175572519083,0.061068702290076333,0.061068702290076333,0.061068702290076333,0.061068702290076333
WCOEQ-200404,1996-07-26,14.892117500305176,7.781680842128807,2.3218889236450195,0.2068964384187307,1.9136844315284414,Hammer,1996-08-02,15.052247047424316,1996-08-09,17.61433219909668,Profit target (+1.5%),1,0.17021280235436853,0.16949214844083482,16949.214827134267,116949.21482713427,0.17553192668891573,0.17553192668891573,0.22872342346480565,0.22872342346480565,0.22872342346480565,0.22872342346480565
WCOEQ-200404,1999-08-13,50.40100860595703,1.9628174123796214,4.763874053955078,0.27731115988600447,1.20068785881962,Hammer,1999-08-20,50.76130294799805,1999-11-05,55.28498458862305,Profit target (+1.5%),11,0.08911673613380744,0.08891097792266948,10398.069047170797,127347.28387430508,0.10725554681898411,0.033911683007094656,0.033911683007094656,0.033911683007094656,0.033911683007094656,0.04652999589457127
WCOEQ-200404,2000-01-14,44.73640060424805,3.7718214415495197,8.466888427734375,0.3333333333333333,1.6854962672536362,Hammer,2000-01-21,45.216793060302734,2000-02-18,48.759674072265625,Profit target (+1.5%),4,0.07835321287022667,0.07812341733667742,9948.804994855862,137296.08886916094,0.11553784423609573,0.003984034503102129,0.003984034503102129,0.11553784423609573,0.11553784423609573,0.11553784423609573
WCOEQ-200404,2002-02-08,8.180000305175781,0.2641509074137076,3.2599997520446777,0.30981575215582335,1.933920292180353,Hammer,2002-02-15,8.300000190734863,2002-03-15,9.180000305175781,Profit target (+1.5%),4,0.10602410773715953,0.10475618235523915,14382.614107856334,151678.70297701727,0.10722883966218788,0.007228851152239623,0.007228851152239623,0.10722883966218788,0.1265060441693675,0.1265060441693675
WDAY,2026-02-27,133.75999450683594,0.6271186010907144,24.807090759277344,0.35502342754070026,1.489339208155435,Hammer,2026-03-06,131.76499938964844,2026-03-13,149.69000244140625,Profit target (+1.5%),1,0.13603766656387206,0.1359566148192999,13595.661468334332,113595.66146833432,0.14772508957655572,0.16798842340050799,0.16798842340050799,0.16798842340050799,0.16798842340050799,0.16798842340050799
WFM-201708,2011-08-12,26.569622039794922,9.489644915631132,2.465974807739258,0.3419587726944707,1.3327459729623528,Hammer,2011-08-19,26.747390747070312,2011-09-02,28.073822021484375,Profit target (+1.5%),2,0.04959105308465839,0.04920798618935484,4920.798614014686,104920.7986140147,0.0656100659643326,0.0656100659643326,0.1329244339577972,0.14417182901415185,0.18172523285472159,0.25152973586313554
WLL-200203,1994-04-22,19.61734962463379,0.3531082147388389,1.7151775360107422,0.31250034751297473,1.2350519947697454,Hammer,1994-04-29,19.510150909423828,1994-06-10,19.936908721923828,Profit target (+1.5%),6,0.021873629500931635,0.021355602856176076,2135.5602834820475,102135.56028348206,0.0273972723268046,0.016483529375190268,0.016483529375190268,0.016483529375190268,0.0273972723268046,0.0273972723268046
WOR,1997-11-28,4.749640464782715,2.7647071222643547,0.29480504989624023,0.3333338724886818,1.1707804421602637,Hammer,1997-12-05,4.815153121948242,1998-03-13,4.752288818359375,RSI > 90,14,-0.013055514953890346,-0.015116595208788018,-1511.6595193671424,98488.34048063285,0.007249278775786514,0.0,0.0,0.0,0.0003973021480855622,0.007249278775786514
WTW,2019-10-11,172.47848510742188,8.899470977513602,12.9166259765625,0.2747311294453423,1.6390558566999889,Hammer,2019-10-18,172.4601287841797,2019-12-06,180.45594787597656,RSI > 90,7,0.046363290739525054,0.046303963868488625,4630.396382218465,104630.39638221847,0.04944707501902038,0.020921937717891692,0.020921937717891692,0.020921937717891692,0.020921937717891692,0.020921937717891692
WYNN,2006-06-16,36.784645080566406,5.343172622947748,3.2668991088867188,0.33986884602719764,1.1861582660032517,Hammer,2006-06-23,36.72592544555664,2006-07-07,39.43766403198242,Profit target (+1.5%),2,0.0738371750616802,0.0735548738196198,7355.487374606493,107355.4873746065,0.09665685136122315,0.09665685136122315,0.09665685136122315,0.09665685136122315,0.09665685136122315,0.09665685136122315
WYNN,2007-06-29,51.11388397216797,9.96731193905454,3.6204452514648438,0.35118083023734614,1.01235904947487,Hammer,2007-07-06,51.45597457885742,2007-07-13,53.736572265625,Profit target (+1.5%),1,0.044321338881115,0.04412271056561849,4736.815092323857,112092.30246693036,0.044321338881114995,0.09418279878789002,0.10692522541724199,0.14204987443356099,0.15922439788344098,0.39146815431235
WYNN,2013-06-28,102.50299835205078,4.965417910403048,6.295799255371094,0.39058510451367723,1.1334686201745092,Hammer,2013-07-05,103.55229949951172,2013-07-26,106.01935577392578,Profit target (+1.5%),3,0.02382425389235987,0.02372653870165513,2659.562349979694,114751.86481691006,0.03643262591150084,0.024597859528983208,0.03643262591150084,0.03643262591150084,0.08431306803375307,0.09413675446795935
XLNX-202202,2000-10-13,52.690765380859375,7.921205918636943,18.547500610351562,0.2232778897089251,2.0413950138088004,Hammer,2000-10-20,52.33831787109375,2001-12-14,28.978158950805664,RSI > 90,60,-0.4463299523271421,-0.4464783638255782,-44647.83633790999,55352.16366209001,0.07070703757736052,0.07070703757736052,0.07070703757736052,0.07070703757736052,0.07070703757736052,0.07070703757736052
XLNX-202202,2016-01-15,38.70367431640625,6.759153726397528,2.9925079345703125,0.2839873646853664,1.4276700187463485,Hammer,2016-01-22,39.25516128540039,2016-01-29,42.78107452392578,Profit target (+1.5%),1,0.08982037324698844,0.08955422299380239,4957.020002827234,60309.18366491725,0.11239059696292844,0.15845237915923466,0.15845237915923466,0.15845237915923466,0.15845237915923466,0.15845237915923466
XRAY,2011-08-12,28.514188766479492,3.0159132029455833,2.393035888671875,0.19718325575463877,1.474231806546025,Hammer,2011-08-19,28.573171615600586,2011-09-23,28.7669734954834,Profit target (+1.5%),5,0.0067826520097264975,0.00643154790849094,643.1547902059392,100643.15479020594,0.05219700904591688,0.00914190787520716,0.05219700904591688,0.05219700904591688,0.05219700904591688,0.05219700904591688
ZS,2022-05-13,153.22999572753906,1.6325485128716366,41.969993591308594,0.38980231375921615,1.2995299788121417,Hammer,2022-05-20,149.8699951171875,2022-06-03,160.5,Profit target (+1.5%),2,0.07092817261053885,0.07085908409544033,7085.908402458124,107085.90840245812,0.08520721083947269,0.08520721083947269,0.08994469490565961,0.13344899347171824,0.13344899347171824,0.1473944906677744
