ticker,signal_date,signal_close,rsi_at_signal,signal_range,signal_body_percentile,signal_atr_mult,pattern,entry_date,entry_price,exit_date,exit_price,exit_reason,bars_held,gross_return,net_return,pnl,equity_after
AABA-201910,1999-08-06,8.650754928588867,5.79889857542409,2.027454376220703,0.43067207917438877,1.1532832137736169,Hammer,1999-08-13,8.731682777404785,1999-08-20,8.995762825012207,Profit target (+2%),1,0.03024388933262534,0.02908198158053025,2908.198155144827,102908.19815514484
AABA-201910,2002-06-28,2.011779546737671,6.1810307984075195,0.35165250301361084,0.24806203652697148,1.1817199242664058,Hammer,2002-07-05,2.011779546737671,2002-10-25,1.9913346767425537,RSI > 90,16,-0.010162579706246122,-0.015095784784392807,-1553.4800103462358,101354.7181447986
AABA-201910,2014-10-17,10.481426239013672,9.986294284314283,1.054957389831543,0.41860490343996537,1.588714394334579,Hammer,2014-10-24,10.486878395080566,2014-10-31,11.806257247924805,Profit target (+2%),1,0.12581235360402032,0.12479927840739938,12648.99567500722,114003.71381980581
AABA-201910,2015-07-10,10.33694839477539,0.2807083018560945,0.6937637329101562,0.4715133669844831,1.088480091634926,Hammer,2015-07-17,10.42690658569336,2015-07-24,10.898502349853516,Profit target (+2%),1,0.04522873205819522,0.04424845644162533,5044.488360094709,119048.20217990053
AABA-201910,2015-08-14,9.878983497619629,8.786652580377734,1.0467796325683594,0.37760334102264154,1.6502502129297623,Hammer,2015-08-21,9.878983497619629,2015-11-06,9.66635513305664,RSI > 90,11,-0.02152330395270141,-0.022524153810718508,-2681.4600141081337,116366.7421657924
AAL,2017-03-24,40.41477584838867,6.490205741499295,3.1039886474609375,0.21372951927756448,1.1500414154255538,Hammer,2017-03-31,39.775577545166016,2017-04-07,40.99586868286133,Profit target (+2%),1,0.030679407138957115,0.030424172105625504,3042.417207520133,103042.41720752013
AAL,2017-08-25,44.007286071777344,3.392646878641287,3.3260765075683594,0.24561337108948048,1.154085379629312,Hammer,2017-09-01,43.98783493041992,2017-09-29,45.68977355957031,Profit target (+2%),4,0.038691120666487056,0.03845941348918298,3962.9509263459695,107005.3681338661
AAPL,1994-04-22,0.21785089373588562,5.656513515702997,0.036613598465919495,0.45000014244451886,1.5507273059245816,Hammer,1994-04-29,0.21785089373588562,1994-05-13,0.23615770041942596,Profit target (+2%),2,0.08403365425590059,0.0625676413003382,6256.764123777056,106256.76412377704
AAPL,2002-06-14,0.3008507788181305,4.2567028762459955,0.0558294951915741,0.4664876980900825,1.713408799958474,Hammer,2002-06-21,0.3029462397098541,2002-11-08,0.24696704745292664,RSI > 90,20,-0.1847825947948435,-0.20092551370979705,-21349.694895360943,84907.0692284161
AAPL,2007-08-17,3.6539146900177,7.2982055437597495,0.530754566192627,0.41116800066123244,1.8551830356166517,Hammer,2007-08-24,3.710792064666748,2007-08-31,3.9931039810180664,Profit target (+2%),1,0.07607861379230152,0.07328502553754744,6222.416730500365,91129.48595891648
AAPL,2008-07-25,4.853126525878906,9.292470115599443,0.6537890434265137,0.28617273055477555,1.5624758997147503,Hammer,2008-08-01,4.859712600708008,2008-08-15,5.091113567352295,Profit target (+2%),2,0.04761618343656249,0.045511623155716156,4147.4508191888835,95276.93677810536
AAPL,2008-09-19,4.218197345733643,2.658660505627992,0.8085553646087646,0.2510179643543663,1.8737880112252343,Hammer,2008-09-26,4.189159870147705,2009-02-13,2.993539810180664,RSI > 90,20,-0.2854080763274581,-0.2874520994176083,-27387.555475557565,67889.38130254779
AAPL,2015-07-10,27.501523971557617,2.0455252613383834,1.5638046264648438,0.4208278244239429,1.4048996239716927,Hammer,2015-07-17,27.891916275024414,2015-07-24,29.217023849487305,Profit target (+2%),1,0.04750866026546352,0.04714168266835568,3200.4196667152873,71089.80096926307
AAPL,2018-11-16,45.91828155517578,0.5004544338130472,3.3027610778808594,0.4540222384179238,1.3043408583111087,Hammer,2018-11-23,45.080726623535156,2019-02-08,39.72086715698242,RSI > 90,11,-0.11889469997483426,-0.11910331425710281,-8467.030896850003,62622.77007241307
ABGX-200603,2002-09-27,6.610000133514404,2.7204248908944066,2.890000343322754,0.49826985680037356,1.2856529288151113,Hammer,2002-10-04,6.5,2002-10-18,6.800000190734863,Profit target (+2%),2,0.04615387549767136,0.04458112078937178,4458.112074479066,104458.11207447905
ABNB,2026-02-13,121.3499984741211,7.105084757938343,11.479904174804688,0.49303579332409114,1.3737854911000302,Hammer,2026-02-20,122.08000183105469,2026-02-27,127.08999633789062,Profit target (+2%),1,0.04103861755973126,0.04095502667686483,4095.50266359098,104095.50266359099
ADBE,1999-02-19,5.240893363952637,1.711096549964921,0.6270489692687988,0.48148122799933385,1.1406927401981064,Hammer,1999-02-26,5.256375789642334,1999-03-12,5.744081020355225,Profit target (+2%),2,0.09278355472108979,0.09079473693046441,9079.473683966968,109079.47368396696
ADBE,2005-07-08,27.93000030517578,4.633159349609969,2.440000534057617,0.31147543546557666,1.262085260432839,Hammer,2005-07-15,27.75,2005-07-22,28.760000228881836,Profit target (+2%),1,0.036396404644390534,0.0360295524727738,3930.0846168689513,113009.55830083591
ADBE,2011-08-12,24.100000381469727,2.3842505756335726,2.539999008178711,0.4370075340300415,1.2786512317263192,Hammer,2011-08-19,24.15999984741211,2011-09-23,25.219999313354492,Profit target (+2%),5,0.04387415035749376,0.04345125067546104,4910.406641542344,117919.96494237824
ADBE,2016-02-12,76.66999816894531,2.0643046582830067,7.060005187988281,0.23512782468399093,1.311952719044871,Hammer,2016-02-19,77.12999725341797,2016-02-26,82.08999633789062,Profit target (+2%),1,0.06430700455201754,0.06417319324210272,7567.300689781916,125487.26563216015
ADBE,2018-11-23,225.55999755859375,7.404752472586935,31.629989624023438,0.41384763300550004,1.8782064327950492,Hammer,2018-11-30,229.19000244140625,2018-12-07,260.7099914550781,Profit target (+2%),1,0.1375277659492593,0.13748113474562962,17252.131657983497,142739.39729014368
ADBE,2019-10-04,276.9599914550781,5.244038774343537,15.799896240234375,0.17024864263488182,1.083959614761189,Hammer,2019-10-11,276.32000732421875,2019-11-15,291.95001220703125,RSI > 90,5,0.056564868516643774,0.056527655727102374,8068.723500642607,150808.1207907863
ADBE,2020-03-13,335.5,9.496183400543288,52.999908447265625,0.45886885537579586,2.569666050099828,Hammer,2020-03-20,288.3558044433594,2020-03-27,296.6700134277344,Profit target (+2%),1,0.028833159784748208,0.028797981058504497,4342.969401658753,155151.0901924451
ADBE,2021-10-08,576.8599853515625,1.7112043318693821,34.0050048828125,0.3398009110848659,1.2809672321333918,Hammer,2021-10-15,574.5,2021-10-22,610.6500244140625,Profit target (+2%),1,0.06292432448052665,0.06290637055214919,9759.991961455878,164911.08215390096
ADCT-201012,1996-01-12,28.4375,7.61924798133137,5.46875,0.36,1.1043547659965638,Hammer,1996-01-19,28.65625,1996-02-09,36.3125,RSI > 90,3,0.26717557251908386,0.266780060185791,26678.00599190109,126678.00599190108
ADCT-201012,1997-04-25,41.5625,4.833909501208183,7.4375,0.4117647058823529,1.0997718275506518,Hammer,1997-05-02,41.78125,1997-05-09,52.5,Profit target (+2%),1,0.25654450261780104,0.2562744922073649,32464.34162695164,159142.3476188527
ADI,2016-01-15,40.64405059814453,6.063074189885924,4.168827056884766,0.49510766969884695,1.3473238086360353,Hammer,2016-01-22,41.06011962890625,2016-01-29,41.826988220214844,Profit target (+2%),1,0.018676725694893426,0.01843093599015904,1843.0935971728104,101843.09359717282
ADI,2020-03-13,89.55719757080078,8.299326276914556,14.682388305664062,0.24449842812232067,1.9807486647066688,Hammer,2020-03-20,80.62750244140625,2020-04-17,87.51996612548828,Profit target (+2%),4,0.08548526836845705,0.08535594798243247,8692.913790757371,110536.00738793019
ADP,2011-08-12,29.26028060913086,2.314869876850622,2.110799789428711,0.25219962283143893,1.6446270284637157,Hammer,2011-08-19,29.309799194335938,2011-09-02,30.399246215820312,Profit target (+2%),2,0.037170060915835634,0.036822596475193994,3682.25964383714,103682.25964383714
ADP,2025-09-19,285.5804443359375,9.614261980612312,12.381683349609375,0.23143622619373316,1.1763080283064773,Hammer,2025-09-26,283.09625244140625,2025-12-19,262.15850830078125,RSI > 90,12,-0.07395980681502867,-0.07399382362308891,-7671.846825257549,96010.41281857959
ADSK,1997-10-31,8.79423713684082,4.499245843973938,3.0304465293884277,0.49019598895851924,2.906942201882754,Hammer,1997-11-07,8.972497940063477,1997-11-28,9.388442039489746,Profit target (+2%),3,0.046357670094190784,0.04521795517375527,4521.7955128537305,104521.79551285374
ADSK,1998-08-28,6.148478984832764,6.759586553998375,1.3729615211486816,0.39130430252536286,1.2663390045568754,Hammer,1998-09-04,6.476795673370361,1998-11-06,7.480645179748535,RSI > 90,9,0.15499168987305656,0.15332934829483733,16026.25877256586,120548.0542854196
ADSK,1999-04-23,6.452834129333496,4.024883740571909,1.5456790924072266,0.36893202086426014,1.3893236080115514,Hammer,1999-04-30,6.542873382568359,1999-05-07,7.053097724914551,Profit target (+2%),1,0.07798169283017775,0.07639493208251101,9209.26041060422,129757.31469602382
ADSK,1999-08-06,6.195028305053711,7.374772354361369,1.0224804878234863,0.44117675862998457,1.1579156203757908,Hammer,1999-08-13,6.1649556159973145,1999-11-26,5.911495685577393,RSI > 90,15,-0.04111301787189259,-0.04270045796388373,-5540.696756143301,124216.61793988053
ADSK,2005-01-28,28.545278549194336,3.031806340300861,4.087892532348633,0.42298294212528453,1.5999949597821206,Hammer,2005-02-04,29.214933395385742,2005-02-11,31.503753662109375,Profit target (+2%),1,0.07834418910861296,0.07798855103083473,9687.474037394597,133904.09197727512
ADSK,2006-05-19,37.4900016784668,4.519221941512754,4.069999694824219,0.4889430007329468,1.3214520397498883,Hammer,2006-05-26,37.13999938964844,2006-11-03,36.439998626708984,RSI > 90,23,-0.018847624513816053,-0.01911430272192482,-2559.4833471986176,131344.60863007652
ADSK,2013-03-01,37.36000061035156,7.961609029266356,2.479999542236328,0.35887078787356735,1.224979637357678,Hammer,2013-03-08,37.34000015258789,2013-03-15,40.0,Profit target (+2%),1,0.07123727467975804,0.07095996349135038,9320.208623855724,140664.81725393224
ADSK,2016-01-22,49.029998779296875,3.510911974637807,4.770000457763672,0.1802936117022425,1.204963852663097,Hammer,2016-01-29,48.810001373291016,2016-02-26,49.900001525878906,Profit target (+2%),4,0.022331491946737447,0.022124349527905908,3112.1175800928886,143776.93483402513
ADSK,2020-03-13,158.02999877929688,1.785868399573431,30.800003051757812,0.2818179160954942,2.3600094065342647,Hammer,2020-03-20,140.98919677734375,2020-03-27,147.80999755859375,Profit target (+2%),1,0.04837818029435059,0.048305539780516694,6945.222438200535,150722.15727222568
ADSK,2021-05-14,277.6300048828125,6.50261966923361,20.25,0.4133330922067901,1.049960579397891,Hammer,2021-05-21,275.0,2021-05-28,285.2900085449219,Profit target (+2%),1,0.03741821289062508,0.03738116959663219,5634.170517329168,156356.32778955484
ADTN,1997-03-27,8.253767013549805,3.6795162540547324,2.1459789276123047,0.3653843931843169,1.0842637507780089,Hammer,1997-04-04,8.21249771118164,1997-04-11,9.98705768585205,Profit target (+2%),1,0.21608042243400272,0.21473203117164902,21473.2030956917,121473.2030956917
ADTN,1997-10-31,11.88542366027832,7.924444463610669,2.682474136352539,0.3076922529968593,1.6365152823836195,Hammer,1997-11-07,11.926692962646484,1997-11-21,12.875875473022461,Profit target (+2%),2,0.07958471919657417,0.07871326502585956,9561.552419249692,131034.75551494141
ADTN,1998-06-12,7.345852375030518,2.9504337371359526,1.238065242767334,0.2999998844558893,1.2413900943442677,Hammer,1998-06-19,7.345852375030518,1998-06-26,7.758540630340576,Profit target (+2%),1,0.05617976434060101,0.05478116479089096,7178.236528019876,138212.99204296127
ADTN,1998-10-09,6.231593608856201,7.06357594297846,1.5682158470153809,0.31578968172764,1.4369009639889803,Hammer,1998-10-16,6.190324783325195,1998-10-23,7.098239421844482,Profit target (+2%),1,0.1466667211007937,0.14493423184786644,20031.793813110075,158244.78585607136
ADTN,1998-12-04,7.737905979156494,8.580283270811464,1.774559497833252,0.4534885064466921,1.615265502193884,Hammer,1998-12-11,6.4585723876953125,1998-12-18,6.974432945251465,Profit target (+2%),1,0.07987222664546656,0.07826330815435101,12384.760426888239,170629.54628295958
AEP,2021-06-11,70.75617218017578,2.839374344068105,3.6396484375,0.35321220150254895,1.3704279503319075,Hammer,2021-06-18,70.73113250732422,2021-07-23,73.1195297241211,RSI > 90,5,0.03376726954781262,0.033623512234721195,3362.3512201097674,103362.35122010976
AEP,2023-10-06,65.27986907958984,5.519594112657728,5.045871734619141,0.4964146528620407,1.4870543455873055,Hammer,2023-10-13,65.56019592285156,2023-10-20,67.66716003417969,Profit target (+2%),1,0.032137855625195444,0.03198288484938803,3305.826173528946,106668.17739363872
AKAM,2006-05-26,31.670000076293945,9.533003266306068,5.340002059936523,0.3876405999359217,1.8945969205408457,Hammer,2006-06-02,31.200000762939453,2006-06-30,34.7599983215332,Profit target (+2%),4,0.1141024830621944,0.11376373888155453,11376.373876779078,111376.37387677908
ALGN,2018-11-23,218.8699951171875,8.168761515597012,35.37998962402344,0.14358403959523225,1.12049075783329,Hammer,2018-11-30,221.9199981689453,2018-12-07,234.39999389648438,Profit target (+2%),1,0.05623646282674444,0.056190135543207405,5619.013548701727,105619.01354870173
ALNY,2026-02-13,314.3999938964844,0.10658062809523017,31.923004150390625,0.4862640803095063,1.0308397905239024,Hammer,2026-02-20,316.79998779296875,2026-02-27,335.7300109863281,Profit target (+2%),1,0.059753863392603135,0.05972135516289158,5972.135510317023,105972.13551031704
ALTR-201512,2012-07-20,29.50125503540039,7.994657918053889,2.654451370239258,0.49110258914117083,1.2304893260817429,Hammer,2012-07-27,29.113950729370117,2012-08-03,34.092227935791016,Profit target (+2%),1,0.17099284300838002,0.17062006294786464,17062.00627772446,117062.00627772445
ALXN-202107,2013-06-07,94.37999725341797,8.755118160084933,8.8800048828125,0.45720754003711594,1.3500040684237224,Hammer,2013-06-14,94.66000366210938,2013-07-19,115.0,RSI > 90,5,0.21487423992180066,0.2147572550723717,21475.725485761446,121475.72548576146
ALXN-202107,2015-01-16,180.44000244140625,4.429090975942287,15.280014038085938,0.42670145827154426,1.307746030515426,Hammer,2015-01-23,181.75,2015-02-27,186.3000030517578,Profit target (+2%),5,0.025034404686425482,0.02497869688183445,3034.3053223754614,124510.03080813693
ALXN-202107,2015-05-08,163.02000427246094,5.8696714053837695,24.760009765625,0.47657505645010206,1.8965164221711133,Hammer,2015-05-15,163.52000427246094,2015-05-29,171.8000030517578,Profit target (+2%),2,0.05063599903960703,0.05057329804754272,6296.882891671754,130806.91369980868
ALXN-202107,2016-02-05,142.27999877929688,2.520717451307405,21.900009155273438,0.4625571072135024,1.5260899867482889,Hammer,2016-02-12,138.02000427246094,2016-02-19,143.10000610351562,Profit target (+2%),1,0.03680627208956189,0.036732488129806735,4804.863399970014,135611.77709977867
AMAT,1997-10-31,6.029069900512695,7.7448395176277955,1.264523983001709,0.41071435978519544,1.2818299769972608,Hammer,1997-11-07,6.322619915008545,1997-11-28,6.412943363189697,Profit target (+2%),3,0.014285762768491583,0.012694101298757303,1269.41012860632,101269.41012860631
AMAT,1998-06-12,5.171000003814697,1.7981459868830854,0.8241987228393555,0.4246576452006688,1.1994476305268644,Hammer,1998-06-19,5.046805381774902,1998-07-02,5.554873466491699,Profit target (+2%),2,0.10067122591085842,0.09859209670143822,9984.363466312796,111253.77359491911
AMAT,2000-10-20,18.245275497436523,0.532142956924929,4.606479644775391,0.21568599847129877,1.0923952950303857,Hammer,2000-10-27,18.696889877319336,2001-01-19,16.574296951293945,RSI > 90,12,-0.11352652446224476,-0.11403087816337149,-12686.365489331172,98567.40810558795
AMAT,2007-11-09,13.849411010742188,4.206259920041049,1.339787483215332,0.3756905448123633,1.4008886515661267,Hammer,2007-11-16,13.953042030334473,2008-02-29,14.52878189086914,Profit target (+2%),15,0.04126267657497107,0.040531462744213514,3995.0812254302464,102562.4893310182
AMAT,2014-01-31,14.350711822509766,6.845530715666726,0.6910858154296875,0.4814808681636528,1.208875978433145,Hammer,2014-02-07,14.163009643554688,2014-02-14,14.674925804138184,Profit target (+2%),1,0.036144588859787996,0.03542601771250414,3633.3805600457863,106195.869891064
AMAT,2014-10-17,17.214916229248047,8.429079257371384,1.4807605743408203,0.3274845590555745,1.5204782693051913,Hammer,2014-10-24,17.085025787353516,2014-10-31,18.08085823059082,Profit target (+2%),1,0.05828685631685904,0.0576846668052902,6125.873364638102,112321.74325570211
AMAT,2020-03-13,48.117496490478516,4.707368181421089,10.466903686523438,0.4769647311282453,2.198206621817987,Hammer,2020-03-20,41.650142669677734,2020-04-03,42.92659378051758,Profit target (+2%),2,0.030646980514886124,0.030403235463210682,3414.944404426463,115736.68766012858
AMAT,2021-05-14,119.47200775146484,5.98252590852519,16.772781372070312,0.4042794851990637,1.7175056593472362,Hammer,2021-05-21,116.76347351074219,2021-05-28,124.60194396972656,Profit target (+2%),1,0.06713118600624046,0.06704267190976165,7759.296770961264,123495.98443108985
AMGN,1998-01-23,8.139745712280273,5.253486149966335,0.6083827018737793,0.4827588369043579,1.1042301716984304,Hammer,1998-01-30,8.139745712280273,1998-02-06,8.538341522216797,Profit target (+2%),1,0.04896907397674233,0.047711226803633225,4771.1226755922,104771.12267559221
AMGN,1998-09-04,10.709639549255371,2.7956673916151544,1.4370431900024414,0.3138688747180374,1.7188045692536158,Hammer,1998-09-11,11.496341705322266,1998-09-18,12.272555351257324,Profit target (+2%),1,0.06751831720308976,0.06661950106051469,6979.79991121813,111750.92258681035
AMGN,2001-03-23,37.719749450683594,3.323898783731252,13.132680892944336,0.45047925967571234,2.46112717835348,Hammer,2001-03-30,38.72673034667969,2001-04-06,39.859580993652344,Profit target (+2%),1,0.029252421695078246,0.02899045916415946,3239.71055457036,114990.6331413807
AMGN,2002-06-14,26.973608016967773,5.713355667828196,3.7728118896484375,0.38612060423449474,1.2127300617647156,Hammer,2002-06-21,27.9872989654541,2002-08-02,29.40378189086914,Profit target (+2%),6,0.050611633768712805,0.05024535237890999,5777.744876684894,120768.3780180656
AMGN,2004-03-19,40.916908264160156,7.732040600214958,2.416748046875,0.3888871350641479,1.2974729550284823,Hammer,2004-03-26,40.84977340698242,2004-12-10,41.62179183959961,RSI > 90,37,0.018898964871252533,0.018651882486930074,2252.557592677551,123020.93561074317
AMGN,2010-05-28,34.76091003417969,2.8104190163179794,1.8998336791992188,0.48409935144469207,1.081341155297935,Hammer,2010-06-04,34.72063064575195,2010-06-11,36.36536407470703,Profit target (+2%),1,0.047370494094303384,0.04707570168074285,5791.296859505923,128812.23247024909
AMGN,2013-06-07,68.98764038085938,2.664860947802538,4.9571075439453125,0.3436631380648815,1.365952222896988,Hammer,2013-06-14,69.08538818359375,2013-07-19,72.7857666015625,RSI > 90,5,0.05356238873747121,0.053413774549396276,6880.347537489959,135692.58000773904
AMGN,2021-10-15,178.93267822265625,9.28503343834086,8.109817504882812,0.2176223223609321,1.007464319782207,Hammer,2021-10-22,177.65853881835938,2021-11-12,184.28758239746094,Profit target (+2%),3,0.03731339694220481,0.03725606065895586,5055.370986683178,140747.9509944222
AMGN,2024-12-20,251.42323303222656,6.5022253434165975,18.509735107421875,0.48014432993090167,1.1278698211289102,Hammer,2024-12-27,251.1654815673828,2025-01-24,259.7855529785156,Profit target (+2%),4,0.03432028699700207,0.034279790194306436,4824.810225542507,145572.76121996468
AMGN,2025-04-11,275.20281982421875,5.446725704503521,28.426788330078125,0.3710220947321976,1.7576652375086559,Hammer,2025-04-17,275.9630126953125,2025-06-13,281.99383544921875,RSI > 90,8,0.021853735741625746,0.021817103711050813,3175.97602586403,148748.73724582873
AMLN-201208,2008-02-01,31.809999465942383,2.8342772514935746,4.8300018310546875,0.29606659842862965,1.592873755814849,Hammer,2008-02-08,31.809999465942383,2008-04-11,32.540000915527344,RSI > 90,9,0.022948804207511664,0.02263088045485328,2263.0880432222402,102263.08804322223
AMZN,1999-02-19,2.546875,7.822487960837506,0.6062500476837158,0.2731960121079268,1.0625055677606066,Hammer,1999-02-26,2.543750047683716,1999-03-05,3.174999952316284,Profit target (+2%),1,0.2481572060145496,0.24374689279443282,24374.689255068588,124374.6892550686
AMZN,2000-10-13,1.421875,1.8870084630740962,0.460939884185791,0.4644097051603406,1.0469471686941045,Hammer,2000-10-20,1.40625,2000-10-27,1.484375,Profit target (+2%),1,0.05555555555555558,0.048272807794508474,6003.915462907729,130378.60471797634
AMZN,2008-02-01,3.7314999103546143,2.8601499798777326,0.5280001163482666,0.451704669887424,1.3900340017887034,Hammer,2008-02-08,3.7250001430511475,2008-04-11,3.868000030517578,Profit target (+2%),9,0.038389230060351,0.03565680492377574,4648.884470014065,135027.48918799043
AMZN,2012-10-26,11.91200065612793,8.420549191064183,0.8015003204345703,0.04429140182334365,1.258210945484172,Hammer,2012-11-02,11.816000938415527,2012-12-07,12.626999855041504,RSI > 90,5,0.06863565100010294,0.06776066771324872,9149.55281787215,144177.0420058626
AMZN,2014-10-17,15.182001113891602,1.4782058263294857,0.968501091003418,0.49354584278226415,1.0940348330489176,Hammer,2014-10-24,15.147500991821289,2014-11-21,16.32200050354004,Profit target (+2%),4,0.0775375101380027,0.07685196736481321,11080.28931590957,155257.33132177216
AMZN,2018-11-23,75.1030044555664,8.4619628036031,8.059501647949219,0.49091089811856586,1.234426615504831,Hammer,2018-11-30,76.95000457763672,2018-12-07,88.4729995727539,Profit target (+2%),1,0.14974651474505585,0.1496068391952624,23227.558577714393,178484.88989948653
AMZN,2025-02-28,212.27999877929688,4.713619497994031,15.80999755859375,0.48640124155023917,1.333711287717533,Hammer,2025-03-07,213.3520050048828,2025-05-23,201.64500427246094,RSI > 90,11,-0.05487176336662014,-0.05491734725163444,-9801.916667977926,168682.9732315086
ANDW-200712,1997-12-19,22.625,9.41107568109922,4.5,0.4444444444444444,1.5526518423469031,Hammer,1997-12-26,23.25,1998-01-09,24.5,Profit target (+2%),2,0.053763440860215006,0.05332186626531921,5332.186621199735,105332.18662119973
ANDW-200712,1999-09-03,17.125,2.409760622814858,1.9375,0.41935483870967744,1.0186080877146446,Hammer,1999-09-10,17.375,1999-12-23,17.0,Profit target (+2%),15,-0.021582733812949617,-0.022151898734177212,-2333.307929148964,102998.87869205077
ANSS-202507,2020-03-13,235.4199981689453,5.058023488318952,35.42999267578125,0.3660740587612083,2.031359234440151,Hammer,2020-03-20,226.6300048828125,2020-04-17,234.8800048828125,Profit target (+2%),4,0.03640294675131828,0.03635801982249262,3635.80197861346,103635.80197861347
ANSS-202507,2022-01-28,322.7699890136719,1.478588432502292,30.939971923828125,0.4204909842864907,1.3540955576148825,Hammer,2022-02-04,321.9800109863281,2022-08-12,285.989990234375,RSI > 90,27,-0.11177718965132066,-0.11180651124620745,-11587.15744784442,92048.64453076904
APCC-200702,1994-04-15,11.20174503326416,8.407197254354443,1.7594366073608398,0.4999997289830414,1.2485019223661928,Hammer,1994-04-22,11.260393142700195,1994-09-02,9.149068832397461,RSI > 90,19,-0.1875000529330051,-0.18830450774612514,-18830.45075578206,81169.54924421792
APCC-200702,1995-10-06,5.688844203948975,1.4398428784114543,1.1143097877502441,0.26315805239214557,1.1346389121738647,Hammer,1995-10-13,5.74749231338501,1995-10-27,5.982083797454834,Profit target (+2%),2,0.04081631975800959,0.03904246574084772,3169.059342398371,84338.6085866163
APCC-200702,1999-03-05,15.80560302734375,4.2856790964626725,3.606843948364258,0.3414634920215227,1.385270989411526,Hammer,1999-03-12,15.95222282409668,1999-05-28,16.773292541503906,Profit target (+2%),11,0.0514705521895642,0.050827749060597574,4286.741629073751,88625.35021569006
APCC-200702,2005-07-08,22.957229614257812,8.208464790786593,1.5557632446289062,0.4624994483049476,1.0096618932700807,Hammer,2005-07-15,23.190593719482422,2005-07-22,24.240734100341797,Profit target (+2%),1,0.04528303128251321,0.04484215379172399,3974.1515802432214,92599.50179593329
APOL-201702,2008-10-03,57.619998931884766,9.94318795963413,7.870002746582031,0.4142313848170255,1.232905290868307,Hammer,2008-10-10,56.220001220703125,2008-10-24,59.060001373291016,Profit target (+2%),2,0.050515832282516104,0.050333483168441946,5033.348311810847,105033.34831181084
ASAI-199905,1994-09-16,23.86107063293457,9.067320690275011,3.2750492095947266,0.4999997088061109,1.4143379963100524,Hammer,1994-09-23,23.393205642700195,1995-01-20,15.994128227233887,RSI > 90,17,-0.3162917271141579,-0.31665152142885805,-31665.152111220654,68334.84788877935
ASCL-200504,1996-11-15,82.0,1.2384811789385424,17.5,0.3142857142857143,1.3645239860990503,Hammer,1996-11-22,83.0,1996-11-29,89.0,Profit target (+2%),1,0.07228915662650603,0.07216432745015361,7216.432737798928,107216.43273779894
ASND-199906,1997-03-21,49.375,7.671085438228573,11.875,0.3684210526315789,1.4503874234909235,Hammer,1997-03-27,48.875,1997-04-04,44.5,Profit target (+2%),1,-0.08951406649616367,-0.08970949263502458,-8970.949254531508,91029.0507454685
ASND-199906,1998-09-04,38.75,4.327255226095005,8.0,0.234375,1.5312111484003135,Hammer,1998-09-11,41.25,1998-09-18,47.0,Profit target (+2%),1,0.1393939393939394,0.1391346503454126,12665.295134080287,103694.3458795488
ASTA-199708,1994-03-11,23.25,6.568256110293802,3.5,0.42857142857142855,1.204599237139457,Hammer,1994-03-18,23.5,1994-08-19,17.75,RSI > 90,22,-0.24468085106382975,-0.2450542437779196,-24505.424353286537,75494.57564671348
ASTA-199708,1995-10-13,8.875,0.18541266092601916,2.0,0.3125,1.3568365657203691,Hammer,1995-10-20,8.875,1995-10-27,9.5,Profit target (+2%),1,0.07042253521126751,0.06925675675675692,5228.509456790511,80723.08510350398
ATHMQ-200211,1999-08-06,42.5625,6.116490908181177,12.9375,0.4975845410628019,1.190307421644524,Hammer,1999-08-13,40.0,1999-09-10,40.75,Profit target (+2%),4,0.018750000000000044,0.018497687789026315,1849.7687770528628,101849.76877705286
ATML-201604,1995-11-24,6.379974842071533,2.13407074206458,0.9862761497497559,0.34375022662762145,1.1203005505522317,Hammer,1995-12-01,6.441617488861084,1995-12-08,7.119682312011719,Profit target (+2%),1,0.10526313062257286,0.10363028740342727,10363.028729979698,110363.02872997969
ATML-201604,1996-07-19,6.441617488861084,1.7325681160387205,1.602698802947998,0.3461536287343768,1.321171416754323,Hammer,1996-07-26,6.410796165466309,1996-08-09,7.859389305114746,RSI > 90,2,0.2259615034169582,0.22422675261907704,24746.343516582907,135109.37224656262
ATML-201604,1997-11-14,6.0563530921936035,2.4484596657371327,1.0170974731445312,0.43939403884092326,1.0363094422079124,Hammer,1997-11-21,6.287511825561523,1998-04-24,4.546117305755615,RSI > 90,22,-0.27696083412938766,-0.27832995286419177,-37604.98517129134,97504.38707527127
ATVI-202310,2008-10-10,10.139406204223633,1.7985767992387451,2.184006690979004,0.47791119764795986,1.4759696444705057,Hammer,2008-10-17,10.525334358215332,2008-10-24,11.919940948486328,Profit target (+2%),1,0.13249997983982942,0.13148742890493148,13148.742877344404,113148.74287734441
ATVI-202310,2014-10-03,19.395462036132812,3.702634575859477,1.1893901824951172,0.4094483011884545,1.232520242002296,Hammer,2014-10-10,19.48911476135254,2014-12-05,20.257064819335938,Profit target (+2%),8,0.03940405028073757,0.038880968295418455,4399.33268008115,117548.07555742557
ATVI-202310,2018-11-02,66.54766845703125,9.542503758509753,6.694309234619141,0.19452461802079124,1.3574347098911634,Hammer,2018-11-09,65.59272003173828,2019-07-05,46.555999755859375,RSI > 90,34,-0.2902261145241062,-0.29035643718506515,-34130.840382684095,83417.23517474147
ATVI-202310,2021-08-06,81.06837463378906,1.5049705460627507,6.250022888183594,0.27301291621246504,1.2701726453622457,Hammer,2021-08-13,80.50287628173828,2021-08-20,82.12069702148438,Profit target (+2%),1,0.02009643399676997,0.01997097444378619,1665.9234701801406,85083.15864492161
ATVI-202310,2023-05-05,75.18887329101562,3.5406839134611516,4.189788818359375,0.4344749473745548,1.2993213333185138,Hammer,2023-05-12,74.8722915649414,2023-05-19,76.48489379882812,Profit target (+2%),1,0.02153803763957196,0.021403047578140197,1821.038890754668,86904.19753567629
ATYT-200610,2004-07-30,16.100000381469727,8.78206557949116,1.5500001907348633,0.37419345311891455,1.1294980383595628,Hammer,2004-08-06,15.90999984741211,2004-10-15,16.739999771118164,RSI > 90,10,0.052168443222270655,0.05152371546138557,5152.371540986185,105152.37154098619
AVGO,2018-02-09,18.83028221130371,5.986772278330832,1.527212142944336,0.4879586461329413,1.3192525081080586,Hammer,2018-02-16,19.018985748291016,2018-02-23,19.88973617553711,Profit target (+2%),1,0.04578322097561571,0.045245535748123504,4524.553570287797,104524.55357028778
AVGO,2020-03-13,20.07624053955078,1.3320973351187178,5.358919143676758,0.47120906515016103,2.8673063117071704,Hammer,2020-03-20,17.84421157836914,2020-04-03,20.241403579711914,Profit target (+2%),2,0.1343400346277368,0.1337421538683385,13979.338912637479,118503.89248292526
AVGO,2021-05-14,39.892059326171875,2.5611209099830177,2.6550140380859375,0.2351665814171346,1.1332612787136211,Hammer,2021-05-21,39.93903350830078,2021-05-28,41.27412796020508,Profit target (+2%),1,0.03342831146945047,0.03317377679519841,3931.2216746595323,122435.1141575848
AVGO,2025-03-07,192.5049285888672,7.497362141126743,26.116928100585938,0.3440449544548694,1.2526788908015742,Hammer,2025-03-14,187.21241760253906,2025-03-21,185.68194580078125,Profit target (+2%),1,-0.008175054952856198,-0.008228250455992384,-1007.4267828892,121427.6873746956
AZN-202601,2025-04-11,65.83218383789062,1.8392733700578248,6.057868957519531,0.4196723747728323,1.6966868862783433,Hammer,2025-04-17,66.32872772216797,2025-05-02,69.76483154296875,Profit target (+2%),2,0.05180415694378504,0.05164949925851697,5164.949920686748,105164.94992068675
BB,2005-10-21,20.780000686645508,1.3268141830883877,2.4866676330566406,0.48257384581163276,1.2244179807445679,Hammer,2005-10-28,20.643333435058594,2005-11-18,22.23666763305664,Profit target (+2%),3,0.07718395883157547,0.07668096812645032,7668.096804976936,107668.09680497694
BB,2008-09-12,105.66999816894531,6.934513447607742,13.959999084472656,0.4305159405716035,1.054480543013385,Hammer,2008-09-19,99.7300033569336,2008-09-26,103.26000213623047,Profit target (+2%),1,0.03539555460218935,0.035293514421405596,3799.985523511763,111468.0823284887
BBBYQ-202309,1998-09-04,8.173948287963867,1.7850137116965925,1.089859962463379,0.3500005687779412,1.051786253621186,Hammer,1998-09-11,8.827864646911621,1998-09-18,9.808738708496094,Profit target (+2%),1,0.11111113511778026,0.10991610314372187,10991.610303380578,110991.61030338057
BBBYQ-202309,2001-09-21,18.08295440673828,0.05917084916741544,3.5311450958251953,0.4962964603419043,1.3410649962828147,Hammer,2001-09-28,19.042030334472656,2001-10-05,22.145952224731445,Profit target (+2%),1,0.16300372574449784,0.16243591971705906,18029.024282478007,129020.63458585857
BCHXQ-200911,1997-07-11,12.4375,6.043821286885233,2.875,0.3695652173913043,1.0949715793759096,Hammer,1997-07-18,12.625,1997-08-01,13.625,Profit target (+2%),2,0.07920792079207928,0.07838479809976237,7838.479802137759,107838.47980213775
BEAS-200804,2005-04-08,7.650000095367432,1.126931200720179,0.809999942779541,0.3209873708786697,1.4279131813776988,Hammer,2005-04-15,7.679999828338623,2005-05-27,8.5600004196167,RSI > 90,6,0.11458341288380502,0.11320762663779488,11320.762652458725,111320.76265245872
BEAS-200804,2007-05-04,11.329999923706055,7.240988280745384,1.609999656677246,0.48447198714375667,1.833253760643391,Hammer,2007-05-11,11.329999923706055,2007-05-18,12.0,Profit target (+2%),1,0.05913504684956683,0.05822673848577791,6481.8449285202205,117802.60758097895
BGEN-200311,1994-04-15,8.0625,0.980795985185722,1.1875,0.42105263157894735,1.19039925325358,Hammer,1994-04-22,8.0,1994-04-29,8.875,Profit target (+2%),1,0.109375,0.10805746408494692,10805.746397688945,110805.74639768896
BGEN-200311,1997-03-21,21.4375,4.412928900415835,3.125,0.34,1.5470754324688638,Hammer,1997-03-27,21.75,1997-07-25,18.9375,RSI > 90,17,-0.1293103448275862,-0.12974028958860043,-14375.969611341214,96429.77678634775
BGEN-200311,2000-04-07,67.0625,4.93289164680715,18.375,0.42517006802721086,1.2494459588057893,Hammer,2000-04-14,69.0,2000-07-14,71.5625,RSI > 90,13,0.0371376811594204,0.03699007318310267,3566.9444967903137,99996.72128313807
BGEN-200311,2000-10-13,52.1875,8.037364452944772,9.9375,0.49056603773584906,1.0624291365620353,Hammer,2000-10-20,51.5,2000-10-27,54.4375,Profit target (+2%),1,0.05703883495145634,0.056839141830890276,5683.727817952562,105680.44910109065
BIDU,2015-07-10,187.75,5.681238628364767,15.260009765625,0.41415486761059117,1.1560977229307958,Hammer,2015-07-17,189.89999389648438,2015-07-24,199.5500030517578,Profit target (+2%),1,0.050816268906958006,0.050762273058117306,5076.227300735503,105076.2273007355
BIDU,2018-10-12,204.36000061035156,9.647338221953163,17.649993896484375,0.3665724338857622,1.009266007785926,Hammer,2018-10-19,201.5,2019-11-15,122.69000244140625,RSI > 90,56,-0.3911166131940137,-0.39115653486808644,-41101.25292686586,63974.974373869634
BIIB,2002-06-14,32.358272552490234,1.9794297801637128,7.534605026245117,0.46454765621776356,1.221628581114601,Hammer,2002-06-21,33.02146530151367,2002-07-26,35.701866149902344,Profit target (+2%),5,0.08117146904034578,0.08085639271442946,8085.639263357307,108085.6392633573
BIIB,2005-03-18,35.24131774902344,7.565929298925994,5.158166885375977,0.2928576578975101,1.0129932281611218,Hammer,2005-03-24,34.9834098815918,2005-04-01,35.92293167114258,Profit target (+2%),1,0.026856209635675254,0.026566562833134764,2871.4639239780563,110957.10318733535
BIIB,2011-08-12,83.8017578125,4.425747749524547,9.247848510742188,0.287848538197922,1.6295014162591512,Hammer,2011-08-19,84.13334655761719,2011-09-23,91.77848815917969,RSI > 90,5,0.09086933914279594,0.09074508727520603,10068.812002469975,121025.91518980534
BIIB,2012-11-09,127.15797424316406,3.1188327302374432,7.018791198730469,0.472440859291692,1.1975794942137603,Hammer,2012-11-16,127.57247161865234,2012-11-30,136.9676971435547,RSI > 90,2,0.07364618248509869,0.07356491240832987,8903.260841172727,129929.17603097805
BIIB,2014-10-17,282.5108337402344,5.573004927356081,18.8641357421875,0.4414064774970072,1.0495769023534847,Hammer,2014-10-24,281.1568298339844,2014-10-31,296.4931640625,Profit target (+2%),1,0.054547258331129056,0.05451072159249089,7082.533134283851,137011.7091652619
BIIB,2015-05-01,355.74755859375,8.625006898615027,31.84246826171875,0.49841002708416793,1.262097252725866,Hammer,2015-05-08,358.7227478027344,2015-05-15,371.38787841796875,Profit target (+2%),1,0.035306181982635465,0.03527781358634542,4833.47353024521,141845.18269550713
BIIB,2016-11-04,255.1449432373047,2.0239683630417318,15.824508666992188,0.47613432008292556,1.0014840157351135,Hammer,2016-11-11,267.7087707519531,2016-11-18,294.50360107421875,Profit target (+2%),1,0.10008947501795706,0.10005025235359592,14191.646309635758,156036.82900514288
BKNG,2025-03-14,176.81613159179688,5.323470899782663,12.0279541015625,0.3874057422386409,1.1269479178468327,Hammer,2025-03-21,177.1586456298828,2025-03-28,185.0798797607422,Profit target (+2%),1,0.04471265911237721,0.0446549522207674,4465.495217611246,104465.49521761126
BKR,2024-09-13,32.2893180847168,4.389023204796274,1.9044914245605469,0.4162435328121526,1.1003713936465072,Hammer,2024-09-20,32.656681060791016,2024-09-27,34.938201904296875,Profit target (+2%),1,0.06986383090365988,0.06954696665116611,6954.6966581619145,106954.6966581619
BKR,2025-03-14,41.8494873046875,4.028435242585303,2.569580078125,0.1653726247030879,1.0087538483400542,Hammer,2025-03-21,42.103477478027344,2025-03-28,43.7641716003418,Profit target (+2%),1,0.03944315818523836,0.03920099279713451,4192.730289123581,111147.4269472855
BMC-201309,1994-03-31,7.71875,8.843680724056213,0.84375,0.4444444444444444,1.310170708333958,Hammer,1994-04-08,7.4375,1994-04-15,8.03125,Profit target (+2%),1,0.07983193277310918,0.07843466577091023,7843.466569247557,107843.46656924757
BMC-201309,1998-09-04,46.875,9.636716809310087,11.0,0.32954545454545453,2.1253431815670525,Hammer,1998-09-11,49.75,1998-09-18,52.0,Profit target (+2%),1,0.045226130653266416,0.045020600944628765,4855.177668044329,112698.6442372919
BMC-201309,2000-10-06,17.625,9.472193225494877,6.25,0.26,1.1379328881998416,Hammer,2000-10-13,17.6875,2000-11-10,21.5,RSI > 90,4,0.215547703180212,0.21492157693938116,24221.370314187705,136920.0145514796
BMET-200709,1996-12-06,6.87131404876709,9.225214270059396,0.3699936866760254,0.4285717967917333,1.014210058744519,Hammer,1996-12-13,6.87131404876709,1997-03-14,7.294164180755615,RSI > 90,13,0.06153846687656439,0.06003945268650859,6003.945262646914,106003.94526264691
BMET-200709,2000-03-10,13.328668594360352,2.7192947057284726,2.1411514282226562,0.2,1.2226410317226741,Hammer,2000-03-17,13.275139808654785,2000-03-24,16.058637619018555,Profit target (+2%),1,0.2096774761309148,0.20884552800839165,22138.449897211693,128142.3951598586
BMET-200709,2001-11-23,27.7775821685791,6.943775744724448,2.5719985961914062,0.2188676334922297,1.0072886646307766,Hammer,2001-11-30,27.884342193603516,2001-12-28,29.602243423461914,Profit target (+2%),4,0.06160809596765282,0.0612384909619743,7847.246899995493,135989.6420598541
BMET-200709,2003-05-23,27.705114364624023,7.834020122174792,2.0854358673095703,0.21028033536710844,1.1495708298399687,Hammer,2003-05-30,27.714860916137695,2003-06-20,29.439729690551758,Profit target (+2%),3,0.06223624140252171,0.061864263302119235,8412.899014338862,144402.54107419297
BMRN,2019-08-16,76.5,2.9082859253118585,5.5402984619140625,0.11376549551211962,1.0088287131636593,Hammer,2019-08-23,77.41000366210938,2019-11-08,74.33000183105469,RSI > 90,11,-0.03978816283872988,-0.039914766968706855,-3991.4766928792087,96008.52330712078
BOBE-201801,1995-09-01,9.966349601745605,0.35539386800729744,0.750889778137207,0.45454522362563743,1.8239293129768182,Hammer,1995-09-08,10.034611701965332,1995-10-06,10.375925064086914,Profit target (+2%),4,0.03401360932129882,0.03300061515892337,3300.061512592276,103300.06151259228
BRCD-201711,2002-03-01,23.45709800720215,3.046706079481268,5.977228164672852,0.4787399534557049,1.0147665741408862,Hammer,2002-03-08,23.09940528869629,2002-03-15,27.109325408935547,Profit target (+2%),1,0.17359408478804061,0.17312369958278892,17312.36994096652,117312.36994096651
BRCM-201601,2008-09-19,19.904273986816406,4.722763293897984,3.638416290283203,0.29155976846031983,1.4079667339957473,Hammer,2008-09-26,19.829832077026367,2009-03-20,17.782642364501953,RSI > 90,25,-0.10323787435881326,-0.10371601355310427,-10371.601344938827,89628.39865506117
BRCM-201601,2013-08-16,25.042625427246094,2.3784246574417267,3.402162551879883,0.31249982480365396,1.6972840273354215,Hammer,2013-08-23,25.013629913330078,2013-09-13,25.84320831298828,Profit target (+2%),3,0.03316505451358376,0.03275872429854872,2936.1119979254527,92564.51065298662
BRCM-201601,2014-10-17,35.25455856323242,2.7565724185556064,1.9908905029296875,0.37128760298907837,1.1146799933463694,Hammer,2014-10-24,35.23484802246094,2014-10-31,39.108219146728516,Profit target (+2%),1,0.10993012150353088,0.10963075441770263,10147.917125044478,102712.4277780311
CA-201811,2011-08-12,15.948473930358887,7.839841212000167,1.211573600769043,0.24183050265776782,1.2639341496760497,Hammer,2011-08-19,16.027860641479492,2011-09-23,16.61530876159668,Profit target (+2%),5,0.036651686289116636,0.036016537100262654,3601.653706424612,103601.65370642461
CA-201811,2014-10-03,24.15948486328125,7.309802650813978,1.0381717681884766,0.45762730547987235,1.1581882239006678,Hammer,2014-10-10,24.2122745513916,2014-10-31,25.004098892211914,Profit target (+2%),3,0.0327034264847621,0.03228374601614229,3344.649471765889,106946.3031781905
CA-201811,2018-10-12,43.70000076293945,8.830992947419361,3.05999755859375,0.130718310561484,2.8752903925375857,Hammer,2018-10-19,44.0,2018-11-02,44.439998626708984,End of data,2,0.009999968788840574,0.00977158565410705,1045.0349608507545,107991.33813904125
CATP-200107,1998-10-16,17.5,4.971699001760825,7.3125,0.4358974358974359,1.1713204361518477,Hammer,1998-10-23,17.625,1998-10-30,18.75,Profit target (+2%),1,0.06382978723404253,0.06324446965399892,6324.446959075447,106324.44695907546
CBB-199801,1994-09-30,44.63850021362305,3.4172070908507237,5.24017333984375,0.4444448488731,2.2468166934853304,Hammer,1994-10-07,44.83258056640625,1995-01-06,43.75896072387695,RSI > 90,13,-0.023947313069321186,-0.024167669817161747,-2416.7669792994075,97583.23302070059
CBB-199801,1995-09-29,39.68574142456055,6.898977449008058,5.58392333984375,0.39285704526326143,2.186861978464987,Hammer,1995-10-06,39.68574142456055,1995-11-17,41.60565185546875,RSI > 90,6,0.048377839546170476,0.04811979727157116,4695.685385364915,102278.9184060655
CBRL,1994-10-07,10.518335342407227,9.316078939745239,1.4508047103881836,0.41666650233126207,1.4708551215869996,Hammer,1994-10-14,10.518335342407227,1994-10-21,10.820586204528809,Profit target (+2%),1,0.02873561759368748,0.027771695247975483,2777.169522020379,102777.16952202038
CBRL,1994-11-25,9.188430786132812,5.297227655049767,1.0881032943725586,0.33333362548522777,1.180883395663106,Hammer,1994-12-02,9.309330940246582,1995-01-27,9.553750038146973,RSI > 90,8,0.026255280800439262,0.025167572357503647,2586.6518480582154,105363.82137007859
CBRL,1995-11-03,8.168744087219238,3.6874850989265298,0.9681477546691895,0.43750027704542016,1.4902922676316834,Hammer,1995-11-10,8.168744087219238,1995-11-17,8.53179931640625,Profit target (+2%),1,0.04444443666132791,0.0431938197990639,4551.065909048866,109914.88727912745
CBRL,1996-07-19,10.596247673034668,3.237941503326425,1.271550178527832,0.04761958333989592,1.687658578094204,Hammer,1996-07-26,10.596247673034668,1996-08-16,11.020097732543945,Profit target (+2%),3,0.04000001440018153,0.039037863492421436,4290.842361096624,114205.72964022408
CBRL,1997-10-24,15.060628890991211,9.873908968478048,1.1515169143676758,0.44736813772461537,1.2214022101819009,Hammer,1997-10-31,15.09093189239502,1997-11-21,15.515174865722656,Profit target (+2%),3,0.02811244370809418,0.027440702321684562,3133.885427354291,117339.61506757836
CCEP,2024-04-19,63.35140609741211,4.925728835107677,2.4841766357421875,0.38113087596665907,1.0840271215630135,Hammer,2024-04-26,63.557640075683594,2024-05-03,67.3542251586914,Profit target (+2%),1,0.05973451938251473,0.05957249539193386,5957.249533236136,105957.24953323614
CCEP,2024-10-04,73.9231185913086,9.299059592261187,3.3166351318359375,0.45999935590428737,1.3140586913776746,Hammer,2024-10-11,72.97550201416016,2024-10-25,74.12211608886719,Profit target (+2%),2,0.015712314996949805,0.015574215623873018,1650.2010494929373,107607.45058272908
CDNS,2007-08-10,20.25,8.673712756787694,1.3799991607666016,0.4782610498440258,1.24144191541856,Hammer,2007-08-17,20.3700008392334,2007-08-31,21.420000076293945,Profit target (+2%),2,0.05154635217482206,0.051042905237969845,5104.290518692695,105104.2905186927
CDNS,2008-01-25,14.640000343322754,0.8242892637758246,1.6399993896484375,0.451219540561412,1.4821775333213634,Hammer,2008-02-01,14.699999809265137,2009-01-16,4.429999828338623,RSI > 90,50,-0.6986394635497561,-0.6990819526872365,-73476.51257813777,31627.77794055491
CDNS,2020-03-13,62.470001220703125,6.390337177224694,8.669998168945312,0.28719704609492835,1.7836976203525663,Hammer,2020-03-20,55.7599983215332,2020-04-03,62.68000030517578,Profit target (+2%),2,0.1241033391668922,0.12391288786203267,3919.089297354162,35546.86723790908
CDNS,2022-01-28,145.4199981689453,2.3374350811732825,15.3800048828125,0.4278283317327153,1.3594046409110403,Hammer,2022-02-04,145.38999938964844,2022-03-04,151.1999969482422,Profit target (+2%),4,0.03996146628368047,0.03989131388934622,1418.011237352337,36964.87847526142
CDNS,2026-02-06,283.5199890136719,5.2082209211666,33.59100341796875,0.38165002589237856,1.506461934676149,Hammer,2026-02-13,283.489990234375,2026-02-20,294.7749938964844,Profit target (+2%),1,0.039807414903007654,0.0397522325921336,1469.4364464945247,38434.31492175595
CDW,2020-03-13,93.44149780273438,2.452700177155762,13.162979125976562,0.2957245646838981,1.7328115804707769,Hammer,2020-03-20,81.22860717773438,2020-04-03,84.87218475341797,Profit target (+2%),2,0.044855842076808816,0.044729979400441204,4472.997935571122,104472.99793557113
CDW,2021-05-14,158.2724151611328,9.066790418000807,11.974334716796875,0.46333864287989807,1.3740833053009502,Hammer,2021-05-21,156.81532287597656,2021-07-02,161.26217651367188,Profit target (+2%),6,0.028357264814053096,0.028292593436402107,2955.812052717378,107428.80998828851
CDWC-200710,2005-10-21,55.08171463012695,6.811590315083691,3.6239242553710938,0.42076442909925366,1.2317063144347213,Hammer,2005-10-28,55.250038146972656,2005-11-11,58.52741622924805,Profit target (+2%),2,0.05931901935627848,0.059132672636737674,5913.267257760501,105913.2672577605
CE-200402,1997-04-04,4.44444465637207,4.788720760423757,0.6666665077209473,0.4166666070620077,1.0947053286551103,Hammer,1997-04-11,4.555555820465088,1997-05-09,4.69444465637207,Profit target (+2%),4,0.030487791474982595,0.02826165076822547,2826.1650739963816,102826.16507399638
CE-200402,1998-08-28,7.208333492279053,1.3668523899212062,1.0833334922790527,0.42307700772256,1.4356475465225225,Hammer,1998-09-04,7.0416669845581055,1998-09-11,7.333333492279053,Profit target (+2%),1,0.0414200939011391,0.039971593426819295,4110.125659866664,106936.29073386305
CE-200402,1999-02-12,10.125,9.301763523660355,3.229166030883789,0.4838710630101482,2.3938817297783705,Hammer,1999-02-19,10.333333969116211,1999-02-26,10.666666984558105,Profit target (+2%),1,0.03225803176768949,0.03127515675231519,3344.4492518682673,110280.73998573131
CE-200402,2002-06-28,30.139999389648438,2.6594487237232585,2.489999771118164,0.4056226191652553,1.0112099600752038,Hammer,2002-07-05,30.139999389648438,2003-04-11,12.25,RSI > 90,40,-0.5935633627050685,-0.593796641302808,-65484.332938431195,44796.40704730012
CELG-201911,2007-12-21,24.0,0.8937216182587662,4.880001068115234,0.30942620868421894,1.9423233199972019,Hammer,2007-12-28,23.6200008392334,2008-01-11,26.165000915527344,Profit target (+2%),2,0.107747670866575,0.107301586719275,10730.158661197343,110730.15866119733
CELG-201911,2010-04-23,29.905000686645508,6.268743801308133,2.104999542236328,0.33254109634966916,1.3439618213835407,Hammer,2010-04-30,30.200000762939453,2010-05-07,30.875,Profit target (+2%),1,0.022350967549937373,0.022016196664907128,2437.856947383433,113168.01560858077
CELG-201911,2010-12-10,28.729999542236328,6.5679356675245515,2.0749988555908203,0.2240965826728082,1.3278157583778263,Hammer,2010-12-17,28.790000915527344,2010-12-23,29.770000457763672,Profit target (+2%),1,0.03403958009976238,0.033686386921185,3812.221557081134,116980.23716566189
CELG-201911,2011-02-04,25.645000457763672,4.209538487289095,2.1850013732910156,0.45766561624344215,1.3963043320246147,Hammer,2011-02-11,25.594999313354492,2011-02-25,26.53499984741211,Profit target (+2%),2,0.03672594488280212,0.0363281468360225,4249.675228417227,121229.91239407913
CELG-201911,2011-08-12,27.21500015258789,3.77558414789101,1.6000003814697266,0.24687522724265404,1.0627954509198567,Hammer,2011-08-19,27.334999084472656,2011-09-02,28.924999237060547,Profit target (+2%),2,0.05816719245807733,0.0577907902522655,7005.972432460776,128235.88482653991
CELG-201911,2014-10-17,88.12000274658203,8.20783295435848,7.7299957275390625,0.3583438776295764,1.567614000040135,Hammer,2014-10-24,88.83999633789062,2014-10-31,102.9000015258789,Profit target (+2%),1,0.1582621090450409,0.15814064682443155,20279.305752293025,148515.19057883293
CEPH-201110,2002-06-28,45.20000076293945,2.111890056344606,7.579998016357422,0.49868070824553573,1.165790037090249,Hammer,2002-07-05,44.88999938964844,2002-08-16,46.65999984741211,RSI > 90,6,0.039429727819774385,0.03920259453594022,3920.259449673763,103920.25944967376
CERN-202206,2010-07-02,18.40410041809082,6.1490392943678245,1.3978404998779297,0.4584776857045783,1.101089426953977,Hammer,2010-07-09,18.522602081298828,2010-07-16,19.298912048339844,Profit target (+2%),1,0.04191149621601009,0.041360450406828606,4136.045036546815,104136.04503654683
CERN-202206,2017-07-28,62.49171447753906,7.953015162355058,3.2890396118164062,0.4029415380618463,1.3671316188294067,Hammer,2017-08-04,62.375633239746094,2017-09-08,65.7517318725586,RSI > 90,5,0.05412528029713415,0.05396063582547577,5619.247196903199,109755.29223345002
CHIR-200604,1995-10-13,22.125,9.247919373399853,1.65625,0.20754716981132076,1.0052936369511019,Hammer,1995-10-20,22.0625,1995-11-17,22.875,Profit target (+2%),4,0.03682719546742219,0.036365696159510644,3636.5696123144953,103636.56961231449
CHIR-200604,1996-03-29,24.5625,3.563668455044592,2.875,0.43478260869565216,1.3376469638583013,Hammer,1996-04-04,24.6875,1996-04-12,24.9375,Profit target (+2%),1,0.010126582278481067,0.009719550470790808,1007.3008679592148,104643.8704802737
CHIR-200604,1999-01-29,22.75,9.036236520772121,2.25,0.19444444444444445,1.156015213333573,Hammer,1999-02-05,23.125,1999-07-16,22.125,RSI > 90,23,-0.043243243243243246,-0.04366623432771295,-4569.403764781071,100074.46671549264
CHKP,2012-07-13,46.040000915527344,4.530258425165215,4.259998321533203,0.3286380898567518,1.2958947443401352,Hammer,2012-07-20,45.68000030517578,2012-07-27,48.45000076293945,Profit target (+2%),1,0.060639239038048354,0.06041371214461798,6041.371208420427,106041.37120842042
CHKP,2013-04-05,46.2599983215332,0.9590780017507115,2.75,0.3272732821377841,1.1737360613315382,Hammer,2013-04-12,46.099998474121094,2013-05-10,47.470001220703125,Profit target (+2%),4,0.029718064900828622,0.02949794581048314,3128.00261844731,109169.37382686771
CHKP,2016-01-22,75.43000030517578,5.6884882234956535,5.910003662109375,0.35871428645195935,1.3251679025704945,Hammer,2016-01-29,75.41000366210938,2016-02-05,79.55000305175781,Profit target (+2%),1,0.05489986989257534,0.054763630432911596,5978.511236868444,115147.88506373615
CHKP,2019-08-09,111.04000091552734,6.374797756687968,4.970001220703125,0.4104628600551404,1.011553324120295,Hammer,2019-08-16,110.36000061035156,2019-11-15,115.0,RSI > 90,13,0.04204421315682039,0.041951699941495516,4830.649518261023,119978.53458199716
CHKP,2020-03-13,93.66999816894531,1.0220567771245186,15.810005187988281,0.18026598154951456,2.569960857023536,Hammer,2020-03-20,85.2300033569336,2020-03-27,89.4000015258789,Profit target (+2%),1,0.048926410943360255,0.04880621816279798,5855.6985278060565,125834.2331098032
CHRS-201206,1995-05-19,4.479230880737305,3.631652234063978,0.6221153736114502,0.1999999233522947,1.0890119485598024,Hammer,1995-05-26,4.479230880737305,1995-06-23,5.101346015930176,Profit target (+2%),4,0.13888882974714356,0.13650392931869415,13650.392918219022,113650.39291821902
CHRW,2003-01-31,8.752717971801758,2.5818511969906552,0.5778923034667969,0.44864876461307934,1.0001034890644322,Hammer,2003-02-07,8.740222930908203,2003-02-14,9.261887550354004,Profit target (+2%),1,0.05968550500022474,0.058507898939594356,5850.789888108646,105850.78988810866
CHRW,2011-02-25,50.9609375,8.241432798620409,2.9291114807128906,0.4676244938783537,1.4649381183564485,Hammer,2011-03-04,51.07332229614258,2011-04-08,53.095821380615234,RSI > 90,5,0.03959991231323157,0.03940025815265752,4170.548443083642,110021.33833119231
CHTR,2014-10-17,159.03561401367188,3.1709276066517162,12.994796752929688,0.46468465654564733,1.670048912221163,Hammer,2014-10-24,159.1461944580078,2014-10-31,173.7889862060547,Profit target (+2%),1,0.09200843160538485,0.09194270767416535,9194.270758222265,109194.27075822225
CHTR,2015-01-23,175.7686309814453,7.517366928967647,9.201507568359375,0.4194716680762151,1.0176078864777058,Hammer,2015-01-30,175.37049865722656,2015-02-13,190.61048889160156,Profit target (+2%),2,0.08690167588656172,0.08684217778985304,9482.668265336219,118676.93902355847
CHTR,2020-03-13,454.19000244140625,5.2302327723259765,64.95999145507812,0.3760775229269443,2.4650939767543605,Hammer,2020-03-20,414.9800109863281,2020-04-03,440.739990234375,Profit target (+2%),2,0.062075229085903016,0.062050383908673776,7363.949620154122,126040.88864371259
CHTR,2025-10-31,233.83999633789062,3.9437690142394217,33.91499328613281,0.4717677478220847,1.4327038828857372,Hammer,2025-11-07,231.30499267578125,2026-02-13,231.13999938964844,RSI > 90,14,-0.0007133148499050002,-0.0007565314585354113,-95.35389722537334,125945.53474648722
CHTRQ-200911,2002-02-08,11.25,2.1067556936518628,2.5,0.31199989318847654,1.329689737654533,Hammer,2002-02-15,11.5600004196167,2002-03-15,13.039999961853027,RSI > 90,4,0.12802763741468803,0.12710760820578063,12710.7608078673,112710.76080786731
CIEN,2003-03-14,34.15999984741211,6.474849364992664,7.489999771118164,0.3831774391972125,1.034280280705385,Hammer,2003-03-21,32.970001220703125,2003-03-28,34.29999923706055,Profit target (+2%),1,0.04033964110144672,0.04003026436671266,4003.02643266824,104003.02643266825
CMCSA,2007-08-10,8.010408401489258,8.004486827285405,0.6769804954528809,0.4186046511627907,1.4580855968131776,Hammer,2007-08-17,8.123763084411621,2008-02-08,5.872409820556641,RSI > 90,25,-0.27713182184928764,-0.2781915576050601,-27819.15573268685,72180.84426731315
CMCSA,2011-08-12,6.9043145179748535,4.573786408150781,0.8764195442199707,0.4465651243073257,1.8262846050689427,Hammer,2011-08-19,6.917695045471191,2011-09-23,7.559957027435303,RSI > 90,5,0.09284334995145249,0.091331768597511,6592.404159202821,78773.24842651597
CMCSA,2019-12-13,33.930912017822266,9.444546900481399,2.3980560302734375,0.4902598642139489,1.6436769815859846,Hammer,2019-12-20,34.17227554321289,2020-01-03,35.11436462402344,Profit target (+2%),2,0.027568813192414332,0.02727218790836727,2148.3188310921214,80921.56725760808
CMCSA,2020-03-13,30.76654815673828,5.441430324037725,4.130369186401367,0.2935608955517494,1.9765422812305062,Hammer,2020-03-20,27.097715377807617,2020-04-17,29.486980438232422,Profit target (+2%),4,0.08817219559334344,0.08778696257028948,7103.858588868945,88025.42584647704
CMCSA,2023-10-06,37.222251892089844,4.617817319120249,1.7497978210449219,0.4690483301685855,1.186667969068802,Hammer,2023-10-13,37.213687896728516,2023-12-22,38.15559387207031,RSI > 90,10,0.025310739907199675,0.025038657405859695,2204.0384785708065,90229.46432504785
CMCSA,2025-10-31,25.478288650512695,1.388541337930988,3.6293869018554688,0.474162359079357,2.4056327636238137,Hammer,2025-11-07,25.2997989654541,2025-12-26,26.984012603759766,RSI > 90,7,0.06657023799301309,0.06616190235659604,5969.75300239203,96199.2173274399
CMCSK-201512,1998-09-04,11.475393295288086,8.05892197780554,2.77085018157959,0.36184896850639503,2.2967365927744994,Hammer,1998-09-11,11.727995872497559,1998-09-25,12.449719429016113,Profit target (+2%),2,0.0615385240892703,0.060660002292070365,6066.000223141036,106066.00022314105
CMCSK-201512,2001-07-27,21.363046646118164,6.830375288523314,1.9126758575439453,0.11480235701685193,1.0679429564992562,Hammer,2001-08-03,21.524843215942383,2001-08-10,22.01601219177246,Profit target (+2%),1,0.02281870166962663,0.022348930784306952,2370.461695184804,108436.46191832586
CMCSK-201512,2002-02-08,19.294349670410156,7.061939140290022,1.7393207550048828,0.4850494294910106,1.1952127462072872,Hammer,2002-02-15,19.282791137695312,2002-03-08,20.14378547668457,Profit target (+2%),3,0.044650918678786455,0.044120881075184776,4784.312235727946,113220.7741540538
CMCSK-201512,2002-06-28,13.775899887084961,6.060954431863237,2.9759178161621094,0.3417475410802711,1.7818407196344066,Hammer,2002-07-05,13.758563995361328,2002-08-30,13.983924865722656,RSI > 90,8,0.01637967962625364,0.015647173249160616,1771.585066820981,114992.35922087479
CMVT-201302,2000-04-07,48.62025833129883,8.132223402688922,11.848636627197266,0.29885072643734856,1.4144526845268892,Hammer,2000-04-14,49.5735969543457,2000-06-09,50.52693557739258,RSI > 90,8,0.01923077367020265,0.01902713430788583,1902.7134288858692,101902.71342888588
CNTO-199910,1994-04-15,9.875,7.383460548844965,1.625,0.38461538461538464,1.1201481184241,Hammer,1994-04-22,9.75,1994-05-13,10.25,Profit target (+2%),3,0.05128205128205132,0.050230650948231696,5023.065089800104,105023.06508980009
CNTO-199910,1997-03-21,33.5,5.5642006083721895,6.5,0.07692307692307693,1.5649530807034746,Hammer,1997-03-27,33.625,1997-04-11,36.375,Profit target (+2%),2,0.08178438661710041,0.08147487362473975,8556.74094731754,113579.80603711764
CNXT-201104,2000-03-24,285.0182189941406,7.685436824556888,65.35877990722656,0.4398624161959101,1.2195840557063546,Hammer,2000-03-31,289.2856140136719,2001-08-31,42.04523849487305,RSI > 90,74,-0.8546583844543132,-0.8546781801469501,-85467.8179292272,14532.182070772807
COMS-201004,1995-12-08,7.577023983001709,3.3232975688875825,1.1411185264587402,0.2600001086457351,1.354059142619325,Hammer,1995-12-15,7.622668743133545,1995-12-29,8.101938247680664,Profit target (+2%),2,0.06287424007226372,0.06152200893222544,6152.200887070343,106152.20088707034
COMS-201004,1997-01-31,12.255608558654785,2.2842388890913696,1.7116765975952148,0.2666664066595982,1.5331190115152298,Hammer,1997-02-07,12.255608558654785,1997-05-30,8.101938247680664,RSI > 90,16,-0.3389199557977757,-0.3395973610163893,-36049.0072512817,70103.19363578866
COMS-201004,1997-08-29,9.117533683776855,6.824654473327342,1.6089763641357422,0.46808492982774336,1.5697374396434878,Hammer,1997-09-05,9.402812957763672,1997-10-17,10.178772926330566,RSI > 90,6,0.08252423738007075,0.0814174316608618,5707.621971342363,75810.81560713102
COMS-201004,2000-04-07,9.3115234375,2.929664596674769,3.332064628601074,0.3493150822156069,1.5548612371490236,Hammer,2000-04-14,9.471280097961426,2000-07-07,10.372763633728027,RSI > 90,12,0.09518074921684927,0.09407526229183341,7131.922355666746,82942.73796279776
COST,1994-12-16,4.455209255218506,7.041744812149474,0.45801210403442383,0.4545449813174309,1.125779036693485,Hammer,1994-12-23,4.455209255218506,1995-02-03,4.66339635848999,RSI > 90,6,0.046728916947644805,0.04443448545370444,4443.448540926996,104443.44854092698
COST,1995-03-10,4.330296993255615,7.7855056868040435,0.45801210403442383,0.27272698879045854,1.2422218640902136,Hammer,1995-03-17,4.330296993255615,1995-03-31,4.829946517944336,RSI > 90,2,0.11538458573786481,0.11294486293567986,11796.35096818838,116239.79950911536
COST,1995-12-22,5.03813362121582,5.943962804798431,0.9576616287231445,0.47826089121383497,2.4104473622169476,Hammer,1995-12-29,4.996496200561523,1996-01-12,5.454508304595947,Profit target (+2%),2,0.09166665712323585,0.08957561618943649,10412.251656353314,126652.05116546867
COST,1998-09-04,16.571712493896484,8.635222378350392,2.9562606811523438,0.4647887778302532,2.0422145117744397,Hammer,1998-09-11,17.362825393676758,1998-10-30,19.153236389160156,RSI > 90,7,0.10311749124283853,0.10251202756400381,12983.358547128788,139635.40971259747
COST,2006-08-04,35.337806701660156,7.748290093606016,1.9859619140625,0.3848807548097609,1.245221074492744,Hammer,2006-08-11,35.38557815551758,2006-10-20,36.17723083496094,RSI > 90,10,0.022372184395690553,0.022086462560982425,3084.0522457206735,142719.46195831813
COST,2007-03-16,36.33100509643555,5.246439112276946,1.9543838500976562,0.48771885308297386,1.1927688197497535,Hammer,2007-03-23,36.413291931152344,2007-03-30,37.33219528198242,Profit target (+2%),1,0.02523538252370794,0.02495733057849971,3561.8967885174625,146281.3587468356
COST,2016-05-20,120.40776062011719,2.753106629606137,6.7591705322265625,0.48564346489257715,1.2265972950667297,Hammer,2016-05-27,120.53433227539062,2016-06-03,126.21339416503906,Profit target (+2%),1,0.047115720329982125,0.04703080548593537,6879.730122561026,153161.08886939666
COST,2022-05-13,474.2488098144531,3.5702414242451113,29.4398193359375,0.47070025003006166,1.0271247352990722,Hammer,2022-05-20,473.1711730957031,2022-07-22,497.7004089355469,RSI > 90,9,0.05184008924162109,0.05181840767557952,7936.563735133497,161097.65260453013
CPRT,2020-03-13,18.459999084472656,1.0924872991787566,2.637500762939453,0.492891286583117,1.7686048285544604,Hammer,2020-03-20,16.5,2020-04-03,17.530000686645508,Profit target (+2%),2,0.06242428403912159,0.061799496312966176,6179.949625116669,106179.94962511666
CPRT,2021-03-05,26.59749984741211,7.574655188450365,2.2150001525878906,0.49548522429212827,1.2222885007317454,Hammer,2021-03-12,26.325000762939453,2021-03-19,27.467500686645508,Profit target (+2%),1,0.04339980591052717,0.043011769498316664,4566.987514051405,110746.93713916805
CPRT,2022-01-28,31.354999542236328,6.118123274910829,2.247499465942383,0.4827583280504643,1.091085318989246,Hammer,2022-02-04,31.337499618530273,2022-02-11,32.07749938964844,Profit target (+2%),1,0.02361387411651039,0.023291051447810338,2579.412608016368,113326.3497471844
CPRT,2026-02-20,36.47999954223633,3.4774531597602873,4.259998321533203,0.3732396194972299,1.8336712560019384,Hammer,2026-02-27,36.41999816894531,2026-03-06,37.630001068115234,Profit target (+2%),1,0.03322358484360577,0.03294448756329661,3733.47851610644,117059.82826329085
CPWR-201412,1994-11-25,3.962981939315796,2.2902528110590765,0.4812195301055908,0.11764726283095213,1.0382708548472843,Hammer,1994-12-02,3.991288900375366,1994-12-09,4.1894378662109375,Profit target (+2%),1,0.049645357873477014,0.04708092195684321,4708.092190976229,104708.09219097624
CPWR-201412,1995-07-21,2.717473268508911,8.017054632066959,0.4529120922088623,0.37499993419843963,1.037784433583706,Hammer,1995-07-28,2.7457802295684814,1995-08-04,2.8307013511657715,Profit target (+2%),1,0.03092786548712101,0.02723631673368654,2851.8627606416158,107559.95495161787
CPWR-201412,1995-10-06,2.37778902053833,2.922663363356648,0.3821446895599365,0.3333333333333333,1.212751192905076,Hammer,1995-10-13,2.3494820594787598,1995-11-03,2.4910171031951904,Profit target (+2%),3,0.06024095529711371,0.05586580844262207,6008.92383341522,113568.87878503308
CPWR-201412,2000-01-14,24.457260131835938,7.721721363435947,6.567228317260742,0.4655171662669806,1.4781386147976912,Hammer,2000-01-21,24.344032287597656,2000-11-17,7.614586353302002,RSI > 90,43,-0.6872093224596428,-0.687478900047375,-78076.20778867199,35492.67099636109
CRUS,1995-10-20,44.5,5.121669759103128,8.25,0.3787878787878788,1.3240240792153803,Hammer,1995-10-27,43.75,1996-02-16,24.0,RSI > 90,16,-0.4514285714285714,-0.4516055307964803,-45160.553034487486,54839.44696551251
CRUS,1996-07-19,15.0,1.283042530418939,3.75,0.4,1.276975537139973,Hammer,1996-07-26,15.125,1996-08-16,17.0,Profit target (+2%),3,0.12396694214876036,0.12326503635161923,6759.7864169468085,61599.233382459315
CRWD,2022-05-13,156.2899932861328,4.186811166012802,30.600006103515625,0.1408500639771976,1.0851915404737267,Hammer,2022-05-20,154.0,2022-06-03,167.57000732421875,Profit target (+2%),2,0.08811693067674509,0.08804913687359983,8804.913678555069,108804.91367855508
CSCO,1996-07-19,3.7004687786102295,5.630777170651498,0.625683069229126,0.4,1.8878438626982188,Hammer,1996-07-26,3.691530466079712,1996-08-09,4.040125370025635,Profit target (+2%),2,0.09443099742750327,0.09159802876046991,9159.802866887188,109159.80286688718
CSCO,2004-02-27,14.9048433303833,6.284282466560043,1.094050407409668,0.43529478423458956,1.0027248273047762,Hammer,2004-03-05,14.962764739990234,2004-04-08,15.63206672668457,Profit target (+2%),5,0.0447311708982181,0.04404812596585247,4808.284742279986,113968.08760916717
CSCO,2012-07-27,10.332605361938477,4.6271115615279825,0.7836704254150391,0.3865550820334462,1.317811977304085,Hammer,2012-08-03,10.345776557922363,2012-08-10,10.859443664550781,Profit target (+2%),1,0.04964993239053417,0.04865983762763351,5545.6686322483165,119513.7562414155
CSCO,2016-01-22,17.117467880249023,5.091867206628564,1.142629623413086,0.4230762168505359,1.1160431665667077,Hammer,2016-01-29,17.12479019165039,2016-02-19,18.509130477905273,Profit target (+2%),3,0.08083837937645799,0.08023100521831139,9588.708791076293,129102.46503249177
CSCO,2019-05-10,43.432247161865234,6.822821719722526,2.287189483642578,0.4982195662579869,1.3672942525677017,Hammer,2019-05-17,42.18690490722656,2019-05-24,45.418277740478516,Profit target (+2%),1,0.07659658465957819,0.07635049520364749,9857.037127385294,138959.50215987707
CSCO,2020-03-13,31.292207717895508,1.7645341002800308,5.940031051635742,0.4541636657122481,2.352475540379406,Hammer,2020-03-20,27.625930786132812,2020-03-27,29.521419525146484,Profit target (+2%),1,0.06861266516910036,0.06823833600133175,9482.365189481112,148441.8673493582
CSCO,2022-01-28,49.15143966674805,6.01004952591245,3.142120361328125,0.3909975621837395,1.2706743705233186,Hammer,2022-02-04,48.99234390258789,2022-02-25,50.31813430786133,Profit target (+2%),3,0.027061175270763238,0.026854321080942028,3986.3055636679637,152428.17291302615
CSGP,2025-12-19,65.2300033569336,9.111395393846053,6.25,0.483199462890625,1.2900134418795117,Hammer,2025-12-26,65.12000274658203,2026-01-02,67.08999633789062,Profit target (+2%),1,0.030251743062341907,0.030095869614553877,3009.5869584458005,103009.5869584458
CSX,2020-03-13,17.768146514892578,1.2336732874118184,3.633974075317383,0.48860752584045447,2.5326866342549366,Hammer,2020-03-20,15.032697677612305,2020-04-03,17.20694923400879,Profit target (+2%),2,0.14463482224049007,0.14392173607922445,14392.173593530271,114392.17359353027
CTAS,1996-07-26,3.0596163272857666,2.4859470727335236,0.13498306274414062,0.22222163346050586,1.0672467458939112,Hammer,1996-08-02,3.0146219730377197,1996-08-23,3.284588098526001,Profit target (+2%),3,0.08955223172351734,0.08609227506274798,8609.227497665572,108609.22749766556
CTAS,1999-04-09,7.778587341308594,0.4712772514097452,0.6760692596435547,0.39325866471061205,1.1297921368000445,Hammer,1999-04-16,7.702624797821045,1999-04-30,8.203978538513184,Profit target (+2%),2,0.06508868779821175,0.06374904767432955,6923.734814697051,115532.96231236262
CTAS,1999-12-17,5.6820149421691895,8.697477670267276,1.2154045104980469,0.2250000784655897,1.876517703076245,Hammer,1999-12-23,5.719996452331543,1999-12-31,6.198561668395996,Profit target (+2%),1,0.08366529945475465,0.08184550330570535,9455.853439398554,124988.81575176117
CTAS,2003-02-28,6.2618255615234375,7.980692459424247,0.6752400398254395,0.40055265200225126,1.0108977077114276,Hammer,2003-03-07,6.304727077484131,2003-03-28,6.629290580749512,Profit target (+2%),3,0.0514793898731134,0.04985374159650767,6231.160116710649,131219.9758684718
CTAS,2005-01-14,8.133684158325195,7.219347486210751,0.40358638763427734,0.4511627137628163,1.0125671019518945,Hammer,2005-01-21,8.083001136779785,2005-02-11,8.466303825378418,RSI > 90,3,0.04742083814073772,0.04615512316152594,6056.474141405302,137276.45000987712
CTAS,2019-11-15,60.22311782836914,6.0433361588044505,3.4282875061035156,0.420439410040002,1.2964397391570512,Hammer,2019-11-22,60.018550872802734,2019-12-20,62.56978225708008,Profit target (+2%),4,0.04250738058778136,0.042337238422673965,5811.905788074546,143088.35579795166
CTAS,2020-03-13,57.274513244628906,9.46822607125155,12.852550506591797,0.4632269377561981,3.2679450887168118,Hammer,2020-03-20,46.45589065551758,2020-04-24,47.0319709777832,Profit target (+2%),5,0.01240058718360193,0.012184017875653996,1743.3910830967911,144831.74688104843
CTAS,2022-05-13,90.60113525390625,2.99044358968969,4.889030456542969,0.27553974235933926,1.014133015968644,Hammer,2022-05-20,90.20352172851562,2022-06-03,94.83755493164062,Profit target (+2%),2,0.05137308515594308,0.05125938342101576,7423.986037487179,152255.73291853562
CTSH,2008-09-19,11.636209487915039,3.0037656516258124,1.813094139099121,0.29468584295856176,1.3872362230461537,Hammer,2008-09-26,11.618691444396973,2009-01-16,8.947224617004395,RSI > 90,16,-0.22992837361911977,-0.23068978045568636,-23068.978022499665,76931.02197750032
CTSH,2011-03-18,32.49116897583008,8.701136555622625,2.526945114135742,0.36568449036001893,1.5829784578395316,Hammer,2011-03-25,32.885318756103516,2011-04-01,35.17139434814453,Profit target (+2%),1,0.06951660128326176,0.06920199250482004,5323.780000951343,82254.80197845165
CTSH,2011-08-12,28.291271209716797,2.3889891185809233,3.1838645935058594,0.32599795598294334,1.4673266865272079,Hammer,2011-08-19,28.16426658630371,2011-10-14,29.272268295288086,Profit target (+2%),8,0.03934069099896953,0.03897871127103589,3206.186173768112,85460.98815221977
CTSH,2012-05-11,26.841672897338867,5.4215978133869385,2.5882568359375,0.10321505211526671,1.2819649484074709,Hammer,2012-05-18,26.491317749023438,2012-08-17,28.295652389526367,RSI > 90,13,0.06811041480069235,0.06772015106020011,5787.431021634864,91248.41917385462
CTSH,2020-03-13,47.62233352661133,4.824128649814909,7.665550231933594,0.4250297838543144,2.1345320052518355,Hammer,2020-03-20,42.291744232177734,2020-04-17,48.42780303955078,Profit target (+2%),4,0.14508880914645306,0.14483523303225274,13215.986041653923,104464.40521550855
CTSH,2026-02-27,63.97886657714844,0.7641896363977878,5.009674072265625,0.16451933210280403,1.0228097493890371,Hammer,2026-03-06,62.71775817871094,2026-03-13,65.54780578613281,Profit target (+2%),1,0.045123545381800856,0.044960516554245614,4696.7736153245205,109161.17883083309
CTXS-202209,1998-03-06,7.610109329223633,5.1110035341170885,1.3120884895324707,0.49090926931450923,1.1616858074839895,Hammer,1998-03-13,7.5862531661987305,1998-03-20,8.87448501586914,Profit target (+2%),1,0.1698113444737448,0.16838219220008915,16838.219203170695,116838.2192031707
CTXS-202209,2008-01-25,25.657758712768555,1.3716092552486288,4.420064926147461,0.39378230740053344,2.0404897246629794,Hammer,2008-02-01,25.657758712768555,2008-02-08,26.42115592956543,Profit target (+2%),1,0.029753074901938792,0.029357608245836022,3430.0906640777102,120268.30986724842
CTXS-202209,2008-07-18,21.23769187927246,1.4045223529599014,1.9329204559326172,0.34834178173231484,1.0208836733819806,Hammer,2008-07-25,21.153718948364258,2008-08-15,23.1385498046875,Profit target (+2%),3,0.09382893197967546,0.09333414093464835,11225.139371896585,131493.44923914503
CTXS-202209,2011-08-12,46.3763427734375,1.7471665757260126,4.962078094482422,0.38769229823052187,1.0594948808439797,Hammer,2011-08-19,46.67406463623047,2011-10-21,47.91840362548828,RSI > 90,9,0.026660180529721966,0.026443096040527015,3477.0939034537823,134970.54314259882
CTXS-202209,2014-10-24,48.54438781738281,0.9832381967710404,4.435337066650391,0.43373467033973595,2.0190827142029635,Hammer,2014-10-31,48.613094329833984,2014-11-14,50.552120208740234,Profit target (+2%),2,0.03988690507438575,0.03967711827245616,5355.242198211297,140325.78534081014
CTXS-202209,2016-07-01,61.34654998779297,7.346077269882514,3.6032333374023438,0.29237448733068944,1.1151998889412533,Hammer,2016-07-08,61.14042663574219,2016-07-15,64.0871353149414,Profit target (+2%),1,0.04819574938125459,0.04802826377668255,6739.603826278961,147065.38916708907
CTXS-202209,2016-09-16,63.339012145996094,7.181873221587779,2.9390716552734375,0.4649326376450432,1.019093586466105,Hammer,2016-09-23,63.82758712768555,2016-11-18,65.55286407470703,Profit target (+2%),8,0.027030270525033373,0.02687149345193206,3951.8666380574077,151017.25580514647
DELL-201310,1996-01-19,0.7935671806335449,4.43537308953421,0.1721891164779663,0.3913046488330667,1.1674586324352976,Hammer,1996-01-26,0.8010537028312683,1996-02-02,0.8422293663024902,Profit target (+2%),1,0.05140187646057859,0.038676906218180325,3867.6906179503426,103867.69061795034
DELL-201310,1997-03-21,3.93789005279541,8.847436340609207,0.561486005783081,0.4666666383586202,1.5538734475783333,Hammer,1997-03-27,3.930403709411621,1997-04-04,4.132538795471191,Profit target (+2%),1,0.05142858113418325,0.04882220484777068,5071.04966334339,108938.74028129374
DELL-201310,1999-03-26,36.294471740722656,9.807397142770284,4.551780700683594,0.4736838576559936,1.005002382423298,Hammer,1999-04-01,36.83349609375,1999-04-09,40.66657638549805,Profit target (+2%),1,0.10406506843640217,0.10377948877225397,11305.606762580406,120244.34704387415
DELL-201310,1999-10-01,40.72646713256836,7.605356606278292,5.090808868408203,0.4823528970982185,1.181806168444013,Hammer,1999-10-08,40.78636169433594,1999-10-15,43.72106170654297,Profit target (+2%),1,0.07195297374648102,0.07169900416962892,8621.39993145164,128865.74697532578
DELL-201310,2000-08-04,39.648414611816406,6.423785832926967,6.348537445068359,0.4339619920551894,1.2156855512150149,Hammer,2000-08-11,40.546791076660156,2001-01-26,23.2380428314209,RSI > 90,24,-0.4268833065609142,-0.42707727045889166,-55035.63141883268,73830.11555649311
DELL-201310,2003-12-12,32.38951873779297,2.056128804181654,2.539417266845703,0.43396280267330434,1.5917171808712762,Hammer,2003-12-19,32.629085540771484,2004-01-16,34.12398910522461,RSI > 90,4,0.04581506161382243,0.045501614028619145,3359.3894183805105,77189.50497487362
DELL-201310,2005-09-23,32.66741943359375,9.445092937398059,1.4469871520996094,0.43708593558456077,1.0125643115057317,Hammer,2005-09-30,32.68658447265625,2005-12-16,31.105438232421875,RSI > 90,11,-0.04837294155212435,-0.048671432293691155,-3756.9237614111744,73432.58121346244
DELL-201310,2007-08-17,25.221662521362305,4.9200205133981285,2.3669261932373047,0.449392441764421,1.7327769491733191,Hammer,2007-08-24,25.173749923706055,2007-08-31,26.668649673461914,Profit target (+2%),1,0.05938327640047447,0.05897432375535885,4330.636814343779,77763.21802780622
DELL-201310,2011-08-12,14.249472618103027,3.162706974761875,1.5140666961669922,0.3481016166398129,1.5795939343826069,Hammer,2011-08-19,14.393213272094727,2011-10-21,15.64854621887207,RSI > 90,9,0.08721700450386272,0.08649218644308679,6725.910745349511,84489.12877315574
DIGI-199809,1995-10-13,41.0,7.391750702993406,7.0,0.375,1.1466626830627042,Hammer,1995-10-20,41.375,1996-02-23,35.375,RSI > 90,18,-0.14501510574018128,-0.14523924601256652,-14523.92458673273,85476.07541326726
DIGI-199809,1997-11-14,23.0,9.932549713748756,5.875,0.425531914893617,1.8951080585946356,Hammer,1997-11-21,23.5,1998-01-09,24.875,Profit target (+2%),7,0.0585106382978724,0.058072750478621586,4963.83079440268,90439.90620766993
DIGI-199809,1998-01-30,20.0,7.424586160724559,4.5,0.3333333333333333,1.5603551449098416,Hammer,1998-02-06,20.5,1998-06-12,29.375,RSI > 90,18,0.4329268292682926,0.43233357717629856,39100.20813115066,129540.1143388206
DISCK-202204,2014-10-03,36.77000045776367,7.505784616235644,2.5900001525878906,0.43629382298922015,1.17258833680447,Hammer,2014-10-10,36.84000015258789,2015-06-12,31.809999465942383,RSI > 90,35,-0.13653639158012232,-0.1367892703426007,-13678.927020581144,86321.07297941885
DISH-202312,2002-06-14,16.096494674682617,7.3932983122278415,1.9659299850463867,0.476533973795822,1.240446071619079,Hammer,2002-06-21,16.131980895996094,2002-08-23,13.122758865356445,RSI > 90,9,-0.1865376639137062,-0.18709956032660224,-18709.956013950272,81290.04398604971
DISH-202312,2016-01-22,48.90453338623047,1.8977515516702823,4.123516082763672,0.4057967260431748,1.2247302180612705,Hammer,2016-01-29,48.595767974853516,2016-03-11,49.302940368652344,Profit target (+2%),6,0.014552139481873505,0.014344884306345696,1166.0962750715394,82456.14026112125
DLTR,2000-10-13,11.479166984558105,2.2869889283191753,2.4375,0.4529915834084535,1.7543191272430405,Hammer,2000-10-20,11.25,2000-11-03,11.645833969116211,Profit target (+2%),2,0.03518524169921866,0.03428111675843729,3428.1116724156172,103428.11167241563
DLTR,2012-08-17,48.900001525878906,3.5703176367586025,12.369998931884766,0.15117211749021886,3.7417101133525117,Hammer,2012-08-24,48.86000061035156,2013-03-08,45.849998474121094,RSI > 90,28,-0.061604627479123764,-0.06180296937499089,-6392.164411811276,97035.94726060436
DLTR,2016-10-07,77.97000122070312,0.12652457500755077,5.370002746582031,0.3575413755919171,1.2913208882339702,Hammer,2016-10-14,78.08999633789062,2016-11-25,81.97000122070312,RSI > 90,6,0.049686324302333995,0.04955509397898283,4808.625481030245,101844.5727416346
DLTR,2019-05-17,100.38999938964844,6.98431557750358,4.790000915527344,0.46555384774662134,1.0129967089155743,Hammer,2019-05-24,99.9000015258789,2019-06-14,102.69999694824219,Profit target (+2%),3,0.028027981777737576,0.027926483957267975,2844.160823959909,104688.73356559452
DOCU,2021-11-26,249.6300048828125,4.135580577296807,29.029983520507812,0.43851146039256583,1.3028228003565028,Hammer,2021-12-03,250.32000732421875,2022-08-12,72.69000244140625,RSI > 90,36,-0.7096116957712577,-0.7096374700300506,-70963.74693204131,29036.253067958685
DTV-201507,2011-08-12,43.34000015258789,2.592714328730608,4.439998626708984,0.43018027886820304,1.7874031638134948,Hammer,2011-08-19,43.560001373291016,2011-10-21,46.7599983215332,RSI > 90,9,0.0734618192690022,0.07322384592412581,7322.384585090198,107322.3845850902
DXCM,2022-01-28,103.34750366210938,2.309329666642057,11.382499694824219,0.3110031522990066,1.0060411219905465,Hammer,2022-02-04,103.75,2022-03-11,109.17250061035156,Profit target (+2%),5,0.052265066123870385,0.052166166549578924,5216.616649741276,105216.61664974128
DZB-200104,1997-10-31,20.974271774291992,3.5063728260576426,3.3941783905029297,0.46153837508506473,2.792404908773707,Hammer,1997-11-07,21.061302185058594,1997-11-14,22.627845764160156,Profit target (+2%),1,0.07438018624569698,0.07388784065793717,7388.784058404934,107388.78405840493
DZB-200104,1998-10-02,26.92153549194336,1.366146329845904,3.343198776245117,0.21052670614257538,1.6017902739763867,Hammer,1998-10-09,25.86578941345215,1998-10-30,27.218647003173828,Profit target (+2%),3,0.05230296930423828,0.051906324475101885,5574.1570647480585,112962.94112315298
EA,1995-10-06,8.430845260620117,7.023387642823209,1.6376466751098633,0.40740753681726677,1.6961355126787168,Hammer,1995-10-13,7.945616722106934,1995-10-20,8.885746955871582,Profit target (+2%),1,0.11832061206135736,0.1169884382903772,11698.843817338879,111698.84381733887
EA,1995-12-08,7.278427600860596,3.8558786605165523,1.6982994079589844,0.35714281703238326,1.6116977408312434,Hammer,1995-12-15,7.278427600860596,1996-04-12,6.55058479309082,RSI > 90,17,-0.10000000655137598,-0.10130433749112763,-11315.577360124873,100383.266457214
EA,1998-08-07,11.963915824890137,6.454309428309273,1.167581558227539,0.37662317507665616,1.0965748791571361,Hammer,1998-08-14,12.009405136108398,1998-11-13,11.64548397064209,RSI > 90,13,-0.03030301345835318,-0.031122736517558872,-3124.2019495955747,97259.06450761844
EA,2001-09-21,23.63062858581543,2.119210907638248,5.75480842590332,0.349915500482736,1.832278570194371,Hammer,2001-09-28,24.03822135925293,2001-10-19,26.731239318847656,Profit target (+2%),3,0.11203066646851201,0.11159145105829092,10853.280126123784,108112.34463374222
EA,2008-09-19,42.13724136352539,7.749620799493172,3.978870391845703,0.40975631736937423,1.1496173982180977,Hammer,2008-09-26,42.234291076660156,2009-04-09,19.88466453552246,RSI > 90,28,-0.5291819981202128,-0.5293561035519553,-57229.92944395399,50882.415189788226
EA,2011-08-12,19.341209411621094,5.851990358283814,2.3485069274902344,0.16942176279588791,1.531027196541129,Hammer,2011-08-19,19.360618591308594,2011-09-02,21.136554718017578,Profit target (+2%),2,0.0917293070122378,0.0911892444014954,4639.928989840031,55522.34417962826
EA,2017-12-08,102.16000366210938,2.0825386439627493,6.569999694824219,0.16691420588682715,1.2545524753927022,Hammer,2017-12-15,102.4899673461914,2017-12-22,106.64352416992188,Profit target (+2%),1,0.040526472310217,0.0404269295460626,2244.5978941374724,57766.942073765735
EA,2018-08-03,127.00370788574219,7.255535038910537,8.432304382324219,0.3602261592289089,1.1685525011686215,Hammer,2018-08-10,126.17882537841797,2019-01-18,86.97235870361328,RSI > 90,23,-0.31072144281912684,-0.3107883800257028,-17953.29432819097,39813.64774557477
EA,2021-09-24,126.68767547607422,6.880359207835525,7.460823059082031,0.34379106354911776,1.0834538770488393,Hammer,2021-10-01,126.0732650756836,2021-10-08,139.8148193359375,Profit target (+2%),1,0.10899657633206106,0.1089129379438319,4336.221341895147,44149.869087469924
EBAY,2001-08-24,5.492143630981445,6.158543982516477,0.815305233001709,0.38812821708028744,1.159669832839188,Hammer,2001-08-31,5.4167561531066895,2001-11-23,5.617790222167969,Profit target (+2%),12,0.03711336884640448,0.03523472167810719,3523.4721642872473,103523.47216428725
EBAY,2007-11-09,12.456677436828613,3.2565581886380244,1.0572919845581055,0.43661981994333654,1.2141480255904065,Hammer,2007-11-16,12.519966125488281,2008-04-04,11.120172500610352,RSI > 90,20,-0.11180490512895358,-0.11255867766452503,-11652.465122399972,91871.00704188726
EBAY,2022-02-25,50.28413391113281,7.381888397086513,6.649295806884766,0.29778443014148004,1.633558157978407,Hammer,2022-03-04,50.026268005371094,2022-03-11,51.11299514770508,Profit target (+2%),1,0.02172313038056939,0.021521084419015575,1977.1636962312664,93848.17073811853
EDCI-202003,1997-10-31,1.6901440620422363,6.611994167799807,0.4144103527069092,0.29411769782235614,1.3213706086363801,Hammer,1997-11-07,1.7551496028900146,1998-02-06,1.7876523733139038,RSI > 90,13,0.0185185185185186,0.012784578303424544,1278.4578290639965,101278.457829064
EFII-201907,1997-11-07,46.5625,3.8189247239225352,6.0,0.40625,1.2284636825755728,Hammer,1997-11-14,47.375,1997-11-28,48.75,Profit target (+2%),2,0.029023746701847042,0.02880962431405653,2880.96242852469,102880.9624285247
EQIX,2014-10-03,158.48040771484375,7.074396970751792,8.070144653320312,0.4958128893804891,1.311101674557719,Hammer,2014-10-10,159.12564086914062,2014-11-07,164.7552032470703,Profit target (+2%),4,0.035378097126152364,0.03531414407204494,3531.4144036730795,103531.41440367307
ERIC,2007-08-17,10.090298652648926,5.858210782101281,0.9400196075439453,0.4350459884628105,1.5835867500473715,Hammer,2007-08-24,10.081779479980469,2007-08-31,10.343052864074707,Profit target (+2%),1,0.02591540358654476,0.02491116065270863,2491.116062779747,102491.11606277974
ESRX-201812,2004-10-22,7.596250057220459,6.712243967990432,0.6024999618530273,0.48755158151660344,1.3249963580559094,Hammer,2004-10-29,7.572500228881836,2004-11-05,8.0024995803833,Profit target (+2%),1,0.05678432994447835,0.05542716447577607,5542.716442034891,105542.71644203489
ESRX-201812,2006-05-12,18.372499465942383,0.3948613955648881,1.522500991821289,0.45484441181665913,1.160966249915376,Hammer,2006-05-19,18.40999984741211,2006-08-04,19.172500610351562,RSI > 90,11,0.04141774955237909,0.040863468323362795,4312.841445777913,109855.5578878128
ESRX-201812,2012-11-16,52.130001068115234,0.690763935297241,3.829998016357422,0.38903358628540924,1.1147596840208054,Hammer,2012-11-23,52.400001525878906,2012-12-07,54.11000061035156,Profit target (+2%),2,0.032633569364079795,0.03243963429011936,3563.6741190540106,113419.2320068668
ESRX-201812,2014-10-10,70.55999755859375,8.260320714270918,2.56500244140625,0.48538072575847707,1.0145939344282977,Hammer,2014-10-17,70.30999755859375,2014-10-31,73.68000030517578,Profit target (+2%),2,0.04793063381596041,0.04778500836584868,5419.738944876524,118838.97095174332
ESRX-201812,2015-08-28,84.45999908447266,6.024634925747378,17.44000244140625,0.34403664908639764,3.816256938244827,Hammer,2015-09-04,84.02999877929688,2015-10-23,86.06999969482422,Profit target (+2%),7,0.024277055160804695,0.024156612661574258,2870.7469875105917,121709.71793925393
ESRX-201812,2016-01-22,72.2300033569336,2.3018849424282593,6.1699981689453125,0.48298162267501243,1.3171322368474156,Hammer,2016-01-29,72.20999908447266,2016-04-29,73.48999786376953,RSI > 90,13,0.01772606004051469,0.017586357341240245,2140.430589440847,123850.14852869479
EXPD,2012-07-13,31.389368057250977,7.795556387014415,1.8665294647216797,0.3303569695043629,1.0361973325339946,Hammer,2012-07-20,31.314376831054688,2012-08-24,31.781005859375,RSI > 90,5,0.014901431085083905,0.014579760982585685,1457.9760968005926,101457.97609680059
EXPD,2015-07-10,39.328697204589844,4.444519006513914,1.5672264099121094,0.4666669912058008,1.0497075259321675,Hammer,2015-07-17,39.52024841308594,2015-08-07,40.7217903137207,Profit target (+2%),3,0.030403197066871446,0.030146348181843984,3058.587470180768,104516.56356698135
EXPE,2007-07-27,22.005746841430664,7.167983276152569,1.581350326538086,0.47894722241319626,1.2112160915399428,Hammer,2007-08-03,22.12226676940918,2007-08-10,23.129337310791016,Profit target (+2%),1,0.04552293631927529,0.045060718604445146,4506.071855938442,104506.07185593844
EXPE,2008-09-19,13.940855979919434,6.265498234677537,2.679973602294922,0.15838515726529062,1.5782345435916507,Hammer,2008-09-26,13.72446060180664,2009-04-09,8.431097030639648,RSI > 90,28,-0.3856882776486088,-0.38627617828402744,-40368.206003619656,64137.865852318784
FAST,1997-01-31,0.7113850712776184,7.681111218818231,0.09422314167022705,0.40000012651805855,1.4873181910516602,Hammer,1997-02-07,0.7137406468391418,1997-05-02,0.730630099773407,RSI > 90,12,0.023663291433746236,0.009585450557949283,958.5450548363834,100958.54505483637
FAST,1997-10-31,0.9238935112953186,5.958977377509413,0.09663170576095581,0.41463449236404143,1.3313990800896112,Hammer,1997-11-07,0.9309641718864441,1997-11-14,0.9804584383964539,Profit target (+2%),1,0.053164523409872766,0.04219634436477277,4260.08152944022,105218.6265842766
FAST,2012-04-27,8.260388374328613,3.963617600325236,0.4364891052246094,0.1746043190617271,1.0660543483902825,Hammer,2012-05-04,8.24300479888916,2012-07-20,7.516397476196289,RSI > 90,11,-0.0881483561420211,-0.0893073343982628,-9396.795059891141,95821.83152438544
FAST,2015-03-06,7.528718948364258,5.495889118911521,0.38804006576538086,0.4784689700766424,1.0257436978215824,Hammer,2015-03-13,7.519435882568359,2015-03-27,7.855490207672119,Profit target (+2%),2,0.044691427701751385,0.04333272689041308,4152.221251433148,99974.05277581859
FAST,2015-10-02,6.771922588348389,9.446057882968503,0.5269975662231445,0.4535719520735726,1.5302979241240526,Hammer,2015-10-09,6.796390533447266,2015-10-16,7.372323513031006,Profit target (+2%),1,0.08474100726692879,0.08320842286597811,8318.683250677244,108292.73602649583
FAST,2022-01-28,25.00819969177246,4.751180650900793,1.5543327331542969,0.4841493254536039,1.2852920817196756,Hammer,2022-02-04,24.936527252197266,2022-03-25,26.06454086303711,RSI > 90,7,0.04523539302131363,0.04482538697550499,4854.263794169621,113146.99982066544
FAST,2022-05-13,23.861364364624023,7.551112903013205,1.7820167541503906,0.4104196769739588,1.2727918192113965,Hammer,2022-05-20,23.79343605041504,2022-06-03,24.28252601623535,Profit target (+2%),2,0.020555667738951122,0.020131153358371897,2277.7796031517137,115424.77942381716
FFIV,2011-08-12,81.9000015258789,2.7702773311358015,12.090003967285156,0.42266326993596737,1.1372627506129167,Hammer,2011-08-19,84.0,2011-10-21,89.79000091552734,Profit target (+2%),9,0.06892858232770638,0.06880543914680493,6880.543907799949,106880.54390779995
FHCC-200501,1994-03-31,5.03125,7.2894140193407395,0.71875,0.4782608695652174,1.320363959032156,Hammer,1994-04-08,4.90625,1994-05-27,5.09375,Profit target (+2%),7,0.03821656050955413,0.0361415118350725,3614.1511798930997,103614.15117989309
FHCC-200501,1996-08-02,10.3125,6.392907632583672,1.40625,0.35555555555555557,1.4084155805699452,Hammer,1996-08-09,10.28125,1996-08-23,10.5,Profit target (+2%),2,0.02127659574468077,0.020294081905456417,2102.7540685063395,105716.90524839942
FHCC-200501,1998-08-14,11.625,1.3695778333019035,1.0625,0.4117647058823529,1.2132670952756868,Hammer,1998-08-21,11.34375,1998-10-02,11.8125,Profit target (+2%),6,0.04132231404958686,0.040422954069831554,4273.389600987395,109990.29484938682
FHCC-200501,2003-11-07,19.049999237060547,0.33142805515086593,2.1499996185302734,0.46511636159433084,1.1355601383998681,Hammer,2003-11-14,19.049999237060547,2003-11-28,19.540000915527344,Profit target (+2%),2,0.025721873915539595,0.025190327876436266,2770.6915877112615,112760.98643709808
FHCC-200501,2004-07-30,14.020000457763672,3.047419260525956,1.369999885559082,0.44525526104574226,1.2036749900600525,Hammer,2004-08-06,14.100000381469727,2004-08-20,14.75,Profit target (+2%),2,0.04609926247835472,0.045373952585713195,5116.411646998726,117877.39808409681
FISV,2002-06-14,9.857500076293945,7.773205787123899,1.380000114440918,0.4818839903665081,1.8970212356534677,Hammer,2002-06-21,9.875,2002-08-23,9.467499732971191,RSI > 90,9,-0.04126584982570214,-0.042257112047450265,-4225.711200519316,95774.28879948068
FISV,2003-03-14,7.340000152587891,6.694851257171763,0.7600002288818359,0.2993419649198537,1.0538468686733873,Hammer,2003-03-21,7.34499979019165,2003-03-28,8.399999618530273,Profit target (+2%),1,0.14363510666772883,0.14217685145149841,13616.886817899784,109391.17561738048
FISV,2007-08-10,11.760000228881836,0.6008369115496919,1.0625,0.32235268985523896,1.5784327937026825,Hammer,2007-08-17,11.824999809265137,2007-08-24,12.104999542236328,Profit target (+2%),1,0.02367862473467497,0.022823308311444825,2496.668525170212,111887.84414255069
FISV,2011-03-18,15.005000114440918,9.044896470155408,0.5900001525878906,0.1567791678789642,1.0226230410053205,Hammer,2011-03-25,15.102499961853027,2011-04-08,15.7475004196167,Profit target (+2%),2,0.04270819131884518,0.042032133666527895,4702.884815956446,116590.72895850713
FISV,2011-08-12,13.7524995803833,4.007235035702152,1.2799997329711914,0.2695315148449124,1.8572067352966595,Hammer,2011-08-19,13.792499542236328,2011-10-21,14.262499809265137,Profit target (+2%),9,0.03407651133788625,0.03333939353436281,3887.0641913188347,120477.79314982597
FISV,2014-01-31,28.024999618530273,8.013686077763367,1.7700004577636719,0.4632765439282751,1.9394857629186717,Hammer,2014-02-07,28.19499969482422,2014-03-07,28.844999313354492,RSI > 90,4,0.023053719651204396,0.022695022179299452,2734.2461849141064,123212.03933474007
FISV,2016-10-28,49.165000915527344,9.493021235029843,3.9850006103515625,0.30740233036326253,2.2590653448484463,Hammer,2016-11-04,49.2400016784668,2016-11-18,50.415000915527344,Profit target (+2%),2,0.023862696933546035,0.02365720778460168,2914.852813191608,126126.89214793166
FLEX,2001-03-23,15.048036575317383,3.207359813996007,5.182708740234375,0.46491245502776357,1.0745442996199164,Hammer,2001-03-30,15.86635971069336,2001-04-27,17.821239471435547,Profit target (+2%),4,0.12320909120853152,0.12254021055497966,12254.021043243945,112254.02104324395
FLEX,2004-10-29,8.765140533447266,6.9793618723832935,1.2365751266479492,0.39411773325425736,1.3711640934538825,Hammer,2004-11-05,8.656030654907227,2004-11-12,9.67438793182373,Profit target (+2%),1,0.11764714307465884,0.11642462855678523,13069.132690896098,125323.15373414004
FLEX,2006-06-16,7.455824851989746,8.084729386295422,0.7201237678527832,0.36363642383272776,1.2787895578946908,Hammer,2006-06-23,7.49946928024292,2006-07-07,7.717688083648682,Profit target (+2%),2,0.029097899498121915,0.027745973183465635,3477.212859297578,128800.3665934376
FLEX,2008-09-26,5.6082353591918945,6.072477712314054,0.6473836898803711,0.44943734154745435,1.0844059597397666,Hammer,2008-10-03,5.491851806640625,2009-04-09,2.385864019393921,RSI > 90,27,-0.5655629278799936,-0.5668677084367362,-73012.76858362075,55787.59800981685
FLIR-202105,2011-08-12,20.693078994750977,1.1042208580373511,1.8541545867919922,0.33962273855557645,1.03119098914605,Hammer,2011-08-19,20.780540466308594,2011-09-02,21.779926300048828,Profit target (+2%),2,0.04809238890396217,0.04759971651177111,4759.97164641714,104759.97164641714
FMCN-201305,2008-03-20,35.762657165527344,3.2952220953995663,13.028739929199219,0.46264163030690936,1.8954089973633097,Hammer,2008-03-28,36.66729736328125,2008-04-11,40.80699157714844,Profit target (+2%),2,0.11289880933555496,0.11261073100923619,11261.073089662546,111261.07308966253
FORE-199906,1997-04-04,15.25,1.75963369944391,7.75,0.3225806451612903,1.5674834580059898,Hammer,1997-04-11,15.875,1997-06-06,17.0,Profit target (+2%),8,0.07086614173228356,0.0702141057934509,7021.410572323679,107021.41057232369
FORE-199906,1997-10-31,16.25,6.146938201063577,5.125,0.4146341463414634,1.8157689266311572,Hammer,1997-11-07,16.5,1997-11-21,18.25,Profit target (+2%),2,0.10606060606060597,0.10542259921235989,11282.47526262502,118303.88583494871
FOSL,2013-12-13,121.61000061035156,9.656932517863936,6.189994812011719,0.4474957939691989,1.005944412588658,Hammer,2013-12-20,122.16000366210938,2014-11-07,101.54000091552734,RSI > 90,46,-0.1687950403441072,-0.16886998836132816,-16886.99881924582,83113.00118075417
FSLR,2011-05-27,121.37000274658203,6.923975154403564,12.209999084472656,0.4291562863778744,1.0901937160534534,Hammer,2011-06-03,126.37000274658203,2011-07-08,132.02999877929688,Profit target (+2%),5,0.04478907897204998,0.0447081773287451,4470.817728403692,104470.81772840368
FSLR,2011-10-28,53.9900016784668,6.679749185971588,18.490001678466797,0.3785829834808563,1.455764958979035,Hammer,2011-11-04,52.20000076293945,2012-08-10,17.1299991607666,RSI > 90,40,-0.6718391013333389,-0.6719663076238529,-70200.8695731991,34269.948155204576
FWLT-201412,2008-03-20,53.65761947631836,5.812037196524557,11.020122528076172,0.2609864309749974,1.2185267081624582,Hammer,2008-03-28,54.300045013427734,2008-04-04,56.33605194091797,Profit target (+2%),1,0.037495492443639034,0.0373078951870729,3730.7895149765,103730.7895149765
FWLT-201412,2008-07-11,62.720802307128906,1.453025302120892,8.59865951538086,0.4931034161503083,1.0927326918845819,Hammer,2008-07-18,63.758575439453125,2009-04-17,20.30074691772461,RSI > 90,39,-0.6815997412457443,-0.6817031231726254,-70713.6031108081,33017.18640416839
GEN,2004-12-23,9.019186973571777,8.002284115204404,0.8603239059448242,0.23966900007205288,1.0139814724603209,Hammer,2004-12-31,9.17560863494873,2005-05-27,7.906452655792236,RSI > 90,21,-0.13831845163082046,-0.1393323721792263,-13933.237203989396,86066.76279601062
GEN,2008-09-19,7.067458629608154,4.4848296842415465,0.9172062873840332,0.44961245549177786,1.9017315087194302,Hammer,2008-09-26,7.120784759521484,2008-12-26,4.721119403839111,RSI > 90,13,-0.3369945078698925,-0.33816140074432854,-29104.457035524356,56962.30576048627
GEN,2011-08-12,5.968945503234863,2.186618484621576,0.526148796081543,0.2635130603744379,1.3972215854510521,Hammer,2011-08-19,5.993831157684326,2011-09-23,6.1502532958984375,Profit target (+2%),5,0.02609718794190119,0.024408444639510887,1390.36128530336,58352.667045789625
GEN,2013-06-07,7.888677597045898,3.1273164365533006,0.4088320732116699,0.32173952597613903,1.0073868739361596,Hammer,2013-06-14,7.881567478179932,2013-07-05,8.067222595214844,Profit target (+2%),3,0.023555608392479943,0.022272695633544497,1299.6711912167634,59652.338237006385
GEN,2016-01-22,7.440931797027588,9.409546785234397,0.6993789672851562,0.3661202260306101,1.7837122479960188,Hammer,2016-01-29,7.42946720123291,2016-02-05,7.521188735961914,Profit target (+2%),1,0.012345640978640215,0.010992251699684928,655.7135157202001,60308.051752726584
GENZ-201104,1996-07-19,11.361260414123535,0.7643321871827595,1.7938833236694336,0.433333351054187,1.3709920396902158,Hammer,1996-07-26,11.301465034484863,1996-08-02,12.078814506530762,Profit target (+2%),1,0.06878307101547665,0.06786820369633424,6786.8203628466035,106786.8203628466
GENZ-201104,1997-04-04,11.181872367858887,6.770773110667193,1.3155145645141602,0.2272728261287196,1.0232258370030132,Hammer,1997-04-11,11.181872367858887,1997-05-09,11.839630126953125,Profit target (+2%),4,0.05882357958090223,0.05790338334021906,6183.318188969699,112970.13855181629
GENZ-201104,1998-06-12,12.42516803741455,8.05508805165961,1.4511146545410156,0.45833344286686944,1.2942091418285697,Hammer,1998-06-19,12.304242134094238,1998-07-17,12.69725227355957,Profit target (+2%),4,0.031941027751422935,0.031115655642557166,3515.139925555148,116485.27847737144
GENZ-201104,1999-04-23,19.472774505615234,2.3991088967657532,2.8654556274414062,0.4623656414994369,1.2302982773999094,Hammer,1999-04-30,19.596019744873047,1999-05-14,21.198209762573242,Profit target (+2%),2,0.08176099220962363,0.08122995836054178,9462.094310870903,125947.37278824234
GENZ-201104,1999-10-08,20.3125,1.7259654634752195,6.375,0.22549019607843138,2.0110443027417646,Hammer,1999-10-15,20.625,1999-11-12,21.125,Profit target (+2%),4,0.024242424242424176,0.023751817741153657,2991.479040451989,128938.85182869434
GENZ-201104,2002-01-25,48.65999984741211,3.39833123176966,5.950000762939453,0.43529408747644666,1.0506097511235772,Hammer,2002-02-01,47.150001525878906,2002-03-22,50.130001068115234,Profit target (+2%),7,0.0632025333148869,0.0629837651602318,8121.054355487355,137059.9061841817
GENZ-201104,2010-05-28,48.650001525878906,1.4325154330345669,6.510002136230469,0.4992317870239394,2.0540925248226425,Hammer,2010-06-04,48.59000015258789,2010-06-25,53.04999923706055,RSI > 90,3,0.09178841470398957,0.09157318799258574,12551.01254269922,149610.9187268809
GIDL-199709,1996-07-19,11.260927200317383,1.829449768752255,1.6087045669555664,0.46153864394501226,1.3542013517753302,Hammer,1996-07-26,11.50841999053955,1996-08-23,12.869630813598633,Profit target (+2%),4,0.1182795574177915,0.11735963980896696,11735.96396916073,111735.96396916074
GILD,2008-09-19,15.943156242370605,5.98318077806168,3.8193578720092773,0.40161757372929624,2.903095301887392,Hammer,2008-09-26,15.853936195373535,2008-10-03,16.3926944732666,Profit target (+2%),1,0.033982619284811166,0.03334134593764992,3334.1345904308573,103334.13459043087
GILD,2014-10-17,69.14649200439453,9.342176356101206,8.812313079833984,0.2975081111382865,2.0968386250151614,Hammer,2014-10-24,69.4210205078125,2014-10-31,76.02339172363281,Profit target (+2%),1,0.09510622528341095,0.09495533760398185,9812.127626237536,113146.26221666842
GILD,2016-01-22,63.77608108520508,4.895267414307767,4.819843292236328,0.200288406821407,1.1092791129389683,Hammer,2016-01-29,63.56772994995117,2016-04-01,64.25093078613281,RSI > 90,9,0.010747604747244344,0.010589459296645379,1198.1577371128174,114344.41995378124
GILD,2017-10-27,55.97710418701172,5.028111143562597,6.217254638671875,0.4964953099000132,2.2693421118052717,Hammer,2017-11-03,55.27257537841797,2018-01-19,58.31963348388672,RSI > 90,11,0.055127847483265935,0.05494195584154569,6282.306065545497,120626.72601932673
GILD,2022-06-17,51.02239990234375,8.128994354041296,2.331878662109375,0.4897200664825745,1.0007380766915488,Hammer,2022-06-24,51.65876388549805,2022-07-01,54.85801696777344,Profit target (+2%),1,0.061930500105781716,0.061730947233029826,7446.402051345802,128073.12807067254
GMCR-201603,2011-10-07,89.65462493896484,9.600110867522645,10.780754089355469,0.3577235139467324,1.0003398941780675,Hammer,2011-10-14,91.26152038574219,2012-02-03,51.128265380859375,RSI > 90,16,-0.43976097302837447,-0.43984645010257295,-43984.64496627265,56015.35503372734
GMCR-201603,2015-02-06,117.12518310546875,9.074737188452303,17.790428161621094,0.45514954582822825,1.827863152155788,Hammer,2015-02-13,116.28787231445312,2015-02-27,121.42994689941406,Profit target (+2%),2,0.044218494006462716,0.04413060304404491,2471.9913948926724,58487.34642862002
GNCI-199908,1998-06-05,31.625,5.850641099517276,3.25,0.1346153846153846,1.2169874839796129,Hammer,1998-06-12,31.625,1998-11-27,16.9375,RSI > 90,24,-0.4644268774703557,-0.46466961745178625,-46466.96169871167,53533.038301288325
GNTX,2004-10-22,5.171979904174805,8.254511335209273,0.6210193634033203,0.412820607322639,1.627936163826873,Hammer,2004-10-29,5.202234268188477,2004-11-12,5.339177131652832,Profit target (+2%),2,0.026323855559861498,0.024378174079829992,2437.817405545182,102437.81740554518
GOLD-201812,2013-04-19,67.13027954101562,3.5181257290724375,5.769298553466797,0.37561021087856483,1.003099891838641,Hammer,2013-04-26,69.4473876953125,2013-05-03,76.11726379394531,Profit target (+2%),1,0.09604214528407673,0.09589124750972818,9589.124741383694,109589.12474138368
GOOG,2014-12-19,25.521791458129883,7.950626912062617,1.6854686737060547,0.1979469734776857,1.5719418699840175,Hammer,2014-12-26,25.508447647094727,2015-01-02,26.30472183227539,Profit target (+2%),1,0.031216097357118278,0.030818029615460398,3081.8029584642372,103081.80295846424
GOOG,2018-11-02,52.42726516723633,2.4156578292320035,5.016273498535156,0.38780717057063724,1.732509031282963,Hammer,2018-11-09,52.28898239135742,2018-12-07,55.66620635986328,Profit target (+2%),4,0.06458767820779121,0.06439027617568399,6637.465754545487,109719.26871300973
GOOG,2020-03-13,60.45349884033203,2.9980889695571165,8.31915283203125,0.45189140211737255,2.231963522789554,Hammer,2020-03-20,54.321067810058594,2020-04-17,59.93061065673828,Profit target (+2%),4,0.10326643184361295,0.10307285383248216,11309.078135353808,121028.34684836354
GOOG,2026-06-12,358.1600036621094,7.480326218547788,26.06219482421875,0.4424875235068606,1.2068721011262338,Hammer,2026-06-18,365.989990234375,2026-06-22,348.7799987792969,End of data,1,-0.04702312061610503,-0.047049800993316314,-5694.359628071206,115333.98722029234
GOOGL,2008-01-25,14.049145698547363,1.407474039083212,1.9471359252929688,0.4518464823776032,1.8257393113032934,Hammer,2008-02-01,14.16249942779541,2008-04-25,13.379181861877441,RSI > 90,12,-0.055309274320648805,-0.05599559540913387,-5599.559535313827,94400.44046468617
GOOGL,2008-09-12,10.855841636657715,6.775833389719409,1.1548871994018555,0.3281785849063615,1.2148579774646389,Hammer,2008-09-19,10.51701545715332,2008-09-26,11.264368057250977,Profit target (+2%),1,0.07106128189526739,0.07007712572750233,6615.3115285601,101015.75199324626
GOOGL,2010-12-03,14.21285343170166,6.125231603321836,0.9051074981689453,0.46039929447018885,1.3501125384809172,Hammer,2010-12-10,14.40062141418457,2010-12-17,14.811132431030273,Profit target (+2%),1,0.028506479341325663,0.027802411664889226,2808.4815187461054,103824.23351199237
GOOGL,2014-12-19,25.773460388183594,6.47080705220516,1.396615982055664,0.18914164830947694,1.2821973473528951,Hammer,2014-12-26,25.80171012878418,2015-01-02,26.7874698638916,Profit target (+2%),1,0.03820520927439297,0.03781031097098588,3925.6265514870593,107749.86006347941
GOOGL,2018-10-26,53.71123123168945,4.610332036432439,3.9380760192871094,0.4774721192471882,1.3706914836937358,Hammer,2018-11-02,54.34511184692383,2019-02-08,55.458736419677734,Profit target (+2%),14,0.020491715536269384,0.020305838116069508,2187.9512132902046,109937.81127676961
GOOGL,2020-03-13,60.179874420166016,2.8715283935597142,8.295440673828125,0.42352754529568654,2.2116741870157175,Hammer,2020-03-20,54.00165557861328,2020-04-17,59.54698181152344,Profit target (+2%),4,0.10268807823562942,0.10249340888833253,11267.901032210382,121205.71230897999
GOOGL,2026-06-12,359.67999267578125,7.018778165253195,25.720001220703125,0.48211482534857314,1.170828005240915,Hammer,2026-06-18,367.92999267578125,2026-06-22,349.67999267578125,End of data,1,-0.049601827421777656,-0.04962833207900516,-6015.2373343271865,115190.4749746528
GRMN,2004-02-06,13.480243682861328,8.318456604203575,1.3739328384399414,0.4742859760681293,1.2570322318068348,Hammer,2004-02-13,13.660818099975586,2004-09-10,10.441889762878418,RSI > 90,30,-0.23563217909349954,-0.23627771959755084,-23627.771936127312,76372.22806387268
HNI,1995-02-03,5.273865222930908,2.2947881275770783,0.3845524787902832,0.42857160571134517,1.296519954093089,Hammer,1995-02-10,5.273865222930908,1995-02-17,5.823225975036621,Profit target (+2%),1,0.10416662711005165,0.1021736167392149,10217.361663704127,110217.36166370414
HSIC,2010-07-23,20.585546493530273,9.729599983095738,1.1445121765136719,0.4657530822226,1.1787797899030406,Hammer,2010-07-30,20.5228328704834,2010-08-13,21.3459415435791,Profit target (+2%),2,0.04010697150292164,0.03961005909517401,3961.005905556395,103961.00590555639
HSIC,2011-08-12,24.73244285583496,2.676709925016752,1.9323444366455078,0.30425967693378275,1.514719149518458,Hammer,2011-08-19,24.85395050048828,2011-09-23,25.085205078125,Profit target (+2%),5,0.009304540042122333,0.008900398978322599,925.2944298219095,104886.3003353783
HSIC,2014-02-07,44.43608856201172,8.493494332124683,2.404651641845703,0.39934799679550737,1.7473889464157144,Hammer,2014-02-14,44.30282211303711,2014-02-21,46.07838439941406,Profit target (+2%),1,0.04007785964168753,0.03984764319655998,4179.471867791912,109065.77220317021
HSIC,2017-08-04,70.04651641845703,6.16435060348239,3.8215789794921875,0.49128172776311535,1.8460453603442024,Hammer,2017-08-11,70.74811553955078,2018-01-26,59.67926788330078,RSI > 90,24,-0.15645431078743166,-0.15658459096485947,-17078.01931162193,91987.75289154828
HSIC,2019-08-09,63.029998779296875,4.101307357229061,6.1999969482421875,0.4661291632518957,1.674046061295349,Hammer,2019-08-16,62.959999084472656,2019-09-20,63.810001373291016,Profit target (+2%),5,0.013500671873865944,0.013340781402877856,1227.1885018409025,93214.94139338918
ICOS-200701,2003-02-14,21.450000762939453,4.599867302807354,4.029998779296875,0.46401972662905605,1.1853409991259674,Hammer,2003-02-21,21.559999465942383,2003-04-25,22.149999618530273,RSI > 90,9,0.027365499406430516,0.026895440155418768,2689.5440128523333,102689.54401285232
IDXX,1996-06-28,9.8125,7.335421927922127,1.375,0.45454545454545453,1.2052372610853892,Hammer,1996-07-05,9.8125,1996-09-20,10.625,RSI > 90,11,0.08280254777070062,0.08174178762414058,8174.178754239881,108174.17875423988
IDXX,2022-01-28,489.04998779296875,4.305342772420829,52.68902587890625,0.45548428799303103,1.186157453624003,Hammer,2022-02-04,489.04998779296875,2022-02-11,523.6599731445312,Profit target (+2%),1,0.0707698317461447,0.0707486606111656,7653.1782519221,115827.35700616198
IDXX,2026-02-13,629.3499755859375,3.898591090185832,45.530029296875,0.48803025347067686,1.1859716537598217,Hammer,2026-02-20,628.3599853515625,2026-03-06,639.4749755859375,Profit target (+2%),2,0.017688889320595758,0.017671469524933175,2046.8396075936907,117874.19661375567
ILMN,2018-02-09,211.07266235351562,9.961621917740203,15.675704956054688,0.39987618305051087,1.3324747871596956,Hammer,2018-02-16,212.27774047851562,2018-02-23,221.9183349609375,Profit target (+2%),1,0.04541500423308675,0.04536682756550605,4536.682752013923,104536.68275201392
IMNX-200207,2002-06-14,21.719999313354492,6.237703971821901,2.6000003814697266,0.40769277606483223,1.1531704552614916,Hammer,2002-06-21,22.43000030517578,2002-07-15,16.989999771118164,End of data,4,-0.24253234329213647,-0.24292402317464173,-24292.40229317177,75707.59770682824
INCY,2016-02-12,68.36000061035156,7.95230472385721,21.334999084472656,0.3737988664796896,1.521973737641905,Hammer,2016-02-19,70.30000305175781,2016-02-26,73.56999969482422,Profit target (+2%),1,0.04651488621784128,0.046369340751844255,4636.9340705474915,104636.9340705475
INEL-199805,1995-05-05,8.973897933959961,7.036928097697242,1.0914201736450195,0.444444735708475,1.0953224722700852,Hammer,1995-05-12,9.09516716003418,1995-05-19,11.621601104736328,Profit target (+2%),1,0.2777776263204661,0.2765261231413135,27652.612286478732,127652.61228647872
INEL-199805,1995-09-29,8.388525009155273,6.409621676458272,1.3569674491882324,0.4545452948185849,1.0035686370421701,Hammer,1995-10-06,8.265164375305176,1996-05-10,9.0,RSI > 90,31,0.08890756327731131,0.08764464547514843,11188.067936636933,138840.68022311566
INTC,2008-09-19,11.938337326049805,2.013446605481178,1.4340896606445312,0.42857133357096117,1.3723856814449695,Hammer,2008-09-26,11.882463455200195,2009-04-03,9.546855926513672,RSI > 90,27,-0.1965592015066856,-0.19731774886428205,-19731.774866696433,80268.22513330357
INTC,2012-05-25,18.06258773803711,3.9706300017103615,0.9543552398681641,0.39705850023083517,1.1608865397552888,Hammer,2012-06-01,18.273107528686523,2012-06-22,19.150272369384766,Profit target (+2%),3,0.04800304706362635,0.047442813176214925,3808.150405177531,84076.3755384811
INTC,2014-10-17,23.920618057250977,1.1588238299628983,2.298299789428711,0.42620278828287156,2.0384665885375512,Hammer,2014-10-24,23.661441802978516,2014-10-31,25.216510772705078,Profit target (+2%),1,0.06572164886126286,0.06528522464801235,5488.945059131445,89565.32059761253
INTC,2020-03-13,48.250484466552734,8.09119151318096,8.536693572998047,0.3198338757455282,2.3689265361633822,Hammer,2020-03-20,42.116119384765625,2020-04-03,46.97397232055664,Profit target (+2%),2,0.11534426739107917,0.11509316482088533,10308.356195468099,99873.67679308064
INTU,1996-01-12,9.587992668151855,8.57395437014219,1.665090560913086,0.20879119620337988,1.2976005498347611,Hammer,1996-01-19,9.514801979064941,1996-05-10,7.941200256347656,RSI > 90,16,-0.16538460035002533,-0.16634817890117817,-16634.817873483,83365.18212651699
INTU,1996-07-19,5.2697367668151855,1.1698940271016625,0.9880757331848145,0.37037031674906923,1.0336022760455132,Hammer,1996-07-26,5.306332111358643,1996-08-02,5.452713489532471,Profit target (+2%),1,0.027586169712311648,0.025677433704845386,2140.6039352053976,85505.78606172239
INTU,1996-09-13,4.409744739532471,4.893797348350461,0.8050985336303711,0.47727275419417275,1.0095552522590017,Hammer,1996-09-20,4.501233100891113,1996-10-04,4.757400989532471,Profit target (+2%),2,0.056910602694769,0.054628307752805194,4671.036390954256,90176.82245267664
INTU,2000-03-03,23.219776153564453,9.294333023110056,6.1480255126953125,0.47321439651342584,1.2687000884366704,Hammer,2000-03-10,24.372529983520508,2000-03-17,25.168479919433594,Profit target (+2%),1,0.0326576656773534,0.03224075353181372,2907.368704071505,93084.19115674814
INTU,2002-02-08,16.301050186157227,8.254022688412562,1.9937171936035156,0.4273133948542116,1.0778219018422206,Hammer,2002-02-15,16.178091049194336,2002-03-01,17.354999542236328,Profit target (+2%),2,0.07274705584628305,0.07210665066981051,6711.989247909514,99796.18040465767
INTU,2003-02-07,18.689998626708984,5.912757369143861,2.1605911254882812,0.48983731942526826,1.1456170790731202,Hammer,2003-02-14,18.76026153564453,2003-02-21,19.493633270263672,Profit target (+2%),1,0.039091764964242826,0.038548449391184736,3846.988005915501,103643.16841057317
INTU,2011-08-12,37.23068618774414,1.0950206617830816,2.9071388244628906,0.24471420004750102,1.2569191697581585,Hammer,2011-08-19,37.45904541015625,2011-08-26,39.06631088256836,Profit target (+2%),1,0.042907272590996914,0.042634623541725154,4418.78746343762,108061.95587401079
INTU,2022-05-13,361.3926696777344,1.1793878466244365,50.131866455078125,0.3717271526936102,1.2532816627985632,Hammer,2022-05-20,359.7789306640625,2022-06-03,408.1123962402344,Profit target (+2%),2,0.13434212361174214,0.1343124621685578,14514.067345674368,122576.02321968514
IRIC-200312,1994-04-08,15.5,3.805889142391621,4.5,0.3333333333333333,1.3934928846957904,Hammer,1994-04-15,15.5,1994-05-13,15.5,Profit target (+2%),4,0.0,-0.0006449532408900354,-64.49532402450822,99935.5046759755
ISRG,2007-01-12,10.44775676727295,7.383014198034985,0.9544429779052734,0.13038391056808213,1.144527206665159,Hammer,2007-01-19,10.524423599243164,2007-02-09,12.895529747009277,RSI > 90,3,0.22529558273734107,0.2242388793186956,22423.88790944567,122423.88790944568
ISRG,2015-10-02,51.65211868286133,3.6283651796189105,2.9822158813476562,0.4020121007457436,1.0844707795426327,Hammer,2015-10-09,52.1387825012207,2015-10-30,55.506553649902344,Profit target (+2%),3,0.06459243939197834,0.06439446828781628,7883.421159772552,130307.30906921824
ISRG,2017-12-15,123.28987121582031,6.578717345788334,6.6486663818359375,0.4926307068416692,1.383512791326817,Hammer,2017-12-22,124.02653503417969,2018-01-19,140.66651916503906,RSI > 90,4,0.13416471020716392,0.13407867705802878,17471.431593521025,147778.74066273926
ISRG,2026-02-06,488.1499938964844,4.954108643077646,38.511016845703125,0.41676433460202594,1.172587379430603,Hammer,2026-02-13,486.04998779296875,2026-02-27,498.8800048828125,Profit target (+2%),2,0.026396497093028826,0.026375651750958694,3897.760596017889,151676.50125875714
IT,1996-09-06,27.801794052124023,3.52563398473373,3.769735336303711,0.3125002846044908,1.0320528609022872,Hammer,1996-09-13,27.566186904907227,1996-09-20,31.335920333862305,Profit target (+2%),1,0.13675208116230264,0.13636458386511857,13636.458372875397,113636.4583728754
IT,1998-04-09,32.042747497558594,3.3939688107614927,3.2985191345214844,0.3214284475191601,1.1243960971813423,Hammer,1998-04-17,32.042747497558594,1999-02-05,22.73621368408203,RSI > 90,42,-0.2904411931026092,-0.29070791368991855,-33035.01769965487,80601.44067322054
JAVA-201001,1997-01-03,13.875,8.326260052611772,1.4375,0.21739130434782608,1.1131323568142173,Hammer,1997-01-10,14.1875,1997-01-24,15.625,Profit target (+2%),2,0.1013215859030836,0.10058129293641012,10058.129283582883,110058.1292835829
JAVA-201001,2006-05-26,17.68000030517578,4.954425502688167,1.8400001525878906,0.45652178420010575,1.2852539877384004,Hammer,2006-06-02,18.040000915527344,2006-08-11,18.040000915527344,RSI > 90,10,0.0,-0.0005541701021137223,-60.99092468253746,109997.13835890037
JNPR-202507,2007-11-23,22.562623977661133,6.795658006930466,2.2264232635498047,0.4914087109682537,1.1697231568202713,Hammer,2007-11-30,22.700340270996094,2007-12-14,23.595500946044922,Profit target (+2%),2,0.039433799862135244,0.03898469102352691,3898.469098454222,103898.46909845421
JWN-202505,1998-08-07,8.004097938537598,9.7167818395328,1.1827921867370605,0.3972602242697526,1.3417096719913557,Hammer,1998-08-14,8.101313591003418,1998-08-21,9.23549747467041,Profit target (+2%),1,0.13999999764563031,0.1386800388421488,13868.003870346878,113868.00387034687
KDP,2021-12-03,30.620519638061523,8.015747538557804,1.5368003845214844,0.4624276739238898,1.3057768071233207,Hammer,2021-12-10,30.913665771484375,2021-12-23,31.26899528503418,Profit target (+2%),2,0.01149425358274958,0.011168965572514919,1116.8965561345954,101116.8965561346
KELYA,1995-05-12,16.691986083984375,2.5286546274155484,1.2839984893798828,0.4444439492858575,1.1127146327790205,Hammer,1995-05-19,17.119985580444336,1995-07-28,16.091079711914062,RSI > 90,10,-0.06009969247319713,-0.06066608720048425,-6066.6087139818155,93933.39128601817
KHC,2017-05-05,57.795406341552734,8.575161788085254,3.004871368408203,0.46566562017191626,1.5554567296216495,Hammer,2017-05-12,57.76316833496094,2017-06-02,60.33603286743164,RSI > 90,3,0.04454161027925285,0.04436464936208943,4436.464931772478,104436.46493177247
KHC,2018-02-16,46.66670227050781,3.5021157822553164,3.3813552856445312,0.38596483311183866,1.6541722187277663,Hammer,2018-02-23,46.65351867675781,2018-06-22,41.30466842651367,RSI > 90,17,-0.11465052158882216,-0.11485255859426943,-11994.795195959967,92441.66973581251
KLAC,1995-10-06,1.0363636016845703,8.881670682244007,0.17054080963134766,0.2692303928421641,1.5921911378660827,Hammer,1995-10-13,1.0298042297363281,1995-10-27,1.042922854423523,Profit target (+2%),2,0.012738950092051615,0.0030137339968057814,301.3733993792048,100301.37339937921
KRFT-201507,2014-10-17,54.1840705871582,2.4488029862439333,2.2132530212402344,0.39452525116728804,1.387249856445934,Hammer,2014-10-24,54.144657135009766,2014-10-31,55.93798065185547,Profit target (+2%),1,0.033120969117489185,0.03293323746075426,3293.3237427821014,103293.32374278212
LAMR,2005-02-25,20.902681350708008,4.391249582893408,1.8615226745605469,0.3983056925696791,1.8287464436130427,Hammer,2005-03-04,20.9815616607666,2005-06-03,21.62310028076172,RSI > 90,13,0.03057630458435945,0.030092524454625114,3009.2524424532594,103009.25244245326
LAMR,2005-09-02,21.123538970947266,1.1753299033963742,0.9255027770996094,0.47159285287389485,1.0016928879823523,Hammer,2005-09-09,21.170866012573242,2005-09-23,22.58541488647461,Profit target (+2%),2,0.06681582477831927,0.06632781266501259,6832.378391933653,109841.6308343869
LBTYA,2014-03-28,17.532739639282227,4.287353403868011,0.963897705078125,0.436122763970239,1.1977409386139426,Hammer,2014-04-04,17.70258903503418,2014-05-16,18.475404739379883,RSI > 90,6,0.04365551856941763,0.04307846216876188,4307.846212568342,104307.84621256833
LBTYA,2020-03-13,8.891313552856445,4.638278893180072,1.831374168395996,0.43039573824358773,2.1238998309125514,Hammer,2020-03-20,8.12890625,2020-03-27,9.221002578735352,Profit target (+2%),1,0.13434726581271028,0.13303525950220432,13876.621375128427,118184.46758769677
LBTYK,2020-03-13,8.568260192871094,3.868805074969927,1.748197078704834,0.4790418508360757,2.1029870771173136,Hammer,2020-03-20,7.720332145690918,2020-03-27,8.678176879882812,Profit target (+2%),1,0.12406781419715385,0.12269307213160914,12269.30720089161,112269.3072008916
LBTYK,2020-03-27,8.296086311340332,7.4956723913855114,1.2143168449401855,0.4956893623554793,1.3660644714180312,Hammer,2020-04-03,8.30132007598877,2020-04-17,8.997458457946777,Profit target (+2%),2,0.08385875687067657,0.08260437542509838,9273.935991464215,121543.24319235583
LCID,2022-05-13,180.10000610351562,5.602216904149529,50.80000305175781,0.19586637026170323,1.038316784028137,Hammer,2022-05-20,180.3000030517578,2022-06-03,200.6999969482422,Profit target (+2%),2,0.1131447229683531,0.11308612379785866,11308.612368477254,111308.61236847726
LIFE-201402,2004-03-19,34.05500030517578,1.819863344459364,2.3050003051757812,0.3904561417445328,1.0387313747208273,Hammer,2004-03-26,33.935001373291016,2004-04-08,36.96500015258789,Profit target (+2%),2,0.08928830578099456,0.08898051435181896,8898.051426283844,108898.05142628386
LIN,2024-04-26,430.4882507324219,3.7133120199687397,15.15325927734375,0.37179533654756297,1.1201095452572167,Hammer,2024-05-03,433.00408935546875,2024-06-28,433.39056396484375,RSI > 90,8,0.0008925426315262719,0.0008694381218080915,86.94381209386535,100086.94381209386
LLTC-201703,2007-11-30,23.18393325805664,1.273866663887901,1.2406368255615234,0.4846637179433962,1.1927814354728687,Hammer,2007-12-07,23.062152862548828,2007-12-14,23.9907283782959,Profit target (+2%),1,0.04026404305276321,0.039821798607770215,3982.1798567948417,103982.17985679484
LLTC-201703,2014-10-17,36.67028045654297,2.451372747295295,2.542247772216797,0.44280537486776655,1.338865335018885,Hammer,2014-10-24,36.557708740234375,2014-10-31,38.15247344970703,Profit target (+2%),1,0.04362321284423132,0.043343744598680324,4506.97704201998,108489.15689881482
LMCA-201604,2014-10-03,35.41608428955078,2.2995662673519206,1.9070205688476562,0.30952523834099466,1.3880759459477232,Hammer,2014-10-10,35.696083068847656,2014-12-05,36.779998779296875,Profit target (+2%),8,0.030365116205009146,0.03008075996961295,3008.075993953219,103008.07599395323
LMCK-201604,2014-10-17,32.741912841796875,1.2777408170180848,2.539539337158203,0.22619099478012694,1.172455484115884,Hammer,2014-10-24,32.749473571777344,2014-10-31,34.58610153198242,Profit target (+2%),1,0.056081144516101133,0.055767281870742,5576.728181497472,105576.72818149747
LNCR-201208,1999-03-26,7.434418678283691,1.0271028317345383,3.004988193511963,0.31818191194838014,2.3833397234643643,Hammer,1999-04-01,7.492957592010498,1999-04-09,8.702757835388184,Profit target (+2%),1,0.161458306486034,0.1600169417677344,16001.694160771745,116001.69416077175
LNCR-201208,2003-02-07,17.664648056030273,8.385765426621887,1.5610332489013672,0.483999262002539,1.0104199704352799,Hammer,2003-02-14,17.727088928222656,2003-02-21,18.270328521728516,Profit target (+2%),1,0.030644602489751538,0.030072012139367773,3488.404351501551,119490.0985122733
LNCR-201208,2005-10-14,24.889108657836914,8.161917223085368,1.9981231689453125,0.3812505250135549,1.4735028812553908,Hammer,2005-10-21,24.914085388183594,2005-11-11,27.78638458251953,RSI > 90,3,0.11528816529216157,0.11486373395121537,13725.078871593196,133215.17738386648
LOTS-199507,1994-04-15,66.25,9.56620851423419,10.25,0.36585365853658536,1.579474799786779,Hammer,1994-04-22,66.5,1994-09-02,44.0,RSI > 90,19,-0.33834586466165417,-0.33847079166979915,-33847.07913313284,66152.92086686716
LRCX,1994-03-31,0.8766743540763855,9.30595917065628,0.1696789264678955,0.45833339187983446,1.4658651994072993,Hammer,1994-04-08,0.8413246273994446,1994-04-15,0.9332340359687805,Profit target (+2%),1,0.10924369212087637,0.09678249446790198,9678.249437111946,109678.24943711195
LRCX,1996-01-12,1.0604932308197021,1.0869674895197505,0.30400800704956055,0.48837191063930574,1.512806216648731,Hammer,1996-01-19,1.0675631761550903,1996-01-26,1.1099828481674194,Profit target (+2%),1,0.03973504609357814,0.030226351913876764,3315.173361468929,112993.42279858087
LRCX,2004-03-12,2.1108055114746094,3.715496062719481,0.23330843448638916,0.26909157425683383,1.0073235712448108,Hammer,2004-03-19,2.0904440879821777,2004-04-08,2.2779393196105957,Profit target (+2%),3,0.08969157927079485,0.08470530549891138,9571.142387950309,122564.56518653118
LRCX,2018-10-12,12.982645988464355,3.796036144060892,1.186075210571289,0.41920735874695464,1.0899092801486525,Hammer,2018-10-19,12.837099075317383,2018-10-26,13.264699935913086,Profit target (+2%),1,0.03330977334418761,0.032518115469015244,3985.5686791596972,126550.13386569089
LULU,2025-04-04,263.70001220703125,5.9424143143561,56.919891357421875,0.4929713465558553,1.7611876705418004,Hammer,2025-04-11,255.72000122070312,2025-04-17,264.7799987792969,Profit target (+2%),1,0.03542936616355785,0.0353895689330085,3538.9568897618938,103538.95688976189
LVLT-201710,1998-10-09,403.125,9.761440811327788,110.625,0.3898305084745763,1.3518877169516568,Hammer,1998-10-16,431.25,1998-10-30,471.5625,Profit target (+2%),2,0.09347826086956523,0.09345398893925862,9345.398884580463,109345.39888458046
LVLT-201710,1999-05-28,1177.5,6.908238848302219,222.1875,0.34177215189873417,1.612171886012312,Hammer,1999-06-04,1173.75,1999-09-10,978.75,RSI > 90,14,-0.16613418530351443,-0.16615095661566004,-18167.842609545783,91177.55627503467
LVLT-201710,2000-04-07,1351.875,8.44028160615251,495.0,0.42045454545454547,2.0781447065560537,Hammer,2000-04-14,1364.0625,2000-06-30,1341.5625,RSI > 90,11,-0.016494845360824795,-0.016516599674467468,-1505.9431949661957,89671.61308006848
LVLT-201710,2007-05-04,84.0,2.049319967854217,8.550003051757812,0.2982458645127094,1.303392205963288,Hammer,2007-05-11,85.05000305175781,2007-06-08,87.60000610351562,Profit target (+2%),4,0.029982398121796594,0.029863064612579742,2677.8691726464667,92349.48225271495
LVNTA-201803,2014-10-17,27.214780807495117,0.8982676417461732,5.956338882446289,0.24279205094598277,2.6056211655124604,Hammer,2014-10-24,27.23285675048828,2014-10-31,29.564777374267578,Profit target (+2%),1,0.08562893879054712,0.0852460839723622,8524.608388711611,108524.6083887116
MAR,2015-12-04,64.31766510009766,6.276880711885639,3.7391815185546875,0.3970948904513754,1.044981095937071,Hammer,2015-12-11,64.05510711669922,2016-03-04,62.09653854370117,RSI > 90,12,-0.030576306264382902,-0.03073002312362481,-3073.002309289479,96926.99769071052
MAR,2020-03-20,71.64488220214844,0.2875584617751912,42.75945281982422,0.3705449502164931,3.5187326874765223,Hammer,2020-03-27,72.06756591796875,2020-04-03,73.69105529785156,Profit target (+2%),1,0.022527323619209838,0.022387011747566375,2169.90583378837,99096.90352449888
MAR,2021-05-07,140.91697692871094,9.262988240438531,9.202972412109375,0.36221287094239013,1.0239023836408765,Hammer,2021-05-14,139.17205810546875,2021-10-01,146.6232147216797,RSI > 90,20,0.0535391709919546,0.053465396650157655,5298.255248441485,104395.15877294035
MAT,2011-08-12,18.434043884277344,2.029125208772996,1.4342632293701172,0.33684323913150443,1.5090897929636617,Hammer,2011-08-19,18.509531021118164,2011-09-02,19.38628387451172,Profit target (+2%),2,0.04736764277783356,0.04681473445937753,4681.473441256281,104681.47344125627
MAT,2016-12-23,27.211023330688477,9.40964637933834,1.6898860931396484,0.39204525574303006,1.0134943936170533,Hammer,2016-12-30,27.29743766784668,2017-01-13,29.169754028320312,Profit target (+2%),2,0.068589454558184,0.06821062584704038,7140.3888108780375,111821.8622521343
MCHP,1997-11-28,2.790404796600342,1.5946938144118405,0.3836805820465088,0.4155845527763158,1.1060974774925538,Hammer,1997-12-05,2.830267906188965,1998-04-24,2.0728721618652344,RSI > 90,20,-0.267605671769633,-0.2706607522515317,-27066.075198087092,72933.9248019129
MCHP,1998-09-04,1.6742429733276367,0.8937463357136721,0.4484579563140869,0.46666664894530424,1.3408034846147645,Hammer,1998-09-11,1.8237289190292358,1998-10-23,2.023043632507324,Profit target (+2%),6,0.10928965999189333,0.10352256778362999,7550.307166481893,80484.2319683948
MCHP,2004-12-03,7.618711471557617,9.914801905774581,0.7123851776123047,0.31679406685497796,1.1742218792738317,Hammer,2004-12-10,7.586082935333252,2005-02-11,7.537140369415283,RSI > 90,9,-0.006451625474592659,-0.007764711098546466,-624.9368085980464,79859.29515979676
MCHP,2008-10-24,6.743571758270264,2.8539978537102115,1.208298683166504,0.2817955584600704,1.3542666472698424,Hammer,2008-10-31,6.6381096839904785,2008-11-07,7.451676845550537,Profit target (+2%),1,0.12256006608661307,0.12096250096496391,9659.980058168276,89519.27521796503
MCHP,2020-03-20,26.39475440979004,1.08620515323922,5.554227828979492,0.48286839181803665,1.336140928887423,Hammer,2020-03-27,28.43941879272461,2020-04-03,30.714218139648438,Profit target (+2%),1,0.07998754698551602,0.07962192384479698,7127.696906918536,96646.97212488357
MCIC-199809,1996-07-05,25.308801651000977,1.4068517840817094,1.7454357147216797,0.21428548012208354,1.0521998596329059,Hammer,1996-07-12,25.433475494384766,1996-07-19,25.932170867919922,Profit target (+2%),1,0.019607834314474992,0.019210875024449833,1921.0875005238959,101921.08750052389
MCIC-199809,1998-03-13,46.47824478149414,9.873239301557419,2.7487144470214844,0.3636371206244041,1.2992646610267,Hammer,1998-03-20,47.35283660888672,1998-03-27,49.35190200805664,Profit target (+2%),1,0.042216381157507143,0.042000765693690406,4280.763711074858,106201.85121159874
MCLDQ-200205,2001-02-23,13.5625,5.369367024429749,4.3125,0.2898550724637681,1.1561206456740158,Hammer,2001-03-02,13.875,2001-11-30,0.9100000262260437,RSI > 90,39,-0.9344144125242491,-0.9347982690038873,-93479.8268069089,6520.173193091097
MDLZ,2012-11-16,19.020143508911133,1.25631628267179,1.2427082061767578,0.3652701228019284,1.7833391274452421,Hammer,2012-11-23,19.213619232177734,2013-01-11,19.91087532043457,Profit target (+2%),7,0.03628967972307451,0.035759909697683424,3575.990966192351,103575.99096619236
MDLZ,2018-05-04,31.999221801757812,6.846655451136286,2.2086868286132812,0.44878876119614364,1.5136231298405178,Hammer,2018-05-11,32.10615921020508,2018-06-22,33.47990417480469,RSI > 90,6,0.04278758339187938,0.04246950275673033,4398.820829470962,107974.81179566334
MDLZ,2018-12-28,33.406131744384766,4.378697968965497,1.7181663513183594,0.3392354026469393,1.1129684859670144,Hammer,2019-01-04,33.5150032043457,2019-01-11,34.05097579956055,Profit target (+2%),1,0.01599201981115561,0.015691305039811282,1694.265706807701,109669.07750247103
MEDI-200706,2000-10-06,61.875,4.386669675397513,11.875,0.49473684210526314,1.079534282108153,Hammer,2000-10-13,61.96879959106445,2000-11-10,69.4843978881836,Profit target (+2%),4,0.12128035957957861,0.12110921625985507,12110.921613874587,112110.92161387458
MEDI-200706,2002-02-08,41.290000915527344,9.572334096360478,5.020000457763672,0.20517902099071175,1.1159192792156718,Hammer,2002-02-15,41.20000076293945,2002-03-15,42.209999084472656,Profit target (+2%),4,0.024514521913352016,0.024268858221515144,2720.804059009716,114831.72567288429
MEDI-200706,2002-07-05,24.170000076293945,1.3135191918267708,5.159000396728516,0.4824578656774137,1.2143969419139968,Hammer,2002-07-12,23.8799991607666,2002-07-26,25.049999237060547,Profit target (+2%),2,0.04899497979112932,0.04856605053599313,5576.923386587676,120408.64905947198
MELI,2020-03-13,535.6900024414062,5.026090310459196,126.83001708984375,0.4998029339027316,1.9066169729765823,Hammer,2020-03-20,455.0,2020-04-03,474.5400085449219,Profit target (+2%),2,0.04294507372510292,0.042922624025937973,4292.262398301535,104292.26239830152
MELI,2022-05-13,794.9600219726562,1.2027075107976941,259.4285888671875,0.4026871801242119,1.5273800272544023,Hammer,2022-05-20,774.2100219726562,2022-06-03,807.0,Profit target (+2%),2,0.04235282041918831,0.04233323744366064,4415.029103634777,108707.2915019363
META,2016-11-18,116.00132751464844,4.751544553141514,5.527961730957031,0.3783739395302811,1.0752514924691847,Hammer,2016-11-25,117.17105865478516,2017-01-13,122.4744873046875,Profit target (+2%),7,0.04526227475274047,0.04517500170830481,4517.500166312981,104517.50016631297
META,2018-04-06,155.83155822753906,8.392533543965968,10.968673706054688,0.39539092680877463,1.0819992713405666,Hammer,2018-04-13,156.4461669921875,2018-04-20,164.28225708007812,Profit target (+2%),1,0.050088092527584616,0.05002257406160111,5228.234387574563,109745.73455388752
META,2019-06-07,171.84097290039062,4.464550094530864,14.086318969726562,0.11963460328155111,1.3639106248467507,Hammer,2019-06-14,173.22879028320312,2019-06-21,183.39947509765625,Profit target (+2%),1,0.05871243918418867,0.05865301912428527,6436.91866116098,116182.65321504851
META,2020-03-13,168.79769897460938,2.1635395314679755,23.741500854492188,0.3628386494704429,1.8622665632157065,Hammer,2020-03-20,150.99404907226562,2020-04-03,157.7943115234375,Profit target (+2%),2,0.04503662556871557,0.044968908697710884,5224.607119460716,121407.26033450924
META,2021-09-24,349.887451171875,9.584833701108636,20.162841796875,0.39675735890636543,1.1433122900103105,Hammer,2021-10-01,346.7599182128906,2021-11-26,346.011474609375,RSI > 90,8,-0.002158391337075294,-0.0021871981958970356,-265.5417405068986,121141.71859400233
MFE-201102,2000-10-20,19.0,4.17279942528782,6.218700408935547,0.40703044727777965,1.6969440017824418,Hammer,2000-10-27,18.5625,2000-11-03,18.984399795532227,Profit target (+2%),1,0.022728608513520543,0.022183912510150783,2218.3912487966873,102218.39124879669
MFNXQ-200209,2000-09-29,24.3125,4.473194809199327,6.75,0.3888888888888889,1.061662982808581,Hammer,2000-10-06,24.375,2001-01-19,18.8125,RSI > 90,15,-0.22820512820512817,-0.2285684987694832,-22856.849854091466,77143.15014590854
MFST-199612,1996-07-19,33.5,4.145334640131395,4.25,0.4117647058823529,1.7384749823084897,Hammer,1996-07-26,33.75,1996-08-09,35.25,Profit target (+2%),2,0.04444444444444451,0.04414160865057019,4414.160860642858,104414.16086064285
MGMA-199502,1993-12-10,32.75,2.0941045817093595,4.5,0.3888888888888889,2.393323549725878,Hammer,1993-12-17,33.0,1993-12-31,35.25,Profit target (+2%),2,0.06818181818181812,0.06786850477200412,6786.850470413563,106786.85047041356
MLKN,1995-02-17,3.4440579414367676,4.489786197081642,0.5898661613464355,0.25806462043638073,2.750544619435749,Hammer,1995-02-24,3.425029993057251,1995-03-24,3.5983965396881104,Profit target (+2%),4,0.05061752655663865,0.04762831431839686,4762.831427076855,104762.83142707686
MLKN,1995-12-22,4.489282131195068,5.305493979212201,0.4275507926940918,0.4090910611740065,1.9407829530521572,Hammer,1995-12-29,4.4309797286987305,1996-01-05,4.664189338684082,Profit target (+2%),1,0.052631612930858385,0.05031799594152542,5271.455721298909,110034.28714837576
MLKN,2000-12-15,14.782756805419922,4.65224327587481,3.6450634002685547,0.22222239664521787,2.044586867824258,Hammer,2000-12-22,14.904258728027344,2000-12-29,17.172298431396484,Profit target (+2%),1,0.15217393529972134,0.1514521777748976,16664.932401865008,126699.21955024077
MLNM-200805,2004-07-23,11.010000228881836,1.54350002665754,1.7100000381469727,0.33918123436685227,1.1585692959904719,Hammer,2004-07-30,11.010000228881836,2004-08-27,11.670000076293945,Profit target (+2%),4,0.059945488981986816,0.05901042522974989,5901.042517073947,105901.04251707393
MNST,2015-09-11,22.128311157226562,9.21255318300328,2.006664276123047,0.48006596519243017,1.2749750726129163,Hammer,2015-09-18,22.233308792114258,2015-10-02,22.69664192199707,Profit target (+2%),2,0.02083959406200253,0.020385234062563526,2038.523404217829,102038.52340421783
MNST,2016-02-12,20.39497947692871,4.068264856944211,1.7566642761230469,0.18690702911406973,1.0718078274987433,Hammer,2016-02-19,20.559978485107422,2016-02-26,21.431644439697266,Profit target (+2%),1,0.0423962483823237,0.04189967692958383,4275.3811607331245,106313.90456495095
MNST,2016-09-16,24.384973526000977,0.6233353136373125,1.1458320617675781,0.4181817273856172,1.0481455039336744,Hammer,2016-09-23,24.468307495117188,2017-03-10,23.8700008392334,RSI > 90,24,-0.024452310647280595,-0.024855923377138767,-2642.5302631483346,103671.37430180261
MNST,2022-01-28,42.654998779296875,7.086035799087881,3.1500015258789062,0.47460381663304085,1.411778150134295,Hammer,2022-02-04,42.630001068115234,2022-04-29,42.82500076293945,RSI > 90,12,0.004574236217180561,0.00433915070222836,449.84571615280026,104121.2200179554
MOLX-201312,1997-04-04,14.441178321838379,8.964021719509503,1.016983985900879,0.299999531126188,1.6664552188367225,Hammer,1997-04-11,14.492027282714844,1997-04-25,15.76325798034668,RSI > 90,2,0.08771931440869407,0.08699926357561823,8699.926348861896,108699.9263488619
MOLX-201312,2004-03-26,24.15719985961914,0.6052855689073482,1.6013126373291016,0.3333325392561959,1.0929930145582685,Hammer,2004-04-02,24.468826293945312,2004-04-08,26.10386085510254,Profit target (+2%),1,0.06682112748341384,0.06639887615608564,7217.552940596159,115917.47928945806
MRVL,2008-09-19,9.416337966918945,1.9043986842106335,1.4814128875732422,0.4425283286574901,1.020923099961247,Hammer,2008-09-26,9.348225593566895,2008-12-26,5.976734638214111,RSI > 90,13,-0.36065571178266376,-0.36153206415533884,-36153.20637938068,63846.79362061932
MRVL,2010-06-11,15.222793579101562,8.41051407257305,2.0092735290527344,0.47881413049462807,1.3106267059067285,Hammer,2010-06-18,15.657001495361328,2010-06-25,16.542444229125977,Profit target (+2%),1,0.05655251000818873,0.0558959679593909,3568.778326959203,67415.57194757852
MRVL,2011-08-12,10.710445404052734,5.678542544499905,1.3755865097045898,0.31918037003425526,1.1956136799589032,Hammer,2011-08-19,10.787070274353027,2011-09-16,11.493721008300781,RSI > 90,4,0.06550905074085422,0.06455209392060027,4351.816327719256,71767.38827529777
MRVL,2022-05-13,56.66952896118164,4.556633605787312,7.500812530517578,0.1745406203449842,1.0250874533348653,Hammer,2022-05-20,56.256099700927734,2022-06-03,59.632450103759766,Profit target (+2%),2,0.06001749891623498,0.05983442237579524,4294.160218577701,76061.54849387548
MSFT,2000-12-22,14.120389938354492,1.8574118938788757,2.964712142944336,0.36538472673371664,1.233527595294541,Hammer,2000-12-29,14.253421783447266,2001-01-12,14.880572319030762,Profit target (+2%),2,0.043999998394197215,0.043283229024684226,4328.322898140101,104328.3228981401
MSFT,2007-03-09,19.285167694091797,3.8757527515367514,0.9469451904296875,0.4850746869914114,1.3056372712920523,Hammer,2007-03-16,19.207433700561523,2007-03-30,19.7445068359375,Profit target (+2%),2,0.027961733136700806,0.027433959881957588,2862.1390220773537,107190.46192021745
MSFT,2008-11-21,14.30683422088623,8.7488850986567,1.8929004669189453,0.19073431241655542,1.0017102023808941,Hammer,2008-11-28,14.459498405456543,2009-01-09,14.684861183166504,Profit target (+2%),6,0.015585794983380419,0.014889059521671332,1595.965166089597,108786.42708630704
MSFT,2010-05-28,19.3725643157959,8.002798210746121,1.7270126342773438,0.46087037192474034,1.5134825990821485,Hammer,2010-06-04,19.169830322265625,2010-06-25,20.108423233032227,Profit target (+2%),3,0.04896198323030698,0.04842769897621098,5268.276338364925,114054.70342467197
MSFT,2011-08-12,19.302288055419922,9.26297902215292,1.2227344512939453,0.37735799021940053,1.3632489368398626,Hammer,2011-08-19,19.409950256347656,2011-09-09,19.501502990722656,Profit target (+2%),3,0.004716793869425695,0.0042005121464752295,479.08816661887647,114533.79159129084
MSFT,2014-10-17,36.793460845947266,5.284489847979344,2.074535369873047,0.3780485338168204,1.5335810738016054,Hammer,2014-10-24,36.312774658203125,2014-10-31,38.54753494262695,Profit target (+2%),1,0.061541986407226856,0.06125816643122216,7016.1300602820775,121549.92165157292
MSFT,2018-10-26,99.20452880859375,4.109808428610066,8.300956726074219,0.40000441167144446,1.9180091331632534,Hammer,2018-11-02,100.26651000976562,2018-12-07,105.25934600830078,Profit target (+2%),5,0.0497956495947538,0.04969343732880719,6040.233407873629,127590.15505944654
MSFT,2020-03-13,150.547607421875,7.352961337613735,22.113433837890625,0.46763858777029943,2.3443661196848273,Hammer,2020-03-20,132.69952392578125,2020-04-03,144.49082946777344,Profit target (+2%),2,0.08885718044163493,0.08877847712698328,11327.259651246062,138917.4147106926
MSFT,2022-10-14,221.6087646484375,9.325853410302017,17.559219360351562,0.4792941366626085,1.0820234794694628,Hammer,2022-10-21,228.64797973632812,2022-10-28,236.3464813232422,Profit target (+2%),1,0.03366966808887528,0.033625197431409265,4671.125491636871,143588.54020232946
MSFT,2025-03-07,389.478271484375,4.163225695632306,20.943939208984375,0.41796701399260666,1.123602914155053,Hammer,2025-03-14,382.0810546875,2025-05-09,428.6528625488281,Profit target (+2%),8,0.12188986417926095,0.12186209700694263,17498.000597723556,161086.540800053
MSTR,2026-02-06,134.92999267578125,7.8126654172016,43.710105895996094,0.2961583796329347,1.2913844702648813,Hammer,2026-02-13,127.37000274658203,2026-02-20,129.00999450683594,Profit target (+2%),1,0.012875808470514505,0.012796794701522748,1279.6794688725954,101279.6794688726
MTCH,2021-01-29,135.00167846679688,3.7251044167839353,16.203956604003906,0.4126438107524654,1.5031983784850964,Hammer,2021-02-05,137.46310424804688,2021-02-12,154.60617065429688,Profit target (+2%),1,0.12471031045040282,0.12463303033069514,12463.30302060621,112463.3030206062
MU,2016-01-22,10.796428680419922,1.3286615388845178,2.204148292541504,0.22123928648846042,1.2412403284457785,Hammer,2016-01-29,10.786676406860352,2016-03-11,11.176791191101074,Profit target (+2%),6,0.03616635648702782,0.03522295979882062,3522.2959763597655,103522.29597635976
MU,2020-03-20,35.217620849609375,0.9449609637871248,7.812051773071289,0.37827707400204846,1.4382206420544572,Hammer,2020-03-27,36.07587432861328,2020-04-03,43.078433990478516,Profit target (+2%),1,0.1941064434940447,0.1938023895479692,20062.86831164777,123585.16428800754
MWW-201610,2002-02-08,30.759986877441406,7.5888370285875055,7.500009536743164,0.4704466877661543,1.230834302665824,Hammer,2002-02-15,30.651424407958984,2002-03-15,33.881221771240234,Profit target (+2%),4,0.10537185222761125,0.10502847039282673,10502.847028779826,110502.84702877981
MWW-201610,2006-06-16,41.16999816894531,1.0955464032396804,6.729999542236328,0.2882613311537221,1.6289271012771893,Hammer,2006-06-23,42.77000045776367,2006-11-24,45.599998474121094,RSI > 90,22,0.06616782759102624,0.06592631177507312,7285.045137967505,117787.89216674732
MWW-201610,2008-09-19,18.1299991607666,3.941418258337464,3.239999771118164,0.3981484588445352,1.4157817063758529,Hammer,2008-09-26,18.170000076293945,2009-04-03,8.4399995803833,RSI > 90,27,-0.535498098792261,-0.5359009878968167,-63122.64771132097,54665.24445542635
MXIM-202108,1999-05-28,15.849342346191406,8.551681167262231,2.2059326171875,0.4033612210170992,1.1851561775953363,Hammer,1999-06-04,15.682506561279297,1999-06-11,16.3498477935791,Profit target (+2%),1,0.042553225129680294,0.041902212421844574,4190.221237994236,104190.22123799422
MXIM-202108,2000-10-13,43.52544403076172,9.79748047743233,8.295429229736328,0.3351949809550919,1.4271339090380029,Hammer,2000-10-20,43.321502685546875,2000-10-27,46.8250732421875,Profit target (+2%),1,0.08087370796141613,0.08063356929582109,8401.229415739508,112591.45065373374
MXIM-202108,2001-03-02,29.548364639282227,5.920543488744883,7.155376434326172,0.4352329935028274,1.137787787176372,Hammer,2001-03-09,29.622512817382812,2001-03-16,30.512300491333008,Profit target (+2%),1,0.0300375487871527,0.029694955475102047,3343.3981106963747,115934.8487644301
MXIM-202108,2010-05-07,13.014525413513184,9.518025867995675,2.3215112686157227,0.41515174295818763,2.5354248232467733,Hammer,2010-05-14,13.6124906539917,2010-10-08,13.28049087524414,RSI > 90,21,-0.024389348517216747,-0.025114743049029314,-2911.673934235062,113023.17483019504
MXIM-202108,2014-10-17,21.64354133605957,8.141518662926728,1.3269634246826172,0.49068363156540573,1.0146648449921052,Hammer,2014-10-24,21.66002655029297,2014-10-31,23.596899032592773,Profit target (+2%),1,0.08942151930435216,0.0889393086053592,10052.20301572798,123075.37784592302
MXIM-202108,2016-01-15,27.508514404296875,3.539115965803987,2.8892955780029297,0.4910718942081022,1.371215223309054,Hammer,2016-01-22,27.775087356567383,2016-02-05,28.6177978515625,Profit target (+2%),2,0.030340516455508393,0.02997508554623956,3689.1949758781047,126764.57282180114
NCLH,2016-01-22,47.97999954223633,5.840817483072982,6.630001068115234,0.2699850116368386,1.6328277963055027,Hammer,2016-01-29,47.849998474121094,2016-03-04,49.33000183105469,Profit target (+2%),5,0.03093006069235371,0.03071786446150519,3071.786443078732,103071.78644307873
NFLX,2020-03-13,33.62950134277344,4.532748369803315,5.722002029418945,0.4936211177619028,2.2036580538743427,Hammer,2020-03-20,30.663000106811523,2020-03-27,34.78900146484375,Profit target (+2%),1,0.13455961072496847,0.13421159983360106,13421.159969938948,113421.15996993895
NFLX,2026-01-23,86.12000274658203,0.5358120769518422,7.970001220703125,0.4742783187382496,1.2167571112246267,Hammer,2026-01-30,86.91999816894531,2026-03-06,95.26000213623047,RSI > 90,5,0.09595034678986991,0.09582978593908238,10869.125470012543,124290.2854399515
NIHDQ-201506,2006-06-02,55.869998931884766,8.916467629773479,4.689998626708984,0.4115140448410068,1.0983326287111912,Hammer,2006-06-09,55.59000015258789,2006-09-22,56.90999984741211,Profit target (+2%),15,0.023745272372746484,0.02356326452430519,2356.3264500741925,102356.32645007418
NIHDQ-201506,2007-08-17,71.95999908447266,4.08328628133043,12.479995727539062,0.394230757474425,2.237589593823898,Hammer,2007-08-24,72.0,2007-08-31,78.47000122070312,Profit target (+2%),1,0.0898611280653212,0.08971600889803649,9183.001085382184,111539.32753545637
NIHDQ-201506,2008-09-12,49.720001220703125,4.04711490666638,5.180000305175781,0.39768290294026243,1.0383481479907843,Hammer,2008-09-19,48.040000915527344,2009-01-16,22.389999389648438,RSI > 90,17,-0.5339300798720091,-0.5340826524489881,-59571.219842941784,51968.10769251458
NIHDQ-201506,2011-08-26,36.099998474121094,2.4190562715079267,3.1500015258789062,0.4952382913070963,1.1862751234199036,Hammer,2011-09-02,36.47999954223633,2011-09-09,36.34000015258789,Profit target (+2%),1,-0.0038377026152740523,-0.004111261930393873,-213.65450253718973,51754.45318997739
NIHDQ-201506,2011-10-07,24.959999084472656,2.119795211612029,4.770000457763672,0.43396255839005393,1.495788764230392,Hammer,2011-10-14,25.600000381469727,2011-10-21,28.360000610351562,Profit target (+2%),1,0.10781250733416514,0.1074009056009234,5558.475135925695,57312.928325903085
NOVL-201104,1998-08-07,10.8125,6.692525216246949,1.5625,0.48,1.407715611403858,Hammer,1998-08-14,10.875,1998-09-18,12.0,Profit target (+2%),5,0.10344827586206895,0.10248161764705886,10248.161754457724,110248.16175445773
NSCP-199903,1998-09-04,21.1875,9.619781966489654,7.625,0.45081967213114754,1.2946735695563176,Hammer,1998-09-11,23.75,1998-10-02,25.625,Profit target (+2%),3,0.07894736842105265,0.07850978741317614,7850.978733466638,107850.97873346663
NTAP,2013-10-18,30.60175323486328,9.255547533396552,1.4752998352050781,0.3346878143253495,1.2448348529387527,Hammer,2013-10-25,30.631343841552734,2014-01-24,33.174129486083984,RSI > 90,13,0.08301253962883126,0.08267258187303597,8267.25817903634,108267.25817903633
NTAP,2020-03-13,34.605369567871094,1.922555943812398,6.488502502441406,0.35424846054081255,1.681409354519133,Hammer,2020-03-20,30.6444149017334,2020-04-03,35.33479690551758,Profit target (+2%),2,0.15305829851294916,0.15270705880651186,16533.17454503273,124800.43272406906
NTES,2016-11-18,38.64204406738281,5.911727254341656,3.889148712158203,0.37925115520388575,1.3526325564558535,Hammer,2016-11-25,38.6922721862793,2017-01-20,40.22589111328125,Profit target (+2%),8,0.03963631082761254,0.03937277334866445,3937.277330929168,103937.27733092917
NVDA,2014-10-03,0.4350672960281372,6.856157697258084,0.021001577377319336,0.47727246926334194,1.0365667381715993,Hammer,2014-10-10,0.43673786520957947,2014-11-07,0.47707048058509827,Profit target (+2%),4,0.0923497104061819,0.07071902307140615,7071.902300068713,107071.9023000687
NVDA,2020-03-13,5.990503311157227,9.350768404643162,1.1262660026550293,0.4677565283953816,2.0571451477060094,Hammer,2020-03-20,5.283353328704834,2020-04-03,6.351665019989014,Profit target (+2%),2,0.20220334034446763,0.20012121458294657,21427.35911456898,128499.26141463767
NWACQ-200705,1996-01-26,42.625,6.04630665881416,5.125,0.4878048780487805,1.1704450314882726,Hammer,1996-02-02,42.625,1996-02-09,47.625,Profit target (+2%),1,0.11730205278592365,0.11705371803893978,11705.371792188605,111705.3717921886
NXPI,2015-07-24,79.8140869140625,1.5028875774853674,7.7533111572265625,0.4800460913837452,1.2907323893873277,Hammer,2015-07-31,78.63826751708984,2015-08-07,85.2864990234375,Profit target (+2%),1,0.08454193761202644,0.0844094061186499,8440.94060342405,108440.94060342405
NXPI,2016-07-01,68.93115234375,3.3251119900152304,5.1364593505859375,0.3321861548379047,1.0006597009714548,Hammer,2016-07-08,68.48027801513672,2016-07-15,70.94683837890625,Profit target (+2%),1,0.03601855067271087,0.03586990423294452,3889.7661504854796,112330.70675390953
NXPI,2020-03-20,66.47748565673828,0.7581187014869215,25.667648315429688,0.46603315390079986,2.464644742854981,Hammer,2020-03-27,67.04667663574219,2020-04-03,73.76850891113281,Profit target (+2%),1,0.10025600988263239,0.10009939515536072,11244.235792196301,123574.94254610583
NXTL-200508,1996-07-19,8.4375,4.8000699082915474,1.0,0.375,1.0857988920617585,Hammer,1996-07-26,8.4375,1996-10-04,8.9375,Profit target (+2%),10,0.059259259259259345,0.05803968018951739,5803.968013147773,105803.96801314777
NXTL-200508,2000-09-22,47.9375,8.715612909944525,10.0625,0.3416149068322981,1.0886649362626826,Hammer,2000-09-29,49.0,2001-05-11,19.739999771118164,RSI > 90,32,-0.597142861813915,-0.5972859958959664,-63195.22834128271,42608.739671865056
NXTL-200508,2004-04-02,24.3700008392334,1.7065269202925748,1.760000228881836,0.4602269094345471,1.063660958174372,Hammer,2004-04-08,24.440000534057617,2004-04-16,25.079999923706055,Profit target (+2%),1,0.026186553832377557,0.025772116010826022,1098.117380800274,43706.857052665335
OFIS-200608,1997-11-14,46.23094177246094,9.88104897789951,6.849025726318359,0.12500006962116617,1.5063401675447339,Hammer,1997-11-21,46.80169677734375,1997-11-28,50.5115852355957,Profit target (+2%),1,0.07926824695911194,0.07904613469846132,7904.613461941519,107904.61346194151
OFIS-200608,1997-12-19,38.097721099853516,4.322575900443766,8.133220672607422,0.43859667225590093,1.547109606576423,Hammer,1997-12-26,38.097721099853516,1998-01-09,44.23331069946289,Profit target (+2%),2,0.16104873001532272,0.1607651480731889,17347.30114364194,125251.91460558346
OHP-200407,1996-06-21,40.7108039855957,4.073906730618106,6.847381591796875,0.4909091922005571,1.6307673084906555,Hammer,1996-06-28,40.7108039855957,1996-08-16,45.31722640991211,RSI > 90,7,0.11314987603649995,0.11289037607958113,11289.037596669077,111289.03759666906
OKTA,2021-12-03,214.58999633789062,6.574422496892993,29.680007934570312,0.3999328572331936,1.3514976318534544,Hammer,2021-12-10,212.52000427246094,2021-12-17,221.61000061035156,Profit target (+2%),1,0.04277242685463545,0.04272436727609656,4272.4367233372195,104272.43672333722
ON,2023-11-03,68.25,0.15462406110253823,12.1199951171875,0.44059393475480174,1.4430780735607596,Hammer,2023-11-10,68.6500015258789,2023-11-24,69.95999908447266,Profit target (+2%),2,0.019082265542265553,0.018935220008752498,1893.5219989817278,101893.52199898173
ORCL,1996-04-12,2.5915372371673584,4.7087005146795065,0.2797682285308838,0.10526293363148982,1.1456657825574752,Hammer,1996-04-19,2.5915372371673584,1996-04-26,2.8823490142822266,Profit target (+2%),1,0.11221593614172254,0.10814856536439058,10814.8565256242,110814.8565256242
ORCL,1999-04-09,5.1435017585754395,5.671395342968097,1.1305761337280273,0.14285720310924974,1.480516212179163,Hammer,1999-04-16,5.0441107749938965,1999-04-30,5.541067123413086,Profit target (+2%),2,0.09852209251288513,0.09644398194447976,10687.42601124999,121502.28253687419
ORCL,2008-02-22,15.027970314025879,8.861257021493486,1.1290855407714844,0.4929582104377616,1.0496345999411694,Hammer,2008-02-29,14.988214492797852,2008-03-20,15.051824569702148,Profit target (+2%),3,0.004244006311416415,0.003575622621156325,434.4463095265281,121936.72884640073
ORCL,2011-03-18,24.92751121520996,3.107745432290571,1.815267562866211,0.49107145671587216,1.5142065813706607,Hammer,2011-03-25,25.486677169799805,2011-04-01,26.605012893676758,Profit target (+2%),1,0.04387922821112644,0.043478336732979114,5301.606151600174,127238.3349980009
ORCL,2011-08-12,22.275663375854492,4.11455362962559,1.8136100769042969,0.2914800800122837,1.1837341046953371,Hammer,2011-08-19,22.30006217956543,2011-09-23,23.37358856201172,Profit target (+2%),5,0.04814006229229317,0.04768094228495944,6066.8437014071715,133305.17869940808
ORLY,2011-08-05,3.890019178390503,3.9151448702707654,0.22466778755187988,0.3768551189876104,1.3241312661440356,Hammer,2011-08-12,3.827352285385132,2011-08-19,4.024686813354492,Profit target (+2%),1,0.05155901867797441,0.048882387113463016,4888.2387064580635,104888.23870645807
ORLY,2017-02-03,17.322751998901367,2.8557401203087522,0.6956710815429688,0.39626355790004714,1.0483615110776454,Hammer,2017-02-10,17.270084381103516,2017-02-17,18.16408920288086,Profit target (+2%),1,0.051766094597403445,0.05117224334627961,5367.36646988217,110255.60517634024
ORLY,2020-03-06,24.538787841796875,3.9867277894351076,1.8830108642578125,0.47689822130383697,1.5204054220261047,Hammer,2020-03-13,23.90411949157715,2020-04-24,24.55945587158203,Profit target (+2%),6,0.027415206832269945,0.026991223170398416,2975.9336421260004,113231.53881846623
ORLY,2025-06-27,89.16000366210938,9.414911246618075,4.399993896484375,0.4954535681340556,1.1409630449689787,Hammer,2025-07-03,89.5199966430664,2025-07-11,91.0999984741211,Profit target (+2%),1,0.017649708336724634,0.017537021948341835,1985.743979518219,115217.28279798446
PAGE-200007,1994-12-09,15.0,7.563523997866369,2.0,0.375,1.591370909063985,Hammer,1994-12-16,15.0,1994-12-23,15.875,Profit target (+2%),1,0.05833333333333335,0.057647450849716675,5764.745079206923,105764.74507920691
PAGE-200007,1995-04-28,13.75,1.1994765208399798,2.0,0.375,1.5908202307036916,Hammer,1995-05-05,13.75,1995-06-16,14.375,Profit target (+2%),6,0.045454545454545414,0.04471101417666315,4728.849011898736,110493.59409110564
PAIR-200006,1998-06-05,14.6875,4.766092505739621,3.1875,0.39215686274509803,1.2160886440754075,Hammer,1998-06-12,14.75,1998-06-26,16.1875,Profit target (+2%),2,0.09745762711864403,0.0967468654693325,9674.686537258563,109674.68653725856
PANW,2022-05-13,81.83491516113281,3.1372679897771576,8.249160766601562,0.17759337941648154,1.0257668184613804,Hammer,2022-05-20,81.96991729736328,2022-06-03,84.08324432373047,Profit target (+2%),2,0.025781739155605665,0.02565817808314937,2565.8178057491195,102565.81780574913
PAYX,1996-12-20,4.338285446166992,0.7300987107351915,0.7682380676269531,0.3529413225151324,1.8846218068856802,Hammer,1996-12-27,4.349583148956299,1997-01-10,4.620726108551025,Profit target (+2%),2,0.06233768853454125,0.05996968037166008,5996.968031169041,105996.96803116903
PAYX,1999-05-28,9.204816818237305,4.452740702675271,1.087489128112793,0.2500002192376668,1.2272723717455352,Hammer,1999-06-04,9.088299751281738,1999-07-02,9.86507797241211,Profit target (+2%),4,0.08547013659192082,0.08432342956936945,8938.02785940496,114934.99589057399
PAYX,2002-06-14,15.790746688842773,9.611067727141474,2.060704231262207,0.4302322514063046,1.530625472744874,Hammer,2002-06-21,15.977646827697754,2002-10-04,11.97371768951416,RSI > 90,15,-0.25059567165063734,-0.25114295407113035,-28865.114365246867,86069.88152532712
PAYX,2006-05-26,19.442197799682617,1.325135706606602,0.9534988403320312,0.4705865879321795,1.0937012788257205,Hammer,2006-06-02,18.99859046936035,2006-06-23,19.80931854248047,Profit target (+2%),3,0.04267306432167195,0.042135620340331914,3626.607847061924,89696.48937238903
PAYX,2006-08-04,17.567346572875977,2.1640191219734675,1.280792236328125,0.4759986537682575,1.3546053796203161,Hammer,2006-08-11,17.61857795715332,2006-08-25,18.346067428588867,Profit target (+2%),2,0.041291043647491366,0.04071190726309472,3651.7151535021476,93348.20452589117
PAYX,2009-06-26,14.320695877075195,5.2377840438408185,1.5293407440185547,0.4816179542662584,1.4374668857139024,Hammer,2009-07-02,14.202622413635254,2009-07-31,14.787369728088379,Profit target (+2%),4,0.041171784859374894,0.04045344799574147,3776.25673350772,97124.4612593989
PAYX,2011-08-12,16.489835739135742,1.9037061557950494,1.051487922668457,0.2823525143642325,1.3545126836957868,Hammer,2011-08-19,16.60735511779785,2011-10-21,17.590808868408203,RSI > 90,9,0.059217963585086464,0.0585981785067567,5691.316512559515,102815.77777195841
PAYX,2015-07-02,33.83552169799805,6.366886728099303,2.7057018280029297,0.1679779664971764,2.3545022174851455,Hammer,2015-07-10,33.72544860839844,2015-08-21,34.490074157714844,Profit target (+2%),6,0.022672064594153385,0.022372235782494653,2300.2188201746076,105115.99659213303
PAYX,2020-03-13,59.15174102783203,1.9158244729609635,10.01016616821289,0.42609461130556897,2.8286758046769824,Hammer,2020-03-20,52.58024597167969,2020-04-17,54.19212341308594,Profit target (+2%),4,0.030655570578243863,0.030462488323606072,3202.094815609974,108318.091407743
PAYX,2022-01-28,100.91561126708984,6.061781147088908,8.66046142578125,0.4483448795923689,1.712708027190763,Hammer,2022-02-04,100.12809753417969,2022-02-11,105.00193786621094,Profit target (+2%),1,0.04867605049988599,0.04857375285300668,5261.416196287679,113579.50760403067
PCAR,1994-06-17,0.8957364559173584,3.1420605351476496,0.06815385818481445,0.35714323195432696,1.1110352818729068,Hammer,1994-06-24,0.8908683657646179,1994-07-22,0.9444177746772766,Profit target (+2%),4,0.060109227098549045,0.04861139267429041,4861.139262567902,104861.1392625679
PCAR,1997-10-31,2.1292052268981934,5.854882887263486,0.47250044345855713,0.43125011195570917,2.077814233157338,Hammer,1997-11-07,2.173502206802368,1997-11-14,2.2443771362304688,Profit target (+2%),1,0.03260863007467152,0.02794347843119858,2930.184980324292,107791.32424289218
PCAR,2005-09-30,9.938776969909668,8.19621580876948,0.48749732971191406,0.4954947200388123,1.0339675841573384,Hammer,2005-10-07,9.918281555175781,2005-11-11,10.379426956176758,RSI > 90,5,0.046494485807405894,0.04546332767970965,4900.552290183885,112691.87653307608
PCAR,2011-08-12,14.289923667907715,3.021768957492853,1.792057991027832,0.48917758363139124,1.3006296643077118,Hammer,2011-08-19,14.386897087097168,2011-09-23,14.603324890136719,Profit target (+2%),5,0.015043396899923067,0.014343335127418316,1616.3773496351805,114308.25388271127
PCAR,2015-10-02,23.107728958129883,3.4023277398930105,1.4026203155517578,0.34810036212718104,1.1068977320177318,Hammer,2015-10-09,23.320785522460938,2015-10-16,24.568050384521484,Profit target (+2%),1,0.05348296955345999,0.053042795101976584,6063.229283102144,120371.48316581342
PCAR,2016-07-01,24.0292911529541,4.932989497642396,1.9839000701904297,0.3528042033005331,1.3222462478328687,Hammer,2016-07-08,23.94585609436035,2016-07-22,24.923900604248047,Profit target (+2%),2,0.04084399847863618,0.04041795024252345,4865.168612349427,125236.65177816284
PDCO-202504,2007-03-02,21.574764251708984,5.533252399718208,1.6946964263916016,0.4653852690293514,1.3457321343501107,Hammer,2007-03-09,21.509584426879883,2007-04-05,23.09998893737793,Profit target (+2%),4,0.07393934159465054,0.07345735707186252,7345.735699840516,107345.73569984052
PDCO-202504,2010-07-30,17.508209228515625,4.25393325474748,1.2140235900878906,0.4216211205691141,1.1570779713891608,Hammer,2010-08-06,17.66570472717285,2010-08-13,18.21037483215332,Profit target (+2%),1,0.03083206208822653,0.030257429640499153,3248.0060418975363,110593.74174173806
PDD,2021-07-30,91.61000061035156,1.2442160299794693,18.719993591308594,0.35470094352656656,1.1128611918175577,Hammer,2021-08-06,91.72000122070312,2021-09-03,94.30000305175781,Profit target (+2%),4,0.028129108119465673,0.02801855324995741,2801.8553221938864,102801.85532219388
PEP,2026-01-09,137.22775268554688,8.135655136391605,5.6887969970703125,0.3275834783984808,1.0116883302171582,Hammer,2026-01-16,137.22775268554688,2026-01-23,143.411865234375,Profit target (+2%),1,0.045064591001492404,0.044990080195909214,4499.008015091913,104499.00801509191
PETM-201503,1996-11-15,22.574886322021484,3.176287483983444,3.4204368591308594,0.3999996654201709,1.6108482019342043,Hammer,1996-11-22,23.030942916870117,1997-09-26,9.46320915222168,RSI > 90,44,-0.5891089137609777,-0.5894151506472495,-58941.515005783425,41058.484994216575
PETM-201503,1997-10-31,6.954888820648193,1.952117565338071,1.9382481575012207,0.4117648071824426,1.362928127607099,Hammer,1997-11-07,7.182918071746826,1998-03-13,8.494085311889648,RSI > 90,18,0.18253963459504652,0.18102143446198307,7432.465843056427,48490.950837273
PETM-201503,2005-01-21,28.379425048828125,1.7069614783819276,1.8693580627441406,0.49509836932011814,1.0739613485548276,Hammer,2005-01-28,28.581024169921875,2005-02-18,29.26955795288086,Profit target (+2%),3,0.02409059167598282,0.02373655667978255,1151.0082018544713,49641.95903912747
PETM-201503,2007-08-10,28.735530853271484,2.412464407572884,2.9393863677978516,0.4511042544700649,1.9668998416035204,Hammer,2007-08-17,28.8375301361084,2007-08-31,31.749101638793945,Profit target (+2%),2,0.10096466267892601,0.10060044971758651,4994.00339920423,54635.96243833169
PETM-201503,2008-11-21,14.374387741088867,6.71259370044757,3.2482376098632812,0.38793120659161534,1.2287096679832843,Hammer,2008-11-28,14.42105770111084,2008-12-05,16.222522735595703,Profit target (+2%),1,0.1249190643170437,0.1241825779157196,6784.834655713619,61420.797094045316
PHS-200512,1999-10-01,22.25,2.530109203861798,4.9375,0.43037974683544306,1.3730548703871306,Hammer,1999-10-08,22.0,1999-11-12,22.84375,Profit target (+2%),5,0.03835227272727271,0.03788911610997509,3788.911607208598,103788.91160720859
PHSYB-199906,1995-05-05,60.875,6.346550943699299,7.5,0.4166666666666667,1.4458727856296893,Hammer,1995-05-12,60.5,1995-05-19,63.25,Profit target (+2%),1,0.045454545454545414,0.04528551359391789,4528.551354863237,104528.55135486324
PHSYB-199906,1995-06-30,51.0,5.717804582211855,11.25,0.37777777777777777,1.886375517823671,Hammer,1995-07-07,51.0,1995-07-21,54.75,Profit target (+2%),2,0.07352941176470584,0.07332614449563776,7664.675652901718,112193.22700776496
PHSYB-199906,1997-01-17,79.375,3.101983887625636,7.75,0.3709677419354839,1.269491929684353,Hammer,1997-01-24,79.375,1997-02-21,84.0,Profit target (+2%),4,0.058267716535433056,0.058138070042831905,6522.697683586082,118715.92469135104
PHSYB-199906,1997-10-31,64.75,8.028333220524303,8.25,0.42424242424242425,1.5850043673788212,Hammer,1997-11-07,65.0,1997-11-14,70.0,Profit target (+2%),1,0.07692307692307687,0.07676332589800786,9113.029207252508,127828.95389860355
PHSYB-199906,1998-09-04,62.125,4.58631678533807,8.875,0.2676056338028169,1.3318511918342937,Hammer,1998-09-11,62.5,1998-09-18,68.75,Profit target (+2%),1,0.10000000000000009,0.09983201343892478,12761.421830727664,140590.37572933122
PHYCQ-200207,1998-06-05,16.1875,1.845595756024366,2.9375,0.2978723404255319,1.1741551143378626,Hammer,1998-06-12,16.4375,1998-07-02,17.5625,Profit target (+2%),3,0.06844106463878319,0.06781207237342257,6781.207230561049,106781.20723056103
PPLI,1998-10-09,1.19999361038208,9.79544772472525,0.3648332357406616,0.37349396803011853,1.4837415968859144,Hammer,1998-10-16,1.2703229188919067,1998-10-23,1.4505417346954346,Profit target (+2%),1,0.14186850691533714,0.13347114937087956,13347.114923740839,113347.11492374085
PPLI,2000-10-13,2.725260019302368,5.546723274583414,0.4395582675933838,0.40000032544296854,1.1025527549483425,Hammer,2000-10-20,2.6988866329193115,2000-11-10,2.8835010528564453,Profit target (+2%),3,0.0684039180028253,0.06457904625557732,7319.848570276652,120666.9634940175
PPLI,2002-05-03,4.226790428161621,6.29361494945168,0.346019983291626,0.3983730594296337,1.0237007423905902,Hammer,2002-05-10,4.221164226531982,2002-11-01,3.5305306911468506,RSI > 90,25,-0.1636120980662582,-0.165784739501256,-20004.741089258518,100662.22240475897
PPLI,2007-08-10,3.457348108291626,0.2854617341220944,0.3267383575439453,0.13953547765681096,1.399575099626262,Hammer,2007-08-17,3.4586145877838135,2007-08-31,3.552330255508423,Profit target (+2%),2,0.027096302680160722,0.02417002977752643,2433.0089105620036,103095.23131532097
PPLI,2008-10-10,2.213334798812866,5.984354635606849,0.5413600206375122,0.4691692190069842,2.1201630533230325,Hammer,2008-10-17,2.2975142002105713,2008-11-07,2.447005033493042,Profit target (+2%),3,0.06506633703015607,0.0605819643890639,6245.71162598137,109340.94294130235
PPLI,2008-11-21,2.166891098022461,9.144777348953028,0.32220327854156494,0.3828828745499636,1.221811740862445,Hammer,2008-11-28,2.172696590423584,2008-12-19,2.396207094192505,Profit target (+2%),3,0.10287239587619812,0.09804419252334456,10720.244449700836,120061.18739100317
PRGO,1994-03-31,15.611003875732422,1.0910087363450458,2.428378105163574,0.3571425485766035,1.476331227198641,Hammer,1994-04-08,15.264092445373535,1994-09-09,10.494063377380371,RSI > 90,22,-0.31250001171467845,-0.31305259858070295,-31305.259826765032,68694.74017323497
PSFT-200501,2004-03-12,19.68000030517578,5.097065732492652,1.9200000762939453,0.44791696675948434,1.2202420160990621,Hammer,2004-03-19,19.510000228881836,2004-09-17,19.889999389648438,RSI > 90,26,0.019477147939960915,0.01895973130551186,1895.9731286552128,101895.97312865521
PTC,1994-01-28,21.40625,2.8210096645038902,2.34375,0.2,1.0267681574543328,Hammer,1994-02-04,21.09375,1994-02-25,21.5625,Profit target (+2%),3,0.022222222222222143,0.021742994253214097,2174.2994231471102,102174.29942314711
PTC,1996-07-19,49.6875,2.5052202802037726,8.75,0.4642857142857143,1.787835368537217,Hammer,1996-07-26,49.6875,1996-08-02,50.9375,Profit target (+2%),1,0.02515723270440251,0.02495346380238471,2549.6026796399156,104723.90210278703
PTC,1997-03-21,61.40625,2.1193271968032974,7.34375,0.44680851063829785,1.2628665303648383,Hammer,1997-03-27,61.40625,1997-07-25,65.625,RSI > 90,17,0.06870229007633588,0.06853385983838464,7177.133221263988,111901.03532405103
PTC,1998-04-09,76.875,8.172305511722854,15.46875,0.48484848484848486,2.177028552965268,Hammer,1998-04-17,76.875,1998-04-24,84.6875,Profit target (+2%),1,0.10162601626016254,0.10148933402705515,11356.76154061915,123257.79686467019
PTEN,2003-08-01,9.541607856750488,6.811308463134893,1.0480403900146484,0.29315983438736976,1.2760721011394176,Hammer,2003-08-08,9.541607856750488,2003-08-15,9.797643661499023,Profit target (+2%),1,0.02683361217442992,0.025772065684520777,2577.2065658748716,102577.20656587486
PYPL,2018-10-12,78.35143280029297,2.6319788081089825,8.159332275390625,0.46901613898603034,1.7122586592398106,Hammer,2018-10-19,78.20272064208984,2018-10-26,84.13137817382812,Profit target (+2%),1,0.0758113973920671,0.07567868598069043,7567.8685905011735,107567.86859050118
QCOM,1995-04-21,0.9668768048286438,5.144378920253047,0.14272940158843994,0.45161283587001094,1.062362447644083,Hammer,1995-04-28,0.9622726440429688,1995-05-19,1.1050020456314087,Profit target (+2%),3,0.14832532387989894,0.13722025781031355,13722.02576730933,113722.02576730931
QCOM,1995-09-29,1.689732313156128,8.227875329229775,0.23481297492980957,0.19607829201006827,1.3733808601915933,Hammer,1995-10-06,1.689732313156128,1995-11-17,1.735774040222168,RSI > 90,6,0.027247941409158427,0.021266914418430396,2418.5165870653873,116140.54235437469
QCOM,2006-05-26,28.961942672729492,5.784277896167239,1.8594284057617188,0.3469230958603966,1.1502068989988061,Hammer,2006-06-02,28.697681427001953,2006-06-09,29.36148452758789,Profit target (+2%),1,0.0231308965595165,0.022778467658107877,2645.503585168729,118786.04593954342
QCOM,2007-08-17,23.918643951416016,2.6904866522515363,2.8162078857421875,0.47737561157978575,1.6605098840842973,Hammer,2007-08-24,23.829444885253906,2007-08-31,24.562166213989258,Profit target (+2%),1,0.030748568934930276,0.030322557635168165,3601.8967206536418,122387.94266019706
QCOM,2008-10-03,26.480365753173828,3.5804781912541728,9.524377822875977,0.31972795927199205,2.9307442034968116,Hammer,2008-10-10,25.787094116210938,2009-03-27,24.749544143676758,RSI > 90,24,-0.040235242011310124,-0.040615157800458275,-4970.805599046538,117417.13706115053
QLGC-201608,2000-04-07,53.0625,5.792148797045627,25.875,0.49516908212560384,2.0490831317559377,Hammer,2000-04-14,55.5,2000-07-21,47.75,RSI > 90,14,-0.13963963963963966,-0.13980722457436257,-13980.722443455532,86019.27755654448
QMCO,1997-11-14,4085.597900390625,9.671772477288599,800.271484375,0.1263154715562834,1.2814670334143645,Hammer,1997-11-21,4228.80419921875,1998-02-13,3386.4130859375,RSI > 90,12,-0.19920314906915704,-0.19922115703768262,-19922.115685838537,80077.88431416146
QMCO,1998-09-04,1819.565185546875,7.783924894323803,438.04345703125,0.17307685876807047,1.0328085154659459,Hammer,1998-09-11,1988.04345703125,1998-09-18,2139.673828125,Profit target (+2%),1,0.07627115521920236,0.07624522707218963,6105.556467840419,86183.44078200188
QMCO,1999-02-19,2729.347900390625,6.736474911425759,463.315185546875,0.43636348307117045,1.048202926231905,Hammer,1999-02-26,2737.771728515625,1999-03-19,2830.434814453125,Profit target (+2%),3,0.03384616948606611,0.03382257044949027,2914.945494906264,89098.38627690815
QTRN-200309,1997-04-04,27.5,5.340723949805465,4.0,0.375,1.1919447822738218,Hammer,1997-04-11,28.0,1997-05-30,29.375,Profit target (+2%),7,0.049107142857142794,0.04874129619710768,4874.129614836638,104874.12961483664
QTRN-200309,1999-03-26,38.4375,7.054143477826358,5.0,0.2375,1.0000427633503655,Hammer,1999-04-01,38.875,1999-04-30,43.25,RSI > 90,4,0.112540192926045,0.11226851851851856,11774.063151002742,116648.19276583937
QVCAQ,2010-05-21,179.762451171875,1.672830887158156,18.870086669921875,0.46616558985016215,1.167272371044189,Hammer,2010-05-28,178.769287109375,2010-06-04,183.30946350097656,Profit target (+2%),1,0.02539684788709695,0.02534020112651871,2534.020110117851,102534.02011011784
REGN,2016-02-12,375.9052429199219,5.143397358400733,43.024658203125,0.3372522399832037,1.019046408622515,Hammer,2016-02-19,383.2347106933594,2016-02-26,395.78106689453125,Profit target (+2%),1,0.03273804760135812,0.03271152714965527,3271.1527116943744,103271.15271169436
REGN,2017-12-01,370.4106140136719,0.6126585152795769,30.611358642578125,0.3411725766718873,1.120454196025424,Hammer,2017-12-08,372.4239807128906,2017-12-22,387.707763671875,Profit target (+2%),2,0.04103866493701158,0.041011263220568465,4235.280422715541,107506.4331344099
REGN,2018-02-09,333.62445068359375,5.828511748265569,37.202728271484375,0.4297519644250196,1.4500867352354119,Hammer,2018-02-16,336.89739990234375,2018-06-29,326.2553405761719,RSI > 90,19,-0.031588428195814755,-0.03161764157589717,-3399.0998665478282,104107.33326786206
RNWK-202212,2000-04-07,134.4262237548828,8.963128185864875,45.20081329345703,0.4944238062533241,1.1776483381486866,Hammer,2000-04-14,138.79507446289062,2000-07-21,152.23770141601562,Profit target (+2%),14,0.09685233431478246,0.09677679932885296,9677.679923207616,109677.6799232076
RNWK-202212,2000-10-20,59.14753723144531,9.771034229244876,44.696720123291016,0.2894736415374034,1.5445987147289622,Hammer,2000-10-27,65.36475372314453,2001-05-11,26.48196792602539,RSI > 90,28,-0.5948585985928899,-0.5949660750113692,-65254.49867500958,44423.18124819803
ROP,2026-02-06,361.49847412109375,0.3545500620153206,31.556243896484375,0.41533990628943895,1.371917196497565,Hammer,2026-02-13,356.30169677734375,2026-03-13,362.864990234375,Profit target (+2%),4,0.018420606795854555,0.018392282593347895,1839.2282574955611,101839.22825749558
ROST,1999-09-03,2.0202815532684326,1.691959371308613,0.15802645683288574,0.24910570283233077,1.0340031441552204,Hammer,1999-09-10,2.0141963958740234,1999-10-15,2.1419851779937744,Profit target (+2%),5,0.06344405261647745,0.05833448512509119,5833.4485066756715,105833.44850667566
ROST,2005-08-05,5.272934436798096,1.2705460672942763,0.3844423294067383,0.4578955985483123,1.2254444972106155,Hammer,2005-08-12,5.31744909286499,2005-12-02,5.461991310119629,Profit target (+2%),16,0.027182623609615097,0.02527825347075641,2675.284734360709,108508.73324103637
ROST,2011-08-12,15.463034629821777,3.5401297404690126,1.8444328308105469,0.48187151375264475,2.2696487444356603,Hammer,2011-08-19,15.499707221984863,2011-09-02,15.985084533691406,Profit target (+2%),2,0.0313152567822752,0.03066019273375786,3326.8986711391944,111835.63191217558
ROST,2012-09-28,28.214693069458008,2.0563582970450796,1.7167320251464844,0.4732829516188885,1.3946846495708987,Hammer,2012-10-05,28.197223663330078,2012-10-12,28.743257522583008,Profit target (+2%),1,0.019364809307911957,0.019006794132687778,2125.6368303281324,113961.2687425037
ROST,2017-05-19,56.79411315917969,5.7725996151555705,3.90802001953125,0.40887820362648175,1.8400185122602768,Hammer,2017-05-26,56.88542175292969,2017-06-09,58.46586608886719,Profit target (+2%),2,0.02778294134482895,0.02760472303681989,3145.869257415545,117107.13799991924
ROST,2022-02-25,88.1962661743164,4.040165521770746,8.902374267578125,0.29700853235885954,1.3541048290831748,Hammer,2022-03-04,86.7410659790039,2022-03-25,89.55884552001953,Profit target (+2%),3,0.03248495403201157,0.0323678026124577,3790.5007235007297,120897.63872341998
ROST,2022-05-13,87.8694076538086,8.746716472050238,8.962562561035156,0.45686921627831156,1.271810249724123,Hammer,2022-05-20,87.36353302001953,2022-08-19,85.84309387207031,RSI > 90,13,-0.017403590438596517,-0.017517052135905053,-2117.770238508191,118779.8684849118
ROST,2024-05-03,127.93487548828125,4.198297203177219,5.827667236328125,0.4437921879336619,1.1475509242503907,Hammer,2024-05-10,128.0424346923828,2024-05-31,138.14306640625,RSI > 90,3,0.07888503321678919,0.07880385685280307,9360.311743719452,128140.18022863126
RXSD-200007,1998-08-07,27.5,2.2137445182116124,10.3125,0.26666666666666666,2.8329560288873723,Hammer,1998-08-14,27.875,1999-01-22,16.0,RSI > 90,23,-0.4260089686098655,-0.42629124820659975,-42629.12477803084,57370.87522196917
RYAAY,2007-12-07,12.28152847290039,6.43562348130682,1.1890439987182617,0.48010631992383723,1.0735547821468368,Hammer,2007-12-14,12.584309577941895,2008-06-20,9.474502563476562,RSI > 90,27,-0.24711780930089977,-0.247813988142101,-24781.398789428706,75218.60121057129
SBAC,2013-02-15,62.63861846923828,3.584480888752907,2.6809959411621094,0.3163258191793764,1.2778956799634362,Hammer,2013-02-22,62.91218185424805,2013-03-08,65.31049346923828,Profit target (+2%),2,0.03812157747996303,0.037959608879541494,3795.9608841581885,103795.9608841582
SBUX,1997-01-03,1.3831955194473267,2.9486794491208457,0.1671360731124878,0.27586179842358166,1.2322519494024224,Hammer,1997-01-10,1.3889588117599487,1997-01-24,1.5042251348495483,Profit target (+2%),2,0.0829875746592843,0.07551609287271199,7551.609279719591,107551.60927971959
SBUX,1997-04-04,1.4177753925323486,8.312964788778388,0.14984619617462158,0.23076910837779763,1.1295840032459976,Hammer,1997-04-11,1.4177753925323486,1997-05-30,1.5445683002471924,RSI > 90,7,0.08943088473864225,0.08208808525073523,8828.705662578683,116380.31494229827
SBUX,2002-12-06,3.9190540313720703,4.114765467675156,0.339343786239624,0.4565214489314001,1.0680814411020467,Hammer,2002-12-13,3.9042999744415283,2003-01-31,4.1551194190979,Profit target (+2%),7,0.06424184778277686,0.061601679643623355,7169.222870730227,123549.53781302851
SBUX,2007-05-18,10.678269386291504,4.052896071940964,0.6344261169433594,0.46511655873634333,1.0474502178420873,Hammer,2007-05-25,10.737285614013672,2008-08-22,6.1340107917785645,RSI > 90,65,-0.4287186713397271,-0.4294500246965074,-53058.35201198881,70491.1858010397
SBUX,2017-02-03,44.8454475402832,9.314010679920784,1.9791946411132812,0.48559654918528855,1.217144699837428,Hammer,2017-02-10,44.80472183227539,2017-02-17,46.22566604614258,Profit target (+2%),1,0.031714162163229975,0.03148745754656561,2219.588218097718,72710.77401913742
SBUX,2020-03-13,60.746856689453125,2.6261688044018,11.720176696777344,0.37286866768173405,2.5251440654334747,Hammer,2020-03-20,52.6756591796875,2020-04-03,57.82767105102539,Profit target (+2%),2,0.097806310382625,0.09760720445427788,7097.095378617647,79807.86939775507
SBUX,2022-02-25,83.48397827148438,4.602637743339912,6.122886657714844,0.2150225721117603,1.1990429813625958,Hammer,2022-03-04,82.32072448730469,2022-07-29,75.90814971923828,RSI > 90,21,-0.07789745301689299,-0.07801419068054256,-6226.1463347781555,73581.72306297692
SBUX,2024-07-12,71.13301849365234,4.005374154139801,4.154090881347656,0.37070810031497653,1.09002935155481,Hammer,2024-07-19,71.19004821777344,2024-07-26,74.46009826660156,Profit target (+2%),1,0.04593408953488698,0.04579040439520719,3369.33685178052,76951.05991475744
SDLI-200102,2000-04-07,183.0,6.360699719744943,94.375,0.3072847682119205,2.769091920073291,Hammer,2000-04-14,183.5,2000-05-05,196.875,Profit target (+2%),3,0.07288828337874653,0.07283180294814866,7283.180287531686,107283.1802875317
SEBL-200601,2002-04-12,26.3544864654541,4.570037561298108,6.471456527709961,0.49460683714584575,1.212771086064597,Hammer,2002-04-19,26.603771209716797,2003-01-17,9.84179973602295,RSI > 90,39,-0.6300599768942413,-0.6303173995336238,-63031.73989033064,36968.26010966936
SGEN-202312,2020-01-17,109.0,5.654080589203588,7.9900054931640625,0.40425546136320667,1.2043916278303832,Hammer,2020-01-24,108.37999725341797,2020-01-31,112.19999694824219,Profit target (+2%),1,0.03524635349355254,0.03515246382223879,3515.2463787086326,103515.24637870865
SGEN-202312,2020-03-13,102.72000122070312,6.163596437326532,22.25,0.47325837210323035,2.299032700747506,Hammer,2020-03-20,95.33000183105469,2020-03-27,101.75,Profit target (+2%),1,0.06734499156228835,0.06723656627504562,6960.009716659712,110475.25609536836
SGEN-202312,2023-05-19,193.3000030517578,2.212038335237935,15.509994506835938,0.4448740387008676,1.635117513677165,Hammer,2023-05-26,193.66000366210938,2023-06-23,197.97000122070312,Profit target (+2%),4,0.022255486301206773,0.022203276158742905,2452.9126173403965,112928.16871270875
SHLDQ-202210,2005-09-23,81.46656036376953,3.5951074485123087,7.002082824707031,0.331730910667842,1.0376178407820273,Hammer,2005-09-30,83.0353012084961,2006-03-24,91.5993881225586,RSI > 90,25,0.10313790387245847,0.10301127030578862,10301.127020277738,110301.12702027774
SHLM-201808,1995-08-04,14.30731201171875,7.23533208213756,1.4307308197021484,0.272726848549889,1.436415138896557,Hammer,1995-08-11,14.30731201171875,1996-01-05,11.744010925292969,RSI > 90,21,-0.1791602143244131,-0.17979632391459838,-17979.632373480206,82020.3676265198
SHPG-201901,2017-10-27,141.0828094482422,9.485325014136976,8.454849243164062,0.4870898055755581,1.031740227463948,Hammer,2017-11-03,143.4842987060547,2017-12-01,146.64990234375,Profit target (+2%),4,0.02206236965467867,0.02199190926537126,2199.190924337935,102199.19092433793
SIAL-201511,1994-04-08,10.033366203308105,7.942933647763155,0.5574092864990234,0.45454467686137906,1.1120257829978448,Hammer,1994-04-15,9.98269271850586,1994-09-23,7.277985572814941,RSI > 90,23,-0.2709396374263777,-0.27180523292040487,-27180.52326485997,72819.47673514002
SIAL-201511,1998-07-31,12.098636627197266,8.875006899349202,1.4141263961791992,0.35185143972393124,1.2281485343698018,Hammer,1998-08-07,12.124823570251465,1998-09-18,12.760685920715332,RSI > 90,6,0.052443018801854535,0.051596987115196224,3757.2655990810863,76576.7423342211
SIAL-201511,2002-10-11,19.972566604614258,7.286308348167708,1.945465087890625,0.48769588542565373,1.2419472624993433,Hammer,2002-10-18,19.955156326293945,2002-11-08,21.17379379272461,Profit target (+2%),3,0.06106880079034638,0.0605525050341665,4636.91357105608,81213.65590527718
SIRI,2014-02-07,27.922029495239258,7.5716532860149925,2.1632556915283203,0.4999995591485925,1.2942596920407348,Hammer,2014-02-14,27.881969451904297,2014-02-21,28.522933959960938,Profit target (+2%),1,0.02298849473894915,0.022625782595159488,2262.578257253371,102262.57825725338
SIRI,2017-05-05,39.356693267822266,2.893288931633691,1.8511314392089844,0.3913053333965293,1.176094592628694,Hammer,2017-05-12,39.39702224731445,2017-06-02,42.743953704833984,RSI > 90,3,0.08495391952491227,0.0846893450436282,8660.550766419012,110923.1290236724
SIRI,2020-03-13,48.58345031738281,7.575540927978452,8.728553771972656,0.4150942819008294,2.9942007175983827,Hammer,2020-03-20,43.14868927001953,2020-05-01,45.37200164794922,Profit target (+2%),6,0.05152676513570209,0.05128906509199335,5689.143579013569,116612.27260268596
SIRI,2023-03-17,32.25897216796875,0.1853454031221844,3.1461353302001953,0.4084496881140189,1.0846030038797394,Hammer,2023-03-24,32.25897216796875,2023-03-31,33.588321685791016,Profit target (+2%),1,0.0412086755554546,0.04089234614242873,4768.549410955744,121380.82201364171
SKYT-199909,1993-11-12,27.25,5.89266046767419,4.25,0.4411764705882353,1.176777669118661,Hammer,1993-11-19,27.625,1994-06-10,18.75,RSI > 90,29,-0.3212669683257918,-0.3215707564241767,-32157.075610260596,67842.9243897394
SKYT-199909,1995-12-08,22.375,9.819154827155373,3.875,0.22580645161290322,1.1351889503959964,Hammer,1995-12-15,22.5,1996-06-21,17.0,RSI > 90,27,-0.24444444444444446,-0.24483448122639412,-16610.28718123304,51232.637208506356
SMLS-199502,1993-12-23,34.5,6.778592057978841,7.75,0.41935483870967744,1.595072397808146,Hammer,1993-12-31,34.5,1994-01-07,39.0,Profit target (+2%),1,0.13043478260869557,0.1301260686856977,13012.606855557166,113012.60685555715
SNDK-201605,2003-12-19,29.510238647460938,8.68201324289008,5.443353652954102,0.3075551397480978,1.5887901098493242,Hammer,2003-12-26,29.737648010253906,2004-01-16,33.0955924987793,Profit target (+2%),3,0.11291896680489089,0.11256376659439243,11256.376648182864,111256.37664818286
SNDK-201605,2015-01-23,78.63468170166016,8.487334320683914,6.4048614501953125,0.3744225715844469,1.0206150136254588,Hammer,2015-01-30,78.68402862548828,2015-02-20,81.6446762084961,Profit target (+2%),3,0.037627046234498085,0.037497572845270395,4171.844083694232,115428.22073187711
SNPL-199412,1994-03-18,23.5,4.277047184994501,3.5,0.42857142857142855,1.0625840400291422,Hammer,1994-03-25,24.25,1994-05-13,24.75,Profit target (+2%),7,0.020618556701030855,0.020202020202020287,2020.2020181818266,102020.20201818182
SNPS,1997-01-17,20.6875,9.526036384279891,2.5625,0.4634146341463415,1.2558452309865897,Hammer,1997-01-24,20.5,1997-01-31,21.375,Profit target (+2%),1,0.04268292682926833,0.04218483296756885,4218.483292538402,104218.48329253841
SNPS,1997-02-21,18.625,5.114047831108948,2.875,0.391304347826087,1.304900460657003,Hammer,1997-02-28,18.25,1997-06-06,18.5625,Profit target (+2%),14,0.017123287671232834,0.01657080251985758,1726.9839038327468,105945.46719637114
SNPS,2020-03-13,129.8800048828125,6.12008668916414,18.865005493164062,0.38271927476084594,1.8849406072217072,Hammer,2020-03-20,112.58999633789062,2020-04-03,125.69999694824219,Profit target (+2%),2,0.11644019039673403,0.11634620575002522,12326.353112385194,118271.82030875633
SNPS,2022-01-28,296.3500061035156,3.4713209735528494,29.33001708984375,0.4231161415315591,1.3533306315633171,Hammer,2022-02-04,296.3599853515625,2022-02-11,309.5199890136719,Profit target (+2%),1,0.04440546737947115,0.044370976033184927,5247.836099073145,123519.65640782948
SON,1994-04-08,6.740758895874023,3.206621843308497,0.5301718711853027,0.4285709146279493,1.2745494680926592,Hammer,1994-04-15,6.740758895874023,1994-06-24,6.710849761962891,RSI > 90,10,-0.004437057365965114,-0.005916181489312137,-591.6181483395956,99408.38185166041
SON,1994-12-09,6.331638813018799,3.6604048595227425,0.386075496673584,0.3999992589472852,1.0271554514297898,Hammer,1994-12-16,6.293031215667725,1994-12-23,6.60189151763916,Profit target (+2%),1,0.04907973461222759,0.04745297248256808,4717.223203826237,104125.60505548665
SPLK-202403,2021-10-01,145.13999938964844,7.306579557249734,13.580001831054688,0.3880709544831957,1.3401781693349835,Hammer,2021-10-08,143.7928924560547,2021-10-15,148.71499633789062,Profit target (+2%),1,0.03423050887817847,0.03415977659990456,3415.977656574478,103415.97765657447
SPLK-202403,2022-05-13,101.80000305175781,3.9256974869439887,17.547103881835938,0.074490833215214,1.292250411819763,Hammer,2022-05-20,101.44999694824219,2022-06-03,106.5999984741211,Profit target (+2%),2,0.05076393968258408,0.05066287201704909,5239.350435293691,108655.32809186816
SPLS-201709,1996-07-19,3.359628677368164,6.408278455808116,0.5599381923675537,0.4761906383978887,1.489978682217796,Hammer,1996-07-26,3.359628677368164,1996-08-02,3.6529297828674316,Profit target (+2%),1,0.08730164362361359,0.0841998130149885,8419.981293078868,108419.98129307888
SPLS-201709,1997-10-31,5.599381446838379,8.355285559766358,0.5866022109985352,0.40909076129456007,1.5328418989852832,Hammer,1997-11-07,5.626045227050781,1997-11-21,5.999337196350098,Profit target (+2%),2,0.06635068760280816,0.06451590329165004,6994.813020991971,115414.79431407085
SPLS-201709,1999-09-10,9.95889949798584,7.575445735644166,1.73980712890625,0.4310345772671461,1.0710705899822734,Hammer,1999-09-17,9.988896369934082,1999-09-24,10.258866310119629,Profit target (+2%),1,0.027027003803757443,0.02601287131289928,3002.2701890943945,118417.06450316525
SPLS-201709,2000-10-20,5.789360523223877,0.6772267712034079,1.1323866844177246,0.23179594633118675,1.0775346695146713,Hammer,2000-10-27,5.819356918334961,2000-11-03,6.149320602416992,Profit target (+2%),1,0.05670105627005273,0.05493545271492416,6505.2950411484635,124922.35954431372
SPLS-201709,2011-08-12,10.658967971801758,8.3325875428325,1.858123779296875,0.34469539885361405,2.0708976137408523,Hammer,2011-08-19,10.698504447937012,2011-09-02,11.528764724731445,Profit target (+2%),2,0.07760526537468815,0.07663473965786316,9573.392491551065,134495.75203586477
SPLS-201709,2015-10-02,11.069793701171875,4.052292011329911,0.7926511764526367,0.37931071821742035,1.02613129993638,Hammer,2015-10-09,11.170015335083008,2015-10-23,11.434232711791992,Profit target (+2%),2,0.023654164187145277,0.022748727324864854,3059.607186356917,137555.35922222168
SSCC-201105,2003-02-28,1568.2744140625,0.662749543113847,129.1102294921875,0.3211007959942175,1.0123424801600325,Hammer,2003-03-07,1593.1488037109375,2003-03-28,1731.7349853515625,RSI > 90,3,0.08698884957752528,0.08696797968901068,8696.79796107403,108696.79796107403
STCN-202501,2000-04-07,7536.84619140625,4.005200409965482,3210.69677734375,0.40532098893667057,1.9674026409577725,Hammer,2000-04-14,7647.38671875,2000-09-08,3672.95654296875,RSI > 90,21,-0.5197108923544654,-0.5197256952455552,-51972.56947778068,48027.43052221932
STJ-201701,1996-02-23,8.779107093811035,7.3447404996569645,0.8946866989135742,0.43749966689655245,1.1814718438253202,Hammer,1996-03-01,8.807065963745117,1996-03-15,9.086654663085938,Profit target (+2%),2,0.03174595268069602,0.030593132240495112,3059.313220990198,103059.3132209902
STX,2014-10-17,31.475704193115234,0.8682493616263969,2.4193801879882812,0.3832923910404178,1.3942987050533664,Hammer,2014-10-24,31.178483963012695,2014-10-31,34.2993049621582,Profit target (+2%),1,0.10009534148125243,0.09975860948812865,9975.860938837006,109975.860938837
SWKS,2018-08-17,75.91426086425781,5.614201543270028,4.297813415527344,0.47115420460375307,1.0088512595251582,Hammer,2018-08-24,75.96385192871094,2019-02-08,61.57526397705078,RSI > 90,24,-0.18941361695511805,-0.1895327833198238,-18953.278313029106,81046.72168697088
SXCL-201702,1997-04-25,258.2208557128906,8.477364495748631,47.21202087402344,0.44897961822017285,1.433496481449775,Hammer,1997-05-02,262.0749206542969,1997-05-09,292.9072570800781,Profit target (+2%),1,0.11764703142446886,0.11760663063706518,11760.663051945856,111760.66305194584
SYK,1996-03-29,4.803264141082764,8.451496199821463,0.463259220123291,0.4736841563521268,1.3417660878274171,Hammer,1996-04-04,4.815454959869385,1996-05-24,4.949556350708008,RSI > 90,7,0.027848124830610166,0.025744746475545515,2574.474644980077,102574.47464498007
TCOM,2011-09-23,17.315847396850586,4.835046474868292,3.1646194458007812,0.4732704023452662,1.614896405631097,Hammer,2011-09-30,17.3656063079834,2011-11-04,17.843284606933594,Profit target (+2%),5,0.027507147776959284,0.02692354490443165,2692.35448775081,102692.35448775081
TCOM,2012-07-20,7.2796220779418945,1.097894042705775,1.0001397132873535,0.3880592816498168,1.001929021333663,Hammer,2012-07-27,7.180105686187744,2012-08-31,8.553431510925293,RSI > 90,5,0.19126819085398616,0.1897433224062845,19485.18850674457,122177.54299449538
TCOMA-199903,1994-02-25,16.49329376220703,0.25651307666747414,2.7632741928100586,0.34374977351188246,2.006916456664065,Hammer,1994-03-04,16.752349853515625,1994-06-10,15.888826370239258,RSI > 90,14,-0.05154640935911148,-0.05212778219183061,-5212.778213970283,94787.22178602972
TCOMA-199903,1995-03-31,14.507189750671387,3.1591640768171203,1.208932876586914,0.35714285714285715,1.0872153630079413,Hammer,1995-04-07,14.42083740234375,1995-06-23,15.975178718566895,RSI > 90,11,0.10778440064586858,0.10705384187764637,10147.336242955687,104934.55802898541
TCOMA-199903,1996-07-19,13.92391300201416,3.5002764176088164,2.625,0.2608697073800223,1.9621144413529041,Hammer,1996-07-26,13.92391300201416,1996-08-16,14.3804349899292,Profit target (+2%),3,0.03278690321097244,0.03205720273006733,3363.9083967612924,108298.4664257467
TCOMA-199903,1996-10-11,12.89673900604248,6.113661766450093,1.4836959838867188,0.46153860986985207,1.243334765986596,Hammer,1996-10-18,12.89673900604248,1996-12-13,14.0,RSI > 90,8,0.08554573318422665,0.0847374910812795,9176.940323691018,117475.40674943772
TECD-202006,1999-01-29,31.375,8.449021539921361,7.875,0.3968253968253968,1.400143893615879,Hammer,1999-02-05,31.25,1999-04-09,22.625,RSI > 90,9,-0.276,-0.2762757958726604,-27627.579559638463,72372.42044036154
TEVA,2004-07-30,23.00631332397461,1.2657221012761966,3.621938705444336,0.30042934501845503,2.715554002144517,Hammer,2004-08-06,22.990768432617188,2004-12-10,22.088146209716797,RSI > 90,18,-0.03926020243933359,-0.039686528657417106,-3968.6528617730573,96031.34713822693
TEVA,2005-07-08,24.099706649780273,3.050674729449696,1.3067035675048828,0.2754488832837777,1.0219055721358556,Hammer,2005-07-15,24.240549087524414,2005-08-12,25.89935874938965,RSI > 90,4,0.06843119171417422,0.06800463276427235,6530.576489462903,102561.92362768983
TEVA,2006-04-21,31.059141159057617,7.519718709060271,1.9078292846679688,0.3744856296213354,1.1629997246157726,Hammer,2006-04-28,31.585166931152344,2006-05-12,34.1446418762207,RSI > 90,2,0.08103408003659962,0.08070469999809401,8277.22926932291,110839.15289701273
TEVA,2010-06-11,43.575477600097656,3.768915948532637,2.1800079345703125,0.11698129055288412,1.0308995787687325,Hammer,2010-06-18,43.66596984863281,2010-07-16,44.768310546875,Profit target (+2%),4,0.02524484631999302,0.025012970905577206,2772.4165038393867,113611.56940085211
TEVA,2011-07-29,39.001487731933594,9.748565112234544,2.1240081787109375,0.4370074497661621,1.2159001655427066,Hammer,2011-08-05,36.96110153198242,2011-11-04,34.85480499267578,RSI > 90,13,-0.0569868443310344,-0.05724965445641205,-6504.223083945237,107107.34631690689
TFCFA-201903,2014-10-03,34.771610260009766,9.622202514988572,2.1432456970214844,0.2619042109928289,1.3299197610074631,Hammer,2014-10-10,34.84305191040039,2014-11-21,35.843231201171875,RSI > 90,6,0.028705272240315383,0.028414193519838236,2841.419349142404,102841.41934914241
TFCFA-201903,2015-09-11,27.264793395996094,1.5849845178204305,2.2606582641601562,0.47106820920053055,1.1080469514177371,Hammer,2015-09-18,27.35756492614746,2015-10-09,29.161474227905273,Profit target (+2%),3,0.06593822610409661,0.06556071430436576,6742.356905862242,109583.77625500466
TIGO,2008-09-19,28.78824234008789,3.0008651676966167,4.798736572265625,0.38207136951890364,1.2165524159168966,Hammer,2008-09-26,29.423059463500977,2008-10-03,29.10147476196289,Profit target (+2%),1,-0.010929682616350966,-0.011267637336037787,-1126.7637324770149,98873.236267523
TLAB-201312,2000-10-13,31.31745719909668,2.2713357413158946,8.21025276184082,0.28865984889896407,1.487052554578669,Hammer,2000-10-20,30.76728630065918,2000-11-10,36.56524658203125,RSI > 90,3,0.18844561800849657,0.18809003090706602,18809.003071897598,118809.00307189759
TLAB-201312,2007-08-17,6.7713422775268555,3.7691042949240625,0.7922472953796387,0.487179070493896,1.4194368935020072,Hammer,2007-08-24,6.656229496002197,2007-08-31,7.292735576629639,Profit target (+2%),1,0.09562562123342255,0.09405261911535169,11174.297902221537,129983.30097411913
TMUS,2020-03-20,71.15992736816406,4.061574302535689,17.658737182617188,0.4027027097088612,2.910601472065997,Hammer,2020-03-27,71.57037353515625,2020-04-03,78.54795837402344,Profit target (+2%),1,0.09749264247502798,0.09734611912915636,9734.611903181027,109734.61190318102
TMUS,2022-01-14,103.77701568603516,6.889931374936637,8.166748046875,0.4824360631969149,1.3785011549923203,Hammer,2022-01-21,102.33301544189453,2022-02-11,115.94107818603516,Profit target (+2%),3,0.13297822491967293,0.13287401251064263,14580.878180292912,124315.49008347394
TMUS,2023-06-09,125.6187744140625,5.606959083249791,6.655799865722656,0.23706855542653563,1.0122737152546537,Hammer,2023-06-16,125.9343490600586,2023-07-07,132.84835815429688,RSI > 90,3,0.054901693984545474,0.054820110996014845,6814.988958085036,131130.47904155895
TRIN-200909,1999-10-01,316.2675476074219,3.331230961608938,32.28387451171875,0.36283200898402274,1.0204487382616003,Hammer,1999-10-08,329.12396240234375,1999-12-10,319.98162841796875,RSI > 90,9,-0.027777782929092165,-0.027807744166819182,-2780.774413901144,97219.22558609885
TRIP,2014-10-17,72.0757827758789,0.8986963495475777,7.167564392089844,0.2915631948753921,1.1711762485021233,Hammer,2014-10-24,71.8178939819336,2014-10-31,77.84718322753906,Profit target (+2%),1,0.08395246520487198,0.08380738942543259,8380.73893416252,108380.73893416252
TRIP,2016-01-22,62.82732009887695,3.312197863363963,5.940361022949219,0.27095740513604283,1.1115116991698986,Hammer,2016-01-29,62.925140380859375,2016-06-03,60.026100158691406,RSI > 90,18,-0.04607125553667901,-0.046226501396027006,-5010.06237463244,103370.6765595301
TSCO,2014-02-07,11.088509559631348,2.4510048400290003,0.7651271820068359,0.08496635896566596,1.3269226315071532,Hammer,2014-02-14,11.101844787597656,2014-03-07,11.680076599121094,Profit target (+2%),3,0.05208429973452744,0.05116050709180238,5116.050704064186,105116.0507040642
TSLA,2014-04-17,13.207986831665039,2.905633932027939,1.6079978942871094,0.42786108600398076,1.1226774294150343,Hammer,2014-04-25,13.138654708862305,2014-05-09,13.965319633483887,Profit target (+2%),2,0.0629185364057081,0.06213377806333683,6213.3778001203045,106213.37780012032
TSLA,2020-03-20,28.501972198486328,7.858323777757803,9.623983383178711,0.4664724037450213,1.3791736604984495,Hammer,2020-03-27,28.906639099121094,2020-04-03,34.01729965209961,Profit target (+2%),1,0.176798850099938,0.1764223929155776,18738.418252405092,124951.79605252542
TSLA,2022-05-13,256.5297546386719,3.492576372365477,55.20994567871094,0.45909515651121996,1.3517308797479393,Hammer,2022-05-20,255.7197265625,2022-07-29,272.2164001464844,Profit target (+2%),10,0.06451075873472933,0.06447039285407133,8055.691371272422,133007.48742379787
TSN,1997-04-11,11.72173023223877,3.6484834577611736,1.2672138214111328,0.4375000940719613,1.423976148663674,Hammer,1997-04-18,11.800930976867676,1997-04-25,12.592939376831055,Profit target (+2%),1,0.06711406087501759,0.0662386051126024,6623.860504636381,106623.86050463638
TTWO,2018-10-26,120.05999755859375,5.936468208045383,14.154998779296875,0.3472272228462522,1.5339219526761632,Hammer,2018-11-02,122.3499984741211,2018-11-09,128.61000061035156,Profit target (+2%),1,0.05116470955702179,0.05108088933164746,5108.088928056657,105108.08892805666
TTWO,2019-02-15,93.30000305175781,6.341407424399108,10.930000305175781,0.41445550345975235,1.0504368857734627,Hammer,2019-02-22,93.08000183105469,2019-03-29,95.87000274658203,Profit target (+2%),5,0.02997422497467661,0.029865186236692733,3139.072647680201,108247.16157573687
TWX-201806,1996-07-26,2.8566184043884277,3.6841206458850735,0.7617647647857666,0.31249990219315804,1.063358060317502,Hammer,1996-08-02,2.8447158336639404,1996-08-09,3.3446240425109863,Profit target (+2%),1,0.1757322130144625,0.17191475832773145,17191.475815581667,117191.47581558168
TXN,2014-02-07,30.06848907470703,8.035624383994389,1.5553874969482422,0.2534559782015547,1.534291918881779,Hammer,2014-02-14,30.08282470703125,2014-02-21,31.358675003051758,Profit target (+2%),1,0.04241125321327632,0.04207184495211073,4207.184491003889,104207.18449100388
TXN,2020-03-13,88.97569274902344,3.9272791143902026,13.081207275390625,0.45093025697255307,1.9699113765227685,Hammer,2020-03-20,80.45066833496094,2020-04-03,84.24330139160156,Profit target (+2%),2,0.04714234368880299,0.04701512192891611,4899.313479814289,109106.49797081816
TXN,2022-04-29,150.42575073242188,6.522213650284854,14.472686767578125,0.4047615031176132,1.5227860772993767,Hammer,2022-05-06,150.69081115722656,2022-06-03,157.2218475341797,RSI > 90,4,0.043340641189719475,0.04327284432710264,4721.348497045206,113827.84646786336
UAL,2007-08-17,38.00422286987305,8.994892054468892,7.228660583496094,0.38680492888994433,1.844476521830396,Hammer,2007-08-24,38.18190383911133,2007-08-31,41.87571716308594,Profit target (+2%),1,0.09674251288095492,0.09646797602380164,9646.797592733368,109646.79759273336
UAL,2008-01-04,31.000001907348633,4.267131003910237,5.994270324707031,0.4243366582620682,1.3289449591057716,Hammer,2008-01-11,31.049999237060547,2008-01-18,32.06999969482422,Profit target (+2%),1,0.032850257095859314,0.03252295870477287,3566.0382666530177,113212.83585938638
UAL,2019-08-09,86.9800033569336,9.903688313838558,4.849998474121094,0.39175144211332724,1.1058503447360264,Hammer,2019-08-16,86.23999786376953,2019-09-20,88.30000305175781,RSI > 90,5,0.023886888207516055,0.023769554626535145,2691.0186836936227,115903.85454308
ULTA,2019-05-31,333.3800048828125,7.581703109837818,34.459991455078125,0.14857795666786222,1.7450144367212963,Hammer,2019-06-07,333.8900146484375,2019-06-21,355.6099853515625,RSI > 90,2,0.06505127362372476,0.06502034996234882,6502.034989732847,106502.03498973284
USRX-199706,1996-01-12,37.75,3.986663518848502,8.0,0.34375,1.4458662171311514,Hammer,1996-01-19,38.375,1996-01-26,45.625,Profit target (+2%),1,0.18892508143322484,0.18863991662324134,18863.99164346014,118863.99164346015
USRX-199706,1997-02-14,63.0,7.556594680186166,9.75,0.4230769230769231,1.160543515209089,Hammer,1997-02-21,63.625,1997-05-16,66.0,Profit target (+2%),12,0.037328094302554016,0.0371680025145371,4417.937135874106,123281.92877933427
VCELA-199905,1995-10-13,24.25,5.162624147572245,1.875,0.06666666666666667,1.228988956111513,Hammer,1995-10-20,24.5,1995-10-27,25.25,Profit target (+2%),1,0.030612244897959107,0.030197918792083268,3019.791876188535,103019.79187618854
VCELA-199905,1995-11-24,22.75,5.5423321061168735,2.75,0.18181818181818182,1.700819066725952,Hammer,1995-12-01,23.25,1996-02-16,22.0,RSI > 90,11,-0.053763440860215006,-0.054181896366372835,-5581.80768153914,97437.9841946494
VEON,2014-03-14,148.00758361816406,4.212302868862977,14.866653442382812,0.46596175103997634,1.1344141526443372,Hammer,2014-03-21,148.00758361816406,2014-04-25,164.3965301513672,Profit target (+2%),5,0.11073045132257531,0.11065914892382911,11065.914881316996,111065.914881317
VIAB-201912,2014-10-17,60.441566467285156,2.0473680454678345,4.046295166015625,0.2564664112407515,1.49141742923643,Hammer,2014-10-24,60.30204391479492,2014-10-31,62.36878967285156,Profit target (+2%),1,0.034273228963464186,0.034104569293141346,3410.456925903678,103410.45692590367
VIAB-201912,2015-01-23,59.393272399902344,5.138864155528722,3.460224151611328,0.2379731819900626,1.0628823650321761,Hammer,2015-01-30,59.11294937133789,2015-02-20,60.330596923828125,Profit target (+2%),3,0.020598660114912848,0.02042776458473932,2112.4444675702416,105522.90139347392
VIAB-201912,2017-10-13,24.6072940826416,5.632596782228589,3.0001964569091797,0.1955838870109799,1.512967475617826,Hammer,2017-10-20,24.692472457885742,2017-10-27,25.175155639648438,Profit target (+2%),1,0.019547786580948356,0.019138929401327158,2019.5953579733086,107542.49675144724
VKNG-199808,1995-04-28,13.75,4.547781453516805,1.125,0.1111111111111111,1.232905866633876,Hammer,1995-05-05,13.75,1995-05-19,14.5,Profit target (+2%),2,0.05454545454545445,0.05379861868411489,5379.861863031627,105379.86186303163
VMED-201306,2006-06-16,23.10906410217285,6.767067718756806,1.7754631042480469,0.13684208264668787,1.2581701341330482,Hammer,2006-06-23,23.081031799316406,2006-08-25,24.753704071044922,RSI > 90,9,0.07246956229132073,0.07202070438877882,7202.070431675813,107202.07043167582
VMED-201306,2006-11-17,23.734535217285156,7.837615849859134,2.440786361694336,0.23754781487487056,1.37418563520078,Hammer,2006-11-24,23.846755981445312,2007-01-26,24.586395263671875,Profit target (+2%),9,0.031016348001466687,0.030590589757591154,3279.3745544604135,110481.44498613622
VMED-201306,2007-05-11,22.76936149597168,8.029170042731707,3.0253028869628906,0.27554235781430275,2.041163043728922,Hammer,2007-05-18,22.919221878051758,2007-06-01,23.69662094116211,Profit target (+2%),2,0.033919086225820516,0.0334754683143719,3698.418107261007,114179.86309339723
VMED-201306,2008-09-26,7.903870105743408,2.1990923501845288,1.348978042602539,0.4507046983187063,1.0179872197248658,Hammer,2008-10-03,7.9798688888549805,2009-04-17,6.1972880363464355,RSI > 90,28,-0.22338472941556375,-0.2244972181084365,-25633.06160283676,88546.80149056048
VMED-201306,2011-08-12,23.382837295532227,5.755788254390893,2.977254867553711,0.2558133277469523,1.5447106930784298,Hammer,2011-08-19,23.630117416381836,2011-09-16,23.94546127319336,Profit target (+2%),4,0.01334499745620854,0.012919075096275384,1143.942776847597,89690.74426740807
VOD,2014-02-07,16.949989318847656,8.01591674510665,0.7738246917724609,0.21556936409773556,1.2808603812058337,Hammer,2014-02-14,16.912918090820312,2014-02-28,18.90348243713379,Profit target (+2%),2,0.1176949084495289,0.11706903507164591,11706.90349545769,111706.9034954577
VOD,2014-10-17,14.408949851989746,3.3582649847673878,1.2220659255981445,0.2843598825998163,1.78902849534803,Hammer,2014-10-24,14.328584671020508,2014-10-31,15.018777847290039,Profit target (+2%),1,0.04816897077528126,0.04745450575561449,5300.995889566075,117007.89938502376
VRSK,2015-09-04,69.22352600097656,6.643691705421475,2.975830078125,0.42811397571580934,1.0599803293248298,Hammer,2015-09-11,70.32638549804688,2015-10-09,76.15443420410156,RSI > 90,4,0.08287143814915021,0.08272336261904382,8272.336253632046,108272.33625363203
VRSK,2022-01-28,187.35801696777344,3.9355311513557325,11.447555541992188,0.3480093358410188,1.1831839306673064,Hammer,2022-02-04,187.21261596679688,2022-02-11,191.68113708496094,Profit target (+2%),1,0.02386869653568957,0.023814645300016993,2578.46728110595,110850.80353473799
VRSK,2025-10-31,217.16310119628906,7.197973020875594,38.611083984375,0.44041651649373065,2.790944014476413,Hammer,2025-11-07,215.7832489013672,2025-11-28,219.91287231445312,Profit target (+2%),3,0.019137831291869967,0.01909104612535662,2116.2578011982705,112967.06133593626
VRSN,2002-02-08,22.634653091430664,2.9959386415999063,7.8794708251953125,0.40658181138637733,1.3311076868668217,Hammer,2002-02-15,22.62628936767578,2002-03-15,26.097606658935547,Profit target (+2%),4,0.15341964538909036,0.15294388379848817,15294.38836455443,115294.38836455444
VRSN,2006-08-04,14.704997062683105,1.6561489615699685,1.7983932495117188,0.24186054157704726,1.4591781295026467,Hammer,2006-08-11,14.562798500061035,2006-08-25,16.168804168701172,Profit target (+2%),2,0.11028139053310437,0.10955709393107338,12631.318123149827,127925.70648770426
VRSN,2008-07-11,29.610746383666992,1.5131136170296173,3.036355972290039,0.2258950641518916,1.3770208513180366,Hammer,2008-07-18,30.028976440429688,2009-05-15,20.00816535949707,RSI > 90,43,-0.33370471686943814,-0.3339821185792043,-42724.89843078003,85200.80805692423
VRSN,2020-03-13,179.89100646972656,9.356644616189499,26.153244018554688,0.19849309705661505,2.3675517718420034,Hammer,2020-03-20,163.1352081298828,2020-04-03,173.419189453125,Profit target (+2%),2,0.0630396187379394,0.06297638970193449,5365.639285746942,90566.44734267118
VRTS-200507,1999-04-30,15.777777671813965,8.892918745914372,2.958333969116211,0.37558695283552296,1.2684311778304456,Hammer,1999-05-07,16.19444465637207,1999-05-21,17.41666603088379,Profit target (+2%),2,0.07547164477979229,0.07483104515159346,7483.104507676242,107483.10450767624
VRTS-200507,2000-04-07,126.25,9.572204974676595,41.18800354003906,0.07133153558130136,1.7244356882562335,Hammer,2000-04-14,128.18800354003906,2000-06-09,133.25,RSI > 90,8,0.039488847007277394,0.03940929941923877,4235.833843816512,111718.93835149276
VRTS-200507,2004-07-09,18.5,5.919400611198711,3.020000457763672,0.3973511857769918,1.0150121293749583,Hammer,2004-07-16,18.8700008392334,2004-10-15,20.90999984741211,RSI > 90,13,0.1081080507393124,0.10754961154540317,12015.328409952563,123734.26676144534
VRTX,2007-11-09,25.420000076293945,6.346858684347836,3.3899993896484375,0.2625367403799844,1.0011261951745056,Hammer,2007-11-16,25.399999618530273,2008-04-11,26.239999771118164,RSI > 90,21,0.03307087264580422,0.032670740604242736,3267.0740571571996,103267.0740571572
VRTX,2015-02-06,108.66000366210938,9.010628446070626,9.120002746582031,0.46162256760837794,1.0050629551181773,Hammer,2015-02-13,108.29000091552734,2015-02-20,113.61000061035156,Profit target (+2%),1,0.04912734001151353,0.04903273142742884,5063.466702477526,108330.54075963474
VRTX,2016-01-29,90.75,3.049325145855832,14.109992980957031,0.3784549251794477,1.224679820698604,Hammer,2016-02-05,91.91999816894531,2016-06-10,94.48999786376953,RSI > 90,18,0.027959092102032734,0.027848787009158237,3016.8741531851283,111347.41491281988
VRTX,2018-10-26,169.47999572753906,7.034086598751088,25.610000610351562,0.3565015488176971,2.3682214019799295,Hammer,2018-11-02,173.49000549316406,2018-11-16,180.5500030517578,Profit target (+2%),2,0.04069397276531839,0.04063516144775437,4524.620177247909,115872.03509006779
VRTX,2022-05-13,246.72000122070312,9.106648074878635,17.990005493164062,0.23790980947299942,1.2585049064919842,Hammer,2022-05-20,245.85000610351562,2022-05-27,260.04998779296875,Profit target (+2%),1,0.05775872010137029,0.05771687107106752,6687.771303347883,122559.80639341568
VTRS,2011-03-18,17.427066802978516,4.455190808155635,1.0781288146972656,0.47014949137549755,1.3080672648988025,Hammer,2011-03-25,17.66039276123047,2011-04-08,18.67415428161621,Profit target (+2%),2,0.057403112948384294,0.05682078705822259,5682.07870014018,105682.07870014019
VTRS,2011-08-12,15.479997634887695,3.706105407792762,1.8022451400756836,0.3750001984346417,1.5695419491404647,Hammer,2011-08-19,15.60068416595459,2011-09-23,16.244342803955078,Profit target (+2%),5,0.041258359643299825,0.04060434847085269,4291.1519463734185,109973.23064651362
VTRS,2013-04-05,23.034944534301758,7.604606643621594,0.9091682434082031,0.31858576025980456,1.0052469546999026,Hammer,2013-04-12,23.042991638183594,2013-05-03,23.57400894165039,Profit target (+2%),3,0.023044633778665613,0.022605757223706623,2486.0281506157517,112459.25879712937
WBA-202508,2017-04-07,58.3792610168457,8.197296186315029,2.44635009765625,0.4115946458421696,1.1795806019358168,Hammer,2017-04-13,58.343807220458984,2017-04-28,60.10234832763672,Profit target (+2%),2,0.030141007091513128,0.02996704115255064,2996.7041122583596,102996.70411225836
WBA-202508,2022-02-25,38.4633903503418,3.3396020910374915,2.4548301696777344,0.2306178993938019,1.0961701543482951,Hammer,2022-03-04,37.963863372802734,2022-03-11,39.4957389831543,Profit target (+2%),1,0.04035088829892364,0.04008220091838959,4128.33458403113,107125.03869628948
WBA-202508,2023-01-06,31.570724487304688,2.8086789706809157,3.1432762145996094,0.3662552139525796,1.4374307097098287,Hammer,2023-01-13,31.674205780029297,2023-12-15,21.658370971679688,RSI > 90,48,-0.3162142368433001,-0.31647999252146464,-33902.93141156038,73222.1072847291
WBD,2013-06-14,39.01801681518555,7.186834497394841,2.0842323303222656,0.1274504959102731,1.2732482358851513,Hammer,2013-06-21,39.48799514770508,2013-07-12,41.48027038574219,RSI > 90,3,0.05045268139304082,0.05019308438428981,5019.308433409673,105019.30843340966
WBD,2023-05-05,12.890000343322754,5.106139389806728,2.0699996948242188,0.39130414751639214,1.3081588211833743,Hammer,2023-05-12,13.0,2023-06-16,13.920000076293945,Profit target (+2%),5,0.07076923663799572,0.06997309314063406,7348.525843227424,112367.83427663709
WBD,2024-05-03,7.96999979019165,7.899578393992556,0.9549999237060547,0.34031446289657374,1.0933108645966534,Hammer,2024-05-10,8.069999694824219,2024-06-07,8.460000038146973,Profit target (+2%),4,0.048327181917105166,0.04705886782464162,5287.903055677596,117655.73733231467
WCLX-200110,1997-07-25,32.625,9.392483761247604,3.375,0.14814814814814814,1.1793040824882877,Hammer,1997-08-01,32.75,1997-08-22,33.875,Profit target (+2%),3,0.03435114503816794,0.034040604487864494,3404.060445382389,103404.06044538238
WCOEQ-200404,1996-07-26,14.892117500305176,7.781680842128807,2.3218889236450195,0.2068964384187307,1.9136844315284414,Hammer,1996-08-02,15.052247047424316,1996-08-09,17.61433219909668,Profit target (+2%),1,0.17021280235436853,0.16949214844083482,16949.214827134267,116949.21482713427
WCOEQ-200404,1999-08-13,50.40100860595703,1.9628174123796214,4.763874053955078,0.27731115988600447,1.20068785881962,Hammer,1999-08-20,50.76130294799805,1999-11-05,55.28498458862305,Profit target (+2%),11,0.08911673613380744,0.08891097792266948,10398.069047170797,127347.28387430508
WCOEQ-200404,2000-01-14,44.73640060424805,3.7718214415495197,8.466888427734375,0.3333333333333333,1.6854962672536362,Hammer,2000-01-21,45.216793060302734,2000-02-18,48.759674072265625,Profit target (+2%),4,0.07835321287022667,0.07812341733667742,9948.804994855862,137296.08886916094
WCOEQ-200404,2002-02-08,8.180000305175781,0.2641509074137076,3.2599997520446777,0.30981575215582335,1.933920292180353,Hammer,2002-02-15,8.300000190734863,2002-03-15,9.180000305175781,Profit target (+2%),4,0.10602410773715953,0.10475618235523915,14382.614107856334,151678.70297701727
WCRX-201309,2012-08-03,12.825496673583984,6.728163857031618,1.2390365600585938,0.48214395670030724,1.1557565938594418,Hammer,2012-08-10,12.604241371154785,2012-08-17,12.899249076843262,Profit target (+2%),1,0.023405431314859726,0.022603081129088976,2260.3081106485897,102260.30811064858
WDAY,2020-03-20,125.0,1.0401440937178563,30.960006713867188,0.46866946443929136,1.9843737196615188,Hammer,2020-03-27,125.66000366210938,2020-04-03,136.8000030517578,Profit target (+2%),1,0.08865191043287801,0.08856880647196744,8856.880638339862,108856.88063833986
WDAY,2022-01-28,238.17999267578125,7.634660559519261,24.509994506835938,0.4018771240755855,1.3406535860635498,Hammer,2022-02-04,239.4499969482422,2022-08-12,161.6300048828125,RSI > 90,27,-0.3249947507088534,-0.3250297260752196,-35381.72205990077,73475.15857843909
WDAY,2026-02-27,133.75999450683594,0.6271186010907144,24.807090759277344,0.35502342754070026,1.489339208155435,Hammer,2026-03-06,131.76499938964844,2026-03-13,149.69000244140625,Profit target (+2%),1,0.13603766656387206,0.13595661481929988,9989.433823646388,83464.59240208549
WDC,2014-10-03,60.05991744995117,2.727312819086677,2.5234718322753906,0.48107746937701906,1.0785059647724562,Hammer,2014-10-10,60.3809928894043,2014-11-07,62.15005111694336,Profit target (+2%),4,0.029298263292545146,0.029130236059225514,2913.0236030095275,102913.02360300953
WFM-201708,2006-06-16,27.06298065185547,7.292479238887864,2.393798828125,0.49818173125956144,1.2782812365359397,Hammer,2006-06-23,27.071685791015625,2006-07-07,28.177183151245117,Profit target (+2%),2,0.04083592609501907,0.04045906388561744,4045.906384515837,104045.90638451584
WFM-201708,2011-08-12,26.569622039794922,9.489644915631132,2.465974807739258,0.3419587726944707,1.3327459729623528,Hammer,2011-08-19,26.747390747070312,2011-09-02,28.073822021484375,Profit target (+2%),2,0.04959105308465839,0.04920798618935497,5119.889519308286,109165.79590382411
WLL-200203,1994-03-31,20.367740631103516,1.1821730212621446,2.036773681640625,0.4736837176548149,1.5198176419186444,Hammer,1994-04-08,20.153343200683594,1994-06-24,20.583511352539062,RSI > 90,11,0.021344753948361106,0.020843387160965655,2084.338714012227,102084.33871401224
WOR,1997-11-28,4.749640464782715,2.7647071222643547,0.29480504989624023,0.3333338724886818,1.1707804421602637,Hammer,1997-12-05,4.815153121948242,1998-03-13,4.752288818359375,RSI > 90,14,-0.013055514953890346,-0.015116595208788018,-1511.6595193671424,98488.34048063285
WTW,2019-10-11,172.47848510742188,8.899470977513602,12.9166259765625,0.2747311294453423,1.6390558566999889,Hammer,2019-10-18,172.4601287841797,2019-12-06,180.45594787597656,RSI > 90,7,0.046363290739525054,0.046303963868488625,4630.396382218465,104630.39638221847
WWWW-200709,1996-06-28,122.5,4.829370502924917,30.0,0.4583333333333333,1.3683431490214593,Hammer,1996-07-05,120.0,1996-08-02,128.75,Profit target (+2%),4,0.07291666666666674,0.07283029873755259,7283.02986647223,107283.02986647222
WWWW-200709,1996-11-01,156.25,5.147934199129779,53.75,0.4418604651162791,2.0877473170067677,Hammer,1996-11-08,162.5,1996-11-29,173.75,Profit target (+2%),3,0.0692307692307692,0.06916710255069074,7420.456321302647,114703.48618777488
WYNN,2006-06-16,36.784645080566406,5.343172622947748,3.2668991088867188,0.33986884602719764,1.1861582660032517,Hammer,2006-06-23,36.72592544555664,2006-07-07,39.43766403198242,Profit target (+2%),2,0.0738371750616802,0.0735548738196198,7355.487374606493,107355.4873746065
WYNN,2007-06-29,51.11388397216797,9.96731193905454,3.6204452514648438,0.35118083023734614,1.01235904947487,Hammer,2007-07-06,51.45597457885742,2007-07-13,53.736572265625,Profit target (+2%),1,0.044321338881115,0.04412271056561849,4736.815092323857,112092.30246693036
WYNN,2008-07-11,46.69680404663086,0.8238520850440523,9.197135925292969,0.4236516030450764,1.362770422692516,Hammer,2008-07-18,47.55735397338867,2008-07-25,53.712677001953125,Profit target (+2%),1,0.12942946809043976,0.12920561148009602,14482.954467968659,126575.25693489901
WYNN,2008-09-12,52.284400939941406,7.622243334887287,8.551719665527344,0.4192874240224964,1.0774951472777086,Hammer,2008-09-19,49.959720611572266,2008-09-26,55.660865783691406,Profit target (+2%),1,0.11411483295602287,0.11390327219804405,14417.335929775829,140992.5928646748
WYNN,2008-10-17,34.374202728271484,3.7297947049911215,13.362430572509766,0.45393548910168513,1.4763257418811886,Hammer,2008-10-24,34.971805572509766,2008-11-07,36.29848861694336,Profit target (+2%),2,0.037935789208334736,0.037644462462531184,5307.590364281601,146300.18322895642
WYNN,2013-06-28,102.50299835205078,4.965417910403048,6.295799255371094,0.39058510451367723,1.1334686201745092,Hammer,2013-07-05,103.55229949951172,2013-07-26,106.01935577392578,Profit target (+2%),3,0.02382425389235987,0.02372653870165514,3471.1969559698755,149771.3801849263
WYNN,2014-04-17,172.8994140625,2.9338387204925027,19.417938232421875,0.4280827676818794,1.6401566840878878,Hammer,2014-04-25,172.48379516601562,2014-05-09,182.6499481201172,Profit target (+2%),2,0.05893975688740283,0.0588800735973984,8818.549879253846,158589.93006418014
XEL,2021-10-01,53.64722442626953,4.025199681274444,2.202037811279297,0.47953143433272527,1.048424781705695,Hammer,2021-10-08,53.561370849609375,2021-10-22,56.16260528564453,Profit target (+2%),2,0.04856549402626298,0.048374276527155306,4837.427647878103,104837.42764787811
XEL,2023-03-03,57.83775329589844,3.3061706802835715,3.398296356201172,0.4248369241269225,1.224103806926667,Hammer,2023-03-10,57.50014877319336,2023-03-24,60.066314697265625,Profit target (+2%),2,0.04462885712164644,0.04445107922690653,4660.136797660774,109497.5644455389
XLNX-202202,1995-10-13,7.467462062835693,7.46274197766472,1.762232780456543,0.4374998308831687,1.9604749717123977,Hammer,1995-10-20,7.42340612411499,1995-10-27,7.533545970916748,Profit target (+2%),1,0.014836834326491743,0.013480663971329116,1348.066395784845,101348.06639578484
XLNX-202202,2000-10-13,52.690765380859375,7.921205918636943,18.547500610351562,0.2232778897089251,2.0413950138088004,Hammer,2000-10-20,52.33831787109375,2001-12-14,28.978158950805664,RSI > 90,60,-0.4463299523271421,-0.4464783638255782,-45249.71881602637,56098.34757975847
XLNX-202202,2006-06-30,16.293062210083008,2.9571898488602955,1.3883256912231445,0.4663211438659399,1.0745092260890687,Hammer,2006-07-07,16.321836471557617,2006-08-25,16.388689041137695,RSI > 90,7,0.004095897523331615,0.003482154652502348,195.3431218272067,56293.69070158568
XLNX-202202,2016-01-15,38.70367431640625,6.759153726397528,2.9925079345703125,0.2839873646853664,1.4276700187463485,Hammer,2016-01-22,39.25516128540039,2016-01-29,42.78107452392578,Profit target (+2%),1,0.08982037324698844,0.08955422299380236,5041.337725192605,61335.028426778284
XRAY,2011-08-12,28.514188766479492,3.0159132029455833,2.393035888671875,0.19718325575463877,1.474231806546025,Hammer,2011-08-19,28.573171615600586,2011-11-04,31.809804916381836,RSI > 90,11,0.1132752549952869,0.11290551908575766,11290.551897285215,111290.55189728522
ZS,2022-05-13,153.22999572753906,1.6325485128716366,41.969993591308594,0.38980231375921615,1.2995299788121417,Hammer,2022-05-20,149.8699951171875,2022-06-03,160.5,Profit target (+2%),2,0.07092817261053885,0.07085908409544033,7085.908402458124,107085.90840245812
