ticker,signal_date,signal_close,rsi_at_signal,signal_range,signal_body_percentile,signal_atr_mult,pattern,entry_date,entry_price,exit_date,exit_price,exit_reason,bars_held,gross_return,net_return,pnl,equity_after
A,2000-09-29,29.175796508789062,9.454381083684055,4.508647918701172,0.3966939246900158,0.605772701577674,Hammer,2000-10-06,29.287580490112305,2000-10-13,31.076135635375977,Profit target (+1%),1,0.06106872316979217,0.06071691587103505,6071.691581031813,106071.69158103182
A,2002-08-09,9.968210220336914,0.8256529204914926,1.1148653030395508,0.310160382063282,0.599821907266605,Hammer,2002-08-16,9.717812538146973,2002-11-08,8.793726921081543,RSI > 90,12,-0.09509193693930196,-0.09607154446314696,-10190.471223817836,95881.22035721398
A,2006-05-26,20.64588165283203,7.535792640004061,0.9777431488037109,0.2987794053673391,0.964953174651089,Hammer,2006-06-02,20.610109329223633,2006-06-09,21.045324325561523,Profit target (+1%),1,0.021116578732592428,0.020626376001562592,1977.6821005988913,97858.90245781287
A,2011-08-12,22.911645889282227,1.3851431906370522,3.2649574279785156,0.28875940688570595,1.4114268990151186,Hammer,2011-08-19,23.234346389770508,2011-11-04,25.214832305908203,RSI > 90,11,0.08523957949639827,0.08479093529949976,8297.547858482922,106156.4503162958
A,2022-01-28,132.87510681152344,5.829664380838182,7.052879333496094,0.29003445347698864,0.9008239325870327,Hammer,2022-02-04,133.12716674804688,2022-02-11,137.17953491210938,Profit target (+1%),1,0.030439828797167445,0.030363572251570884,3223.2890459258533,109379.73936222166
A,2025-03-07,125.4020767211914,4.6947765680286295,7.967529296875,0.34782537919411677,1.0257699282778592,Hammer,2025-03-14,123.92733764648438,2025-07-11,119.67127990722656,RSI > 90,17,-0.03434317092648809,-0.03442247455564582,-3765.121291334126,105614.61807088753
A,2026-02-27,121.1036605834961,1.7807091888852682,11.309196472167969,0.39214838371497635,1.3851228389300836,Hammer,2026-03-06,118.57942199707031,2026-04-24,121.06999969482422,RSI > 90,7,0.021003456213637417,0.020918242514309168,2209.272191653693,107823.89026254123
AAPL,1992-06-12,0.3918282091617584,6.6316572641915315,0.010759592056274414,0.25,0.3697837473314025,Hammer,1992-06-19,0.3873450458049774,1992-09-11,0.33624204993247986,RSI > 90,12,-0.13193145601306377,-0.14912093213161706,-14912.093198249615,85087.90680175037
AAPL,2000-10-13,0.330224871635437,1.7697404830388734,0.056128859519958496,0.21666670206417002,0.4527548648975969,Hammer,2000-10-20,0.33396679162979126,2001-01-26,0.28532177209854126,RSI > 90,14,-0.14565825330673587,-0.16257591165709745,-13833.244005455465,71254.66279629491
AAPL,2006-06-02,1.845816731452942,6.085918957165447,0.1380021572113037,0.3557477847286649,0.8237713550020701,Hammer,2006-06-09,1.830549716949463,2006-08-04,2.000582695007324,Profit target (+1%),8,0.09288629338142984,0.08718531379461808,6212.36012901231,77467.02292530723
AAPL,2008-07-25,4.853126525878906,9.292470115599443,0.6537890434265137,0.28617273055477555,1.5624758997147503,Hammer,2008-08-01,4.859712600708008,2008-08-15,5.091113567352295,Profit target (+1%),2,0.04761618343656249,0.045511623155716274,3525.6499508461666,80992.67287615339
AAPL,2008-09-19,4.218197345733643,2.658660505627992,0.8085553646087646,0.2510179643543663,1.8737880112252343,Hammer,2008-09-26,4.189159870147705,2009-02-13,2.993539810180664,RSI > 90,20,-0.2854080763274581,-0.2874520994176082,-23281.513832412355,57711.15904374103
AAPL,2021-03-12,117.77417755126953,8.829551228743782,6.8116912841796875,0.325713300075491,0.8284127932826889,Hammer,2021-03-19,118.14395904541016,2021-04-09,120.53778076171875,Profit target (+1%),3,0.02026190535386152,0.020176408963471146,1164.4039454580416,58875.56298919906
AAPL,2021-05-14,124.23213195800781,9.965981522860233,7.105934143066406,0.28669438870332375,0.9733970324555611,Hammer,2021-05-21,123.6180419921875,2021-06-25,127.01018524169922,RSI > 90,5,0.027440519157600818,0.02735851824229873,1610.7481624548623,60486.31115165392
AAPL,2022-12-30,127.7615966796875,2.241176742321315,5.447540283203125,0.26714937956919976,0.5317798973750518,Hammer,2023-01-06,128.1057586669922,2023-01-20,132.579833984375,Profit target (+1%),2,0.03492485711757154,0.03484543658809021,2107.6719175747785,62593.98306922871
ABBV,2015-08-28,41.15253448486328,4.340900047664363,7.236110687255859,0.3511112587201349,3.0952910889378944,Hammer,2015-09-04,41.25544738769531,2016-03-18,37.82941436767578,RSI > 90,28,-0.08304437927490194,-0.08327667869748363,-8327.667861420698,91672.3321385793
ABBV,2023-05-12,132.14779663085938,6.022244729756125,2.969757080078125,0.39614440002877316,0.48359059466941196,Hammer,2023-05-19,132.61477661132812,2023-07-28,129.93539428710938,RSI > 90,10,-0.02020425168811746,-0.020278893487361182,-1859.0134573172336,89813.31868126206
ABNB,2024-05-24,144.47000122070312,9.533315939040932,5.6599884033203125,0.35512343199445723,0.5752248332749249,Hammer,2024-05-31,146.0,2024-06-28,149.14999389648438,Profit target (+1%),4,0.021575300660851893,0.021506071000886102,2150.607097938003,102150.607097938
ABT,1992-06-19,2.943068027496338,3.3844126743338308,0.10605645179748535,0.3749991569870041,0.5266830235505622,Hammer,1992-06-26,2.956325054168701,1992-07-02,3.07563853263855,Profit target (+1%),1,0.0403587143780435,0.036913704666080585,3691.3704629166887,103691.37046291669
ABT,1993-01-22,3.003448009490967,4.448726859021036,0.18855738639831543,0.3571422249253035,1.038548392603052,Hammer,1993-01-29,3.016916275024414,1993-05-07,3.037888526916504,RSI > 90,14,0.006951552506017089,0.0036308920875053616,376.49217617989916,104067.86263909658
ABT,1997-10-31,7.350193977355957,6.575659766030313,0.6968073844909668,0.3225808879834614,1.810851086169487,Hammer,1997-11-07,7.492552280426025,1997-11-21,7.77726936340332,Profit target (+1%),2,0.03800001285558019,0.036640902617578686,3813.140416765553,107881.00305586214
ABT,2002-03-22,13.789704322814941,6.444713429407074,0.744694709777832,0.2068951386212028,1.1327314971657356,Hammer,2002-03-28,13.751184463500977,2002-04-26,14.133026123046875,Profit target (+1%),4,0.02776791050686578,0.027030871862215824,2916.117567054206,110797.12062291634
ABT,2004-03-26,10.794605255126953,7.739764025070187,0.29581737518310547,0.345456128077579,0.6406763550833315,Hammer,2004-04-02,10.864526748657227,2004-04-08,11.410441398620605,Profit target (+1%),1,0.05024743945067378,0.04930432229071833,5462.776938613084,116259.89756152942
ABT,2005-12-02,11.526734352111816,6.666611959270767,0.49024486541748047,0.35365590331070945,0.8813498394519865,Hammer,2005-12-09,11.514776229858398,2005-12-16,11.59847640991211,Profit target (+1%),1,0.007268936745524535,0.006397709346357382,743.7970324921514,117003.69459402158
ABT,2009-03-13,15.219178199768066,5.122787786922103,1.0817480087280273,0.2942946940610688,0.8945803636912579,Hammer,2009-03-20,15.358863830566406,2009-06-26,15.466891288757324,RSI > 90,14,0.007033557910444355,0.006380390979246562,746.5293167796858,117750.22391080126
ABT,2010-04-30,17.326465606689453,0.9520139205720568,0.7992668151855469,0.2923712432525307,1.4009702865232283,Hammer,2010-05-07,17.424680709838867,2010-08-13,17.30620765686035,RSI > 90,14,-0.006799152016118137,-0.007370935539054034,-867.9293092877658,116882.2946015135
ABT,2011-08-12,17.58615493774414,2.713515141999892,1.3606853485107422,0.2161465451624705,2.1669901441187376,Hammer,2011-08-19,17.72080421447754,2011-09-09,17.62867546081543,Profit target (+1%),3,-0.005198903647208208,-0.005761586466057006,-673.4274460243405,116208.86715548915
ABT,2012-11-09,23.94517707824707,9.600985306737783,0.6979713439941406,0.2751340390995196,0.8631916602468163,Hammer,2012-11-16,23.993186950683594,2012-12-28,24.39202880859375,Profit target (+1%),6,0.016623129671349934,0.016202968112100643,1882.9285669808023,118091.79572246995
ABT,2013-08-23,27.21392250061035,9.285651680104891,0.4139881134033203,0.22641431197563683,0.40993114501250005,Hammer,2013-08-30,27.206111907958984,2013-09-27,27.534177780151367,Profit target (+1%),4,0.01205853571808646,0.011688823053913925,1380.3541029385465,119472.1498254085
ABT,2016-11-04,32.82050704956055,4.38054273371489,1.0411224365234375,0.3629032258064516,0.7344804932936008,Hammer,2016-11-11,33.282291412353516,2016-11-18,33.676910400390625,Profit target (+1%),1,0.011856725342253238,0.011554529423032929,1380.4444690102364,120852.59429441874
ABT,2021-06-04,99.4908218383789,0.5071309860538946,5.40740966796875,0.33838393814549356,1.132521062166492,Hammer,2021-06-11,100.11895751953125,2021-07-02,102.85906982421875,Profit target (+1%),3,0.027368566079535528,0.027267323149456364,3295.3267387807355,124147.92103319947
ABT,2022-01-28,115.39311981201172,5.9951370370431505,6.011299133300781,0.2327718923282139,1.2084166150581157,Hammer,2022-02-04,115.54961395263672,2022-02-11,119.55408477783203,Profit target (+1%),1,0.03465585637384061,0.03456781766267296,4291.522693184039,128439.44372638351
ABT,2022-05-13,101.55510711669922,7.967729181413617,6.072235107421875,0.20091343133559492,1.0163999306476215,Hammer,2022-05-20,101.11148071289062,2022-05-27,105.22432708740234,Profit target (+1%),1,0.04067635391662683,0.040575446708448176,5211.487798971115,133650.93152535462
ACN,2011-08-12,41.123878479003906,5.251809468462184,3.0649032592773438,0.2629000580001643,1.3280035026971153,Hammer,2011-08-19,41.357322692871094,2011-10-14,42.065189361572266,Profit target (+1%),8,0.01711587265834269,0.016872037720972875,1687.2037704100835,101687.2037704101
ACN,2014-07-18,64.40391540527344,9.57532617054379,1.1872825622558594,0.3945585225501945,0.5914506831154683,Hammer,2014-07-25,64.49275970458984,2014-09-05,65.38119506835938,RSI > 90,6,0.013775738049341069,0.013619625980699221,1384.9416809911918,103072.14545140129
ACN,2015-09-04,78.14715576171875,3.489495438988911,3.5246963500976562,0.3497659035171833,1.1326456436878667,Hammer,2015-09-11,79.65300750732422,2015-09-18,80.59623718261719,Profit target (+1%),1,0.011841733348313843,0.011715453405072403,1207.5369161892004,104279.68236759047
ACN,2019-10-04,169.43028259277344,8.859480719252758,9.394424438476562,0.35425623667109,1.459733622988812,Hammer,2019-10-11,168.22413635253906,2019-11-15,169.36862182617188,Profit target (+1%),5,0.006803336895927714,0.006743691956281625,703.2300544826926,104982.91242207318
ACN,2020-03-13,149.9819793701172,1.2166865990884048,24.9144287109375,0.3376719141201084,2.554858567943666,Hammer,2020-03-20,133.57052612304688,2020-03-27,133.3183135986328,Profit target (+1%),1,-0.001888234865390248,-0.001963028198537773,-206.0844172430667,104776.8280048301
ACN,2022-03-11,288.31597900390625,6.2432809796764985,19.76519775390625,0.3342710594658358,1.0610444975048916,Hammer,2022-03-18,285.993408203125,2022-03-25,299.2257080078125,Profit target (+1%),1,0.04626784892639679,0.04623207481384514,4844.050146232639,109620.87815106275
ACN,2022-05-13,266.1485595703125,1.699761306722607,16.42718505859375,0.3231646373860736,0.880398942212336,Hammer,2022-05-20,264.2088623046875,2022-06-03,280.6546325683594,Profit target (+1%),2,0.062245339237358754,0.06220631317488695,6819.110669952022,116439.98882101476
ACN,2026-02-27,206.96487426757812,1.4296174109441324,25.077346801757812,0.20956890577187645,1.3066710387690026,Hammer,2026-03-06,203.51414489746094,2026-03-13,211.0502166748047,Profit target (+1%),1,0.03702971988085024,0.03697967471873767,4305.912906548663,120745.90172756343
ADBE,2004-02-27,18.60188865661621,9.365311661908748,1.3083724975585938,0.3511437918024853,0.9802872806571504,Hammer,2004-03-05,18.72673225402832,2004-03-26,19.72049903869629,Profit target (+1%),3,0.05306674817514945,0.05251872978573076,5251.872973321202,105251.87297332121
ADBE,2005-07-08,27.93000030517578,4.633159349609969,2.440000534057617,0.31147543546557666,1.262085260432839,Hammer,2005-07-15,27.75,2005-07-22,28.760000228881836,Profit target (+1%),1,0.036396404644390534,0.03602955247277383,3792.177876357825,109044.05084967903
ADBE,2005-08-12,26.84000015258789,9.682901285690363,1.4500007629394531,0.28275836667903154,0.7663786131337339,Hammer,2005-08-19,26.8799991607666,2005-09-02,27.270000457763672,Profit target (+1%),2,0.014508977275799362,0.014134324301992572,1541.263976371068,110585.3148260501
ADBE,2006-07-28,27.6299991607666,8.415610774961365,1.9200000762939453,0.1406252328306344,0.8996320371020241,Hammer,2006-08-04,27.530000686645508,2006-08-11,31.6299991607666,RSI > 90,1,0.148928382559393,0.14853816495834501,16426.139719176208,127011.4545452263
ADBE,2016-02-12,76.66999816894531,2.0643046582830067,7.060005187988281,0.23512782468399093,1.311952719044871,Hammer,2016-02-19,77.12999725341797,2016-02-26,82.08999633789062,Profit target (+1%),1,0.06430700455201754,0.06417319324210273,8150.730608340624,135162.1851535669
ADBE,2019-10-04,276.9599914550781,5.244038774343537,15.799896240234375,0.17024864263488182,1.083959614761189,Hammer,2019-10-11,276.32000732421875,2019-11-15,291.95001220703125,RSI > 90,5,0.056564868516643774,0.05652765572710239,7640.401462043299,142802.5866156102
ADBE,2021-10-08,576.8599853515625,1.7112043318693821,34.0050048828125,0.3398009110848659,1.2809672321333918,Hammer,2021-10-15,574.5,2021-10-22,610.6500244140625,Profit target (+1%),1,0.06292432448052665,0.06290637055214916,8983.192420463762,151785.77903607395
ADBE,2026-02-13,263.9700012207031,3.0877417910183027,19.689910888671875,0.3463706546352366,0.8718828214659914,Hammer,2026-02-20,265.2349853515625,2026-03-13,281.32000732421875,Profit target (+1%),3,0.06064442046110896,0.06060557555584836,9199.064490475022,160984.84352654897
ADI,2001-03-02,26.06637954711914,7.4547222983068195,5.140193939208984,0.2784360479743163,0.7413823757808357,Hammer,2001-03-09,25.883670806884766,2001-03-30,26.5596923828125,Profit target (+1%),3,0.02611768558530425,0.025726372006345487,2572.6371980619115,102572.63719806192
ADI,2004-07-09,26.415925979614258,7.838740916896057,1.0810680389404297,0.35593190435275085,0.5261652319966292,Hammer,2004-07-16,26.018922805786133,2004-10-08,24.674041748046875,RSI > 90,12,-0.05168857557162898,-0.0520629064207804,-5340.229606435127,97232.40759162678
ADI,2020-03-13,89.55719757080078,8.299326276914556,14.682388305664062,0.24449842812232067,1.9807486647066688,Hammer,2020-03-20,80.62750244140625,2020-04-17,87.51996612548828,Profit target (+1%),4,0.08548526836845705,0.08535594798243248,8299.364316298204,105531.771907925
ADM,1990-08-24,4.359854698181152,1.254952939920102,0.3963503837585449,0.2499990976976854,1.3583093552191339,Hammer,1990-08-31,4.558029651641846,1990-09-14,4.929608345031738,RSI > 90,2,0.08152178063520199,0.07924092565556544,7924.092557632452,107924.09255763245
ADM,1991-01-11,4.190957546234131,2.444166554823198,0.14879131317138672,0.3333311968414103,0.5342867838618214,Hammer,1991-01-18,4.091763019561768,1991-02-15,4.419534206390381,Profit target (+1%),4,0.0801051246764819,0.07756640677317131,8371.284055579425,116295.37661321188
ADM,1992-04-24,4.998600482940674,2.7147363821208472,0.4187307357788086,0.24999943061600516,1.0780158343166353,Hammer,1992-05-01,5.129453659057617,1992-05-15,5.2658209800720215,Profit target (+1%),2,0.026585155082472722,0.024611639213352663,2862.219848523122,119157.596461735
ADM,1993-04-16,5.406792163848877,4.951089984603172,0.3861994743347168,0.35714312171957935,1.1961107352882714,Hammer,1993-04-23,5.461963653564453,1993-05-07,5.46743106842041,Profit target (+1%),2,0.0010009980297815968,-0.000829086387118758,-98.79194104942283,119058.80452068557
ADM,1997-02-21,7.85560417175293,2.2345514068474586,0.3100895881652832,0.3333343584933224,0.6810797476113998,Hammer,1997-02-28,7.907286167144775,1997-05-23,8.187674522399902,RSI > 90,12,0.035459492590537156,0.03417322750255111,4068.623608998525,123127.4281296841
ADM,1997-10-31,9.706804275512695,2.0357356721071227,1.3087825775146484,0.2500003643364195,2.313397664716074,Hammer,1997-11-07,9.65227222442627,1997-11-14,9.728302955627441,Profit target (+1%),1,0.007876977506785066,0.006837410157514142,841.872726920622,123969.30085660472
ADM,1999-04-09,6.575725078582764,1.4608400566119712,0.46553802490234375,0.375,0.9883990058802371,Hammer,1999-04-16,6.575725078582764,1999-04-23,6.9830708503723145,Profit target (+1%),1,0.06194689816280219,0.06038024184944733,7485.296360143395,131454.5972167481
ADM,2006-09-15,23.181957244873047,6.666152706178465,1.68408203125,0.38989109162075963,0.9645805076497295,Hammer,2006-09-22,22.950927734375,2006-09-29,23.340028762817383,Profit target (+1%),1,0.016953607843033014,0.0165142978680275,2170.8803723880774,133625.47758913616
ADM,2008-07-18,18.591108322143555,2.486946852876372,2.2244720458984375,0.22346398414081203,1.1683044930246915,Hammer,2008-07-25,18.70295524597168,2008-11-21,15.963456153869629,RSI > 90,17,-0.1464741296802331,-0.1469695140891515,-19638.871491567275,113986.60609756889
ADM,2011-08-12,18.00413703918457,8.747631561783066,1.2803535461425781,0.3402068305937665,1.0178026235933095,Hammer,2011-08-19,18.103134155273438,2011-09-02,18.683988571166992,Profit target (+1%),2,0.03208584827972194,0.03152475075557743,3593.399343106643,117580.00544067554
ADM,2012-11-16,17.081478118896484,3.7299535397442014,0.6251869201660156,0.3651099219593749,0.7696066458864915,Hammer,2012-11-23,17.252567291259766,2012-11-30,18.224349975585938,Profit target (+1%),1,0.05632684503821528,0.05573106962841015,6552.859463570274,124132.8649042458
ADM,2018-12-28,32.687583923339844,4.283209704303459,1.867635726928711,0.33905751655213195,1.112479862388436,Hammer,2019-01-04,32.735679626464844,2019-01-11,33.29677200317383,Profit target (+1%),1,0.01714008638621256,0.016832038399823706,2089.4091466589844,126222.27405090479
ADM,2019-08-09,31.273719787597656,5.622169351962853,2.5191822052001953,0.3818767286226214,1.6852409620246531,Hammer,2019-08-16,31.00467872619629,2019-09-13,32.01291275024414,Profit target (+1%),4,0.03251877024598815,0.03219104695865708,4063.2271471379318,130285.50119804271
ADM,2023-03-03,72.96328735351562,6.427481525486371,2.86236572265625,0.2924520758257458,0.7128910244606435,Hammer,2023-03-10,72.87327575683594,2023-04-21,73.8003921508789,Profit target (+1%),6,0.012722309851098013,0.012584221903149789,1639.5416561997154,131925.04285424243
ADM,2023-06-02,65.16680145263672,1.7992277741991671,2.318012237548828,0.1992189621379307,0.6254550699969043,Hammer,2023-06-09,65.36600494384766,2023-06-23,67.9103775024414,Profit target (+1%),2,0.0389250124859164,0.03876906222828787,5114.610190771058,137039.65304501352
ADP,1992-06-26,4.426535129547119,1.3440126115109194,0.1440587043762207,0.272725768172836,0.6251317514462489,Hammer,1992-07-02,4.4003424644470215,1992-07-10,4.478919982910156,Profit target (+1%),1,0.01785713705194758,0.015566898377727616,1556.6898362160719,101556.68983621607
ADP,1998-05-29,14.105761528015137,4.549707796747526,0.6789608001708984,0.3469397788022058,1.0269047918397567,Hammer,1998-06-05,14.105761528015137,1998-06-12,14.60459041595459,Profit target (+1%),1,0.03536348512263876,0.0346422754696084,3518.154821569622,105074.8446577857
ADP,2000-02-04,21.542682647705078,3.472977579353909,2.244029998779297,0.2499995750171268,1.5937065206309835,Hammer,2000-02-11,21.542682647705078,2000-03-24,24.05950927734375,RSI > 90,6,0.11682976864103733,0.11633857202299475,12224.25737080053,117299.10202858623
ADP,2002-07-05,19.663576126098633,1.4917176734602435,2.0568599700927734,0.16222283836878598,1.3702278252889315,Hammer,2002-07-12,19.663576126098633,2002-10-25,18.571924209594727,RSI > 90,15,-0.0555164487631018,-0.05601076099464578,-6570.011962039702,110729.09006654653
ADP,2003-01-31,15.940485954284668,5.244923289309682,0.7356433868408203,0.39375118294791916,0.5415110097716733,Hammer,2003-02-07,15.949682235717773,2003-05-09,15.763751983642578,RSI > 90,13,-0.011657301338507065,-0.012280423337831565,-1359.8001004702714,109369.28996607625
ADP,2011-08-12,29.26028060913086,2.314869876850622,2.110799789428711,0.25219962283143893,1.6446270284637157,Hammer,2011-08-19,29.309799194335938,2011-09-02,30.399246215820312,Profit target (+1%),2,0.037170060915835634,0.03682259647519398,4027.2612271720463,113396.55119324829
ADP,2025-09-19,285.5804443359375,9.614261980612312,12.381683349609375,0.23143622619373316,1.1763080283064773,Hammer,2025-09-26,283.09625244140625,2025-12-19,262.15850830078125,RSI > 90,12,-0.07395980681502867,-0.07399382362308904,-8390.644400069159,105005.90679317912
ADSK,1993-03-26,4.839056015014648,5.881866417089498,0.2863345146179199,0.2999998334685014,0.612571128120055,Hammer,1993-04-02,4.839056015014648,1993-05-14,5.254336833953857,Profit target (+1%),6,0.08581855999407195,0.08366559298302899,8366.55928993634,108366.55928993634
ADSK,1998-08-28,6.148478984832764,6.759586553998375,1.3729615211486816,0.39130430252536286,1.2663390045568754,Hammer,1998-09-04,6.476795673370361,1998-11-06,7.480645179748535,RSI > 90,9,0.15499168987305656,0.15332934829483733,16615.773896264014,124982.33318620035
ADSK,1999-04-16,6.99307107925415,7.2911965319261896,0.7203164100646973,0.08333371949003485,0.6674402034840692,Hammer,1999-04-23,6.99307107925415,1999-05-07,7.053097724914551,Profit target (+1%),2,0.008583731665259053,0.007148633543992577,893.4528985278757,125875.78608472824
ADSK,2000-10-20,5.226719379425049,1.9364064594678894,0.6989216804504395,0.3152349146679675,0.7782892331390631,Hammer,2000-10-27,5.226719379425049,2000-11-03,5.485016822814941,Profit target (+1%),1,0.04941865530540612,0.04746000795959739,5974.065803527716,131849.85188825594
ADSK,2001-04-06,7.236032009124756,3.9434412634602722,1.4646239280700684,0.16676916685739623,1.3339987129973478,Hammer,2001-04-12,7.234810829162598,2001-04-20,7.564553737640381,Profit target (+1%),1,0.045577267500710894,0.04416453910505941,5823.087933892082,137672.939822148
ADSK,2006-05-26,37.13999938964844,3.6435586363774064,1.5,0.10666656494140625,0.5032436648420514,Hammer,2006-06-02,36.84000015258789,2006-11-03,36.439998626708984,RSI > 90,22,-0.010857804674867966,-0.01112773847688819,-1531.9884681532403,136140.95135399478
ADSK,2009-07-10,17.790000915527344,3.2881638367812513,1.3899993896484375,0.3669054283989242,0.6524604550261822,Hammer,2009-07-17,17.809999465942383,2009-07-24,18.770000457763672,Profit target (+1%),1,0.05390235938283294,0.053325906275632634,7259.839604918749,143400.7909589135
ADSK,2010-06-11,27.579999923706055,5.037079101032802,1.9399986267089844,0.11340178818976755,0.8801386015616328,Hammer,2010-06-18,27.780000686645508,2010-06-25,29.579999923706055,Profit target (+1%),1,0.06479478734951405,0.06442322090425172,9238.340824552168,152639.13178346568
ADSK,2012-04-27,39.630001068115234,9.818985912315696,1.8500022888183594,0.36756727777353926,0.7369263617579249,Hammer,2012-05-04,39.5,2012-07-06,35.029998779296875,RSI > 90,9,-0.11316458786590189,-0.11340339756241294,-17309.7961279121,135329.3356555536
ADSK,2013-03-01,37.36000061035156,7.961609029266356,2.479999542236328,0.35887078787356735,1.224979637357678,Hammer,2013-03-08,37.34000015258789,2013-03-15,40.0,Profit target (+1%),1,0.07123727467975804,0.0709599634913503,9602.964707823809,144932.3003633774
ADSK,2016-01-22,49.029998779296875,3.510911974637807,4.770000457763672,0.1802936117022425,1.204963852663097,Hammer,2016-01-29,48.810001373291016,2016-02-26,49.900001525878906,Profit target (+1%),4,0.022331491946737447,0.022124349527905884,3206.5328679162703,148138.83323129365
ADSK,2020-03-13,158.02999877929688,1.785868399573431,30.800003051757812,0.2818179160954942,2.3600094065342647,Hammer,2020-03-20,140.98919677734375,2020-03-27,147.80999755859375,Profit target (+1%),1,0.04837818029435059,0.04830553978051687,7155.926294537681,155294.75952583135
ADSK,2022-12-30,186.8699951171875,5.990528789057919,7.68499755859375,0.3129472405111547,0.4103790140059326,Hammer,2023-01-06,190.6199951171875,2023-01-20,200.13999938964844,RSI > 90,2,0.049942317261147284,0.04988854828095671,7747.4301006365695,163042.1896264679
ADSK,2024-05-03,215.19000244140625,8.18768821023852,10.285003662109375,0.37870713520602695,0.7176154754104456,Hammer,2024-05-10,215.52000427246094,2024-05-17,219.7899932861328,Profit target (+1%),1,0.0198124950307339,0.019765637068664754,3222.63274381455,166264.82237028243
ADSK,2025-03-14,254.42999267578125,1.9945484639476092,12.074981689453125,0.20662516775215897,0.7151449342372906,Hammer,2025-03-21,252.9600067138672,2025-03-28,271.9599914550781,Profit target (+1%),1,0.07511062712258121,0.07506961135810698,12481.43558538036,178746.2579556628
AEE,1992-04-10,6.055697441101074,6.56351115795664,0.14028644561767578,0.33333559935010637,0.7356985953794974,Hammer,1992-04-16,6.032316207885742,1992-04-24,6.149221897125244,Profit target (+1%),1,0.01937990072315454,0.017707485504878023,1770.7485487170534,101770.74854871705
AEE,1994-04-15,7.310416221618652,2.2973175015621763,0.1847400665283203,0.2857150231785003,0.8675806216033384,Hammer,1994-04-22,7.310416221618652,1994-04-29,7.363199234008789,Profit target (+1%),1,0.007220247218488796,0.005848336047332916,595.1895367063264,102365.93808542339
AEE,1996-08-02,9.395344734191895,8.873920529005602,0.24483013153076172,0.12499853928163819,0.9226470041220197,Hammer,1996-08-09,9.456551551818848,1996-11-08,9.68185806274414,RSI > 90,13,0.023825440985615787,0.022755941215994686,2329.4332672626133,104695.371352686
AEE,1999-01-22,11.518235206604004,6.063537279756574,0.216644287109375,0.25,0.5327167971404316,Hammer,1999-01-29,11.554342269897461,1999-04-30,11.249176979064941,RSI > 90,13,-0.02641130786194268,-0.027264984760704346,-2854.5177015927484,101840.85365109323
AEE,2001-07-27,13.357466697692871,2.1564848938350565,0.7202720642089844,0.17535418266557212,1.0810586531732782,Hammer,2001-08-03,13.449633598327637,2001-08-10,13.661277770996094,Profit target (+1%),1,0.015736054898534357,0.014986968704485645,1526.2856849807513,103367.13933607399
AEE,2001-09-28,13.312310218811035,7.335056251368769,0.8736200332641602,0.25793591446820446,1.4309274267390957,Hammer,2001-10-05,13.381644248962402,2001-10-12,14.213664054870605,Profit target (+1%),1,0.062176201252153174,0.0614059648273627,6347.358916028699,109714.49825210268
AEE,2002-10-11,15.092361450195312,7.321101151424386,1.3030967712402344,0.36440680446956814,1.506927207976009,Hammer,2002-10-18,15.096041679382324,2002-12-20,15.690485000610352,Profit target (+1%),9,0.039377429782795126,0.038702185825099565,4246.190894814248,113960.68914691692
AEE,2004-05-14,16.88258934020996,4.672620068741068,0.6796474456787109,0.15384572209546743,1.3740424921840828,Hammer,2004-05-21,16.88258934020996,2004-06-04,17.775379180908203,Profit target (+1%),2,0.05288228142657281,0.05227447345585834,5957.235013864598,119917.9241607815
AEE,2005-08-19,23.326169967651367,9.83673931146015,0.759796142578125,0.3446323854279632,1.197499796851718,Hammer,2005-08-26,23.326169967651367,2005-09-09,24.10239601135254,Profit target (+1%),2,0.03327704654375907,0.032841303919329524,3938.260988801073,123856.18514958258
AEE,2011-08-12,16.434043884277344,7.816074376690565,1.5354442596435547,0.3398433569560816,2.29060985240303,Hammer,2011-08-19,16.54200553894043,2011-08-26,17.27973747253418,Profit target (+1%),1,0.04459749042261563,0.043979675469447525,5447.154822315293,129303.33997189788
AEE,2014-08-08,26.37967300415039,6.479496365898541,1.3698348999023438,0.25252580104373784,1.3656945106570042,Hammer,2014-08-15,26.441938400268555,2014-08-29,27.382835388183594,Profit target (+1%),2,0.03558351031880025,0.03519866737790657,4551.3052499719,133854.64522186975
AEE,2016-08-19,37.839351654052734,6.856031531014224,1.503997802734375,0.3880597772051214,1.140911717280178,Hammer,2016-08-26,37.93662643432617,2016-09-30,39.01126480102539,Profit target (+1%),5,0.028327199008050252,0.02805990324484434,3755.948390042683,137610.59361191245
AEE,2019-01-04,52.269317626953125,7.442915215027426,1.7398796081542969,0.32093032433747937,0.7825633194185171,Hammer,2019-01-11,51.97799301147461,2019-01-18,52.49591064453125,Profit target (+1%),1,0.009964171431980917,0.00977084241656738,1344.5714236877188,138955.16503560016
AEE,2023-10-06,67.99415588378906,7.67166148838831,4.493125915527344,0.12270025113639643,1.363836100443994,Hammer,2023-10-13,67.99415588378906,2023-10-20,71.76139831542969,Profit target (+1%),1,0.05540538569343134,0.05525425106837762,7677.8635684470355,146633.02860404717
AEE,2024-02-09,63.637107849121094,8.788130574269232,1.4450340270996094,0.11538593531798515,0.47525685887599295,Hammer,2024-02-16,63.692691802978516,2024-02-23,64.45226287841797,Profit target (+1%),1,0.011925560907192434,0.011767633241058763,1725.5236999125823,148358.55230395973
AEP,1990-02-23,4.984517574310303,6.26544206838031,0.12513446807861328,0.3333358737320235,,Hammer,1990-03-02,4.963662147521973,1990-03-09,5.088796615600586,Profit target (+1%),1,0.025210109866378616,0.023172126552423147,2317.212652925102,102317.2126529251
AEP,1990-04-12,5.026229381561279,9.675913968301487,0.06256723403930664,0.333328252535953,0.4034376108261966,Hammer,1990-04-20,5.026229381561279,1990-05-25,5.110198020935059,Profit target (+1%),5,0.016706089794034984,0.014701901615709103,1504.257592512634,103821.47024543774
AEP,1994-01-21,7.838778018951416,7.88287524990514,0.22159099578857422,0.3749994620300833,0.8864780745410852,Hammer,1994-01-28,7.783380031585693,1994-02-04,8.032670021057129,Profit target (+1%),1,0.032028500273633354,0.030723974498033935,3189.80820097941,107011.27844641714
AEP,1995-03-24,7.793524742126465,9.253723259537779,0.21227502822875977,0.2857136439092218,0.8156554852872367,Hammer,1995-03-31,7.823849678039551,1995-04-13,7.975474834442139,Profit target (+1%),2,0.019379865749233227,0.018090161674691064,1935.8513261752178,108947.12977259237
AEP,2003-02-14,8.179808616638184,1.260615019842561,0.9688706398010254,0.3483610409923081,0.8394988418897209,Hammer,2003-02-21,8.370406150817871,2003-02-28,8.592769622802734,Profit target (+1%),1,0.026565433979943265,0.025355602840123122,2762.420150322786,111709.54992291515
AEP,2004-04-23,12.840553283691406,3.30453208304381,0.4965963363647461,0.28571456006022444,1.0200442276927741,Hammer,2004-04-30,12.903149604797363,2004-06-04,13.413823127746582,RSI > 90,5,0.03957743175816164,0.038787396976181644,4332.922654557769,116042.47257747293
AEP,2011-08-12,20.7450008392334,8.136551566638843,1.827371597290039,0.31428634054540955,2.326024105627744,Hammer,2011-08-19,20.890031814575195,2011-08-26,21.876232147216797,Profit target (+1%),1,0.04720913502647317,0.04671925562518932,5421.417934304562,121463.8905117775
AEP,2012-11-16,25.528854370117188,8.522033033111882,0.7070846557617188,0.30434618414095965,1.0394221313224072,Hammer,2012-11-23,25.633378982543945,2012-12-07,26.223642349243164,Profit target (+1%),2,0.023027138447146767,0.022632607431784073,2749.0445483412177,124212.93506011872
AEP,2013-08-23,27.370960235595703,5.122699273814106,0.754669189453125,0.2605038618625905,0.7565804221368981,Hammer,2013-08-30,27.39632797241211,2013-09-27,27.789514541625977,Profit target (+1%),4,0.014351798153745321,0.013984233523267966,1737.0226887541967,125949.95774887291
AEP,2021-06-11,70.75617218017578,2.839374344068105,3.6396484375,0.35321220150254895,1.3704279503319075,Hammer,2021-06-18,70.73113250732422,2021-07-23,73.1195297241211,RSI > 90,5,0.03376726954781262,0.033623512234721216,4234.87994109697,130184.83768996988
AES,2001-09-10,18.28862953186035,5.907428643915125,1.7027320861816406,0.29629604736972986,0.6439198838853569,Hammer,2001-09-21,16.712024688720703,2001-11-30,10.840743064880371,RSI > 90,10,-0.351320784476999,-0.35181389830742693,-35181.3897955613,64818.6102044387
AES,2002-10-18,0.8135287165641785,2.779244458444282,0.3657726049423218,0.3620689542789335,0.4919091162199012,Hammer,2002-10-25,0.8198351263999939,2002-11-08,1.3117362260818481,Profit target (+1%),2,0.6000000290812837,0.5842393034170588,37869.57963643355,102688.18984087226
AES,2003-08-08,3.809080123901367,5.002062449571071,0.4414496421813965,0.2857142085598523,0.8368732849627561,Hammer,2003-08-15,3.7838544845581055,2003-08-22,3.9541280269622803,Profit target (+1%),1,0.04500002394358993,0.04230131905497756,4343.845877292997,107032.03571816527
AES,2007-01-12,13.205652236938477,1.0480387394621573,0.9144315719604492,0.2965518104481301,1.5525612602406043,Hammer,2007-01-19,12.839879989624023,2007-01-26,13.211958885192871,Profit target (+1%),1,0.028978377980910075,0.02818857753916982,3017.080834999614,110049.11655316487
AES,2008-09-19,8.33078670501709,2.0941227419648953,1.87931489944458,0.2248320248938841,2.0338516344723527,Hammer,2008-09-26,8.387544631958008,2009-01-16,5.846055507659912,RSI > 90,16,-0.3030075231569652,-0.30401853504386145,-33456.97116390738,76592.1453892575
AES,2011-08-12,6.6280517578125,2.763042548194832,0.9838018417358398,0.21794878008823265,1.9377304813387666,Hammer,2011-08-19,6.684809684753418,2011-09-23,6.855082988739014,RSI > 90,5,0.025471675637071867,0.023957827133837643,1834.9813772106095,78427.1267664681
AES,2012-09-07,7.183017253875732,5.848916825112781,0.22072505950927734,0.28571335986208507,0.6131461303415707,Hammer,2012-09-14,7.195630073547363,2012-09-21,7.271306991577148,Profit target (+1%),1,0.01051706622717985,0.009120995990484245,715.3335080668217,79142.46027453494
AES,2014-10-17,8.610929489135742,9.977154871110884,0.7386350631713867,0.2719301756583152,1.7741691161904212,Hammer,2014-10-24,8.617408752441406,2014-10-31,8.883058547973633,Profit target (+1%),1,0.030827108608137532,0.029649463725532715,2346.5315027127062,81488.99177724765
AES,2019-08-16,11.840527534484863,2.0896101248198136,0.6971893310546875,0.3575430609966952,1.126612199742301,Hammer,2019-08-23,11.840527534484863,2019-09-20,12.33907699584961,Profit target (+1%),4,0.04210534200547644,0.041243368853136744,3360.880541978372,84849.87231922601
AES,2020-03-20,9.386638641357422,1.3066526496945698,3.629711627960205,0.2505446293951819,2.841986897145072,Hammer,2020-03-27,9.473625183105469,2020-04-03,10.87331771850586,Profit target (+1%),1,0.14774624373956602,0.14661330188236082,12440.119932578335,97289.99225180435
AES,2021-05-14,20.854755401611328,5.6373107848506265,1.6687088012695312,0.3866992652740249,1.1189508673479185,Hammer,2021-05-21,20.66568946838379,2021-06-04,21.0191593170166,Profit target (+1%),2,0.01710418852337736,0.01661627441881696,1616.59720784396,98906.5894596483
AES,2022-02-25,17.692617416381836,0.6985979796317991,1.3208694458007812,0.14593886639442266,1.2140982407215632,Hammer,2022-03-04,17.60042381286621,2022-03-11,18.46368408203125,Profit target (+1%),1,0.04904769784770635,0.04846576136051138,4793.5831569398015,103700.1726165881
AFL,2006-08-11,13.479852676391602,6.666809251276916,0.3617076873779297,0.29310162993898936,0.7173520364760148,Hammer,2006-08-18,13.564043045043945,2006-09-08,14.011589050292969,RSI > 90,3,0.032995029856717206,0.032245900009052995,3224.5899976807095,103224.5899976807
AFL,2008-07-18,19.39594078063965,3.9487390350034133,1.4030818939208984,0.2906178334164833,1.4980545954570548,Hammer,2008-07-25,19.386308670043945,2008-09-12,19.2869873046875,RSI > 90,7,-0.005123273700367692,-0.005637647629493338,-581.9438645239024,102642.64613315678
AFL,2021-09-24,47.23798751831055,3.5114662916634387,1.5886611938476562,0.23728683324608965,0.8794463918150487,Hammer,2021-10-01,47.695735931396484,2021-10-15,49.104888916015625,Profit target (+1%),2,0.02954463238906735,0.029331895143743843,3010.703330643457,105653.34946380024
AIG,1990-01-19,91.2214126586914,3.030332790565666,3.1780319213867188,0.33333253311119165,,Hammer,1990-01-26,90.75059509277344,1990-06-01,92.39535522460938,Profit target (+1%),18,0.018123959739928086,0.01801277519215032,1801.277517413755,101801.27751741375
AIG,1991-10-11,95.35372924804688,5.411495935024519,2.3764190673828125,0.18750040130729867,0.5588297459040011,Hammer,1991-10-18,95.6507797241211,1991-10-25,96.8389892578125,Profit target (+1%),1,0.01242237164316351,0.012317180802764479,1253.9047398804832,103055.18225729422
AIG,1993-10-29,162.07080078125,7.565881727029989,8.328643798828125,0.18919032805326239,1.3134929497419485,Hammer,1993-11-05,162.07080078125,1994-02-04,164.9626922607422,RSI > 90,13,0.017843383666595436,0.017781133676962654,1832.4379699882606,104887.62022728247
AIG,2002-06-14,753.9970092773438,5.3163120716483405,51.70135498046875,0.3981902428946669,1.1521231650481216,Hammer,2002-06-21,769.7880859375,2002-06-28,782.5380249023438,Profit target (+1%),1,0.016562920624207944,0.016543694685836035,1735.2287637865957,106622.84899106907
AIG,2002-07-26,664.6309204101562,3.60119281648592,122.00103759765625,0.11792892466474725,2.139392508180982,Hammer,2002-08-02,687.791259765625,2002-08-09,704.7520751953125,Profit target (+1%),1,0.02465982983771431,0.02464084085129325,2627.2766507042543,109250.12564177332
AIG,2006-06-16,716.7282104492188,4.761182228764895,22.86541748046875,0.3141391303883596,0.8504844480572131,Hammer,2006-06-23,716.7282104492188,2006-08-04,726.66455078125,Profit target (+1%),6,0.013863470402265099,0.013845036890537678,1512.5720184203965,110762.69766019372
AIG,2007-10-26,753.5656127929688,8.114028768454261,71.90093994140625,0.37773986120837844,1.939666732435746,Hammer,2007-11-02,753.6868286132812,2009-03-27,18.621978759765625,RSI > 90,73,-0.9752921531161312,-0.9753014044965098,-108027.01449458844,2735.6831656052796
AIG,2009-06-26,18.12539291381836,5.328715755319308,1.241464614868164,0.299999231815144,0.15892943178139712,Hammer,2009-07-02,18.12539291381836,2009-08-14,17.66604995727539,RSI > 90,6,-0.025342510296302412,-0.02606432542329108,-71.30373621553281,2664.3794293897467
AIG,2011-03-11,27.950523376464844,7.146785333673705,1.6463489532470703,0.3136367375263711,0.6620901898889797,Hammer,2011-03-18,27.336883544921875,2011-11-04,19.322154998779297,RSI > 90,33,-0.29318369568250957,-0.29382430125358805,-782.8594233733911,1881.5200060163556
AIG,2012-11-16,23.797231674194336,4.703301873526655,1.152444839477539,0.24675404203484533,0.7531566734321931,Hammer,2012-11-23,24.036701202392578,2012-11-30,24.478221893310547,Profit target (+1%),1,0.018368605874836907,0.017295872871129103,32.542530800885515,1914.0625368172412
AIG,2017-09-01,48.196998596191406,4.220043740846606,0.8019599914550781,0.36633861170437954,0.5498786649704444,Hammer,2017-09-08,47.98261260986328,2017-10-06,49.26645278930664,Profit target (+1%),4,0.02675636255745384,0.02569748578341417,49.18659478625068,1963.2491316034918
AIG,2019-12-06,43.54545593261719,9.641579522149982,2.0404052734375,0.374485865988633,0.9787116899768606,Hammer,2019-12-13,43.42790222167969,2020-01-17,44.01431655883789,Profit target (+1%),5,0.013503169786208469,0.012477572403216503,24.496583163873538,1987.7457147673654
AIG,2025-07-18,79.31654357910156,5.49433096086517,2.49542236328125,0.373777057600587,0.7199497537368525,Hammer,2025-07-25,79.43374633789062,2025-08-29,81.27967834472656,Profit target (+1%),5,0.02323863712764873,0.022220781260138975,44.16926269007604,2031.9149774574414
AIZ,2008-08-15,41.023799896240234,1.2086507204656698,2.1476974487304688,0.1111107164044433,0.787078928932385,Hammer,2008-08-22,40.70796203613281,2008-12-26,19.26460075378418,RSI > 90,18,-0.5267608647005045,-0.5269417946871255,-52694.17941601839,47305.82058398161
AIZ,2009-02-06,18.192768096923828,9.088957468966115,4.216350555419922,0.39057270890652324,1.082558877431299,Hammer,2009-02-13,18.29924201965332,2009-04-17,18.137056350708008,RSI > 90,9,-0.008862971961960286,-0.009406872393865777,-444.9998172756242,46860.82076670598
AIZ,2012-11-30,26.36732292175293,2.2038263937477893,0.6551380157470703,0.3411775323817038,0.46276986261032454,Hammer,2012-12-07,26.421276092529297,2012-12-14,26.76811408996582,Profit target (+1%),1,0.01312722353840412,0.012746328550307827,597.3034170322189,47458.1241837382
AIZ,2020-03-20,81.5361099243164,1.2296316499330828,21.384765625,0.3810718301899717,2.609911059397229,Hammer,2020-03-27,82.02863311767578,2020-04-03,93.62548065185547,Profit target (+1%),1,0.1413756037790268,0.1412450856291902,6703.226807429617,54161.35099116781
AJG,2022-05-13,155.2298126220703,5.227584653926982,8.047958374023438,0.1369051117586945,0.9985319966899041,Hammer,2022-05-20,155.12442016601562,2022-06-03,158.01785278320312,Profit target (+1%),2,0.018652334778050506,0.018587271286785792,1858.7271268198524,101858.72712681985
AJG,2025-11-07,247.76307678222656,4.45392455648944,13.408401489257812,0.2594235108958011,0.8477419218761549,Hammer,2025-11-14,246.64324951171875,2025-11-21,257.07861328125,Profit target (+1%),1,0.04230954542721199,0.04226814416956125,4305.379358819042,106164.10648563888
AKAM,2008-09-19,17.670000076293945,2.219451481471097,2.589999198913574,0.14671786806961162,0.7767777060877162,Hammer,2008-09-26,17.579999923706055,2008-12-26,15.760000228881836,RSI > 90,13,-0.10352671801607971,-0.10406594840851971,-10406.594830445378,89593.40516955461
ALB,2024-08-16,76.71092987060547,2.009561911696835,9.365364074707031,0.23632607408167738,0.8329918862955251,Hammer,2024-08-23,77.07820129394531,2024-08-30,88.20259094238281,Profit target (+1%),1,0.14432601515976673,0.14418692350431106,14418.692336012416,114418.69233601242
ALB,2025-01-03,85.57442474365234,2.7128172787194558,3.752838134765625,0.32727305993998684,0.4047655612490185,Hammer,2025-01-10,87.7188949584961,2025-01-24,94.64945983886719,Profit target (+1%),2,0.0790088028770799,0.07889030558487348,9026.525593983115,123445.21792999555
ALGN,2018-11-02,229.75,1.0468650225247842,27.455001831054688,0.3542161884875765,0.849770773392875,Hammer,2018-11-09,227.77000427246094,2018-11-16,231.97000122070312,Profit target (+1%),1,0.018439640292661652,0.018395332541538096,1839.5332523142765,101839.53325231427
ALGN,2018-11-23,218.8699951171875,8.168761515597012,35.37998962402344,0.14358403959523225,1.12049075783329,Hammer,2018-11-30,221.9199981689453,2018-12-07,234.39999389648438,Profit target (+1%),1,0.05623646282674444,0.0561901355432073,5722.37717138213,107561.91042369639
ALGN,2021-03-26,528.3400268554688,6.469389650013994,40.90997314453125,0.25837089288032117,0.8888702424004983,Hammer,2021-04-01,523.1900024414062,2021-04-09,550.3300170898438,Profit target (+1%),1,0.05187410791833136,0.051854498842381094,5577.568953972295,113139.47937766869
ALGN,2022-05-13,275.5199890136719,1.1930790845088666,28.960006713867188,0.18577360620004077,0.5387482545803463,Hammer,2022-05-20,274.6600036621094,2022-06-03,284.70001220703125,Profit target (+1%),2,0.03655431592170677,0.036517242499742315,4131.541800597381,117271.02117826606
ALGN,2024-06-28,241.42999267578125,2.6927008180979755,12.05999755859375,0.2844119924490488,0.5592319217367199,Hammer,2024-07-05,241.64999389648438,2024-07-26,252.0,Profit target (+1%),3,0.042830566376712786,0.04278829887515128,5017.827498552017,122288.84867681807
ALGN,2024-10-25,219.3000030517578,8.856764927670724,20.730010986328125,0.3642064182569511,0.9937570036766266,Hammer,2024-11-01,219.69000244140625,2024-11-22,223.8300018310547,Profit target (+1%),3,0.018844732776370332,0.018798786243441855,2298.881923933229,124587.7306007513
ALL,1998-08-07,21.506067276000977,8.281999728247257,2.0282669067382812,0.19047654871750505,1.3860147635587603,Hammer,1998-08-14,21.634845733642578,1998-08-28,22.117767333984375,Profit target (+1%),2,0.022321471864753972,0.021854203868309625,2185.420384645542,102185.42038464555
ALL,1999-12-31,12.695903778076172,5.694266911219373,0.8903617858886719,0.3333333333333333,0.6766580852390786,Hammer,2000-01-07,12.662927627563477,2000-01-14,12.992691040039062,Profit target (+1%),1,0.026041640778060593,0.025241967105955783,2579.361017478125,104764.78140212368
ALL,2002-07-19,19.59404754638672,7.693974923540424,1.4969234466552734,0.335820106292024,1.3619362724287531,Hammer,2002-07-26,19.32594108581543,2002-08-02,20.052061080932617,Profit target (+1%),1,0.037572296836304364,0.03704527327139063,3881.0399523781343,108645.82135450181
ALL,2003-08-29,20.59685516357422,9.439052134400654,0.49492835998535156,0.3015550031793745,0.540734488348743,Hammer,2003-09-05,20.683277130126953,2003-09-12,21.213319778442383,Profit target (+1%),1,0.025626627974895566,0.025137068932537057,2731.0374978891805,111376.858852391
ALL,2007-01-26,39.47917938232422,4.721061722845022,0.7712974548339844,0.3870943810555366,0.7894542923979723,Hammer,2007-02-02,39.59736251831055,2007-04-27,39.21905517578125,RSI > 90,12,-0.00955385203634107,-0.009805156001734976,-1092.0674749388436,110284.79137745214
ALL,2013-06-07,35.95186996459961,9.294945773249339,2.1021156311035156,0.3279279638948421,1.7782641685427343,Hammer,2013-06-14,35.989742279052734,2013-07-05,36.58818435668945,Profit target (+1%),3,0.016628129009554904,0.016348000857313184,1802.935862184257,112087.7272396364
ALL,2015-08-28,46.33914566040039,8.743999812306797,4.866794586181641,0.22164114936420334,2.3280556495450417,Hammer,2015-09-04,46.10203552246094,2015-10-02,46.26010513305664,Profit target (+1%),4,0.0034286904863167766,0.0032114320280594135,359.9621168497938,112447.68935648618
ALL,2016-01-15,46.163997650146484,9.711499631395412,2.6365814208984375,0.36746994924504167,1.339948638898991,Hammer,2016-01-22,46.870792388916016,2016-02-05,47.7602424621582,Profit target (+1%),2,0.018976638283856317,0.018761284416178504,2109.6630798494625,114557.35243633564
ALL,2017-09-08,73.51277923583984,8.686454670647962,3.95416259765625,0.2925310642895732,2.092729817041947,Hammer,2017-09-15,75.01404571533203,2017-10-13,76.50711059570312,RSI > 90,4,0.019903804229371547,0.01976917816308595,2264.704707940643,116822.05714427629
ALL,2025-10-31,188.6671905517578,4.592917729248711,5.634796142578125,0.3986005275101413,0.6454731561460774,Hammer,2025-11-07,188.81494140625,2025-11-14,197.7301483154297,Profit target (+1%),1,0.047216638909936215,0.047162428093439346,5509.6118642849815,122331.66900856126
ALLE,2018-12-28,70.95038604736328,3.9469240289466967,4.561408996582031,0.3722763864566555,1.1347822744761642,Hammer,2019-01-04,71.21232604980469,2019-01-18,73.76852416992188,Profit target (+1%),2,0.035895444818491384,0.035752509415146294,3575.2509379393787,103575.25093793939
ALLE,2019-07-26,95.61039733886719,8.695556894484127,9.846260070800781,0.3523988256342745,2.4198771235358345,Hammer,2019-08-02,95.67398071289062,2019-11-01,103.58267974853516,RSI > 90,13,0.08266300802699811,0.08255417205317649,8550.569077831009,112125.8200157704
ALLE,2021-10-08,122.45679473876953,5.289339570838138,5.496345520019531,0.26949114193585105,1.006523763111548,Hammer,2021-10-15,122.00963592529297,2021-10-22,123.77033233642578,Profit target (+1%),1,0.014430798008535195,0.014348249272363712,1608.8092138456532,113734.62922961604
ALLE,2024-06-21,112.9577407836914,2.841884137168222,3.5370330810546875,0.3268292472487414,0.665385687816421,Hammer,2024-06-28,113.78380584716797,2024-07-19,119.6634750366211,Profit target (+1%),3,0.05167404223893324,0.05158388952017646,5866.8745429318715,119601.50377254792
AMAT,1996-01-19,3.0596964359283447,1.3693401919553025,0.4854867458343506,0.27906981312482226,0.9280455583145518,Hammer,1996-01-26,3.070986747741699,1996-02-02,3.3758275508880615,Profit target (+1%),1,0.0992647732428451,0.09585242958631925,9585.242949046682,109585.24294904667
AMAT,1996-07-26,2.2580785751342773,9.643869131781912,0.3387117385864258,0.2,0.9100113181928868,Hammer,1996-08-02,2.314530611038208,1996-09-27,2.382272958755493,Profit target (+1%),8,0.029268287658074543,0.0248939796019505,2728.012799920345,112313.25574896703
AMAT,2000-10-13,19.329153060913086,0.9995386874068259,3.409698486328125,0.3907283471614353,0.8157284989101269,Hammer,2000-10-20,19.238828659057617,2001-01-19,16.574296951293945,RSI > 90,13,-0.13849760580456194,-0.13898126797677715,-15609.438678982056,96703.81706998496
AMAT,2007-11-09,13.849411010742188,4.206259920041049,1.339787483215332,0.3756905448123633,1.4008886515661267,Hammer,2007-11-16,13.953042030334473,2008-02-22,14.34251594543457,Profit target (+1%),14,0.027913190131110266,0.027186758305742447,2629.0632992953488,99332.8803692803
AMAT,2013-11-22,14.717585563659668,8.411245276433618,0.5687179565429688,0.24989771004655031,0.8709390294146483,Hammer,2013-11-29,14.760244369506836,2014-01-10,14.930883407592773,Profit target (+1%),6,0.011560719037854161,0.010879538060182018,1080.6958515243964,100413.57622080471
AMAT,2014-10-17,17.214916229248047,8.429079257371384,1.4807605743408203,0.3274845590555745,1.5204782693051913,Hammer,2014-10-24,17.085025787353516,2014-10-31,18.08085823059082,Profit target (+1%),1,0.05828685631685904,0.057684666805290274,5792.323681232414,106205.89990203713
AMAT,2025-03-14,154.08827209472656,8.054513689615462,11.018310546875,0.3666160732091024,0.7777078175606118,Hammer,2025-03-21,151.40562438964844,2025-05-09,152.55392456054688,Profit target (+1%),7,0.007584263633055199,0.007517967616123634,798.452515306331,107004.35241734347
AMCR,2019-08-09,37.541107177734375,6.646521188630359,1.9451828002929688,0.3364050690503179,,Hammer,2019-08-16,37.074981689453125,2019-11-22,36.22731399536133,RSI > 90,14,-0.022863603849949787,-0.023130208134265202,-2313.020811113499,97686.9791888865
AMCR,2023-08-18,40.65828323364258,9.849201832681445,2.2092323303222656,0.3846171113225368,1.1166856843996567,Hammer,2023-08-25,40.57331466674805,2023-09-08,41.295562744140625,Profit target (+1%),2,0.01780106169103557,0.017552431224459722,1714.6439820235146,99401.62317091001
AMD,1990-08-10,2.749241352081299,0.8328716185700813,0.4998619556427002,0.3750000596211055,1.0280589376753928,Hammer,1990-08-17,2.749241352081299,1990-08-24,2.936689615249634,Profit target (+1%),1,0.06818181423992775,0.06442727433245546,6442.727426802818,106442.72742680281
AMD,1993-10-22,9.997241973876953,3.136408880233745,1.437103271484375,0.2608692478392899,0.9558447095881535,Hammer,1993-10-29,9.872276306152344,1994-01-28,9.55986213684082,RSI > 90,13,-0.031645606304275375,-0.03264201175689472,-3474.5047566271323,102968.22267017569
AMD,1995-12-22,8.6875,4.623042247852709,0.625,0.3,0.5174444331479039,Hammer,1995-12-29,8.625,1996-01-12,9.0,Profit target (+1%),2,0.04347826086956519,0.04229432213209732,4354.971174626966,107323.19384480265
AMD,2002-02-08,15.25,9.182788695310947,2.8500003814697266,0.2105264214597439,1.0375219086818754,Hammer,2002-02-15,15.010000228881836,2002-03-15,16.209999084472656,Profit target (+1%),4,0.07994662473634184,0.0792540018282396,8505.792592682712,115828.98643748535
AMD,2007-02-16,14.9399995803833,4.987355065782211,0.6599998474121094,0.2878796636129815,0.3776292275122687,Hammer,2007-02-23,14.930000305175781,2007-05-25,15.630000114440918,Profit target (+1%),13,0.046885451772058495,0.04620018715540395,5351.3208460812475,121180.30728356661
AMD,2008-01-11,6.25,0.16959640858139835,1.130000114440918,0.16814162652936007,0.9819413260730593,Hammer,2008-01-18,6.480000019073486,2008-01-25,6.570000171661377,Profit target (+1%),1,0.013888912395521702,0.01233618386316066,1494.9025497494822,122675.20983331608
AMD,2008-08-01,4.28000020980835,0.7749647391431438,0.3399996757507324,0.32352871053292215,0.40704349798024564,Hammer,2008-08-08,4.309999942779541,2008-08-15,5.099999904632568,Profit target (+1%),1,0.18329465715573812,0.18076476760057247,22175.35577369549,144850.56560701158
AMD,2010-08-27,6.079999923706055,2.8735936856933506,0.8299999237060547,0.3373496813808286,0.9611741400881763,Hammer,2010-09-03,6.019999980926514,2010-09-10,6.039999961853027,Profit target (+1%),1,0.0033222559783854244,0.0016597478768748141,240.41541848993805,145090.98102550153
AMD,2012-08-03,4.090000152587891,0.6217249332817687,0.25999999046325684,0.2692314393421848,0.4503719956721073,Hammer,2012-08-10,4.099999904632568,2012-08-17,4.309999942779541,Profit target (+1%),1,0.05121952269064556,0.04872108228827703,7068.989618761312,152159.97064426282
AMD,2017-11-03,11.119999885559082,8.491102829691869,0.7700004577636719,0.3896104056952901,0.5499319684813542,Hammer,2017-11-10,12.039999961853027,2018-01-19,12.050000190734863,RSI > 90,10,0.0008305837968038965,1.9002228068177192e-08,0.00289137846213805,152159.97353564127
AME,2015-07-31,49.28456115722656,3.512950118732064,1.5607566833496094,0.2857142857142857,0.9144686367751013,Hammer,2015-08-07,49.39604187011719,2015-08-14,51.40272903442383,Profit target (+1%),1,0.040624452655195764,0.04041791607464931,4041.7916034231403,104041.79160342315
AME,2021-01-29,109.29413604736328,7.564391365641015,10.093742370605469,0.3977053787319341,1.7167701166501903,Hammer,2021-02-05,110.00822448730469,2021-02-12,113.71376037597656,Profit target (+1%),1,0.03368417139665314,0.03359174231910938,3494.9450504657234,107536.73665388886
AME,2022-01-28,131.05685424804688,7.633781363688669,6.9319610595703125,0.3417376010636307,1.2951389673032294,Hammer,2022-02-04,130.717041015625,2022-08-05,119.37910461425781,RSI > 90,26,-0.08673648296561376,-0.08680966356707032,-9335.227920689504,98201.50873319934
AMGN,1992-04-10,4.950979232788086,9.069108276827876,0.5034894943237305,0.3333336490215874,1.0986517230593071,Hammer,1992-04-16,4.971958160400391,1992-05-29,4.9300007820129395,RSI > 90,6,-0.00843880359284288,-0.010439585126685346,-1043.9585116245762,98956.04148837543
AMGN,1993-01-08,5.832086086273193,7.703647265925184,0.4615316390991211,0.3636359879409279,1.237138012450731,Hammer,1993-01-15,5.811107158660889,1993-01-22,5.832086086273193,Profit target (+1%),1,0.0036101429623505155,0.0018876762949519867,186.79697357309465,99142.83846194852
AMGN,1993-02-12,4.520915508270264,0.6454083689835528,0.4825105667114258,0.28260852378401774,1.1231123072772415,Hammer,1993-02-19,4.447490215301514,1993-04-30,3.3565962314605713,RSI > 90,10,-0.24528305426906627,-0.24725354365913907,-24513.41811362894,74629.42034831957
AMGN,1997-04-04,9.587278366088867,7.564755649482123,0.5034894943237305,0.33333270195682524,0.86732650214689,Hammer,1997-04-11,9.650214195251465,1997-05-09,10.342512130737305,Profit target (+1%),4,0.07173912635291502,0.07066626609085494,5273.782471266833,79903.20281958641
AMGN,1997-07-03,9.81804370880127,4.862094800145144,0.4825105667114258,0.1304360716198668,0.7574332215051528,Hammer,1997-07-11,9.922937393188477,1997-08-01,10.069788932800293,Profit target (+1%),3,0.014799200457781936,0.013784488579240107,1101.42478560987,81004.62760519629
AMGN,1998-09-04,10.709639549255371,2.7956673916151544,1.4370431900024414,0.3138688747180374,1.7188045692536158,Hammer,1998-09-11,11.496341705322266,1998-09-18,12.272555351257324,Profit target (+1%),1,0.06751831720308976,0.06661950106051465,5396.487869254481,86401.11547445078
AMGN,2002-06-14,26.973608016967773,5.713355667828196,3.7728118896484375,0.38612060423449474,1.2127300617647156,Hammer,2002-06-21,27.9872989654541,2002-08-02,29.40378189086914,Profit target (+1%),6,0.050611633768712805,0.0502453523789099,4341.25448860341,90742.36996305418
AMGN,2004-03-19,40.916908264160156,7.732040600214958,2.416748046875,0.3888871350641479,1.2974729550284823,Hammer,2004-03-26,40.84977340698242,2004-12-10,41.62179183959961,RSI > 90,37,0.018898964871252533,0.01865188248692991,1692.5160194438895,92434.88598249808
AMGN,2007-12-21,32.236751556396484,6.7883274326281935,0.9667034149169922,0.09027861358125293,0.4556033883933325,Hammer,2007-12-28,31.85409927368164,2008-02-01,32.03535461425781,Profit target (+1%),5,0.005690173155388223,0.005375398064616526,496.8743067164951,92931.76028921458
AMGN,2011-02-25,35.0831413269043,4.188865434834796,1.2956466674804688,0.29533690960588377,0.9253391748958197,Hammer,2011-03-04,35.16370391845703,2011-03-18,35.70075607299805,Profit target (+1%),2,0.01527291197157199,0.01498639687612741,1392.712240698594,94324.47252991318
AMGN,2013-06-07,68.98764038085938,2.664860947802538,4.9571075439453125,0.3436631380648815,1.365952222896988,Hammer,2013-06-14,69.08538818359375,2013-07-19,72.7857666015625,RSI > 90,5,0.05356238873747121,0.05341377454939629,5038.22610516528,99362.69863507846
AMGN,2017-11-17,131.33465576171875,0.7802796146181805,3.5526580810546875,0.38399326538588735,0.7067443901581686,Hammer,2017-11-24,131.25738525390625,2017-12-08,137.8704833984375,Profit target (+1%),2,0.05038267470998892,0.05030457226385604,4998.398048821657,104361.09668390012
AMGN,2021-08-13,196.21986389160156,3.792136597534139,6.7918243408203125,0.27798808831095306,0.7408541076963268,Hammer,2021-08-20,196.50845336914062,2021-12-23,192.9449005126953,RSI > 90,18,-0.018134348906360676,-0.018184774605393403,-1897.7830188706093,102463.3136650295
AMGN,2023-02-17,217.3097686767578,6.147652448777407,8.393157958984375,0.26587753202412856,0.7831433031618447,Hammer,2023-02-24,217.54466247558594,2023-04-14,231.68385314941406,RSI > 90,7,0.06499442695090218,0.06494696665141346,6654.681408941307,109117.99507397081
AMGN,2025-04-11,275.20281982421875,5.446725704503521,28.426788330078125,0.3710220947321976,1.7576652375086559,Hammer,2025-04-17,275.9630126953125,2025-06-06,277.3048095703125,Profit target (+1%),7,0.00486223447807288,0.00482591030022878,526.5936558411954,109644.588729812
AMP,2010-05-28,28.478649139404297,9.83189289863168,2.984569549560547,0.2877699910658025,1.251279096564485,Hammer,2010-06-04,28.18520164489746,2010-08-06,30.89779281616211,Profit target (+1%),9,0.09624168049036208,0.09586987724700527,9586.98771511354,109586.98771511353
AMP,2011-03-25,44.02598571777344,8.995571239931095,2.5680618286132812,0.3746483224945856,1.132951391026594,Hammer,2011-04-01,43.960880279541016,2011-04-08,45.154483795166016,Profit target (+1%),1,0.02715149260058136,0.0269209557070049,2950.186439392475,112537.174154506
AMP,2011-08-12,32.24645233154297,3.0137819134539257,4.726467132568359,0.3657413348506677,1.7239378843417592,Hammer,2011-08-19,32.54550552368164,2011-09-23,32.02034378051758,Profit target (+1%),5,-0.016136229402918034,-0.016440965648742777,-1850.2198126305966,110686.95434187542
AMP,2014-10-17,87.96463012695312,2.2787324103038173,7.809501647949219,0.3089261796763797,1.9870791409810578,Hammer,2014-10-24,87.57298278808594,2014-10-31,92.17095184326172,Profit target (+1%),1,0.05250442441023395,0.052387242879039314,5798.584354850378,116485.5386967258
AMP,2015-07-10,98.26390075683594,9.105237991826698,2.971435546875,0.38770181168351,0.771415219947213,Hammer,2015-07-17,99.35237121582031,2015-07-24,101.84709930419922,Profit target (+1%),1,0.025109899822719717,0.025007989422160596,2913.069116649329,119398.60781337511
AMP,2015-08-28,91.16637420654297,3.7918591606358234,15.862663269042969,0.0624370235735644,3.120481090412492,Hammer,2015-09-04,90.87883758544922,2015-10-30,92.54817199707031,RSI > 90,8,0.01836879141473946,0.018257750285478137,2179.949963710392,121578.55777708552
AMP,2016-01-29,72.82504272460938,7.208934128163563,10.700828552246094,0.3055556941890617,1.959881012088918,Hammer,2016-02-05,71.69229888916016,2016-03-11,72.30419921875,Profit target (+1%),5,0.008535091482222867,0.008395020996820882,1020.654544281179,122599.2123213667
AMP,2016-11-04,72.8819580078125,4.034511787712589,2.9939956665039062,0.3716468456714463,0.7846050030387052,Hammer,2016-11-11,74.65896606445312,2016-11-18,93.49185180664062,Profit target (+1%),1,0.2522521638717721,0.2521013379591808,30907.425428050803,153506.63774941748
AMP,2020-03-13,102.09314727783203,1.997283288851051,24.789161682128906,0.22529080548387048,2.262710049526337,Hammer,2020-03-20,81.77180480957031,2020-04-03,92.6080551147461,Profit target (+1%),2,0.13251817457632464,0.13238778808228513,20322.404207271582,173829.0419566891
AMP,2022-03-11,255.38748168945312,4.256710032976443,19.769088745117188,0.3490139990598856,1.1004755703900366,Hammer,2022-03-18,259.9434509277344,2022-03-25,284.01959228515625,Profit target (+1%),1,0.0926206883516183,0.09258043766574425,16093.168767274128,189922.21072396322
AMP,2023-10-06,314.5736999511719,7.726714109139536,13.703094482421875,0.14627090371762694,0.9818159485487368,Hammer,2023-10-13,310.7576599121094,2023-11-10,325.32354736328125,Profit target (+1%),4,0.04687217510677444,0.04683924206109124,8895.812391981479,198818.0231159447
AMP,2025-03-14,477.84454345703125,6.653352163298422,20.24176025390625,0.26822226443654434,0.755858152562861,Hammer,2025-03-21,478.2576599121094,2025-03-28,492.3619384765625,Profit target (+1%),1,0.029490962187715075,0.02946974486162732,5859.116409260898,204677.13952520562
AMT,2016-11-18,81.86141967773438,6.875722647361968,5.281379699707031,0.309736060129348,1.3730413973874758,Hammer,2016-11-25,82.85850524902344,2017-02-24,84.67460632324219,RSI > 90,13,0.02191810084867729,0.021796097917786753,2179.609789599066,102179.60978959905
AMT,2017-09-29,108.6601791381836,6.540761788369366,3.3700942993164062,0.23878204765408342,0.9293219593915709,Hammer,2017-10-06,108.93843841552734,2017-10-13,110.50457763671875,Profit target (+1%),1,0.014376369296002167,0.01428391873640027,1459.5252412921973,103639.13503089124
AMT,2020-09-25,201.9545440673828,1.2775879325360222,8.1964111328125,0.3964070295628863,0.6331509767258721,Hammer,2020-10-02,204.69993591308594,2021-02-12,197.33470153808594,RSI > 90,19,-0.0359806384019935,-0.036028610361068227,-3733.9740104521425,99905.1610204391
AMT,2023-09-29,148.03160095214844,2.961550566199719,7.0392608642578125,0.19693058039343198,0.7363269716436753,Hammer,2023-10-06,147.29347229003906,2023-10-20,151.29061889648438,Profit target (+1%),2,0.027137296339748485,0.027068485806114678,2704.281430335076,102609.44245077418
AMT,2025-09-12,187.8243865966797,8.476562524455076,7.7746734619140625,0.3349832489730551,0.7501561700001936,Hammer,2025-09-19,188.7679443359375,2026-06-12,191.17510986328125,RSI > 90,38,0.01275198252442622,0.01269867107162234,1303.00355722194,103912.44600799611
AMZN,2006-05-05,1.752000093460083,7.859929283665991,0.10300004482269287,0.2572801544396182,0.8425509700994468,Hammer,2006-05-12,1.7495001554489136,2006-06-02,1.7864999771118164,Profit target (+1%),3,0.021148795870446158,0.015388896706021955,1538.889669063306,101538.88966906331
AMZN,2006-08-04,1.3645000457763672,7.495445443634949,0.08749997615814209,0.32571392759975093,0.6006082572571435,Hammer,2006-08-11,1.3595000505447388,2006-08-25,1.4350000619888306,Profit target (+1%),2,0.055535129560193575,0.04800293808559604,4874.165029190048,106413.05469825337
AMZN,2008-02-08,3.674999952316284,2.068956250837104,0.4720001220703125,0.3347461650987618,1.2214398519630956,Hammer,2008-02-15,3.6570000648498535,2008-04-11,3.868000030517578,Profit target (+1%),8,0.05769755589993064,0.054888028975489916,5840.802823807322,112253.8575220607
AMZN,2012-10-26,11.91200065612793,8.420549191064183,0.8015003204345703,0.04429140182334365,1.258210945484172,Hammer,2012-11-02,11.816000938415527,2012-11-30,12.019499778747559,Profit target (+1%),4,0.017222310779480887,0.016369074102955607,1837.4917102837408,114091.34923234445
AMZN,2022-05-13,113.05500793457031,0.696326066363909,11.594490051269531,0.2317911342470585,0.9314547639334764,Hammer,2022-05-20,113.0999984741211,2022-06-03,116.2800064086914,Profit target (+1%),2,0.02811678141001872,0.028027125037233657,3197.6525074039573,117289.0017397484
AMZN,2022-12-30,84.0,3.4979565285014047,3.6599960327148438,0.3688524419300305,0.3555891220947199,Hammer,2023-01-06,85.45999908447266,2023-01-20,98.68000030517578,RSI > 90,2,0.15469226962705518,0.15456621262754006,18128.91676364895,135417.91850339738
AMZN,2025-03-21,196.2100067138672,0.9991496502575643,9.94000244140625,0.31287724813793694,0.8126414121731972,Hammer,2025-03-28,200.0,2025-05-23,201.64500427246094,RSI > 90,8,0.00822502136230474,0.008174816991879951,1107.0167000795705,136524.93520347693
ANET,2020-07-02,13.156874656677246,9.883567495153201,0.5174999237060547,0.30072534544208107,0.4496882849324772,Hammer,2020-07-10,13.423125267028809,2020-07-24,13.720624923706055,Profit target (+1%),2,0.02216321838312818,0.02141026025302035,2141.026023161009,102141.02602316102
ANET,2022-05-13,27.162500381469727,1.7456965615277653,2.5362510681152344,0.07097101207316395,0.9929900630896151,Hammer,2022-05-20,26.920000076293945,2022-08-05,28.80500030517578,RSI > 90,11,0.07002229656536252,0.0696378913117507,7112.885661558701,109253.91168471971
AON,1997-04-04,17.600679397583008,9.756619034255507,0.6400241851806641,0.333332339960126,0.9269773391509226,Hammer,1997-04-11,17.600679397583008,1997-04-25,18.20514678955078,Profit target (+1%),2,0.034343412450929645,0.03376566041804584,3376.5660384280172,103376.56603842802
AON,1998-08-14,29.14207649230957,8.014178729743321,1.893411636352539,0.3623184609944867,1.3236964813523013,Hammer,1998-08-21,29.14207649230957,1998-08-28,29.85553550720215,Profit target (+1%),1,0.02448209258804379,0.02413480525493471,2494.973286766385,105871.5393251944
AON,1999-06-04,28.65426254272461,9.303270864206297,1.002481460571289,0.1250007134852518,0.6260489084260952,Hammer,1999-06-11,28.570722579956055,1999-11-12,27.039592742919922,RSI > 90,22,-0.05359086851063066,-0.05393143892421217,-5709.804451219245,100161.73487397515
AON,2002-02-08,23.489700317382812,2.884889349303066,1.0259113311767578,0.15915281116546098,0.7370400092115074,Hammer,2002-02-15,23.489700317382812,2002-02-22,24.86005210876465,Profit target (+1%),1,0.05833841099997983,0.0579003678704242,5799.401289943657,105961.1361639188
AON,2002-07-26,16.411630630493164,1.1215295676159087,2.021670341491699,0.20357143699510585,1.1515946913528596,Hammer,2002-08-02,16.7509822845459,2003-01-17,15.597352027893066,RSI > 90,24,-0.06886940939082398,-0.06944566047471017,-7358.541078195498,98602.5950857233
AON,2006-06-16,27.372459411621094,3.2549451665911846,1.5917949676513672,0.3567824443808047,1.1119866528170006,Hammer,2006-06-23,27.43644905090332,2006-07-07,27.996376037597656,Profit target (+1%),2,0.020408143402795842,0.020040012671132448,1975.9972529484394,100578.59233867173
AON,2008-01-11,37.000648498535156,3.2850701530194613,1.8922157287597656,0.38095247695213824,0.9212381544850888,Hammer,2008-01-18,37.22181701660156,2008-04-25,37.86008834838867,RSI > 90,14,0.017147774690913886,0.016876847985873508,1697.4496118354555,102276.04195050719
AON,2010-05-28,33.52577590942383,9.893768953357224,1.4949378967285156,0.3806817746861994,1.0916746992365287,Hammer,2010-06-04,33.33890914916992,2010-06-25,34.00993347167969,Profit target (+1%),3,0.02012736288123196,0.01982443988653385,2027.5652434528788,104303.60719396007
AON,2019-08-09,179.16603088378906,5.134738625553425,8.720428466796875,0.2386115884108892,1.4701711998563465,Hammer,2019-08-16,177.84188842773438,2019-08-23,182.06968688964844,Profit target (+1%),1,0.023772793346332532,0.023715896854883112,2473.6535873305475,106777.2607812906
AON,2022-05-13,271.5655212402344,2.283975625294886,13.113739013671875,0.30036931798348193,0.8136719064042149,Hammer,2022-05-20,270.7525634765625,2022-08-05,278.2820739746094,RSI > 90,11,0.027809563098369905,0.02777211613775581,2965.4304843240106,109742.69126561463
AON,2023-12-29,284.8751525878906,1.1242920324405645,4.825897216796875,0.397565371359914,0.3434060268118747,Hammer,2024-01-05,285.2862854003906,2024-01-19,293.4306335449219,Profit target (+1%),2,0.028547983416380873,0.028512431191563114,3129.030930358761,112871.72219597339
AOS,2022-02-25,64.04618072509766,0.5801574755886065,6.008659362792969,0.37019961476293445,1.5431688553706107,Hammer,2022-03-04,63.0585823059082,2022-08-05,57.729671478271484,RSI > 90,22,-0.0845073046803565,-0.08465917463646105,-8465.917455180188,91534.08254481982
APA,1997-11-28,10.6505765914917,3.3661274277544635,0.706416130065918,0.2307693346167502,0.9207526240920993,Hammer,1997-12-05,10.505670547485352,1997-12-12,11.01284122467041,Profit target (+1%),1,0.04827589775375696,0.047301518484375395,4730.151843707388,104730.1518437074
APA,2001-07-20,14.215705871582031,9.212596164145936,1.172276496887207,0.0886073374926071,0.720510058537071,Hammer,2001-07-27,14.393773078918457,2001-08-03,15.758955001831055,Profit target (+1%),1,0.09484531369416138,0.09411787486926564,9856.979316408262,114587.13116011565
APA,2002-07-26,16.120037078857422,5.4574123958312555,1.6057519912719727,0.196721253057901,1.385655368240192,Hammer,2002-08-02,16.271398544311523,2002-08-16,17.192731857299805,Profit target (+1%),2,0.05662287175126557,0.05599109105784251,6415.85848842712,121002.98964854276
APA,2010-05-28,65.11929321289062,8.678378434862239,6.552650451660156,0.3351826646438514,1.2126511113083709,Hammer,2010-06-04,63.926578521728516,2010-06-18,69.11197662353516,Profit target (+1%),2,0.08111490121505782,0.08095214010784467,9795.450961701463,130798.44061024423
APA,2011-08-12,75.55369567871094,5.67291297935337,7.988853454589844,0.3510540867048987,1.3372478795958962,Hammer,2011-08-19,76.4470443725586,2011-11-04,75.61323547363281,RSI > 90,11,-0.010907012897219182,-0.011037100522960681,-1443.6355358181327,129354.80507442608
APA,2015-06-05,45.114524841308594,4.332948617760309,1.6723136901855469,0.3090899137063827,0.4759710190433125,Hammer,2015-06-12,44.856075286865234,2015-10-23,35.00257873535156,RSI > 90,19,-0.21966916384231627,-0.21986759096703104,-28440.929343283016,100913.87573114308
APA,2017-08-25,31.85402488708496,5.945525521819761,1.3120098114013672,0.3818172302655585,0.4769897810602625,Hammer,2017-09-01,31.798364639282227,2017-09-22,33.659034729003906,Profit target (+1%),3,0.05851464724142108,0.05819101565863278,5872.280916971989,106786.15664811507
APA,2018-12-28,21.55714988708496,1.006870974460142,2.1197032928466797,0.3783782567812586,0.7789745210049233,Hammer,2019-01-04,21.68809700012207,2019-01-11,23.21854019165039,Profit target (+1%),1,0.0705660432780113,0.07008880251260406,7484.513836905226,114270.6704850203
APA,2019-12-06,16.97015380859375,3.239545504220345,1.7742681503295898,0.2057421437229065,0.8064658460141814,Hammer,2019-12-13,16.791879653930664,2019-12-20,18.328447341918945,Profit target (+1%),1,0.0915065924515841,0.09088400461516942,10385.376133353715,124656.046618374
APA,2022-07-08,30.43689727783203,5.048121525647915,4.270772933959961,0.30306795318686175,0.9697727227257569,Hammer,2022-07-15,29.851741790771484,2022-08-05,31.75994300842285,Profit target (+1%),3,0.06392260897289681,0.06357697135720562,7925.2538974335985,132581.3005158076
APA,2023-11-24,33.32259750366211,9.950855161529049,2.755800247192383,0.2688518327031567,0.9552681332883272,Hammer,2023-12-01,32.952144622802734,2024-03-28,30.663055419921875,RSI > 90,17,-0.0694670780637695,-0.06975996340684637,-9248.866663165976,123332.43385264162
APD,1990-02-09,4.658285617828369,6.9767746625057185,0.13962125778198242,0.3636354322130277,,Hammer,1990-02-16,4.670978546142578,1990-03-09,4.734442710876465,Profit target (+1%),3,0.013586909917686851,0.01143379170932941,1143.3791697895617,101143.37916978956
APD,1992-06-12,9.784585952758789,7.766793453595554,0.6701774597167969,0.1599998292378887,1.392967953038584,Hammer,1992-06-19,9.784585952758789,1992-09-18,9.69904613494873,RSI > 90,13,-0.008742303274053231,-0.009759331831918336,-987.0917989324214,100156.28737085716
APD,2000-03-10,12.417015075683594,7.990046492562712,1.5248966217041016,0.36734710469864973,1.0187157710135764,Hammer,2000-03-17,12.26141357421875,2000-03-24,13.755189895629883,Profit target (+1%),1,0.12182741511565975,0.1209625219656459,12115.157098979696,112271.44446983685
APD,2003-02-28,20.47992706298828,3.134236076372474,1.1994171142578125,0.21145442401882833,0.8994843025881534,Hammer,2003-03-07,20.791669845581055,2003-03-28,22.218290328979492,RSI > 90,3,0.06861500273878396,0.06811765989060252,7647.668062175346,119919.11253201218
APD,2008-09-19,49.189815521240234,3.22346799402834,9.130622863769531,0.2989027122193172,2.5148788867442597,Hammer,2008-09-26,49.03066635131836,2009-01-09,31.666006088256836,RSI > 90,15,-0.3541591733352939,-0.3543269941226035,-42490.57863882753,77428.53389318466
APD,2011-08-12,52.297080993652344,2.2176389565740067,4.484066009521484,0.32005723663110364,1.5572371677595602,Hammer,2011-08-19,52.74995040893555,2011-10-21,53.95615005493164,Profit target (+1%),9,0.022866365496938323,0.022674642601758242,1755.6643314504227,79184.19822463508
APD,2015-07-10,96.55833435058594,0.7511404207749166,3.580169677734375,0.2638899543962835,0.9955337637740354,Hammer,2015-07-17,97.35394287109375,2015-08-07,100.998046875,Profit target (+1%),3,0.03743149888373187,0.03732686383743833,2955.697782251982,82139.89600688705
APD,2022-02-25,215.5724639892578,0.329552799808809,12.106781005859375,0.1155552474698461,1.0575126400075692,Hammer,2022-03-04,212.82826232910156,2022-04-01,221.1505584716797,Profit target (+1%),4,0.03910334112350711,0.039055437348532986,3208.0095591039826,85347.90556599102
APH,2020-03-20,16.54222869873047,1.7389435998090477,2.5484094619750977,0.36700607476757924,1.5949068560755364,Hammer,2020-03-27,16.282428741455078,2020-04-03,17.609773635864258,Profit target (+1%),1,0.0815200800498368,0.0808810841367642,8088.108405588313,108088.10840558831
APO,2025-02-28,146.40098571777344,3.8730120889611612,11.239730834960938,0.29581174221803486,1.0745879027247456,Hammer,2025-03-07,147.98985290527344,2025-07-03,142.7185516357422,RSI > 90,17,-0.03561934258361177,-0.03568570910308381,-3568.57090673981,96431.42909326019
APO,2026-01-30,133.4304656982422,2.723970664955459,8.053031921386719,0.30295766948642716,0.8944427064154387,Hammer,2026-02-06,133.1428680419922,2026-05-08,129.7732391357422,RSI > 90,13,-0.025308369541711007,-0.02538252362541866,-2447.6730247448877,93983.7560685153
APTV,2014-10-03,41.83837127685547,3.3628249618001007,2.1431808471679688,0.27469198429395786,1.2375638721089466,Hammer,2014-10-10,41.9772834777832,2014-10-31,44.25276184082031,Profit target (+1%),3,0.05420737538295972,0.05396272368643282,5396.27236324701,105396.272363247
APTV,2018-12-28,51.31732940673828,0.6754123673702281,2.850963592529297,0.2815245068326904,0.6610463707457739,Hammer,2019-01-04,51.41765594482422,2019-01-11,52.50453186035156,Profit target (+1%),1,0.021138184842453,0.020941662692079074,2207.1731826264413,107603.44554587343
APTV,2022-03-11,89.92074584960938,7.436033719353361,11.750350952148438,0.23005411189357863,1.051474848990341,Hammer,2022-03-18,89.734375,2022-03-25,99.93358612060547,Profit target (+1%),1,0.11366002293553024,0.11354225634628574,12217.53798569562,119820.98353156906
APTV,2022-05-13,83.12691497802734,0.9748070597284197,10.732887268066406,0.21231307502731414,1.0527520618077209,Hammer,2022-05-20,81.39881134033203,2022-06-03,88.39594268798828,Profit target (+1%),2,0.08596109982983569,0.0858329755402304,10284.591538386925,130105.57506995597
APTV,2024-11-08,47.64994430541992,2.633268147729652,4.201663970947266,0.30645218400259294,0.823649573602231,Hammer,2024-11-15,48.36151885986328,2024-12-20,48.37845993041992,Profit target (+1%),5,0.00035030063066732176,0.00014350982291589414,18.67142801998853,130124.24649797597
ARE,2018-12-28,86.51161193847656,7.8710289365973125,5.1963348388671875,0.14903963329584463,1.2739055082376307,Hammer,2019-01-04,86.55716705322266,2019-01-18,91.07484436035156,Profit target (+1%),2,0.05219298945344475,0.052074450774289925,5207.445072221548,105207.44507222156
ARE,2025-05-09,69.46052551269531,5.009468534397243,3.1602859497070312,0.21364958657734323,0.5435825573645424,Hammer,2025-05-16,71.5048599243164,2025-07-11,73.1395492553711,RSI > 90,8,0.022861233946684267,0.022719794623765194,2390.2915425416395,107597.73661476318
AVB,2007-11-23,50.611515045166016,7.628301911215601,3.627849578857422,0.3960677967527463,0.7683577869054617,Hammer,2007-11-30,50.473941802978516,2007-12-14,53.12858581542969,Profit target (+1%),2,0.052594347055622936,0.05239103511268787,5239.103506029684,105239.10350602969
AVB,2008-10-10,42.984703063964844,3.8750666327840264,9.19854736328125,0.2643683356667485,1.6814553838548938,Hammer,2008-10-17,43.04814147949219,2009-04-17,30.796056747436523,RSI > 90,26,-0.28461355847133296,-0.28481277580862596,-29973.441163190175,75265.66234283951
AVB,2017-09-08,138.2413330078125,7.27493868677459,4.3968353271484375,0.265992483107815,1.0791437994102786,Hammer,2017-09-15,138.56703186035156,2017-11-17,139.77734375,RSI > 90,9,0.008734486648080964,0.008662006853288145,651.9516823789959,75917.6140252185
AVB,2018-12-28,134.45623779296875,4.828087538597671,8.15325927734375,0.32422164496979405,1.5007136959237135,Hammer,2019-01-04,134.82223510742188,2019-01-18,138.7312469482422,Profit target (+1%),2,0.02899382166232245,0.028918577449977546,2195.4293988103536,78113.04342402885
AVB,2022-05-13,179.49085998535156,3.5891600016617105,10.39471435546875,0.3158325846853036,0.9928842423106728,Hammer,2022-05-20,179.84600830078125,2022-06-03,181.10203552246094,Profit target (+1%),2,0.006983903804965497,0.006928108068184064,541.1756058352507,78654.2190298641
AVB,2022-12-23,143.594482421875,8.071884173655974,4.676971435546875,0.3333333333333333,0.49148413892201953,Hammer,2022-12-30,143.96441650390625,2023-01-13,145.16835021972656,Profit target (+1%),2,0.008362717295406386,0.008292967665031263,652.2768944806728,79306.49592434478
AVB,2024-02-09,161.27444458007812,2.7275536654997836,4.53448486328125,0.3991829647476882,0.6292366614165988,Hammer,2024-02-16,161.5053253173828,2024-02-23,162.83518981933594,Profit target (+1%),1,0.008234183605647205,0.008172013147515245,648.093726729016,79954.5896510738
AVGO,2020-03-20,16.756256103515625,0.5056916736475472,5.41120719909668,0.369280420270346,2.4414403947554035,Hammer,2020-03-27,16.81409454345703,2020-04-03,20.241403579711914,Profit target (+1%),1,0.20383548025121412,0.20318032147481352,20318.032127163322,120318.03212716331
AVGO,2021-05-07,40.88208770751953,6.659302036146258,2.0351638793945312,0.32223817539071725,0.8884598280623163,Hammer,2021-05-14,40.50270080566406,2021-06-04,42.947059631347656,Profit target (+1%),3,0.060350514337596195,0.06009619843304474,7230.656326556802,127548.68845372013
AVGO,2025-03-07,192.5049285888672,7.497362141126743,26.116928100585938,0.3440449544548694,1.2526788908015742,Hammer,2025-03-14,187.21241760253906,2025-03-21,185.68194580078125,Profit target (+1%),1,-0.008175054952856198,-0.008228250455992334,-1049.5025528810443,126499.18590083909
AVY,1990-03-09,5.689752101898193,9.573629610068153,0.20503616333007812,0.375,,Hammer,1990-03-16,5.612863540649414,1990-05-18,5.689752101898193,Profit target (+1%),9,0.013698633628260737,0.011906405480444814,1190.640546853841,101190.64054685384
AVY,1990-07-06,4.720719337463379,4.273059700583886,0.1289815902709961,0.399997781836196,0.4935432714901888,Hammer,1990-07-13,4.746515274047852,1990-07-20,4.9012932777404785,Profit target (+1%),1,0.03260876553771874,0.03046985968526395,3083.2646158413536,104273.9051626952
AVY,1991-09-20,4.598528861999512,7.413614370917173,0.37648773193359375,0.2857139238454212,1.3967322430138829,Hammer,1991-09-27,4.57163667678833,1991-10-25,4.894340515136719,Profit target (+1%),4,0.07058825124639934,0.06832612252887627,7124.631613586103,111398.5367762813
AVY,1994-01-21,6.557812690734863,8.150263148714018,0.17333459854125977,0.333334250321175,0.7508525136635853,Hammer,1994-01-28,6.500034809112549,1994-02-11,6.4711456298828125,Profit target (+1%),2,-0.004444465311052803,-0.0059783199277055575,-665.9760916609068,110732.5606846204
AVY,1994-03-31,6.49293327331543,3.16137593400434,0.5240931510925293,0.33333363661094545,1.7334054652315265,Hammer,1994-04-08,6.434700965881348,1994-04-15,6.522049903869629,Profit target (+1%),1,0.01357466935160323,0.012011262385953876,1330.0378397214981,112062.59852434191
AVY,1996-06-28,13.590648651123047,1.5928944421805227,0.34053993225097656,0.09090909090909091,0.7891092770475654,Hammer,1996-07-05,13.590648651123047,1996-09-27,13.514969825744629,RSI > 90,12,-0.005568448373666435,-0.006301929946633407,-706.2106448318964,111356.38787951002
AVY,2000-09-22,23.765316009521484,1.8379471605836244,1.5709857940673828,0.25531870979021404,0.5944450056842456,Hammer,2000-09-29,23.832164764404297,2000-10-06,24.768070220947266,Profit target (+1%),1,0.03927068589005556,0.03884293562989545,4325.409002056069,115681.79688156609
AVY,2022-02-25,166.1129608154297,0.7561240086035639,13.237808227539062,0.16422973582017467,1.2725001408607768,Hammer,2022-03-04,162.75051879882812,2022-05-06,167.81076049804688,Profit target (+1%),9,0.031092015783209748,0.03102961875880252,3589.562050978664,119271.35893254475
AVY,2024-08-09,199.5519561767578,4.65787204432263,9.494705200195312,0.3286149346318572,1.0742294789091316,Hammer,2024-08-16,198.98553466796875,2024-08-23,205.0337371826172,Profit target (+1%),1,0.030395186890044945,0.03034416950898509,3619.190329396951,122890.5492619417
AVY,2025-04-11,165.0579376220703,8.268968200204,15.126419067382812,0.3247592868131037,1.7485674825386144,Hammer,2025-04-17,167.1591033935547,2025-05-23,176.6240692138672,RSI > 90,5,0.05662249693950838,0.05656098186374779,6950.8101210798795,129841.3593830216
AWK,2022-02-18,134.99403381347656,1.2590308041035314,6.109619140625,0.3949350649350649,0.8448078948336575,Hammer,2022-02-25,133.9924774169922,2022-03-04,138.7362823486328,Profit target (+1%),1,0.035403516847275274,0.03532756752509082,3532.756748976326,103532.75674897633
AWK,2022-05-13,133.962158203125,2.871821473571373,5.0208282470703125,0.29872509839079764,0.6763884489423843,Hammer,2022-05-20,133.83412170410156,2022-06-03,137.72093200683594,Profit target (+1%),2,0.029041998058819907,0.028966196530379486,2998.9501763238713,106531.7069253002
AWK,2024-10-11,132.912353515625,5.693721885913774,8.087478637695312,0.37633225853315244,1.4814091205719713,Hammer,2024-10-18,133.26649475097656,2024-10-25,135.85064697265625,Profit target (+1%),1,0.019390862095596262,0.019315099800520766,2057.670549124332,108589.37747442453
AXON,2024-06-07,280.5,7.567391316593003,9.95989990234375,0.29918864097363085,0.6123901883472097,Hammer,2024-06-14,280.0799865722656,2024-06-21,292.510009765625,Profit target (+1%),1,0.044380262029726225,0.04434376631663842,4434.376627229465,104434.37662722946
AXP,1990-02-16,4.030940055847168,5.442182458921792,0.1563725471496582,0.3333323168779369,,Hammer,1990-02-23,3.996190309524536,1990-03-09,3.891942024230957,Profit target (+1%),2,-0.026086917093290918,-0.028553574425495207,-2855.357439694163,97144.64256030583
AXP,1990-10-19,2.6965394020080566,0.3314129180925107,0.3214418888092041,0.38888909492109996,1.099918397973713,Hammer,1990-10-26,2.714397430419922,1990-11-09,2.8572604656219482,Profit target (+1%),2,0.052631583570253104,0.04885752766983738,4746.247057120358,101890.88961742618
AXP,1997-10-31,15.673240661621094,8.73063436218645,1.594954490661621,0.2440949731259466,1.6531093959688115,Hammer,1997-11-07,15.87417984008789,1997-12-12,17.494251251220703,RSI > 90,5,0.10205701506805176,0.10139512414036003,10331.239391199408,112222.12900862558
AXP,2002-07-26,18.8967342376709,4.509035923504101,3.0690746307373047,0.33673486509984907,1.524375351991869,Hammer,2002-08-02,19.416597366333008,2002-08-09,20.681808471679688,Profit target (+1%),1,0.06516131953894577,0.06462965335295054,7252.87728910469,119475.00629773027
AXP,2011-08-12,36.589839935302734,3.2182262995809907,3.863574981689453,0.3966250433199416,1.8085412473236047,Hammer,2011-08-19,36.80991744995117,2011-09-02,40.1110725402832,Profit target (+1%),2,0.08968113266813127,0.0893973236475748,10680.745795113486,130155.75209284376
AXP,2014-10-17,70.16921997070312,3.5151863747840792,5.811943054199219,0.3903565713595604,2.198412254271404,Hammer,2014-10-24,70.34765625,2014-10-31,73.08373260498047,Profit target (+1%),1,0.03889363911794108,0.038748733882815814,5043.370596119979,135199.12268896372
AXP,2015-07-10,66.35204315185547,5.914493698950963,1.8023452758789062,0.25714430846988406,0.7718959136756213,Hammer,2015-07-17,66.91849517822266,2015-07-24,67.97415161132812,Profit target (+1%),1,0.01577525660572543,0.01562465364848009,2112.439463480985,137311.5621524447
AXP,2016-02-12,45.56557083129883,8.095782372409346,2.7515869140625,0.24842786477973472,0.9059087323564678,Hammer,2016-02-19,45.86841583251953,2016-02-26,47.772029876708984,Profit target (+1%),1,0.04150163047139377,0.04127911579776186,5668.099868794239,142979.66202123897
AXP,2020-03-13,91.81503295898438,2.238219206884878,19.870208740234375,0.1746694475715973,2.666285089618151,Hammer,2020-03-20,75.99629974365234,2020-04-03,81.59185791015625,Profit target (+1%),2,0.07362935018387229,0.07349292953335866,10507.994215122359,153487.65623636133
AXP,2022-03-11,159.22430419921875,7.820274372374016,15.732757568359375,0.26582300579402596,1.2470124253317145,Hammer,2022-03-18,162.47706604003906,2022-03-25,180.91256713867188,Profit target (+1%),1,0.11346525111482353,0.11340021423713541,17405.533082553637,170893.18931891496
AXP,2025-03-14,262.00469970703125,6.053329168540998,14.864334106445312,0.1964175911487873,0.9710148034246245,Hammer,2025-03-21,261.5707092285156,2025-03-28,271.47369384765625,Profit target (+1%),1,0.037859684856720976,0.03782073132218098,6463.305391557986,177356.49471047294
AZO,2001-01-26,26.75,9.42819046244172,1.625,0.2692307692307692,0.9197442326755096,Hammer,2001-02-02,26.5,2001-03-16,27.600000381469727,Profit target (+1%),6,0.041509448357348155,0.041124330559129445,4112.433051800512,104112.43305180052
AZO,2005-10-14,82.0,3.1423650020483365,2.7999954223632812,0.27857144803420153,0.674222410333138,Hammer,2005-10-21,82.5999984741211,2005-11-11,86.54000091552734,Profit target (+1%),3,0.0476997883073893,0.04757584303615061,4953.2367680309635,109065.66981983148
AZO,2012-07-06,364.5199890136719,6.626657750456047,11.32000732421875,0.3842759089218028,0.811523408893347,Hammer,2012-07-13,357.2799987792969,2012-07-20,378.8599853515625,Profit target (+1%),1,0.06040076871360567,0.06037193457873076,6584.505476563811,115650.1752963953
AZO,2017-02-03,724.719970703125,1.1223597580819415,18.8299560546875,0.3823701014553823,0.6877449308616548,Hammer,2017-02-10,723.6400146484375,2017-02-17,741.0,Profit target (+1%),1,0.023989808468505514,0.023972307502292897,2772.4015623341693,118422.57685872947
AZO,2022-02-25,1864.6300048828125,9.680403806776695,168.6400146484375,0.37375488509220783,1.6689180961728727,Hammer,2022-03-04,1829.68994140625,2022-03-11,1878.7099609375,Profit target (+1%),1,0.026791435216381165,0.026774320308980533,3170.6840016859205,121593.2608604154
AZO,2023-06-09,2363.18994140625,3.5445935521145344,93.489990234375,0.3661352448849021,0.7672944797840506,Hammer,2023-06-16,2390.330078125,2023-06-23,2493.830078125,Profit target (+1%),1,0.043299459328724366,0.043282654947899554,5262.879148904423,126856.14000931982
AZO,2023-10-27,2446.169921875,5.220445297978145,113.829833984375,0.377844790422244,1.0254355770202517,Hammer,2023-11-03,2455.429931640625,2023-11-10,2581.7099609375,Profit target (+1%),1,0.051428887328297535,0.051412716026781366,6522.018696436091,133378.1587057559
BA,1990-09-28,11.375588417053223,4.029894479457255,1.0248279571533203,0.1666669768567201,0.9615608323867849,Hammer,1990-10-05,11.546393394470215,1990-10-12,11.956324577331543,Profit target (+1%),1,0.03550296346715953,0.034621899644832546,3462.1899610210658,103462.18996102107
BA,1998-05-29,30.20547866821289,4.721040338554161,2.174478530883789,0.2727267942806168,1.0790813395216357,Hammer,1998-06-05,30.047334671020508,1998-07-10,31.154340744018555,Profit target (+1%),5,0.03684207218771096,0.036503189685821315,3776.6999416809304,107238.889902702
BA,1998-09-04,21.547412872314453,2.7742372751956026,3.8094863891601562,0.1770833959188251,1.6797495901936155,Hammer,1998-09-11,23.96802520751953,1998-11-06,24.206117630004883,RSI > 90,8,0.009933752172901267,0.009514544806543908,1020.329221962958,108259.21912466496
BA,2002-10-11,21.463075637817383,5.887198162248268,2.0524044036865234,0.33006521066380684,0.9454216763076572,Hammer,2002-10-18,20.32284927368164,2002-11-15,22.254526138305664,Profit target (+1%),4,0.09504950996834727,0.0945341948748119,10234.198107491844,118493.41723215679
BA,2003-08-08,21.9930477142334,7.89909430798707,1.1252269744873047,0.2727280432177346,0.7758913447248589,Hammer,2003-08-15,22.0953426361084,2003-08-22,22.690998077392578,Profit target (+1%),1,0.02695841612841776,0.026499835361254123,3140.0560449044915,121633.47327706129
BA,2004-10-22,34.52372741699219,6.97005753642118,1.2551536560058594,0.32777762581641245,0.8102506655577486,Hammer,2004-10-29,34.202964782714844,2004-11-05,34.93513870239258,Profit target (+1%),1,0.021406738402039105,0.02111127990995378,2567.8382982040857,124201.31157526537
BA,2007-11-23,65.6216049194336,9.403049609922363,2.3232078552246094,0.11987225273597531,0.6690329645755216,Hammer,2007-11-30,66.32516479492188,2007-12-07,67.7909164428711,Profit target (+1%),1,0.022099479925625998,0.02194705308587852,2725.852775752235,126927.1643510176
BA,2008-09-19,44.490352630615234,8.073433414277886,6.551456451416016,0.36818201668195116,1.6273717537955699,Hammer,2008-09-26,44.17022705078125,2009-04-17,28.009933471679688,RSI > 90,29,-0.36586394633024033,-0.36604890701553483,-46461.549734809596,80465.61461620803
BA,2011-08-12,50.2072868347168,4.568946448978664,4.9021759033203125,0.22404978382601495,1.4822521046990407,Hammer,2011-08-19,50.4593391418457,2011-09-02,52.02857208251953,Profit target (+1%),2,0.03109895942676877,0.030897718412424266,2486.2038998080416,82951.81851601608
BA,2014-07-11,110.71003723144531,8.378326650805874,3.7893295288085938,0.3216107112296774,0.9298564934772534,Hammer,2014-07-18,111.41878509521484,2014-11-21,112.56392669677734,RSI > 90,18,0.010277814468932611,0.01018760582035954,845.0804282780932,83796.89894429417
BA,2016-01-22,111.75440979003906,5.43204525433805,6.636566162109375,0.35270293883669707,1.014349327875319,Hammer,2016-01-29,111.74544525146484,2016-03-24,120.79899597167969,RSI > 90,8,0.08101941604726082,0.0809263059298307,6781.373473155683,90578.27241744986
BA,2019-08-16,326.5896301269531,8.62493987652276,17.640472412109375,0.3893205176777506,0.8321548734150839,Hammer,2019-08-23,330.27606201171875,2019-08-30,360.7755432128906,Profit target (+1%),1,0.09234541860345202,0.09231374337802649,8361.619387207822,98939.89180465767
BA,2020-01-24,321.1393127441406,8.21915228832151,23.738677978515625,0.1675012116436058,1.2948596354554696,Hammer,2020-01-31,314.3397521972656,2020-02-14,335.22552490234375,Profit target (+1%),2,0.06644330715120983,0.06641043809116183,6570.641552868827,105510.53335752651
BA,2021-12-03,198.49000549316406,9.437805175317905,16.279998779296875,0.35565071991871977,1.097293700354719,Hammer,2021-12-10,199.77000427246094,2021-12-17,202.5,Profit target (+1%),1,0.013665693893742503,0.013615295554339804,1436.5570943221956,106947.0904518487
BA,2024-01-19,215.02000427246094,4.424643611974616,15.660003662109375,0.32503161862000557,1.0528577289671752,Hammer,2024-01-26,213.07000732421875,2024-12-20,168.08999633789062,RSI > 90,47,-0.21110437621511002,-0.21114635428767353,-22581.488228000424,84365.60222384825
BAC,1997-10-31,14.292567253112793,7.90516258531342,1.672694206237793,0.31250032070524364,1.7975540429293018,Hammer,1997-11-07,14.755545616149902,1997-12-19,14.93716812133789,Profit target (+1%),6,0.012308762407891027,0.011627111195687123,1162.7111184060013,101162.71111840599
BAC,1999-05-28,16.040355682373047,1.8283647171474513,1.2243366241455078,0.3544309516205669,0.9632715873846857,Hammer,1999-06-04,16.086849212646484,1999-06-18,16.84185218811035,Profit target (+1%),2,0.04693293046287339,0.04629691501697477,4683.521434852089,105846.23255325807
BAC,2002-07-26,17.301223754882812,4.575625330527345,2.0598697662353516,0.18119939072099558,1.8158551499407436,Hammer,2002-08-02,17.736209869384766,2002-08-16,19.041166305541992,Profit target (+1%),2,0.07357583417017222,0.07299143889796808,7725.868808265388,113572.10136152347
BAC,2003-10-31,22.26010513305664,7.829514668589582,0.9993972778320312,0.2852938706648447,1.1053288219873914,Hammer,2003-11-07,22.26598358154297,2003-12-19,22.783138275146484,Profit target (+1%),6,0.023226222713655487,0.022771993511046237,2586.2631526542355,116158.3645141777
BAC,2009-01-23,4.764472961425781,3.1845944784603546,1.397273302078247,0.34972696430341726,0.42645415123483865,Hammer,2009-01-30,4.932451248168945,2009-02-06,4.733931541442871,Profit target (+1%),1,-0.04024767741997859,-0.04223225632929619,-4905.6298200489455,111252.73469412875
BAC,2010-05-28,12.083934783935547,6.650717374102328,1.0748100280761719,0.32857180884101433,1.0259758390286642,Hammer,2010-06-04,11.961099624633789,2010-06-25,12.314550399780273,Profit target (+1%),3,0.029550023512767698,0.028701981925626445,3193.173977174224,114445.90867130298
BAC,2010-10-29,8.803171157836914,3.20298594504564,0.5304965972900391,0.3913055984007651,0.6463310220949471,Hammer,2010-11-05,8.84161376953125,2010-11-12,9.702710151672363,Profit target (+1%),1,0.09739131391471822,0.09620589349931687,11010.37089005355,125456.27956135654
BAC,2011-08-12,5.541675090789795,1.300039753422567,1.0790462493896484,0.3714282936590005,1.5978211932929278,Hammer,2011-08-19,5.749776840209961,2011-09-02,6.24305534362793,Profit target (+1%),2,0.08579089539063856,0.08397866969248736,10535.651451595862,135991.9310129524
BAC,2011-10-07,4.553018093109131,6.928721538911802,0.9260375499725342,0.3583332282034138,1.1997763450343601,Hammer,2011-10-14,4.73822546005249,2011-10-28,5.085489749908447,Profit target (+1%),2,0.07328994636994546,0.07110441885936085,9669.627214568645,145661.55822752105
BALL,1991-11-29,1.1395732164382935,2.6244112497870447,0.056328773498535156,0.3846144078557521,1.1448989941555925,Hammer,1991-12-06,1.1222412586212158,1991-12-13,1.2002348899841309,Profit target (+1%),1,0.0694980965668095,0.06031861488647188,6031.861482615326,106031.86148261532
BALL,1992-04-03,1.218682885169983,4.14279580477519,0.06988859176635742,0.3749991471477208,1.225652618898636,Hammer,1992-04-10,1.223050832748413,1992-04-16,1.2361550331115723,Profit target (+1%),1,0.010714354638647228,0.0025277458232016562,268.0215947209559,106299.88307733629
BALL,1992-07-10,1.1894577741622925,2.170426007082341,0.06608092784881592,0.26666750852835963,1.2089393303470979,Hammer,1992-07-17,1.1850523948669434,1992-11-13,1.1607128381729126,RSI > 90,17,-0.02053880216559001,-0.028855499843660384,-3067.3362564518584,103232.54682088444
BALL,1996-05-24,1.2542445659637451,6.43365808442465,0.05039381980895996,0.33333254481541585,0.6905459889902711,Hammer,1996-05-31,1.2542445659637451,1996-07-05,1.283643364906311,Profit target (+1%),5,0.023439446931130536,0.01540510832200356,1590.3085645417204,104822.85538542616
BALL,2007-11-23,9.468729019165039,2.6943345426518306,0.32277393341064453,0.04516136657083849,0.5720050058021199,Hammer,2007-11-30,9.410421371459961,2007-12-07,9.779219627380371,Profit target (+1%),1,0.03919040831039777,0.03810750913474784,3994.537915135942,108817.3933005621
BALL,2016-01-29,29.90032196044922,4.223269653159974,2.5770721435546875,0.3333333333333333,1.572592307914752,Hammer,2016-02-05,29.730304718017578,2016-03-04,29.98549461364746,Profit target (+1%),4,0.008583494116534585,0.008245750227046194,897.281044617404,109714.6743451795
BALL,2017-11-24,36.23903274536133,6.537780553439632,0.5534782409667969,0.147541887505083,0.48788459716533766,Hammer,2017-12-01,36.29347229003906,2018-03-16,38.23661422729492,RSI > 90,15,0.05353970878639691,0.05325684017248162,5843.056870334038,115557.73121551353
BALL,2018-06-29,32.5048828125,9.909333153718151,1.1795024871826172,0.3488362691401506,0.7864163036119428,Hammer,2018-07-06,32.07514190673828,2018-07-13,33.85810852050781,Profit target (+1%),1,0.0555871777264052,0.055266794608446745,6386.505390119377,121944.2366056329
BALL,2025-08-22,52.95645523071289,7.157072401656393,1.8135108947753906,0.2907608524172225,0.649354522242535,Hammer,2025-08-29,52.729766845703125,2025-12-26,51.38719940185547,RSI > 90,17,-0.02546128162819783,-0.02564849576001984,-3127.686232410745,118816.55037322217
BAX,1990-08-24,2.3930206298828125,3.46983576999763,0.20808863639831543,0.24999914068380946,1.278026624812236,Hammer,1990-08-31,2.445042610168457,1990-09-14,2.527095079421997,Profit target (+1%),2,0.03355870728481358,0.029408659651264588,2940.865962185593,102940.86596218559
BAX,1996-07-26,5.9358625411987305,4.462983397221322,0.49895668029785156,0.3793105425520935,1.570475595780941,Hammer,1996-08-02,5.918657302856445,1996-08-09,6.142327308654785,Profit target (+1%),1,0.037790666759907277,0.0360706224000005,3713.14110193792,106654.0070641235
BAX,2001-11-09,16.279205322265625,2.720367827155755,1.182882308959961,0.35362343611681296,1.0649399100147956,Hammer,2001-11-16,16.286062240600586,2001-11-23,16.886075973510742,Profit target (+1%),1,0.03684216135526874,0.03621702036345563,3862.690341822811,110516.69740594632
BAX,2002-05-24,18.303720474243164,4.081715623746135,0.6554393768310547,0.3756616682041328,0.7447803053761194,Hammer,2002-05-31,18.13032341003418,2002-06-07,18.674787521362305,Profit target (+1%),1,0.03003057910300666,0.029470889448401497,3257.0253681960594,113773.72277414237
BAX,2002-07-05,14.995318412780762,1.0638572969344011,1.5258874893188477,0.35454488068504614,1.3943672423984341,Hammer,2002-07-12,14.90861988067627,2002-12-06,11.236084938049316,RSI > 90,21,-0.24633634582011776,-0.24692428612844358,-28093.495248087056,85680.2275260553
BAX,2003-02-14,9.572610855102539,6.155369726556515,0.63958740234375,0.038672583261761616,0.7007816028345276,Hammer,2003-02-21,9.572610855102539,2003-02-28,9.83763313293457,Profit target (+1%),1,0.02768547492879292,0.02662691997933562,2281.4005598661433,87961.62808592143
BAX,2004-07-30,10.840225219726562,3.6074702945023063,0.36049938201904297,0.2500006613564156,0.6267545051005979,Hammer,2004-08-06,10.814990043640137,2004-08-20,11.143045425415039,Profit target (+1%),2,0.030333396558956505,0.029395163996648183,2585.646480412189,90547.27456633362
BAX,2011-08-12,21.89789581298828,4.807832691539872,1.647787094116211,0.24438862619586418,1.571427861927221,Hammer,2011-08-19,22.1608829498291,2011-09-23,23.078052520751953,Profit target (+1%),5,0.041386869512341606,0.04092639002814226,3705.773071181282,94253.04763751492
BAX,2013-10-04,28.363693237304688,6.937811499147941,1.5248584747314453,0.367667127391443,1.2716292773248823,Hammer,2013-10-11,28.464040756225586,2013-10-18,28.699642181396484,Profit target (+1%),1,0.008277160196215938,0.007924447722094783,746.903347904693,94999.95098541961
BAX,2014-09-26,32.447322845458984,9.974667454675583,0.6015396118164062,0.18656858393049655,0.7134993306303294,Hammer,2014-10-03,32.1600227355957,2014-10-10,32.94112777709961,Profit target (+1%),1,0.024288074916046565,0.023973402656748445,2277.4720750673587,97277.42306048697
BAX,2015-10-02,28.444318771362305,4.007250706984394,1.831289291381836,0.36574063948056657,1.11470710078595,Hammer,2015-10-09,28.68170928955078,2015-10-30,30.072132110595703,Profit target (+1%),3,0.04847768335590352,0.04812064036734066,4681.051886274292,101958.47494676127
BAX,2021-08-13,67.37682342529297,2.767596299435141,1.2390975952148438,0.25889871991429153,0.4226235255867106,Hammer,2021-08-20,67.57563018798828,2021-09-10,74.66767883300781,RSI > 90,3,0.10494979662476256,0.10479406044778625,10684.642576050359,112643.11752281162
BAX,2023-03-03,37.259193420410156,8.857532064876537,1.8331069946289062,0.3231565453720621,0.6052145202480127,Hammer,2023-03-10,37.31517028808594,2023-04-06,38.08945846557617,Profit target (+1%),4,0.020749956961537697,0.02047922535161157,2306.8437857508816,114949.9613085625
BBY,2002-06-28,13.054827690124512,1.0815090629834572,1.4745121002197266,0.31707324960643873,1.0914706254045636,Hammer,2002-07-05,13.097984313964844,2002-07-12,13.27420711517334,Profit target (+1%),1,0.013454192414981803,0.012685873479321893,1268.5873466636017,101268.58734666361
BBY,2002-07-26,10.487018585205078,1.8443836843880348,2.218960762023926,0.36628875740357036,1.5237146461236706,Hammer,2002-08-02,10.825078010559082,2002-12-06,10.645259857177734,RSI > 90,18,-0.016611257046457162,-0.017526942391022527,-1774.9286946702773,99493.65865199335
BBY,2003-12-26,18.18325424194336,8.206679526572444,1.1868019104003906,0.37575736147316247,0.8754926539472793,Hammer,2004-01-02,18.683149337768555,2004-01-16,19.501935958862305,Profit target (+1%),2,0.04382487161511617,0.04327804784068161,4305.891314679522,103799.54996667287
BBY,2006-12-22,27.53557777404785,4.0983416285575345,2.205934524536133,0.2550000216161066,1.0821853173499913,Hammer,2006-12-29,27.386676788330078,2007-02-09,28.237699508666992,RSI > 90,6,0.031074333221019046,0.030703586598072898,3187.0184680557168,106986.56843472859
BBY,2010-12-23,19.967355728149414,3.895810760502414,0.6045417785644531,0.08653937164383475,0.39245816980435627,Hammer,2010-12-31,19.955732345581055,2011-01-14,20.61555290222168,Profit target (+1%),2,0.03306421158663886,0.03255494564980145,3482.9419171684103,110469.51035189698
BBY,2015-01-23,22.772703170776367,6.729847222158767,1.1452064514160156,0.23037783677371432,0.6712200019617951,Hammer,2015-01-30,22.772703170776367,2015-02-13,24.09964942932129,Profit target (+1%),2,0.05826915885189066,0.05781734219078566,6387.053475277113,116856.5638271741
BBY,2018-10-12,53.464820861816406,8.96021087420857,2.0588951110839844,0.2759858224620966,0.6400330899002147,Hammer,2018-10-19,53.67145538330078,2019-02-01,43.671871185302734,RSI > 90,15,-0.18631103119125214,-0.1864799776088068,-21791.40938414212,95065.15444303199
BBY,2021-12-23,78.99876403808594,3.040207738172782,3.600372314453125,0.22371309662052774,0.5579160786102801,Hammer,2021-12-31,79.64311981201172,2022-01-07,82.50247955322266,Profit target (+1%),1,0.03590215636906402,0.035774350329123725,3400.8941357363856,98466.04857876837
BBY,2023-03-17,64.58895874023438,3.8772157453271348,3.5943603515625,0.175643148242486,0.6976497494602706,Hammer,2023-03-24,64.71521759033203,2023-04-06,66.63994598388672,Profit target (+1%),2,0.029741511582929814,0.029584702660837615,2913.0887664773654,101379.13734524575
BBY,2024-05-03,66.64646911621094,4.485252241887309,3.7050704956054688,0.32367167664337737,0.8934742266878314,Hammer,2024-05-10,66.9686508178711,2024-06-07,76.70564270019531,RSI > 90,4,0.14539626770748426,0.14523610051923128,14723.910567303155,116103.0479125489
BBY,2026-01-02,67.24756622314453,4.727135346972787,2.5176544189453125,0.20849469990363462,0.5167369641695021,Hammer,2026-01-09,67.09203338623047,2026-01-16,67.83080291748047,Profit target (+1%),1,0.011011285453178976,0.010861427018017105,1261.0447802104482,117364.09269275934
BDX,1993-08-13,4.051234722137451,1.3600173050933648,0.08681225776672363,0.3333324178766715,0.43372858725843627,Hammer,1993-08-20,4.036766052246094,1993-08-27,4.152515411376953,Profit target (+1%),1,0.028673784319617868,0.026164146505236793,2616.414647907265,102616.41464790725
BDX,1996-03-15,10.078534126281738,8.976598415815872,0.39345645904541016,0.3846168762073738,1.0011678119699987,Hammer,1996-03-22,10.04826831817627,1996-05-24,10.169332504272461,Profit target (+1%),9,0.012048263667203019,0.011047570061905952,1133.6620291906856,103750.07667709794
BDX,1997-04-04,11.141008377075195,0.8721607179417248,0.550929069519043,0.22222260689538179,1.0697759566674983,Hammer,1997-04-11,11.079793930053711,1997-05-09,11.35525894165039,Profit target (+1%),4,0.024861925531799445,0.02394857435075415,2484.666422713258,106234.7430998112
BDX,1997-10-31,11.338104248046875,8.75638598596501,1.5537967681884766,0.33663337167351837,2.143069589997925,Hammer,1997-11-07,11.353487968444824,1997-11-28,12.799596786499023,RSI > 90,3,0.12737132606943558,0.12643485841107324,13431.774688729594,119666.51778854079
BDX,2005-10-14,27.726802825927734,3.727857412506168,1.170114517211914,0.2119834973438287,1.1627023680532522,Hammer,2005-10-21,27.6351375579834,2005-11-11,31.220964431762695,RSI > 90,3,0.12975607109809384,0.12937080599826742,15481.353841828175,135147.87163036896
BDX,2008-04-18,47.01626205444336,9.834667397184461,1.9850349426269531,0.22471918749339406,0.9592844982478616,Hammer,2008-04-25,46.83782958984375,2008-05-02,49.57561492919922,Profit target (+1%),1,0.05845243819643442,0.058232719142715654,7870.028043517039,143017.899673886
BDX,2010-05-28,41.2294807434082,0.17894262045741982,1.5670661926269531,0.36531425497265074,0.9302410518805763,Hammer,2010-06-04,41.1080436706543,2010-08-13,41.622711181640625,Profit target (+1%),10,0.012519873606968268,0.012275119181860897,1755.5617618808137,144773.46143576677
BDX,2020-03-27,149.53640747070312,2.674170774758366,17.7030029296875,0.2656009736386642,1.5143202859770974,Hammer,2020-04-03,151.9322509765625,2020-04-09,159.55474853515625,Profit target (+1%),1,0.050170372054644474,0.05010290438760179,7253.570888924805,152027.03232469157
BDX,2023-03-03,174.4080810546875,4.943230174105366,7.0286712646484375,0.2813814094144771,0.8375837325249383,Hammer,2023-03-10,173.98165893554688,2023-03-31,179.2998046875,Profit target (+1%),3,0.030567278094085104,0.03050892398548501,4638.181168294706,156665.21349298628
BDX,2025-09-26,142.36428833007812,8.98003829633889,7.742889404296875,0.35358408317863466,1.0691025369267155,Hammer,2025-10-03,142.36428833007812,2025-10-10,149.55189514160156,Profit target (+1%),1,0.050487428384137,0.05041541540112504,7898.341809256501,164563.55530224278
BDX,2025-11-07,137.15093994140625,9.52224094836204,13.8045654296875,0.13128498412726486,1.743547812009356,Hammer,2025-11-14,136.36431884765625,2025-11-21,148.2639923095703,Profit target (+1%),1,0.08726383530876691,0.08718730549058856,14347.85295440615,178911.40825664895
BEN,1999-09-24,4.846564769744873,2.343833070881928,0.20813465118408203,0.3809525991431648,0.4131365183687284,Hammer,1999-10-01,4.886209487915039,1999-10-29,4.994328022003174,Profit target (+1%),4,0.022127281762180262,0.0200601782300598,2006.0178209999622,102006.01782099996
BEN,2000-03-03,4.426873207092285,8.523092870236184,0.5769855976104736,0.12068991877450617,1.1965328651818683,Hammer,2000-03-10,4.74521017074585,2000-03-31,5.39183235168457,Profit target (+1%),3,0.1362683964822331,0.13401979239978806,13670.825318228672,115676.84313922863
BEN,2001-03-23,6.195973873138428,8.481188945070059,1.065783977508545,0.32932324166450794,1.8706023964422989,Hammer,2001-03-30,6.195973873138428,2001-04-06,6.238454341888428,Profit target (+1%),1,0.006856140716500869,0.005237962522419268,605.9109684691409,116282.75410769778
BEN,2002-07-26,5.1097412109375,2.489780071282283,0.48910951614379883,0.3245032596074822,1.025830630645365,Hammer,2002-08-02,5.376970291137695,2002-08-16,5.409361839294434,Profit target (+1%),2,0.006024126302152988,0.004160474128519355,483.79138957426306,116766.54549727203
BEN,2006-06-16,14.535794258117676,6.936385096729808,1.1674432754516602,0.2855051615280116,1.424168195232816,Hammer,2006-06-23,14.580236434936523,2006-06-30,14.802443504333496,Profit target (+1%),1,0.015240292596663929,0.014549443222508524,1698.8882223021296,118465.43371957417
BEN,2010-02-12,17.728862762451172,6.110941440124435,0.4945831298828125,0.2527496683429488,0.4465908848825723,Hammer,2010-02-19,17.87017250061035,2010-02-26,18.520557403564453,Profit target (+1%),1,0.03639499858951489,0.03582538310789642,4244.069543802787,122709.50326337694
BEN,2019-08-30,18.92095947265625,9.025901909138781,0.7415771484375,0.310679012345679,0.5902777346109949,Hammer,2019-09-06,18.726564407348633,2019-09-13,19.496938705444336,Profit target (+1%),1,0.041138047606500416,0.0405932084240331,4981.172436598657,127690.6756999756
BEN,2022-02-25,24.242536544799805,2.9944133360048824,2.0703659057617188,0.027132075749814827,1.1530198208359277,Hammer,2022-03-04,23.66476058959961,2022-06-03,22.177433013916016,RSI > 90,13,-0.06284988897530863,-0.06325909254618794,-8077.5962633124345,119613.07943666316
BEN,2023-05-19,20.81452751159668,3.977253972587633,0.7139320373535156,0.3928550437342709,0.4783809527261374,Hammer,2023-05-26,20.899518966674805,2023-06-09,21.24798583984375,Profit target (+1%),2,0.016673439887520347,0.016191086420525434,1936.6657042475217,121549.74514091069
BF.B,1992-03-13,1.1907345056533813,4.091741013685052,0.04610598087310791,0.304347601256577,0.8354383772281176,Hammer,1992-03-20,1.1907345056533813,1992-04-24,1.200757622718811,Profit target (+1%),5,0.008417591845908401,1.933294165261536e-05,1.9332941633282417,100001.93329416333
BF.B,1993-01-15,1.3295711278915405,0.942578006398918,0.03693258762359619,0.3333333333333333,1.1237771036201198,Hammer,1993-01-22,1.3254674673080444,1993-03-12,1.3162075281143188,RSI > 90,7,-0.00698616859494261,-0.014476069251580051,-1447.6349102105623,98554.29838395276
BF.B,1994-06-03,1.490871548652649,6.79585246950181,0.09639251232147217,0.3333333333333333,2.3619467715453437,Hammer,1994-06-10,1.484445333480835,1994-08-19,1.4834961891174316,RSI > 90,10,-0.0006393932750474729,-0.007351155572668886,-724.4879790511785,97829.81040490158
BF.B,1997-06-27,2.792753219604492,4.129822695022668,0.09848499298095703,0.3571425113054256,0.7948878891535922,Hammer,1997-07-03,2.799787759780884,1997-07-11,2.8842034339904785,Profit target (+1%),1,0.030150740503344986,0.02653165964165796,2595.58722987519,100425.39763477677
BF.B,1999-12-31,3.381173610687256,3.5301168395566265,0.199326753616333,0.31481501416803326,1.0494798435973023,Hammer,2000-01-07,3.3664088249206543,2000-01-14,3.410703659057617,Profit target (+1%),1,0.013157889145566593,0.010172256145105765,1021.5528671934953,101446.95050197026
BF.B,2001-03-23,3.617335557937622,2.8844875118598168,0.1623239517211914,0.3071165449535571,0.771599677032876,Hammer,2001-03-30,3.623414993286133,2001-04-06,3.766892671585083,Profit target (+1%),1,0.039597362864811636,0.03678677288731626,3731.9059244948885,105178.85642646516
BF.B,2002-12-06,4.1168951988220215,5.890914101250445,0.15862584114074707,0.2012490136399504,0.7200354964716221,Hammer,2002-12-13,4.109961032867432,2003-02-14,4.418838977813721,Profit target (+1%),9,0.07515349719284115,0.07263202313680754,7639.353125830623,112818.20955229578
BF.B,2004-07-30,6.030640602111816,3.203034241119127,0.12577390670776367,0.3299010111196624,0.7532713177468728,Hammer,2004-08-06,6.016378402709961,2004-09-10,6.492642402648926,RSI > 90,5,0.07916124420040482,0.07743476140431897,8736.051130008433,121554.26068230422
BF.B,2005-08-19,7.453314781188965,7.894552953232022,0.17164373397827148,0.36922961526601344,0.7222722087797571,Hammer,2005-08-26,7.453314781188965,2005-09-02,7.537816047668457,Profit target (+1%),1,0.011337407443565928,0.009989021470023724,1214.2081185141892,122768.46880081842
BF.B,2011-08-12,13.155421257019043,6.891467138233992,1.4093027114868164,0.18929989355518248,2.277301735486809,Hammer,2011-08-19,13.219215393066406,2011-09-02,14.019559860229492,Profit target (+1%),2,0.0605440219684199,0.059764942090815565,7337.250421121758,130105.71922194018
BF.B,2014-10-17,27.735624313354492,6.373363624032081,2.0222530364990234,0.3871999154910714,1.969154070651223,Hammer,2014-10-24,28.149782180786133,2014-10-31,28.748369216918945,Profit target (+1%),1,0.02126435765252155,0.02090540187288283,2719.9123435752035,132825.6315655154
BF.B,2018-06-29,42.485389709472656,4.787443564702485,1.5777053833007812,0.38461650055852953,0.6989709288736252,Hammer,2018-07-06,42.390037536621094,2018-07-13,43.699012756347656,Profit target (+1%),1,0.030879312588381946,0.030639794070343857,4069.7499943610064,136895.3815598764
BF.B,2024-06-14,41.2116584777832,4.020274218889341,1.6990585327148438,0.17222124930960625,0.6935711935283603,Hammer,2024-06-21,41.17390060424805,2024-07-19,41.84408950805664,Profit target (+1%),4,0.01627703214835674,0.0160322129566639,2194.7359077569627,139090.1174676334
BG,2023-05-12,82.21099853515625,9.922176447149027,3.1739044189453125,0.30405519098098605,0.5849682789206528,Hammer,2023-05-19,82.67530822753906,2023-06-02,86.0609130859375,Profit target (+1%),2,0.040950616707476684,0.04082719248105187,4082.719244022468,104082.71924402246
BIIB,2005-03-18,35.24131774902344,7.565929298925994,5.158166885375977,0.2928576578975101,1.0129932281611218,Hammer,2005-03-24,34.9834098815918,2005-04-01,35.92293167114258,Profit target (+1%),1,0.026856209635675254,0.0265665628331348,2656.6562806568236,102656.65628065683
BIIB,2007-12-21,53.1198844909668,7.919755255163494,3.2514877319335938,0.2974513056720298,0.6433488483009414,Hammer,2007-12-28,52.788291931152344,2008-01-18,55.22920608520508,Profit target (+1%),3,0.04623968809667556,0.046045890777617934,4726.917177967673,107383.57345862451
BIIB,2011-08-12,83.8017578125,4.425747749524547,9.247848510742188,0.287848538197922,1.6295014162591512,Hammer,2011-08-19,84.13334655761719,2011-09-02,85.80976104736328,Profit target (+1%),2,0.01992568414710605,0.019805648172619504,2126.8012733133573,109510.37473193786
BIIB,2022-12-30,276.9200134277344,5.0157380412850046,7.69000244140625,0.3862159008833824,0.47735874941981693,Hammer,2023-01-06,276.7300109863281,2023-01-20,287.32000732421875,Profit target (+1%),2,0.03826833345666225,0.03823150637926809,4186.746585973375,113697.12131791122
BIIB,2024-03-28,215.6300048828125,8.41555048399573,7.2449951171875,0.3630077841990868,0.5940835391582395,Hammer,2024-04-05,215.69000244140625,2024-05-17,223.0,RSI > 90,6,0.03389122108512921,0.03384407369650028,3847.9737491153473,117545.09506702657
BIIB,2024-08-09,202.0,3.8147513172183665,7.920013427734375,0.3560609271625251,0.5903450788206601,Hammer,2024-08-16,202.0,2024-08-30,206.22999572753906,Profit target (+1%),2,0.02094057290860918,0.02089055086527094,2455.5817850052454,120000.67685203181
BIIB,2024-11-22,157.89999389648438,1.002662707669515,6.4900054931640625,0.34052462916941945,0.6005910407403515,Hammer,2024-11-29,159.99000549316406,2025-03-14,150.2899932861328,RSI > 90,15,-0.0606288635163883,-0.060689470756298824,-7282.777561264673,112717.89929076713
BKNG,2020-09-25,64.93152618408203,7.762202782787213,3.606586456298828,0.38357810343277504,0.6425774496277594,Hammer,2020-10-02,66.38935852050781,2020-10-16,71.7099380493164,Profit target (+1%),2,0.08014205359681337,0.07998540308463516,7998.540300464974,107998.54030046499
BKNG,2022-05-13,82.3268051147461,5.8837563533904245,5.533454895019531,0.29244527293559325,0.683139493951649,Hammer,2022-05-20,81.70874786376953,2022-05-27,84.5006332397461,Profit target (+1%),1,0.034168745072821194,0.03404427588628574,3676.7320976284464,111675.27239809344
BKNG,2025-03-14,176.81613159179688,5.323470899782663,12.0279541015625,0.3874057422386409,1.1269479178468327,Hammer,2025-03-21,177.1586456298828,2025-03-28,185.0798797607422,Profit target (+1%),1,0.04471265911237721,0.04465495222076732,4986.853948191185,116662.12634628463
BKR,1992-04-03,6.4160051345825195,2.407349746911976,0.38592529296875,0.25,0.708200254519453,Hammer,1992-04-10,6.560727119445801,1992-04-16,6.850170612335205,Profit target (+1%),1,0.04411759361725354,0.042560936177468166,4256.093613490722,104256.09361349072
BKR,1994-03-11,7.4355788230896,3.8426360873197325,0.40192317962646484,0.2499994068056007,0.6914773424302441,Hammer,1994-03-18,7.485819339752197,1994-03-25,7.988223075866699,Profit target (+1%),1,0.06711406104159767,0.06573429604708504,6853.200915448611,111109.29452893932
BKR,1995-06-16,9.047309875488281,9.21818053981724,0.3101930618286133,0.33333230851531537,0.7096203457958917,Hammer,1995-06-23,9.047309875488281,1995-08-04,9.099008560180664,RSI > 90,6,0.005714260415955241,0.004606413751399944,511.81538171463734,111621.10991065395
BKR,1998-05-29,15.553716659545898,3.3942405118480536,0.7020778656005859,0.3076929346275785,0.46341495982450615,Hammer,1998-06-05,15.499711036682129,1998-06-12,16.30980110168457,Profit target (+1%),1,0.052264849524307655,0.051603029757183574,5759.987450489347,117381.0973611433
BKR,1998-08-07,10.362688064575195,1.046964200471649,1.7904119491577148,0.18181798812495906,1.2783276936431787,Hammer,1998-08-14,10.362688064575195,1999-01-15,8.588926315307617,RSI > 90,22,-0.17116811180789804,-0.17205009816628455,-20195.42930365548,97185.66805748781
BKR,2002-07-05,15.297523498535156,3.2754766966885427,1.4424705505371094,0.1273890277281923,1.0909171638304112,Hammer,2002-07-12,15.021892547607422,2002-11-08,14.265666961669922,RSI > 90,17,-0.05034156538804069,-0.05099028847847179,-4955.52524526878,92230.14281221903
BKR,2003-08-01,14.785889625549316,6.760818434291778,0.8168506622314453,0.36172463311267555,0.8530731546763962,Hammer,2003-08-08,14.79057502746582,2003-08-15,15.43242073059082,Profit target (+1%),1,0.04339558819945166,0.04270504539040012,3938.6924312202063,96168.83524343923
BKR,2010-08-27,19.533334732055664,6.037191723913324,1.3570423126220703,0.27137478021198036,0.6481026890355196,Hammer,2010-09-03,19.498022079467773,2010-09-10,19.67963218688965,Profit target (+1%),1,0.009314283606905782,0.008799154650116518,846.2044529823929,97015.03969642163
BKR,2011-08-12,31.456789016723633,6.984209535755525,3.407480239868164,0.24813140322899344,1.1864558674445262,Hammer,2011-08-19,31.787860870361328,2012-08-03,24.256357192993164,RSI > 90,50,-0.2369301825021658,-0.23720745698600149,-23012.69083277147,74002.34886365017
BKR,2014-10-31,28.043251037597656,8.322127795250893,1.3775806427001953,0.29118766519579814,0.7205572204598469,Hammer,2014-11-07,28.06443214416504,2014-11-21,35.234100341796875,Profit target (+1%),2,0.25547170029315924,0.2550699337578213,18875.77420369866,92878.12306734882
BKR,2017-10-20,26.220449447631836,4.488712443809575,2.2231407165527344,0.3546105497243399,1.3169631824366768,Hammer,2017-10-27,26.094314575195312,2017-12-29,25.555511474609375,RSI > 90,9,-0.020648294824272218,-0.021027490932942604,-1952.9938887144108,90925.12917863441
BKR,2018-02-16,21.153257369995117,5.177932555391791,1.2677593231201172,0.3710692959373886,0.6160089917225322,Hammer,2018-02-23,21.16920280456543,2018-03-02,22.500749588012695,Profit target (+1%),1,0.06290018550722642,0.06241305968611593,5674.915508718996,96600.0446873534
BKR,2020-01-24,19.150999069213867,6.659278538010611,1.3990440368652344,0.38922184261256276,1.0787614256764742,Hammer,2020-01-31,18.07029914855957,2020-02-07,18.217012405395508,Profit target (+1%),1,0.008119027561734216,0.007563540482085574,730.6383478334346,97330.68303518683
BKR,2021-03-26,19.681110382080078,9.471592512414972,1.6386260986328125,0.12365558856121205,0.9558636665495704,Hammer,2021-04-01,19.54896354675293,2021-05-14,21.707365036010742,RSI > 90,6,0.11041002169224057,0.10987038428915198,10693.759537507864,108024.44257269468
BKR,2025-03-14,41.8494873046875,4.028435242585303,2.569580078125,0.1653726247030879,1.0087538483400542,Hammer,2025-03-21,42.103477478027344,2025-03-28,43.7641716003418,Profit target (+1%),1,0.03944315818523836,0.03920099279713466,4234.665390972026,112259.10796366671
BLDR,2025-11-21,101.62000274658203,2.345632139554141,9.110000610351562,0.2019754351936995,0.7953987893932315,Hammer,2025-11-28,101.13999938964844,2025-12-05,110.0,Profit target (+1%),1,0.08760135123412294,0.08749815278813784,8749.81527006397,108749.81527006396
BLK,2014-02-07,220.16851806640625,7.420579784351872,11.174728393554688,0.19382478524524577,1.1053096784268883,Hammer,2014-02-14,218.66339111328125,2014-02-21,222.6942138671875,Profit target (+1%),1,0.01843391677675954,0.018387763926169188,1838.7763907781427,101838.77639077815
BLK,2019-08-16,353.48431396484375,3.751166944672974,17.684356689453125,0.3685970722077169,0.9898463317647993,Hammer,2019-08-23,359.9816589355469,2019-09-20,373.0548095703125,Profit target (+1%),4,0.03631615753264339,0.03628787431565473,3695.512714433112,105534.28910521127
BLK,2022-02-25,671.5996704101562,2.653577105606047,47.43157958984375,0.15840045089619478,1.209883990937429,Hammer,2022-03-04,661.9487915039062,2022-04-08,694.6468505859375,Profit target (+1%),5,0.04939665953274619,0.04937724028352617,5210.991946556067,110745.28105176734
BLK,2022-05-13,554.0338134765625,8.053772607667995,35.30859375,0.25347279842902976,0.861026425539935,Hammer,2022-05-20,540.2308959960938,2022-06-03,593.956787109375,Profit target (+1%),2,0.09944986766115971,0.09943043679879732,11011.451657371348,121756.73270913868
BLK,2022-10-14,503.351318359375,9.592460234794416,72.68319702148438,0.3988364530460183,1.5296154833392603,Hammer,2022-10-21,517.10107421875,2022-10-28,553.4717407226562,Profit target (+1%),1,0.0703357009243426,0.07031568244260207,8561.407743863168,130318.14045300186
BMY,1991-11-29,5.339213848114014,8.887804956264816,0.3655829429626465,0.27906970677581217,1.4993259968670811,Hammer,1991-12-06,5.296704292297363,1991-12-13,5.390225410461426,Profit target (+1%),1,0.017656473347032797,0.015753635729062885,1575.363571330925,101575.36357133093
BMY,2002-02-08,17.249874114990234,1.2351616027458618,1.0124092102050781,0.11538562983002822,0.7766706129331277,Hammer,2002-02-15,17.230405807495117,2002-02-22,17.522445678710938,Profit target (+1%),1,0.016949100008357698,0.016363982047534423,1662.177424290864,103237.5409956218
BMY,2003-07-25,10.951233863830566,9.323023310921059,0.6732826232910156,0.3395057706363281,0.9818543383628879,Hammer,2003-08-01,10.951233863830566,2003-09-26,11.325279235839844,RSI > 90,8,0.03415554600150261,0.03322723634177689,3430.298170575108,106667.83916619692
BMY,2012-11-16,20.33384895324707,4.3257469625177265,1.0324039459228516,0.33540313000552396,1.3137283952993237,Hammer,2012-11-23,20.46209716796875,2012-11-30,20.846843719482422,Profit target (+1%),1,0.018802889476839724,0.01830970696226306,1953.056875477815,108620.89604167474
BMY,2015-08-28,42.114410400390625,0.9606460615469956,6.413398742675781,0.3315273186242962,2.7564257398113616,Hammer,2015-09-04,42.13525390625,2015-09-25,44.761756896972656,Profit target (+1%),3,0.06233504600604922,0.06209034707155846,6744.309127706947,115365.20516938168
BMY,2018-10-26,38.082340240478516,2.1770773443845144,3.7455596923828125,0.29637143590433007,1.6111899192532555,Hammer,2018-11-02,38.648704528808594,2018-11-16,40.29494094848633,Profit target (+1%),2,0.042594866755511385,0.04233064953601671,4883.484063792275,120248.68923317394
BMY,2021-12-03,46.78668975830078,7.16412920952834,2.88262939453125,0.24495675326600183,1.476613426656989,Hammer,2021-12-10,46.95283889770508,2021-12-23,51.0400276184082,RSI > 90,2,0.08704880932988468,0.08682658351431047,10440.78284774976,130689.47208092369
BMY,2022-06-17,62.27613830566406,3.031431124603401,2.2455596923828125,0.22556654095742873,0.9572079081350269,Hammer,2022-06-24,63.31449890136719,2022-07-01,66.88544464111328,Profit target (+1%),1,0.056400126380357074,0.05623774353130911,7349.681005779488,138039.15308670318
BMY,2022-09-02,58.32243347167969,8.712316678906674,3.3662338256835938,0.32828255356183667,1.21073657190097,Hammer,2022-09-09,58.60295104980469,2022-09-16,64.27283477783203,Profit target (+1%),1,0.09675082272236946,0.09657194333952406,13330.709257194278,151369.8623438975
BMY,2024-05-31,37.301151275634766,6.323572509290287,1.2845268249511719,0.16607915517133853,0.5946482322542463,Hammer,2024-06-07,37.36469650268555,2024-06-28,38.12724304199219,Profit target (+1%),3,0.020408209103259578,0.020137882020330577,3048.268426266819,154418.1307701643
BNY,1997-10-31,13.13839340209961,9.08803985888973,1.7622547149658203,0.37623778450508644,2.068111725122257,Hammer,1997-11-07,13.43501091003418,1997-11-28,14.464447021484375,Profit target (+1%),3,0.07662339229522641,0.07585083957700475,7585.083950115391,107585.08395011538
BNY,1999-06-04,19.930606842041016,8.172463479100273,0.8945503234863281,0.3599984648253099,0.5646008444664997,Hammer,1999-06-11,19.894824981689453,1999-06-18,20.181079864501953,Profit target (+1%),1,0.014388409200682073,0.013882277008299984,1493.5259358631843,109078.60988597856
BNY,2000-03-10,18.37033462524414,2.1587637858541058,1.8479042053222656,0.3921569639380947,0.9228168455181208,Hammer,2000-03-17,18.116701126098633,2000-03-24,22.428476333618164,RSI > 90,1,0.2380000187400595,0.2373825270368338,25893.356034505196,134971.96592048378
BNY,2001-03-23,26.588764190673828,3.8390627168747216,3.469888687133789,0.16949177697487,1.3458869897634154,Hammer,2001-03-30,27.25921630859375,2001-04-06,28.95887565612793,Profit target (+1%),1,0.062351731916751474,0.061973516069911354,8364.687290595943,143336.65321107974
BNY,2003-03-14,12.768610000610352,2.3916283550082227,1.3204669952392578,0.2837203255790439,0.9285739179511123,Hammer,2003-03-21,12.596641540527344,2003-03-28,13.358213424682617,Profit target (+1%),1,0.06045832785707672,0.05964079217284438,8548.711536364364,151885.3647474441
BNY,2007-03-16,26.662538528442383,9.852016961571621,1.2572803497314453,0.21195672785913344,1.2722133839216614,Hammer,2007-03-23,26.874364852905273,2007-03-30,27.6669979095459,Profit target (+1%),1,0.029494020081182848,0.02911650111241491,4422.3703872061305,156307.73513465023
BNY,2014-02-07,23.661344528198242,4.944596853347477,0.8782768249511719,0.1949160640215432,1.0445417565509645,Hammer,2014-02-14,23.631572723388672,2014-03-14,24.837339401245117,RSI > 90,4,0.05102354769063133,0.05058968116275257,7907.558475826376,164215.2936104766
BNY,2014-10-17,27.31657600402832,1.3738887671377285,1.5701770782470703,0.37799143612013725,1.5777476291194008,Hammer,2014-10-24,27.376676559448242,2014-10-31,27.957731246948242,Profit target (+1%),1,0.02122444213556185,0.02085535873817602,3424.7688551166257,167640.06246559322
BNY,2015-07-10,31.75615882873535,3.208558853860623,0.9783420562744141,0.38132270686424935,1.0320132560845818,Hammer,2015-07-17,31.862747192382812,2015-07-24,32.723079681396484,Profit target (+1%),1,0.0270012024957893,0.026683169157841382,4473.168139927351,172113.23060552057
BNY,2023-10-06,39.33823776245117,8.417021244952437,1.8385848999023438,0.26903525916335735,0.902616455212107,Hammer,2023-10-13,38.86225891113281,2023-11-10,42.72555923461914,RSI > 90,4,0.09941008144484398,0.09914000707630612,17063.30688309391,189176.53748861447
BR,2020-09-25,118.05403137207031,5.816566660297369,4.943061828613281,0.3846136037055273,0.8169127586058623,Hammer,2020-10-02,119.32149505615234,2020-10-09,121.51236724853516,Profit target (+1%),1,0.018361085664840182,0.018276512616552998,1827.6512598276486,101827.65125982765
BRK.B,2016-10-14,144.17999267578125,9.987737806515767,3.7599945068359375,0.3989367530385731,1.0935540205315986,Hammer,2016-10-21,144.5,2016-11-18,157.47999572753906,RSI > 90,4,0.0898269600521735,0.08975465020268543,8975.46501129308,108975.46501129307
BRK.B,2020-03-13,196.39999389648438,2.645518710860898,27.860000610351562,0.2821249259926839,2.948008276295555,Hammer,2020-03-20,174.0,2020-04-03,180.0399932861328,Profit target (+1%),2,0.03471260509271734,0.03465413801978572,3776.45080149523,112751.9158127883
BRK.B,2023-10-06,346.3399963378906,7.875037373791557,10.489990234375,0.34890439174250004,1.0563648101926,Hammer,2023-10-13,344.239990234375,2023-11-10,354.0299987792969,Profit target (+1%),4,0.028439486470634545,0.02841002432094449,3203.2846672711166,115955.20048005941
BRO,2022-05-13,56.277706146240234,1.9217410926827512,2.9013671875,0.12395342477280377,0.7818748909359411,Hammer,2022-05-20,56.161067962646484,2022-06-03,57.80371856689453,Profit target (+1%),2,0.02924892036135418,0.029068273131276547,2906.8273102208277,102906.82731022082
BRO,2025-11-07,78.13086700439453,2.4342091656732947,3.0142135620117188,0.2178222583331435,0.640195622557909,Hammer,2025-11-14,77.4842529296875,2025-11-21,80.28956604003906,Profit target (+1%),1,0.036204944931161887,0.03607355865061679,3712.215466811929,106619.04277703274
BRO,2026-05-15,56.279998779296875,6.548238896576066,3.4365005493164062,0.3608326728518812,0.7724320924533403,Hammer,2026-05-22,56.15999984741211,2026-05-29,57.34000015258789,Profit target (+1%),1,0.021011401502526006,0.020831484169044973,2221.0328995074533,108840.0756765402
BSX,1997-04-25,10.75,0.4479832713779359,0.8125,0.38461538461538464,0.6912444903074086,Hammer,1997-05-02,10.75,1997-05-09,12.625,Profit target (+1%),1,0.17441860465116288,0.17340771734077165,17340.771716736395,117340.77171673639
BSX,1997-10-03,14.15625,4.263355435057605,1.15625,0.2702702702702703,0.8119385457995464,Hammer,1997-10-10,14.359375,1997-10-24,14.625,Profit target (+1%),2,0.018498367791077275,0.017795762085019394,2088.168454255445,119428.94017099185
BSX,1998-10-16,12.375,0.5481341915242979,1.078125,0.2028985507246377,0.6943074440596494,Hammer,1998-10-23,12.5,1998-10-30,13.609375,Profit target (+1%),1,0.0887500000000001,0.08791483406637347,10499.57544735602,129928.51561834785
BSX,2004-05-14,39.56999969482422,4.435342915729322,1.6700019836425781,0.3293404693214187,0.6585388821208672,Hammer,2004-05-21,39.31999969482422,2004-06-04,44.25,Profit target (+1%),2,0.12538149398370235,0.12511126111523718,16255.520427586773,146184.03604593463
BSX,2005-06-03,27.799999237060547,7.3724091383879085,1.75,0.25714329310825895,0.9350057053013989,Hammer,2005-06-10,27.719999313354492,2005-06-17,28.5,Profit target (+1%),1,0.02813855360630302,0.027772793713816753,4059.939073296956,150243.97511923156
BSX,2007-03-09,15.770000457763672,6.000549300421994,0.7699995040893555,0.3636350125030499,0.8082517504461564,Hammer,2007-03-16,15.609999656677246,2007-04-27,16.1200008392334,Profit target (+1%),6,0.032671440984817446,0.032020569551683684,4810.897650215889,155054.87276944745
BSX,2007-12-28,11.720000267028809,8.018032734706892,0.5700006484985352,0.3684207003976985,0.7022980270382538,Hammer,2008-01-04,11.65999984741211,2008-01-25,11.529999732971191,Profit target (+1%),3,-0.011149238091094027,-0.012001724498262782,-1860.9258632311698,153193.9469062163
BSX,2010-03-26,7.010000228881836,6.071188700036345,0.4700002670288086,0.34042501384856066,0.7084114459192845,Hammer,2010-04-01,7.039999961853027,2010-04-09,7.239999771118164,Profit target (+1%),1,0.028409063970008086,0.02696945497429959,4131.557249290885,157325.50415550717
BSX,2012-07-27,5.21999979019165,1.5583447328000233,0.5799999237060547,0.2586208881011026,1.6980309356714514,Hammer,2012-08-03,5.179999828338623,2012-08-10,5.320000171661377,Profit target (+1%),1,0.027027094201208968,0.025072391056261467,3944.526559365837,161270.03071487302
BSX,2016-11-18,21.34000015258789,0.38327479167590184,1.0939998626708984,0.3427788364474494,1.1903011263684558,Hammer,2016-11-25,21.389999389648438,2016-12-30,21.860000610351562,Profit target (+1%),5,0.02197294222133439,0.021500408218085063,3467.371490245515,164737.40220511853
BSX,2017-08-04,26.829999923706055,5.495013874770876,0.9099998474121094,0.3516480752543481,1.0836461563038993,Hammer,2017-08-11,26.799999237060547,2017-09-08,27.350000381469727,Profit target (+1%),4,0.02052243134576681,0.020145538510688645,3318.7236769552965,168056.12588207383
BSX,2017-12-08,25.770000457763672,7.38180822478418,1.6899986267089844,0.2721890285605939,1.5036044197990384,Hammer,2017-12-15,25.639999389648438,2018-01-12,25.90999984741211,Profit target (+1%),4,0.010530439321019491,0.010138446634887584,1703.828062217528,169759.95394429134
BSX,2022-05-13,39.65999984741211,1.435716387526739,2.325000762939453,0.2795704570251934,0.9461791009584358,Hammer,2022-05-20,39.43000030517578,2022-06-03,40.75,Profit target (+1%),2,0.03347703993425921,0.033219213507963065,5639.292149538098,175399.24609382942
BSX,2025-03-14,97.16000366210938,4.103199662149692,5.2740020751953125,0.2664008772208994,1.1991245352342221,Hammer,2025-03-21,96.76000213623047,2025-03-28,101.72000122070312,Profit target (+1%),1,0.051260840998012425,0.051154849121005576,8972.52196089545,184371.76805472487
BX,2025-03-14,135.00035095214844,5.578665861762516,7.6559906005859375,0.33792200389442406,0.6813311215080079,Hammer,2025-03-21,135.22073364257812,2025-03-28,144.68771362304688,Profit target (+1%),1,0.07001130466790939,0.0699347655636683,6993.476549373354,106993.47654937336
BXP,2008-10-10,38.86825942993164,1.5866907350249164,9.38287353515625,0.33768352100124244,1.9050557323166868,Hammer,2008-10-17,39.96522521972656,2009-04-17,22.634939193725586,RSI > 90,26,-0.43363413894754843,-0.43383008053312133,-43383.00800992913,56616.99199007086
BXP,2015-07-02,78.79395294189453,4.8267744977990645,4.0868072509765625,0.37500046670873266,1.2716749790392574,Hammer,2015-07-10,78.27017211914062,2015-07-17,80.97315979003906,Profit target (+1%),1,0.03453407086909199,0.03440411049878647,1947.857246587449,58564.84923665831
BXP,2018-12-28,79.59846496582031,5.2098530266087835,4.540809631347656,0.2170662983703898,1.1706654070510742,Hammer,2019-01-04,79.80469512939453,2019-01-18,84.42002868652344,Profit target (+1%),2,0.05783285744836997,0.057703936215547924,3379.42232144589,61944.27155810419
BXP,2021-12-03,86.62020111083984,7.999907995103044,5.74481201171875,0.3105338227638303,1.2452914900900598,Hammer,2021-12-10,88.66350555419922,2021-12-17,89.20576477050781,Profit target (+1%),1,0.006115923489818709,0.0060027989981544065,371.8390108785534,62316.11056898274
BXP,2022-07-15,70.53815460205078,7.197874213016064,3.2690200805664062,0.37531069345612483,0.5787010811136079,Hammer,2022-07-22,71.28074645996094,2022-08-05,73.1372299194336,Profit target (+1%),2,0.026044669166244816,0.02590256188885909,1614.1469090719147,63930.25747805465
BXP,2026-02-06,63.845741271972656,6.923483725312934,2.609264373779297,0.12854329586273744,0.73534764786433,Hammer,2026-02-13,63.48073959350586,2026-04-24,57.599998474121094,RSI > 90,10,-0.09263819478225443,-0.09278841448650851,-5931.987223170958,57998.27025488369
C,1990-08-24,11.003124237060547,2.0353080867752595,1.4960384368896484,0.2903226217720292,1.7383446458284182,Hammer,1990-08-31,11.4857177734375,1990-12-14,9.364325523376465,RSI > 90,15,-0.1846982741441796,-0.18548817333135303,-18548.817314586486,81451.18268541351
C,1998-10-09,92.5557861328125,2.8408691657127036,22.52680206298828,0.19565215182516757,1.424583538756976,Hammer,1998-10-16,96.63673400878906,1998-10-23,108.22660827636719,Profit target (+1%),1,0.11993238789013749,0.11982270792580141,9759.701263365696,91210.88394877921
C,1999-05-28,174.81112670898438,9.805767977893424,12.533615112304688,0.14473650571035168,0.8650544281916065,Hammer,1999-06-04,173.65670776367188,1999-06-25,184.29380798339844,Profit target (+1%),3,0.06125360981853056,0.06119426301040691,5581.582816191714,96792.46676497093
C,2002-02-08,247.8070831298828,6.209301450016795,15.579849243164062,0.1818164011043631,0.8696430662773704,Hammer,2002-02-15,247.86154174804688,2002-03-15,265.0212097167969,Profit target (+1%),4,0.06923086109983512,0.06918912027337036,6696.9856178607915,103489.45238283172
C,2002-06-28,211.95877075195312,3.058282443110926,24.8880615234375,0.39560434170578224,1.4233210620760295,Hammer,2002-07-05,213.05276489257812,2002-07-12,213.3262481689453,Profit target (+1%),1,0.0012836410572052426,0.0012366753049344985,127.9828499550598,103617.43523278677
C,2003-02-14,189.09072875976562,3.9332162968975126,13.714019775390625,0.36864375663412563,0.8423050595331267,Hammer,2003-02-21,192.3448944091797,2003-03-21,194.37876892089844,Profit target (+1%),4,0.010574101891116738,0.010521838433731768,1090.2459113468021,104707.68114413357
C,2009-01-23,25.432842254638672,3.6882697444805785,6.376535415649414,0.25287357009471034,0.30987155126346705,Hammer,2009-01-30,26.898712158203125,2009-02-13,29.828006744384766,Profit target (+1%),2,0.10890092317257327,0.10850898823980792,11361.724530524625,116069.40567465819
C,2009-11-06,29.828006744384766,5.2121338605792715,2.6448497772216797,0.3055558560371193,0.5109381088908977,Hammer,2009-11-13,30.41575050354004,2009-11-27,31.2973690032959,Profit target (+1%),2,0.02898559085869823,0.028652103755771225,3325.6326509353758,119395.03832559357
C,2015-07-10,40.28190612792969,9.999923832595414,1.83099365234375,0.2782259408646955,1.268985278882654,Hammer,2015-07-17,40.63629150390625,2015-07-24,43.53044509887695,Profit target (+1%),1,0.07122090840136086,0.07096609109219598,8472.999157297305,127868.03748289088
C,2016-02-12,27.799135208129883,8.66174531103745,3.450824737548828,0.3519311573015201,1.3798885075720475,Hammer,2016-02-19,28.57668113708496,2016-02-26,29.376441955566406,Profit target (+1%),1,0.02798648361735645,0.027631713288436513,3533.212946949081,131401.25042983994
C,2020-03-13,40.90185546875,0.9838808169489681,10.32162857055664,0.3618013174151521,2.384093948546745,Hammer,2020-03-20,32.447418212890625,2020-04-03,35.300289154052734,Profit target (+1%),2,0.08792289489549376,0.08760120501691546,11510.907866872556,142912.15829671247
C,2022-12-23,39.294734954833984,7.243860892571547,1.7623176574707031,0.31738101783406675,0.6202379269710061,Hammer,2022-12-30,39.31249237060547,2023-01-06,40.617584228515625,Profit target (+1%),1,0.033197891540603264,0.03293933004940053,4707.430745500154,147619.58904221264
C,2025-03-14,66.72169494628906,4.459187266039322,2.997528076171875,0.21035806277552102,0.6898943932961042,Hammer,2025-03-21,66.82839965820312,2025-03-28,71.06277465820312,Profit target (+1%),1,0.06336190933281216,0.06320754325837298,9330.671550838226,156950.26059305086
CAG,1993-08-06,2.96480393409729,5.4066848883929595,0.14043807983398438,0.33333389922585904,0.8831894466453327,Hammer,1993-08-13,2.96480393409729,1993-08-27,3.0272209644317627,Profit target (+1%),2,0.02105266713141929,0.0176499969350352,1764.9996917385201,101764.99969173853
CAG,1999-08-20,7.1041388511657715,4.973380164935051,0.3049755096435547,0.3529409925263454,0.6939837867770557,Hammer,1999-08-27,7.140018463134766,1999-11-05,7.5526323318481445,Profit target (+1%),10,0.05778890780798118,0.05634889129967887,5734.344900007283,107499.3445917458
CAG,2003-01-31,8.085779190063477,7.989973235961955,0.34877681732177734,0.34788184371060843,1.010129825274076,Hammer,2003-02-07,8.10226058959961,2003-05-16,7.434808254241943,RSI > 90,14,-0.08237853225980352,-0.08356118911815119,-8982.773054525402,98516.5715372204
CAG,2005-07-08,8.30471134185791,9.262572404385892,0.29259681701660156,0.39506209054463676,0.7788643067350932,Hammer,2005-07-15,8.3372220993042,2005-09-09,8.549450874328613,Profit target (+1%),8,0.02545557411048538,0.024241595658461484,2388.1988904749933,100904.77042769539
CAG,2007-10-26,9.329251289367676,1.5434618923394368,0.27415943145751953,0.3714279751075738,0.7018671038769787,Hammer,2007-11-02,9.344917297363281,2007-12-07,9.799803733825684,RSI > 90,5,0.048677417037254145,0.04758185792593712,4801.236445738667,105706.00687343406
CAG,2017-07-14,23.356782913208008,9.527484555710942,0.6190452575683594,0.3595505271785012,0.6512568478184599,Hammer,2017-07-21,23.363737106323242,2017-08-04,23.959394454956055,Profit target (+1%),2,0.025494951681835243,0.025061574614331394,2649.1589757924366,108355.1658492265
CAG,2021-01-15,25.858184814453125,5.758231850115095,1.3135299682617188,0.2383717553305802,0.9827892081386945,Hammer,2021-01-22,25.91164207458496,2021-01-29,26.255298614501953,Profit target (+1%),1,0.013262630709694134,0.012874219544212867,1394.9881924975502,109750.15404172406
CAG,2021-06-25,27.641599655151367,9.315093019027984,0.7055778503417969,0.3516487081200024,0.5960980018240655,Hammer,2021-07-02,27.672611236572266,2021-07-16,27.912975311279297,Profit target (+1%),2,0.00868599181523444,0.008323119821938792,913.4636816520456,110663.61772337611
CAG,2023-08-25,25.307615280151367,1.6597710566689017,0.5690441131591797,0.20000134073867998,0.5175405401320348,Hammer,2023-09-01,25.408777236938477,2023-11-24,23.919116973876953,RSI > 90,12,-0.05862778240646316,-0.05900973511650185,-6530.230762360014,104133.38696101609
CAG,2025-01-24,23.06928253173828,8.29939754397293,0.9261722564697266,0.29951542585068197,0.7960919051948339,Hammer,2025-01-31,23.404932022094727,2025-03-14,25.074119567871094,RSI > 90,6,0.07131776944280888,0.07087536795110704,7380.492109476534,111513.87907049264
CAG,2025-11-07,16.394962310791016,5.22043919009792,0.8034877777099609,0.3571437049416155,0.8394897110193472,Hammer,2025-11-14,16.519311904907227,2025-11-21,16.662792205810547,Profit target (+1%),1,0.008685610013858813,0.008077812962588884,900.7882569634064,112414.66732745605
CAH,2016-01-15,60.971771240234375,7.867139713791914,4.180362701416016,0.3788158491482009,1.4195028419511218,Hammer,2016-01-22,61.692264556884766,2016-03-04,62.10504913330078,Profit target (+1%),6,0.006691026490612817,0.00652840250388481,652.8402497356408,100652.84024973564
CAH,2018-12-28,36.03445053100586,7.062094399022683,2.5057640075683594,0.3032254430474172,0.8550608057644669,Hammer,2019-01-04,36.17849349975586,2019-01-11,36.70139694213867,Profit target (+1%),1,0.01445343329142057,0.014175066937256179,1426.7607465381948,102079.60099627385
CAH,2019-12-27,43.38193893432617,4.232453137151069,1.0024185180664062,0.36974937019080745,0.4388033698915125,Hammer,2020-01-03,43.35667037963867,2020-01-24,45.82948303222656,Profit target (+1%),3,0.05703419176185598,0.05679699677216205,5797.814762491142,107877.41575876498
CAH,2020-03-13,40.497310638427734,5.2549957990488,6.344181060791016,0.2949060453168772,1.7789403714286791,Hammer,2020-03-20,36.21966552734375,2020-03-27,36.483299255371094,Profit target (+1%),1,0.007278745515424845,0.007001685849546115,755.3237746484242,108632.7395334134
CAH,2020-09-25,41.12485885620117,5.508063089676824,2.6272010803222656,0.21452145693729535,0.7573462149019123,Hammer,2020-10-02,41.59307098388672,2020-10-16,42.25639343261719,Profit target (+1%),2,0.015947907500925895,0.01570559483355698,1706.141791064977,110338.8813244784
CAH,2021-10-15,44.047420501708984,2.740057370670229,1.8693389892578125,0.34951513766335535,0.7574501071987404,Hammer,2021-10-22,43.811485290527344,2021-10-29,45.127281188964844,Profit target (+1%),1,0.030033126923500797,0.02980147517034637,3288.261428826977,113627.14275330536
CAT,1990-08-24,2.383244037628174,0.15889417218794222,0.2580149173736572,0.31578932778164337,1.5662054723464394,Hammer,1990-08-31,2.4307732582092285,1990-12-14,2.47656512260437,Profit target (+1%),15,0.01883839401330123,0.014694251311986099,1469.4251297291848,101469.42512972919
CAT,1991-07-12,2.661400318145752,6.5941203534544,0.06930732727050781,0.3000006880039629,0.4277581887815555,Hammer,1991-07-19,2.661400318145752,1991-07-26,2.747659921646118,Profit target (+1%),1,0.03241135988157717,0.028600207921291445,2902.046653462123,104371.47178319133
CAT,1993-09-24,4.47352933883667,9.115130485773818,0.2791481018066406,0.35897378957869275,1.5377258487788426,Hammer,1993-10-01,4.487844467163086,1993-10-08,4.602366924285889,Profit target (+1%),1,0.025518365879376503,0.023264205535430352,2428.1193691714134,106799.59115236273
CAT,1996-05-10,7.602075576782227,9.32889024190392,0.25390052795410156,0.23529489096058354,0.5582269995922928,Hammer,1996-05-17,7.617011070251465,1996-05-24,8.229358673095703,Profit target (+1%),1,0.08039211144589054,0.07902738493718364,8440.09239269151,115239.68354505424
CAT,1999-12-23,11.539243698120117,0.36628423276181366,0.675938606262207,0.35714255480950885,0.6447227399565707,Hammer,1999-12-31,11.716275215148926,2000-01-07,12.585339546203613,Profit target (+1%),1,0.07417582082153573,0.07329102979720216,8446.035072074683,123685.71861712892
CAT,2001-09-10,13.103551864624023,2.1208312145034114,0.35414981842041016,0.26923170137308705,0.4168709202141714,Hammer,2001-09-21,12.803886413574219,2001-10-12,12.994583129882812,Profit target (+1%),3,0.014893658858643466,0.014107137066739888,1744.8513839852076,125430.57000111413
CAT,2004-05-14,22.16135597229004,4.867531835777854,1.1682357788085938,0.13032496750977973,0.9783609090104151,Hammer,2004-05-21,21.754377365112305,2004-06-04,22.061805725097656,Profit target (+1%),2,0.01413179310194268,0.013668973840319159,1714.5071784070428,127145.07717952118
CAT,2007-11-23,42.78398895263672,4.30939221285054,1.558502197265625,0.3479997650237913,0.5763453852510761,Hammer,2007-11-30,42.86503219604492,2007-12-07,44.51704406738281,Profit target (+1%),1,0.03853984907283747,0.0383020909298356,4869.922302541063,132014.99948206224
CAT,2008-07-11,43.96503829956055,2.9981507250188173,3.1929931640625,0.3826437473716405,1.0928655019339568,Hammer,2008-07-18,44.58222579956055,2009-01-09,30.013397216796875,RSI > 90,25,-0.3267855815065043,-0.3269732153397926,-43165.368810565575,88849.63067149666
CAT,2012-07-13,57.79194641113281,2.3757067679410255,4.295490264892578,0.3737701336634587,1.0219475723626377,Hammer,2012-07-20,57.63702392578125,2012-08-03,61.38566589355469,Profit target (+1%),2,0.06503878431684007,0.0648596581651477,5762.756667690141,94612.3873391868
CAT,2013-03-01,65.51099395751953,9.811034581653473,3.3415260314941406,0.38626605522391977,1.0746408509686411,Hammer,2013-03-08,64.97319030761719,2013-07-19,62.958526611328125,RSI > 90,19,-0.031007615398760402,-0.03115912718873805,-2948.039407783832,91664.34793140297
CB,2002-07-12,18.0655574798584,6.035480516838064,2.32708740234375,0.39473666955176123,1.2614557094428565,Hammer,2002-07-19,17.851219177246094,2002-08-09,19.04538345336914,Profit target (+1%),3,0.06689539040813397,0.06631662976180358,6631.662969548695,106631.6629695487
CB,2003-03-14,16.47821617126465,9.221109312106307,2.143406867980957,0.1300577301698535,1.3506495084170382,Hammer,2003-03-21,16.41626739501953,2003-03-28,18.596843719482422,Profit target (+1%),1,0.13283021481024648,0.132180803847163,14094.658912780054,120726.32188232876
CB,2004-03-26,26.801719665527344,5.486401924919647,0.68365478515625,0.16666759664315686,0.5742196564610762,Hammer,2004-04-02,26.928890228271484,2004-04-08,28.041654586791992,Profit target (+1%),1,0.04132232517150913,0.040943374654545076,4942.9430225504475,125669.26490487921
CB,2004-10-22,22.199188232421875,7.897760944778071,2.531545639038086,0.30203072648217116,1.6387307982449402,Hammer,2004-10-29,22.61682891845703,2004-11-05,24.54439926147461,Profit target (+1%),1,0.0852272593106338,0.08476637100959794,10652.52752277791,136321.7924276571
CB,2006-06-09,33.14702224731445,4.7846260194733645,1.4483604431152344,0.3333342112679395,0.935481461410055,Hammer,2006-06-16,33.06766128540039,2006-07-07,33.71663284301758,Profit target (+1%),3,0.019625565655098542,0.01932023407802555,2633.768937004578,138955.56136466167
CB,2007-03-16,36.85732650756836,3.7816230474930563,1.8841018676757812,0.24911015456382388,1.3763057776946692,Hammer,2007-03-23,36.93107986450195,2007-03-30,38.050811767578125,Profit target (+1%),1,0.030319500734460103,0.03004465842469377,4174.872373237962,143130.43373789964
CB,2014-08-08,79.7923812866211,9.791623802565027,0.9544601440429688,0.37500299753003524,0.4772935218391033,Hammer,2014-08-15,79.81623840332031,2014-08-22,82.60801696777344,Profit target (+1%),1,0.034977576246401965,0.034850105311538274,4988.110684063842,148118.5444219635
CBOE,2018-12-28,86.83556365966797,5.347653726993229,8.206283569335938,0.13418103520407879,1.4701872810955068,Hammer,2019-01-04,86.62798309326172,2019-01-11,86.19474792480469,Profit target (+1%),1,-0.005001099563758937,-0.005116240404418218,-511.6240399301978,99488.3759600698
CBOE,2020-10-30,75.09230041503906,1.504272480174663,5.117622375488281,0.3916964952584838,0.9683019436536999,Hammer,2020-11-06,75.7481689453125,2020-11-13,81.01358795166016,Profit target (+1%),1,0.06951216220353928,0.06937556645506975,6902.062431022723,106390.43839109252
CBOE,2022-01-28,109.6390609741211,3.2124438960679242,5.4103240966796875,0.3641118421980365,0.9182510419404134,Hammer,2022-02-04,108.72476959228516,2022-02-11,114.3613052368164,Profit target (+1%),1,0.05184224041741459,0.051747885290565995,5505.480196369805,111895.91858746234
CBOE,2022-05-13,103.5213851928711,3.037692850836322,6.189704895019531,0.24312058346080412,0.977338801769563,Hammer,2022-05-20,103.90943145751953,2022-06-03,105.02326965332031,Profit target (+1%),2,0.01071931758433431,0.010622568783932914,1188.622090648054,113084.54067811038
CBRE,2008-10-10,9.25,3.9691443014564243,3.390000343322754,0.38643076311098096,1.1307247998422927,Hammer,2008-10-17,9.720000267028809,2009-01-16,4.650000095367432,RSI > 90,13,-0.5216049416026575,-0.5223650418688803,-52236.50413465153,47763.49586534847
CBRE,2011-06-17,23.979999542236328,4.186842210106576,2.1999988555908203,0.30454564764490005,1.2784072346626851,Hammer,2011-06-24,23.829999923706055,2011-07-08,25.309999465942383,Profit target (+1%),2,0.062106569323318706,0.061673989802461984,2945.765353983671,50709.26121933215
CBRE,2015-06-12,37.290000915527344,9.908933849747399,1.0699996948242188,0.2336449264511897,0.7757479260338015,Hammer,2015-06-19,37.04999923706055,2015-07-02,37.22999954223633,Profit target (+1%),2,0.0048583079320478895,0.00458778325937065,232.64309948446225,50941.9043188166
CBRE,2016-01-22,28.75,2.580387713461519,2.4099998474121094,0.269709402358781,1.1783143290419935,Hammer,2016-01-29,28.540000915527344,2016-03-24,28.540000915527344,RSI > 90,8,0.0,-0.0003503240385100285,-17.84617363251312,50924.05814518409
CBRE,2022-01-28,98.33000183105469,6.240527460005097,6.459999084472656,0.3900924148926747,1.1446085464585212,Hammer,2022-02-04,97.72000122070312,2022-02-11,101.2699966430664,Profit target (+1%),1,0.036328237597393453,0.03622405094033742,1844.6756744951776,52768.73381967926
CBRE,2022-05-13,80.80000305175781,1.7618117850389723,4.778999328613281,0.26239756829977345,0.8599470977379744,Hammer,2022-05-20,80.58999633789062,2022-06-03,83.5199966430664,Profit target (+1%),2,0.03635687353664996,0.03623054082580785,1911.8397630682375,54680.57358274751
CBRE,2023-10-06,72.77999877929688,3.3274411597821825,3.2000045776367188,0.2687498062851816,0.7111588167103988,Hammer,2023-10-13,72.05000305175781,2023-11-10,75.66999816894531,Profit target (+1%),4,0.05024281698623989,0.05010054769679783,2739.526682131178,57420.10026487869
CCI,2013-06-14,42.480995178222656,6.66656435113272,1.9688377380371094,0.19018482171747214,1.0401587385575752,Hammer,2013-06-21,42.722572326660156,2013-07-05,43.78550338745117,Profit target (+1%),2,0.024879846949845685,0.024642894586688995,2464.2894562046104,102464.2894562046
CCI,2023-02-17,116.46110534667969,8.532671645982873,4.648338317871094,0.38735726701101486,0.6354846761879845,Hammer,2023-02-24,115.17796325683594,2023-12-08,101.99298858642578,RSI > 90,41,-0.11447480314449487,-0.11455665228014571,-11737.965966628664,90726.32348957594
CCL,2002-07-26,15.808424949645996,5.309905486983581,1.8884220123291016,0.2575249197789667,1.3847723598910013,Hammer,2002-08-02,16.105266571044922,2002-08-30,16.70526695251465,Profit target (+1%),4,0.03725491775146672,0.03662263308107749,3662.263304445486,103662.2633044455
CCL,2004-05-14,26.644075393676758,2.899146009740619,0.7708854675292969,0.2857142857142857,0.6215469974233832,Hammer,2004-05-21,26.235960006713867,2004-05-28,26.804763793945312,Profit target (+1%),1,0.021680311568011534,0.021295096943422603,2207.4979442352687,105869.76124868076
CCL,2005-02-25,35.87610626220703,9.508007279659452,4.128208160400391,0.07142863743260164,2.791146152639058,Hammer,2005-03-04,35.81058120727539,2005-05-27,34.80427169799805,RSI > 90,12,-0.028100898543163,-0.028376183633476687,-3004.17978342072,102865.58146526004
CCL,2006-06-02,26.92234992980957,6.349193125536445,0.6707115173339844,0.3600012512583678,0.44955591520080007,Hammer,2006-06-09,26.7949161529541,2006-06-30,27.297948837280273,Profit target (+1%),3,0.018773437522800807,0.018396799509084617,1892.3974767094019,104757.97894196944
CCL,2007-07-13,32.83481979370117,6.343700578880089,1.5065631866455078,0.23287794366942532,1.1303787224029826,Hammer,2007-07-20,32.73851013183594,2007-09-28,34.273563385009766,RSI > 90,10,0.046888305148654164,0.046575741178434195,4879.1805086978475,109637.1594506673
CCL,2011-03-18,29.70453643798828,4.663574665893549,1.5590553283691406,0.35096171491349337,0.8259699015160199,Hammer,2011-03-25,30.169254302978516,2011-05-13,29.974374771118164,RSI > 90,7,-0.0064595408923021624,-0.006789878874989393,-744.4230321235066,108892.7364185438
CCL,2013-03-22,27.42384910583496,7.081780591315052,1.1440010070800781,0.387323145255141,0.8529243665289996,Hammer,2013-03-28,27.391624450683594,2013-05-03,27.82666778564453,Profit target (+1%),5,0.01588234884514428,0.015514441778258208,1689.4100175513054,110582.1464360951
CCL,2013-10-11,26.3575382232666,6.58868528229047,0.7355594635009766,0.2222225103398203,0.5641778701502466,Hammer,2013-10-18,26.292152404785156,2013-10-25,26.76618194580078,Profit target (+1%),1,0.0180293166461849,0.017645619338281973,1951.2904596701983,112533.43689576529
CCL,2014-10-17,29.30287742614746,4.607828549798086,2.274076461791992,0.33210402668520833,1.412737786982126,Hammer,2014-10-24,29.672101974487305,2014-10-31,32.20631408691406,Profit target (+1%),1,0.08540723251105464,0.08505588296986549,9571.630829231326,122105.06772499661
CCL,2016-01-22,42.80294418334961,9.440837136871622,3.7993316650390625,0.38409111902744253,1.597051961567969,Hammer,2016-01-29,42.785675048828125,2016-03-24,43.142242431640625,RSI > 90,8,0.008333802900283294,0.008099133337275771,988.9452236728907,123094.01294866951
CCL,2016-07-08,38.96855926513672,6.115748353331213,1.6718330383300781,0.29319515083477654,0.727365305180757,Hammer,2016-07-15,39.353694915771484,2016-07-29,40.18523406982422,Profit target (+1%),2,0.021129887697520555,0.02087312996050427,2569.3573270682164,125663.37027573773
CCL,2022-03-11,17.026525497436523,7.612019916882758,3.2549266815185547,0.3100305358451913,1.135931262491144,Hammer,2022-03-18,17.11556625366211,2022-03-25,19.005203247070312,Profit target (+1%),1,0.11040458524145458,0.1097882491477842,13796.361390786595,139459.7316665243
CCL,2025-03-14,19.7076358795166,7.240488699264006,1.8253288269042969,0.043359547250882445,0.8512045563782641,Hammer,2025-03-21,20.053903579711914,2025-03-28,21.300472259521484,Profit target (+1%),1,0.06216089924111823,0.06164687291583913,8597.256346325994,148056.9880128503
CDNS,2020-03-13,62.470001220703125,6.390337177224694,8.669998168945312,0.28719704609492835,1.7836976203525663,Hammer,2020-03-20,55.7599983215332,2020-04-03,62.68000030517578,Profit target (+1%),2,0.1241033391668922,0.12391288786203261,12391.288773811972,112391.28877381198
CDNS,2026-02-06,283.5199890136719,5.2082209211666,33.59100341796875,0.38165002589237856,1.506461934676149,Hammer,2026-02-13,283.489990234375,2026-02-20,294.7749938964844,Profit target (+1%),1,0.039807414903007654,0.03977143882785354,4469.963261781322,116861.25203559331
CDW,2020-03-13,93.44149780273438,2.452700177155762,13.162979125976562,0.2957245646838981,1.7328115804707769,Hammer,2020-03-20,81.22860717773438,2020-04-03,84.87218475341797,Profit target (+1%),2,0.044855842076808816,0.044729979400441204,4472.997935571122,104472.99793557113
CDW,2021-05-21,156.9834442138672,6.982355403960341,5.12945556640625,0.3550796634975786,0.6064370311890432,Hammer,2021-05-28,158.4440155029297,2021-07-02,161.26217651367188,Profit target (+1%),5,0.01778647809320444,0.017722805041286482,1851.5545726392975,106324.55250821043
CDW,2022-03-11,160.37062072753906,8.891062170498998,9.348663330078125,0.28456079415806773,0.8757122695512822,Hammer,2022-03-18,161.20077514648438,2022-03-25,168.82310485839844,Profit target (+1%),1,0.04728469639793964,0.04722119728649236,5020.772665367447,111345.32517357786
CDW,2026-05-15,101.46835327148438,5.465063357295065,7.962776184082031,0.3820217936814995,0.750573176186982,Hammer,2026-05-22,101.587646484375,2026-05-29,110.16999816894531,Profit target (+1%),1,0.08448223757098594,0.08437964735851972,9395.279263770928,120740.60443734878
CF,2013-03-01,28.55565071105957,4.300483920543314,1.9018192291259766,0.12965787818886954,1.1449367544683737,Hammer,2013-03-08,28.48479461669922,2013-03-15,29.326583862304688,Profit target (+1%),1,0.029552231530290518,0.02919604218971502,2919.604216051898,102919.60421605188
CF,2013-04-05,26.921672821044922,6.557799331940771,0.9990940093994141,0.21985708640297205,0.6722124741533282,Hammer,2013-04-12,26.90041732788086,2013-05-17,27.444602966308594,Profit target (+1%),5,0.02022963554040169,0.019854203780521936,2043.386793072772,104962.99100912466
CF,2016-01-22,22.327451705932617,2.5109563019178722,4.501262664794922,0.36092718599229306,1.3484442388787619,Hammer,2016-01-29,21.977188110351562,2016-02-05,22.290189743041992,Profit target (+1%),1,0.014242114647187387,0.01378396141318374,1446.8058164353201,106409.79682555997
CF,2016-02-05,22.334903717041016,3.9581755172579562,1.952535629272461,0.3511450232540874,0.6170035847637211,Hammer,2016-02-12,21.76106834411621,2016-02-19,22.94182014465332,Profit target (+1%),1,0.05425982685525477,0.05378793184087308,5723.562893130809,112133.35971869077
CF,2017-03-17,23.043231964111328,1.9014990304763444,1.046346664428711,0.29323152025111787,0.5363265366323274,Hammer,2017-03-24,23.586071014404297,2017-07-21,23.431480407714844,RSI > 90,17,-0.006554317868162185,-0.0069768179066120595,-782.334031231599,111351.02568745919
CF,2020-10-30,24.28233528137207,9.173512634200094,2.0491790771484375,0.1630896533750326,0.7828681558983279,Hammer,2020-11-06,24.634124755859375,2020-11-20,28.248510360717773,Profit target (+1%),2,0.14672271252497793,0.14628707961719484,16289.216343908432,127640.24203136761
CF,2023-01-06,77.98339080810547,2.0871002054136483,5.016578674316406,0.24677696784800154,0.5723930782389276,Hammer,2023-01-13,78.31597900390625,2023-01-20,80.70879364013672,Profit target (+1%),1,0.03055333875237798,0.030423708520186186,3883.289515125056,131523.53154649268
CF,2023-05-19,61.82950973510742,6.910821222745682,3.954212188720703,0.3459264325812075,0.612074469978464,Hammer,2023-05-26,62.08160400390625,2023-06-16,62.903263092041016,Profit target (+1%),3,0.013235145923147673,0.013073014721238485,1719.409062377164,133242.94060886983
CFG,2016-07-01,13.520244598388672,3.2985779580230314,1.2247352600097656,0.31460768648557735,1.08932876256007,Hammer,2016-07-08,13.286306381225586,2016-07-15,13.781705856323242,Profit target (+1%),1,0.03728647081311376,0.036520072683246495,3652.007264672641,103652.00726467265
CFG,2020-03-13,17.98786163330078,0.7201158866779167,4.097827911376953,0.34693885150262377,1.9643140623803819,Hammer,2020-03-20,14.91639232635498,2020-04-03,14.91639232635498,Profit target (+1%),2,0.0,-0.0006701787461440481,-69.4653721944867,103582.54189247817
CFG,2025-03-14,38.98390197753906,7.30481841022619,1.8007316589355469,0.18617056207909738,0.6752139222403044,Hammer,2025-03-21,38.801910400390625,2025-03-28,40.133304595947266,Profit target (+1%),1,0.03431259393721087,0.0340504869344955,3527.0359858246247,107109.57787830279
CHD,2022-09-09,77.9384994506836,4.503618652344144,3.4353790283203125,0.3852585712953216,0.8205489494151924,Hammer,2022-09-16,77.97673034667969,2022-12-09,78.56902313232422,RSI > 90,12,0.007595763287473467,0.00746704110124065,746.704109377361,100746.70410937736
CHD,2025-01-03,102.67855834960938,9.824721522407032,2.54046630859375,0.39745152920260435,0.6790849606633669,Hammer,2025-01-10,101.83467864990234,2025-01-24,104.94525909423828,Profit target (+1%),2,0.030545394609922782,0.03044570137534411,3067.304064796953,103814.0081741743
CHD,2026-03-27,94.38236999511719,7.9090156116103,2.95037841796875,0.36486325741120007,0.6754852258958449,Hammer,2026-04-02,94.67143249511719,2026-04-24,96.44564819335938,Profit target (+1%),3,0.01874077165076904,0.018634159016639857,1934.4867345378275,105748.49490871212
CHRW,2013-03-01,41.92233657836914,8.465131864483382,1.8544845581054688,0.36653488075500573,0.882598693575275,Hammer,2013-03-08,41.92233657836914,2013-03-22,43.20806884765625,Profit target (+1%),2,0.030669384729631544,0.030427219408572567,3042.7219378145346,103042.72193781454
CHRW,2015-12-11,48.645198822021484,7.425775644656483,2.6019515991210938,0.18160319959653182,0.9947813957256415,Hammer,2015-12-18,48.645198822021484,2015-12-31,49.73579025268555,Profit target (+1%),2,0.022419302563737364,0.02221144942525762,2288.7282046739238,105331.45014248847
CHRW,2016-08-05,54.957332611083984,6.402071801630143,1.6443519592285156,0.30418482938451297,0.6998820924321628,Hammer,2016-08-12,55.18758010864258,2016-09-09,56.84922790527344,Profit target (+1%),4,0.030109089642265996,0.029925178228300063,3152.0624154072075,108483.51255789566
CHRW,2019-05-03,70.90547943115234,7.1851953558892205,8.214553833007812,0.3641977601890224,2.180688277143586,Hammer,2019-05-10,69.98429870605469,2019-06-21,71.2268295288086,Profit target (+1%),6,0.01775442271662575,0.01761027536410051,1910.4245266989738,110393.93708459464
CHRW,2022-10-14,86.86216735839844,4.091203208667494,4.52197265625,0.3886509961127308,0.7248795399162099,Hammer,2022-10-21,87.94233703613281,2022-11-04,89.5259780883789,Profit target (+1%),2,0.01800772080454749,0.017892992616701586,1975.277899207993,112369.21498380264
CHRW,2026-05-15,163.03167724609375,9.959515416274769,21.780410766601562,0.3962481461061047,1.5395868519341895,Hammer,2026-05-22,164.45680236816406,2026-05-29,175.50894165039062,Profit target (+1%),1,0.0672039047523525,0.0671410572134412,7544.58788471238,119913.802868515
CHTR,2019-08-09,379.57000732421875,6.40172156630976,14.010009765625,0.37259083384159625,0.868215006612457,Hammer,2019-08-16,378.79998779296875,2019-08-23,388.17999267578125,Profit target (+1%),1,0.02476242129115147,0.024735695634328852,2473.569560959316,102473.56956095932
CHTR,2020-03-13,454.19000244140625,5.2302327723259765,64.95999145507812,0.3760775229269443,2.4650939767543605,Hammer,2020-03-20,414.9800109863281,2020-04-03,440.739990234375,Profit target (+1%),2,0.062075229085903016,0.06205038390867375,6358.524325391187,108832.0938863505
CHTR,2021-10-15,699.030029296875,1.0263421371873562,24.719970703125,0.36933473576091574,0.8031465997159603,Hammer,2021-10-22,697.0599975585938,2021-10-29,731.8099975585938,Profit target (+1%),1,0.049852236710913767,0.04983340171320869,5423.4734489626135,114255.56733531311
CHTR,2022-09-09,405.9100036621094,8.731169676156426,18.589996337890625,0.24152722532943066,0.5169029990772217,Hammer,2022-09-16,409.989990234375,2022-11-04,363.3900146484375,RSI > 90,7,-0.11366125197178145,-0.11368425638394446,-12989.059197251707,101266.50813806141
CHTR,2025-11-21,203.0,0.6764791814937894,15.19000244140625,0.3541806463537628,0.6685486922327261,Hammer,2025-11-28,200.92999267578125,2025-12-12,205.2899932861328,Profit target (+1%),2,0.02169910301737188,0.021648795724548094,2192.2979462268804,103458.8060842883
CI,1990-08-10,2.886678695678711,0.9590469729850355,0.07176828384399414,0.33333222597984175,0.5865908414672589,Hammer,1990-08-17,2.886678695678711,1990-12-21,2.6227798461914062,RSI > 90,18,-0.09141954381080064,-0.09471966919997575,-9471.966910525607,90528.0330894744
CI,1996-04-19,8.885334014892578,2.338032105459945,0.17087173461914062,0.25,0.3574976406252645,Hammer,1996-04-26,8.906693458557129,1996-05-03,9.365911483764648,Profit target (+1%),1,0.05155875492339135,0.05040770615557635,4563.310486253207,95091.34357572762
CI,2002-07-26,23.54319190979004,9.719633765556424,2.83087158203125,0.28542668334016086,1.723980437884131,Hammer,2002-08-02,23.68544578552246,2002-08-30,24.97996711730957,Profit target (+1%),4,0.05465471680412182,0.054221070528444826,5155.954441508151,100247.29801723578
CI,2002-10-11,17.614118576049805,2.0282059677369233,1.6028423309326172,0.19251241445538828,0.8902388901676969,Hammer,2002-10-18,17.614118576049805,2002-10-25,17.942686080932617,Profit target (+1%),1,0.018653644430983496,0.01808078556868625,1812.5498974772763,102059.84791471306
CI,2002-11-01,10.97132396697998,2.8640932142228763,1.6228408813476562,0.25176062131832694,0.7121777341301871,Hammer,2002-11-08,11.042752265930176,2002-11-29,11.614174842834473,Profit target (+1%),3,0.05174639103942291,0.05081781012013194,5186.457967032973,107246.30588174603
CI,2004-07-30,18.457902908325195,4.255469954137823,1.0001373291015625,0.32440498893889697,1.07866635027729,Hammer,2004-08-06,18.440044403076172,2004-08-20,18.678171157836914,Profit target (+1%),2,0.01291356731879767,0.012367915727147703,1326.4132718669266,108572.71915361294
CI,2007-08-10,42.450531005859375,2.6590070688656198,6.260112762451172,0.3719597989337321,2.4712194375717327,Hammer,2007-08-17,41.97587203979492,2007-08-24,43.104305267333984,Profit target (+1%),1,0.026882901359839728,0.026641495833599323,2892.5396420809893,111465.25879569392
CI,2011-08-12,39.467308044433594,3.899071049303288,3.6682357788085938,0.13267908062137715,1.4003257396760647,Hammer,2011-08-19,39.692626953125,2011-09-02,41.008506774902344,Profit target (+1%),2,0.03315174436127233,0.032895664602806844,3666.723764541489,115131.98256023542
CI,2014-02-14,70.15087127685547,6.934710654211642,2.4734649658203125,0.24087760100184452,0.733488753672688,Hammer,2014-02-21,70.28628540039062,2014-03-07,71.10775756835938,Profit target (+1%),2,0.011687517177628282,0.01154442066817345,1329.1320377070351,116461.11459794246
CI,2014-10-17,80.4194564819336,8.657966354852093,4.8952484130859375,0.39298817075261444,1.4066249601013958,Hammer,2014-10-24,80.65428924560547,2014-10-31,83.86058044433594,Profit target (+1%),1,0.0397535112976668,0.03962706873101552,4615.012588048328,121076.12718599079
CI,2016-02-12,117.72340393066406,5.269627423733596,7.923515319824219,0.22919047788697908,1.226563703087577,Hammer,2016-02-19,119.06055450439453,2016-02-26,122.27693939208984,Profit target (+1%),1,0.027014697698023893,0.02692957590498574,3260.5287540763175,124336.65594006711
CI,2021-12-03,183.12648010253906,7.379523146206594,12.058151245117188,0.3829784003148399,1.1574597341582904,Hammer,2021-12-10,186.671875,2021-12-17,197.94345092773438,Profit target (+1%),1,0.06038175771114096,0.060326571932031635,7500.804210855924,131837.46015092303
CI,2024-12-20,268.30120849609375,5.819978819655134,21.939895629882812,0.34246338116622493,1.1208936890305101,Hammer,2024-12-27,267.3226318359375,2025-01-03,269.06658935546875,Profit target (+1%),1,0.006523793019520996,0.006486263719252899,855.1325337602495,132692.59268468327
CI,2025-05-16,312.47882080078125,6.940716898969924,31.1514892578125,0.22862892007225905,1.6607574276314359,Hammer,2025-05-23,312.09906005859375,2025-07-03,318.8854064941406,Profit target (+1%),6,0.021744206580669667,0.021711817636318787,2880.9973711791745,135573.59005586244
CIEN,2003-03-14,34.15999984741211,6.474849364992664,7.489999771118164,0.3831774391972125,1.034280280705385,Hammer,2003-03-21,32.970001220703125,2003-03-28,34.29999923706055,Profit target (+1%),1,0.04033964110144672,0.04003026436671266,4003.02643266824,104003.02643266825
CIEN,2004-03-26,34.64999771118164,2.6912557002412285,2.3800010681152344,0.264706212343906,0.5085676805672105,Hammer,2004-04-02,35.55999755859375,2004-04-08,37.45000076293945,Profit target (+1%),1,0.05314970005921582,0.052861052534823864,5497.7094385402415,109500.73587120848
CIEN,2008-01-25,24.790000915527344,0.2488543856524501,5.130001068115234,0.39571155243274275,1.323077343350116,Hammer,2008-02-01,24.610000610351562,2008-02-08,26.59000015258789,Profit target (+1%),1,0.08045507895694626,0.08003247992640178,8763.6154367751,118264.3513079836
CIEN,2008-09-19,11.279999732971191,2.242591456976484,2.299999237060547,0.23478266999043007,0.8279881111371614,Hammer,2008-09-26,12.25,2009-04-03,7.849999904632568,RSI > 90,27,-0.3591836812544842,-0.3598531289569508,-42557.796819684154,75706.55448829946
CIEN,2009-07-10,9.329999923706055,7.112197042667987,1.3500003814697266,0.34814824757095686,0.8943686396328678,Hammer,2009-07-17,9.4399995803833,2009-07-24,9.949999809265137,Profit target (+1%),1,0.05402545037625184,0.052938089051936726,4007.7603193091354,79714.3148076086
CINF,2001-06-29,15.557817459106445,6.7477303139312,2.698000907897949,0.19708037195406672,2.9966622061093666,Hammer,2001-07-06,15.628714561462402,2001-08-17,15.691733360290527,RSI > 90,6,0.004032244531710694,0.0033913116821780334,339.13116787867216,100339.13116787866
CINF,2011-03-18,19.985788345336914,8.704932058472977,0.7969799041748047,0.3615390322295003,1.1604411202314289,Hammer,2011-03-25,20.221647262573242,2011-04-08,20.507158279418945,Profit target (+1%),2,0.014119078091829662,0.01362119056456279,1366.7384253535988,101705.86959323224
CINF,2011-05-27,18.676162719726562,0.3068174189755126,0.5275764465332031,0.3647045212977491,0.8056499530675153,Hammer,2011-06-03,18.81270980834961,2011-09-23,17.243335723876953,RSI > 90,16,-0.08342094788365495,-0.08393019663699318,-8536.193625560176,93169.67596767207
CINF,2012-04-13,22.17700958251953,8.126607951079393,0.7922687530517578,0.3884302693697533,0.9819289644936645,Hammer,2012-04-20,22.3603458404541,2012-04-27,22.37343978881836,Profit target (+1%),1,0.000585587917901087,0.00013833671011972536,12.888786443399809,93182.56475411548
CINF,2013-06-14,31.482824325561523,4.256602326172612,0.8862628936767578,0.3846148879711271,0.8051579110423565,Hammer,2013-06-21,31.762760162353516,2013-07-19,34.03251266479492,RSI > 90,4,0.07145954856692871,0.07113351683885259,6628.4035323959415,99810.96828651143
CINF,2022-08-05,87.83729553222656,2.0006773597146577,3.8111572265625,0.3009472790749816,0.5875482195185986,Hammer,2022-08-12,88.37013244628906,2022-08-19,93.12053680419922,Profit target (+1%),1,0.05375576822630013,0.05363957288314325,5353.817702587612,105164.78598909904
CL,1991-01-11,2.0073330402374268,9.869841783403302,0.10108864307403564,0.35714209905034594,0.975684073152053,Hammer,1991-01-18,1.9784504175186157,1991-01-25,2.078108787536621,Profit target (+1%),1,0.05037193206135404,0.04520323231985407,4520.323227465084,104520.3232274651
CL,1992-12-24,3.4621124267578125,6.580157363542384,0.12878775596618652,0.29411764705882354,0.943619042078922,Hammer,1992-12-31,3.4621124267578125,1993-02-12,3.648888111114502,RSI > 90,6,0.05394847461138075,0.05098642980031572,5329.11811761434,109849.44134507944
CL,2002-06-28,14.548761367797852,7.441862207062059,1.7295722961425781,0.3025213003173819,2.144231804054561,Hammer,2002-07-05,14.606898307800293,2002-07-12,14.999321937561035,Profit target (+1%),1,0.026865637145647936,0.026172070302226992,2874.9872986687924,112724.42864374822
CL,2004-10-15,13.244467735290527,1.4711750052536416,0.3768625259399414,0.3519987650853179,0.6179401362915149,Hammer,2004-10-22,13.178139686584473,2004-10-29,13.93930721282959,Profit target (+1%),1,0.057759861736781826,0.05697941037593076,6422.971472661482,119147.40011640971
CL,2005-03-24,15.767178535461426,8.49615349225742,0.5664854049682617,0.34408412078726874,0.9569426228439287,Hammer,2005-04-01,15.767178535461426,2005-04-15,16.358028411865234,Profit target (+1%),2,0.03747340559853174,0.03682749818598957,4387.900657264552,123535.30077367427
CL,2011-08-05,29.829557418823242,8.483759205076552,1.2158699035644531,0.33527748930923373,1.3278450016212715,Hammer,2011-08-12,29.343917846679688,2011-08-19,30.446353912353516,Profit target (+1%),1,0.03756949128040765,0.0372223627249485,4598.275770135038,128133.57654380932
CL,2014-02-07,45.74943542480469,4.500259787030473,1.1651611328125,0.283872446306967,0.801275495370897,Hammer,2014-02-14,45.73440170288086,2014-02-21,47.25286865234375,Profit target (+1%),1,0.03320185446674895,0.032979595125921336,4225.7934722252885,132359.3700160346
CL,2015-08-28,49.19826126098633,4.18818977553191,9.82412338256836,0.12569199735180084,4.581364148482957,Hammer,2015-09-04,48.833255767822266,2015-10-09,50.161258697509766,Profit target (+1%),5,0.027194642437962546,0.026987100766933825,3571.99565249861,135931.3656685332
CL,2017-05-05,57.992042541503906,5.797167978134297,1.5343894958496094,0.3947383468703307,0.9098344178049673,Hammer,2017-05-12,58.00819778442383,2017-05-26,60.568214416503906,Profit target (+1%),2,0.04413198013139241,0.04395580194623814,5974.972181632747,141906.33785016593
CL,2018-04-27,54.96750259399414,7.212646107236893,2.071643829345703,0.30685787625513516,0.9292837305772315,Hammer,2018-05-04,54.42261505126953,2018-07-13,54.03458786010742,RSI > 90,10,-0.007129888756660541,-0.007312964030982685,-1037.7559434289842,140868.58190673694
CL,2022-02-18,71.8340835571289,6.134523109659256,2.3116989135742188,0.15234373710804325,0.9802244185334917,Hammer,2022-02-25,71.66251373291016,2022-04-14,72.57454681396484,RSI > 90,7,0.012726780481827404,0.012586359342900944,1773.0225902300426,142641.604496967
CLX,1992-06-12,4.2881598472595215,1.3830883281261777,0.2464456558227539,0.2999996130285546,1.2014305683885884,Hammer,1992-06-19,4.263514995574951,1992-07-02,4.325126647949219,Profit target (+1%),2,0.014450905517680468,0.012091243073474508,1209.1243061383266,101209.12430613831
CLX,1995-12-29,7.985466003417969,6.742877590075864,0.19510698318481445,0.3571433808524106,0.7389026071742694,Hammer,1996-01-05,7.95759391784668,1996-01-12,8.096956253051758,Profit target (+1%),1,0.0175131247766398,0.01624625549660859,1644.2692904212722,102853.39359655957
CLX,1996-06-21,9.20804214477539,7.143655746708916,0.1271047592163086,0.33333083231416805,0.3633260116833531,Hammer,1996-06-28,9.236288070678711,1996-07-05,10.013040542602539,Profit target (+1%),1,0.08409790448066334,0.08297030306377143,8533.777229310137,111387.17082586972
CLX,2005-05-13,31.07689094543457,6.005200049119054,1.2168998718261719,0.3511111180772595,1.0078479224685233,Hammer,2005-05-20,30.990354537963867,2005-05-27,32.1748046875,Profit target (+1%),1,0.038219961249076784,0.03789116682300366,4220.589867484847,115607.76069335456
CLX,2014-08-01,63.35665512084961,9.680128192201508,2.3581199645996094,0.21988071184647515,1.3983352702534073,Hammer,2014-08-08,63.17908477783203,2014-09-26,67.3342056274414,Profit target (+1%),7,0.06576734791617778,0.06560387578904488,7584.31716519214,123192.0778585467
CLX,2019-10-18,121.26276397705078,9.00895211303667,3.2320480346679688,0.25814447006947083,0.6330528627912659,Hammer,2019-10-25,121.23846435546875,2019-11-01,123.2392578125,Profit target (+1%),1,0.016502959416946794,0.016419800173265508,2022.789299343914,125214.8671578906
CLX,2021-01-15,164.74517822265625,7.47312230838628,6.21380615234375,0.23624112290903376,0.7878055416162714,Hammer,2021-01-22,165.89617919921875,2021-01-29,169.81631469726562,Profit target (+1%),1,0.023630052946182145,0.023569063926613124,2951.197205655497,128166.0643635461
CLX,2021-10-15,138.54034423828125,7.197050451348716,3.8021392822265625,0.2879439113561846,0.6003807552887769,Hammer,2021-10-22,138.53184509277344,2021-11-19,141.9352569580078,RSI > 90,4,0.02456772204943314,0.0244946524006804,3139.38319300891,131305.447556555
CLX,2024-12-27,153.4475555419922,5.367598350471951,3.3231353759765625,0.3994352228114884,0.5981944107342769,Hammer,2025-01-03,153.02392578125,2025-08-01,124.78560638427734,RSI > 90,30,-0.1845353218642407,-0.18459463956084174,-24238.281739838996,107067.165816716
CLX,2025-11-21,101.50206756591797,6.316571622863464,7.2375946044921875,0.2982450777212996,1.3036602349394175,Hammer,2025-11-28,101.09184265136719,2025-12-05,105.057373046875,Profit target (+1%),1,0.039227006764370076,0.039126151636094945,4189.126160802625,111256.29197751863
CMCSA,1991-06-28,0.9133642911911011,0.27690285430909967,0.08736526966094971,0.36363667374838476,1.2332746623619983,Hammer,1991-07-05,0.9371911883354187,1991-09-20,0.9555531740188599,RSI > 90,11,0.019592571838041417,0.008875041272901696,887.5041264026657,100887.50412640265
CMCSA,1998-09-04,3.855527639389038,7.607118699382312,0.8548784255981445,0.36498764509345666,2.115085639067677,Hammer,1998-09-11,3.972735643386841,1998-09-25,4.194814205169678,Profit target (+1%),2,0.05590066435769936,0.053316404305405934,5378.958953987634,106266.4630803903
CMCSA,2000-11-24,7.688187122344971,6.916067911553114,0.6559886932373047,0.29999970924062375,0.8287366776183146,Hammer,2000-12-01,7.766905784606934,2000-12-22,8.17361831665039,Profit target (+1%),3,0.05236480824184997,0.05104443402147094,5424.311457977748,111690.77453836804
CMCSA,2002-07-05,5.065281867980957,3.781866712517015,0.6549386978149414,0.3750001820159504,1.0884099926736506,Hammer,2002-07-12,5.027497291564941,2002-07-19,5.11146354675293,Profit target (+1%),1,0.016701402371487317,0.014697723794499483,1641.600152917049,113332.37469128509
CMCSA,2005-09-16,6.34997034072876,9.669178681492724,0.1322474479675293,0.2539707149630602,0.6431946603561624,Hammer,2005-09-23,6.305887699127197,2006-04-28,6.012004852294922,RSI > 90,31,-0.04660451642247798,-0.048152155658593376,-5457.19814183559,107875.1765494495
CMCSA,2007-08-17,7.950582027435303,6.1982793561123515,0.5163941383361816,0.39024356461059856,1.1033697281788688,Hammer,2007-08-24,7.922243118286133,2007-08-31,8.170994758605957,Profit target (+1%),1,0.031399142465806884,0.030117865285231964,3248.9700316879644,111124.14658113748
CMCSA,2009-02-20,4.098320484161377,1.474391921146804,0.4596247673034668,0.38194403378763214,0.7095203515961207,Hammer,2009-02-27,4.107895851135254,2009-03-06,4.0887451171875,Profit target (+1%),1,-0.004661932688108772,-0.007087642138982883,-787.6081831793726,110336.5383979581
CMCSA,2020-03-13,30.76654815673828,5.441430324037725,4.130369186401367,0.2935608955517494,1.9765422812305062,Hammer,2020-03-20,27.097715377807617,2020-04-17,29.486980438232422,Profit target (+1%),4,0.08817219559334344,0.08778696257028949,9686.109556790747,120022.64795474884
CMCSA,2022-09-09,29.21222496032715,8.729024461048994,1.8468894958496094,0.24553496739653538,0.9097295840330382,Hammer,2022-09-16,29.451332092285156,2022-12-02,29.413787841796875,RSI > 90,11,-0.0012747895535127896,-0.0016140587476855884,-193.7236046580266,119828.9243500908
CMCSA,2025-01-03,33.225337982177734,1.1633390374950636,0.7408905029296875,0.33333848213366285,0.42704681841812875,Hammer,2025-01-10,32.93427658081055,2025-01-31,33.41575622558594,Profit target (+1%),3,0.014619408554306323,0.014313600470814779,1715.1833462795048,121544.10769637032
CME,2007-03-02,53.092628479003906,5.518350144288789,4.029243469238281,0.2621955953275859,1.4057179830215873,Hammer,2007-03-09,53.16633605957031,2007-03-16,55.90096664428711,Profit target (+1%),1,0.05143537786114827,0.05124246984623954,5124.246979499707,105124.24697949972
CME,2008-01-11,61.0589485168457,7.407558738161256,5.4053192138671875,0.20647479272702637,1.3281214863637252,Hammer,2008-01-18,61.48698806762695,2008-02-01,63.67164993286133,Profit target (+1%),2,0.0355304745588052,0.0353649627142116,3717.7150710718643,108841.96205057159
CME,2008-03-20,46.762664794921875,2.279714555769175,7.668281555175781,0.10361736230433481,1.4159364238670455,Hammer,2008-03-28,46.99845886230469,2008-04-04,46.4822883605957,Profit target (+1%),1,-0.010982711225090425,-0.011194293238086645,-1218.408838584388,107623.55321198721
CME,2011-06-10,28.303606033325195,5.039726465634033,1.172149658203125,0.35463693405191493,0.7973888102990768,Hammer,2011-06-17,28.699247360229492,2011-06-24,29.32330322265625,Profit target (+1%),1,0.02174467694548521,0.021392508736443872,2302.337800032231,109925.89101201945
CME,2020-03-20,123.79914093017578,9.545014240181558,28.65019989013672,0.27414100673752057,2.254948920794727,Hammer,2020-03-27,123.33805084228516,2020-04-03,136.68624877929688,Profit target (+1%),1,0.10822449232702991,0.10813903050011997,11887.279269014354,121813.1702810338
CMG,2012-08-03,5.952999591827393,9.380221952000525,0.4306001663208008,0.11658143547197558,0.8370529505053176,Hammer,2012-08-10,5.989999771118164,2012-09-14,6.532199382781982,Profit target (+1%),5,0.09051746784334269,0.08877391692786585,8877.391683909194,108877.39168390918
CMG,2014-05-02,10.035399436950684,3.7818994902060297,0.6513996124267578,0.09855762895985898,1.017521586111972,Hammer,2014-05-09,10.087800025939941,2014-05-30,10.4399995803833,Profit target (+1%),3,0.034913415565109185,0.03390531404207529,3691.522153433455,112568.91383734264
CMG,2014-09-19,13.281800270080566,9.626165382767041,0.5087995529174805,0.15683907668950264,0.9728505327516018,Hammer,2014-09-26,13.215399742126465,2014-10-10,13.539999961853027,Profit target (+1%),2,0.02456227023476565,0.02379657392083972,2678.754476640206,115247.66831398284
CMG,2015-06-05,12.275999069213867,1.3872969230928334,0.3493967056274414,0.297650729182873,0.6667728196002083,Hammer,2015-06-12,12.23859977722168,2015-07-17,12.922399520874023,RSI > 90,5,0.055872383777515466,0.055032813544420064,6342.403435410184,121590.07174939301
CMG,2016-06-17,7.945399761199951,3.651859091161171,0.41266393661499023,0.39418016013052637,0.5951015925890286,Hammer,2016-06-24,7.995800018310547,2016-07-22,8.098400115966797,Profit target (+1%),4,0.012831748845805846,0.011573854795061256,1407.2658335412889,122997.3375829343
CMG,2017-08-25,6.17579984664917,1.85289174692781,0.33839988708496094,0.24409026090779454,0.7196407377712519,Hammer,2017-09-01,6.187600135803223,2017-09-08,6.38599967956543,Profit target (+1%),1,0.03206405381857347,0.030423334242583207,3741.9891084914625,126739.32669142577
CMG,2020-03-20,11.319999694824219,1.2949627830931831,3.639799118041992,0.17028401674157614,2.547642352691483,Hammer,2020-03-27,11.226200103759766,2020-04-03,12.44420051574707,Profit target (+1%),1,0.10849623209365244,0.10755755403048275,13631.77196476826,140371.09865619402
CMG,2021-10-29,35.58060073852539,9.773862538194123,1.1711006164550781,0.3361791809040479,0.6997418831707268,Hammer,2021-11-05,35.690799713134766,2021-11-19,37.39999771118164,Profit target (+1%),2,0.04788903616014695,0.04760218321769755,6681.970750019676,147053.06940621368
CMG,2022-05-13,26.3656005859375,4.1759803691453925,2.3735008239746094,0.3632181986792007,0.979704102520532,Hammer,2022-05-20,26.176998138427734,2022-06-03,27.899999618530273,Profit target (+1%),2,0.06582120191899232,0.06542669016496266,9621.195600225896,156674.26500643956
CMI,1990-01-26,2.647751569747925,0.0,0.17974305152893066,0.3461547134422872,,Hammer,1990-02-02,2.627012014389038,1990-02-09,2.7445363998413086,Profit target (+1%),1,0.04473690444069134,0.04085254355392068,4085.2543513068135,104085.25435130681
CMI,1996-06-07,5.304252624511719,9.901728457020795,0.15693092346191406,0.2000012154064927,0.6038844319738512,Hammer,1996-06-14,5.272866725921631,1996-10-04,4.959721088409424,RSI > 90,16,-0.05938811917486364,-0.06122656260437853,-6372.782335360167,97712.47201594665
CMI,1997-10-31,7.8407368659973145,2.0641146323593205,1.0373897552490234,0.302325741738694,1.5656920925295053,Hammer,1997-11-07,7.816611289978027,1997-11-28,7.9854888916015625,Profit target (+1%),3,0.021604963501262953,0.020312643486529093,1984.7986062625764,99697.27062220924
CMI,1998-09-25,4.121840000152588,3.4714791097193824,0.27916860580444336,0.3529418797900451,0.5009512805823937,Hammer,1998-10-02,4.154683589935303,1998-10-23,4.532382011413574,Profit target (+1%),3,0.09090907004163773,0.0883957670164981,8812.816697288752,108510.087319498
CMI,2008-11-21,13.712706565856934,0.22089287138844327,2.703629493713379,0.29022127641262085,0.4926539204669622,Hammer,2008-11-28,14.085841178894043,2008-12-05,16.35796546936035,Profit target (+1%),1,0.1613055451648011,0.16053862659772436,17420.060372851294,125930.1476923493
CMI,2013-06-28,77.60350036621094,4.68472059741228,2.9908065795898438,0.3038307598511266,0.6954416924964835,Hammer,2013-07-05,78.16875457763672,2013-07-12,79.53536987304688,Profit target (+1%),1,0.017482884341631033,0.0173538459645413,2185.3723831595935,128115.52007550889
CMI,2015-10-02,81.04850769042969,5.812425907819659,5.112449645996094,0.2760636861120521,1.1644931068282771,Hammer,2015-10-09,81.64908599853516,2015-10-16,85.07240295410156,Profit target (+1%),1,0.041927192615822007,0.04180215740370476,5355.505130698413,133471.02520620733
CMI,2021-12-03,195.4728546142578,1.115212076017059,10.728363037109375,0.33341772223913163,1.0502169327507809,Hammer,2021-12-10,197.0400390625,2022-01-14,212.11727905273438,RSI > 90,5,0.07651866119175899,0.07646596971901046,10205.99136157714,143677.01656778445
CMI,2023-10-06,215.00213623046875,6.230517276203145,7.4054107666015625,0.36224684281125274,0.7005524319020626,Hammer,2023-10-13,214.1331329345703,2023-12-15,220.4636993408203,RSI > 90,9,0.029563693948214675,0.029516304824518287,4240.814613051276,147917.8311808357
CMS,2000-01-07,13.7588529586792,8.733741906689943,0.773590087890625,0.17857213302299893,0.953760355427326,Hammer,2000-01-14,13.675968170166016,2000-01-28,13.924622535705566,Profit target (+1%),2,0.018181847343136326,0.017444259980078158,1744.42599626339,101744.4259962634
CMS,2002-07-12,5.284243106842041,6.599171133162599,0.5000696182250977,0.3917520563123497,0.4824286087750086,Hammer,2002-07-19,5.103805065155029,2002-08-30,5.791495323181152,Profit target (+1%),6,0.13474069821380108,0.13265142227648463,13496.542803612334,115240.96879987571
CMS,2004-10-22,4.876774787902832,2.88998414328303,0.1881880760192871,0.22857200773325834,0.8197346677281983,Hammer,2004-10-29,4.866021633148193,2004-11-05,5.000442028045654,Profit target (+1%),1,0.027624290443298838,0.02554297727826894,2943.5974446373284,118184.56624451303
CMS,2017-10-06,35.71417236328125,5.233463414468346,0.5939483642578125,0.3766217084136159,0.6858862993996225,Hammer,2017-10-13,35.806732177734375,2017-10-20,36.59352493286133,Profit target (+1%),1,0.021973319185385032,0.021691013192875325,2563.5429830404373,120748.10922755348
CMS,2017-12-29,36.739662170410156,4.22807929056043,0.6058578491210938,0.37179358023447634,0.6259002360196982,Hammer,2018-01-05,36.8095703125,2018-07-06,37.3963623046875,RSI > 90,26,0.015941288833470457,0.01566749217202338,1891.8200542174982,122639.92928177098
CMS,2023-10-06,48.61726379394531,9.001412456831233,3.0019149780273438,0.08702254572810426,1.263320883190199,Hammer,2023-10-13,48.59893035888672,2023-10-20,49.533878326416016,Profit target (+1%),1,0.019238035912005014,0.019030312172278494,2333.8761366843837,124973.80541845538
CNC,2024-06-14,68.93000030517578,4.523852108597325,3.1199951171875,0.3397433389412731,0.7556961997380437,Hammer,2024-06-21,68.43000030517578,2024-08-02,73.38999938964844,Profit target (+1%),6,0.07248281546620872,0.07233139566594385,7233.139559361243,107233.13955936125
CNC,2025-06-06,55.15999984741211,8.72149641919826,1.7800025939941406,0.387641256105114,0.4034165064811702,Hammer,2025-06-13,55.560001373291016,2025-09-19,33.23500061035156,RSI > 90,14,-0.401817858371609,-0.40196167031277075,-43103.61184705969,64129.52771230156
CNP,1994-01-21,3.99505877494812,5.848636609917918,0.11253690719604492,0.2000004237162457,0.9292564642357183,Hammer,1994-01-28,3.99505877494812,1994-02-04,4.096342086791992,Profit target (+1%),1,0.025352145625238576,0.02282049264265016,2282.0492619829665,102282.04926198296
CNP,1999-01-15,7.838746070861816,2.6311067629411724,0.2996702194213867,0.31578922244110147,0.8627117546205879,Hammer,1999-01-22,7.822973728179932,1999-01-29,7.870290279388428,Profit target (+1%),1,0.006048409831424184,0.0047670767051963365,487.5863739089568,102769.63563589193
CNP,1999-07-02,7.270534992218018,5.997271972184279,0.404818058013916,0.3600007067429164,1.0116148303033419,Hammer,1999-07-09,7.205764293670654,1999-07-30,7.319113254547119,Profit target (+1%),3,0.015730317598096732,0.01433259453053839,1472.9555161474523,104242.59115203939
CNP,2001-01-19,9.453266143798828,7.493536062649937,0.7002420425415039,0.37499948927963916,0.7375494266602716,Hammer,2001-01-26,9.57580852508545,2001-02-02,10.523235321044922,Profit target (+1%),1,0.09893961366056225,0.09784422614281522,10199.535652193634,114442.12680423303
CNP,2003-07-03,3.333479881286621,6.123547724346196,0.12726330757141113,0.3548384075116949,0.36545945626988446,Hammer,2003-07-11,3.337585210800171,2003-07-18,3.4032695293426514,Profit target (+1%),1,0.01968019223297457,0.016659057295700275,1906.4979455670164,116348.62474980004
CNP,2008-09-19,7.498348236083984,3.528892465484816,0.8646106719970703,0.33918112529091893,1.9872914155967767,Hammer,2008-09-26,7.518572807312012,2008-12-05,6.479493141174316,RSI > 90,10,-0.13820171630540878,-0.13943902624536517,-16223.53892387597,100125.08582592406
CNP,2010-05-07,7.621135234832764,9.312424779268355,2.648108959197998,0.18837515960692805,5.654112322726137,Hammer,2010-05-14,7.859468936920166,2010-05-21,7.969057559967041,Profit target (+1%),1,0.013943515004185336,0.012663108449618262,1267.894819073118,101392.9806449972
CNP,2014-08-08,16.126697540283203,9.103737186997336,0.6694602966308594,0.14851420268383714,1.322039423020634,Hammer,2014-08-15,16.146583557128906,2014-08-22,16.45295524597168,Profit target (+1%),1,0.018974397138489918,0.018349388949665108,1860.499236760421,103253.47988175761
CNP,2014-10-17,15.50915241241455,9.435624949177765,2.0616397857666016,0.3181818181818182,3.5117071925073526,Hammer,2014-10-24,15.502458572387695,2014-10-31,16.07811164855957,Profit target (+1%),1,0.03713301819088244,0.03647619456995145,3766.2940184252648,107019.77390018286
CNP,2023-03-03,26.123632431030273,7.97187670411185,1.6735305786132812,0.3571435084088205,1.2913354829004418,Hammer,2023-03-10,26.14202308654785,2023-03-24,26.804079055786133,Profit target (+1%),2,0.02532535324624363,0.024938057654974564,2668.865289076237,109688.6391892591
COF,1999-05-28,36.03500747680664,5.599788500702772,4.7528533935546875,0.37106920762930884,1.4177265305641933,Hammer,1999-06-04,36.49833679199219,1999-06-11,37.7089729309082,Profit target (+1%),1,0.03316962484662134,0.03289113391900648,3289.113388611535,103289.11338861153
COF,2000-11-24,35.72427749633789,2.349039690437152,4.45428466796875,0.39393952369859825,0.970218357636291,Hammer,2000-12-01,37.43400573730469,2000-12-08,39.41368865966797,Profit target (+1%),1,0.052884613424911686,0.052610449545156056,5434.086683061363,108723.2000716729
COF,2001-03-16,39.16423797607422,8.961654602541813,2.9167938232421875,0.375307996128796,0.6556461966911599,Hammer,2001-03-23,39.34428405761719,2001-04-06,38.602481842041016,Profit target (+1%),2,-0.018854129217089066,-0.01910586770715691,-2077.251075190884,106645.94899648202
COF,2006-07-28,56.535091400146484,1.9214707924095507,3.187328338623047,0.3538805489630047,1.227122468636174,Hammer,2006-08-04,56.535091400146484,2006-08-11,57.16091537475586,Profit target (+1%),1,0.011069655308061588,0.010891810737465172,1161.5674912254785,107807.5164877075
COF,2007-11-23,37.97524642944336,4.006996690841234,2.982879638671875,0.20782306661346592,0.723629106300867,Hammer,2007-11-30,37.97524642944336,2007-12-07,39.390106201171875,Profit target (+1%),1,0.037257421735426455,0.036989222129939374,3987.716170653199,111795.23265836069
COF,2013-03-01,40.920326232910156,5.789037729873115,1.8618087768554688,0.2966098569444046,0.8382957524234406,Hammer,2013-03-08,40.817771911621094,2013-03-15,42.80580139160156,Profit target (+1%),1,0.04870499752619928,0.048454070788303924,5416.9341116061805,117212.16676996688
COF,2020-03-13,65.42831420898438,0.865441819413121,15.51272201538086,0.3190504423018236,2.6714480849478535,Hammer,2020-03-20,54.80205154418945,2020-05-15,55.16485595703125,Profit target (+1%),8,0.006620270639854597,0.006437208404785984,754.5191443202882,117966.68591428717
COF,2022-03-11,120.46376037597656,4.497128584692504,11.649116516113281,0.39109736042224863,1.078325859681245,Hammer,2022-03-18,123.11212921142578,2022-03-25,127.97364807128906,Profit target (+1%),1,0.03948854504428545,0.039405717879694095,4648.561939692321,122615.2478539795
COF,2024-05-31,133.76622009277344,9.771330593312157,4.28619384765625,0.1088430046279815,0.6923528539996948,Hammer,2024-06-07,133.5718231201172,2024-06-14,134.9130859375,Profit target (+1%),1,0.010041510148264265,0.00996627099138075,1222.0167865660596,123837.26464054556
COF,2025-03-14,168.83726501464844,1.6154363347150564,11.35601806640625,0.37024272131658575,0.9384331779390352,Hammer,2025-03-21,167.00027465820312,2025-03-28,175.18328857421875,Profit target (+1%),1,0.04900000274109528,0.04893865737320402,6060.429458218023,129897.69409876359
COIN,2026-01-02,236.52999877929688,8.232353003797144,14.419998168945312,0.383495109673883,0.37223874420219727,Hammer,2026-01-09,247.10499572753906,2026-06-22,164.83999633789062,End of data,24,-0.3329151608102444,-0.332948892445306,-33294.88921123571,66705.11078876427
COO,2019-09-13,75.32671356201172,1.2608468001123327,3.9623336791992188,0.3284984528767635,1.070984147715542,Hammer,2019-09-20,74.95196533203125,2019-11-29,77.13799285888672,RSI > 90,10,0.029165713229420298,0.029030357848886797,2903.0357819856436,102903.03578198564
COO,2022-05-13,81.9261245727539,1.5587973982268295,6.008430480957031,0.23627207356606736,0.9357031313974934,Hammer,2022-05-20,81.4787368774414,2022-05-27,85.89008331298828,Profit target (+1%),1,0.05414107538488633,0.0540150293078345,5558.310488070787,108461.34627005643
COO,2023-10-06,78.36499786376953,0.316193321512543,3.0625,0.3379603794642857,0.7354597390685511,Hammer,2023-10-13,77.9000015258789,2023-10-20,82.16999816894531,Profit target (+1%),1,0.05481381976158084,0.05468194030714825,5930.876856441286,114392.2231264977
COP,1999-10-08,7.591269016265869,4.1859978901367185,0.46935272216796875,0.32608726572278485,0.9634256490404601,Hammer,1999-10-15,7.632082462310791,1999-10-29,8.019808769226074,Profit target (+1%),2,0.05080216426250317,0.049459503518440924,4945.950346898142,104945.95034689814
COP,2001-07-20,9.399484634399414,5.545186980319684,0.5511989593505859,0.3354043607497915,0.9561880471464619,Hammer,2001-07-27,9.4662446975708,2001-08-03,9.872515678405762,Profit target (+1%),1,0.04291786170911238,0.04183937734568263,4390.873213074272,109336.82355997241
COP,2001-09-28,9.293603897094727,9.006914665712927,0.6822891235351562,0.21717228192197163,1.2265492722337945,Hammer,2001-10-05,9.293603897094727,2001-10-19,9.863901138305664,Profit target (+1%),2,0.061364487611659246,0.06025606073896732,6588.206274847244,115925.02983481967
COP,2002-07-26,8.334226608276367,3.4295921300963244,0.7879705429077148,0.38975512165248405,1.4712866884654554,Hammer,2002-08-02,8.448297500610352,2002-08-09,8.539554595947266,Profit target (+1%),1,0.010801832597670868,0.00961247315985819,1114.326236728638,117039.3560715483
COP,2011-08-12,30.36958122253418,2.1552381192905017,3.250762939453125,0.32531848180171047,1.686244417334452,Hammer,2011-08-19,30.833972930908203,2011-10-21,31.90761375427246,RSI > 90,9,0.0348200611633811,0.03449015068521403,4036.705022971415,121076.06109451971
COP,2014-02-07,43.176273345947266,2.3878562767148708,1.7610740661621094,0.15848848165838125,1.287677529273174,Hammer,2014-02-14,43.16962432861328,2014-02-21,44.04093933105469,Profit target (+1%),1,0.020183520611827266,0.019949565649621186,2415.414826987252,123491.47592150695
COP,2014-10-17,46.98406219482422,2.5460762807063446,4.872322082519531,0.35977373262869444,2.252332784060496,Hammer,2014-10-24,47.05307388305664,2014-10-31,47.632781982421875,Profit target (+1%),1,0.012320302405874894,0.012106489967715383,1495.0483128470414,124986.524234354
COP,2016-01-22,27.29901695251465,3.4026703068084174,5.203264236450195,0.3091925283237702,1.7146306297822276,Hammer,2016-01-29,26.66853904724121,2016-02-05,27.712093353271484,Profit target (+1%),1,0.03913053895384744,0.03874830048610178,4843.015392903177,129829.53962725718
COP,2018-11-16,51.151939392089844,2.0340533921695396,4.231716156005859,0.35648898107758004,1.2603684329544005,Hammer,2018-11-23,50.571720123291016,2018-12-07,52.68370819091797,Profit target (+1%),2,0.041762235147984716,0.04156038712085195,5395.765921235032,135225.3055484922
COP,2019-06-07,46.048118591308594,3.6891915743855037,2.5148391723632812,0.3850936670458855,0.8991606343806927,Hammer,2019-06-14,46.337093353271484,2019-06-28,47.110286712646484,Profit target (+1%),2,0.01668627234514286,0.01646868546824348,2226.9830221982547,137452.28857069046
COP,2022-07-08,75.03614044189453,7.737248762321116,7.73272705078125,0.3243549367368363,0.9447712006443766,Hammer,2022-07-15,74.28108978271484,2022-07-29,77.63975524902344,Profit target (+1%),2,0.04521561915870209,0.04507796111093432,6196.068912602437,143648.3574832929
COR,2004-03-26,10.025248527526855,6.471797763921074,0.43848705291748047,0.29487132085074175,0.7908805835631342,Hammer,2004-04-02,10.043987274169922,2004-04-08,10.266979217529297,Profit target (+1%),1,0.022201535831575914,0.021195364025074815,2119.536400387945,102119.53640038794
COR,2008-03-07,16.08162498474121,3.765609074688726,0.7819890975952148,0.3300003048873441,0.7622560650090147,Hammer,2008-03-14,16.144184112548828,2008-08-01,16.514427185058594,Profit target (+1%),20,0.022933526397408865,0.02230719954637434,2278.000873788691,104397.53727417663
COR,2014-02-07,55.97956085205078,6.086714593876266,2.3976783752441406,0.2070156569939399,1.3113249230264674,Hammer,2014-02-14,55.912254333496094,2014-02-21,57.45764923095703,Profit target (+1%),1,0.02763964565340582,0.027458338499664007,2866.5829141390495,107264.12018831569
COR,2014-03-28,54.72237777709961,9.069135913117307,1.7391777038574219,0.37376703990875493,0.8910494850432171,Hammer,2014-04-04,55.12760543823242,2014-05-23,58.057159423828125,RSI > 90,7,0.05314132479195233,0.052955124510968614,5680.184834451575,112944.30502276728
COR,2025-08-01,286.18939208984375,5.348342002378487,10.346923828125,0.3755397465845544,0.9059177140782008,Hammer,2025-08-08,285.63360595703125,2025-08-22,291.875,Profit target (+1%),2,0.021851049431164116,0.021815657663257704,2463.954290927294,115408.25931369458
COST,1994-05-20,4.66339635848999,8.684866726513732,0.3747372627258301,0.2222232119112181,0.7966753827733754,Hammer,1994-05-27,4.705033779144287,1994-06-17,5.03813362121582,RSI > 90,3,0.07079648259871041,0.06859820061210536,6859.820054350717,106859.82005435071
COST,1995-03-10,4.330296993255615,7.7855056868040435,0.45801210403442383,0.27272698879045854,1.2422218640902136,Hammer,1995-03-17,4.330296993255615,1995-03-24,4.413571834564209,Profit target (+1%),1,0.019230745936893667,0.01690191961994465,1806.136087354249,108665.95614170496
COST,2005-03-24,29.318832397460938,9.380374565082548,0.88763427734375,0.3560604758302964,0.6827975912423825,Hammer,2005-04-01,29.271760940551758,2005-04-15,30.845294952392578,RSI > 90,2,0.053756042044635466,0.053405293536934344,5803.33727941605,114469.293421121
COST,2006-08-04,35.337806701660156,7.748290093606016,1.9859619140625,0.3848807548097609,1.245221074492744,Hammer,2006-08-11,35.38557815551758,2006-08-25,35.71998596191406,Profit target (+1%),2,0.009450398264704951,0.00916650202692178,1049.2830091157266,115518.57643023673
CPAY,2020-03-13,235.4600067138672,2.5246067966958066,33.660003662109375,0.26559719158527284,1.5870395563693853,Hammer,2020-03-20,210.0,2020-04-17,223.0,Profit target (+1%),4,0.06190476190476191,0.06185567010309266,6185.567004123701,106185.56700412369
CPAY,2020-08-14,240.27999877929688,7.782411123172736,14.039993286132812,0.19230756690667028,0.5590498959094856,Hammer,2020-08-21,241.47000122070312,2020-09-04,255.63999938964844,Profit target (+1%),2,0.058682230079561526,0.0586396028465214,6226.679470927822,112412.2464750515
CPAY,2023-10-06,254.5399932861328,5.221707116727487,10.210006713867188,0.2820781829349761,0.858085295560429,Hammer,2023-10-13,250.3000030517578,2023-12-08,249.3300018310547,RSI > 90,8,-0.003875354410213694,-0.003915228256546289,-440.119603340848,111972.12687171067
CPAY,2024-05-31,267.6700134277344,3.282357219471507,6.7799072265625,0.05898345366486019,0.4792933422625755,Hammer,2024-06-07,266.3599853515625,2024-07-12,269.8699951171875,Profit target (+1%),5,0.013177691690410054,0.013139901856865716,1471.3027563274923,113443.42962803815
CPB,1990-02-23,4.125602722167969,6.6115543473323015,0.18803000450134277,0.23529426682136043,,Hammer,1990-03-02,4.103481769561768,1990-03-09,4.302572250366211,Profit target (+1%),1,0.04851745224780313,0.04602441763411127,4602.441758808685,104602.4417588087
CPB,1990-09-28,4.074059009552002,4.555464679914948,0.21207404136657715,0.21052655246806362,0.7521699750912807,Hammer,1990-10-05,4.062897205352783,1990-10-12,4.544014930725098,Profit target (+1%),1,0.11841740045464388,0.11581357679156423,12114.382909104534,116716.82466791323
CPB,1991-05-17,7.264925003051758,8.009370190093207,0.4300107955932617,0.07894672642875677,1.248529540823999,Hammer,1991-05-24,7.242292881011963,1991-07-19,6.998178958892822,RSI > 90,8,-0.033706717766021965,-0.03506328863635733,-4092.4757079576775,112624.34895995556
CPB,1998-04-17,23.099193572998047,8.17964178125004,1.2649555206298828,0.19565260004131477,1.0198356938121267,Hammer,1998-04-24,23.126693725585938,1998-05-15,23.979164123535156,Profit target (+1%),3,0.03686088500433149,0.03642061009209034,4101.847496244214,116726.19645619979
CPB,2008-12-26,16.257925033569336,9.387671862778902,0.9768457412719727,0.3684204874172237,0.608581876415232,Hammer,2009-01-02,16.292200088500977,2009-01-09,17.349023818969727,Profit target (+1%),1,0.06486685191244712,0.06423334835333898,7497.714431433649,124223.91088763344
CPB,2016-10-07,38.80929183959961,5.3392586426865165,1.0521469116210938,0.36592051164915484,0.6581875725902904,Hammer,2016-10-14,38.90294647216797,2016-12-02,41.244327545166016,RSI > 90,7,0.06018518609311818,0.05992043488251832,7443.550755750648,131667.4616433841
CPB,2023-06-02,45.363067626953125,4.555577035545937,1.1369438171386719,0.35658948540982344,0.6772973926664859,Hammer,2023-06-09,45.38950729370117,2023-12-22,39.42064666748047,RSI > 90,28,-0.1315030936026269,-0.1317089000996893,-17341.77653462637,114325.68510875774
CPRT,2024-05-31,53.060001373291016,6.190415446559797,2.170001983642578,0.3870964906575161,0.9282038285142028,Hammer,2024-06-07,53.060001373291016,2024-06-14,53.529998779296875,Profit target (+1%),1,0.008857847603495284,0.008668564856334623,866.8564847666057,100866.8564847666
CPRT,2026-02-20,36.47999954223633,3.4774531597602873,4.259998321533203,0.3732396194972299,1.8336712560019384,Hammer,2026-02-27,36.41999816894531,2026-03-06,37.630001068115234,Profit target (+1%),1,0.03322358484360577,0.032944487563296626,3323.0068956882124,104189.8633804548
CPT,2022-05-13,125.80268859863281,4.270073846918734,6.583549499511719,0.3259147150543678,0.9465176768421304,Hammer,2022-05-20,125.79405975341797,2022-08-05,121.91348266601562,RSI > 90,11,-0.03084865131953818,-0.030926917061449895,-3092.691703052298,96907.3082969477
CPT,2023-09-15,92.44880676269531,5.594100273008621,2.5320816040039062,0.39928891031532004,0.5785554982766112,Hammer,2023-09-22,92.40386962890625,2023-12-22,91.27579498291016,RSI > 90,13,-0.012208088801112349,-0.01231564297416856,-1193.4758093794148,95713.83248756829
CRL,2022-05-13,235.80999755859375,5.176323140400427,22.919998168945312,0.18782758632167953,0.8235710508286146,Hammer,2022-05-20,233.24000549316406,2022-06-03,242.77000427246094,Profit target (+1%),2,0.04085919462721077,0.04081544536899373,4081.5445328178284,104081.54453281783
CRM,2011-08-12,32.949951171875,4.200304455400698,3.315145492553711,0.32839247197068505,1.233609564351405,Hammer,2011-08-19,33.525001525878906,2011-11-04,33.16129684448242,Profit target (+1%),11,-0.010848759577705924,-0.011145382176856011,-1114.538216571063,98885.46178342892
CRM,2012-11-02,36.0267219543457,8.022232398982041,2.3051223754882812,0.38059555764437986,0.9139909946592791,Hammer,2012-11-09,36.093074798583984,2012-11-30,38.55055618286133,RSI > 90,3,0.06808733802789657,0.06780088406192092,6704.521723083255,105589.98350651217
CRM,2018-11-16,130.2958221435547,6.937682354563478,10.183822631835938,0.39671894361311766,1.19957755096671,Hammer,2018-11-23,129.3619842529297,2018-12-07,143.81199645996094,Profit target (+1%),2,0.11170215338362821,0.11162053664943675,11786.010612016053,117375.99411852824
CRM,2020-03-20,136.98019409179688,0.9913031971263848,30.38433074951172,0.39437092203834995,2.4452977887485376,Hammer,2020-03-27,136.40020751953125,2020-04-03,145.2078399658203,Profit target (+1%),1,0.06457198714325929,0.06449630924119502,7570.318406590966,124946.3125251192
CSCO,1996-07-26,3.6736538410186768,4.811285454765127,0.4916081428527832,0.03636356582154597,1.4311433160308569,Hammer,1996-08-02,3.6825921535491943,1996-08-09,4.040125370025635,Profit target (+1%),1,0.09708737801221301,0.09424394076279567,9424.394066855173,109424.39406685517
CSCO,2004-07-30,13.46327018737793,1.8914584738107294,0.7915773391723633,0.357722441023145,0.870302126691392,Hammer,2004-08-06,13.231588363647461,2004-11-12,12.85832405090332,RSI > 90,14,-0.02821009107036987,-0.028954916645797153,-3168.3742060542772,106256.0198608009
CSCO,2008-07-18,13.939504623413086,1.3024526685877333,1.0103883743286133,0.2993622276819803,0.9168050855647722,Hammer,2008-07-25,14.02960205078125,2008-08-01,14.364253044128418,Profit target (+1%),1,0.02385320639429911,0.023132183739338456,2457.9337723729086,108713.95363317379
CSCO,2011-05-27,10.630096435546875,9.736292741422915,0.25832557678222656,0.2500018458766807,0.44752252933868897,Hammer,2011-06-03,10.7140531539917,2011-09-23,10.663982391357422,RSI > 90,16,-0.0046733726176841905,-0.005604110901521841,-609.2450520939642,108104.70858107983
CSCO,2012-07-27,10.332605361938477,4.6271115615279825,0.7836704254150391,0.3865550820334462,1.317811977304085,Hammer,2012-08-03,10.345776557922363,2012-08-10,10.859443664550781,Profit target (+1%),1,0.04964993239053417,0.048659837627633463,5260.357561077621,113365.06614215746
CSCO,2020-08-28,35.69480514526367,6.395050403027966,0.8627662658691406,0.39215807648263024,0.3921471412933209,Hammer,2020-09-04,35.6102180480957,2020-12-04,36.22891616821289,Profit target (+1%),13,0.01737417387564344,0.017090955874401383,1937.5173411966898,115302.58348335416
CSCO,2022-01-28,49.15143966674805,6.01004952591245,3.142120361328125,0.3909975621837395,1.2706743705233186,Hammer,2022-02-04,48.99234390258789,2022-02-25,50.31813430786133,Profit target (+1%),3,0.027061175270763238,0.026854321080942167,3096.372595227759,118398.95607858192
CSCO,2024-06-14,43.35034942626953,7.234191874065715,1.0533905029296875,0.3603606866082422,0.6912966980645945,Hammer,2024-06-21,43.08462905883789,2024-06-28,45.06803894042969,Profit target (+1%),1,0.04603520849357157,0.04579779229236698,5422.410792697565,123821.36687127949
CSX,1992-09-11,0.8565260767936707,5.357270163244053,0.02934563159942627,0.12499949221876028,0.6125798145778606,Hammer,1992-09-18,0.8565260767936707,1992-09-25,0.8803694248199463,Profit target (+1%),1,0.0278372704255907,0.016068402801916546,1606.8402785848148,101606.8402785848
CSX,1994-04-22,1.183459997177124,1.445216135047275,0.07195436954498291,0.36842131422124363,1.2929032072863464,Hammer,1994-04-29,1.1815664768218994,1994-06-24,1.1982440948486328,RSI > 90,8,0.01411483683219572,0.005627681345438671,571.8109190329474,102178.65119761776
CSX,1997-10-31,1.8011692762374878,6.421702756083192,0.17602336406707764,0.13953491522026074,1.7162077490744332,Hammer,1997-11-07,1.8216370344161987,1998-02-13,1.895545482635498,Profit target (+1%),14,0.04057254371916397,0.03498694432182292,3574.9187767550993,105753.56997437286
CSX,1998-05-01,1.7605626583099365,4.378731940199273,0.05585801601409912,0.29629661246641387,0.58538833438362,Hammer,1998-05-08,1.7874572277069092,1998-05-15,1.8040077686309814,Profit target (+1%),1,0.009259265434454322,0.0036545033392246747,386.4767742197992,106140.04674859265
CSX,1998-06-05,1.5791385173797607,3.3615998278709327,0.09778594970703125,0.27659553717718655,1.0282122134026606,Hammer,1998-06-12,1.5791385173797607,1998-06-19,1.5874606370925903,Profit target (+1%),1,0.00527003782203872,-0.0010591752354747654,-112.42090889582232,106027.62583969682
CSX,1999-09-03,1.5629053115844727,8.55645248884241,0.10117983818054199,0.14893644595986136,0.9112939011329538,Hammer,1999-09-10,1.5629053115844727,2000-07-14,0.8647383451461792,RSI > 90,44,-0.44671098195353376,-0.45166437105991025,-47888.90089197325,58138.72494772357
CSX,2000-09-29,0.7866827845573425,1.1368951058803418,0.0428280234336853,0.3157897666780324,0.5924579858529504,Hammer,2000-10-06,0.7866827845573425,2000-10-13,0.8069697618484497,Profit target (+1%),1,0.02578800208844334,0.012993812031493088,755.4436629659541,58894.16861068953
CSX,2001-08-31,1.3155156373977661,8.811611435899593,0.09306132793426514,0.3639994619902518,0.87178707050415,Hammer,2001-09-07,1.3084429502487183,2001-11-16,1.3214715719223022,Profit target (+1%),10,0.009957347908143399,0.00230586465366494,135.8019815705702,59029.9705922601
CSX,2004-03-26,1.1467478275299072,4.085908294188897,0.05146157741546631,0.29104382532876527,0.895046708967032,Hammer,2004-04-02,1.1478999853134155,2004-04-08,1.1701743602752686,Profit target (+1%),1,0.019404456178097496,0.010646521917090862,628.4638750472623,59658.434467307365
CSX,2013-06-28,6.266936302185059,1.4462180486516871,0.31618404388427734,0.32478592520427213,1.0728437432555973,Hammer,2013-07-05,6.304770469665527,2013-07-19,6.6020379066467285,Profit target (+1%),2,0.047149604955717184,0.04552739887484833,2716.093339526009,62374.52780683337
CSX,2014-08-08,8.16470718383789,3.8871039083208387,0.19347667694091797,0.32857178065311154,0.7800077844030363,Hammer,2014-08-15,8.20616626739502,2014-08-22,8.405170440673828,Profit target (+1%),1,0.024250565586210193,0.023017944969560226,1435.7334471242611,63810.26125395764
CSX,2019-05-31,22.59930419921875,6.252127830168945,0.7410869598388672,0.3826629227653053,0.7722300686323004,Hammer,2019-06-07,22.61144256591797,2019-06-14,23.785863876342773,Profit target (+1%),1,0.05193924744080669,0.051485608624388064,3285.310133855907,67095.57138781354
CSX,2024-05-03,32.76165771484375,1.0309466189587653,1.1614208221435547,0.25833649467334735,0.8742929365133603,Hammer,2024-05-10,32.7810173034668,2024-05-17,33.46819305419922,Profit target (+1%),1,0.020962612123076152,0.020654407165850312,1385.819249083458,68481.39063689699
CTAS,2002-07-26,7.947872638702393,7.482044060062009,0.5744552612304688,0.11612905903446444,0.862161091280498,Hammer,2002-08-02,7.958991527557373,2002-08-23,8.24621868133545,Profit target (+1%),3,0.03608838541711923,0.03481007643200042,3481.007639719034,103481.00763971903
CTAS,2006-05-19,7.857133388519287,7.022583268264299,0.2802705764770508,0.3877554145328955,0.9498883387740334,Hammer,2006-05-26,7.805655002593994,2006-06-09,8.011569023132324,Profit target (+1%),2,0.02638010781541067,0.025082918202540654,2595.605647547952,106076.61328726697
CTAS,2007-11-23,6.295810222625732,2.1323746432949804,0.20402193069458008,0.21697965479765813,0.6714541679273299,Hammer,2007-11-30,6.276562690734863,2007-12-14,6.684606552124023,Profit target (+1%),2,0.06501072027711818,0.06336701247545687,6721.7580708067035,112798.37135807368
CTAS,2022-05-13,90.60113525390625,2.99044358968969,4.889030456542969,0.27553974235933926,1.014133015968644,Hammer,2022-05-20,90.20352172851562,2022-06-03,94.83755493164062,Profit target (+1%),2,0.05137308515594308,0.05125938342101554,5781.9749609276205,118580.34631900131
CTAS,2025-10-17,186.71127319335938,7.537230844259511,5.5785064697265625,0.3736668918715621,0.6641890588259789,Hammer,2025-10-24,186.8700714111328,2025-10-31,189.20272827148438,Profit target (+1%),1,0.012482773954848536,0.012428928282476112,1473.8266186362207,120054.17293763754
CTSH,2008-09-19,11.636209487915039,3.0037656516258124,1.813094139099121,0.29468584295856176,1.3872362230461537,Hammer,2008-09-26,11.618691444396973,2009-01-16,8.947224617004395,RSI > 90,16,-0.22992837361911977,-0.23068978045568636,-23068.978022499665,76931.02197750032
CTSH,2011-03-18,32.49116897583008,8.701136555622625,2.526945114135742,0.36568449036001893,1.5829784578395316,Hammer,2011-03-25,32.885318756103516,2011-04-01,35.17139434814453,Profit target (+1%),1,0.06951660128326176,0.06920199250482004,5323.780000951343,82254.80197845165
CTSH,2011-08-12,28.291271209716797,2.3889891185809233,3.1838645935058594,0.32599795598294334,1.4673266865272079,Hammer,2011-08-19,28.16426658630371,2011-09-23,28.11171531677246,Profit target (+1%),5,-0.0018658845374232014,-0.0022205501637613013,-182.65091382075332,82072.1510646309
CTSH,2012-05-11,26.841672897338867,5.4215978133869385,2.5882568359375,0.10321505211526671,1.2819649484074709,Hammer,2012-05-18,26.491317749023438,2012-08-17,28.295652389526367,RSI > 90,13,0.06811041480069235,0.06772015106020018,5557.938462374435,87630.08952700534
CTSH,2012-11-16,28.790529251098633,5.570922369389152,1.0247936248779297,0.3418805964037842,0.6748643961822675,Hammer,2012-11-23,29.088333129882812,2012-12-07,29.574451446533203,Profit target (+1%),2,0.016711796942087354,0.016365203482352222,1434.0842448521007,89064.17377185744
CTSH,2016-07-01,50.1009521484375,2.98255295510549,2.627674102783203,0.32166764175143614,0.9869888377327091,Hammer,2016-07-08,49.66300964355469,2016-07-15,50.87173843383789,Profit target (+1%),1,0.02433861336553278,0.02413482639803668,2149.548370118803,91213.72214197624
CTSH,2018-08-17,66.95066833496094,4.5832812445435565,2.0636367797851562,0.38643177995082906,0.7238135221661092,Hammer,2018-08-24,66.88864135742188,2018-09-07,66.73011016845703,Profit target (+1%),2,-0.0023700763799002766,-0.0025193902670712213,-229.80296355803074,90983.9191784182
CTSH,2026-02-27,63.97886657714844,0.7641896363977878,5.009674072265625,0.16451933210280403,1.0228097493890371,Hammer,2026-03-06,62.71775817871094,2026-03-13,65.54780578613281,Profit target (+1%),1,0.045123545381800856,0.044960516554245517,4090.6840003007237,95074.60317871894
CTVA,2022-12-23,57.16099166870117,6.871814893316937,2.242931365966797,0.3905566771150278,0.6363700746958652,Hammer,2022-12-30,57.401649475097656,2023-01-13,58.9129753112793,Profit target (+1%),2,0.02632896179816746,0.026152472752009288,2615.2472725856815,102615.2472725857
CTVA,2023-05-19,54.97381591796875,6.430004918701229,2.996204376220703,0.32367077181237963,0.9280585945695861,Hammer,2023-05-26,55.35015106201172,2024-02-09,51.137943267822266,RSI > 90,37,-0.07610110746527665,-0.07627488523081657,-7826.966200821373,94788.28107176432
CTVA,2025-03-14,59.1031494140625,9.12861841725541,2.63800048828125,0.3520597626153953,0.8764584826040983,Hammer,2025-03-21,59.17230987548828,2025-03-28,61.84983444213867,Profit target (+1%),1,0.04524962051142678,0.04507681360073612,4272.753673133351,99061.03474489765
CVS,1990-08-24,4.835761070251465,2.541603908180136,0.4470033645629883,0.24242453335381478,1.4479325716545466,Hammer,1990-08-31,4.8899431228637695,1990-12-21,4.406848907470703,RSI > 90,16,-0.09879342218404885,-0.10073543308192387,-10073.543298118846,89926.45670188115
CVS,1996-01-26,3.713730573654175,6.163146153516109,0.1807568073272705,0.2727273926365398,0.8278504269556115,Hammer,1996-02-02,3.713730573654175,1996-02-09,3.7958927154541016,Profit target (+1%),1,0.02212388329481918,0.019405047063954847,1745.027122849674,91671.48382473082
CVS,1996-07-19,5.089770317077637,6.612832541415912,0.3460540771484375,0.24436290180343048,1.30115705399513,Hammer,1996-07-26,5.089770317077637,1996-08-02,5.1558709144592285,Profit target (+1%),1,0.012986950935645503,0.011011408540546453,1009.432158902775,92680.91598363359
CVS,1999-09-10,12.503507614135742,2.916056704770554,1.0174999237060547,0.17307760800655342,0.7822971304130987,Hammer,1999-09-17,12.405671119689941,1999-09-24,12.757883071899414,Profit target (+1%),1,0.02839120502319714,0.027574008601883096,2555.5843720075327,95236.50035564111
CVS,2000-03-10,9.577274322509766,8.240305508893684,1.334538459777832,0.35294079814773127,0.9145219540013413,Hammer,2000-03-17,9.420269012451172,2000-03-24,11.323948860168457,Profit target (+1%),1,0.2020833847951804,0.20091520414066236,19134.460891461436,114370.96124710255
CVS,2001-07-06,12.066869735717773,2.363226917996684,0.8086690902709961,0.12109308202950406,0.5493073688334437,Hammer,2001-07-13,12.05107593536377,2001-07-20,12.477522850036621,Profit target (+1%),1,0.03538662580504104,0.03454249267386416,3950.658087030183,118321.61933413273
CVS,2002-07-26,8.266046524047852,8.18108675093923,0.8925933837890625,0.30357112330546865,1.2587389113703014,Hammer,2002-08-02,8.368057250976562,2002-08-09,8.909988403320312,Profit target (+1%),1,0.0647618839224009,0.06352890424602191,7516.842817395531,125838.46215152826
CVS,2007-06-29,23.97260856628418,5.957970090601464,1.2496013641357422,0.32631561273660575,1.19908716273989,Hammer,2007-07-06,23.97260856628418,2007-08-17,25.198322296142578,Profit target (+1%),6,0.05112976030411143,0.05070204255347892,6380.267056490866,132218.72920801913
CVS,2008-10-10,20.473905563354492,3.6491875140212358,3.9383087158203125,0.19696940345058717,2.0931173156363587,Hammer,2008-10-17,21.083879470825195,2009-04-17,19.97074317932129,RSI > 90,26,-0.052795610648609936,-0.0532572768058955,-7041.609453313606,125177.11975470553
CVS,2011-08-12,22.79466438293457,4.5249901738124265,1.6453304290771484,0.24583278751998255,1.390857700759628,Hammer,2011-08-19,22.91120719909668,2011-09-02,23.822994232177734,Profit target (+1%),2,0.03979655131908566,0.039351495875661426,4925.906906828564,130103.0266615341
CVS,2022-12-30,81.70135498046875,7.200290300525822,1.4202804565429688,0.39506013676480856,0.3175657912048257,Hammer,2023-01-06,80.41258239746094,2023-07-28,67.50599670410156,RSI > 90,29,-0.16050455424457188,-0.160618925716016,-20897.00835388079,109206.0183076533
CVX,1991-06-21,4.7744646072387695,1.4915788439193989,0.12720584869384766,0.2,0.6795523961557195,Hammer,1991-06-28,4.7744646072387695,1991-07-26,5.0203962326049805,RSI > 90,4,0.05150978080209101,0.04936360968315982,4936.36096337962,104936.36096337963
CVX,1998-05-29,14.259605407714844,9.7703816285796,0.7364120483398438,0.39393978637216,0.9906080665295875,Hammer,1998-06-05,14.259605407714844,1998-06-12,14.728231430053711,Profit target (+1%),1,0.03286388430393217,0.032151329057502266,3373.8434680566106,108310.20443143624
CVX,2001-07-20,17.340883255004883,7.756313070430281,0.9923019409179688,0.24361655505408916,1.1737396092312349,Hammer,2001-07-27,17.370126724243164,2001-08-03,17.818513870239258,Profit target (+1%),1,0.025813694575428148,0.025230730857601115,2732.745614408578,111042.95004584483
CVX,2005-12-30,25.849517822265625,8.608243509428348,0.842376708984375,0.28108131362533056,0.6759361182153734,Hammer,2006-01-06,26.06808090209961,2006-01-13,27.088037490844727,Profit target (+1%),1,0.03912664659035059,0.03873560598907916,4301.315956539529,115344.26600238436
CVX,2011-08-12,52.218345642089844,7.724978909148945,5.3111724853515625,0.2841027600532072,1.8473090109711445,Hammer,2011-08-19,52.8393440246582,2011-09-23,53.367000579833984,Profit target (+1%),5,0.009986054235070485,0.009795874368962433,1129.8979378096442,116474.16394019402
CVX,2013-08-23,70.04483032226562,8.74232411368142,1.6290283203125,0.16903802922442862,0.8000406390587059,Hammer,2013-08-30,70.16789245605469,2013-09-13,71.02931213378906,Profit target (+1%),2,0.012276550535900377,0.01213317062949301,1413.2009036007153,117887.36484379473
CVX,2013-10-11,68.95486450195312,8.852311272731583,2.3791732788085938,0.26354607927707213,1.1198721891089962,Hammer,2013-10-18,68.75563049316406,2013-10-25,70.10343170166016,Profit target (+1%),1,0.019602775784742343,0.019455918290759384,2293.6069356202033,120180.97177941492
CVX,2014-10-17,67.79228210449219,2.7564638176938416,4.814582824707031,0.35138505713430007,1.8730196500350835,Hammer,2014-10-24,67.6285629272461,2014-10-31,69.35671997070312,Profit target (+1%),1,0.02555365615732752,0.025403911447120675,3053.0667616600986,123234.03854107503
CVX,2016-08-05,65.80509185791016,9.373927602550765,2.7432403564453125,0.37947280302145386,0.9591376658403116,Hammer,2016-08-12,66.11934661865234,2016-08-19,67.17998504638672,Profit target (+1%),1,0.01604127206295125,0.015888828872571568,1958.0445476969862,125192.08308877201
CVX,2017-02-03,75.89131164550781,2.8205774052547383,2.3855972290039062,0.3165262164798439,1.0294918921459102,Hammer,2017-02-10,75.69752502441406,2017-03-10,76.40185546875,Profit target (+1%),4,0.00930453728980929,0.009171826753625606,1148.2400958674789,126340.32318463949
CVX,2020-03-13,63.37274932861328,6.934255875223528,11.509124755859375,0.3815143146545895,2.308663623310761,Hammer,2020-03-20,55.130191802978516,2020-04-09,58.49558639526367,Profit target (+1%),3,0.06104449272210477,0.060857584467565,7688.7668821798925,134029.0900668194
CVX,2020-10-30,54.34542465209961,8.723636676691754,5.262432098388672,0.3551168345396752,1.0319097711762892,Hammer,2020-11-06,55.28376007080078,2020-11-20,67.43524169921875,RSI > 90,2,0.2198020108049057,0.21960126457656193,29432.95763928649,163462.0477061059
CVX,2023-05-19,136.80677795410156,9.150794989252717,4.493927001953125,0.2743842397984476,0.601143000198112,Hammer,2023-05-26,135.53768920898438,2023-06-09,139.64462280273438,Profit target (+1%),2,0.030301044806936073,0.030226149544909927,4940.828293941129,168402.87600004702
CVX,2024-08-09,133.11573791503906,6.19041346945734,3.5163421630859375,0.29242732602290333,0.5676806943650824,Hammer,2024-08-16,133.8961181640625,2024-08-30,138.30050659179688,Profit target (+1%),2,0.03289407107633768,0.032818160803930956,5526.672658887317,173929.54865893433
D,1991-01-11,2.8610198497772217,6.915055472077526,0.07774519920349121,0.29999969333337423,0.9236234102209562,Hammer,1991-01-18,2.845470905303955,1991-01-25,2.923215866088867,Profit target (+1%),1,0.0273223530910105,0.023766234785577673,2376.623476181144,102376.62347618114
D,1995-03-24,4.4144487380981445,5.183162491194409,0.09164953231811523,0.16666753380540367,0.7044106363048784,Hammer,1995-03-31,4.444998741149902,1995-04-13,4.490823268890381,Profit target (+1%),2,0.0103092330074821,0.008050457949392839,824.1787014716413,103200.80217765279
D,1997-10-31,5.38030481338501,6.363481441941019,0.37978601455688477,0.142856784130958,2.142884047746284,Hammer,1997-11-07,5.416475296020508,1997-11-28,5.588283061981201,Profit target (+1%),3,0.031719477440785404,0.02984570751054869,3080.1009535681205,106280.90313122091
D,2002-07-26,10.212796211242676,2.637103835894351,1.6592540740966797,0.3505621736076705,2.5291545749524778,Hammer,2002-08-02,10.486852645874023,2002-08-09,10.906327247619629,Profit target (+1%),1,0.040000047288796914,0.03902786434068288,4147.916665262632,110428.81979648356
D,2004-05-14,12.565729141235352,8.341806641352207,0.4325380325317383,0.23720921003022827,1.2176694461875377,Hammer,2004-05-21,12.545611381530762,2004-06-04,12.800777435302734,Profit target (+1%),2,0.02033906885937986,0.01953419210579289,2157.137777763357,112585.95757424692
D,2013-06-07,32.377037048339844,9.41778105632605,1.2305831909179688,0.309615921138287,1.2383370091948696,Hammer,2013-06-14,32.4759635925293,2013-07-05,33.24989318847656,Profit target (+1%),3,0.023830843193989093,0.0235193021220272,2647.943148238507,115233.90072248543
D,2019-01-18,49.490562438964844,2.962882329349938,1.4105186462402344,0.30612642288625835,0.666618074971362,Hammer,2019-01-25,49.4329948425293,2019-02-08,50.99464416503906,Profit target (+1%),2,0.031591234305840876,0.031385765694019456,3616.7042044671234,118850.60492695254
D,2022-10-14,53.644439697265625,1.0710723610355615,3.5284690856933594,0.38297906844244173,1.0140212714819226,Hammer,2022-10-21,54.35347366333008,2022-11-04,58.95800018310547,Profit target (+1%),2,0.08471448482384414,0.08452272865922703,10045.577421180224,128896.18234813276
D,2023-02-17,49.505584716796875,3.213601495469476,1.9903450012207031,0.26271041883482155,0.6786250068254674,Hammer,2023-02-24,49.27787399291992,2023-07-28,46.637725830078125,RSI > 90,22,-0.053576746497243866,-0.053774221106149815,-6931.291802395803,121964.89054573697
D,2023-09-08,41.32854461669922,5.833003427265282,1.8902244567871094,0.37125916478140747,0.8435344431912304,Hammer,2023-09-15,41.0654182434082,2023-09-22,42.60032653808594,Profit target (+1%),1,0.03737714993135666,0.037129115307280386,4528.448479984052,126493.33902572101
D,2024-12-20,50.17802047729492,8.600342299526773,1.7299537658691406,0.3405402902334525,0.7593519725419544,Hammer,2024-12-27,50.084510803222656,2025-01-10,51.54328155517578,Profit target (+1%),2,0.029126185492446943,0.028923635482180007,3658.647225245122,130151.98625096615
DAL,2014-07-11,32.28044128417969,6.597194300640979,3.2341156005859375,0.3404831777156041,1.5134618905299266,Hammer,2014-07-18,32.58391189575195,2014-08-01,33.268882751464844,Profit target (+1%),2,0.021021750178565668,0.02071167205189437,2071.1672031182698,102071.16720311827
DAL,2018-10-12,48.39591979980469,7.836202726799584,3.021839141845703,0.2707695570448787,1.1126903773319143,Hammer,2018-10-19,48.349430084228516,2018-10-26,49.78131866455078,Profit target (+1%),1,0.02961541796517153,0.029405549353916056,3001.4587418016536,105072.62594491993
DAL,2021-12-03,34.816650390625,9.875840307563465,4.141517639160156,0.39718276388676527,1.2580077936383998,Hammer,2021-12-10,36.045589447021484,2021-12-17,36.15203094482422,Profit target (+1%),1,0.0029529687108926783,0.0026751711770055964,281.087260139053,105353.71320505897
DAL,2023-10-06,35.87887191772461,3.4011723808358596,2.1381874084472656,0.16326472356573354,0.9052375853142691,Hammer,2023-10-13,34.627960205078125,2023-11-24,34.958255767822266,Profit target (+1%),6,0.009538406558977863,0.009248287205238055,974.3413968843249,106328.0546019433
DASH,2025-11-14,206.9600067138672,9.528213879545788,16.420013427734375,0.14372708163352543,0.8232015559692155,Hammer,2025-11-21,207.3350067138672,2025-12-12,224.64999389648438,Profit target (+1%),3,0.08351212589253065,0.08346188204044172,8346.188195697985,108346.18819569799
DD,2020-03-13,13.759899139404297,1.1655352999824231,1.9694089889526367,0.2391714586637289,1.1700160556453076,Hammer,2020-03-20,12.20217514038086,2020-04-03,12.346820831298828,Profit target (+1%),2,0.01185409070545873,0.01103004498334467,1103.0044972314627,101103.00449723146
DD,2022-03-11,27.881526947021484,5.149405405575877,2.4346790313720703,0.21958944685864878,1.2826465782691872,Hammer,2022-03-18,28.13922882080078,2022-03-25,29.61618995666504,Profit target (+1%),1,0.05248761951757808,0.05212298212911267,5269.790091339004,106372.79458857048
DE,1991-12-20,3.442200183868408,0.966260950834922,0.18064022064208984,0.38888815563709317,0.6544022241231879,Hammer,1991-12-27,3.432164430618286,1992-01-03,3.714756965637207,Profit target (+1%),1,0.08233653740418645,0.0793073885528037,7930.73884734963,107930.73884734964
DE,1992-04-10,4.057985305786133,9.838987273701605,0.1947011947631836,0.2105246401089347,0.8633002883872611,Hammer,1992-04-16,4.078480243682861,1992-04-24,4.160459518432617,Profit target (+1%),1,0.020100446698677388,0.017626943306780506,1902.4890128186753,109833.22786016832
DE,1996-07-19,10.220271110534668,0.8930377050180311,0.7375450134277344,0.380952504098933,1.0529182657129998,Hammer,1996-07-26,10.150028228759766,1996-08-09,10.501240730285645,Profit target (+1%),2,0.03460212066511592,0.03360034987983004,3690.4348808423174,113523.66274101063
DE,2002-04-05,14.244490623474121,7.2621395253321595,0.7353630065917969,0.3793101659481976,0.8598210379984841,Hammer,2002-04-12,14.105025291442871,2002-04-19,14.380785942077637,Profit target (+1%),1,0.019550525074355063,0.018834881238372975,2138.2047033338376,115661.86744434448
DE,2003-03-14,12.617432594299316,7.7828454389872945,0.8488788604736328,0.3636354444486886,0.9776120847452452,Hammer,2003-03-21,12.617432594299316,2003-03-28,13.614221572875977,Profit target (+1%),1,0.07900093550149179,0.07817740132138437,9042.144219735135,124704.01166407962
DE,2011-06-10,61.37569046020508,9.190404504084128,2.385997772216797,0.3113201966505456,0.6387108055445211,Hammer,2011-06-17,60.17518615722656,2011-07-08,63.92141342163086,Profit target (+1%),3,0.06225534981505665,0.06208400975435744,7742.125068818097,132446.13673289772
DE,2019-08-16,135.82388305664062,6.712217546283767,11.918609619140625,0.39022504218420734,1.4197999624201456,Hammer,2019-08-23,136.69764709472656,2019-09-06,139.94691467285156,Profit target (+1%),2,0.023769740351663682,0.023695719482889024,3138.4064994767014,135584.54323237445
DE,2022-05-13,347.21099853515625,6.5210073371408015,19.169586181640625,0.38799711533410064,0.7219223000451093,Hammer,2022-05-20,349.32257080078125,2022-08-05,322.0459289550781,RSI > 90,11,-0.07808439570101244,-0.07811190448882296,-10590.766880537154,124993.77635183728
DE,2024-05-31,364.498779296875,9.189472270696726,12.06048583984375,0.025804786461469945,0.6940428781935604,Hammer,2024-06-07,365.0823059082031,2024-07-26,370.193359375,Profit target (+1%),7,0.01399972933249205,0.013972146892665422,1746.4314021104087,126740.2077539477
DECK,2025-03-21,117.86000061035156,0.3351636400979743,7.870002746582031,0.26810671842115213,0.5732689757566426,Hammer,2025-03-28,120.36000061035156,2025-05-16,129.5,RSI > 90,7,0.07593884466017808,0.07585260950734582,7585.260943149322,107585.26094314932
DG,2015-10-16,58.39476776123047,7.934752188476722,3.5636863708496094,0.3923864187394763,1.1942752688962,Hammer,2015-10-23,58.29910659790039,2015-11-06,58.960018157958984,Profit target (+1%),2,0.011336564119533099,0.01116407742164128,1116.4077410477203,101116.40774104773
DG,2016-08-19,79.70142364501953,7.644466562868757,4.017974853515625,0.3930131170202262,1.2919775593338838,Hammer,2016-08-26,79.93829345703125,2016-11-18,66.03032684326172,RSI > 90,12,-0.17398378189353514,-0.17409798886069539,-17604.163210930295,83512.24453011744
DG,2022-02-18,185.52120971679688,3.957581652560151,6.74932861328125,0.2233679384342699,0.6667296428826811,Hammer,2022-02-25,184.1295928955078,2022-03-11,195.76351928710938,Profit target (+1%),2,0.06318336020111515,0.0631273364163456,5271.905550064937,88784.15008018239
DG,2023-01-20,215.92311096191406,6.607195121667246,13.205673217773438,0.25099399501067077,1.0987362335473665,Hammer,2023-01-27,216.26954650878906,2023-02-03,221.12899780273438,Profit target (+1%),1,0.022469420093539805,0.022422663102189037,1990.7770840713424,90774.92716425374
DG,2025-10-10,98.33235168457031,1.713515936586461,5.1376190185546875,0.25173522938886067,0.8447789183079547,Hammer,2025-10-17,97.88636779785156,2025-10-24,104.8039321899414,Profit target (+1%),1,0.07066933371534989,0.07056357008264669,6405.402928296566,97180.3300925503
DGX,2003-08-08,20.508249282836914,6.81394307859145,0.8988666534423828,0.30980446245742843,0.6209841309437534,Hammer,2003-08-15,20.550548553466797,2003-08-22,20.906572341918945,Profit target (+1%),1,0.01732429611432873,0.016833595442715097,1683.3595425881504,101683.35954258815
DGX,2004-07-30,29.09687614440918,1.4832819655139247,1.4817848205566406,0.3636356615290353,1.3897543873420222,Hammer,2004-08-06,29.064970016479492,2004-08-27,29.883853912353516,Profit target (+1%),3,0.028174255655853964,0.027825412114820796,2829.38138166263,104512.74092425079
DGX,2010-05-07,40.31415939331055,2.290044459667868,12.41232681274414,0.18355211740549637,5.213531830099617,Hammer,2010-05-14,41.142635345458984,2010-10-01,36.41509246826172,RSI > 90,20,-0.11490617549172277,-0.11513524015226542,-12033.099513252011,92479.64141099878
DGX,2022-02-18,120.74220275878906,2.1710693867969866,4.245918273925781,0.35281328108013893,0.5803958827086677,Hammer,2022-02-25,120.18159484863281,2022-03-04,119.09713745117188,Profit target (+1%),1,-0.009023489818277053,-0.009106318378013366,-842.1490573309152,91637.49235366787
DGX,2025-01-03,147.7786407470703,3.7065798804018897,2.4902191162109375,0.2539047420633705,0.45491238684383506,Hammer,2025-01-10,148.30392456054688,2025-01-31,153.3990478515625,RSI > 90,3,0.03435595724195073,0.03428737215972219,3142.0088009718984,94779.50115463977
DHI,2005-10-21,23.578489303588867,7.952008362531416,1.938894271850586,0.3882349816386779,0.9154460117818929,Hammer,2005-10-28,23.63931655883789,2005-11-11,25.319692611694336,Profit target (+1%),2,0.07108395239236365,0.07064598584187373,7064.598577122775,107064.59857712279
DHI,2006-05-05,22.757305145263672,5.6720370807807114,1.2364654541015625,0.3999003492404329,0.6009867606545953,Hammer,2006-05-12,22.604312896728516,2006-09-22,18.79395294189453,RSI > 90,19,-0.1685678291679218,-0.16897284637901477,-18091.00994991204,88973.58862721075
DHI,2007-08-03,12.913389205932617,2.543776378605912,1.7887325286865234,0.3596497588533297,1.3840068166002342,Hammer,2007-08-10,12.803555488586426,2007-08-17,13.572396278381348,Profit target (+1%),1,0.06004900673725322,0.05924483759867529,5271.225803519217,94244.81443072997
DHI,2010-06-11,9.466409683227539,4.050056176220082,0.8575258255004883,0.19607843137254902,0.7800000111006595,Hammer,2010-06-18,9.542074203491211,2010-09-10,9.483787536621094,RSI > 90,12,-0.006108385412554429,-0.007152627644304372,-674.0980643554767,93570.71636637449
DHI,2013-06-07,20.56938362121582,6.387932809760372,2.1302757263183594,0.39754118175843733,1.2667606024169658,Hammer,2013-06-14,20.691612243652344,2013-09-27,17.618427276611328,RSI > 90,15,-0.1485232243313369,-0.14897051414714646,-13939.27771227634,79631.43865409815
DHI,2016-02-12,21.594486236572266,6.817885061137744,1.6144599914550781,0.3646404597125379,0.8293949773930078,Hammer,2016-02-19,21.80855941772461,2016-02-26,22.486452102661133,Profit target (+1%),1,0.031083790173943138,0.030618234839465398,2438.174086877486,82069.61274097564
DHI,2018-10-26,33.096099853515625,6.841125206937889,2.5338497161865234,0.39130516602971693,1.0464154509435395,Hammer,2018-11-02,33.702022552490234,2018-12-07,34.71965408325195,Profit target (+1%),5,0.030194969135065364,0.029893816019869103,2453.3739016472573,84522.98664262291
DHI,2020-03-20,29.413570404052734,2.72209826505825,8.81094741821289,0.3755319328564248,1.906370696164573,Hammer,2020-03-27,28.916784286499023,2020-04-03,34.447059631347656,Profit target (+1%),1,0.1912479371861091,0.19086911409630944,16132.827565118801,100655.81420774173
DHR,1999-11-12,7.248044967651367,3.5477306842752654,0.44336462020874023,0.30434834045491355,0.6618576533433619,Hammer,1999-11-19,7.344428539276123,1999-11-26,7.710686206817627,Profit target (+1%),1,0.04986877679901869,0.048474199815349714,4847.419976687552,104847.41997668754
DHR,1999-12-17,6.901064395904541,8.070598005545804,0.5108332633972168,0.3962260628491685,0.7900724873931398,Hammer,1999-12-23,6.9203410148620605,2000-01-07,7.404669761657715,Profit target (+1%),2,0.06998625439924333,0.06849175308157772,7181.183593102578,112028.60356979012
DHR,2001-09-10,8.274471282958984,4.196838689458261,0.18703746795654297,0.3966949312421287,0.3721162695855527,Hammer,2001-09-21,7.88339376449585,2001-10-19,8.129422187805176,Profit target (+1%),4,0.031208440255433567,0.029920973819999395,3352.004911150776,115380.60848094091
DHR,2002-09-20,8.536360740661621,1.860921331479915,0.6191377639770508,0.3624989025173556,0.9609076926337378,Hammer,2002-09-27,8.536360740661621,2002-10-04,8.788045883178711,Profit target (+1%),1,0.029483892511503962,0.028295859390007345,3264.793470645399,118645.40195158632
DHR,2003-01-31,9.513259887695312,9.87204021187253,0.44150447845458984,0.3508773066696043,0.7768771954441721,Hammer,2003-02-07,9.521005630493164,2003-02-21,9.784358978271484,Profit target (+1%),2,0.02766024493619379,0.026595968720333815,3155.4893959603332,121800.89134754665
DHR,2005-04-08,16.108610153198242,3.6786095847990907,0.6058197021484375,0.3846151424325618,1.06135247287072,Hammer,2005-04-15,16.124143600463867,2005-05-20,16.341617584228516,Profit target (+1%),5,0.013487475003533866,0.012863298195118151,1566.761184267918,123367.65253181456
DHR,2011-08-12,27.715993881225586,1.46400412758031,2.6485843658447266,0.37914664980581453,1.4854269719439381,Hammer,2011-08-19,27.948213577270508,2011-09-23,28.406381607055664,Profit target (+1%),5,0.016393463879844195,0.01603279095429565,1977.9277815868377,125345.5803134014
DHR,2022-05-13,216.48143005371094,5.453766755535781,14.779022216796875,0.3450500641159332,0.9456481532947247,Hammer,2022-05-20,215.35206604003906,2022-05-27,221.0423126220703,Profit target (+1%),1,0.02642299508272794,0.026375947102544473,3306.1083925779067,128651.6887059793
DHR,2025-02-14,204.5760498046875,7.97975500065759,10.263504028320312,0.1256026724985096,0.8008281365937642,Hammer,2025-02-21,203.71826171875,2025-02-28,207.85838317871094,Profit target (+1%),1,0.02032278022122891,0.02027319524101668,2608.1808006146375,131259.86950659394
DIS,1998-09-18,19.12090301513672,3.8295145909062285,1.5895137786865234,0.35294103529914334,0.6914637721034451,Hammer,1998-09-25,18.700149536132812,1998-10-02,19.588407516479492,Profit target (+1%),1,0.047500046918361294,0.04695273772872782,4695.273768177509,104695.2737681775
DIS,2001-06-29,21.99387550354004,3.659266528053692,1.400787353515625,0.16304519509378881,0.7513848949081743,Hammer,2001-07-06,21.735034942626953,2001-11-23,16.177566528320312,RSI > 90,20,-0.25569171749557584,-0.2560928917087517,-26811.715380720285,77883.55838745722
DIS,2002-08-09,11.271353721618652,1.8476767023833531,1.2848577499389648,0.2994007887054646,0.8503785787138947,Hammer,2002-08-16,11.232885360717773,2002-08-23,12.463886260986328,Profit target (+1%),1,0.10958902016159233,0.1086504142973894,8462.080877290064,86345.63926474727
DIS,2004-03-26,19.73816680908203,6.875535776652981,0.6291046142578125,0.3124984840767421,0.6275883468444325,Hammer,2004-04-02,19.777484893798828,2004-04-08,20.30436134338379,Profit target (+1%),1,0.02664021499266367,0.026127984040416788,2256.037482412865,88601.67674716012
DIS,2005-07-08,19.835189819335938,2.4317059684075275,0.7220001220703125,0.2857139083204768,0.8281152895698691,Hammer,2005-07-15,20.112882614135742,2005-07-22,20.89042091369629,Profit target (+1%),1,0.038658720108776246,0.03815204185659378,3380.3348764417096,91982.01162360184
DIS,2007-11-23,26.108970642089844,3.709457493085594,1.0496044158935547,0.35937451730435493,0.9104760993789099,Hammer,2007-11-30,26.166370391845703,2007-12-07,27.109378814697266,Profit target (+1%),1,0.03603894650766826,0.0356499644031732,3279.155436834514,95261.16706043635
DIS,2011-08-12,28.467241287231445,4.628332501313878,4.430530548095703,0.32233001015121787,2.3503802800200426,Hammer,2011-08-19,28.759740829467773,2011-10-21,29.103862762451172,Profit target (+1%),9,0.011965404522380263,0.011615676809474616,1106.5229279608748,96367.68998839721
DIS,2012-04-13,36.608036041259766,9.721033135683939,1.2202682495117188,0.3010760083279668,0.769053558021104,Hammer,2012-04-20,36.79173278808594,2012-05-04,37.8939094543457,Profit target (+1%),2,0.029957182843442398,0.02968134895425814,2860.323031601063,99228.01301999827
DIS,2014-10-17,75.37507629394531,2.000295670659412,7.058258056640625,0.3261138854659835,2.6178672620421355,Hammer,2014-10-24,75.73473358154297,2014-10-31,79.54708862304688,Profit target (+1%),1,0.050338264376399655,0.05020291017277225,4981.535019284114,104209.54803928237
DIS,2016-02-12,84.01631927490234,7.660385111448406,6.40606689453125,0.29496365178120565,1.2457976195378666,Hammer,2016-02-19,85.2330093383789,2016-02-26,88.69874572753906,Profit target (+1%),1,0.040661903364235696,0.04054219961239981,4224.884293901669,108434.43233318404
DIS,2018-09-07,106.28345489501953,9.951232178258891,2.52850341796875,0.39015014362613754,0.7483797283094464,Hammer,2018-09-14,106.73360443115234,2018-10-05,112.32696533203125,RSI > 90,3,0.05240487221142098,0.052308730572547806,5672.067500031624,114106.49983321565
DIS,2021-05-21,168.43348693847656,5.164884115534818,5.884918212890625,0.11928468084444376,0.5943133252705586,Hammer,2021-05-28,168.4823455810547,2021-06-04,176.03448486328125,Profit target (+1%),1,0.04482451414230426,0.04476383229978685,5107.844217741878,119214.34405095753
DIS,2022-05-13,104.860595703125,0.48878352736718966,11.010704040527344,0.30257311035584245,1.1865725274632832,Hammer,2022-05-20,104.98760223388672,2022-06-03,107.46916961669922,Profit target (+1%),2,0.023636765961033923,0.02354039551574035,2806.3528073027355,122020.69685826027
DIS,2022-12-23,85.985107421875,9.053967422753885,4.660247802734375,0.3039824631483822,0.5789872953017108,Hammer,2022-12-30,85.40867614746094,2023-01-13,92.25739288330078,Profit target (+1%),2,0.08018759972365452,0.08006582838131517,9769.688163852261,131790.38502211255
DIS,2023-09-08,79.70304107666016,8.182962521517439,2.5743789672851562,0.366225191077234,0.5728047357086512,Hammer,2023-09-15,80.05476379394531,2023-09-22,83.2788314819336,Profit target (+1%),1,0.04027327713172424,0.04014585524209793,5290.837714107245,137081.2227362198
DLR,2022-05-20,113.13925170898438,5.857452977903492,6.2566680908203125,0.10069213266119886,0.8823415378809281,Hammer,2022-05-27,114.71853637695312,2022-06-03,120.57830810546875,Profit target (+1%),1,0.05107955447810997,0.05099016220433376,5099.016215334359,105099.01621533436
DLR,2022-10-14,79.96601867675781,2.4374119454935226,7.376869201660156,0.3937952282601838,0.9758164053527549,Hammer,2022-10-21,81.79703521728516,2022-10-28,86.05767059326172,Profit target (+1%),1,0.05208789492991572,0.05196246480525676,5461.203925695218,110560.22014102957
DLR,2022-12-23,89.78137969970703,7.352251874585889,3.7382965087890625,0.27618952378231215,0.5190224644485399,Hammer,2022-12-30,89.67456817626953,2023-01-20,94.41864013671875,Profit target (+1%),3,0.052903203850661384,0.05278874616282901,5836.33539089497,116396.55553192455
DLR,2023-09-29,111.3117904663086,9.555222082811554,6.948936462402344,0.38848454838599883,1.0994460493160898,Hammer,2023-10-06,110.69554138183594,2023-10-20,113.57445526123047,Profit target (+1%),2,0.026007496268200425,0.025915987795388166,3016.5317095740456,119413.0872414986
DLR,2026-06-12,182.97999572753906,9.057740712295896,9.476806640625,0.39308324960713087,1.0382324098485955,Hammer,2026-06-18,184.83999633789062,2026-06-22,188.63999938964844,Profit target (+1%),1,0.020558337627378798,0.020503682149068343,2448.407982790248,121861.49522428884
DLTR,2012-08-17,48.900001525878906,3.5703176367586025,12.369998931884766,0.15117211749021886,3.7417101133525117,Hammer,2012-08-24,48.86000061035156,2013-03-08,45.849998474121094,RSI > 90,28,-0.061604627479123764,-0.06180296937499083,-6180.296931318786,93819.7030686812
DLTR,2016-10-07,77.97000122070312,0.12652457500755077,5.370002746582031,0.3575413755919171,1.2913208882339702,Hammer,2016-10-14,78.08999633789062,2016-11-25,81.97000122070312,RSI > 90,6,0.049686324302333995,0.049555093978982896,4649.244197999522,98468.94726668074
DLTR,2019-11-15,108.8499984741211,5.2164119853595,3.6100006103515625,0.2714690280448887,0.6513683361100339,Hammer,2019-11-22,108.54000091552734,2020-02-28,92.33999633789062,RSI > 90,14,-0.14925377225899028,-0.14933902474469346,-14705.256537737496,83763.69072894324
DLTR,2022-12-23,141.91000366210938,9.253844414622534,5.660003662109375,0.1925787336830811,0.5402048062165042,Hammer,2022-12-30,142.35000610351562,2023-01-13,145.8300018310547,Profit target (+1%),2,0.024446755028647127,0.024375649459182414,2041.794360574294,85805.48508951753
DLTR,2024-05-03,120.7300033569336,7.545893577193169,5.404998779296875,0.22756632846068284,0.7540359096437677,Hammer,2024-05-10,121.33000183105469,2024-12-13,72.94000244140625,RSI > 90,31,-0.39882962712741765,-0.39889560851566963,-34227.43115453788,51578.05393497966
DOC,2013-12-06,16.973243713378906,3.1081160708048117,0.5940876007080078,0.29687324422983696,0.6284635608627853,Hammer,2013-12-13,16.968603134155273,2014-01-17,17.98504638671875,RSI > 90,5,0.05990140994679338,0.05929461438498307,5929.461432568845,105929.46143256886
DOC,2015-05-08,20.0181884765625,9.491990154434191,1.2161178588867188,0.34310597933487663,1.307691624096289,Hammer,2015-05-15,19.61098861694336,2015-05-22,19.87742805480957,Profit target (+1%),1,0.013586231835146512,0.013072980560597958,1384.81378871777,107314.27522128663
DOC,2022-02-25,24.589895248413086,0.869731062572427,1.5504684448242188,0.25564035566840365,1.2843192911068884,Hammer,2022-03-04,24.20907974243164,2022-03-11,25.54582405090332,Profit target (+1%),1,0.055216651053808796,0.05479226642451137,5879.992353198084,113194.26757448471
DOV,1990-09-28,2.6795995235443115,1.545166469549784,0.2809257507324219,0.15384608856238882,1.9320842162790681,Hammer,1990-10-05,2.657989740371704,1990-11-09,2.7552332878112793,Profit target (+1%),5,0.036585373510876096,0.03276150340233662,3276.150336957512,103276.15033695752
DOV,1991-07-12,3.4135515689849854,7.459081359172359,0.10976052284240723,0.20000043443411697,0.6816007277184611,Hammer,1991-07-19,3.391599416732788,1992-01-03,3.486345052719116,RSI > 90,24,0.02793538515158689,0.024950141476455145,2576.754559473987,105852.90489643152
DOV,1994-11-25,5.042096138000488,2.864253403586602,0.2922954559326172,0.33333278954889817,1.4319038313644592,Hammer,1994-12-02,5.029917240142822,1994-12-23,5.115170001983643,Profit target (+1%),3,0.016949138081325588,0.0149461765212025,1582.0962002820297,107435.00109671353
DOV,1996-07-19,8.566710472106934,2.670734046804469,0.5727739334106445,0.3913039858673953,1.1756480942838916,Hammer,1996-07-26,8.5169038772583,1996-08-09,8.940258979797363,Profit target (+1%),2,0.0497076295142298,0.04850501818521438,5211.1366767134805,112646.137773427
DOV,1998-06-19,14.76640796661377,0.7876140372256373,0.9181194305419922,0.3888885426469641,1.2589911071861304,Hammer,1998-06-26,14.715400695800781,1998-10-23,12.283611297607422,RSI > 90,17,-0.1652547184044605,-0.16587791654950781,-18685.50662251938,93960.63115090763
DOV,2002-04-19,16.950794219970703,7.733173608728194,0.8881034851074219,0.3028851729514499,0.9844952863140817,Hammer,2002-04-26,16.950794219970703,2002-11-22,12.4038724899292,RSI > 90,30,-0.26824240038761804,-0.2687530687695134,-25252.20794007455,68708.42321083309
DOV,2003-01-31,11.316736221313477,6.303056543450623,1.4745912551879883,0.24633412688095685,1.5078522760281994,Hammer,2003-02-07,11.321060180664062,2003-04-25,12.159158706665039,Profit target (+1%),11,0.07403003893861615,0.07311443810043598,5023.577750803437,73732.00096163654
DOV,2006-06-16,21.017871856689453,8.6907038165661,0.8749809265136719,0.13089056593902454,1.0124149381655236,Hammer,2006-06-23,21.072843551635742,2006-06-30,21.475976943969727,Profit target (+1%),1,0.019130469570761477,0.018651499683584708,1375.2123912308189,75107.21335286737
DOV,2014-02-07,45.97690200805664,3.4274823420883536,2.8143653869628906,0.28107036213232056,1.4791634339634125,Hammer,2014-02-14,45.8692741394043,2014-02-28,47.96794128417969,Profit target (+1%),2,0.0457532233537683,0.04553024944717981,3419.6501558189557,78526.86350868634
DOV,2014-10-17,48.98905563354492,0.3328336164905039,3.8986778259277344,0.23942114352529073,1.8248316695556492,Hammer,2014-10-24,49.02192687988281,2014-10-31,51.50720977783203,Profit target (+1%),1,0.05069737270913177,0.05048823280344949,3964.6825621865755,82491.54607087291
DOV,2026-05-22,209.38638305664062,9.648728024062223,6.4990692138671875,0.33998633555830515,0.593112536839573,Hammer,2026-05-29,211.62091064453125,2026-06-12,214.77000427246094,Profit target (+1%),2,0.014880824481562582,0.014833219705324484,1223.6152254775393,83715.16129635046
DOW,2023-05-19,43.04432678222656,5.445680990230443,1.4997177124023438,0.39226539011349587,0.6059998391857752,Hammer,2023-05-26,43.102325439453125,2023-06-23,43.96221160888672,Profit target (+1%),4,0.019949878821306166,0.01971558571007413,1971.5585690358544,101971.55856903584
DPZ,2026-05-01,335.69464111328125,8.124482113074464,18.567413330078125,0.3988941794854516,0.8028246894555947,Hammer,2026-05-08,334.8598327636719,2026-06-22,295.1099853515625,End of data,7,-0.11870592863899243,-0.11873401898899769,-11873.401887026368,88126.59811297363
DRI,1996-08-02,2.57601261138916,0.04550277521083501,0.3122439384460449,0.24999961821744196,1.3143368065325165,Hammer,1996-08-09,2.57601261138916,1996-08-16,2.57601261138916,Profit target (+1%),1,0.0,-0.0038744483292616583,-387.44483253872096,99612.55516746128
DRI,1997-02-21,2.196197032928467,0.15766320313551319,0.11765336990356445,0.3333326578502616,0.696059761797911,Hammer,1997-02-28,2.196197032928467,1997-03-07,2.274632692337036,Profit target (+1%),1,0.03571430897708727,0.031090201551618023,3096.9744141310657,102709.52958159236
DRI,1999-08-20,5.955723762512207,7.1591863471875,0.37845754623413086,0.31578980524970296,0.8336278530311702,Hammer,1999-08-27,5.935804843902588,1999-10-01,6.115074157714844,Profit target (+1%),5,0.03020134902117033,0.028492656846990465,2926.46737835766,105635.99695995002
DRI,2001-09-21,8.12893295288086,3.619590611418218,0.8543248176574707,0.16917264486514938,1.2566697974331955,Hammer,2001-09-28,8.832304954528809,2001-10-12,9.59694766998291,Profit target (+1%),2,0.08657340517460588,0.08539285668391176,9020.559540042592,114656.5564999926
DRI,2007-11-23,19.828516006469727,2.1514208261606598,0.7397937774658203,0.2380931509674758,0.6177042858821686,Hammer,2007-11-30,19.75302505493164,2007-12-07,20.205963134765625,Profit target (+1%),1,0.022930061525989087,0.022418135345132945,2570.3861992533302,117226.94269924593
DRI,2008-01-18,11.250202178955078,0.6073688756269036,0.8416109085083008,0.21686744257461532,0.5912715757185735,Hammer,2008-01-25,10.646879196166992,2008-02-01,13.222410202026367,Profit target (+1%),1,0.24190478340231358,0.24085243163314923,28234.394173798835,145461.33687304478
DRI,2012-12-14,27.21306610107422,8.445969161826852,1.1011734008789062,0.3617017591264645,0.737958097213575,Hammer,2012-12-21,27.218923568725586,2013-02-08,27.683574676513672,Profit target (+1%),7,0.017070884769373018,0.016700425515092973,2429.266219344865,147890.60309238965
DRI,2014-07-18,28.080045700073242,2.132303887961399,0.7023162841796875,0.2612596953961805,0.6250145494642881,Hammer,2014-07-25,27.985136032104492,2014-08-08,29.573261260986328,Profit target (+1%),2,0.056748883659523575,0.05638147764168551,8338.290723330661,156228.8938157203
DRI,2015-09-04,45.137718200683594,7.462780233423885,1.9392547607421875,0.29441699254864623,0.9398309437240487,Hammer,2015-09-11,45.951480865478516,2015-10-02,46.358367919921875,Profit target (+1%),3,0.008854710376679842,0.008636149830643168,1349.2161335189862,157578.1099492393
DRI,2018-12-28,79.56039428710938,1.4867787176489884,3.2927703857421875,0.3832943302671517,0.7558157895917421,Hammer,2019-01-04,79.74647521972656,2019-01-11,82.31111145019531,Profit target (+1%),1,0.03215986942874127,0.03203246364321634,5047.6150728681405,162625.72502210742
DRI,2021-08-20,119.14008331298828,9.134498852779657,6.7562103271484375,0.2202540793856925,0.9027587402995776,Hammer,2021-08-27,120.26041412353516,2021-09-03,130.78811645507812,Profit target (+1%),1,0.0875408787527423,0.0874540898411517,14222.28475234353,176848.00977445097
DRI,2022-03-11,111.93476104736328,5.8638026725378865,14.625274658203125,0.23079202322005005,1.5929778040952562,Hammer,2022-03-18,112.04756164550781,2022-03-25,116.0824203491211,Profit target (+1%),1,0.036010232122485775,0.0359193814448118,6352.2711144920395,183200.28088894303
DTE,1990-01-19,3.6023008823394775,0.0,0.07465910911560059,0.25000079835730005,,Hammer,1990-01-26,3.6023008823394775,1990-02-09,3.732954263687134,Profit target (+1%),2,0.0362694249078952,0.033446996877456905,3344.699684400991,103344.699684401
DTE,1992-09-18,5.709653377532959,4.555789542639616,0.2227182388305664,0.20198726540119982,1.4889448222081902,Hammer,1992-09-25,5.731870174407959,1992-12-04,5.798519611358643,RSI > 90,10,0.011627869250818712,0.009874624181560841,1020.4900695192391,104365.18975392023
DTE,2003-02-14,13.552129745483398,2.737013846818769,0.8686008453369141,0.2689400676772135,1.1402638254366726,Hammer,2003-02-21,13.617932319641113,2003-02-28,13.851532936096191,Profit target (+1%),1,0.017153897594141876,0.01641354527855199,1713.0027658176368,106078.19251973786
DTE,2003-07-03,13.073976516723633,5.187181962664383,0.3206052780151367,0.3789439554523037,0.5134027863612853,Hammer,2003-07-11,13.094223976135254,2003-09-19,12.530632972717285,RSI > 90,10,-0.04304119163114484,-0.04378816672369009,-4644.969575157007,101433.22294458085
DTE,2004-04-23,13.762764930725098,9.10383924232491,0.33721923828125,0.34375,0.771293808732799,Hammer,2004-04-30,13.769790649414062,2004-06-04,14.12457275390625,Profit target (+1%),5,0.025765250433003706,0.025029934266685448,2538.866900222042,103972.08984480289
DTE,2010-11-19,22.249378204345703,5.457926904047866,0.6376438140869141,0.2977096039891238,0.8153288826101076,Hammer,2010-11-26,22.152027130126953,2010-12-17,22.546295166015625,Profit target (+1%),3,0.017798282458423964,0.01734294197646141,1803.181919546667,105775.27176434954
DTE,2011-08-12,23.694486618041992,6.949921460889854,2.361879348754883,0.36111135786417725,2.5528148326276825,Hammer,2011-08-19,23.835796356201172,2011-09-02,25.188323974609375,Profit target (+1%),2,0.056743546479256946,0.056312196889304056,5956.437923657259,111731.7096880068
DTE,2019-01-04,72.9448013305664,3.866964682614338,2.1586990356445312,0.18279877714750217,0.757336370157335,Hammer,2019-01-11,72.54689025878906,2019-01-18,73.7340087890625,Profit target (+1%),1,0.016363465422690737,0.016224505330939117,1812.7917176552169,113544.50140566201
DTE,2020-12-24,85.05615997314453,3.1862128968001144,2.9412994384765625,0.3091782051348561,0.6545765052341047,Hammer,2020-12-31,85.71688842773438,2021-01-22,88.50898742675781,Profit target (+1%),3,0.03257349922795405,0.03245494295624168,3685.080312430583,117229.58171809261
DUK,1990-01-26,4.401875972747803,7.9999927204961665,0.18865156173706055,0.3333333333333333,,Hammer,1990-02-02,4.391395568847656,1990-02-09,4.527644157409668,Profit target (+1%),1,0.031026261794440124,0.02871638518075911,2871.638515204272,102871.63851520426
DUK,2012-09-21,36.227046966552734,2.445607574343825,0.9215087890625,0.3558294144919857,0.9304578425507279,Hammer,2012-09-28,36.24966049194336,2012-10-05,36.75281524658203,Profit target (+1%),1,0.013880261161356211,0.013602520281448026,1399.3135478895424,104270.9520630938
DUK,2012-11-16,34.85931396484375,4.641247953328062,1.1333580017089844,0.35858607957509686,1.145695230262919,Hammer,2012-11-23,35.06538009643555,2012-12-07,36.68527603149414,Profit target (+1%),2,0.04619644591342276,0.04590471875787326,4786.528724285477,109057.48078737927
DUK,2013-09-06,38.71343231201172,4.102084637476878,1.1356697082519531,0.32812914624683837,0.9442214515533136,Hammer,2013-09-13,38.743011474609375,2013-09-27,39.612510681152344,Profit target (+1%),2,0.02244273672718511,0.022181762981725663,2419.08718779066,111476.56797516994
DUK,2019-11-15,68.58445739746094,1.3312981154043655,2.121826171875,0.16760513749856173,1.0430867182818317,Hammer,2019-11-22,68.83222198486328,2019-12-20,70.26461029052734,Profit target (+1%),4,0.02080985132194413,0.020663069552354023,2303.4480752252093,113780.01605039515
DUK,2021-10-01,81.92131805419922,4.715383598943603,2.47943115234375,0.37248295300691725,0.9018726881948299,Hammer,2021-10-08,82.08772277832031,2021-10-15,83.35240173339844,Profit target (+1%),1,0.015406432439274864,0.015283680606698902,1738.9774230003368,115518.99347339549
DVA,2021-10-15,112.20999908447266,0.9879775175341763,5.8699951171875,0.3935263168839811,0.9771398513766989,Hammer,2021-10-22,111.94000244140625,2021-10-29,115.5,Profit target (+1%),1,0.0318027289704339,0.03171197892868755,3171.197889697557,103171.19788969756
DVN,2001-07-20,14.993785858154297,6.086782306947725,1.3674240112304688,0.3632386417528218,1.002070597627822,Hammer,2001-07-27,15.065597534179688,2001-08-03,16.277429580688477,Profit target (+1%),1,0.08043703834245375,0.07974680790081931,7974.680782107251,107974.68078210724
DVN,2001-09-28,10.30495834350586,2.8851876280299678,1.8542938232421875,0.3780287476444788,1.3054035320480273,Hammer,2001-10-05,10.334914207458496,2001-10-12,11.05086898803711,Profit target (+1%),1,0.06927534822320269,0.06827472321476193,7371.941437228703,115346.62221933596
DVN,2002-07-26,12.010696411132812,2.524863671405015,1.9481678009033203,0.06172795992954775,1.8075094715965434,Hammer,2002-08-02,12.311339378356934,2002-08-16,12.717206954956055,Profit target (+1%),2,0.03296697167756002,0.032141658689169066,3707.431758614989,119054.05397795096
DVN,2003-07-18,15.275135040283203,4.0116905258468165,1.0445051193237305,0.3323709898168717,1.2702232563306435,Hammer,2003-07-25,15.305323600769043,2003-08-15,15.577014923095703,Profit target (+1%),3,0.01775142619741854,0.01709247493067462,2034.9284309783818,121088.98240892934
DVN,2003-09-19,14.761524200439453,5.722319524776239,0.649688720703125,0.3953494175395744,0.8289474349299077,Hammer,2003-09-26,14.731307029724121,2003-11-21,15.184577941894531,RSI > 90,8,0.03076922578939012,0.030080189784068824,3642.379567977987,124731.36197690733
DVN,2007-01-05,40.28083801269531,3.5016843263654778,1.856170654296875,0.3089702908439242,0.7339874122861884,Hammer,2007-01-12,41.16267395019531,2007-01-26,42.01984405517578,Profit target (+1%),2,0.020823965566901803,0.020578527366043965,2566.7877432789355,127298.14972018625
DVN,2009-07-10,31.81981658935547,3.657743564615018,1.7751121520996094,0.358157026658214,0.41869436600923404,Hammer,2009-07-17,31.88276481628418,2009-07-24,35.414100646972656,Profit target (+1%),1,0.11076002508053628,0.11042905800942909,14057.41474588602,141355.56446607228
DVN,2011-08-12,43.59414291381836,6.954279551241797,3.0836448669433594,0.3908535687732802,0.9901598907474221,Hammer,2011-08-19,44.0236701965332,2011-11-04,42.875003814697266,RSI > 90,11,-0.02609201769657077,-0.026316179359129787,-3719.938384180253,137635.62608189203
DVN,2014-10-17,38.96073532104492,1.3693149136972238,4.387016296386719,0.2625957583715207,1.870259182856023,Hammer,2014-10-24,39.067901611328125,2014-10-31,39.14827346801758,Profit target (+1%),1,0.0020572350542151785,0.0018010399480812849,247.8872606047787,137883.5133424968
DVN,2018-11-30,19.077739715576172,8.36693081538543,1.2422046661376953,0.3409092653925466,0.6006408493063878,Hammer,2018-12-07,20.01645278930664,2019-03-01,20.889379501342773,Profit target (+1%),12,0.04361045991637824,0.04310010472851491,5942.793859454401,143826.30720195122
DVN,2020-03-13,6.311193466186523,0.5725507168975525,1.926325798034668,0.36357213900298974,0.9753559555079738,Hammer,2020-03-20,5.150514125823975,2020-04-09,6.137091636657715,Profit target (+1%),3,0.1915493262870933,0.18942388421400347,27244.137735105964,171070.4449370572
DXCM,2022-01-28,103.34750366210938,2.309329666642057,11.382499694824219,0.3110031522990066,1.0060411219905465,Hammer,2022-02-04,103.75,2022-02-11,104.84750366210938,Profit target (+1%),1,0.01057834855045181,0.01048145787778308,1048.1457867301624,101048.14578673017
DXCM,2022-05-13,83.68499755859375,1.9557271218985761,11.485000610351562,0.30060942152120224,0.9572637015978105,Hammer,2022-05-20,83.69499969482422,2022-08-12,89.55999755859375,Profit target (+1%),12,0.0700758454525956,0.06995218500737452,7068.5385816569615,108116.68436838713
DXCM,2026-05-08,60.61000061035156,8.011962847490778,2.9300003051757812,0.34812298686858956,0.5851843877149591,Hammer,2026-05-15,60.334999084472656,2026-05-22,61.790000915527344,Profit target (+1%),1,0.024115386643457137,0.023947660805094972,2589.1416820365075,110705.82605042362
EA,2009-09-04,17.963159561157227,7.315447306919779,0.9413433074951172,0.3711347726098453,0.49995774173813207,Hammer,2009-09-11,18.341636657714844,2009-10-02,18.97243309020996,Profit target (+1%),3,0.03439150192901641,0.03383707019858976,3383.7070164752686,103383.70701647528
EA,2010-05-28,16.022245407104492,2.4817915357375995,0.9656038284301758,0.3115567367796237,0.78417176948763,Hammer,2010-06-04,15.750516891479492,2010-08-13,16.67245101928711,RSI > 90,10,0.05853357919360436,0.05788030529806273,5983.880518975178,109367.58753545047
EA,2011-08-12,19.341209411621094,5.851990358283814,2.3485069274902344,0.16942176279588791,1.531027196541129,Hammer,2011-08-19,19.360618591308594,2011-09-02,21.136554718017578,Profit target (+1%),2,0.0917293070122378,0.09118924440149559,9973.147659399008,119340.73519484948
EA,2012-01-20,17.40029525756836,3.702193640734677,1.5042076110839844,0.3032253074287569,0.7998411920671145,Hammer,2012-01-27,17.468225479125977,2012-02-10,18.545434951782227,Profit target (+1%),2,0.06166679460048674,0.06107684433713567,7288.955499286194,126629.69069413566
EA,2012-04-13,15.701994895935059,7.100133548380839,1.1451396942138672,0.3898303249758904,0.777364726634376,Hammer,2012-04-20,15.731107711791992,2012-08-24,13.285555839538574,RSI > 90,18,-0.15545961015957188,-0.1560456954938945,-19760.018134783124,106869.67255935252
EA,2014-10-17,33.26241683959961,1.103269471350231,2.9210758209228516,0.1677731091065208,1.636596834706015,Hammer,2014-10-24,33.13140106201172,2014-10-31,35.06261444091797,Profit target (+1%),1,0.05828951740651167,0.05797893909211437,6196.190229916716,113065.86278926925
EA,2017-11-24,104.75112915039062,5.8074469172303935,2.0960845947265625,0.3842315223958826,0.4159821105724041,Hammer,2017-12-01,104.67349243164062,2017-12-22,106.64352416992188,Profit target (+1%),3,0.018820731901802334,0.018724302316077315,2117.079394377314,115182.94218364656
EA,2018-08-03,127.00370788574219,7.255535038910537,8.432304382324219,0.3602261592289089,1.1685525011686215,Hammer,2018-08-10,126.17882537841797,2019-01-18,86.97235870361328,RSI > 90,23,-0.31072144281912684,-0.31078838002570286,-35797.51997205219,79385.42221159436
EA,2021-09-24,126.68767547607422,6.880359207835525,7.460823059082031,0.34379106354911776,1.0834538770488393,Hammer,2021-10-01,126.0732650756836,2021-10-08,139.8148193359375,Profit target (+1%),1,0.10899657633206106,0.10891293794383183,8646.099554330165,88031.52176592451
EBAY,2004-03-26,12.434340476989746,5.887998267722992,0.5975189208984375,0.3738316862024056,0.9193080308703229,Hammer,2004-04-02,12.56277847290039,2004-04-08,13.713141441345215,Profit target (+1%),1,0.09156915175463065,0.09073703605643291,9073.703596569587,109073.70359656958
EBAY,2008-11-21,4.4711503982543945,2.831281706623571,0.6626682281494141,0.3820226578667872,0.7445076283590871,Hammer,2008-11-28,4.541884899139404,2008-12-05,4.828544616699219,Profit target (+1%),1,0.06311470324008672,0.060845990979929564,6636.697578547686,115710.40117511728
EBAY,2009-07-10,6.068255424499512,5.391353111454066,0.30527400970458984,0.3536596033151829,0.5718147807746883,Hammer,2009-07-17,6.068255424499512,2009-07-24,6.92451286315918,Profit target (+1%),1,0.14110438318114937,0.13934165114246064,16123.27833797408,131833.67951309134
EBAY,2016-02-12,19.89342498779297,8.141257478677261,1.3135509490966797,0.34343431409989267,0.8684248847786159,Hammer,2016-02-19,19.725360870361328,2016-02-26,21.18486213684082,Profit target (+1%),1,0.0739911059712215,0.07346552229852596,9685.230112280504,141518.90962537186
EBAY,2018-08-03,29.77379608154297,7.701383299395886,0.9774208068847656,0.27149185286369404,0.5311550999678442,Hammer,2018-08-10,29.77379608154297,2018-08-17,30.17184066772461,Profit target (+1%),1,0.013368956551307543,0.013030902428663175,1844.119101294903,143363.0287266668
EBAY,2021-12-10,61.6026725769043,3.947500190925723,1.9984703063964844,0.3778791991402726,0.4714347240554118,Hammer,2021-12-17,61.21587371826172,2022-08-05,44.45061492919922,RSI > 90,33,-0.2738711019011584,-0.2740120774208841,-39283.20128746066,104079.82743920611
ECL,1990-01-19,2.0405023097991943,0.0,0.09490704536437988,0.3999984927236233,,Hammer,1990-01-26,2.0405023097991943,1990-06-01,1.8727915287017822,RSI > 90,18,-0.08219092930794891,-0.08687879756775137,-8687.879748087256,91312.12025191274
ECL,1992-06-05,2.689230442047119,8.594462032065778,0.17122435569763184,0.17647148922186623,1.2575945781205178,Hammer,1992-06-12,2.6791584491729736,1992-08-07,2.7239859104156494,Profit target (+1%),8,0.016731918657708844,0.01297518827676022,1184.7919510339457,92496.91220294668
ECL,1993-12-03,3.725280284881592,7.002633743455036,0.13489866256713867,0.38461416103752877,1.085537633249048,Hammer,1993-12-10,3.735656976699829,1993-12-31,3.868558645248413,RSI > 90,3,0.035576518234281984,0.03285563720868442,3039.0449872245063,95535.95719017119
ECL,1999-07-16,15.351286888122559,3.874776597732506,1.896066665649414,0.1325299144439359,2.318428261371871,Hammer,1999-07-23,15.214221954345703,1999-07-30,15.351286888122559,Profit target (+1%),1,0.00900900053832232,0.008348976981742017,797.6275067118027,96333.58469688299
ECL,2000-09-22,13.326642036437988,4.660893185592954,0.8126001358032227,0.37142944325192795,1.006994450781625,Hammer,2000-09-29,13.326642036437988,2000-11-03,14.185676574707031,Profit target (+1%),5,0.06445993941461414,0.06368566872321248,6135.068755790151,102468.65345267313
ECL,2008-10-31,30.301280975341797,5.110393425266224,3.2854862213134766,0.26980199600473953,1.065588360061395,Hammer,2008-11-07,30.179296493530273,2008-12-05,30.179296493530273,Profit target (+1%),4,0.0,-0.00033129809741112924,-33.947669899203284,102434.70578277392
ECL,2011-08-12,39.80720138549805,1.4054507844993935,3.2143516540527344,0.14473613941228758,1.606302831433427,Hammer,2011-08-19,40.29780960083008,2011-09-02,43.53753662109375,Profit target (+1%),2,0.08039461827714178,0.08013652279460813,8208.761126711477,110643.4669094854
ECL,2014-10-17,94.7979507446289,4.0876310199825525,5.6436767578125,0.3009606233642636,1.8853262626536966,Hammer,2014-10-24,94.87703704833984,2014-10-31,98.88369750976562,Profit target (+1%),1,0.04223003358952271,0.042122414165598025,4660.569933218414,115304.03684270382
ECL,2019-10-25,178.60665893554688,5.245436165613654,6.4765167236328125,0.3678144400334555,0.939639119714611,Hammer,2019-11-01,179.4069061279297,2020-01-24,182.2881622314453,Profit target (+1%),12,0.016059895160674964,0.016003709929196554,1845.2923574507322,117149.32920015455
ECL,2023-10-06,164.81410217285156,6.773015789724596,5.65777587890625,0.33676925898357013,0.8267757355506793,Hammer,2023-10-13,164.1919403076172,2023-11-10,169.21783447265625,Profit target (+1%),4,0.03060987132269055,0.03054803673955168,3578.6820088414734,120728.01120899602
ECL,2025-04-11,232.2694854736328,2.387738311194056,17.416259765625,0.22357524846853666,1.6044024113190243,Hammer,2025-04-17,234.94435119628906,2025-05-09,251.91151428222656,RSI > 90,3,0.07221779540365247,0.07217369615875456,8713.386790135406,129441.39799913143
ED,2000-02-11,9.80117416381836,7.765516225373744,0.36229991912841797,0.21052700849436298,0.6851507211215663,Hammer,2000-02-18,9.853936195373535,2000-04-28,10.280681610107422,RSI > 90,10,0.04330710147425609,0.04227082988217856,4227.082983990773,104227.08298399077
ED,2003-01-31,14.48880386352539,6.675898789002019,0.3956117630004883,0.23853443226003967,0.5040930881366618,Hammer,2003-02-07,14.485175132751465,2003-05-23,14.895231246948242,RSI > 90,15,0.028308674934114375,0.027608783919564072,2877.5830097938915,107104.66599378466
ED,2003-07-18,15.227646827697754,8.168043829661372,0.728327751159668,0.3589753662071973,1.1432388898850439,Hammer,2003-07-25,15.220176696777344,2003-09-26,15.451557159423828,RSI > 90,9,0.015202219215725288,0.014540419927825423,1557.3468182217657,108662.01281200642
ED,2004-05-21,14.910247802734375,0.07973987088192303,0.3274812698364258,0.3493967482942086,0.6700270783896981,Hammer,2004-05-28,14.9378662109375,2004-06-04,15.55337142944336,Profit target (+1%),1,0.041204360101658066,0.04052135714516773,4403.132224864972,113065.14503687138
ED,2005-03-24,17.13456153869629,3.099426813486616,0.4185161590576172,0.35294385729846006,0.900557355629025,Hammer,2005-04-01,17.204315185546875,2005-04-29,17.766441345214844,RSI > 90,4,0.032673556233159706,0.032082982600706196,3627.4670773368,116692.61211420818
ED,2013-08-23,35.30554962158203,7.547460571736721,0.8859138488769531,0.330985157403859,0.7909412166903496,Hammer,2013-08-30,35.28059387207031,2013-11-01,36.45973205566406,RSI > 90,9,0.033421721524002024,0.03313358385953529,3866.4444454078966,120559.05655961609
ED,2022-10-14,72.00105285644531,7.760326501499918,4.5357818603515625,0.32558190387442515,1.0459595457584976,Hammer,2022-10-21,72.98555755615234,2022-10-28,75.13038635253906,Profit target (+1%),1,0.029387030368803746,0.029248013275475812,3526.112883208377,124085.16944282447
ED,2025-05-16,100.93657684326172,4.536053727496906,7.66448974609375,0.17793947839936294,1.6413599024563574,Hammer,2025-05-23,100.99464416503906,2025-08-08,101.0914306640625,RSI > 90,11,0.0009583329870965773,0.0008592752948874024,106.62332045751299,124191.79276328198
EFX,2003-03-14,15.122936248779297,0.9434903775305088,0.9598026275634766,0.23529400075117296,0.7304424845068592,Hammer,2003-03-21,15.122936248779297,2003-03-28,16.776376724243164,Profit target (+1%),1,0.10933329667360936,0.10863613175237166,10863.613164373553,110863.61316437356
EFX,2003-07-25,19.260784149169922,3.97423282536667,0.9444713592529297,0.37606704700358456,0.7658834520360287,Hammer,2003-08-01,19.293073654174805,2003-11-07,19.915874481201172,Profit target (+1%),14,0.03228105786511626,0.031754507626402244,3520.4194461981897,114384.03261057174
EFX,2006-06-16,28.51280975341797,6.444722496796132,1.242532730102539,0.28947340143834094,1.1383004309274352,Hammer,2006-06-23,28.488285064697266,2006-09-15,30.38125228881836,RSI > 90,12,0.066447215752796,0.06608459571599412,7559.022543875699,121943.05515444743
EFX,2007-03-09,30.55889892578125,4.140606412225694,1.4762744903564453,0.25000096900101165,1.1930148866400783,Hammer,2007-03-16,30.501489639282227,2007-03-30,30.919769287109375,Profit target (+1%),2,0.01371341704204676,0.0133833703141452,1632.0090627381937,123575.06421718562
EFX,2011-08-12,26.22251319885254,1.5273480546005374,1.8215961456298828,0.1441854328767037,1.2971101607732656,Hammer,2011-08-19,26.400436401367188,2011-09-23,27.065719604492188,Profit target (+1%),5,0.02519970477043132,0.024816223188459486,3066.6663710752255,126641.73058826085
EFX,2016-02-12,88.13409423828125,8.971687217772768,6.8538818359375,0.24142874953247725,1.516694802541511,Hammer,2016-02-19,89.49042510986328,2016-02-26,92.07648468017578,Profit target (+1%),1,0.02889761186336659,0.028784259833954204,3645.288475428838,130287.01906368969
EFX,2022-05-20,188.2082977294922,4.9949338264591745,13.022171020507812,0.34310850096259643,0.8775824971215552,Hammer,2022-05-27,189.98776245117188,2022-06-03,196.89588928222656,Profit target (+1%),1,0.03636090420734406,0.03630731372110822,4730.371670203018,135017.3907338927
EFX,2023-10-06,178.2840118408203,6.714117755351637,6.3106689453125,0.3240299243669845,0.5970935770429334,Hammer,2023-10-13,176.62074279785156,2023-11-17,179.93751525878906,Profit target (+1%),5,0.018779065292085617,0.0187219167973839,2527.7843529920265,137545.17508688476
EFX,2025-11-07,205.83714294433594,9.807594140555821,8.963577270507812,0.3816307110379496,0.5288684072931235,Hammer,2025-11-14,206.6700439453125,2025-11-28,212.8396759033203,Profit target (+1%),2,0.029852570020454383,0.029803462674659994,4099.3224876822205,141644.49757456698
EFX,2026-02-06,194.4230499267578,6.163376654878562,37.32023620605469,0.21171803800690076,2.3805749648794854,Hammer,2026-02-13,193.3297882080078,2026-02-27,194.52244567871094,Profit target (+1%),2,0.006169031072541742,0.006117147781136605,866.4603231820115,142510.957897749
EG,2020-03-27,164.24122619628906,3.1917492072955014,24.320785522460938,0.24616487868964362,1.6058454244696307,Hammer,2020-04-03,163.9549102783203,2020-04-17,182.36685180664062,Profit target (+1%),2,0.11229881128332941,0.11223439618308638,11223.439607085198,111223.4396070852
EG,2023-12-29,334.3726806640625,6.040626441012634,6.870361328125,0.3159002878362532,0.35733009376695174,Hammer,2024-01-05,335.72503662109375,2024-01-12,351.66912841796875,Profit target (+1%),1,0.04749151852761524,0.047461025403748046,5278.778487405329,116502.21809449051
EIX,1993-10-15,6.9509124755859375,2.6648257511615725,0.5020103454589844,0.23076923076923078,2.1131200257046134,Hammer,1993-10-22,6.873680114746094,1994-08-05,4.413125514984131,RSI > 90,41,-0.3579675746742039,-0.359161141170926,-35916.11408117648,64083.88591882352
EIX,1994-09-23,4.167952060699463,9.420051484730664,0.16344928741455078,0.249998541329957,0.7552645972983446,Hammer,1994-09-30,4.2088141441345215,1994-10-07,4.292157173156738,Profit target (+1%),1,0.019802021702090444,0.01740537824249027,1115.4042725503155,65199.29019137384
EIX,2000-12-15,8.966936111450195,4.2706821753771465,1.7933874130249023,0.2812502825042023,1.960513257448016,Hammer,2000-12-22,8.938915252685547,2001-03-02,6.635532855987549,RSI > 90,10,-0.2576803036594385,-0.25865432881906714,-16864.07862706531,48335.21156430852
EIX,2002-07-26,5.577434062957764,0.20583346475294206,1.2777886390686035,0.38947396310879095,1.9682984546985207,Hammer,2002-08-02,5.626752853393555,2002-08-30,5.7881574630737305,Profit target (+1%),4,0.028685213992086123,0.02688410049616139,1299.4486838986436,49634.66024820717
EIX,2004-05-14,10.24462604522705,4.673922660228499,0.4608945846557617,0.37623918076985946,1.0577047688420484,Hammer,2004-05-21,10.075782775878906,2004-05-28,10.678139686584473,Profit target (+1%),1,0.05978264161744229,0.05876100337395885,2916.5824353936205,52551.242683600794
EIX,2012-08-31,25.632946014404297,2.8556276087410026,0.5502395629882812,0.26595582423981917,0.6530281692682601,Hammer,2012-09-07,25.60953140258789,2012-09-14,25.984161376953125,Profit target (+1%),1,0.014628536870743947,0.014235277961337112,748.081546066659,53299.32422966746
EIX,2018-11-16,38.77730178833008,1.2755086756418592,7.519096374511719,0.15230994487302937,2.562803295234277,Hammer,2018-11-23,38.293033599853516,2018-12-07,39.3470344543457,Profit target (+1%),2,0.02752461101687742,0.027259907529460746,1452.934648430547,54752.258878098
EIX,2023-10-06,54.720985412597656,7.222748242080016,3.8884849548339844,0.2653052014876249,1.3397501406001093,Hammer,2023-10-13,54.56227111816406,2023-10-20,58.36258316040039,Profit target (+1%),1,0.06965091379730315,0.069461271648137,3803.1615234775236,58555.420401575524
EIX,2025-01-17,58.29057693481445,0.6220416057362996,8.432140350341797,0.18081554083246057,2.1009172876992612,Hammer,2025-01-24,57.955894470214844,2025-03-21,53.205257415771484,RSI > 90,8,-0.08196986860214617,-0.08213532758521823,-4809.468631764108,53745.95176981142
EL,2014-10-17,62.11045837402344,4.457954002801955,2.112506866455078,0.1832980907615104,1.163318361271309,Hammer,2014-10-24,62.0760383605957,2014-10-31,63.857261657714844,Profit target (+1%),1,0.028694216708420317,0.02853082589938404,2853.0825870853214,102853.08258708533
EL,2016-10-28,76.26605987548828,5.3013061350595905,1.5357284545898438,0.3505720573696787,0.6435896517836199,Hammer,2016-11-04,76.35432434082031,2017-02-10,73.56555938720703,RSI > 90,14,-0.036523994910427904,-0.03665256309918793,-3769.8290956993033,99083.25349138601
EL,2018-10-26,113.8138656616211,8.835071225160405,5.390800476074219,0.3798308195923197,0.8151077165121425,Hammer,2018-11-02,114.38465118408203,2018-11-09,128.7178497314453,Profit target (+1%),1,0.1253070092795625,0.12521411158351742,12406.62154632173,111489.87503770775
EL,2022-05-13,224.17918395996094,1.3311200034348047,15.032943725585938,0.3976414917189319,0.7875850513638446,Hammer,2022-05-20,222.7616729736328,2022-06-03,237.16488647460938,Profit target (+1%),2,0.06465750283120464,0.06461116157478447,7203.490322810376,118693.36536051812
EL,2023-05-19,188.38275146484375,8.566240908638079,7.4173126220703125,0.2312564672773765,0.4478801457845956,Hammer,2023-05-26,187.55335998535156,2023-06-23,189.3269805908203,Profit target (+1%),4,0.009456618668987282,0.009403049832630676,1116.079628171512,119809.44498868962
EL,2023-08-25,144.8795928955078,0.9630152018842892,8.861114501953125,0.3575239098914799,0.6629216745781467,Hammer,2023-09-01,146.30758666992188,2023-09-08,152.53817749023438,Profit target (+1%),1,0.04258556211694664,0.04251576000324579,5093.789604167418,124903.23459285704
ELV,2006-04-28,56.15618133544922,2.0392937117616583,4.587409973144531,0.19827584773175935,1.6766196403225195,Hammer,2006-05-05,56.353912353515625,2006-06-02,56.5516471862793,Profit target (+1%),4,0.003508803994357157,0.0033310584772483086,333.105847391725,100333.10584739174
ELV,2006-11-24,57.263484954833984,6.153866362864733,2.032695770263672,0.12451511563096429,0.8254613046299463,Hammer,2006-12-01,57.06575393676758,2006-12-08,60.30857467651367,Profit target (+1%),1,0.056826038666541345,0.05664583901113243,5683.45295563481,106016.55880302655
ELV,2011-08-12,48.09075927734375,0.973104780072461,4.022163391113281,0.29108979064593044,1.2148952485752968,Hammer,2011-08-19,48.61642837524414,2011-09-09,47.92349624633789,Profit target (+1%),3,-0.014253044743597343,-0.014457249661224525,-1532.7078573065373,104483.85094572001
ELV,2012-08-03,44.56992721557617,7.6305881722255435,2.7370338439941406,0.26923039399467874,0.8152771892207924,Hammer,2012-08-10,44.67519760131836,2012-08-17,46.6429443359375,Profit target (+1%),1,0.0440456190519698,0.04381687726827269,4578.156068826955,109062.00701454698
ELV,2025-05-16,393.2590026855469,5.127070610243393,65.12869262695312,0.3136696472625703,2.333319336456436,Hammer,2025-05-23,395.18975830078125,2025-10-10,348.5199890136719,RSI > 90,20,-0.11809458192382793,-0.11811839177173902,-12882.228859074181,96179.77815547281
EMR,1990-01-26,3.7163429260253906,7.69229573460305,0.2477562427520752,0.28571497307934735,,Hammer,1990-02-02,3.739938735961914,1990-03-09,3.854161024093628,Profit target (+1%),5,0.030541219040139067,0.027830171727747603,2783.017169991743,102783.01716999176
EMR,1990-08-24,3.241741418838501,2.2113361827482976,0.19353675842285156,0.25,0.882816628350003,Hammer,1990-08-31,3.3022217750549316,1990-11-09,3.458333730697632,RSI > 90,10,0.04727482473223743,0.0441796666751426,4540.919433894775,107323.93660388654
EMR,1991-11-22,4.861755847930908,8.602032631388994,0.29305124282836914,0.39515240663029455,1.384465832217924,Hammer,1991-11-29,4.798451900482178,1991-12-20,5.013685703277588,Profit target (+1%),3,0.0448548421989563,0.04272631579277564,4585.556402875933,111909.49300676248
EMR,1993-10-15,5.963937759399414,5.683323416769525,0.14578533172607422,0.36363636363636365,0.8248554750359242,Hammer,1993-10-22,5.963937759399414,1993-11-05,6.056710243225098,Profit target (+1%),2,0.015555575455070914,0.013867205047554631,1551.8718847407845,113461.36489150325
EMR,1997-04-04,10.928926467895508,5.0148316736330685,0.5493373870849609,0.15789327490963886,1.0584071534728947,Hammer,1997-04-11,10.957839012145996,1997-04-25,11.160226821899414,Profit target (+1%),2,0.01846968271107885,0.017549086467498663,1991.1433012102643,115452.50819271353
EMR,2002-07-26,12.819623947143555,9.150491454340994,1.1130485534667969,0.25761106865127376,1.0608355093592285,Hammer,2002-08-02,13.085504531860352,2002-10-25,12.729544639587402,RSI > 90,12,-0.02720261121046308,-0.027956133499840042,-3227.60572869927,112224.90246401427
EMR,2012-03-09,34.0928840637207,8.710448877262436,1.0980110168457031,0.15527885574127023,0.5805800495330559,Hammer,2012-03-16,34.20199966430664,2012-03-23,35.579627990722656,Profit target (+1%),1,0.04027917490022426,0.0399809495085027,4486.858154523537,116711.76061853781
EMR,2017-11-17,49.02756118774414,9.363604644915384,2.9968605041503906,0.3494422798109492,1.5528745066575498,Hammer,2017-11-24,49.0439453125,2017-12-01,50.477500915527344,Profit target (+1%),1,0.029230022052527893,0.02902316439135647,3387.3446114491217,120099.10522998692
EMR,2021-12-03,82.4918441772461,3.3673181320926204,4.9935455322265625,0.3485823068719691,1.2445384031659605,Hammer,2021-12-10,83.3873062133789,2021-12-17,84.73049926757812,Profit target (+1%),1,0.016107883983710103,0.01598700305502921,1920.0247602980512,122019.12999028497
EOG,2007-01-12,21.373912811279297,9.50190333568537,1.470815658569336,0.3863896017667556,0.9718997526426074,Hammer,2007-01-19,21.319002151489258,2007-01-26,22.478986740112305,Profit target (+1%),1,0.05441082938030539,0.05392911614120859,5392.911608727947,105392.91160872794
EOG,2007-08-31,23.172977447509766,9.704370587332775,1.0802116394042969,0.34076406129158704,0.6452217537392756,Hammer,2007-09-07,23.172977447509766,2007-09-14,24.012378692626953,Profit target (+1%),1,0.036223279767071626,0.035784021578047435,3771.382219408584,109164.29382813652
EOG,2008-07-11,40.91014862060547,2.0184247754173725,3.5851593017578125,0.18768115016790307,1.0233912417139386,Hammer,2008-07-18,41.38633346557617,2009-05-15,26.182941436767578,RSI > 90,43,-0.36735295822845215,-0.3675501791084135,-40123.355708651696,69040.93811948482
EOG,2009-07-10,21.723533630371094,6.782670837516974,0.9419326782226562,0.33210487522375487,0.338324768222919,Hammer,2009-07-17,21.706153869628906,2009-07-24,24.54527473449707,Profit target (+1%),1,0.13079797010195526,0.13030725505684612,8996.535123903104,78037.47324338793
EOG,2019-08-09,59.225608825683594,4.020606232139855,5.066673278808594,0.3328419407347398,0.9902728077158115,Hammer,2019-08-16,58.76296615600586,2019-09-27,59.695709228515625,Profit target (+1%),6,0.015872974656069738,0.01570146344796486,1225.3025324772889,79262.7757758652
EOG,2022-07-08,89.42109680175781,9.251962490084225,10.033607482910156,0.33699382188004945,0.9865285281495382,Hammer,2022-07-15,87.81098175048828,2022-08-05,93.07249450683594,Profit target (+1%),3,0.05991861896383366,0.059801332874337206,4740.019633976446,84002.79540984165
EOG,2025-11-07,103.61018371582031,5.229939271690853,3.0765533447265625,0.38977557346559205,0.5599349212644479,Hammer,2025-11-14,104.10164642333984,2025-11-21,108.64276123046875,Profit target (+1%),1,0.04362193071050968,0.043523780304127416,3656.119208694391,87658.91461853603
EQIX,2022-05-20,600.4153442382812,3.1632021332035833,22.6549072265625,0.21808135180425564,0.5377726725579898,Hammer,2022-05-27,606.4951171875,2022-06-03,634.89501953125,Profit target (+1%),1,0.04682626708595583,0.04680579882326658,4680.579878114178,104680.57987811418
EQIX,2023-09-29,684.8156127929688,7.980885832187468,35.39300537109375,0.3073123875843064,1.0351250898234077,Hammer,2023-10-06,681.65673828125,2023-10-20,705.7769775390625,Profit target (+1%),2,0.03538472944407478,0.035365285677774874,3702.0586089404533,108382.63848705463
EQIX,2025-12-05,733.9301147460938,3.055438576687422,26.97869873046875,0.23110771256439203,0.6865413315740124,Hammer,2025-12-12,733.9400024414062,2025-12-19,748.062744140625,Profit target (+1%),1,0.019242365387143856,0.01922373470611018,2083.5190871172526,110466.15757417188
EQR,2007-03-09,20.160261154174805,2.4178009897031387,0.8129138946533203,0.14871856236845996,0.852892576402429,Hammer,2007-03-16,20.42706298828125,2007-03-30,20.722415924072266,Profit target (+1%),2,0.01445890365934921,0.013965938532720708,1396.593851875477,101396.59385187548
EQR,2007-11-23,15.874859809875488,1.882811066660409,1.1136474609375,0.2972971815740436,0.9351193729493629,Hammer,2007-11-30,15.973756790161133,2007-12-14,17.233598709106445,Profit target (+1%),2,0.07886948170647612,0.07821897131038998,7931.137257539976,109327.73110941547
EQR,2009-02-20,9.380716323852539,2.244914304840904,1.1365013122558594,0.33870965035058925,0.5202825783400267,Hammer,2009-02-27,9.495283126831055,2009-04-09,10.016064643859863,Profit target (+1%),6,0.054846338974055886,0.053764873131648176,5877.991586990678,115205.72269640616
EQR,2012-08-17,31.646265029907227,5.394811090173022,0.736328125,0.19999844578912468,0.5759637844355775,Hammer,2012-08-24,31.56211280822754,2012-08-31,32.02494812011719,Profit target (+1%),1,0.014664268982937045,0.014345160884388095,1652.6446252295023,116858.36732163567
EQR,2015-06-12,41.26995849609375,5.594109892391927,1.15936279296875,0.2587062384838115,0.7008526729037636,Hammer,2015-06-19,41.189208984375,2015-06-26,42.83308410644531,Profit target (+1%),1,0.039910334832939265,0.039662738097241794,4634.922812914392,121493.29013455006
EQR,2018-12-28,50.02817916870117,7.959284962394719,3.2249488830566406,0.28103113197169155,1.5952681978490972,Hammer,2019-01-04,50.08909606933594,2019-01-18,51.22367858886719,Profit target (+1%),2,0.022651287576855195,0.022449402380166763,2727.4517539934077,124220.74188854346
EQR,2022-05-13,63.57984161376953,2.3233943059130837,3.469066619873047,0.24205323319349678,0.8930871656845939,Hammer,2022-05-20,63.53743362426758,2022-06-03,65.46280670166016,Profit target (+1%),2,0.030302972083801505,0.030143212466780277,3744.4122117830266,127965.15410032647
EQR,2022-09-30,58.0364990234375,9.565447597791348,2.1845245361328125,0.35174972933328674,0.6065755722611031,Hammer,2022-10-07,58.748783111572266,2023-02-03,54.8798828125,RSI > 90,17,-0.06585498616583552,-0.06601958365312943,-8448.206187363896,119516.94791296257
EQT,2014-09-26,45.767662048339844,9.017055843240712,1.9030532836914062,0.3890341048040187,0.8662524765974992,Hammer,2014-10-03,45.33537673950195,2014-11-07,46.78129959106445,Profit target (+1%),5,0.031893919397004256,0.03166984826377679,3166.9848232106942,103166.98482321069
EQT,2015-10-02,34.00931167602539,9.841906537117595,3.358633041381836,0.2207405228375862,1.297220007252352,Hammer,2015-10-09,34.38249588012695,2015-10-16,37.05447769165039,Profit target (+1%),1,0.07771343362736616,0.07741133058373802,7986.293559490752,111153.27838270145
ES,2010-02-12,14.17270565032959,6.246294596059855,0.3158254623413086,0.24999773528159508,0.6360041609941111,Hammer,2010-02-19,14.291141510009766,2010-02-26,15.086346626281738,RSI > 90,1,0.05564321896294966,0.054924268602279405,5492.426854735515,105492.4268547355
ES,2014-08-08,28.705371856689453,1.550727001554833,1.2345714569091797,0.16577600417753924,1.3625113003500824,Hammer,2014-08-15,28.731779098510742,2014-08-22,29.200519561767578,Profit target (+1%),1,0.01631435567041284,0.015963530974861823,1684.0316220248837,107176.45847676038
ES,2017-10-06,44.34368133544922,9.045249079123735,0.92535400390625,0.37301299386583997,0.8509880708877084,Hammer,2017-10-13,44.38774108886719,2017-10-20,45.195594787597656,Profit target (+1%),1,0.018199928153881384,0.017972616224199555,1926.2413545454324,109102.6998313058
ES,2022-02-18,68.804931640625,4.862773910102575,4.394805908203125,0.2797741807803679,1.473512026395961,Hammer,2022-02-25,68.92955017089844,2022-03-11,71.82494354248047,Profit target (+1%),2,0.042005110499102605,0.041856998623023355,4566.711552040386,113669.41138334619
ES,2023-09-08,54.10420227050781,7.137313143321691,2.2485313415527344,0.337208769694574,0.7821938218184524,Hammer,2023-09-15,54.069339752197266,2023-09-22,55.99540710449219,Profit target (+1%),1,0.03562217258657485,0.03543394817348768,4027.7560278405845,117697.16741118676
ES,2025-04-11,53.1949577331543,2.7847647132031454,4.8831329345703125,0.21856846894422555,1.560819364842224,Hammer,2025-04-17,53.57276153564453,2025-04-25,54.03557205200195,Profit target (+1%),1,0.008638914685207943,0.008451463879396593,994.7133580882255,118691.88076927498
ESS,2014-09-26,124.73938751220703,9.968477985544297,2.63134765625,0.24904029040638337,0.7233010652319843,Hammer,2014-10-03,123.78592681884766,2014-10-17,125.72051239013672,Profit target (+1%),2,0.015628477493408344,0.015547064883886358,1554.7064868339294,101554.70648683392
ESS,2015-06-12,149.95480346679688,6.3759040085693925,4.1970977783203125,0.28166842991191043,0.6966327741748534,Hammer,2015-06-19,149.46514892578125,2015-06-26,154.074951171875,Profit target (+1%),1,0.030841987441385443,0.03077405273997393,3125.2498902931493,104679.95637712708
ESS,2022-09-30,211.4090576171875,9.892891368813508,7.9918060302734375,0.29247294993231515,0.6058424931990395,Hammer,2022-10-07,214.67318725585938,2023-01-20,194.91653442382812,RSI > 90,15,-0.09203130155460071,-0.0920757394344532,-9638.484377751796,95041.47199937528
ESS,2023-09-15,202.90919494628906,5.178448944037498,5.1353302001953125,0.2280708009829178,0.49843888087584665,Hammer,2023-09-22,202.12538146972656,2023-12-15,205.3219757080078,RSI > 90,12,0.015814907633260322,0.015765043409659337,1498.332930289741,96539.80492966501
ETN,1990-01-26,2.1220343112945557,0.0,0.1133124828338623,0.3636355985162025,,Hammer,1990-02-02,2.1323354244232178,1990-02-09,2.1632885932922363,Profit target (+1%),1,0.014516088095000823,0.009803406910112401,980.3406900308996,100980.34069003089
ETN,1990-09-21,1.9538098573684692,6.456435891096788,0.052948832511901855,0.299999774859456,0.53178501817149,Hammer,1990-09-28,1.9485149383544922,1990-11-30,1.9424893856048584,RSI > 90,9,-0.003092382116773651,-0.008203445202795628,-828.3866905819154,100151.95399944898
ETN,1991-05-24,2.398952007293701,7.235873132253317,0.0985870361328125,0.3333341394520972,0.8568895522358476,Hammer,1991-05-31,2.4044291973114014,1991-06-07,2.628988742828369,Profit target (+1%),1,0.0933941185575633,0.0890499483265113,8918.526319531542,109070.48031898052
ETN,1995-10-06,5.155681610107422,4.7428088337186125,0.2830085754394531,0.39130464084972166,1.2617770153439245,Hammer,1995-10-13,5.14337682723999,1995-11-17,5.2331438064575195,Profit target (+1%),5,0.017452926789674805,0.015493617094126375,1689.896256644835,110760.37657562537
ETN,1999-02-05,7.167067050933838,3.9347586591780583,0.8788862228393555,0.3604384431502888,1.9697866053671276,Hammer,1999-02-12,7.167067050933838,1999-03-05,7.435245513916016,Profit target (+1%),3,0.037418160186911464,0.035997775975694694,3987.1272189658175,114747.50379459119
ETN,1999-09-17,10.285185813903809,5.147377392444028,0.5616245269775391,0.1325287906728748,1.1800122992596482,Hammer,1999-09-24,10.285185813903809,2000-03-17,8.3163423538208,RSI > 90,25,-0.19142517166986606,-0.19230395795275632,-22066.39912283241,92681.10467175877
ETN,2000-09-29,6.834193706512451,2.31012508162938,0.3950800895690918,0.24561428917992187,0.7794716685959572,Hammer,2000-10-06,6.806468963623047,2000-11-03,7.201549053192139,Profit target (+1%),4,0.05804479410404784,0.0565340738724098,5239.640412850114,97920.74508460889
ETN,2001-06-29,9.20322322845459,4.944709725489901,0.8034763336181641,0.37908572757938813,1.390315057734035,Hammer,2001-07-06,9.216351509094238,2001-07-13,9.321381568908691,Profit target (+1%),1,0.011396056206278038,0.010305437301759169,1009.1160980018631,98929.86118261077
ETN,2008-10-10,14.721477508544922,1.562798377928786,2.1346139907836914,0.3836206415122157,0.9998565039166989,Hammer,2008-10-17,15.279666900634766,2009-01-09,15.949469566345215,RSI > 90,12,0.04383620860757276,0.04316761824119617,4270.566475914908,103200.42765852566
ETN,2011-08-12,28.354785919189453,2.006794304942204,2.75341796875,0.31527157408228407,1.2450392429573227,Hammer,2011-08-19,28.646404266357422,2011-11-04,31.30487632751465,RSI > 90,11,0.0928029932286949,0.09243777500522266,9539.617902801936,112740.04556132758
ETN,2014-10-03,46.69218063354492,1.0034164658427045,3.342021942138672,0.3871675430976919,1.6148354476203015,Hammer,2014-10-10,46.780906677246094,2014-11-07,50.55177307128906,RSI > 90,4,0.08060695403060869,0.08038460000331747,9062.563457740544,121802.60901906811
ETN,2015-10-02,39.239952087402344,4.788033495122448,1.6948013305664062,0.12612484863217505,0.7501360027296228,Hammer,2015-10-09,39.36973190307617,2015-10-16,41.88139343261719,Profit target (+1%),1,0.06379676487826846,0.06353469366341442,7738.69144369244,129541.30046276056
ETR,1993-12-17,4.503084182739258,8.385999246598189,0.09447050094604492,0.16666750791191154,0.7633184323139716,Hammer,1993-12-23,4.487339019775391,1994-01-07,4.518829345703125,Profit target (+1%),2,0.007017594567506169,0.004783772069101176,478.37720643174043,100478.37720643173
ETR,1995-03-24,2.857961893081665,4.951844409595097,0.13690829277038574,0.2500004353618292,1.0638558516026961,Hammer,1995-03-31,2.857961893081665,1995-04-13,2.9435296058654785,Profit target (+1%),2,0.02994011676326025,0.02639494188393586,2652.12092430383,103130.49813073556
ETR,1996-03-15,3.9813036918640137,2.015777167131702,0.16512298583984375,0.3333323707434274,1.1864630089772714,Hammer,1996-03-22,3.999650716781616,1996-04-04,4.109732627868652,Profit target (+1%),2,0.027522881091880835,0.024991420766769804,2577.3776700944018,105707.87580082996
ETR,1996-07-26,3.8270602226257324,8.195352256960817,0.05600595474243164,0.3333333333333333,0.3426982672069218,Hammer,1996-08-02,3.808391571044922,1996-08-09,3.8938112258911133,Profit target (+1%),1,0.022429325675341394,0.019777579469901052,2090.6459121546986,107798.52171298466
ETR,1997-02-07,4.1296796798706055,5.2608182754811565,0.15438079833984375,0.375,1.038596233459077,Hammer,1997-02-14,4.141456604003906,1997-02-21,4.2003397941589355,Profit target (+1%),1,0.01421799038002769,0.011789147897466642,1270.8527143317924,109069.37442731646
ETR,1999-01-22,5.2724690437316895,6.632173005711564,0.25159120559692383,0.26087088367685385,1.158866849420096,Hammer,1999-01-29,5.283408164978027,1999-04-23,5.415884971618652,Profit target (+1%),12,0.025074119300259712,0.023159484445946385,2525.9904780525476,111595.36490536902
ETR,1999-07-09,5.613789081573486,7.078771816132644,0.12276649475097656,0.36363706983609106,0.5422561909006416,Hammer,1999-07-16,5.580307483673096,1999-09-24,5.534185409545898,RSI > 90,10,-0.008265149234543356,-0.010048161948335483,-1121.3282981314137,110474.03660723759
ETR,2000-01-28,4.30458927154541,2.880093397706247,0.42134904861450195,0.351351748972707,1.6832729654373402,Hammer,2000-02-04,4.30458927154541,2000-02-11,4.5437331199646,Profit target (+1%),1,0.05555555555555558,0.05317069307094758,5873.981086878075,116348.01769411567
ETR,2001-09-28,6.926023483276367,4.483126785889965,0.6154732704162598,0.3797454330496978,1.3655703286471106,Hammer,2001-10-05,6.927970886230469,2001-10-12,7.449954509735107,Profit target (+1%),1,0.07534437313270104,0.0738476523133086,8592.027949425705,124940.04564354138
ETR,2002-07-26,7.292697906494141,3.0496265079459306,1.0754485130310059,0.17810753758015838,2.1959403749434454,Hammer,2002-08-02,7.3824849128723145,2002-08-09,7.901254177093506,Profit target (+1%),1,0.07027027760214599,0.06886907658311255,8604.505563118124,133544.5512066595
ETR,2003-11-21,10.932629585266113,8.100809058736758,0.4018115997314453,0.3854152327154487,1.1193182098175138,Hammer,2003-11-28,10.945185661315918,2003-12-05,11.102143287658691,Profit target (+1%),1,0.014340334755354123,0.0134205602432783,1792.2426928382952,135336.7938994978
ETR,2009-02-06,17.967369079589844,8.551215832751694,0.8803501129150391,0.30769330765214264,0.4937665538901571,Hammer,2009-02-13,18.05532455444336,2009-05-15,18.356903076171875,Profit target (+1%),13,0.01670302413114455,0.016144699994152467,2184.971933492864,137521.76583299067
ETR,2011-08-12,16.775117874145508,4.477362946737927,1.47174072265625,0.3415066561605773,2.0981231175274035,Hammer,2011-08-19,16.845979690551758,2011-09-02,17.230268478393555,Profit target (+1%),2,0.022811899034719252,0.02221169301222633,3054.591242127073,140576.35707511776
ETR,2013-09-06,18.919185638427734,1.625907321712404,0.5938549041748047,0.36202549534127076,0.7197740081425409,Hammer,2013-09-13,18.89813804626465,2013-09-27,19.048480987548828,Profit target (+1%),2,0.007955436716364561,0.007424319757952224,1043.6838242900599,141620.04089940785
ETR,2014-08-08,22.682506561279297,4.278855815101181,0.7427692413330078,0.16806830583552673,0.9131695029286441,Hammer,2014-08-15,22.673145294189453,2014-08-22,23.01445960998535,Profit target (+1%),1,0.015053681849926948,0.014609409698101967,2068.9851968924213,143689.02609630025
ETR,2022-10-14,43.78229522705078,8.291206831103182,3.651073455810547,0.3920857333610558,1.3622467173840358,Hammer,2022-10-21,44.517765045166016,2022-11-04,47.17508316040039,Profit target (+1%),2,0.05969118423933373,0.0594598765945648,8543.731751135485,152232.7578474357
EW,2012-11-23,14.266651153564453,9.959250900481408,0.4983329772949219,0.2642151796991618,0.5260374761616934,Hammer,2012-11-30,14.214984893798828,2012-12-07,14.479984283447266,Profit target (+1%),1,0.018642256156321535,0.01793246557945643,1793.2465561523964,101793.2465561524
EW,2013-11-08,10.709989547729492,8.552331141236166,0.3666677474975586,0.05000013004611435,0.5357787815772777,Hammer,2013-11-15,10.72498893737793,2013-12-06,10.944988250732422,Profit target (+1%),3,0.0205127776484475,0.019571251618252794,1992.2212393970817,103785.46779554948
EW,2022-05-13,97.55000305175781,2.4775761861489656,7.4900054931640625,0.19492630356615362,0.8586010618897926,Hammer,2022-05-20,96.8499984741211,2022-06-03,100.05999755859375,Profit target (+1%),2,0.03314402824002505,0.03303907010362162,3428.975342805348,107214.44313835482
EW,2023-08-11,79.41000366210938,5.851125844315433,3.4599990844726562,0.349710810590308,0.6798756721516808,Hammer,2023-08-18,79.30000305175781,2023-12-22,76.8499984741211,RSI > 90,18,-0.030895390710611204,-0.031019538275929685,-3325.7425193369418,103888.7006190179
EXC,1994-05-13,2.653201103210449,9.83969008151044,0.1251511573791504,0.300000762017976,0.9840053675917039,Hammer,1994-05-20,2.628170967102051,1994-05-27,2.729156732559204,Profit target (+1%),1,0.03842435165795366,0.03455368701611041,3455.368698155672,103455.36869815568
EXC,1995-03-24,2.6686692237854004,8.970145711770584,0.09293866157531738,0.1428582422854035,0.9178403205698724,Hammer,1995-03-31,2.695223093032837,1995-04-13,2.7748849391937256,RSI > 90,2,0.029556679878120162,0.025798552105058062,2668.9987172383635,106124.36741539405
EXC,1996-03-01,3.19661021232605,4.3601682859871715,0.18306565284729004,0.3846161860717109,1.543364032710473,Hammer,1996-03-08,3.182528257369995,1996-10-11,2.903052568435669,RSI > 90,31,-0.08781561900892021,-0.09081509732973173,-9637.694746247525,96486.67266914652
EXC,1999-01-22,5.0919575691223145,6.853420311563667,0.11667299270629883,0.28571486956486203,0.4666157334652037,Hammer,1999-01-29,5.125292778015137,1999-03-12,5.285360336303711,Profit target (+1%),6,0.0312309101589634,0.029251265918323312,2822.357316997066,99309.02998614359
EXC,2001-07-27,8.179352760314941,4.438828852335249,1.1371979713439941,0.39130403790216434,1.9305593847603186,Hammer,2001-08-03,8.200542449951172,2001-08-10,8.136972427368164,Profit target (+1%),1,-0.0077519289694533144,-0.008965893849400086,-890.3942202522592,98418.63576589135
EXC,2001-08-17,7.816652297973633,9.148973885307257,0.2761664390563965,0.23711286805268983,0.4909889835825568,Hammer,2001-08-24,7.681416034698486,2001-08-31,7.957582950592041,Profit target (+1%),1,0.035952604916340114,0.03462822135726294,3408.06230157306,101826.6980674644
EXC,2010-05-07,15.657919883728027,5.078313546604647,10.339353561401367,0.09733869490457034,7.32412617259327,Hammer,2010-05-14,16.125320434570312,2010-09-10,16.227550506591797,Profit target (+1%),17,0.006339723445266676,0.005717807801500302,582.2254880289381,102408.92355549333
EXC,2011-08-12,16.553150177001953,8.532279600764497,1.066819190979004,0.34294291019192036,1.6942480143086411,Hammer,2011-08-19,16.687297821044922,2011-08-26,17.187305450439453,Profit target (+1%),1,0.029963367032615373,0.029355313129912564,3006.24601526254,105415.16957075585
EXC,2012-09-14,15.390484809875488,3.2035657899243404,0.663752555847168,0.09677512051092321,1.2710591911472067,Hammer,2012-09-21,15.42474365234375,2012-10-26,15.79301929473877,RSI > 90,5,0.02387564102817752,0.023219805232512686,2447.7197035375293,107862.8892742934
EXC,2015-07-02,15.463761329650879,6.8670387441665355,0.5500354766845703,0.3245612514174154,0.8059686831732348,Hammer,2015-07-10,15.415513038635254,2015-07-17,15.854578018188477,Profit target (+1%),1,0.028482021873213803,0.027824299910010994,3001.209377327038,110864.09865162044
EXC,2017-05-05,17.729299545288086,0.560034715377185,0.5266132354736328,0.35294117647058826,0.8433075973686118,Hammer,2017-05-12,17.749950408935547,2017-05-26,18.200138092041016,Profit target (+1%),2,0.025362757232202604,0.024792391584711866,2748.586143708514,113612.68479532897
EXC,2023-02-10,35.753196716308594,3.2147479522623,1.1812362670898438,0.24163421108721347,0.6303550848927598,Hammer,2023-02-17,35.76197814941406,2023-02-24,37.48332977294922,Profit target (+1%),1,0.048133568460428044,0.04784725218848797,5436.054775777244,119048.7395711062
EXC,2023-12-22,32.082645416259766,3.96958758355413,1.610504150390625,0.31638574649915674,0.8536894521976522,Hammer,2023-12-29,32.01895523071289,2024-01-05,32.52849197387695,Profit target (+1%),1,0.01591359678954518,0.015598845912855146,1857.0229428322841,120905.76251393848
EXPD,2012-07-13,31.389368057250977,7.795556387014415,1.8665294647216797,0.3303569695043629,1.0361973325339946,Hammer,2012-07-20,31.314376831054688,2012-08-24,31.781005859375,RSI > 90,5,0.014901431085083905,0.014579760982585685,1457.9760968005926,101457.97609680059
EXPD,2019-08-16,65.82389068603516,9.388195963616667,2.3498687744140625,0.3803936338075727,0.6904117362347113,Hammer,2019-08-23,66.8099136352539,2019-09-13,67.59320068359375,Profit target (+1%),3,0.011724114068103253,0.01157356952612791,1174.2309391623144,102632.2070359629
EXPD,2022-02-25,99.89996337890625,0.6347405713680558,6.884422302246094,0.24242454466368557,1.1128745397107747,Hammer,2022-03-04,98.8473892211914,2022-03-25,100.42151641845703,Profit target (+1%),3,0.015924823201381555,0.01582285678260879,1623.9347115891605,104256.14174755207
EXPE,2008-09-19,13.940855979919434,6.265498234677537,2.679973602294922,0.15838515726529062,1.5782345435916507,Hammer,2008-09-26,13.72446060180664,2009-04-09,8.431097030639648,RSI > 90,28,-0.3856882776486088,-0.38627617828402744,-38627.61778977512,61372.38221022489
EXPE,2009-07-10,12.126463890075684,5.110161755343441,1.2317886352539062,0.29054121013545736,0.8105207607709778,Hammer,2009-07-17,12.126463890075684,2009-07-24,13.874273300170898,Profit target (+1%),1,0.14413182820142856,0.14324812123595854,8791.478438598402,70163.86064882329
EXPE,2017-11-10,115.96656036376953,5.936250651005366,8.019882202148438,0.37844350455011594,0.9616482250482711,Hammer,2017-11-17,115.91854095458984,2017-11-24,119.67990112304688,Profit target (+1%),1,0.03244830496900852,0.03236064165712923,2270.5475494667735,72434.40819829007
EXPE,2018-02-16,99.98999786376953,6.889203694192361,6.412452697753906,0.28228313620696427,0.7421454704621037,Hammer,2018-02-23,99.89371490478516,2018-03-02,102.62815856933594,Profit target (+1%),1,0.02737353062860004,0.027272059176611893,1975.4354648311923,74409.84366312127
EXPE,2022-07-15,91.21853637695312,4.678808027621855,5.304206848144531,0.32029837478945905,0.33206410096088107,Hammer,2022-07-22,93.13477325439453,2022-07-29,98.804443359375,Profit target (+1%),1,0.06087597474998896,0.06076534124172823,4521.539537411672,78931.38320053293
EXPE,2022-12-23,85.3710708618164,8.153954525422492,5.995628356933594,0.3344314947083383,0.5308983746904079,Hammer,2022-12-30,85.73654174804688,2023-01-13,93.1644058227539,Profit target (+1%),2,0.08663591886567135,0.08651423713028804,6828.688396403853,85760.07159693677
EXR,2022-05-13,149.57723999023438,2.7252829421874196,9.778518676757812,0.09311612012265057,0.9719436806815388,Hammer,2022-05-20,149.29306030273438,2022-08-05,158.6841278076172,RSI > 90,11,0.06290357693679627,0.0628344901860122,6283.449012317771,106283.44901231777
EXR,2022-09-30,146.856689453125,4.1939530666984695,6.5771331787109375,0.17065509153464073,0.7029382981170149,Hammer,2022-10-07,148.75286865234375,2022-11-04,151.33779907226562,Profit target (+1%),4,0.017377348372105805,0.017309540955709985,1839.717711753111,108123.16672407088
EXR,2022-12-23,126.11132049560547,8.04281571666887,4.4064788818359375,0.3535803700356323,0.4537559581655892,Hammer,2022-12-30,126.05122375488281,2023-01-20,130.0171661376953,Profit target (+1%),3,0.03146294232354774,0.031382364670108236,3393.160644028543,111516.32736809943
EXR,2023-06-02,126.67527770996094,6.982822340305532,6.453025817871094,0.37768721381017745,0.8252792116481483,Hammer,2023-06-09,126.36302947998047,2023-07-07,130.39566040039062,Profit target (+1%),4,0.03191305983249659,0.03183266318992037,3549.8616857357465,115066.18905383519
EXR,2024-02-16,127.02334594726562,4.752981839631573,7.4202423095703125,0.33373501160822794,1.0130577149083984,Hammer,2024-02-23,126.42217254638672,2024-03-08,128.01927185058594,Profit target (+1%),2,0.012633063267546873,0.012553466728973188,1444.4795744725793,116510.66862830777
EXR,2025-04-11,126.5263671875,6.125740675422875,16.804649353027344,0.2778401530178392,2.096550120162569,Hammer,2025-04-17,126.93278503417969,2025-04-25,132.09326171875,Profit target (+1%),1,0.04065519151085151,0.0405748113785307,4727.398398452684,121238.06702676046
EXR,2025-11-21,127.00702667236328,7.786693694580336,5.004547119140625,0.3638978833946179,0.7390624212166274,Hammer,2025-11-28,127.21955871582031,2025-12-05,127.770263671875,Profit target (+1%),1,0.004328775870735768,0.004250004570756303,515.2623384981287,121753.32936525859
F,1994-12-02,3.1220147609710693,6.687919246017998,0.11456918716430664,0.37500052025021957,0.6179876041282865,Hammer,1994-12-09,3.136336088180542,1995-01-06,3.207941770553589,Profit target (+1%),4,0.02283099781394493,0.019611299346428263,1961.1299326816963,101961.1299326817
F,2002-10-11,3.6152453422546387,2.968733104302345,0.803870439529419,0.23243240678155114,1.3858828202559563,Hammer,2002-10-18,3.6195905208587646,2002-11-01,3.832507610321045,Profit target (+1%),2,0.05882352941176472,0.05598345200500154,5708.136018253876,107669.26595093556
F,2003-02-28,3.697705030441284,1.9004731189786952,0.1999959945678711,0.28888923327817806,0.4763456639767789,Hammer,2003-03-07,3.7243714332580566,2003-04-25,4.302137851715088,RSI > 90,7,0.15513125605509348,0.15224185325005787,16391.768570052016,124061.03452098757
F,2004-02-06,6.562123775482178,5.744998996089549,0.4089841842651367,0.22471907492345827,0.9008037402901532,Hammer,2004-02-13,6.484003067016602,2004-02-20,6.617267608642578,Profit target (+1%),1,0.020552819029941327,0.01899591360227984,2356.652690813484,126417.68721180105
F,2011-03-11,7.244875431060791,6.253250646513834,0.3682985305786133,0.3561649865739314,0.6927482434903242,Hammer,2011-03-18,7.30037260055542,2011-04-01,7.5627217292785645,Profit target (+1%),2,0.03593640257528574,0.03454295112941379,4366.839986883922,130784.52719868497
F,2013-12-13,8.752792358398438,9.545850494611798,0.3112812042236328,0.3389838297559451,0.8520357421710253,Hammer,2013-12-20,8.821378707885742,2014-04-11,8.551719665527344,RSI > 90,16,-0.03056880917235083,-0.0316844599142956,-4143.837105293001,126640.69009339197
F,2018-12-28,5.338161945343018,3.4993570769203046,0.4306068420410156,0.36507915415348907,1.103667000546104,Hammer,2019-01-04,5.365501880645752,2019-01-11,5.543212890625,Profit target (+1%),1,0.03312104141092198,0.03122818196631601,3954.7585106215192,130595.4486040135
F,2022-05-13,10.176614761352539,5.331736440778272,1.5227231979370117,0.3316828365663738,1.2098084880309323,Hammer,2022-05-20,10.169075965881348,2022-06-03,10.312302589416504,Profit target (+1%),2,0.014084526855311363,0.013094714840141753,1710.110157179835,132305.5587611933
F,2023-08-25,9.968966484069824,1.2832138109577471,0.40177154541015625,0.31250118683655836,0.5595121678118402,Hammer,2023-09-01,10.002448081970215,2023-09-08,10.144742012023926,Profit target (+1%),1,0.014225910385898599,0.013219546978420703,1749.0195478007763,134054.5783089941
FANG,2019-08-09,74.1617660522461,5.9940094787672535,8.90679931640625,0.2797935982566865,1.3679964190039777,Hammer,2019-08-16,73.88487243652344,2019-08-23,76.29471588134766,Profit target (+1%),1,0.032616195512749746,0.0324786518867773,3247.865185429865,103247.86518542985
FAST,2009-07-10,2.590003252029419,8.507240818393242,0.13305091857910156,0.22085955531344525,0.489704014204545,Hammer,2009-07-17,2.4708290100097656,2009-07-24,2.701831340789795,Profit target (+1%),1,0.09349183203054445,0.08926397173896823,8926.397164970425,108926.39716497043
FAST,2012-04-27,8.260388374328613,3.963617600325236,0.4364891052246094,0.1746043190617271,1.0660543483902825,Hammer,2012-05-04,8.24300479888916,2012-07-20,7.516397476196289,RSI > 90,11,-0.0881483561420211,-0.0893073343982629,-9727.926166682086,99198.47099828835
FAST,2014-07-25,8.283093452453613,8.327537070475287,0.15821456909179688,0.38383966244725737,0.43449576461485434,Hammer,2014-08-01,8.261998176574707,2014-08-29,8.388569831848145,Profit target (+1%),4,0.015319738950355433,0.014100844439975143,1398.7822068314676,100597.2532051198
FAST,2022-02-25,23.096416473388672,6.052259895529517,1.2385940551757812,0.11272752471588285,1.0218482525749373,Hammer,2022-03-04,22.970306396484375,2022-03-11,24.330507278442383,Profit target (+1%),1,0.05921561769703643,0.058767480992750164,5911.847159742907,106509.10036486272
FAST,2024-05-31,31.611366271972656,6.217753981618799,1.0348644256591797,0.11111070153547857,0.8396020993430237,Hammer,2024-06-07,31.577829360961914,2024-07-26,32.65581512451172,RSI > 90,7,0.03413742443242351,0.03381539226089388,3601.647004591102,110110.74736945382
FCX,1995-09-01,6.228224754333496,9.961694190918905,0.2650308609008789,0.12499955020600564,,Hammer,1995-09-08,6.294482231140137,1995-09-22,6.559513092041016,Profit target (+1%),2,0.042105267942407654,0.04048441626522705,4048.441622474263,104048.44162247426
FCX,2002-07-26,4.181436061859131,2.2605051344715434,0.9891257286071777,0.39358602972405293,2.1458758581653536,Hammer,2002-08-02,4.181436061859131,2002-08-09,4.31120491027832,Profit target (+1%),1,0.031034516969629777,0.028608784811107738,2976.6994733317724,107025.14109580604
FCX,2002-09-27,3.7373387813568115,2.6044735253116045,0.41814351081848145,0.165516891404539,0.8965274769348619,Hammer,2002-10-04,3.9795737266540527,2002-11-22,3.9766898155212402,RSI > 90,7,-0.0007246784029899533,-0.0032334477955892034,-346.0602062027973,106679.08088960324
FCX,2006-06-16,15.924073219299316,7.149819231844802,2.175961494445801,0.21212134493248558,1.1135933596159542,Hammer,2006-06-23,15.792197227478027,2006-06-30,16.599939346313477,Profit target (+1%),1,0.05114817825539797,0.05049896556636251,5387.183227108093,112066.26411671132
FCX,2008-07-11,38.460323333740234,8.933486166637095,4.258899688720703,0.3781296884306885,1.0967140714302601,Hammer,2008-07-18,38.95294952392578,2009-01-16,9.960713386535645,RSI > 90,26,-0.7442885966717989,-0.7444497590813551,-83427.70323940557,28638.560877305757
FCX,2009-07-10,16.868833541870117,6.3159914720374815,1.8047924041748047,0.30861702903413646,0.7140523440709485,Hammer,2009-07-17,16.832664489746094,2009-07-24,20.673725128173828,Profit target (+1%),1,0.22819088687756972,0.22752921824524985,6516.109361566267,35154.67023887202
FCX,2013-06-28,22.8455810546875,4.087862954071426,1.1720657348632812,0.1270740439381611,0.6870932454763174,Hammer,2013-07-05,23.68129539489746,2013-08-02,24.12868881225586,Profit target (+1%),4,0.01889226961185564,0.01846609653667595,649.1695336968503,35803.83977256888
FCX,2014-02-07,27.573505401611328,6.424100474101351,1.6535587310791016,0.05154791387187825,1.0811666843694703,Hammer,2014-02-14,27.616125106811523,2014-02-21,28.81793785095215,Profit target (+1%),1,0.04351851461754119,0.043148595125356355,1544.88538473482,37348.72515730369
FCX,2014-10-03,28.036020278930664,0.42110637671744655,1.3445491790771484,0.3096771173348881,1.0509389884086036,Hammer,2014-10-10,28.15746307373047,2015-05-08,21.21672248840332,RSI > 90,30,-0.246497369708087,-0.2468086888256127,-9217.989876164309,28130.735281139387
FCX,2018-10-26,10.480998992919922,3.2091813926480626,1.3762006759643555,0.3973511677688453,1.1442150076306254,Hammer,2018-11-02,10.645049095153809,2018-11-09,11.118972778320312,Profit target (+1%),1,0.04452057279681876,0.04356070840815259,1225.3947556632484,29356.130036802635
FDS,2022-01-28,392.695068359375,3.561148286699833,24.529144287109375,0.3449216256869183,1.2038221088980545,Hammer,2022-02-04,393.5239562988281,2022-02-11,399.8218078613281,Profit target (+1%),1,0.016003731060575177,0.01597811663374852,1597.8116617770402,101597.81166177703
FDS,2022-05-13,354.99169921875,5.676253254801267,15.915985107421875,0.313737333064895,0.6947744103075428,Hammer,2022-05-20,354.103759765625,2022-06-03,371.3216857910156,Profit target (+1%),2,0.04862395710451328,0.04859503062499816,4937.148764199701,106534.96042597674
FDS,2023-05-19,381.4804382324219,9.303546791835473,13.687225341796875,0.3126980198571693,0.6537038278760793,Hammer,2023-05-26,381.7403869628906,2023-06-23,403.7013854980469,RSI > 90,4,0.05752862229191136,0.05750167332680855,6125.938486173052,112660.89891214979
FDS,2025-10-10,279.1972961425781,7.023633996520857,16.561737060546875,0.36707911441970165,0.7596156892153774,Hammer,2025-10-17,280.380615234375,2025-12-12,285.2886657714844,RSI > 90,8,0.017504956728219723,0.017468979401867885,1968.0709205241942,114628.96983267397
FDS,2026-02-13,203.7394256591797,1.0112199095154182,19.226486206054688,0.24356303476036625,0.8569932682449662,Hammer,2026-02-20,199.0664825439453,2026-03-06,212.5479278564453,Profit target (+1%),2,0.06772333112142004,0.06767139692912148,7757.10250936607,122386.07234204003
FDX,1991-09-20,5.789839744567871,2.0699220975007364,0.21961498260498047,0.3636373505643057,0.6115479038702268,Hammer,1991-09-27,5.789839744567871,1991-10-18,5.92959451675415,Profit target (+1%),3,0.024137934442382436,0.022391434087182898,2239.1434064791465,102239.14340647915
FDX,2000-12-22,24.616003036499023,5.136760731229984,1.9485836029052734,0.2852462610816753,0.8518791469272691,Hammer,2000-12-29,24.117677688598633,2001-01-05,25.203771591186523,Profit target (+1%),1,0.04503310462189858,0.04460922276039435,4560.808718490724,106799.95212496987
FDX,2003-03-14,31.939498901367188,3.948662775549465,1.6482830047607422,0.36964966586628867,0.8754933701349116,Hammer,2003-03-21,31.939498901367188,2003-03-28,36.140377044677734,RSI > 90,1,0.13152611305153328,0.1311924834460679,14011.350937184605,120811.30306215447
FDX,2004-05-14,45.68459701538086,7.69091182797473,1.1131591796875,0.2774564096940454,0.5975578812882629,Hammer,2004-05-21,45.52373504638672,2004-06-04,47.23530197143555,Profit target (+1%),2,0.037597242917454254,0.03737347245240161,4515.137902417035,125326.44096457152
FDX,2008-01-11,54.766014099121094,2.689749911760444,3.0563125610351562,0.38805957109014794,0.93219240841852,Hammer,2008-01-18,55.31993103027344,2008-02-01,58.656463623046875,Profit target (+1%),2,0.06031339032124872,0.06012718915009912,7535.526613849996,132861.96757842152
FDX,2011-08-12,53.60561752319336,3.619029418810399,4.515983581542969,0.23156377815207824,1.2833545126183283,Hammer,2011-08-19,54.08518600463867,2011-10-28,53.310157775878906,RSI > 90,10,-0.01432976912926387,-0.014513320932053153,-1928.2683732014043,130933.69920522011
FDX,2015-08-28,104.01854705810547,5.005209548882519,16.188209533691406,0.3048461675136593,2.925043525637083,Hammer,2015-09-04,103.64340209960938,2015-10-16,106.01124572753906,Profit target (+1%),6,0.02284606236346831,0.02274848024828903,2978.542667226824,133912.24187244693
FDX,2022-02-25,161.961669921875,0.7468540194005726,11.982391357421875,0.15243009481992364,1.2315641366376293,Hammer,2022-03-04,159.36404418945312,2022-03-25,160.30355834960938,Profit target (+1%),3,0.00589539607214884,0.005832463668736694,781.038284739089,134693.280157186
FDX,2022-09-09,155.56324768066406,8.49160686832397,9.434844970703125,0.36119853409712094,0.8066116133282479,Hammer,2022-09-16,156.4486846923828,2022-12-09,133.59823608398438,RSI > 90,12,-0.1460571474495176,-0.14611639638495158,-19680.896694155825,115012.38346303017
FDX,2025-02-07,199.8803253173828,4.404788000286786,10.131393432617188,0.27889169858322127,0.87504272937595,Hammer,2025-02-14,200.6920928955078,2025-02-21,209.92587280273438,Profit target (+1%),1,0.046009684656755256,0.045958712077752345,5285.821011667627,120298.20447469779
FE,1990-04-06,3.097221612930298,4.622765174536966,0.09926986694335938,0.2000009606886216,0.7095968702503569,Hammer,1990-04-12,3.0773677825927734,1990-05-18,3.1170756816864014,Profit target (+1%),5,0.012903202314080486,0.0096380124595771,963.8012449939088,100963.8012449939
FE,1993-05-21,4.787223815917969,8.567073445690838,0.27570390701293945,0.2727272727272727,1.5956077726602012,Hammer,1993-05-28,4.762159824371338,1993-06-04,4.912543773651123,Profit target (+1%),1,0.03157893788237942,0.02944813147696355,2973.1952905034013,103936.9965354973
FE,1993-10-15,5.036802768707275,7.629057870851838,0.18080806732177734,0.28571240196000863,1.2759770204952552,Hammer,1993-10-22,5.01097297668457,1994-07-29,4.0197906494140625,RSI > 90,40,-0.19780236929681227,-0.19959882796901815,-20745.702670359453,83191.29386513785
FE,1994-09-16,4.0712432861328125,7.441479093309653,0.08365583419799805,0.33333523332896337,0.5152003571950573,Hammer,1994-09-23,4.0712432861328125,1994-09-30,4.182784080505371,Profit target (+1%),1,0.027397231394272303,0.024910386168066893,2072.327253929391,85263.62111906723
FE,1999-02-05,9.035737037658691,4.693513068827826,0.44066619873046875,0.16666666666666666,1.1891304422802427,Hammer,1999-02-12,9.054329872131348,1999-05-14,9.111742973327637,RSI > 90,13,0.006340955322712727,0.005233621235290546,446.23749764028025,85709.85861670753
FE,2002-07-12,10.567903518676758,3.045253776812558,1.1310138702392578,0.3750002108007562,1.6837871541129394,Hammer,2002-07-19,10.30282211303711,2002-08-09,10.999441146850586,Profit target (+1%),3,0.06761439013219306,0.06661145548340952,5709.2584260268795,91419.11704273442
FE,2002-09-27,10.859936714172363,6.633047805139867,0.8656463623046875,0.3966944880224216,1.0434612142186364,Hammer,2002-10-04,10.709700584411621,2002-11-01,11.299914360046387,Profit target (+1%),4,0.05511020322023241,0.0541511889262584,4950.453873502387,96369.5709162368
FE,2003-01-31,11.28857135772705,7.4692731374161525,0.38714027404785156,0.3457947608795259,0.5530126391529577,Hammer,2003-02-07,11.27048110961914,2003-03-28,11.63184928894043,RSI > 90,7,0.03206324342382061,0.031162145180797428,3003.0825568998416,99372.65347313664
FE,2017-01-27,20.21068572998047,7.1948388359441395,0.5054340362548828,0.3600019623159857,0.5374180223076878,Hammer,2017-02-03,20.3117733001709,2017-02-17,20.818096160888672,Profit target (+1%),2,0.024927555720283268,0.024429216853721562,2427.596098597386,101800.24957173402
FE,2017-09-29,21.534292221069336,2.3628297847933055,0.9219989776611328,0.22727263324044825,1.2282421235354086,Hammer,2017-10-06,21.597156524658203,2017-10-13,21.918458938598633,Profit target (+1%),1,0.014877070209385668,0.014410710041152013,1467.0138772281543,103267.26344896217
FE,2024-12-20,37.44170379638672,8.689129823618188,1.4773406982421875,0.3757965895123891,1.187551172763538,Hammer,2024-12-27,37.4040641784668,2025-02-14,38.241920471191406,Profit target (+1%),7,0.02240014049614847,0.022129831657246662,2285.2871535447875,105552.55060250695
FFIV,2011-03-11,111.0,8.494426928869942,9.400001525878906,0.3755317240724403,0.8595074560313314,Hammer,2011-03-18,110.08999633789062,2011-04-29,106.38999938964844,RSI > 90,6,-0.03360883887111843,-0.03369814316407171,-3369.8143130373564,96630.18568696265
FFIV,2017-05-05,128.57000732421875,9.983383786945623,4.700004577636719,0.36808383884786516,0.8174172546716766,Hammer,2017-05-12,128.5800018310547,2017-06-30,130.39999389648438,Profit target (+1%),7,0.01415455000398147,0.014076230039704058,1360.188721148816,97990.37440811147
FFIV,2020-03-20,100.13999938964844,3.45670932188915,25.209999084472656,0.38952796713398347,2.5070725210295346,Hammer,2020-03-27,100.7699966430664,2020-04-03,111.70999908447266,Profit target (+1%),1,0.10856408460701283,0.1084594671842966,10627.98378686552,108618.35819497699
FFIV,2021-05-14,181.27000427246094,1.1740721077073317,10.430007934570312,0.33557021451529606,0.8918724729346554,Hammer,2021-05-21,179.77999877929688,2021-05-28,185.60000610351562,Profit target (+1%),1,0.03237294117107847,0.03231641885400612,3510.156355153188,112128.51455013017
FFIV,2023-05-05,133.22000122070312,8.941530194328266,4.850006103515625,0.32164857637250277,0.5529734767688794,Hammer,2023-05-12,133.6699981689453,2023-05-19,137.63999938964844,Profit target (+1%),1,0.029700017020165115,0.02962409781145666,3321.706079164692,115450.22062929487
FICO,2025-07-18,1541.6199951171875,8.100500710841487,90.0849609375,0.2944987370863009,0.5301373627836286,Hammer,2025-07-25,1545.72998046875,2025-09-19,1553.030029296875,RSI > 90,8,0.00472271931085344,0.00470267208364233,470.26720794099674,100470.267207941
FICO,2026-01-23,1544.68994140625,7.136659953491005,79.179931640625,0.3510996821050749,0.5876740521378447,Hammer,2026-01-30,1545.0,2026-06-05,1256.9300537109375,RSI > 90,18,-0.18645303966929616,-0.18647109025294,-18734.800247390318,81735.46696055068
FIS,2007-08-17,19.762107849121094,5.438103343565615,3.0017356872558594,0.3890406119303026,2.5097587129119794,Hammer,2007-08-24,19.762107849121094,2009-02-20,13.094552040100098,RSI > 90,78,-0.3373909230698552,-0.33781147247182647,-33781.147213401506,66218.85278659848
FIS,2011-03-18,23.48050308227539,9.784441908891012,0.8431682586669922,0.2609944736383728,0.9672590950754938,Hammer,2011-03-25,23.70087242126465,2011-04-01,24.361974716186523,Profit target (+1%),1,0.027893584808664107,0.027465865138876777,1818.7580784690908,68037.61086506757
FIS,2011-05-27,24.20999526977539,3.4411990472699756,0.6459026336669922,0.3058803032137468,0.7876165838823627,Hammer,2011-06-03,24.339176177978516,2012-01-27,21.24213981628418,RSI > 90,34,-0.1272449132644209,-0.1276295545587173,-8683.609959264308,59354.000905803274
FIS,2014-10-17,43.211273193359375,2.2349924105992187,2.4109649658203125,0.3187921268314294,1.7855518083622053,Hammer,2014-10-24,42.903831481933594,2014-10-31,45.05590057373047,Profit target (+1%),1,0.05016030078113398,0.04992140353900754,2963.0350279101895,62317.03593371346
FIS,2021-06-11,128.46852111816406,3.0553907504500444,4.1746063232421875,0.3026313384773399,0.7272929262526201,Hammer,2021-06-18,128.62730407714844,2021-07-23,129.976806640625,Profit target (+1%),5,0.010491571545860445,0.0104134227641074,648.933639934897,62965.96957364835
FIS,2022-03-11,79.74034881591797,6.504251622508988,6.411277770996094,0.33533966649173724,0.8915134839886638,Hammer,2022-03-18,80.47224426269531,2022-03-25,84.68507385253906,Profit target (+1%),1,0.052351337140434495,0.052223825857217375,3288.323826656735,66254.29340030508
FIS,2022-05-13,86.1310043334961,5.368034566615435,5.12322998046875,0.16027859517030224,0.7820205236686187,Hammer,2022-05-20,85.20275115966797,2022-05-27,89.5137710571289,Profit target (+1%),1,0.050597191273579645,0.05047686200990565,3344.308822186693,69598.60222249175
FIS,2024-11-29,81.4150619506836,4.479836433424012,1.9852676391601562,0.35095863773139696,0.620729940733818,Hammer,2024-12-06,81.62503814697266,2025-02-14,80.11133575439453,RSI > 90,10,-0.01854458419795868,-0.018665952229922265,-1299.1241830552685,68299.47803943648
FISV,2002-07-26,8.042499542236328,4.174733955864497,0.6949996948242188,0.24460453372852517,0.8601655602829166,Hammer,2002-08-02,8.21500015258789,2002-08-16,8.524999618530273,Profit target (+1%),2,0.0377357833456311,0.03649628471696981,3649.628468047352,103649.62846804736
FISV,2003-03-14,7.340000152587891,6.694851257171763,0.7600002288818359,0.2993419649198537,1.0538468686733873,Hammer,2003-03-21,7.34499979019165,2003-03-28,8.399999618530273,Profit target (+1%),1,0.14363510666772883,0.14217685145149855,14736.577814968008,118386.20628301537
FISV,2007-08-10,11.760000228881836,0.6008369115496919,1.0625,0.32235268985523896,1.5784327937026825,Hammer,2007-08-17,11.824999809265137,2007-08-24,12.104999542236328,Profit target (+1%),1,0.02367862473467497,0.02282330831144478,2701.9648831175964,121088.17116613298
FISV,2010-05-28,11.887499809265137,9.825389995878723,0.6099996566772461,0.35245946491023733,0.9616398420266938,Hammer,2010-06-04,11.822500228881836,2010-06-25,12.3125,Profit target (+1%),3,0.041446374424346955,0.040583366039261826,4914.165568545799,126002.33673467877
FISV,2011-03-18,15.005000114440918,9.044896470155408,0.5900001525878906,0.1567791678789642,1.0226230410053205,Hammer,2011-03-25,15.102499961853027,2011-04-01,15.40250015258789,Profit target (+1%),1,0.019864273563491075,0.019195776367176825,2418.7126752818904,128421.04940996067
FISV,2011-08-12,13.7524995803833,4.007235035702152,1.2799997329711914,0.2695315148449124,1.8572067352966595,Hammer,2011-08-19,13.792499542236328,2011-10-21,14.262499809265137,Profit target (+1%),9,0.03407651133788625,0.03333939353436293,4281.479900093065,132702.52931005374
FISV,2012-11-16,18.387500762939453,9.537540546160727,0.5450000762939453,0.3761465963455905,0.9692704795162043,Hammer,2012-11-23,18.49250030517578,2012-11-30,18.88249969482422,Profit target (+1%),1,0.021089597578066943,0.02054328332905118,2726.1456553720063,135428.67496542577
FISV,2016-10-28,49.165000915527344,9.493021235029843,3.9850006103515625,0.30740233036326253,2.2590653448484463,Hammer,2016-11-04,49.2400016784668,2016-11-18,50.415000915527344,Profit target (+1%),2,0.023862696933546035,0.023657207784601692,3203.8643004464984,138632.53926587227
FITB,1999-06-04,21.062015533447266,9.652156795110841,1.4325275421142578,0.2702710979326469,1.0654562141146258,Hammer,1999-06-11,21.21688461303711,1999-07-30,21.458696365356445,RSI > 90,7,0.011397137550097636,0.01092324063325308,1092.324062232984,101092.32406223298
FITB,2003-02-07,25.83932113647461,3.7449554889193877,0.9382724761962891,0.3822005387000051,0.5265634670644506,Hammer,2003-02-14,25.844234466552734,2003-02-21,26.418987274169922,Profit target (+1%),1,0.022239111332975403,0.021847950984697162,2208.660138832128,103300.98420106509
FITB,2003-03-14,24.650516510009766,6.415381047435488,2.2547988891601562,0.31808277024169235,1.3373401835719476,Hammer,2003-03-21,24.512969970703125,2003-03-28,26.124242782592773,Profit target (+1%),1,0.0657314398791895,0.06531017102162333,6746.604938126968,110047.58913919204
FITB,2005-06-17,21.55839729309082,4.026246412078635,0.42525672912597656,0.32926976950712467,0.5002317200272763,Hammer,2005-06-24,21.480606079101562,2005-07-15,22.2642765045166,Profit target (+1%),3,0.03648269618320832,0.03600877827540397,3962.6792330932412,114010.26837228528
FITB,2006-09-22,21.000822067260742,7.675919123834731,0.43581581115722656,0.23749961705610237,0.6114294492850801,Hammer,2006-09-29,21.087984085083008,2006-10-20,21.442028045654297,Profit target (+1%),3,0.016788895474448395,0.016310824451557755,1859.6014712357314,115869.86984352102
FITB,2007-03-16,21.86903953552246,6.32871955531445,1.2893562316894531,0.38793095796708255,1.8718754097482924,Hammer,2007-03-23,21.86903953552246,2007-03-30,22.31364631652832,Profit target (+1%),1,0.020330421017515254,0.019868610930325794,2302.1733601662354,118172.04320368725
FITB,2011-03-11,8.576706886291504,5.495665284464621,0.40135765075683594,0.32307641129702935,0.6671834791478777,Hammer,2011-03-18,8.521134376525879,2011-03-25,8.78664779663086,Profit target (+1%),1,0.031159398311616737,0.02996826097515653,3541.4106271541614,121713.45383084142
FITB,2012-11-16,9.075783729553223,2.921901288085209,0.3604564666748047,0.37499933856484446,0.867491501977651,Hammer,2012-11-23,9.20451831817627,2012-11-30,9.50060749053955,Profit target (+1%),1,0.03216780738852898,0.031064509834205344,3780.9687797023034,125494.42261054371
FITB,2016-01-29,11.044581413269043,2.128594601787526,0.7409658432006836,0.16981204928445387,0.9308921081810253,Hammer,2016-02-05,11.023611068725586,2016-03-11,11.932341575622559,RSI > 90,5,0.0824349209375752,0.08149081523470798,10226.642795715536,135721.06540625927
FITB,2018-10-26,19.327600479125977,4.82021598383524,1.7414264678955078,0.24463504740917122,1.5790370257923325,Hammer,2018-11-02,19.581714630126953,2018-11-09,20.493534088134766,Profit target (+1%),1,0.04656484251920179,0.04604240553036365,6248.924326199074,141969.9897324583
FOX,2022-05-13,29.51970672607422,0.681342560516299,2.8415088653564453,0.2417945332464295,1.3634618684913324,Hammer,2022-05-20,29.47245979309082,2022-06-03,30.918209075927734,Profit target (+1%),2,0.04905424565803762,0.04870668276421279,4870.668271550612,104870.6682715506
FOX,2022-10-21,26.29679298400879,9.57567917760916,1.4858016967773438,0.3141023995234843,0.7962242703167854,Hammer,2022-10-28,26.515851974487305,2022-11-18,27.3920955657959,Profit target (+1%),3,0.033046028170306885,0.03266273617989002,3425.362967337057,108296.03123888765
FOXA,2022-05-13,32.08062744140625,0.8986153795286356,3.008747100830078,0.22712986148530856,1.2861210562865548,Hammer,2022-05-20,32.033172607421875,2022-06-03,33.54228973388672,Profit target (+1%),2,0.04711107279193416,0.046791592792578954,4679.159274578737,104679.15927457875
FOXA,2026-02-27,56.064979553222656,8.836416181883038,4.045158386230469,0.1869618846978633,1.0550858541609929,Hammer,2026-03-06,55.547515869140625,2026-03-13,59.029998779296875,Profit target (+1%),1,0.06269376507061653,0.06250811247389808,6543.296655065164,111222.45592964391
FRT,2018-09-28,93.0962142944336,7.319061148678713,2.6426467895507812,0.3286909927622215,0.8296388566783065,Hammer,2018-10-05,93.2581558227539,2018-11-16,94.81135559082031,RSI > 90,6,0.01665484111672133,0.016546724743040395,1654.6724726493676,101654.67247264937
FRT,2022-09-30,77.44850158691406,6.94852968537235,4.0477447509765625,0.2823789077667158,0.7538802974758043,Hammer,2022-10-07,79.24462890625,2022-11-04,84.1861343383789,RSI > 90,4,0.06235760707485838,0.06222748926638814,6325.715033844275,107980.38750649364
FRT,2022-12-23,87.95027923583984,7.238277253074088,3.6137466430664062,0.2473245633480485,0.6954432133502452,Hammer,2022-12-30,87.98464965820312,2023-01-13,90.67860412597656,Profit target (+1%),2,0.03061845990452583,0.030503070283826535,3293.733346091667,111274.1208525853
FSLR,2010-05-28,112.36000061035156,9.501620097652363,13.300003051757812,0.34887205450943004,0.9583367716938432,Hammer,2010-06-04,112.22000122070312,2010-06-25,125.5,Profit target (+1%),3,0.11833896484441397,0.1182445857425292,11824.458562428463,111824.45856242845
FSLR,2010-11-26,126.22000122070312,4.064595203528057,5.029998779296875,0.1848907616048731,0.49383807821047226,Hammer,2010-12-03,127.44999694824219,2010-12-10,131.97000122070312,Profit target (+1%),1,0.035464922563289925,0.03538507222508023,3956.916538805106,115781.37510123357
FSLR,2011-06-10,117.08999633789062,2.8376859127590848,8.089996337890625,0.2966628692572041,0.7387320952908364,Hammer,2011-06-17,118.4800033569336,2011-06-24,121.2699966430664,Profit target (+1%),1,0.02354822085654118,0.02346282826830119,2716.5585179514474,118497.93361918502
FSLR,2011-10-28,53.9900016784668,6.679749185971588,18.490001678466797,0.3785829834808563,1.455764958979035,Hammer,2011-11-04,52.20000076293945,2012-08-10,17.1299991607666,RSI > 90,40,-0.6718391013333389,-0.671966307623853,-79626.61883551357,38871.31478367144
FTNT,2022-01-28,56.432003021240234,5.290705045976253,5.582000732421875,0.3077746827692156,0.9662517717888951,Hammer,2022-02-04,56.432003021240234,2022-02-11,62.28328323364258,Profit target (+1%),1,0.10368726784693427,0.10350089302587458,10350.089292237368,110350.08929223736
FTV,2016-10-14,29.927043914794922,9.585318048322335,1.4037761688232422,0.3706906273650342,0.6023052611128316,Hammer,2016-10-21,29.987552642822266,2016-11-04,30.38085174560547,Profit target (+1%),2,0.013115411833294122,0.012779809286254074,1277.9809273474266,101277.98092734744
FTV,2020-03-13,36.6501579284668,1.2860749756578826,7.114658355712891,0.36826223214740506,2.563428032369901,Hammer,2020-03-20,32.729270935058594,2020-04-09,34.23258590698242,Profit target (+1%),3,0.04593181971290172,0.045619313620468546,4620.231970152263,105898.2128974997
GD,1997-10-31,11.391783714294434,5.602476845014138,0.8574466705322266,0.11224471637129657,1.5525072248998315,Hammer,1997-11-07,11.46177864074707,1997-11-21,11.654267311096191,Profit target (+1%),2,0.01679396159901536,0.015914554214960464,1591.455419904591,101591.4554199046
GD,2005-12-09,35.86323165893555,4.695439638528086,1.0652732849121094,0.3194034126515192,1.0017811890766994,Hammer,2005-12-16,35.85369110107422,2005-12-23,36.3402214050293,Profit target (+1%),1,0.013569880506403509,0.013289115952723684,1350.0606295310104,102941.51604943561
GD,2007-08-10,50.35999298095703,8.559226020535519,6.377239227294922,0.31562878531842287,2.893517485118755,Hammer,2007-08-17,51.71491241455078,2007-09-21,52.65293502807617,Profit target (+1%),5,0.018138339015371985,0.017943236370684606,1847.103952984542,104788.62000242015
GD,2010-06-11,44.6093635559082,7.19046524500834,2.438385009765625,0.2096312937259859,0.8941198104253875,Hammer,2010-06-18,44.989280700683594,2010-06-25,46.95795440673828,Profit target (+1%),1,0.04375872819911031,0.043531615030906065,4561.61786100364,109350.23786342378
GD,2012-08-03,46.39098358154297,8.127406171428433,2.2423553466796875,0.34098363444591884,1.097864597643124,Hammer,2012-08-10,46.63359832763672,2012-08-24,48.11869812011719,Profit target (+1%),2,0.031846133383199415,0.031628304566914206,3458.5626241503187,112808.80048757409
GDDY,2025-11-21,127.05999755859375,8.800358481959435,8.0,0.3600006103515625,0.9344295964442374,Hammer,2025-11-28,127.11000061035156,2025-12-12,128.13999938964844,Profit target (+1%),2,0.008103208043042098,0.00802422038625878,802.4220378234561,100802.42203782345
GE,1990-09-28,9.463715553283691,1.1478404977827523,0.9984645843505859,0.26086902535516915,1.6339393297087998,Hammer,1990-10-05,9.463715553283691,1990-10-26,9.37689208984375,Profit target (+1%),3,-0.009174352605073377,-0.010225617497440179,-1022.5617487214563,98977.43825127855
GE,1994-04-22,18.47051239013672,0.5588374478150229,0.6253032684326172,0.3846156192521329,1.0051050799912358,Hammer,1994-04-29,18.446462631225586,1994-06-03,18.759113311767578,Profit target (+1%),5,0.016949085946307507,0.016402530606425485,1623.4804586387045,100600.91870991727
GE,1996-07-19,33.62912368774414,4.867715620546207,2.4569225311279297,0.3124998544407224,1.7526919444253017,Hammer,1996-07-26,33.424381256103516,1996-08-09,35.1135139465332,Profit target (+1%),2,0.050535944928561394,0.050229248264148305,5053.108516428729,105654.027226346
GE,1997-10-31,54.15462112426758,6.56191321068124,7.1228485107421875,0.3382352941176471,1.9610704838393864,Hammer,1997-11-07,55.41159439086914,1997-11-14,57.50654983520508,Profit target (+1%),1,0.037807167748292514,0.03762330520764497,3975.0537087785942,109629.0809351246
GE,2001-01-12,119.77009582519531,5.7031289748915555,10.649871826171875,0.38461566014757503,1.023826884784687,Hammer,2001-01-19,119.77009582519531,2001-01-26,122.88314056396484,Profit target (+1%),1,0.025991836420612202,0.025907261583812437,2840.1892741390284,112469.27020926362
GE,2001-03-23,105.21176147460938,2.1264773567363733,14.943809509277344,0.37147823956011977,1.4909889360801467,Hammer,2001-03-30,106.55354309082031,2001-04-06,109.23711395263672,Profit target (+1%),1,0.02518518656417723,0.02509015968374982,2821.871946243359,115291.14215550697
GE,2001-08-10,112.36273193359375,3.2950106239332797,4.223175048828125,0.28749864508436607,0.4797094838651796,Hammer,2001-08-17,112.17796325683594,2002-03-08,106.49217224121094,RSI > 90,29,-0.05068545417077286,-0.05077233521265468,-5853.600510715623,109437.54164479134
GE,2003-02-14,61.41110610961914,5.401619917758509,4.152351379394531,0.2236838478880382,0.7680522600528081,Hammer,2003-02-21,61.57501983642578,2003-02-28,65.42687225341797,Profit target (+1%),1,0.06255543931978647,0.062387969786259385,6827.58603479016,116265.1276795815
GE,2009-06-26,40.26250076293945,5.175388109610211,2.6727447509765625,0.3589740296070472,0.46245396214848705,Hammer,2009-07-02,40.50236129760742,2009-07-31,41.7016716003418,Profit target (+1%),4,0.029610873645661284,0.02936034993729958,3413.5848307637434,119678.71251034524
GE,2010-06-11,54.31901168823242,6.732824738576809,2.862567901611328,0.37804785415875425,0.6741231945967832,Hammer,2010-06-18,55.05210876464844,2010-06-25,56.94740295410156,Profit target (+1%),1,0.034427276847025734,0.03424252075262708,4098.100792685085,123776.81330303031
GE,2011-08-12,57.50489044189453,5.637066153259568,4.7437896728515625,0.35114462074888464,1.2237741249171932,Hammer,2011-08-19,58.5550422668457,2011-09-23,58.4219970703125,Profit target (+1%),5,-0.002272139023090314,-0.002442709926358611,-302.35085020599786,123474.46245282433
GE,2015-07-02,111.25321960449219,9.576710699591132,2.0771713256835938,0.37999845735127213,0.5879746523504421,Hammer,2015-07-10,110.21463775634766,2015-07-24,112.66569519042969,Profit target (+1%),2,0.022238946513625457,0.022147209732972097,2734.6148138740737,126209.0772666984
GE,2017-02-10,129.4284210205078,5.692822963776877,2.39520263671875,0.23636062482480952,0.6448515493268555,Hammer,2017-02-17,130.1251983642578,2017-02-24,132.43331909179688,Profit target (+1%),1,0.017737692288299023,0.017660164638389403,2228.87308116023,128437.95034785864
GE,2017-05-19,123.13001251220703,7.286712394822331,5.179801940917969,0.19491639012736273,1.368952206960934,Hammer,2017-05-26,123.92015075683594,2017-06-23,128.19700622558594,RSI > 90,4,0.034512994397031704,0.03443090803353032,4422.235252020018,132860.18559987866
GE,2017-11-24,81.32608032226562,7.495854226347532,3.04022216796875,0.3676472064403445,0.5254362514199713,Hammer,2017-12-01,81.99671936035156,2018-01-12,84.04845428466797,RSI > 90,6,0.02502215869515023,0.02489868432324118,3308.0438170705684,136168.22941694924
GE,2018-06-22,59.76032638549805,3.3120025249918967,2.8391876220703125,0.2903210636914263,0.640589212995441,Hammer,2018-06-29,59.66873550415039,2018-07-06,61.729434967041016,Profit target (+1%),1,0.03453566504266359,0.03436519342329422,4679.447537341515,140847.67695429077
GEN,2004-12-23,9.019186973571777,8.002284115204404,0.8603239059448242,0.23966900007205288,1.0139814724603209,Hammer,2004-12-31,9.17560863494873,2005-05-27,7.906452655792236,RSI > 90,21,-0.13831845163082046,-0.1393323721792263,-13933.237203989396,86066.76279601062
GEN,2007-03-09,5.986720561981201,4.795179483909109,0.2275238037109375,0.3906260478841124,0.5636342303607734,Hammer,2007-03-16,5.986720561981201,2007-03-30,6.217799186706543,Profit target (+1%),2,0.03859853192293827,0.03689735234452266,3175.6356688612223,89242.39846487183
GEN,2007-12-21,5.990275859832764,9.710699530602255,0.34128570556640625,0.3333333333333333,0.842301426138157,Hammer,2007-12-28,5.9013991355896,2008-02-08,6.598190784454346,RSI > 90,6,0.1180722796163034,0.11627924782908992,10377.038957582186,99619.43742245402
GEN,2008-09-26,7.039018154144287,4.033638038630315,0.426607608795166,0.39166678775536207,0.8918827056393613,Hammer,2008-10-03,6.996357440948486,2008-12-26,4.721119403839111,RSI > 90,12,-0.3252032298682733,-0.32639928133704743,-32515.712749374252,67103.72467307976
GEN,2011-08-12,5.968945503234863,2.186618484621576,0.526148796081543,0.2635130603744379,1.3972215854510521,Hammer,2011-08-19,5.993831157684326,2011-09-23,6.1502532958984375,Profit target (+1%),5,0.02609718794190119,0.02440844463951082,1637.8975471499461,68741.62222022972
GEN,2013-06-07,7.888677597045898,3.1273164365533006,0.4088320732116699,0.32173952597613903,1.0073868739361596,Hammer,2013-06-14,7.881567478179932,2013-07-05,8.067222595214844,Profit target (+1%),3,0.023555608392479943,0.022272695633544472,1531.0612275362128,70272.68344776594
GEN,2016-01-22,7.440931797027588,9.409546785234397,0.6993789672851562,0.3661202260306101,1.7837122479960188,Hammer,2016-01-29,7.42946720123291,2016-02-05,7.521188735961914,Profit target (+1%),1,0.012345640978640215,0.010992251699684845,772.4550232976653,71045.1384710636
GEN,2017-11-17,13.698973655700684,2.4088307987394444,0.46776580810546875,0.3285788847025819,0.5628253825580565,Hammer,2017-11-24,13.679430961608887,2017-12-01,13.972561836242676,Profit target (+1%),1,0.021428586865671173,0.020689999856632696,1469.923903310832,72515.06237437444
GEN,2018-12-28,9.18946647644043,9.779478949413232,0.7352561950683594,0.34343400279128167,0.8403264918292652,Hammer,2019-01-04,9.21422290802002,2019-01-11,9.600417137145996,Profit target (+1%),1,0.041912837683776294,0.04080541634357453,2959.0073084076184,75474.06968278205
GEN,2022-05-06,22.572355270385742,1.6593482847608527,1.8368606567382812,0.38805911256391196,1.1603826400399573,Hammer,2022-05-13,22.19767189025879,2022-06-03,22.846511840820312,Profit target (+1%),3,0.029230090154015675,0.028773111349801383,2171.623808833733,77645.69349161578
GEV,2025-11-07,574.0662231445312,7.079742670189958,54.06982421875,0.3348715401634533,1.0759571160118084,Hammer,2025-11-14,585.2355346679688,2025-12-05,588.90869140625,Profit target (+1%),3,0.006276373392748891,0.006256310628997068,625.6310623366444,100625.63106233664
GILD,2010-06-11,11.849272727966309,0.060672591660747344,0.7377920150756836,0.21395471484467402,0.924852821826219,Hammer,2010-06-18,11.92133617401123,2010-06-25,12.408621788024902,Profit target (+1%),1,0.04087508370714055,0.04001946675406733,4001.9466714047867,104001.94667140477
GILD,2014-10-17,69.14649200439453,9.342176356101206,8.812313079833984,0.2975081111382865,2.0968386250151614,Hammer,2014-10-24,69.4210205078125,2014-10-31,76.02339172363281,Profit target (+1%),1,0.09510622528341095,0.09495533760398205,9875.539947779038,113877.48661918381
GILD,2016-01-22,63.77608108520508,4.895267414307767,4.819843292236328,0.200288406821407,1.1092791129389683,Hammer,2016-01-29,63.56772994995117,2016-04-01,64.25093078613281,RSI > 90,9,0.010747604747244344,0.01058945929664552,1205.9010081522406,115083.38762733604
GILD,2017-11-17,52.61426544189453,6.198043850485945,2.425891876220703,0.2844309070295141,0.9081184634982808,Hammer,2017-11-24,52.59247589111328,2017-12-08,54.807735443115234,Profit target (+1%),2,0.04212122579260957,0.04192709848980703,4825.112522766845,119908.50015010287
GILD,2021-10-22,56.58834457397461,4.496323455209108,1.5190658569335938,0.1911359218912444,0.7506995771640377,Hammer,2021-10-29,56.58834457397461,2021-11-26,57.81706237792969,Profit target (+1%),4,0.021713266454523206,0.02153464887310308,2582.1874450507057,122490.68759515358
GIS,1994-01-21,4.3974175453186035,4.396407343343924,0.12906455993652344,0.07143068260747484,0.7206776621238661,Hammer,1994-01-28,4.3881988525390625,1994-06-03,4.025802135467529,RSI > 90,18,-0.08258438809395485,-0.08476664261539293,-8476.66425306263,91523.33574693737
GIS,1996-06-21,5.262643814086914,7.0750353213569355,0.21927690505981445,0.38888828483637305,0.9629260250519299,Hammer,1996-06-28,5.250461578369141,1996-07-05,5.323554039001465,Profit target (+1%),1,0.0139211495106355,0.012005122612256409,1098.7488664259445,92622.08461336332
GIS,1997-03-21,6.173792362213135,1.3102226135833632,0.13747310638427734,0.3636360483104522,0.6179126651162551,Hammer,1997-03-27,6.123802185058594,1997-04-04,6.248777866363525,Profit target (+1%),1,0.020408183923683598,0.018759894320823464,1737.5805173834842,94359.66513074681
GIS,1998-05-01,7.066736698150635,2.015061743672007,0.2338261604309082,0.30555561220223953,0.877332463956676,Hammer,1998-05-08,7.066736698150635,1998-05-29,7.2745819091796875,Profit target (+1%),3,0.029411766690478958,0.027976891600162646,2639.8901201506606,96999.55525089748
GIS,2000-07-21,7.839108943939209,2.817408925744857,0.5549812316894531,0.2,1.2016112057559183,Hammer,2000-07-28,7.755861759185791,2000-09-29,7.700363636016846,RSI > 90,9,-0.007155635942481253,-0.008439542566445283,-818.6318746475783,96180.92337624989
GIS,2003-10-17,10.764477729797363,4.344683448381005,0.39226722717285156,0.398772737660519,1.1216300196058522,Hammer,2003-10-24,10.757258415222168,2003-12-12,11.009944915771484,RSI > 90,7,0.023489860594196443,0.022549774516291025,2168.8581327342417,98349.78150898415
GIS,2008-12-26,16.123605728149414,4.847793021294635,0.4833507537841797,0.30682082749639916,0.42632666165635413,Hammer,2009-01-02,16.09614372253418,2009-01-09,16.617942810058594,Profit target (+1%),1,0.03241764589824769,0.03178650512933015,3126.195831277628,101475.97734026177
GIS,2013-10-04,30.487525939941406,2.7290162946539596,0.4132804870605469,0.36922991720433085,0.4505678518696296,Hammer,2013-10-11,30.46209144592285,2013-10-18,30.891084671020508,Profit target (+1%),1,0.014082855271418726,0.013752321118060927,1395.5302247568238,102871.5075650186
GIS,2016-09-23,45.078399658203125,4.707813107385874,1.6873893737792969,0.3801654387245981,1.0457092361353002,Hammer,2016-09-30,44.93894577026367,2017-08-11,40.47212600708008,RSI > 90,45,-0.09939752004906421,-0.09960896148432068,-10246.924024631018,92624.58354038758
GIS,2021-01-15,46.28471755981445,1.0420045080122122,2.2302894592285156,0.15867081040678552,1.0462560683725268,Hammer,2021-01-22,46.597450256347656,2021-02-05,47.83192825317383,Profit target (+1%),2,0.02649239368323597,0.02627497030930012,2433.708180001264,95058.29172038885
GIS,2023-10-06,55.92072677612305,0.05692155105406016,2.7157363891601562,0.2882497043182182,1.1275681913195335,Hammer,2023-10-13,56.019161224365234,2023-10-27,56.35026931762695,Profit target (+1%),2,0.0059106221161644434,0.0057316001925624745,544.8361225844044,95603.12784297326
GL,1990-02-16,3.880906820297241,0.8772010871183227,0.28521108627319336,0.24999958203136102,,Hammer,1990-02-23,3.8401622772216797,1990-03-09,4.06425666809082,Profit target (+1%),2,0.0583554482055042,0.05567889608649621,5567.889603081732,105567.88960308173
GL,1991-05-17,4.353514194488525,2.910980970159841,0.1690683364868164,0.12499929490469931,0.8532352535006992,Hammer,1991-05-24,4.332380771636963,1991-05-31,4.554283142089844,Profit target (+1%),1,0.05121949850429153,0.048854915353190746,5157.510305416034,110725.39990849775
GL,1998-10-09,10.424854278564453,2.88905150903382,1.317220687866211,0.3571429605721377,1.5314749161555543,Hammer,1998-10-16,10.349584579467773,1998-10-23,11.459813117980957,Profit target (+1%),1,0.10727276346103132,0.10625520802590575,11765.150389263883,122490.55029776164
GL,1999-04-01,11.074050903320312,6.746525951931517,0.8337602615356445,0.3333329520589389,1.091280501610576,Hammer,1999-04-09,11.13818645477295,1999-04-23,11.706092834472656,Profit target (+1%),2,0.05098732922147731,0.05006704159210566,6132.739470265204,128623.28976802684
GL,2001-12-14,13.542659759521484,5.939086834624632,0.7735633850097656,0.36529698942229455,1.135374233895157,Hammer,2001-12-21,13.454353332519531,2001-12-28,13.825240135192871,Profit target (+1%),1,0.02756630463813492,0.026813086316813617,3448.787367453846,132072.0771354807
GL,2002-06-28,13.555368423461914,2.2104641771155684,0.7203502655029297,0.26108305906463564,1.269110765947743,Hammer,2002-07-05,13.484396934509277,2002-08-30,13.25007438659668,RSI > 90,8,-0.01737731016452948,-0.01811219204970968,-2392.1148230897825,129679.96231239093
GL,2003-02-14,12.703897476196289,5.41515998186361,0.7327795028686523,0.2682921750447373,1.0996049561887693,Hammer,2003-02-21,12.703897476196289,2003-02-28,12.95411491394043,Profit target (+1%),1,0.019696115952839044,0.018901516688923464,2451.147969415475,132131.11028180638
GL,2011-08-12,21.10359764099121,3.369372031644488,2.615327835083008,0.36830405816866435,2.141785200531993,Hammer,2011-08-19,21.25537872314453,2011-09-23,21.191164016723633,Profit target (+1%),5,-0.0030211038465749462,-0.003490751852887271,-461.2369175790311,131669.87336422733
GL,2014-10-03,47.718624114990234,4.484092180779939,1.0521507263183594,0.3336584304696989,0.8694605794030538,Hammer,2014-10-10,47.88188552856445,2014-11-14,48.42610168457031,RSI > 90,5,0.011365804625241838,0.011155792449421135,1468.881777624003,133138.75514185132
GLW,1992-06-12,6.074051380157471,9.06797407779969,0.2694973945617676,0.384615792928587,0.7499311471381367,Hammer,1992-06-19,6.05332088470459,1992-06-26,6.177704334259033,Profit target (+1%),1,0.020547968945233475,0.0188803881027871,1888.0388083906714,101888.03880839066
GLW,1993-08-13,5.407942295074463,1.1265732063873486,0.42249536514282227,0.1999995485515842,1.4630427955369383,Hammer,1993-08-20,5.407942295074463,1993-09-17,5.479883670806885,Profit target (+1%),4,0.013302911127203831,0.011443198976790402,1165.9251002734318,103053.9639086641
GLW,1995-10-06,4.777357578277588,6.79620866000171,0.7777090072631836,0.3714283612123798,2.551506149231243,Hammer,1995-10-13,4.777357578277588,1995-11-24,4.888458728790283,Profit target (+1%),6,0.023255774492968007,0.02114044147847015,2178.606290956882,105232.57019962098
GLW,1996-07-26,6.524186611175537,4.075990579078805,0.24832534790039062,0.18181713443015807,0.7987862796020445,Hammer,1996-08-02,6.479036331176758,1996-08-09,6.907961845397949,Profit target (+1%),1,0.06620205417852443,0.06460875492120549,6798.94533095692,112031.51553057789
GLW,1997-01-31,7.31946325302124,6.344618733534318,0.4622817039489746,0.3333329895046288,1.208093746925906,Hammer,1997-02-07,7.29378080368042,1997-02-21,7.781744956970215,Profit target (+1%),2,0.06690140085421392,0.06548547848550013,7336.4373926391945,119367.95292321708
GLW,2001-02-23,21.513484954833984,7.3857760367718015,3.026144027709961,0.17130654726450945,0.365454420008602,Hammer,2001-03-02,21.869882583618164,2002-01-11,7.101307392120361,RSI > 90,45,-0.6752928432528641,-0.6755956350853878,-80644.46788335904,38723.485039858024
GLW,2002-02-08,4.8992509841918945,8.207535754112868,0.9576992988586426,0.06122410367045883,0.7386978775526293,Hammer,2002-02-15,5.11424446105957,2002-11-01,1.3290520906448364,RSI > 90,37,-0.7401273832793118,-0.7413579092156136,-28707.96187798327,10015.523161874753
GLW,2006-06-16,14.417608261108398,5.577697858365838,1.641770362854004,0.309523961659486,1.1365466646121525,Hammer,2006-06-23,14.463213920593262,2006-07-07,15.47303295135498,Profit target (+1%),2,0.0698198226414879,0.06910452363015124,692.1179563159828,10707.641118190737
GLW,2007-08-10,15.277584075927734,9.081877770858597,1.035879135131836,0.3647797178783242,1.0840076919523236,Hammer,2007-08-17,15.694540977478027,2007-09-14,16.445491790771484,Profit target (+1%),4,0.0478478991116138,0.04719569918358734,505.3546086745863,11212.995726865322
GLW,2009-09-04,10.259635925292969,8.751945313212602,0.7701435089111328,0.39130510157834647,0.8393803242658832,Hammer,2009-09-11,10.313211441040039,2009-09-18,10.554299354553223,Profit target (+1%),1,0.02337660920572282,0.02239612115274607,251.12761053297217,11464.123337398292
GLW,2010-02-12,12.017622947692871,5.722503717277434,0.5844240188598633,0.33333496515250166,0.6840090101769204,Hammer,2010-02-19,12.138538360595703,2010-02-26,12.286324501037598,Profit target (+1%),1,0.01217495352831266,0.011346457379258825,130.077186708279,11594.200524106573
GLW,2012-08-03,7.898536682128906,0.6865338971494026,0.647763729095459,0.22580585796111624,1.1299757855265185,Hammer,2012-08-10,7.947292804718018,2012-08-17,8.065701484680176,Profit target (+1%),1,0.014899247186647369,0.013632380324054661,158.0565509399181,11752.257075046491
GLW,2018-10-26,25.01483154296875,3.2234533015877815,3.040250778198242,0.32439630180549534,2.157651852194141,Hammer,2018-11-02,25.50387954711914,2018-11-09,26.889516830444336,Profit target (+1%),1,0.05433045120704838,0.05392778153129633,633.7731514089655,12386.030226455458
GLW,2023-08-18,29.99314308166504,9.010272619867777,0.7276725769042969,0.3589735524625829,0.47134968006210903,Hammer,2023-08-25,29.98381233215332,2023-09-08,30.86219024658203,Profit target (+1%),2,0.029295071110313042,0.028956729089856473,358.65892140758547,12744.689147863042
GLW,2023-10-27,25.019075393676758,0.21830858482013582,1.8724327087402344,0.33165833752676493,1.321400270713277,Hammer,2023-11-03,25.179031372070312,2023-11-10,26.31754493713379,Profit target (+1%),1,0.04521673404507398,0.044810679767299896,571.0981835675748,13315.787331430618
GM,2014-02-07,26.805967330932617,6.358755315133337,1.5626277923583984,0.16864587491013308,1.1206719144988362,Hammer,2014-02-14,26.657499313354492,2014-02-28,27.24394989013672,Profit target (+1%),2,0.02199945951000859,0.021620275354062538,2162.027533244226,102162.02753324424
GM,2014-10-17,23.036466598510742,9.273535271724356,1.6378440856933594,0.3395357178625414,1.248648183601561,Hammer,2014-10-24,23.021230697631836,2014-11-07,23.88205337524414,Profit target (+1%),2,0.03739255684974552,0.036950149973951595,3774.9022352214442,105936.92976846569
GM,2015-05-08,27.369247436523438,5.004126674978863,0.9066276550292969,0.3418817084408016,0.7336606293299563,Hammer,2015-05-15,27.353748321533203,2015-05-29,27.46998405456543,Profit target (+1%),2,0.004249353019773361,0.003883062623468433,411.35973201756985,106348.28950048325
GM,2018-08-17,32.429988861083984,5.675815859814946,1.3103923797607422,0.20408050385503834,0.6848751456444742,Hammer,2018-08-24,32.6528434753418,2018-12-07,35.143943786621094,RSI > 90,15,0.07629045578099447,0.07597257036131752,8079.552898801676,114427.84239928494
GM,2022-02-25,45.55514144897461,6.78131780093851,4.211666107177734,0.19726319965436756,0.9440151120887464,Hammer,2022-03-04,44.41218185424805,2022-08-05,34.634586334228516,RSI > 90,22,-0.2201557120545813,-0.22035606743662525,-25214.869331149494,89212.97306813544
GM,2022-12-30,32.45602798461914,2.224291272872989,1.1963577270507812,0.1895139947324452,0.3932416082516234,Hammer,2023-01-06,32.817832946777344,2023-01-13,35.24431610107422,Profit target (+1%),1,0.07393794581842283,0.07362201666794686,6568.038983651322,95781.01205178678
GM,2024-12-20,51.04719161987305,9.959811887061079,2.6159133911132812,0.3032011852785142,0.7830787621853921,Hammer,2024-12-27,50.731903076171875,2025-01-03,52.94877624511719,Profit target (+1%),1,0.04369781211670243,0.043496410603384834,4166.130224046139,99947.14227583291
GNRC,2024-12-27,155.6699981689453,3.831744303128289,4.7799072265625,0.26358313966851393,0.3976147584949513,Hammer,2025-01-03,153.86000061035156,2025-01-10,160.97999572753906,Profit target (+1%),1,0.046275803255836356,0.04620930743823213,4620.930739202282,104620.93073920229
GOOG,2014-12-19,25.521791458129883,7.950626912062617,1.6854686737060547,0.1979469734776857,1.5719418699840175,Hammer,2014-12-26,25.508447647094727,2015-01-02,26.30472183227539,Profit target (+1%),1,0.031216097357118278,0.030818029615460398,3081.8029584642372,103081.80295846424
GOOG,2018-11-02,52.42726516723633,2.4156578292320035,5.016273498535156,0.38780717057063724,1.732509031282963,Hammer,2018-11-09,52.28898239135742,2018-11-16,52.605690002441406,Profit target (+1%),1,0.006056870809104442,0.00586506510039055,604.5814844124425,103686.38444287669
GOOG,2019-06-07,52.836158752441406,1.2873890112769004,2.2759361267089844,0.1180326604907957,0.8066727351807664,Hammer,2019-06-14,53.18012619018555,2019-06-21,53.83931350708008,Profit target (+1%),1,0.012395369550969315,0.012206181754144795,1265.6148526742695,104951.99929555095
GOOG,2022-12-30,87.95453643798828,8.664275837636865,3.1025466918945312,0.24601322490452643,0.40794018584545355,Hammer,2023-01-06,89.044921875,2023-01-20,91.96913146972656,Profit target (+1%),2,0.03283971205939773,0.03272557160484941,3434.6141645840435,108386.613460135
GOOG,2024-08-16,163.48606872558594,3.9836901512252325,7.3635101318359375,0.29784178625084184,0.7987070424441307,Hammer,2024-08-23,165.72885131835938,2024-10-11,168.0735321044922,Profit target (+1%),7,0.014147692254432798,0.014086927731185746,1526.8343893140518,109913.44784944905
GOOGL,2008-02-08,12.816123962402344,2.4113501448253487,0.7245330810546875,0.29647321146515593,0.6739993702580966,Hammer,2008-02-15,12.911125183105469,2008-02-22,13.268802642822266,Profit target (+1%),1,0.02770304327812001,0.02691809306490507,2691.8093037986982,102691.80930379868
GOOGL,2008-09-12,10.855841636657715,6.775833389719409,1.1548871994018555,0.3281785849063615,1.2148579774646389,Hammer,2008-09-19,10.51701545715332,2008-09-26,11.264368057250977,Profit target (+1%),1,0.07106128189526739,0.07007712572750237,7196.34682457065,109888.15612836934
GOOGL,2012-01-27,14.385986328125,5.4184666707788836,0.5980310440063477,0.3600172864430592,0.754410963454278,Hammer,2012-02-03,14.338114738464355,2012-02-10,14.758795738220215,Profit target (+1%),1,0.029340049750565367,0.028632623195471184,3146.386164922321,113034.54229329166
GOOGL,2014-12-19,25.773460388183594,6.47080705220516,1.396615982055664,0.18914164830947694,1.2821973473528951,Hammer,2014-12-26,25.80171012878418,2015-01-02,26.7874698638916,Profit target (+1%),1,0.03820520927439297,0.03781031097098582,4273.871190298536,117308.41348359018
GOOGL,2018-11-02,53.10361862182617,3.067523923264446,5.036834716796875,0.3674112525523033,1.663632058165501,Hammer,2018-11-09,53.1551628112793,2018-12-07,56.11045837402344,Profit target (+1%),4,0.05559752630683401,0.055404186273846814,6499.377185634896,123807.79066922507
GOOGL,2019-06-07,52.94898986816406,1.4703500436318535,2.299610137939453,0.14008616042028502,0.7991219397171077,Hammer,2019-06-14,53.3766975402832,2019-06-28,55.5078010559082,Profit target (+1%),2,0.03992572815162765,0.03973465838219848,4919.460262376939,128727.250931602
GOOGL,2022-12-30,87.45452117919922,8.282094693227307,2.9736328125,0.23666615353037768,0.3920894120975801,Hammer,2023-01-06,88.797607421875,2023-01-20,91.2508544921875,Profit target (+1%),2,0.02762740057462576,0.027513235717340535,3541.7031945847066,132268.9541261867
GOOGL,2024-08-16,161.7130889892578,3.8581674310669314,7.2937469482421875,0.28571368798940594,0.7860412335637498,Hammer,2024-08-23,164.0153350830078,2024-10-11,166.6575164794922,Profit target (+1%),7,0.01610935584253248,0.016047896714467113,2122.638512224994,134391.5926384117
GPC,1999-10-01,10.96738052368164,9.823332533892767,0.5758523941040039,0.3636368153024469,0.8779479337582516,Hammer,1999-10-08,11.019730567932129,1999-10-15,11.360007286071777,Profit target (+1%),1,0.030878860063046076,0.02995780405739166,2995.780402743386,102995.78040274337
GPC,2003-02-14,13.755647659301758,2.1248098226443375,0.6937627792358398,0.365516871648455,0.9653458372027909,Hammer,2003-02-21,13.99487590789795,2003-03-28,14.992141723632812,RSI > 90,5,0.07125935394482918,0.07051961190441011,7263.2224545300905,110259.00285727346
GPC,2003-11-21,15.294547080993652,7.262003764458271,0.3888864517211914,0.2911395198846428,0.8070098835530924,Hammer,2003-11-28,15.333928108215332,2003-12-05,15.496374130249023,Profit target (+1%),1,0.010593894851160801,0.00993850554342475,1095.809710013688,111354.81256728714
GPC,2005-10-14,21.970848083496094,3.8140256310379357,0.45543479919433594,0.3448293191612328,0.6203644026336129,Hammer,2005-10-21,22.002256393432617,2005-10-28,22.405344009399414,Profit target (+1%),1,0.01832028537250907,0.017861727465678212,1988.9893120795728,113343.80187936671
GPC,2019-05-03,82.4124984741211,7.318937058634404,3.2885971069335938,0.3950928329656206,0.9986272871943604,Hammer,2019-05-10,81.33917236328125,2019-06-14,83.40394592285156,RSI > 90,5,0.0253847377540124,0.0252602429881975,2863.0919738158273,116206.89385318256
GPC,2022-02-25,108.369873046875,2.392882287506822,9.620307922363281,0.28557765436142346,1.6190898245506422,Hammer,2022-03-04,106.77232360839844,2022-03-11,108.4180908203125,Profit target (+1%),1,0.015413799721640808,0.015319425104839395,1780.2228052696287,117987.11665845219
GPC,2022-03-11,107.5870361328125,1.6908249840038678,5.154350280761719,0.39622493490884275,0.8767545819627264,Hammer,2022-03-18,108.79825592041016,2022-03-25,114.04985809326172,Profit target (+1%),1,0.04826917608581249,0.04817504888535507,5684.03510717899,123671.15176563118
GPC,2023-06-02,139.60232543945312,5.1101030642624465,11.352035522460938,0.28012129570263195,1.5606687221686641,Hammer,2023-06-09,139.72976684570312,2023-06-16,142.34246826171875,Profit target (+1%),1,0.01869824501246553,0.01862601179912202,2303.500329694156,125974.65209532533
GPC,2023-10-06,131.97116088867188,3.0010071198316552,5.9316558837890625,0.39227549731566586,1.036618882014421,Hammer,2023-10-13,132.3009490966797,2023-10-20,136.1210174560547,Profit target (+1%),1,0.028874081293124076,0.028797407715890982,3627.7434146288606,129602.3955099542
GPC,2024-05-31,133.8704376220703,4.263820693917452,6.1297760009765625,0.243940446230095,0.9970595577977102,Hammer,2024-06-07,134.6134490966797,2025-02-21,118.12372589111328,RSI > 90,37,-0.12249684794662274,-0.12256658219050431,-15884.922645472128,113717.47286448209
GPC,2025-04-11,110.35557556152344,5.436955007301563,10.858406066894531,0.13932996213550417,1.6013205993265067,Hammer,2025-04-17,111.49504089355469,2025-05-09,114.76022338867188,Profit target (+1%),3,0.02928545044648656,0.029194451132307616,3319.919201111721,117037.39206559381
GPN,2021-05-14,189.2871551513672,4.962949517778952,10.341659545898438,0.28048944228780187,0.9297413752045053,Hammer,2021-05-21,187.8027801513672,2021-12-31,129.17095947265625,RSI > 90,32,-0.3121988962647638,-0.31224383053485577,-31224.3830222612,68775.6169777388
GPN,2022-03-11,121.60929870605469,5.91582697087766,7.791374206542969,0.23229905868505754,0.7488732381009339,Hammer,2022-03-18,122.16472625732422,2022-03-25,129.2703399658203,Profit target (+1%),1,0.05816420112569176,0.05807996731981486,3994.4855824726874,72770.1025602115
GPN,2023-10-06,111.33184051513672,6.175019633716872,6.114471435546875,0.3873010446248983,0.9875956272181685,Hammer,2023-10-13,109.7401351928711,2023-12-08,115.49549865722656,RSI > 90,8,0.052445383398154855,0.052351873768785265,3809.651219564099,76579.7537797756
GPN,2024-03-08,126.05625915527344,6.1987899661785235,3.009674072265625,0.3408706056519403,0.5145023242617005,Hammer,2024-03-15,125.9881820678711,2024-03-28,128.5521240234375,Profit target (+1%),2,0.020350654430311366,0.0202704774468719,1552.3081703276362,78132.06195010323
GPN,2024-05-31,99.22724151611328,1.537408971709013,3.8190536499023438,0.32525655701189243,0.6048686065274735,Hammer,2024-06-07,98.77909088134766,2024-07-26,99.00444030761719,RSI > 90,7,0.002281347441638326,0.002180001094793647,170.32798041938213,78302.38993052261
GPN,2025-11-21,72.74700164794922,6.593238837444929,3.7120819091796875,0.31200082211489055,0.644238712188082,Hammer,2025-11-28,72.15306854248047,2025-12-05,74.04376220703125,Profit target (+1%),1,0.026203925941661543,0.026063525570166734,2040.8363401185056,80343.22627064113
GRMN,2019-05-24,66.03471374511719,1.9649884336437964,1.84539794921875,0.2764966098892013,0.6599791703953249,Hammer,2019-05-31,66.13675689697266,2019-06-14,67.63349151611328,Profit target (+1%),2,0.022630904346764735,0.022478003138871556,2247.8003116393547,102247.80031163937
GRMN,2022-02-25,101.36492919921875,5.695099699220066,7.237754821777344,0.3525357159045271,1.0502852267124605,Hammer,2022-03-04,99.7061767578125,2022-03-25,109.00953674316406,Profit target (+1%),3,0.09330775973839156,0.0932027911768016,9529.780371203255,111777.58068284261
GRMN,2025-11-21,189.83758544921875,2.027101953859173,7.5054168701171875,0.26842185514612454,0.5793128451363592,Hammer,2025-11-28,190.31161499023438,2025-12-05,191.5065460205078,Profit target (+1%),1,0.006278812937059897,0.006226103960152084,695.9388370497268,112473.51951989233
GS,2008-01-11,145.495361328125,9.013574308282173,12.430877685546875,0.11425116918506881,0.9545055177672853,Hammer,2008-01-18,146.542236328125,2008-02-08,152.42518615722656,Profit target (+1%),3,0.040145080193323635,0.04007547311197189,4007.5473071896413,104007.54730718964
GS,2008-08-22,117.64716339111328,8.572583689397817,7.427940368652344,0.28443962838757386,0.6181220770632294,Hammer,2008-08-29,116.74903869628906,2008-09-05,123.30830383300781,Profit target (+1%),1,0.05618260509863404,0.0560945489325237,5834.256445940668,109841.8037531303
GS,2008-09-19,95.55473327636719,1.9358802929798884,47.917236328125,0.3318481268055577,3.281168703932488,Hammer,2008-09-26,97.74851989746094,2008-10-03,99.00736999511719,Profit target (+1%),1,0.012878456870516253,0.012775500043029053,1403.2839671712209,111245.08772030153
GS,2011-03-18,120.9705810546875,8.269229011965933,5.475288391113281,0.077347535103817,1.0333458764573635,Hammer,2011-03-25,122.2259521484375,2011-11-04,85.77633666992188,RSI > 90,32,-0.2982150258420514,-0.29828463934600613,-33182.700836482254,78062.38688381926
GS,2015-07-10,166.0880889892578,8.374712251227095,4.6253662109375,0.39167942255416854,0.9055730358230718,Hammer,2015-07-17,167.89173889160156,2015-07-24,170.48899841308594,Profit target (+1%),1,0.015469847049242036,0.015409825935659042,1202.9277927988005,79265.31467661804
GS,2020-03-13,153.0823974609375,0.21507633700058193,30.582794189453125,0.3338041605089923,2.550274916763751,Hammer,2020-03-20,129.8050994873047,2020-04-03,136.968017578125,Profit target (+1%),2,0.055182100850520666,0.05510293974868934,4367.751854418833,83633.06653103686
GS,2025-03-14,528.0938720703125,2.131465451723159,25.755584716796875,0.19144294924279498,0.7459702244747161,Hammer,2025-03-21,527.9183349609375,2025-03-28,560.8577880859375,Profit target (+1%),1,0.062394978434377135,0.06237031839181574,5216.220983154271,88849.28751419114
GWW,1990-08-17,8.709660530090332,3.0034124136658136,0.23297500610351562,0.3076932523373668,0.5635679193239074,Hammer,1990-08-24,8.727581977844238,1990-09-07,9.01431941986084,Profit target (+1%),2,0.03285416771157368,0.031690219767615525,3169.021973592531,103169.02197359253
GWW,1992-06-26,13.651826858520508,9.55129459959447,0.5887584686279297,0.3750012148542661,0.7279235744892415,Hammer,1992-07-02,13.651826858520508,1992-08-07,13.835814476013184,Profit target (+1%),5,0.013477142612444037,0.012739973882302282,1314.3706440918686,104483.3926176844
GWW,1996-01-12,19.8433780670166,7.7897086405262,0.8091487884521484,0.3333333333333333,1.3735931413556557,Hammer,1996-01-19,19.8433780670166,1996-02-02,20.53693199157715,Profit target (+1%),2,0.03495140405117625,0.03443877994728723,3598.2805629081677,108081.67318059257
GWW,1996-08-23,21.144855499267578,9.631028493991195,0.7009353637695312,0.16666757371589042,0.8793204537046797,Hammer,1996-08-30,21.105915069580078,1996-09-13,21.573204040527344,Profit target (+1%),2,0.02214019005604584,0.02166125766884445,2341.184969703465,110422.85815029604
GWW,1997-04-04,23.125484466552734,6.309917913306521,0.9798927307128906,0.3199985985292343,1.0898916671323897,Hammer,1997-04-11,23.360658645629883,1997-05-09,24.37974739074707,Profit target (+1%),4,0.04362414436066553,0.04318683074255726,4768.813280277431,115191.67143057348
GWW,1998-07-24,29.912992477416992,3.8429748225278644,1.9888973236083984,0.3600001917996078,1.4125539333660428,Hammer,1998-07-31,29.912992477416992,1998-11-06,29.497888565063477,RSI > 90,14,-0.01387704398571632,-0.014208971831061035,-1636.7552128931015,113554.91621768037
GWW,1999-10-22,28.239486694335938,5.829796517266132,2.30609130859375,0.33333360903051634,1.063264953480825,Hammer,1999-10-29,28.158571243286133,1999-11-19,30.095548629760742,Profit target (+1%),3,0.06878819844016215,0.06842091756861197,7769.531554271016,121324.4477719514
GWW,2000-03-10,25.836912155151367,6.301983357747872,2.4451332092285156,0.36666682267850487,0.8509862103658242,Hammer,2000-03-17,25.836912155151367,2000-03-24,32.72404098510742,Profit target (+1%),1,0.2665616072307193,0.26612306352048154,32287.23368871514,153611.68146066656
GWW,2001-07-13,26.82010269165039,8.21093307948864,1.4214191436767578,0.3333346751955429,0.7877917039342931,Hammer,2001-07-20,26.893510818481445,2001-07-27,27.92120361328125,Profit target (+1%),1,0.038213411470753966,0.03783454042000604,5811.827365396854,159423.5088260634
GWW,2008-10-10,55.2055778503418,4.426076025352174,8.713920593261719,0.36449383662930734,1.8309967937968192,Hammer,2008-10-17,55.497039794921875,2008-10-24,59.233707427978516,Profit target (+1%),1,0.06733093597180573,0.06714469678639845,10704.4431500453,170127.9519761087
GWW,2011-08-12,107.58594512939453,2.8706242439339746,10.31982421875,0.18112062337355098,1.8811252006379824,Hammer,2011-08-19,109.30459594726562,2011-09-02,115.35551452636719,Profit target (+1%),2,0.0553583179797934,0.05526430252304554,9402.002596231832,179529.95457234053
GWW,2018-10-26,248.23321533203125,0.7481610651818187,12.325820922851562,0.2888565645561628,0.6837363680666476,Hammer,2018-11-02,251.69419860839844,2018-11-09,261.38134765625,Profit target (+1%),1,0.038487772469175674,0.03844727794667143,6902.438056293635,186432.39262863417
HAL,1990-01-19,5.151934623718262,0.0,0.1879124641418457,0.16666624374176883,,Hammer,1990-01-26,5.167593955993652,1990-02-09,5.277209281921387,Profit target (+1%),2,0.021212062491983597,0.019258292217641863,1925.8292198383574,101925.82921983836
HAL,1992-04-03,3.076918125152588,9.725536861712527,0.21505331993103027,0.15384606856548622,0.775946595955991,Hammer,1992-04-10,3.1265459060668945,1992-05-01,3.291971445083618,Profit target (+1%),3,0.052909998441322825,0.049632208397651076,5058.8039918836075,106984.63321172197
HAL,1997-11-28,17.13750648498535,8.516042528704347,0.9509906768798828,0.31264377959578254,0.6439705151304629,Hammer,1997-12-05,17.276512145996094,1997-12-12,17.991403579711914,Profit target (+1%),1,0.04137938419946052,0.0407887589790072,4363.770414166647,111348.4036258886
HAL,1998-06-05,14.973037719726562,7.202980409217872,0.9782381057739258,0.10204073674369271,0.6966075477836776,Hammer,1998-06-12,15.05289363861084,1998-11-06,11.794364929199219,RSI > 90,21,-0.21647191481201056,-0.21706413844168695,-24169.745275740977,87178.65835014763
HAL,2001-09-28,7.529212951660156,5.4318109108665595,1.202003002166748,0.11111150781324691,0.9033458433124235,Hammer,2001-10-05,7.429046154022217,2001-10-12,7.806341648101807,Profit target (+1%),1,0.05078653251808318,0.04940721196368458,4307.25444750813,91485.91279765576
HAL,2002-06-28,5.431897163391113,7.1743823347922415,0.6883583068847656,0.3366338965580302,1.0140028996138626,Hammer,2002-07-05,5.384189128875732,2002-11-08,5.909870147705078,RSI > 90,18,0.09763420382283505,0.09568805371225211,8754.108928942387,100240.02172659816
HAL,2007-11-30,27.0601806640625,9.816226702534493,2.1012821197509766,0.19924896317160112,1.1618043087385364,Hammer,2007-12-07,27.030614852905273,2007-12-14,27.77715492248535,Profit target (+1%),1,0.02761831625520128,0.027243326019675416,2730.871589386189,102970.89331598436
HAL,2008-08-01,33.94488525390625,6.559277549276416,2.367900848388672,0.30094034291826893,0.8814682226217232,Hammer,2008-08-08,33.94488525390625,2009-04-24,13.581868171691895,RSI > 90,37,-0.5998846933757438,-0.6000908966215209,-61791.89563411614,41178.997681868226
HAL,2010-06-04,17.674646377563477,3.816384718454316,2.3250064849853516,0.33881554390458196,1.0146060978977482,Hammer,2010-06-11,17.728181838989258,2010-06-18,19.066591262817383,Profit target (+1%),1,0.07549614709414731,0.07491094581274772,3084.7576608849367,44263.75534275316
HAL,2012-03-30,25.80465316772461,6.177603337609668,1.4772148132324219,0.38421094764785935,0.6031760025108318,Hammer,2012-04-05,25.656932830810547,2012-08-03,26.007150650024414,RSI > 90,17,0.013650026740269716,0.013257684892908475,586.8349199241804,44850.590262677346
HAL,2016-01-22,24.652280807495117,5.0371173108545975,2.735513687133789,0.2388054081831157,1.0770212931490226,Hammer,2016-01-29,24.60328483581543,2016-02-05,25.550508499145508,Profit target (+1%),1,0.03849988607826815,0.03808569632476064,1708.16595902243,46558.756221699776
HAL,2017-05-05,37.99567794799805,2.187291062947864,2.015655517578125,0.2224976911081167,0.8719491441238302,Hammer,2017-05-12,38.0623664855957,2017-05-26,39.98799133300781,Profit target (+1%),2,0.050591306458594554,0.050321969294539,2342.9282986373746,48901.68452033715
HAL,2018-07-06,38.22592544555664,1.6049404268415515,1.0634841918945312,0.24799667128191516,0.45743031345956514,Hammer,2018-07-13,38.40459060668945,2019-01-25,27.07633399963379,RSI > 90,28,-0.2949714195126055,-0.2951933730082763,-14435.453184909482,34466.23133542766
HAL,2022-09-30,22.71487045288086,4.626632593380023,1.5177078247070312,0.22188318445274444,0.505710639817502,Hammer,2022-10-07,23.978857040405273,2022-10-14,27.992246627807617,Profit target (+1%),1,0.16737201363015886,0.1669201738760321,5753.109321608023,40219.34065703568
HAL,2024-01-19,32.013587951660156,5.192812343117922,1.5172786712646484,0.29813787962403093,0.6959890586746251,Hammer,2024-01-26,31.92877197265625,2024-02-02,35.10468673706055,Profit target (+1%),1,0.09946874145752127,0.09914001913444997,3987.3461983261323,44206.68685536182
HAS,1990-01-19,2.6886508464813232,0.0,0.08415484428405762,0.20127715874675256,,Hammer,1990-01-26,2.6886508464813232,1990-03-30,2.6943228244781494,RSI > 90,9,0.0021096000636338097,-0.0016067494452102421,-160.6749443603493,99839.32505563964
HAS,1996-12-27,8.205123901367188,4.070686647277171,0.2949552536010742,0.3636378333112392,0.7878236658992795,Hammer,1997-01-03,8.231938362121582,1997-01-10,8.446451187133789,Profit target (+1%),1,0.02605860437430696,0.02482874291650411,2478.884932284879,102318.20998792452
HAS,1999-09-03,12.36209774017334,7.330078777470021,0.9604644775390625,0.3870968702835809,0.8285537349174249,Hammer,1999-09-10,12.455045700073242,1999-11-12,11.499442100524902,RSI > 90,9,-0.07672421463236545,-0.077495991811865,-7929.251155499633,94388.95883242488
HAS,1999-12-23,9.013076782226562,4.997253732448698,0.9013071060180664,0.31034431677863145,0.7138971819684349,Hammer,1999-12-31,9.075235366821289,2000-01-07,9.354951858520508,Profit target (+1%),1,0.03082195451611658,0.029703689475357443,2803.700320256946,97192.65915268181
HAS,2001-09-21,6.835090637207031,4.150534294263238,1.479236125946045,0.37931063383430313,2.229529820294467,Hammer,2001-09-28,6.911602973937988,2001-10-05,7.0901312828063965,Profit target (+1%),1,0.025830232080979787,0.02436576300583233,2368.173296452712,99560.83244913451
HAS,2002-10-04,5.743325233459473,7.490540759081227,0.45247364044189453,0.27272669790263737,0.8150176995296768,Hammer,2002-10-11,5.553081035614014,2002-11-22,6.2555131912231445,RSI > 90,6,0.12649413021423017,0.12458115510952358,12403.403497775511,111964.23594691002
HAS,2004-07-16,9.37310791015625,9.536325978832366,0.4749174118041992,0.3846164658916799,0.89981327750512,Hammer,2004-07-23,9.289606094360352,2004-08-06,9.519031524658203,Profit target (+1%),2,0.02469700307714162,0.02360782458882166,2643.2320398128604,114607.46798672288
HAS,2006-01-06,10.682147979736328,9.462305396125473,0.4168119430541992,0.3974360441038853,0.9250130061124026,Hammer,2006-01-13,10.714210510253906,2006-01-20,11.462335586547852,RSI > 90,1,0.06982549722893361,0.06886002244175181,7891.872809666218,122499.3407963891
HAS,2007-08-10,15.368165969848633,9.512723297153741,1.6404533386230469,0.16891880893415653,1.760089044023996,Hammer,2007-08-17,15.551054000854492,2007-08-31,15.994420051574707,Profit target (+1%),2,0.028510353748103068,0.02785835345495781,3412.6299304925096,125911.97072688161
HAS,2011-07-22,24.712778091430664,8.819791096586187,1.5437850952148438,0.3162055775474803,1.2208978041518677,Hammer,2011-07-29,24.560230255126953,2011-11-04,23.48314094543457,RSI > 90,14,-0.04385501676913395,-0.044253169964303486,-5572.003835545092,120339.96689133652
HAS,2012-06-29,21.37815284729004,6.171584530560139,1.2308063507080078,0.11282091811987348,1.1200130551922782,Hammer,2012-07-06,21.554885864257812,2012-08-03,22.912179946899414,Profit target (+1%),4,0.06296920759354419,0.06249077991990478,7520.138379054999,127860.10527039152
HAS,2015-01-16,36.12771987915039,7.239978586215045,1.2102165222167969,0.36363636363636365,0.7734010850214573,Hammer,2015-01-23,35.83891677856445,2015-01-30,36.966617584228516,Profit target (+1%),1,0.031465817246422834,0.031182440595679522,3986.990133164323,131847.09540355584
HAS,2017-08-25,70.05384826660156,3.068824677210941,1.7145462036132812,0.369097891237891,0.5565961850900483,Hammer,2017-09-01,70.12007904052734,2017-09-08,71.65066528320312,Profit target (+1%),1,0.021828073550675064,0.021683914848737537,2858.9611869251185,134706.05659048093
HAS,2023-03-17,41.731685638427734,3.5620358427741223,2.690826416015625,0.27302150318124596,0.6284805722558209,Hammer,2023-03-24,42.19247055053711,2023-03-31,43.07057571411133,Profit target (+1%),1,0.02081189255136051,0.02057244551031906,2771.2330063463924,137477.28959682732
HAS,2026-06-12,83.9000015258789,4.137206124843971,2.6299972534179688,0.3384031631560778,0.4919742292917914,Hammer,2026-06-18,84.76000213623047,2026-06-22,84.38999938964844,End of data,1,-0.004365298929409511,-0.0044830146523361205,-616.3127030097203,136860.97689381763
HBAN,1999-12-23,7.959866523742676,6.038586328225492,0.7196593284606934,0.3333331124708876,0.9317434319057617,Hammer,1999-12-31,7.829019069671631,2000-01-07,8.265176773071289,Profit target (+1%),1,0.05571038970760256,0.054398348996809544,5439.834894241119,105439.83489424111
HBAN,2001-02-09,5.947751522064209,7.199502932378991,0.4015359878540039,0.3124992577919965,0.720754619239582,Hammer,2001-02-16,5.99794340133667,2001-02-23,6.173615455627441,Profit target (+1%),1,0.029288714903782154,0.027598470152805598,2909.978133335486,108349.81302757659
HBAN,2004-03-26,9.747509002685547,8.956456699196877,0.2849617004394531,0.39682534370356487,0.7946366807001559,Hammer,2004-04-02,9.724892616271973,2004-04-08,9.851543426513672,Profit target (+1%),1,0.013023363366479135,0.011988910344870238,1298.996192972073,109648.80922054866
HBAN,2005-10-14,10.335737228393555,2.1329785035932787,0.43323421478271484,0.18681250949306483,1.053007843181191,Hammer,2005-10-21,10.283369064331055,2005-10-28,10.57377815246582,Profit target (+1%),1,0.028240655987158858,0.027254960079816853,2988.4739151170343,112637.2831356657
HBAN,2007-11-23,7.583506107330322,3.578490052491759,0.6250143051147461,0.11666603089834064,0.9321663232200234,Hammer,2007-11-30,7.557463645935059,2007-12-07,8.271021842956543,Profit target (+1%),1,0.09441768170532794,0.0930329360855385,10478.977152330113,123116.2602879958
HBAN,2009-02-06,1.3447551727294922,2.2380167719804405,0.8946040272712708,0.3121018671174195,0.822344938581014,Hammer,2009-02-13,1.612566590309143,2009-04-24,2.0093352794647217,RSI > 90,10,0.2460479409284515,0.23910526557157738,29437.746082902937,152554.00637089874
HBAN,2014-02-07,5.625044345855713,5.063385268499019,0.3145790100097656,0.2871278724307282,1.4219775642654089,Hammer,2014-02-14,5.61258602142334,2014-02-21,5.681107997894287,Profit target (+1%),1,0.01220862828817193,0.010417637798116023,1589.2523814342549,154143.258752333
HBAN,2016-02-05,5.584053993225098,1.3248780779266838,0.44255924224853516,0.3529415567484167,1.0046248246539164,Hammer,2016-02-12,5.531988143920898,2016-02-26,5.701202392578125,Profit target (+1%),2,0.03058832453268656,0.028754666710281766,4432.33802662772,158575.59677896072
HBAN,2025-03-14,13.930058479309082,6.922132147593302,0.6327552795410156,0.2388061951010713,0.7663595464845595,Hammer,2025-03-21,13.85450553894043,2025-03-28,14.54411792755127,Profit target (+1%),1,0.04977531581134875,0.04903583224533969,7775.886354081862,166351.4831330426
HCA,2015-10-02,72.30884552001953,1.9984406473105594,7.073997497558594,0.14042016688901998,1.119153746980177,Hammer,2015-10-09,73.032958984375,2016-03-11,67.3143539428711,RSI > 90,22,-0.07830170269737213,-0.07843325746177304,-7843.325738333979,92156.67426166603
HCA,2023-10-06,240.2744140625,4.022607531112129,7.299896240234375,0.27028925222509753,0.6070721557837157,Hammer,2023-10-13,241.03819274902344,2023-12-01,245.88519287109375,RSI > 90,7,0.020108846929155266,0.020066943467292337,1849.3027706932248,94005.97703235925
HCA,2026-04-02,470.896240234375,2.8197248867064673,18.6326904296875,0.3240505375428298,0.6554232599650317,Hammer,2026-04-10,470.05792236328125,2026-04-17,492.8222961425781,Profit target (+1%),1,0.04842886949941372,0.048407079088463395,4550.554760958112,98556.53179331736
HCA,2026-06-05,371.38568115234375,1.012412248229424,17.035888671875,0.29291226586795455,0.5832219826712555,Hammer,2026-06-12,368.31182861328125,2026-06-18,391.2159423828125,Profit target (+1%),1,0.062186745008344646,0.062158750268696474,6126.150840963508,104682.68263428086
HD,1993-12-23,4.9785637855529785,4.795194684529093,0.17167425155639648,0.36363661614267817,0.5845852845493233,Hammer,1993-12-31,4.94735050201416,1994-03-04,5.18145227432251,Profit target (+1%),9,0.04731861472378851,0.04525159764382707,4525.159759857548,104525.15975985755
HD,1996-04-12,5.652496814727783,8.451495369597993,0.472353458404541,0.36666676761589223,1.3791830842198671,Hammer,1996-04-19,5.699732303619385,1996-04-26,5.857183456420898,Profit target (+1%),1,0.027624306619019823,0.02584716424081156,2701.678968908427,107226.83872876597
HD,2002-10-04,14.9766263961792,3.4193007106793374,1.248051643371582,0.372093343124392,0.6181075996417079,Hammer,2002-10-11,14.744430541992188,2002-10-18,15.092723846435547,Profit target (+1%),1,0.02362202483516862,0.02293602478280264,2459.3574280052007,109686.19615677118
HD,2011-08-12,21.52754783630371,3.9583698684339765,1.7740154266357422,0.2103161505007553,1.4252802347734896,Hammer,2011-08-19,21.583864212036133,2011-08-26,22.80878257751465,Profit target (+1%),1,0.05675157856096247,0.05627523308063504,6172.616248277938,115858.81240504912
HD,2014-02-07,56.99908447265625,2.321936089787883,2.0652427673339844,0.10108590648902549,1.083438657967619,Hammer,2014-02-14,57.08109664916992,2014-02-21,58.09507751464844,Profit target (+1%),1,0.01776386448407985,0.017587134598615297,2037.624526165694,117896.43693121482
HD,2024-04-26,316.5250244140625,4.999196351302672,12.553680419921875,0.38374752953016705,0.8625426667177476,Hammer,2024-05-03,316.44000244140625,2024-05-10,326.8305969238281,Profit target (+1%),1,0.032835906972115136,0.032803787079380343,3867.4496106417146,121763.88654185654
HIG,1995-12-29,12.709190368652344,0.0,0.36124324798583984,0.2727282327193624,,Hammer,1996-01-05,12.643509864807129,1996-01-12,12.939072608947754,Profit target (+1%),1,0.023376637286717017,0.022576789455267567,2257.6789432690775,102257.67894326909
HIG,2002-07-26,29.03046989440918,0.7749268577934316,4.43504524230957,0.30107502835189986,1.8886329862325175,Hammer,2002-08-02,29.507356643676758,2002-08-16,30.103464126586914,Profit target (+1%),2,0.020201995390796812,0.019859731636705177,2030.810059574872,104288.48900284395
HIG,2003-03-14,21.21660041809082,4.1116138673468186,2.283184051513672,0.15957448585935713,1.0889603796032343,Hammer,2003-03-21,21.210529327392578,2003-03-28,23.390483856201172,Profit target (+1%),1,0.10277699793155404,0.10228142297665141,10666.775044628968,114955.26404747293
HIG,2004-03-26,38.859100341796875,4.950650208542584,1.332489013671875,0.3627900052676179,0.8620008192006399,Hammer,2004-04-02,38.983055114746094,2004-04-08,40.6378173828125,Profit target (+1%),1,0.04244824483857501,0.04218631227502092,4849.538661914639,119804.80270938757
HIG,2004-10-22,34.40696716308594,1.6199423322732969,2.288379669189453,0.37158455370612703,1.2215487093138622,Hammer,2004-10-29,34.35694885253906,2004-11-05,36.45150375366211,Profit target (+1%),1,0.06096452016484144,0.060664629648007166,7267.913979149649,127072.71668853721
HIG,2009-06-26,8.549474716186523,9.76385554009397,1.1812257766723633,0.26219577670040084,0.40195580497021166,Hammer,2009-07-02,8.77995777130127,2009-07-31,10.9839506149292,RSI > 90,4,0.2510254492148061,0.24974426750180553,31735.68251710751,158808.3992056447
HIG,2011-08-12,14.603164672851562,1.5829154777003254,2.564925193786621,0.26361033329751526,1.8407398925685083,Hammer,2011-08-19,14.845693588256836,2011-11-04,14.649200439453125,RSI > 90,11,-0.013235700146683627,-0.013904613112952179,-2208.169347833583,156600.22985781112
HIG,2013-03-01,17.971885681152344,9.545260197448698,1.2977256774902344,0.3918357628508691,1.3671107891825316,Hammer,2013-03-08,17.75937843322754,2013-03-15,19.387550354003906,Profit target (+1%),1,0.09167955550347862,0.09109082689601129,14264.84441558861,170865.07427339975
HIG,2016-01-22,30.95423698425293,5.182439643484159,2.5028858184814453,0.306709250567544,1.357740235644732,Hammer,2016-01-29,30.914255142211914,2016-02-05,31.881824493408203,Profit target (+1%),1,0.031298485011049815,0.030970000628798726,5291.69145239524,176156.76572579498
HIG,2017-09-08,43.950050354003906,4.539064411195682,2.1739463806152344,0.2509532591548851,1.6772966457888776,Hammer,2017-09-15,44.784915924072266,2017-10-06,46.19839096069336,Profit target (+1%),3,0.03156140873452751,0.03133462092226883,5519.805471390899,181676.5711971859
HIG,2020-03-20,27.298595428466797,1.5831180942397793,15.783773422241211,0.32356197878418796,3.8229120421700435,Hammer,2020-03-27,27.438274383544922,2020-04-03,30.528682708740234,Profit target (+1%),1,0.11263129313440601,0.11224638438342971,20392.538223670323,202069.10942085623
HII,2020-09-11,129.83154296875,1.0769816600316062,9.338447570800781,0.10846979066330395,0.7443000896419789,Hammer,2020-09-18,130.3600311279297,2020-10-16,132.10403442382812,Profit target (+1%),4,0.013378359001670947,0.01330113820321055,1330.1138189909411,101330.11381899095
HII,2021-12-03,164.41812133789062,2.18448268742452,8.4405517578125,0.3913985103767445,0.9671055867847518,Hammer,2021-12-10,166.70523071289062,2021-12-17,168.8108367919922,Profit target (+1%),1,0.012630713925995352,0.012570350782554158,1273.7550742670996,102603.86889325806
HII,2023-01-27,202.53909301757812,4.490780913447793,8.589935302734375,0.299836575184297,0.7638420032841846,Hammer,2023-02-03,203.6064453125,2023-02-24,209.85284423828125,Profit target (+1%),3,0.030678787777047578,0.030628921258378704,3142.6458179939673,105746.51471125202
HLT,2018-06-29,77.1703109741211,7.479617500571365,3.665496826171875,0.3696809617770229,1.106173897582637,Hammer,2018-07-06,76.51715087890625,2018-07-13,78.97381591796875,Profit target (+1%),1,0.0321060704802032,0.03197329153664631,3197.3291504673016,103197.32915046731
HLT,2018-10-26,66.68412017822266,1.7762259700388512,7.042518615722656,0.3744801354599887,1.9283600254021087,Hammer,2018-11-02,67.31902313232422,2018-11-09,70.79633331298828,Profit target (+1%),1,0.05165419845485508,0.05150182682709146,5314.850969610874,108512.18012007818
HLT,2022-12-30,125.10469818115234,6.176848781579025,3.613739013671875,0.2821918675843432,0.4052597065867779,Hammer,2023-01-06,126.50068664550781,2023-01-13,127.60956573486328,Profit target (+1%),1,0.008765795022622092,0.008686400734179834,942.5802801199211,109454.7604001981
HON,1990-08-03,3.363847494125366,3.134528292807971,0.16378283500671387,0.3846147127541105,1.0396127093998613,Hammer,1990-08-10,3.1244723796844482,1990-08-17,3.3961985111236572,Profit target (+1%),1,0.08696704544613443,0.08363267020289199,8363.267011925931,108363.26701192593
HON,1991-12-20,4.116015911102295,7.688951166209051,0.23169612884521484,0.3529415396520286,1.071433408245205,Hammer,1991-12-27,4.129645347595215,1992-01-03,4.497633457183838,Profit target (+1%),1,0.08910888916960169,0.08658254323961195,9382.367242263324,117745.63425418925
HON,1992-06-26,5.900819778442383,9.7169007504679,0.20632219314575195,0.3333317925808144,0.6819052193065537,Hammer,1992-07-02,5.942083835601807,1992-08-07,6.07963228225708,Profit target (+1%),5,0.02314818344217162,0.021447225258825742,2525.3171385675887,120270.95139275683
HON,1994-11-25,7.39257287979126,3.0583997259322473,0.6328272819519043,0.3636367061376574,1.5300989817207356,Hammer,1994-12-02,7.3638081550598145,1994-12-09,7.536397457122803,Profit target (+1%),1,0.023437506576593714,0.022064531826811864,2653.722232192704,122924.67362494954
HON,1995-10-27,10.21125316619873,9.280790798694625,0.671025276184082,0.08695590381753814,1.5346831976443527,Hammer,1995-11-03,10.26960277557373,1995-11-17,10.444652557373047,Profit target (+1%),2,0.01704542869132908,0.01606386012232966,1974.644760719571,124899.31838566912
HON,1997-10-31,17.2991886138916,1.1558261696466303,3.1835317611694336,0.33962269803110984,2.4402509226868654,Hammer,1997-11-07,17.53945541381836,1997-11-28,17.784324645996094,Profit target (+1%),3,0.013961051036100791,0.01338709162740648,1672.0386177575283,126571.35700342666
HON,1998-08-14,18.001243591308594,3.5651287137702923,1.335672378540039,0.24999964299841348,0.9008071740572331,Hammer,1998-08-21,17.849462509155273,1998-08-28,17.797603607177734,Profit target (+1%),1,-0.002905348099470184,-0.003464618548209898,-438.52147070764727,126132.83553271902
HON,2004-05-14,18.231159210205078,6.392457004744742,0.6534461975097656,0.3999982486558434,0.7441810665272093,Hammer,2004-05-21,17.888097763061523,2004-05-28,18.358530044555664,Profit target (+1%),1,0.02629861977082726,0.025732396234075073,3245.7000988096497,129378.53563152868
HON,2005-10-14,20.313905715942383,5.132540526260726,0.6752529144287109,0.35833425134241176,0.830989234944037,Hammer,2005-10-21,20.25763511657715,2005-11-25,20.632911682128906,Profit target (+1%),5,0.01852519128674901,0.018027100791689198,2332.3198997784,131710.85553130708
HON,2008-09-19,27.09870719909668,1.8506865230309444,3.2886791229248047,0.3036367274382835,1.5035359222392335,Hammer,2008-09-26,26.835613250732422,2008-12-26,19.807554244995117,RSI > 90,13,-0.2618929904851527,-0.2622167735137442,-34536.79553961744,97174.05999168963
HON,2009-07-10,18.499006271362305,5.393537431198951,0.8809051513671875,0.3986008383710658,0.5050696955762414,Hammer,2009-07-17,18.59140968322754,2009-07-24,20.03904914855957,Profit target (+1%),1,0.07786604082196291,0.07730736684235706,7512.2706958264935,104686.33068751612
HON,2011-03-18,36.181156158447266,9.523528428437345,1.8006362915039062,0.28777016520276427,1.2621597514228935,Hammer,2011-03-25,36.75114059448242,2011-04-01,37.81338882446289,Profit target (+1%),1,0.028903816665215132,0.028627821445933472,2996.9415797552156,107683.27226727133
HON,2011-08-12,30.537120819091797,1.3535972506321343,2.8009719848632812,0.26046566738122023,1.3887825695693992,Hammer,2011-08-19,30.680423736572266,2011-10-21,32.30156326293945,Profit target (+1%),9,0.05283954160107407,0.052505044095153094,5653.914953049543,113337.18722032086
HON,2019-08-09,135.77406311035156,5.777905675102346,5.5229339599609375,0.36727347071841215,1.2296780707489743,Hammer,2019-08-16,134.7557830810547,2019-09-13,140.7299041748047,Profit target (+1%),4,0.04433294777528474,0.044257097334932785,5015.974921461266,118353.16214178213
HON,2022-07-08,150.02658081054688,3.2643527880986056,4.64776611328125,0.1843589541556685,0.5456911398654146,Hammer,2022-07-15,151.4719696044922,2022-07-29,157.32278442382812,Profit target (+1%),2,0.038626386351303,0.03855909472302199,4563.590785230566,122916.7529270127
HPE,2015-11-06,6.269741058349609,0.0,0.8925671577453613,0.37560989160984676,,Hammer,2015-11-13,6.208785533905029,2015-12-11,6.554666996002197,Profit target (+1%),4,0.055708392600835266,0.054054241213259996,5405.424115920576,105405.42411592058
HPE,2024-01-19,14.437713623046875,7.697705615081432,0.8594989776611328,0.26775922330097085,0.9270599704294015,Hammer,2024-01-26,14.541040420532227,2024-02-02,14.785270690917969,Profit target (+1%),1,0.016795928167621543,0.016102682490495287,1697.310075617354,107102.73419153794
HPE,2024-08-09,16.50644874572754,2.8360458697332547,0.9138517379760742,0.32291600356068345,0.7036968714463004,Hammer,2024-08-16,16.554044723510742,2024-08-23,17.77251434326172,Profit target (+1%),1,0.07360555321083884,0.07297942845912932,7816.29631989219,114919.03051143013
HPE,2025-03-14,15.069292068481445,1.6602273071065952,1.012979507446289,0.17142760307516763,0.5649506270766103,Hammer,2025-03-21,15.098234176635742,2025-03-28,15.949545860290527,Profit target (+1%),1,0.05638485094980017,0.055704074625040914,6401.4582450446,121320.48875647472
HPQ,1990-08-24,0.7695439457893372,0.11282035161998749,0.09268230199813843,0.21212115365693196,1.3361961467864798,Hammer,1990-08-31,0.7892038226127625,1990-12-14,0.7437896728515625,RSI > 90,15,-0.05754425974629784,-0.06977320957597402,-6977.320950620082,93022.6790493799
HPQ,1997-10-31,6.003136157989502,3.4776575629473,0.6210136413574219,0.39215654657698334,1.3983616404017156,Hammer,1997-11-07,6.064019680023193,1997-11-28,6.094461441040039,Profit target (+1%),3,0.0050200630313141925,0.003368214653205305,313.3203503412152,93335.99939972111
HPQ,1999-10-08,8.676897048950195,5.305309154116031,0.7380638122558594,0.33613467094620086,0.8583064452083086,Hammer,1999-10-15,8.627279281616211,1999-11-26,9.290916442871094,RSI > 90,6,0.07692311093591475,0.0757201128382055,7067.412399346151,100403.41179906727
HPQ,2001-03-02,7.446990013122559,6.184663715652647,0.7996935844421387,0.3943213170041483,0.6271677987285424,Hammer,2001-03-09,7.631146430969238,2001-03-30,8.083016395568848,Profit target (+1%),3,0.05921390300752183,0.0578655698386763,5809.9006316904015,106213.31243075768
HPQ,2010-05-28,12.977391242980957,9.552423069709405,0.823603630065918,0.369863283353269,1.1172515222914545,Hammer,2010-06-04,12.93226146697998,2010-06-18,13.524942398071289,Profit target (+1%),2,0.0458296433771157,0.04503896999983309,4783.738187368057,110997.05061812572
HPQ,2012-07-27,5.404091835021973,1.9102361403906372,0.2794466018676758,0.3229171288064678,0.6794011444135952,Hammer,2012-08-03,5.370616436004639,2012-08-17,5.731568336486816,Profit target (+1%),2,0.06720865375198914,0.06528588947150009,7246.541171070916,118243.59178919662
HPQ,2016-01-29,6.781113147735596,2.766906456773441,0.34219837188720703,0.36734611407916484,0.5250232731162601,Hammer,2016-02-05,6.739210605621338,2016-02-12,6.816031455993652,Profit target (+1%),1,0.011399087351304349,0.009907883113350406,1171.5436851785362,119415.13547437517
HPQ,2023-09-01,26.860164642333984,6.553934941605348,3.546567916870117,0.3715711809523707,2.2657038360438726,Hammer,2023-09-08,26.683277130126953,2023-11-24,25.05733299255371,RSI > 90,11,-0.060934949243451775,-0.06129822954088384,-7319.936377644053,112095.19909673113
HPQ,2024-01-19,26.223352432250977,6.620650633277734,1.0446109771728516,0.37930933743794243,0.8567227091221115,Hammer,2024-01-26,26.385446548461914,2024-02-02,27.01581573486328,Profit target (+1%),1,0.0238907909041286,0.023507339493560993,2635.05989813011,114730.25899486124
HPQ,2025-11-21,23.01969337463379,4.086954451255863,1.916707992553711,0.350877245357033,1.065784136770318,Hammer,2025-11-28,23.10616111755371,2025-12-05,23.058124542236328,Profit target (+1%),1,-0.0020789509375007675,-0.0025111925368950907,-288.1097698558266,114442.14922500541
HPQ,2026-01-30,18.89951515197754,1.7671048565017031,0.6999835968017578,0.2986106002021837,0.4501712762996452,Hammer,2026-02-06,18.93840217590332,2026-04-02,19.34447479248047,Profit target (+1%),8,0.021441756955284497,0.02090820924875721,2392.7804004811305,116834.92962548653
HRL,2009-10-09,5.991763114929199,5.527503438619547,0.15468072891235352,0.3296690085052206,0.6338743629492087,Hammer,2009-10-16,6.008760929107666,2009-10-23,6.144744396209717,Profit target (+1%),1,0.022630866614000045,0.020949197779424288,2094.9197758475093,102094.9197758475
HRL,2011-08-12,9.785262107849121,8.38424002685862,0.6575355529785156,0.236557907744432,1.5647139843945668,Hammer,2011-08-19,9.848895072937012,2011-10-14,10.075143814086914,Profit target (+1%),8,0.02297199223612334,0.021945508811415465,2240.5249593010913,104335.4447351486
HRL,2018-12-28,34.201751708984375,6.734750629637517,1.7274398803710938,0.31775601870867726,1.122677445650033,Hammer,2019-01-04,34.27439880371094,2019-01-25,35.60969543457031,Profit target (+1%),3,0.03895900956590381,0.03866160659491799,4033.7759142223467,108369.22064937095
HRL,2019-04-26,32.56205368041992,7.460330016914071,1.5490226745605469,0.38947513587659177,1.085137190827402,Hammer,2019-05-03,32.49683380126953,2019-05-31,33.132747650146484,Profit target (+1%),4,0.019568486356726478,0.019257801042983205,2086.9528883617795,110456.17353773274
HRL,2019-10-18,33.61448287963867,9.14788888167108,0.9464683532714844,0.3412706409631173,0.6898487874932009,Hammer,2019-10-25,33.61448287963867,2019-11-08,34.01808547973633,Profit target (+1%),2,0.012006806754779165,0.011707574489078115,1293.173878178371,111749.3474159111
HRL,2021-01-15,37.898345947265625,4.016154210328452,1.8666229248046875,0.35746662742886104,1.11418287525202,Hammer,2021-01-22,38.02504348754883,2021-02-05,39.41022872924805,Profit target (+1%),2,0.036428235569350376,0.036160496165339874,4040.9118446713746,115790.25926058249
HRL,2022-12-23,40.00620651245117,9.574535419016001,1.0608711242675781,0.2892546233203045,0.6071603065825594,Hammer,2022-12-30,40.04127502441406,2023-01-13,41.014469146728516,Profit target (+1%),2,0.024304773554814973,0.0240520278534582,2784.990538109686,118575.24979869217
HRL,2025-09-26,23.770280838012695,8.112041184954109,0.5721435546875,0.235295098143802,0.43718580707539173,Hammer,2025-10-03,23.895286560058594,2025-12-12,23.628536224365234,RSI > 90,10,-0.011163303483425757,-0.011579373117469498,-1373.0270585431795,117202.222740149
HSIC,2020-09-25,58.790000915527344,0.8076174572836265,4.0,0.38000011444091797,0.7786735720206942,Hammer,2020-10-02,59.84000015258789,2020-10-16,60.54999923706055,Profit target (+1%),2,0.011864957932189224,0.011696868287874614,1169.6868276177747,101169.68682761778
HSIC,2023-06-02,74.41999816894531,7.675911096098233,2.0300064086914062,0.24138125429856772,0.5313023904282578,Hammer,2023-06-09,74.12999725341797,2023-06-23,77.43000030517578,Profit target (+1%),2,0.044516432942477424,0.04437854149385741,4489.763140310231,105659.44996792803
HST,1990-04-12,1.3753604888916016,7.1150359718163685,0.09075987339019775,0.3846146773687231,1.0909890476721713,Hammer,1990-04-20,1.382341980934143,1990-04-27,1.4381941556930542,Profit target (+1%),1,0.040404021240220134,0.033050376467406765,3305.0376434356385,103305.03764343563
HST,1990-07-06,1.2676666975021362,8.452599941497226,0.056029438972473145,0.2499994680952918,0.6102417264124682,Hammer,1990-07-13,1.2746703624725342,1990-07-20,1.3096888065338135,Profit target (+1%),1,0.02747254905444918,0.01955069429985049,2019.6852085816718,105324.7228520173
HST,1991-10-11,0.8972495794296265,5.49313217036746,0.043067991733551025,0.33333241068920133,0.5948342153692843,Hammer,1991-10-18,0.8900715708732605,1991-10-25,0.9474955201148987,Profit target (+1%),1,0.06451610310988687,0.05298341583497039,5580.4635829909785,110905.18643500826
HST,1992-04-10,0.8692111968994141,1.7599356778132744,0.10865139961242676,0.1333332967609284,1.4299395199749518,Hammer,1992-04-16,0.883698046207428,1992-04-24,0.9416454434394836,Profit target (+1%),1,0.06557375280023403,0.05395240536048668,5983.601569138313,116888.78800414657
HST,2007-05-11,12.99502944946289,3.5613802301564874,0.5550765991210938,0.39252285066318465,0.8862182525612989,Hammer,2007-05-18,13.046905517578125,2007-10-12,12.125236511230469,RSI > 90,21,-0.07064272866128218,-0.07138183808432395,-8343.73653084112,108545.05147330546
HST,2007-11-23,9.66955852508545,5.030392832933714,0.6601285934448242,0.3920008090205795,0.8147970284560351,Hammer,2007-11-30,9.648435592651367,2007-12-07,10.023387908935547,Profit target (+1%),1,0.03886146232553589,0.03780543339015986,4103.59270920193,112648.6441825074
HST,2009-03-06,2.0047430992126465,1.2690539890795804,0.40774428844451904,0.36111082686943397,0.4588396988303571,Hammer,2009-03-13,2.0330586433410645,2009-03-20,2.672990560531616,Profit target (+1%),1,0.3147631374463984,0.30908429413879934,34817.926638025136,147466.57082053254
HST,2011-03-18,10.163491249084473,9.167484493553886,0.6221351623535156,0.2710283955386323,1.1088977715660389,Hammer,2011-03-25,10.3262939453125,2011-10-28,7.888937950134277,RSI > 90,31,-0.23603395449387066,-0.2368876549378051,-34933.010108462695,112533.56071206984
HST,2013-06-14,10.36734390258789,5.410689567290902,0.7013912200927734,0.25321906502307395,1.4608100397015875,Hammer,2013-06-21,10.43356990814209,2013-07-12,10.649056434631348,Profit target (+1%),3,0.02065319237676233,0.01968531401307941,2215.258477411772,114748.81918948163
HST,2020-03-20,8.547651290893555,1.7211084437826543,2.936246395111084,0.37209307612920617,2.6315205401429242,Hammer,2020-03-27,8.467315673828125,2020-04-03,9.298972129821777,Profit target (+1%),1,0.0982196115073688,0.09698133162481608,11128.493276242683,125877.31246572432
HST,2022-12-30,13.565936088562012,9.52440006378474,0.5051746368408203,0.08044718470721937,0.43051541659307935,Hammer,2023-01-06,13.650459289550781,2023-01-20,14.453428268432617,Profit target (+1%),2,0.058823586946740836,0.058069740611992424,7309.662876509668,133186.97534223399
HST,2025-01-03,16.297090530395508,9.18408905275571,0.560359001159668,0.3333304968353192,0.6467055344002245,Hammer,2025-01-10,16.38114356994629,2025-05-09,13.923930168151855,RSI > 90,17,-0.15000255576189236,-0.1505670563218751,-20053.570797640765,113133.40454459323
HSY,1990-02-02,3.4679856300354004,0.0,0.14959931373596191,0.1818173125194234,,Hammer,1990-02-09,3.4679856300354004,1990-04-12,3.6000888347625732,Profit target (+1%),9,0.0380922007239759,0.035157993074082544,3515.799303892455,103515.79930389245
HSY,1994-01-07,5.825000762939453,2.457662002922305,0.2552189826965332,0.3529416160812207,1.2404680566290354,Hammer,1994-01-14,5.8400139808654785,1994-02-25,6.206898212432861,RSI > 90,6,0.06282249199564616,0.061057891860600635,6320.456473440247,109836.2557773327
HSY,1994-04-22,5.466903209686279,5.808330920121989,0.30203866958618164,0.19999968425423217,1.4053547920369986,Hammer,1994-04-29,5.451801300048828,1994-08-19,5.48988151550293,RSI > 90,16,0.006984886894861875,0.005145911296760952,565.2076288332942,110401.46340616599
HSY,1996-06-21,9.09409236907959,8.77679424026691,0.25527286529541016,0.25000280192623087,0.6670128461015224,Hammer,1996-06-28,9.110047340393066,1996-07-05,9.397229194641113,Profit target (+1%),1,0.031523640165371125,0.030409261070946197,3357.2269199753873,113758.69032614138
HSY,1999-09-10,13.918355941772461,0.16761078949552655,0.9737815856933594,0.3620691343709235,1.1399799986108048,Hammer,1999-09-17,13.431465148925781,1999-09-24,14.136617660522461,Profit target (+1%),1,0.052500044021859926,0.05173626425490762,5885.449658120004,119644.13998426139
HSY,2001-08-10,16.558027267456055,9.198693663202903,0.27564239501953125,0.242422984306236,0.38860761200781435,Hammer,2001-08-17,16.627634048461914,2001-08-31,17.919553756713867,RSI > 90,2,0.07769714587695398,0.07707256135840354,9221.280310889128,128865.42029515051
HSY,2002-06-07,18.70916748046875,8.489486750622717,0.9214267730712891,0.32615666134678,1.4082668063648882,Hammer,2002-06-14,18.740354537963867,2002-08-02,22.255945205688477,Profit target (+1%),7,0.1875946722674211,0.18701116912059165,24099.272884513244,152964.69317966377
HSY,2003-03-14,18.013492584228516,4.125766619593364,0.7623100280761719,0.2716991518002352,1.0907282815888923,Hammer,2003-03-21,18.03650665283203,2003-03-28,18.945524215698242,Profit target (+1%),1,0.050398759602568566,0.04983051472173414,7622.309387772468,160587.00256743626
HSY,2015-05-01,71.34302520751953,2.034409822068511,2.782073974609375,0.3232890536730911,0.9927032051754229,Hammer,2015-05-08,71.548828125,2015-05-22,73.1266098022461,Profit target (+1%),2,0.022051817179865152,0.021910521328184895,3518.5449412645503,164105.54750870078
HSY,2016-10-07,75.328369140625,8.62190920244629,1.2184219360351562,0.39610271695230465,0.3784748524258186,Hammer,2016-10-14,75.328369140625,2016-10-21,76.2698745727539,Profit target (+1%),1,0.012498683336304328,0.012365110478333455,2029.1832230233013,166134.73073172406
HSY,2017-07-14,84.91891479492188,2.4237865364239326,2.00482177734375,0.31727022254696013,0.8192612630212045,Hammer,2017-07-21,84.9028091430664,2017-08-25,86.35208129882812,Profit target (+1%),5,0.017069778613798325,0.016950998621771185,2816.149588845631,168950.8803205697
HSY,2023-08-25,200.3125,3.845111703030284,4.4153289794921875,0.24843535628259314,0.5616942815165019,Hammer,2023-09-01,200.34938049316406,2024-01-19,177.2876434326172,RSI > 90,20,-0.1151076035462647,-0.11515464250772423,-19455.47820522503,149495.40211534465
HSY,2024-04-19,172.82266235351562,6.731798569680933,5.2121429443359375,0.1792097381895469,0.6237391582589401,Hammer,2024-04-26,173.64463806152344,2024-05-10,184.8909149169922,RSI > 90,2,0.06476604737708125,0.0647065953082365,9673.338475446351,159168.74059079099
HUBB,2026-05-22,473.5867919921875,8.307684786326831,27.103546142578125,0.20801820456262549,0.8136850471244613,Hammer,2026-05-29,477.3853759765625,2026-06-22,528.9299926757812,RSI > 90,4,0.10797276014954704,0.10795068206768552,10795.068195973483,110795.0681959735
HUM,1990-01-19,7.935726642608643,6.250023377740646,0.35854196548461914,0.20000079796041317,,Hammer,1990-01-26,7.935726642608643,1990-04-20,7.940352439880371,RSI > 90,12,0.0005829078394525844,-0.000676789791432293,-67.67897907555033,99932.32102092444
HUM,1990-08-10,8.598587989807129,3.9481394143693223,0.3390989303588867,0.35714386156351335,0.7234828892351711,Hammer,1990-08-17,8.574366569519043,1990-08-24,8.743916511535645,Profit target (+1%),1,0.019774048688253387,0.018596937282462513,1858.435104658607,101790.75612558304
HUM,1990-11-02,8.147111892700195,9.962209205348017,1.1220569610595703,0.3478261239101722,2.0791410754044297,Hammer,1990-11-09,8.147111892700195,1990-11-23,8.51300048828125,Profit target (+1%),2,0.044910220996091876,0.043655999851981285,4443.777229907739,106234.53335549077
HUM,1991-10-25,7.971324443817139,1.0382500620841313,0.4136066436767578,0.272727796761802,0.758874714710257,Hammer,1991-11-01,8.121726989746094,1991-11-08,8.422532081604004,Profit target (+1%),1,0.03703708487587498,0.035783789983942264,3801.4742268335176,110036.00758232428
HUM,1992-05-29,6.623898506164551,5.832758454371827,0.306307315826416,0.24999961081801383,0.6538104910361509,Hammer,1992-06-05,6.547321319580078,1992-07-17,7.084539890289307,RSI > 90,6,0.08205165814951698,0.08046286880555734,8853.812833130058,118889.82041545435
HUM,1992-09-04,6.581266403198242,3.5923490134086506,0.5419864654541016,0.28571441139933207,1.320724886297189,Hammer,1992-09-11,6.581266403198242,1992-10-09,6.651279449462891,Profit target (+1%),4,0.010638233126473162,0.009111846164544232,1083.3057530726046,119973.12616852696
HUM,1996-02-23,22.26388931274414,3.906015898178765,1.0913677215576172,0.19999965046636525,0.7105078972053605,Hammer,1996-03-01,21.718204498291016,1996-03-08,21.39079475402832,Profit target (+1%),1,-0.015075359672962807,-0.01553222703810761,-1863.4498322576405,118109.6763362693
HUM,1996-06-14,16.370506286621094,0.9923962918287401,1.5279130935668945,0.2857141073805982,0.9232945780362527,Hammer,1996-06-21,16.479642868041992,1996-08-16,16.58877944946289,Profit target (+1%),8,0.006622508891411805,0.006013874987433895,710.2968275823062,118819.9731638516
HUM,2002-07-26,11.358948707580566,2.1740316685337433,2.2438507080078125,0.29571991050845614,1.7221256004124998,Hammer,2002-08-02,12.162195205688477,2002-10-25,12.092347145080566,RSI > 90,12,-0.005743047157740211,-0.006562569208273965,-779.764296433267,118040.20886741833
HWM,1994-04-22,9.328017234802246,3.8066367438063367,0.4991006851196289,0.17241399077090638,0.9855447821457144,Hammer,1994-04-29,9.328017234802246,1994-05-13,9.487086296081543,Profit target (+1%),2,0.017052826691380973,0.015972226079624858,1597.2226063652633,101597.22260636526
HWM,1995-03-10,10.72958755493164,6.126792782287495,0.49089622497558594,0.28571400818274006,0.791879293226985,Hammer,1995-03-17,10.799715995788574,1995-03-31,11.430868148803711,Profit target (+1%),2,0.058441550987198054,0.057488984741222986,5840.721174327247,107437.9437806925
HWM,1995-09-29,14.966954231262207,8.10640113265626,0.8491897583007812,0.16666704101343155,0.9633512961170777,Hammer,1995-10-06,15.002337455749512,1995-11-17,15.28205394744873,Profit target (+1%),6,0.01864486067749538,0.01797230804561445,1930.9078194831045,109368.8516001756
HWM,1997-10-31,21.436134338378906,2.647763354379876,2.3491649627685547,0.26562491119556947,1.7936113869700723,Hammer,1997-11-07,21.729780197143555,1998-02-06,22.68855094909668,RSI > 90,13,0.04412243213022271,0.04365218987021613,4774.189871164168,114143.04147133978
HWM,2001-08-10,46.354862213134766,6.914180990811261,3.0435638427734375,0.24279816306783714,0.7598532042469165,Hammer,2001-08-17,46.34233856201172,2001-08-31,49.66145324707031,Profit target (+1%),2,0.07162164854104658,0.07139815980223052,8149.60310713374,122292.64457847353
HWM,2002-07-26,32.4979248046875,4.770720545275594,4.633493423461914,0.21917807091386973,1.385223217938797,Hammer,2002-08-02,32.94223403930664,2002-08-16,32.94091033935547,Profit target (+1%),2,-4.0182458469373294e-05,-0.00034369197540714365,-42.03100055090828,122250.61357792263
HWM,2004-03-26,45.8293342590332,8.001088462309752,3.042938232421875,0.12608689111532329,1.0890920225872518,Hammer,2004-04-02,46.080711364746094,2004-04-08,47.76093673706055,Profit target (+1%),1,0.03646266132948428,0.03624171837330297,4430.5723038239885,126681.18588174663
HWM,2005-01-28,38.879878997802734,7.4105091349594545,1.811798095703125,0.2888902457511496,0.8062793476058996,Hammer,2005-02-04,39.3227653503418,2005-02-18,40.440589904785156,Profit target (+1%),2,0.0284269060043012,0.028169018620167602,3568.484680359349,130249.67056210597
HWM,2005-09-30,33.28369903564453,1.3347982029620482,0.8995590209960938,0.3787858227246898,0.45338046344409744,Hammer,2005-10-07,33.28369903564453,2005-11-11,35.17487716674805,RSI > 90,5,0.056819950483213866,0.056511013815505634,7360.540925239686,137610.21148734566
HWM,2006-06-16,41.9046745300293,8.717245769591784,2.7574386596679688,0.28282926100441863,0.9071958249869193,Hammer,2006-06-23,41.848968505859375,2006-07-07,46.13831329345703,Profit target (+1%),2,0.10249583061998524,0.10224466019270248,14069.909298499671,151680.12078584536
HWM,2008-09-19,39.21391677856445,7.128077354362361,7.672695159912109,0.2937920830327476,1.5542769947611899,Hammer,2008-09-26,38.93580627441406,2009-04-03,11.142881393432617,RSI > 90,27,-0.7138140323870742,-0.7139791786809837,-108296.4479526138,43383.67283323157
HWM,2011-08-12,19.01422119140625,3.541124362427439,2.031698226928711,0.3206107801857876,1.159755279935109,Hammer,2011-08-19,19.35542106628418,2011-11-04,17.587379455566406,RSI > 90,11,-0.09134606809446166,-0.09183899485606743,-3984.3129021841532,39399.35993104741
HWM,2013-04-19,12.77833080291748,5.159104523292228,0.4744424819946289,0.39999879394318266,0.7700857170655828,Hammer,2013-04-26,12.84158992767334,2013-05-03,13.110440254211426,Profit target (+1%),1,0.020935906539012006,0.020149341420207127,793.8711541944315,40193.23108524184
HWM,2013-07-05,12.393248558044434,1.1544261975353294,0.44431495666503906,0.3571425505153489,0.7936928501312274,Hammer,2013-07-12,12.504327774047852,2013-07-19,12.837565422058105,Profit target (+1%),1,0.02664978510095306,0.02583972966803629,1038.5822246889797,41231.81330993082
HWM,2018-12-28,12.580429077148438,3.931021044770219,1.2235145568847656,0.32515425410850635,1.027129486287945,Hammer,2019-01-04,12.595441818237305,2019-01-11,14.209280014038086,Profit target (+1%),1,0.1281287484067497,0.12728428248281426,5248.161767371734,46479.975077302544
IBM,1990-08-24,9.972023010253906,1.650635009081526,0.6209230422973633,0.38000107512843945,1.2861031029913743,Hammer,1990-08-31,10.232810974121094,1990-09-14,10.580528259277344,Profit target (+1%),2,0.033980622336876154,0.032987255382026785,3298.7255349039533,103298.72553490396
IBM,1991-06-21,10.225037574768066,8.594115519387955,0.423370361328125,0.393939666979024,0.8186984560347049,Hammer,1991-06-28,10.17371940612793,1991-07-26,10.366161346435547,Profit target (+1%),4,0.018915593464441605,0.01792385987158484,1851.5118795494095,105150.23741445337
IBM,1991-12-13,9.255257606506348,2.7882375044941625,0.6573343276977539,0.2799997098358396,1.458115423376073,Hammer,1991-12-20,9.228963851928711,1992-01-03,9.439311027526855,Profit target (+1%),2,0.022792068424255962,0.021696768452943212,2281.420351671981,107431.65776612535
IBM,2000-10-27,45.88420867919922,4.2252772932939,3.9486770629882812,0.16279047300704652,0.7784658099908078,Hammer,2000-11-03,45.79237747192383,2000-11-10,48.91458511352539,Profit target (+1%),1,0.06818182007509543,0.06795602310436898,7300.628209994848,114732.2859761202
IBM,2002-02-01,53.22093963623047,3.859554039887385,4.538562774658203,0.2399565625585729,1.426383742152593,Hammer,2002-02-08,53.22093963623047,2002-08-23,39.317955017089844,RSI > 90,28,-0.26123147607255104,-0.261394814525175,-29990.42458278685,84741.86139333335
IBM,2003-08-08,40.38250732421875,6.234972267044199,1.2681884765625,0.26842694195784,0.6083820335004525,Hammer,2003-08-15,40.37751770019531,2003-08-22,40.966678619384766,Profit target (+1%),1,0.014591311025209608,0.014341872477818611,1215.35696842081,85957.21836175417
IBM,2012-10-26,110.04074096679688,7.35268644428524,2.3457717895507812,0.3422308230205064,0.598145153673339,Hammer,2012-11-02,110.911865234375,2013-02-01,117.14441680908203,RSI > 90,13,0.05619373149605433,0.056101040734953526,4822.289403953777,90779.50776570795
IBM,2014-05-30,108.69125366210938,4.938075386345943,1.95733642578125,0.38855280800773334,0.5661413420455619,Hammer,2014-06-06,108.92707824707031,2014-07-11,110.6073226928711,Profit target (+1%),5,0.015425406362131744,0.015332898010193814,1391.9129325952845,92171.42069830323
IBM,2020-10-30,84.36787414550781,9.408451317762598,6.78509521484375,0.3608017667113442,1.130429459095835,Hammer,2020-11-06,85.11589813232422,2020-11-13,90.35908508300781,Profit target (+1%),1,0.061600559539797706,0.06147946116062321,5666.649273274148,97838.0699715774
IBM,2025-08-15,235.32199096679688,2.4400745726099586,9.610382080078125,0.35035708274983884,0.6644428117152946,Hammer,2025-08-22,235.1747589111328,2025-08-29,238.11480712890625,Profit target (+1%),1,0.012501546642955885,0.012458760189819706,1218.9410499917421,99057.01102156914
ICE,2008-03-20,21.229162216186523,8.52159626072509,3.8666515350341797,0.3579597669539704,1.2563527216340964,Hammer,2008-03-28,21.127140045166016,2008-04-04,21.841297149658203,Profit target (+1%),1,0.03380282910822041,0.03332161830213042,3332.1618268808797,103332.16182688088
ICE,2008-10-03,13.298620223999023,8.955428241299217,4.194820404052734,0.31130922014064516,1.4070988384542886,Hammer,2008-10-10,12.905835151672363,2008-10-24,14.862964630126953,Profit target (+1%),2,0.15164686790540483,0.15081359614465958,15583.894906929927,118916.05673381081
ICE,2011-05-06,19.99639129638672,7.774787221251387,1.4572029113769531,0.3698877216313217,1.393539719310986,Hammer,2011-05-13,20.023597717285156,2011-05-27,20.402780532836914,Profit target (+1%),2,0.018936797517882242,0.01843278400030694,2191.953985750626,121108.01071956143
ICE,2021-05-21,105.70091247558594,9.210925230868526,4.338813781738281,0.11302327953198275,1.0104990625203645,Hammer,2021-05-28,106.16795349121094,2021-07-02,111.694580078125,RSI > 90,5,0.05205550644217305,0.05195886904823398,6292.635263377175,127400.6459829386
ICE,2022-05-20,92.19757080078125,0.4164439498175341,5.713951110839844,0.3107435986108348,0.860427759092142,Hammer,2022-05-27,93.57647705078125,2022-06-03,96.59872436523438,Profit target (+1%),1,0.03229708372984641,0.03218849936316518,4100.835607987816,131501.4815909264
ICE,2023-03-03,97.88983917236328,6.02614383095748,3.25726318359375,0.3255101467198831,0.7048423027583318,Hammer,2023-03-10,98.29102325439453,2023-04-06,100.23193359375,Profit target (+1%),4,0.01974656764262228,0.01964382968330448,2583.1927048911657,134084.67429581756
IDXX,2022-05-13,362.17999267578125,0.7998195967362136,36.885009765625,0.14545260489406345,0.8000302369587593,Hammer,2022-05-20,359.6000061035156,2022-05-27,371.6199951171875,Profit target (+1%),1,0.03342599780215738,0.03339772475307167,3339.7724719673943,103339.7724719674
IDXX,2026-02-06,644.6099853515625,6.438043735927906,36.3800048828125,0.38867544669071385,0.9613838098889744,Hammer,2026-02-13,647.719970703125,2026-03-06,639.4749755859375,Profit target (+1%),3,-0.012729258769398788,-0.012748489223419559,-1317.425974515456,102022.34649745194
IFF,1995-05-19,22.46026611328125,4.778411507045618,0.8146209716796875,0.1428554704328769,0.9185195842542481,Hammer,1995-05-26,22.343891143798828,1995-06-09,23.042137145996094,Profit target (+1%),2,0.031249973323963953,0.0307955324391222,3079.553240832667,103079.55324083265
IFF,1996-07-26,20.69289779663086,2.448880182084139,1.1429214477539062,0.15789359500684222,0.978090207919961,Hammer,1996-08-02,20.69289779663086,1996-08-09,21.294435501098633,Profit target (+1%),1,0.029069766370068972,0.028579603121050436,2945.972718572213,106025.52595940485
IFF,1996-10-18,20.853126525878906,6.909237560201703,0.7274341583251953,0.33333245932587807,0.7998232753691059,Hammer,1996-10-25,20.853126525878906,1996-11-22,21.39870262145996,Profit target (+1%),4,0.02616279601545557,0.025677094964236563,2722.42749597034,108747.9534553752
IFF,1997-10-03,24.944664001464844,9.741554118683993,1.2800140380859375,0.14634120900735514,1.1628858527415786,Hammer,1997-10-10,24.91344451904297,1997-12-12,25.350522994995117,Profit target (+1%),9,0.01754387979623062,0.017139050377954858,1863.836650907329,110611.79010628254
IFF,1998-06-26,22.322246551513672,0.675469134079222,1.055349349975586,0.3333321284567157,0.9249333634884769,Hammer,1998-07-02,22.450166702270508,1998-10-23,20.82274627685547,RSI > 90,16,-0.07249034926989872,-0.07291953994932816,-8065.76083945601,102546.02926682653
IFF,1999-03-26,19.54323387145996,5.073168359875751,1.8455657958984375,0.321410116493456,1.384875729247619,Hammer,1999-04-01,19.576189041137695,1999-04-30,19.64210319519043,Profit target (+1%),4,0.003367057495931469,0.002855503510806492,292.82054629786785,102838.84981312441
IFF,2000-10-27,8.866979598999023,0.6786082049698194,0.8125114440917969,0.3043475198948332,0.6944306529715848,Hammer,2000-11-03,8.866979598999023,2000-11-10,9.432205200195312,Profit target (+1%),1,0.06374499849532711,0.0625819294330807,6435.853635548283,109274.70344867269
IFF,2002-01-18,16.485424041748047,3.690134755164749,0.8166875839233398,0.37857020245014067,0.9412319275286486,Hammer,2002-01-25,16.59626007080078,2002-02-01,17.226276397705078,Profit target (+1%),1,0.03796134335185175,0.03734754616577678,4081.142027719728,113355.84547639241
IFF,2002-06-28,19.12152862548828,5.424650610334879,1.2064990997314453,0.3414622964399821,1.1873366867561226,Hammer,2002-07-05,19.18626594543457,2002-10-18,19.9593505859375,RSI > 90,15,0.04029364769057042,0.0397620794101111,4507.264124925334,117863.10960131774
IFF,2004-07-30,22.330808639526367,8.079923726465893,0.8800315856933594,0.09722143956305945,1.111634401370388,Hammer,2004-08-06,22.361364364624023,2004-08-27,23.62030029296875,RSI > 90,3,0.05629960264573031,0.0558399169388529,6581.466243711033,124444.57584502877
IFF,2005-04-01,24.676639556884766,6.032725335091996,0.8978958129882812,0.2896553628631393,1.083129381671891,Hammer,2005-04-08,24.52182960510254,2005-04-15,24.911949157714844,Profit target (+1%),1,0.015909071994005153,0.015498112015799384,1928.655974276242,126373.23181930502
IFF,2005-11-04,20.275224685668945,2.9834931605725927,1.038473129272461,0.391566674441969,1.192721168003046,Hammer,2005-11-11,20.375316619873047,2005-12-02,20.681856155395508,Profit target (+1%),3,0.015044651390765607,0.014550290903395623,1838.7672835343728,128211.9991028394
IFF,2007-11-23,31.392751693725586,5.057384762079664,1.0143470764160156,0.33974539779244467,0.652319961497327,Hammer,2007-11-30,31.158672332763672,2007-12-07,32.60866928100586,Profit target (+1%),1,0.04653590283811604,0.046207550023822416,5924.362356274363,134136.36145911377
IFF,2008-02-01,27.8856258392334,6.541136828730529,3.319093704223633,0.25196863968333966,1.9921030799309045,Hammer,2008-02-08,27.8594913482666,2008-03-07,28.075103759765625,Profit target (+1%),4,0.00773928026192916,0.007379011837293593,989.7937980284987,135126.15525714227
IFF,2008-07-03,26.18222427368164,7.026813403970792,1.1297416687011719,0.14619878104371023,0.8325304131854352,Hammer,2008-07-11,26.10955047607422,2008-07-25,27.4440975189209,RSI > 90,2,0.051113367274155275,0.050720652613194035,6853.686772900346,141979.84203004264
IFF,2008-11-21,18.126026153564453,0.8119354973565862,2.665395736694336,0.36408920629582053,1.0945735636763694,Hammer,2008-11-28,18.39190101623535,2008-12-05,19.947269439697266,Profit target (+1%),1,0.08456811626426886,0.08400156211625635,11926.528507616364,153906.370537659
IFF,2011-08-12,40.0970458984375,1.4316126990607927,2.837158203125,0.12781951854401513,1.4863213659105492,Hammer,2011-08-19,40.367252349853516,2011-09-23,42.19871520996094,RSI > 90,5,0.04537001538362251,0.04511670154845903,6943.747779010362,160850.11831666937
IFF,2013-06-28,55.73177719116211,2.438492171157634,2.8483810424804688,0.35731887299346715,1.3878441743899956,Hammer,2013-07-05,56.48069381713867,2013-07-12,58.79420471191406,Profit target (+1%),1,0.0409610919842025,0.04078043021357865,6559.5370182992665,167409.65533496861
IFF,2019-03-01,105.23373413085938,6.555337804472487,3.0573501586914062,0.2987874719576376,0.5638493737171059,Hammer,2019-03-08,105.84273529052734,2019-04-12,109.4454574584961,RSI > 90,5,0.03403844541696377,0.033942362187604484,5682.279149399259,173091.93448436787
IFF,2022-10-14,79.2533187866211,4.102676961621896,5.67449951171875,0.2722918974734057,0.7331102324991379,Hammer,2022-10-21,81.09662628173828,2022-10-28,85.8133316040039,Profit target (+1%),1,0.05816154800175388,0.05803466019183196,10045.331589701796,183137.2660740697
IFF,2025-04-11,71.05999755859375,4.315245610749471,8.021808624267578,0.24576233707377873,1.8815480354728522,Hammer,2025-04-17,71.64269256591797,2025-05-02,74.19685363769531,Profit target (+1%),2,0.03565138299942139,0.03550932319888244,6503.08036428079,189640.34643835048
INCY,2017-12-22,95.80999755859375,1.9094789488243151,3.94000244140625,0.3502548293650179,0.4793343007679494,Hammer,2017-12-29,95.55999755859375,2018-01-12,99.4000015258789,Profit target (+1%),2,0.04018422002292965,0.040077476744943885,4007.7476704866403,104007.74767048663
INCY,2020-09-25,86.55000305175781,0.10433418771481229,4.930000305175781,0.3123733915210041,0.7057501590571398,Hammer,2020-10-02,87.70999908447266,2020-10-09,89.26000213623047,Profit target (+1%),1,0.017671908196749797,0.017556895261148463,1826.0531303726384,105833.80080085927
INCY,2023-06-02,62.540000915527344,1.1459603878560927,1.9990005493164062,0.2596302473541389,0.5345376338032408,Hammer,2023-06-09,62.36000061035156,2023-06-23,63.41999816894531,Profit target (+1%),2,0.01699803637297892,0.016836327239920974,1781.8525015460245,107615.65330240529
INTC,1998-06-05,9.893362045288086,4.645291636650057,0.7174243927001953,0.30864153220767965,0.8487311592701267,Hammer,1998-06-12,9.911076545715332,1998-07-02,10.89421272277832,Profit target (+1%),3,0.09919570013693502,0.09813721914878451,9813.721905064729,109813.72190506474
INTC,1999-06-04,15.098776817321777,2.9961352276562963,1.0645437240600586,0.18333355729649586,0.7026620818233905,Hammer,1999-06-11,15.311685562133789,1999-06-25,15.826214790344238,Profit target (+1%),2,0.03360369608705227,0.03293984368640145,3617.246830557545,113430.96873562227
INTC,2006-01-27,12.696051597595215,7.185963240912741,0.48686695098876953,0.3128769463112884,0.6063562893599853,Hammer,2006-02-03,12.78979206085205,2006-09-08,11.871476173400879,RSI > 90,31,-0.07180068941558648,-0.07255419885185324,-8229.893053372793,105201.07568224947
INTC,2008-09-26,11.919713020324707,1.9513228660854054,0.8194799423217773,0.2803033212419134,0.7964967813081227,Hammer,2008-10-03,11.646553039550781,2009-04-03,9.546855926513672,RSI > 90,26,-0.1802848538882451,-0.18106574341427434,-19048.310957339527,86152.76472490994
INTC,2012-05-25,18.06258773803711,3.9706300017103615,0.9543552398681641,0.39705850023083517,1.1608865397552888,Hammer,2012-06-01,18.273107528686523,2012-06-15,18.63098907470703,Profit target (+1%),2,0.019585149677397773,0.0190326895426414,1639.7188226097196,87792.48354751965
INTC,2020-03-13,48.250484466552734,8.09119151318096,8.536693572998047,0.3198338757455282,2.3689265361633822,Hammer,2020-03-20,42.116119384765625,2020-04-03,46.97397232055664,Profit target (+1%),2,0.11534426739107917,0.1150931648208852,10104.314768865213,97896.79831638485
INTU,2004-03-19,18.641693115234375,1.327823115599827,0.913421630859375,0.25,0.7563321224032761,Hammer,2004-03-26,18.55825424194336,2004-04-02,19.686857223510742,Profit target (+1%),1,0.06081407048603937,0.060258991607189095,6025.89915469301,106025.89915469302
INTU,2006-11-24,27.920820236206055,4.162270551954066,1.1769084930419922,0.3731352475289244,0.778083507656751,Hammer,2006-12-01,27.780292510986328,2007-04-27,25.795360565185547,RSI > 90,21,-0.07145108155415558,-0.0717981264732766,-7612.460909339059,98413.43824535396
INTU,2009-09-18,24.39009666442871,9.241989832676254,0.7904586791992188,0.3666668275309583,0.6104632839160895,Hammer,2009-09-25,24.451576232910156,2009-10-16,25.206907272338867,RSI > 90,3,0.030890893586323687,0.030475690151009458,2999.2174476616938,101412.65569301565
INTU,2011-08-12,37.23068618774414,1.0950206617830816,2.9071388244628906,0.24471420004750102,1.2569191697581585,Hammer,2011-08-19,37.45904541015625,2011-08-26,39.06631088256836,Profit target (+1%),1,0.042907272590996914,0.04263462354172527,4323.690393514635,105736.34608653028
INTU,2022-05-13,361.3926696777344,1.1793878466244365,50.131866455078125,0.3717271526936102,1.2532816627985632,Hammer,2022-05-20,359.7789306640625,2022-06-03,408.1123962402344,Profit target (+1%),2,0.13434212361174214,0.13431246216855774,14201.70896938692,119938.0550559172
INVH,2022-12-23,26.440567016601562,8.967956071333262,1.1584339141845703,0.3664129427202961,0.5979294044781852,Hammer,2022-12-30,26.422882080078125,2023-01-20,27.643217086791992,Profit target (+1%),3,0.04618478041174612,0.04579765427462092,4579.765422882327,104579.76542288234
INVH,2025-07-18,31.18915557861328,7.199689171875278,0.8271331787109375,0.39765851273820724,0.6074614424094874,Hammer,2025-07-25,31.208499908447266,2026-04-24,26.950000762939453,RSI > 90,39,-0.13645318288288366,-0.13675169904137002,-14301.460592625619,90278.3048302567
IP,1992-06-12,10.55972957611084,2.0413118588540016,0.5650043487548828,0.10344839226938982,1.0634561376891483,Hammer,1992-06-19,10.540246963500977,1992-07-02,10.676627159118652,Profit target (+1%),2,0.012938994322422959,0.011984564804892727,1198.4564792908163,101198.4564792908
IP,1995-10-27,12.52698040008545,3.75789181107028,0.7170324325561523,0.2352941958840906,1.0958200323919196,Hammer,1995-11-03,12.569158554077148,1995-12-08,12.656444549560547,Profit target (+1%),5,0.006944458143945065,0.0061464148993365005,622.0077000721617,101820.46417936297
IP,2000-03-10,13.462167739868164,7.856495679422977,1.7002391815185547,0.2876712866622168,1.0219011230708934,Hammer,2000-03-17,13.136094093322754,2000-03-24,14.393805503845215,Profit target (+1%),1,0.09574470170412153,0.09494730055669008,9667.578205592094,111488.04238495507
IP,2000-09-29,10.837401390075684,4.178086771880842,0.9444351196289062,0.3249995960868898,0.8107253159195777,Hammer,2000-10-06,11.002676963806152,2000-10-13,11.262396812438965,Profit target (+1%),1,0.023605150772596062,0.022685971749889178,2529.214577466323,114017.2569624214
IP,2006-06-16,14.01429557800293,3.75184723950089,0.7057876586914062,0.32499945951204745,0.8932395650469923,Hammer,2006-06-23,13.992238998413086,2006-07-07,14.345133781433105,Profit target (+1%),2,0.025220751522329055,0.024497315724829348,2793.1167390943174,116810.37370151571
IP,2007-08-17,15.114106178283691,2.7451981518123603,1.3619604110717773,0.3221475241208891,1.4985711987134458,Hammer,2007-08-24,14.762189865112305,2007-08-31,15.735671997070312,Profit target (+1%),1,0.06594429016650527,0.0652447852813383,7621.267743167011,124431.64144468271
IP,2014-03-28,25.85131072998047,7.163915552339091,1.1119461059570312,0.30456962503001817,1.055607215287791,Hammer,2014-04-04,26.05451011657715,2014-05-16,26.48912811279297,RSI > 90,6,0.01668110412635615,0.016294166479580544,2027.5098789996243,126459.15132368232
IP,2016-01-29,20.71511459350586,7.282834042170151,1.5198726654052734,0.31872457962655504,1.0899175363142253,Hammer,2016-02-05,20.60611915588379,2016-02-12,20.890718460083008,Profit target (+1%),1,0.01381139757788663,0.013322872092602035,1684.7990963396255,128143.95042002195
IP,2017-11-17,35.50400161743164,4.151812044845016,0.8972587585449219,0.27487234865716315,0.712432058181144,Hammer,2017-11-24,35.3664665222168,2017-12-01,35.962459564208984,Profit target (+1%),1,0.016851925018231295,0.01656682913116219,2122.938928677684,130266.88934869962
IP,2020-03-13,24.0836238861084,3.582417800002773,4.06195068359375,0.17730481134768825,1.8884802352472287,Hammer,2020-03-20,20.727474212646484,2020-03-27,20.83550453186035,Profit target (+1%),1,0.005211938420743634,0.004728346371417148,615.9469729517762,130882.83632165141
IP,2021-12-23,37.376548767089844,3.5893004227037153,1.761199951171875,0.37499783403510595,0.8941244092593081,Hammer,2021-12-31,37.34393310546875,2022-01-07,38.60775375366211,Profit target (+1%),1,0.03384273007944838,0.03357045419885829,4393.79625775887,135276.6325794103
IP,2023-06-02,26.558055877685547,5.9267807777040105,1.4467945098876953,0.1691848914423423,0.8332529749399408,Hammer,2023-06-09,26.689186096191406,2023-06-16,27.4322509765625,Profit target (+1%),1,0.027841421529041233,0.027461593237176275,3714.911854675802,138991.54443408613
IQV,2022-01-28,238.82000732421875,5.809550807878111,14.524993896484375,0.37796850542593313,1.046890972374373,Hammer,2022-02-04,238.92999267578125,2022-02-11,249.88999938964844,Profit target (+1%),1,0.04587120516401422,0.045828392866362685,4582.83928205343,104582.83928205342
IQV,2022-05-13,208.7100067138672,5.351397839861562,13.929885864257812,0.23905339962690694,0.8703623265729528,Hammer,2022-05-20,206.60000610351562,2022-06-03,216.6199951171875,Profit target (+1%),2,0.04849946136328498,0.04844988610129096,5067.02664629808,109649.86592835152
IR,2023-10-06,63.253623962402344,5.054618425860895,2.11444091796875,0.3962272320526513,0.7123167189638321,Hammer,2023-10-13,63.10401916503906,2023-10-20,64.72974395751953,Profit target (+1%),1,0.025762618831435047,0.025602121754659462,2560.2121729057344,102560.21217290573
IRM,2013-06-28,12.761029243469238,0.6405127929041754,0.4603757858276367,0.2708337217419765,0.523933495283782,Hammer,2013-07-05,12.775415420532227,2013-07-19,13.513935089111328,Profit target (+1%),2,0.05780787898232864,0.05700281599678721,5700.28159397844,105700.28159397843
IRM,2019-05-10,21.67319679260254,2.9325731674782674,0.6360244750976562,0.1956516523720986,0.5996504091359612,Hammer,2019-05-17,21.493450164794922,2019-05-24,22.157127380371094,Profit target (+1%),1,0.030878114518033017,0.030405783233928646,3213.8998466978264,108914.18144067626
IRM,2024-12-27,99.57627868652344,6.601652594291252,3.5515365600585938,0.39759015439080403,0.5607138987560217,Hammer,2025-01-03,98.93919372558594,2025-01-10,100.17533111572266,Profit target (+1%),1,0.01249391008345202,0.012392211649501234,1349.687586695352,110263.86902737162
ISRG,2012-08-03,54.76100158691406,4.07406473714299,2.8922157287597656,0.27814085629081337,0.8530227234610162,Hammer,2012-08-10,54.82767105102539,2012-08-17,55.35100173950195,Profit target (+1%),1,0.009545010365104245,0.009361766965517186,936.176695615542,100936.17669561553
ISRG,2022-05-13,223.69000244140625,2.2325131647311878,18.079986572265625,0.17311902370684198,0.7422463344838344,Hammer,2022-05-20,221.1199951171875,2022-06-03,228.39999389648438,Profit target (+1%),2,0.03292329477231881,0.032877327031455905,3318.511687208059,104254.6883828236
IT,2018-12-28,125.70999908447266,4.8642800509844335,7.509895324707031,0.3675143776978819,0.9729733808664548,Hammer,2019-01-04,126.48999786376953,2019-01-18,127.86000061035156,Profit target (+1%),2,0.010830917619727876,0.010751434993869814,1075.143498311838,101075.14349831184
IT,2019-08-09,130.5800018310547,6.797999323900683,7.640007019042969,0.38089018175717576,0.9079880695698362,Hammer,2019-08-16,129.6999969482422,2019-09-06,132.72999572753906,Profit target (+1%),3,0.02336159483878797,0.023283596240335977,2353.3928287953195,103428.53632710717
IT,2020-02-14,152.41000366210938,6.673309398829701,5.81500244140625,0.3018063879588131,0.8997244782588988,Hammer,2020-02-21,152.52999877929688,2020-02-28,150.02000427246094,Profit target (+1%),1,-0.01645574330901145,-0.016520762624990252,-1708.7182956016004,101719.81803150557
ITW,1994-04-22,5.266365051269531,2.894692533914551,0.19998836517333984,0.3333333333333333,0.7095415523083125,Hammer,1994-04-29,5.249699115753174,1994-05-06,5.483582973480225,Profit target (+1%),1,0.04455185955804919,0.04260640862497045,4260.640858236404,104260.6408582364
ITW,1998-12-18,16.27610969543457,8.862229558632777,0.982177734375,0.1428563105891126,0.7858681466389703,Hammer,1998-12-24,16.27610969543457,1998-12-31,16.83735466003418,Profit target (+1%),1,0.0344827464978954,0.033857947947748594,3530.051347647027,107790.69220588342
ITW,2000-06-09,16.667423248291016,4.538317895283427,0.8547382354736328,0.33333258949989847,0.6047122914617991,Hammer,2000-06-16,16.596195220947266,2000-07-21,17.077791213989258,Profit target (+1%),5,0.029018457943549292,0.028407351806027444,3062.048111845703,110852.74031772913
ITW,2001-03-02,17.742259979248047,9.218574574998883,0.8434982299804688,0.3993162022087754,0.7158718862231941,Hammer,2001-03-09,17.805593490600586,2001-03-16,18.6519718170166,Profit target (+1%),1,0.04753440691897248,0.046959598895871056,5205.600216623114,116058.34053435223
ITW,2002-09-20,17.69518280029297,6.3198816269381695,1.3659133911132812,0.335482843944971,1.035634489426183,Hammer,2002-09-27,17.389686584472656,2002-10-04,17.601892471313477,Profit target (+1%),1,0.012202973630950797,0.01162457776165498,1349.1292030810823,117407.4697374333
ITW,2006-06-16,29.80666732788086,5.259534059526857,1.6686286926269531,0.35555563175979205,1.3494921649468286,Hammer,2006-06-23,29.800487518310547,2006-10-13,29.82542610168457,RSI > 90,16,0.0008368515232746176,0.0005012024502148227,58.84491144707931,117466.31464888038
ITW,2011-08-12,31.838903427124023,1.9610103030571366,2.725618362426758,0.13989624977869278,1.3086831566850379,Hammer,2011-08-19,31.782411575317383,2011-10-21,33.25616455078125,Profit target (+1%),9,0.046370080255596635,0.0460481965320026,5409.111937432588,122875.42658631295
IVZ,2011-06-10,12.680157661437988,6.189070654221084,0.40903663635253906,0.3918900644896551,0.5605051084497332,Hammer,2011-06-17,12.707795143127441,2011-07-08,12.978643417358398,Profit target (+1%),3,0.021313553703093513,0.0205185619129537,2051.8561892435137,102051.85618924351
IVZ,2014-02-07,19.43212127685547,2.18968277418368,0.9810619354248047,0.30722705347821266,1.0952527780888182,Hammer,2014-02-14,19.751258850097656,2014-02-21,20.399011611938477,Profit target (+1%),1,0.032795517832911125,0.03228104909334439,3294.3409764175503,105346.19716566105
IVZ,2014-10-17,22.1192569732666,1.4682572279373431,1.6277446746826172,0.15185251585702952,1.713287808538761,Hammer,2014-10-24,22.00471305847168,2014-10-31,22.794471740722656,Profit target (+1%),1,0.03589043311550588,0.03542793493851757,3732.198215473086,109078.39538113413
IVZ,2016-02-12,16.539926528930664,9.42173393705707,1.204606056213379,0.2124341215132992,0.9279618079047574,Hammer,2016-02-19,16.89935302734375,2016-03-04,17.000246047973633,Profit target (+1%),2,0.005970229775461577,0.005376900286148705,586.503654750958,109664.8990358851
IVZ,2016-07-01,16.122941970825195,4.199134454460378,1.9063644409179688,0.3472456787702454,1.3616751546877384,Hammer,2016-07-08,15.874701499938965,2016-07-15,16.51121711730957,Profit target (+1%),1,0.0400962258958415,0.03945386614307658,4326.704242829115,113991.60327871422
IVZ,2022-05-13,14.897370338439941,5.931587956760779,1.1607246398925781,0.22302129309806526,0.7800940886635649,Hammer,2022-05-20,14.822216033935547,2022-05-27,15.866033554077148,Profit target (+1%),1,0.07042250077530743,0.0697243176180525,7947.986744848118,121939.59002356233
J,2008-07-11,59.39089584350586,4.467491913487876,7.5379638671875,0.25529748506097066,1.3323649217135218,Hammer,2008-07-18,60.113502502441406,2008-07-25,63.18649673461914,Profit target (+1%),1,0.05111986665646251,0.05094927692274691,5094.927687179763,105094.92768717976
J,2008-09-12,49.14505386352539,5.451687186162857,8.53439712524414,0.2522280791385461,1.418204159196177,Hammer,2008-09-19,46.88594436645508,2008-09-26,48.285526275634766,Profit target (+1%),1,0.029850777841664344,0.029634334047956776,3114.418190713328,108209.34587789308
J,2011-03-11,37.33229064941406,8.066847076049527,2.1069793701171875,0.267147295467219,0.9268722006105595,Hammer,2011-03-18,36.853084564208984,2011-04-08,39.2567138671875,RSI > 90,3,0.06522193003385324,0.06494177142625701,7027.306599159612,115236.6524770527
J,2011-05-27,34.517913818359375,3.955429378962947,1.4908561706542969,0.20408168487202516,0.669200566689092,Hammer,2011-06-03,34.890628814697266,2011-11-04,30.288747787475586,RSI > 90,22,-0.13189447090971296,-0.13216214133041376,-15229.922735886092,100006.72974116662
J,2014-05-23,40.58022689819336,5.9934571101956635,0.859527587890625,0.39822918515888517,0.4036652620832792,Hammer,2014-05-30,40.76278305053711,2014-06-06,41.87331771850586,Profit target (+1%),1,0.02724383824803933,0.026995205174745268,2699.7021855183903,102706.431926685
J,2016-01-22,28.45560073852539,8.706212175294922,2.4416580200195312,0.3115264675830305,1.2734705192819744,Hammer,2016-01-29,28.235013961791992,2016-02-05,29.505287170410156,Profit target (+1%),1,0.044989289197346016,0.04462721620192126,4583.502138336578,107289.93406502157
J,2022-05-13,105.94151306152344,4.366283298358837,6.8462371826171875,0.35813896472948126,1.138371007918962,Hammer,2022-05-20,105.83006286621094,2022-05-27,109.41239166259766,Profit target (+1%),1,0.033849822057797185,0.03375373623486772,3621.4361314656517,110911.37019648722
JBHT,2022-04-14,165.1358184814453,8.529128614832118,7.190673828125,0.3297732828574339,0.5511985137688713,Hammer,2022-04-22,164.90541076660156,2022-05-13,166.77748107910156,Profit target (+1%),3,0.011352388643873113,0.011291405459752369,1129.1405448460964,101129.1405448461
JBL,2007-06-15,16.162212371826172,9.793025383690704,0.5104684829711914,0.1538490280515259,0.43830551061253215,Hammer,2007-06-22,16.12294578552246,2007-06-29,18.180524826049805,Profit target (+1%),1,0.12761805862889775,0.1269584525988046,12695.845247184614,112695.84524718462
JBL,2008-09-26,8.821246147155762,1.325940001155658,1.0274066925048828,0.26562543510991227,0.7147943840020852,Hammer,2008-10-03,8.660714149475098,2009-04-09,5.100656986236572,RSI > 90,27,-0.41105815314944794,-0.4119749511302276,-46427.86529186071,66267.97995532391
JBL,2025-03-14,135.6876983642578,3.2771983195876118,6.877716064453125,0.1364295888076887,0.6677038332199705,Hammer,2025-03-21,134.43992614746094,2025-03-28,147.73619079589844,Profit target (+1%),1,0.09890116001591265,0.09882310198798377,6548.807335113834,72816.78729043774
JCI,1991-12-13,1.5885876417160034,2.9301574422538863,0.09423816204071045,0.14285660072331496,0.734060025273469,Hammer,1991-12-20,1.5818562507629395,1991-12-27,1.6626319885253906,Profit target (+1%),1,0.05106389264099853,0.04460122820099361,4460.122815639239,104460.12281563925
JCI,1993-05-21,2.1589231491088867,8.770781036080322,0.1366407871246338,0.20000069794263958,1.0639816275699774,Hammer,1993-05-28,2.1589231491088867,1993-06-04,2.288731813430786,Profit target (+1%),1,0.06012657948268285,0.05536641371540256,5783.582370788863,110243.7051864281
JCI,1997-04-04,6.334291934967041,8.818298656358465,0.28916072845458984,0.07714036945057337,0.8879052128033403,Hammer,1997-04-11,6.348337173461914,1997-04-18,6.502831935882568,Profit target (+1%),1,0.024336256597474293,0.022743128292358403,2507.286727972585,112750.99191440067
JCI,1997-10-31,8.55088996887207,3.4486619188572973,1.4063963890075684,0.3600000949336939,2.6335052880584255,Hammer,1997-11-07,8.986872673034668,1997-12-26,9.268152236938477,RSI > 90,7,0.03129893725408994,0.030169417847445503,3401.6317843778716,116152.62369877854
JCI,2001-04-06,19.51081085205078,7.353815810492151,2.170377731323242,0.37499945074404406,0.9789482529627896,Hammer,2001-04-12,19.96297264099121,2001-04-20,21.319459915161133,Profit target (+1%),1,0.06795016446521407,0.06743234770894016,7832.4441007292735,123985.0677995078
JCI,2002-02-08,13.520445823669434,0.38677596629156596,5.294150352478027,0.3264957391207387,1.8750623008286769,Hammer,2002-02-15,13.800990104675293,2002-03-15,15.837202072143555,Profit target (+1%),4,0.14754100626291033,0.14676324929293555,18196.451395864227,142181.51919537204
JCI,2003-02-14,6.9081711769104,9.449772220760806,0.5991315841674805,0.1742421227725294,0.629352071475363,Hammer,2003-02-21,7.0125651359558105,2003-05-02,6.678532123565674,RSI > 90,10,-0.04763349871467659,-0.049024555629333555,-6970.385790286287,135211.13340508574
JCI,2011-08-12,13.446760177612305,1.6510312955184219,1.2790660858154297,0.2150264166812059,1.5634208576015627,Hammer,2011-08-19,13.744987487792969,2011-09-23,15.146657943725586,RSI > 90,5,0.10197684480814928,0.10121248889630764,13685.05532473436,148896.18872982007
JCI,2015-10-02,25.072309494018555,9.649596934683444,0.9696464538574219,0.10526305436548683,0.8552517481159871,Hammer,2015-10-09,25.15250587463379,2015-10-16,26.530426025390625,Profit target (+1%),1,0.054782619180161474,0.054374235569039725,8096.1164332313165,156992.3051630514
JCI,2017-11-17,29.816614151000977,4.580090909897578,1.7616329193115234,0.1255820953374989,1.1258640101733282,Hammer,2017-11-24,30.1033935546875,2017-12-08,30.906368255615234,Profit target (+1%),2,0.026673893076838873,0.026337330136442207,4134.758165825608,161127.063328877
JCI,2022-02-25,59.67473220825195,4.524203722200895,3.693756103515625,0.15802502540545452,1.0492497324226313,Hammer,2022-03-04,58.88125228881836,2022-03-25,59.897579193115234,Profit target (+1%),3,0.017260619718339143,0.017089335204440618,2753.5543929807563,163880.61772185774
JCI,2022-05-13,47.87588119506836,3.6764160627733418,3.4203643798828125,0.2520108673831288,0.8921238940625722,Hammer,2022-05-20,47.554935455322266,2022-06-03,49.80155563354492,Profit target (+1%),2,0.047242629113298795,0.04702740146322823,7706.879593940759,171587.4973157985
JCI,2023-10-06,49.87016296386719,1.6019466625893841,2.0576820373535156,0.39814871461173246,0.7172799371743886,Hammer,2023-10-13,49.67963790893555,2023-12-08,50.870426177978516,RSI > 90,8,0.023969342756195777,0.023765661152792914,4077.890315185141,175665.38763098363
JKHY,2023-02-17,161.12925720214844,5.682806718764951,7.6750946044921875,0.38633584826886946,0.833413737413795,Hammer,2023-02-24,160.2902374267578,2023-05-05,155.4226531982422,RSI > 90,10,-0.030367315606103507,-0.030428753260646937,-3042.875323021819,96957.12467697817
JKHY,2026-06-12,128.22999572753906,6.996332270124313,5.970008850097656,0.3969860741392024,0.6161746959140318,Hammer,2026-06-18,129.47000122070312,2026-06-22,123.41999816894531,End of data,1,-0.04672899509319206,-0.04680442552325549,-4538.0225163546,92419.10216062356
JNJ,1991-01-11,3.6458303928375244,9.819775450896358,0.18799853324890137,0.2857139233731927,1.0991807931507767,Hammer,1991-01-18,3.5988306999206543,1991-01-25,3.840543270111084,Profit target (+1%),1,0.06716419591390022,0.06429618633181944,6429.618626752324,106429.61862675232
JNJ,1991-06-21,4.632228374481201,7.960042743351096,0.1557621955871582,0.26086996451935823,0.7176460052041078,Hammer,1991-06-28,4.598367214202881,1991-07-19,4.73381233215332,Profit target (+1%),3,0.029455046028532328,0.027250730196670032,2900.2848192318306,109329.90344598414
JNJ,1991-10-11,4.700013637542725,2.592102148174874,0.1428370475769043,0.38095349372894766,0.770327426989653,Hammer,1991-10-18,4.700013637542725,1991-10-25,4.931273460388184,Profit target (+1%),1,0.04920407485591194,0.04702639352199962,5141.391058031681,114471.29450401582
JNJ,1992-02-21,5.456545829772949,2.5192910487861013,0.1987934112548828,0.24137922763252578,0.7066918041972656,Hammer,1992-02-28,5.422270774841309,1992-03-06,5.525095462799072,Profit target (+1%),1,0.01896339969498717,0.01710338249347396,1957.84633246744,116429.14083648326
JNJ,1994-03-18,4.5294365882873535,1.7218464109647016,0.1146693229675293,0.375001559387722,0.5631219299638563,Hammer,1994-03-25,4.5294365882873535,1994-04-29,4.601105213165283,Profit target (+1%),5,0.015822856437212707,0.013600063354557065,1583.4436901093754,118012.58452659265
JNJ,2001-03-30,22.347265243530273,6.181312653454853,2.2303829193115234,0.20160377915155517,1.5639540664557638,Hammer,2001-04-06,22.354928970336914,2001-04-12,23.210803985595703,Profit target (+1%),1,0.03828574075965352,0.03782995090820464,4464.410274726939,122476.9948013196
JNJ,2002-05-17,31.92759132385254,9.447108625715543,1.39617919921875,0.34153142076502735,1.0526827969681771,Hammer,2002-05-24,31.92759132385254,2002-10-25,31.01797866821289,RSI > 90,22,-0.028489861524884086,-0.028798560264438312,-3527.1611122659397,118949.83368905364
JNJ,2015-08-28,70.83406829833984,4.348320694180458,10.874073028564453,0.36413380748361823,4.003859902979231,Hammer,2015-09-04,70.61822509765625,2015-10-23,72.97762298583984,RSI > 90,7,0.03341060873338053,0.03326664684223776,3957.062105319601,122906.89579437324
JNJ,2018-12-28,103.40099334716797,5.83248569225006,6.296516418457031,0.19096761529485748,1.2190035270971964,Hammer,2019-01-04,104.14031982421875,2019-01-18,104.59530639648438,Profit target (+1%),2,0.004368976137519187,0.004272746706397342,525.1500336737795,123432.045828047
JNJ,2023-02-17,145.84213256835938,1.9379023176773273,4.715728759765625,0.31394919915871217,0.8781654027928241,Hammer,2023-02-24,145.16925048828125,2023-04-14,149.6975555419922,RSI > 90,7,0.031193279833572563,0.031123322755337107,3841.6153968162525,127273.66122486326
JNJ,2025-04-11,146.7729949951172,4.04964862349982,11.695022583007812,0.19106654750177768,1.8427345843342477,Hammer,2025-04-17,146.63275146484375,2025-04-25,152.7994842529297,Profit target (+1%),1,0.04205563031779058,0.0419860010575928,5343.712069447105,132617.37329431038
JPM,1990-02-02,2.765429973602295,0.0,0.15878081321716309,0.25000037538946657,,Hammer,1990-02-09,2.7521982192993164,1990-02-23,2.8051252365112305,Profit target (+1%),2,0.019230815876840834,0.01556907186122539,1556.9071845656322,101556.90718456564
JPM,1990-09-28,1.7764478921890259,4.869823354594544,0.41545963287353516,0.3793103151448096,1.847045921794258,Hammer,1990-10-05,1.7764478921890259,1990-10-12,1.8337526321411133,Profit target (+1%),1,0.03225804719860026,0.026554096900336346,2696.751951580669,104253.65913614632
JPM,1995-03-10,5.351072311401367,9.811285587792668,0.3087153434753418,0.05555564136584582,1.2958732559307313,Hammer,1995-03-17,5.333921432495117,1995-03-24,5.402524948120117,Profit target (+1%),1,0.012861740933613364,0.010976658181990107,1144.3567794148312,105398.01591556115
JPM,1998-09-11,13.972417831420898,7.680940944955054,2.999513626098633,0.3987342053873531,1.5717397851510995,Hammer,1998-09-18,14.238198280334473,1998-09-25,13.820544242858887,Profit target (+1%),1,-0.029333348872690013,-0.030025141057401842,-3164.590291870418,102233.42562369074
JPM,1998-10-09,13.120128631591797,7.815219328566215,2.681486129760742,0.2928572393910963,1.3403495538894752,Hammer,1998-10-16,13.618118286132812,1998-10-23,15.016322135925293,Profit target (+1%),1,0.10267232376856761,0.10190059431588104,10417.646819584861,112651.0724432756
JPM,2000-05-12,22.647136688232422,4.474788559524711,1.6007137298583984,0.3086417987810327,0.6328830955027127,Hammer,2000-05-19,23.002851486206055,2000-06-09,25.453327178955078,Profit target (+1%),3,0.1065292141810541,0.1060714293210805,11949.060256661767,124600.13269993737
JPM,2000-10-20,18.45435333251953,1.5043989157019553,3.9974403381347656,0.27819554253486717,1.61891533672728,Hammer,2000-10-27,18.364185333251953,2000-11-03,20.588327407836914,Profit target (+1%),1,0.12111302702645443,0.12053567071245741,15018.76055082939,139618.89325076673
JPM,2002-02-08,15.609258651733398,3.30455472963412,2.03140926361084,0.30370308818372205,1.2221196135286199,Hammer,2002-02-15,15.659416198730469,2002-03-15,17.80619239807129,Profit target (+1%),4,0.1370917135157863,0.13640956498040419,19045.352472337232,158664.24572310396
JPM,2003-02-14,11.547085762023926,5.868638024670119,0.8402690887451172,0.37735930431308634,0.6484188756469341,Hammer,2003-02-21,11.668634414672852,2003-02-28,12.096694946289062,Profit target (+1%),1,0.03668471531492501,0.03581237143170606,5682.142895085137,164346.38861818908
JPM,2008-01-11,25.786483764648438,4.904230876402366,2.2719364166259766,0.3555550145279894,1.1945129569731199,Hammer,2008-01-18,26.045230865478516,2008-02-01,27.635587692260742,Profit target (+1%),2,0.061061344973146525,0.060665751291920374,9970.197127666157,174316.58574585523
JPM,2008-06-13,25.182283401489258,7.81130774623503,2.487691879272461,0.19181578618488393,1.0050776615566532,Hammer,2008-06-20,25.1186580657959,2008-07-25,25.95326805114746,Profit target (+1%),5,0.03322669480054952,0.032822050960572856,5721.427854902102,180038.01360075732
JPM,2010-05-28,26.150352478027344,7.725990750300937,2.074586868286133,0.28980831696057946,1.13033136145719,Hammer,2010-06-04,25.97857093811035,2010-07-30,26.3316650390625,Profit target (+1%),8,0.013591744588004273,0.013204270566557553,2377.270641472697,182415.28424223
JPM,2011-06-10,27.372575759887695,1.2235115034076642,0.9335365295410156,0.3214293011225028,0.6979218486504765,Hammer,2011-06-17,27.78599739074707,2011-07-29,27.8560791015625,Profit target (+1%),6,0.002522195256477122,0.0021619127219750698,394.36592329160965,182809.65016552163
JPM,2013-08-23,37.21542739868164,5.594440500191197,1.6288871765136719,0.2751081374135545,1.0309556042933532,Hammer,2013-08-30,37.10161590576172,2013-09-27,37.044715881347656,Profit target (+1%),4,-0.0015336265826962903,-0.0018029136524863774,-329.59001376008746,182480.06015176154
JPM,2016-01-22,43.326698303222656,5.30472347380298,2.518199920654297,0.3081570173192897,1.006628469177967,Hammer,2016-01-29,42.9691276550293,2016-02-05,45.008033752441406,Profit target (+1%),1,0.04745048849446376,0.04721226952409498,8615.297774042734,191095.35792580427
JPM,2025-03-14,226.6099395751953,2.5034502687118874,12.9468994140625,0.3817767605434608,1.0510588579481133,Hammer,2025-03-21,225.38153076171875,2025-03-28,239.3228759765625,Profit target (+1%),1,0.061856644454079124,0.06181090399573221,11811.776810970197,202907.13473677446
KDP,2011-08-12,4.137704849243164,3.794141619188707,0.3758537769317627,0.2764701591238515,1.8994024826105438,Hammer,2011-08-19,4.144338130950928,2011-09-23,4.223003387451172,Profit target (+1%),5,0.018981379900629536,0.01654848419993858,1654.8484183390096,101654.848418339
KDP,2017-05-05,11.86898422241211,8.311640828140256,0.23540210723876953,0.26478607340066523,0.6543543257009772,Hammer,2017-05-12,11.854669570922852,2017-06-02,12.108420372009277,Profit target (+1%),3,0.021405134876878007,0.020552916725778463,2089.3036322244507,103744.15205056344
KDP,2024-07-12,30.931568145751953,8.629271790176631,0.9482383728027344,0.2599979885346475,0.9065170996264056,Hammer,2024-07-19,30.836746215820312,2024-07-26,31.272933959960938,Profit target (+1%),1,0.01414506384972758,0.013818534824789357,1433.5921765453609,105177.7442271088
KEY,1997-04-04,8.866181373596191,5.908608199495291,0.5085344314575195,0.30434872298808974,1.1355760226533447,Hammer,1997-04-11,8.866181373596191,1997-05-09,9.374715805053711,Profit target (+1%),4,0.05735664656849382,0.05619707347449092,5619.707341829384,105619.70734182937
KEY,2004-04-16,13.816977500915527,2.7447145138945217,0.746098518371582,0.34810140335224665,1.4360902523605148,Hammer,2004-04-23,13.873642921447754,2004-04-30,14.232525825500488,Profit target (+1%),1,0.025867964606320237,0.02513811372101658,2655.080211684316,108274.7875535137
KEY,2005-10-14,15.736946105957031,9.895312090639194,0.560603141784668,0.33035800862486925,1.101685931510578,Hammer,2005-10-21,15.706913948059082,2005-11-04,16.087324142456055,Profit target (+1%),2,0.024219283027521854,0.02357511603115228,2552.590677269857,110827.37823078355
KEY,2007-11-23,13.747594833374023,6.514240714015287,0.9954595565795898,0.20704051963231032,0.8928427172213951,Hammer,2007-11-30,13.775035858154297,2007-12-07,14.521410942077637,Profit target (+1%),1,0.05418316813175594,0.05343782059083618,5922.373548526983,116749.75177931052
KEY,2008-06-20,6.53899621963501,0.30240298096993,1.207984447479248,0.281690046330379,0.8115699205235768,Hammer,2008-06-27,6.578695297241211,2008-08-15,6.8339033126831055,Profit target (+1%),7,0.03879310469796593,0.03724473937070637,4348.314072266769,121098.0658515773
KEY,2014-02-07,7.968429088592529,8.027011455159965,0.3877887725830078,0.2096779350066154,1.2118944499986515,Hammer,2014-02-14,7.98093843460083,2014-02-21,8.099776268005371,Profit target (+1%),1,0.014890208009790795,0.013628684254937046,1650.4073017243136,122748.47315330162
KEY,2014-08-15,8.325510025024414,8.38152130294317,0.19567203521728516,0.3870999186068614,0.5690513110295614,Hammer,2014-08-22,8.376006126403809,2014-08-29,8.615860939025879,Profit target (+1%),1,0.028635940447317987,0.02742568244854616,3366.460642379883,126114.93379568151
KEY,2016-01-29,7.261482238769531,4.061922108823822,0.3253350257873535,0.30000131911232536,0.673823445293665,Hammer,2016-02-05,7.320042610168457,2016-03-11,7.496262550354004,RSI > 90,5,0.02407362218640019,0.022692010003437228,2861.8013364126273,128976.73513209415
KEY,2016-07-01,7.229147434234619,4.502417771622433,0.5936341285705566,0.2111104060353061,1.1403499569123738,Hammer,2016-07-08,7.209360122680664,2016-07-15,7.4138336181640625,Profit target (+1%),1,0.028362225218868442,0.02695644411650691,3476.754149441056,132453.4892815352
KEY,2020-03-13,9.41342830657959,0.9890539030425458,2.196220874786377,0.25925955679013174,2.1692658050828015,Hammer,2020-03-20,7.394680976867676,2020-04-03,8.163727760314941,Profit target (+1%),2,0.10399999484129574,0.10257831193265485,13586.855326503017,146040.34460803823
KEYS,2021-05-14,139.85000610351562,8.64512622578738,7.540008544921875,0.39787753317872193,1.0263228728585054,Hammer,2021-05-21,139.85000610351562,2021-06-04,143.07000732421875,Profit target (+1%),2,0.02302467701231059,0.02295235122529122,2295.235120233887,102295.23512023389
KEYS,2022-02-25,159.97999572753906,6.6289290430338355,14.360000610351562,0.14972207965810114,1.3346875194552725,Hammer,2022-03-04,158.27999877929688,2022-03-25,161.0,Profit target (+1%),3,0.017184743755879417,0.017121023733157402,1751.3991465310419,104046.63426676494
KEYS,2022-05-13,136.6699981689453,4.563914906792846,9.799995422363281,0.17653025873780173,0.950359191880191,Hammer,2022-05-20,135.39999389648438,2022-05-27,138.9499969482422,Profit target (+1%),1,0.026218635242124533,0.026143814566131088,2720.175909780188,106766.81017654513
KEYS,2025-03-14,152.02999877929688,6.345409086155314,7.540008544921875,0.35278523177548154,0.7293607501182315,Hammer,2025-03-21,151.5800018310547,2025-03-28,157.13999938964844,Profit target (+1%),1,0.036680284281766395,0.03661310480293656,3909.0644065600163,110675.87458310513
KHC,2018-02-16,46.66670227050781,3.5021157822553164,3.3813552856445312,0.38596483311183866,1.6541722187277663,Hammer,2018-02-23,46.65351867675781,2018-06-22,41.30466842651367,RSI > 90,17,-0.11465052158882216,-0.11485255859426943,-11485.255847941688,88514.74415205832
KHC,2018-12-28,29.964807510375977,1.1571899950457833,2.0288333892822266,0.3322029946610535,0.9648648583226067,Hammer,2019-01-04,29.51089859008789,2019-01-11,30.5975284576416,Profit target (+1%),1,0.03682130736333078,0.03647626936607196,3228.6876473307348,91743.43179938906
KHC,2023-06-30,30.156330108642578,3.8554179474884336,0.9344215393066406,0.39090968471502696,0.8080172147656318,Hammer,2023-07-07,30.147836685180664,2023-07-21,30.31772804260254,Profit target (+1%),2,0.005635275233708104,0.005302697026195825,486.48762248913226,92229.91942187819
KHC,2024-05-31,31.10987091064453,5.635486825526414,1.0730552673339844,0.3360671181499849,0.882105336255756,Hammer,2024-06-07,31.10987091064453,2024-08-09,32.13145446777344,RSI > 90,9,0.03283792337368263,0.03251125675674382,2998.5105879799657,95228.43000985814
KIM,2007-11-23,15.276604652404785,9.847443895355099,1.207747459411621,0.2575253767524863,0.9045570698335877,Hammer,2007-11-30,15.106955528259277,2007-12-07,16.019834518432617,Profit target (+1%),1,0.060427727378007834,0.05974600629845422,5974.600623870821,105974.60062387084
KIM,2008-10-10,12.573407173156738,9.190366145961036,3.4874534606933594,0.2288135176080025,1.7728020207775759,Hammer,2008-10-17,12.940729141235352,2009-04-24,4.983682155609131,RSI > 90,27,-0.6148839759168796,-0.6154189461796481,-65218.77697253289,40755.823651337945
KIM,2011-03-18,8.685566902160645,6.314439319806169,0.48635292053222656,0.2929283223982211,1.100283770537508,Hammer,2011-03-25,8.79855728149414,2011-04-21,8.82623291015625,Profit target (+1%),4,0.0031454734880591584,0.002007782547091992,81.82883133768655,40837.65248267563
KIM,2013-06-07,11.929302215576172,8.116122964905173,0.5714006423950195,0.13207723518209752,1.232516304269801,Hammer,2013-06-14,11.956255912780762,2013-07-19,12.16712474822998,Profit target (+1%),5,0.017636694713418555,0.016793289677431725,685.7985272020621,41523.45100987769
KIM,2022-05-13,19.09697723388672,6.358714429950709,1.4456195831298828,0.31249958768789887,1.2273397151712875,Hammer,2022-05-20,19.080549240112305,2022-06-03,19.368030548095703,Profit target (+1%),2,0.01506672079329019,0.014538817012413469,603.7018553528251,42127.15286523052
KIM,2022-09-30,15.409860610961914,7.486244444981807,0.8537788391113281,0.3137250740573604,0.6871712897686058,Hammer,2022-10-07,15.711194038391113,2022-10-21,16.263639450073242,Profit target (+1%),2,0.035162535090089264,0.034515062002737885,1454.0212916882274,43581.17415691874
KIM,2024-01-19,17.97468376159668,9.928573453494792,0.8960590362548828,0.35820882814345895,0.9224703937101835,Hammer,2024-01-26,18.028179168701172,2024-02-02,18.304576873779297,Profit target (+1%),1,0.015331426567913198,0.014772642282648142,643.8090954341412,44224.98325235288
KLAC,2000-10-20,1.8070769309997559,3.095274360112043,0.5476983785629272,0.17365277541682564,0.964735077003308,Hammer,2000-10-27,1.7972381114959717,2000-12-15,1.8562713861465454,Profit target (+1%),7,0.03284666303978834,0.02720687923410581,2720.687920689893,102720.6879206899
KLAC,2002-09-06,1.6812703609466553,8.693615572563672,0.15112543106079102,0.1736108262629641,0.49413049919350427,Hammer,2002-09-13,1.6629043817520142,2002-10-25,1.7027846574783325,Profit target (+1%),6,0.023982302388487975,0.017914861339312145,1840.2268789376885,104560.9147996276
KLAC,2006-04-13,2.5136687755584717,6.0025741539432005,0.12934088706970215,0.38524594696725317,0.8759544030218107,Hammer,2006-04-21,2.517909526824951,2006-04-28,2.590001344680786,Profit target (+1%),1,0.02863161566680339,0.024611194811245157,2573.3690412022725,107134.28384082987
KLAC,2007-11-23,2.5941061973571777,0.3287947438289365,0.1025552749633789,0.22631745352762306,0.6165846335626144,Hammer,2007-11-30,2.59248685836792,2007-12-14,2.7376835346221924,Profit target (+1%),2,0.05600671640267452,0.052049031862752435,5576.235747648281,112710.51958847814
KLAC,2009-06-26,1.3872227668762207,9.841860919071863,0.13190340995788574,0.2415249718478137,0.8778520561133938,Hammer,2009-07-02,1.38275146484375,2009-07-10,1.4291412830352783,Profit target (+1%),1,0.03354891994041043,0.026222143599484972,2955.5114268661264,115666.03101534427
KLAC,2024-10-25,66.38085174560547,9.542065321131204,2.933074951171875,0.38063280998012716,0.43944693868915363,Hammer,2024-11-01,66.38874053955078,2024-11-15,67.45880889892578,Profit target (+1%),2,0.01611822050965883,0.015966390065694884,1846.76896669498,117512.79998203926
KMB,1990-02-02,4.815361976623535,0.0,0.11901092529296875,0.3076919994871466,,Hammer,1990-02-09,4.8336710929870605,1990-02-16,4.961836814880371,Profit target (+1%),1,0.026515192992601522,0.024421110594719873,2442.111057029877,102442.11105702988
KMB,1993-04-30,7.814385414123535,3.6625196529732023,0.22443437576293945,0.3636367499304188,0.5104297184271951,Hammer,1993-05-07,7.8347883224487305,1993-05-14,7.916400909423828,Profit target (+1%),1,0.010416693293583412,0.009134505171528633,935.7579922969917,103377.86904932688
KMB,1998-09-04,14.90729808807373,0.8386884188620911,1.6882362365722656,0.3698998556131245,1.4393753489964263,Hammer,1998-09-11,15.101530075073242,1998-10-02,16.631105422973633,RSI > 90,3,0.10128611738655047,0.10059062804950739,10398.844763692676,113776.71381301957
KMB,2000-03-10,18.998613357543945,3.4432597883919556,3.6280155181884766,0.36610001971479267,1.8895357830003572,Hammer,2000-03-17,18.54864501953125,2000-03-24,21.59842300415039,Profit target (+1%),1,0.1644205267504879,0.16383723960543578,18640.862703861923,132417.5765168815
KMB,2002-10-11,23.117748260498047,2.0915104624167924,1.7080821990966797,0.38725465563852346,1.3864870498239998,Hammer,2002-10-18,23.117748260498047,2002-10-25,23.716415405273438,Profit target (+1%),1,0.0258964297919253,0.02545835547502998,3371.133730737618,135788.7102476191
KMB,2010-11-05,34.80534362792969,6.694284033935801,0.7565155029296875,0.24817463038786583,0.7432134916465565,Hammer,2010-11-12,34.7501220703125,2010-12-23,35.04066848754883,RSI > 90,6,0.008361018607314419,0.00807208838653356,1096.0984699160786,136884.8087175352
KMB,2017-05-05,92.46851348876953,8.19300194797087,3.624237060546875,0.3968267668134626,1.3776424084137995,Hammer,2017-05-12,92.28874206542969,2017-06-09,93.70536041259766,Profit target (+1%),4,0.015349849997561282,0.015240668713711764,2086.216019517542,138971.02473705274
KMB,2019-11-08,102.80567169189453,4.630007520358731,3.151580810546875,0.3920582738619748,0.7249239353871255,Hammer,2019-11-15,102.82130432128906,2019-11-29,104.91715240478516,Profit target (+1%),2,0.020383403005150846,0.02028516046807147,2819.049534384395,141790.07427143713
KMB,2020-12-24,108.6494369506836,7.465227206143183,2.2153472900390625,0.3369976237214588,0.4658490959488836,Hammer,2020-12-31,108.95780181884766,2021-04-01,111.99710845947266,Profit target (+1%),13,0.02789434615869113,0.02780129172578794,3941.947214699415,145732.02148613657
KMB,2022-01-28,116.62789154052734,9.616477105023506,12.022117614746094,0.3945536225942607,2.716941064822243,Hammer,2022-02-04,115.70441436767578,2022-04-29,117.45069122314453,RSI > 90,12,0.015092568982887578,0.0150054934160465,2186.7808867305885,147918.80237286715
KMB,2025-11-07,99.97799682617188,3.6785623772189524,6.9219207763671875,0.35605056929028844,1.1723846497793748,Hammer,2025-11-14,99.93949127197266,2025-11-28,101.21027374267578,Profit target (+1%),2,0.012715518705662232,0.012614827037062317,1865.9701055971523,149784.7724784643
KMI,2013-08-23,19.725143432617188,7.1862147221400505,0.5589580535888672,0.16587671256248826,0.7158027131507315,Hammer,2013-08-30,19.76753044128418,2013-09-06,20.228471755981445,Profit target (+1%),1,0.023318103192829565,0.0228064544412445,2280.6454418438043,102280.6454418438
KMI,2014-02-07,18.425905227661133,4.761917232043999,0.6396751403808594,0.1694883920637855,0.9047942681976515,Hammer,2014-02-14,18.415063858032227,2014-06-13,19.27292251586914,RSI > 90,17,0.046584614881079345,0.04602908352389866,4707.884367213008,106988.52980905681
KMI,2017-06-02,11.690834999084473,2.5749805582999983,0.48120689392089844,0.1794871794871795,0.8194630426863512,Hammer,2017-06-09,11.659988403320312,2017-06-23,11.838898658752441,Profit target (+1%),2,0.015343947973497363,0.014480104873833494,1549.2051303831981,108537.73493944002
KMI,2018-02-09,10.848841667175293,6.4181696079158,0.6292839050292969,0.32000054557688695,1.2390224393663927,Hammer,2018-02-16,10.918063163757324,2018-04-27,10.320243835449219,RSI > 90,10,-0.054755071420778734,-0.05564550155901742,-6039.636692745193,102498.09824669482
KMI,2018-12-28,9.973118782043457,4.667481354945281,0.6652450561523438,0.34317191352715176,1.1043026128839877,Hammer,2019-01-04,9.986165046691895,2019-01-11,10.631905555725098,Profit target (+1%),1,0.0646635125710362,0.06363026794795057,6521.981449070572,109020.0796957654
KMI,2020-03-20,8.552120208740234,1.577823239729426,3.08845853805542,0.3430494550921751,2.696005279516709,Hammer,2020-03-27,8.323602676391602,2020-04-03,9.279223442077637,Profit target (+1%),1,0.11480855139763957,0.11353894553842835,12378.0248787946,121398.10457455998
KO,2001-04-12,10.877827644348145,1.141177250749891,0.7858791351318359,0.3167705029039359,0.7748055459074304,Hammer,2001-04-20,10.877827644348145,2001-04-27,11.592927932739258,Profit target (+1%),1,0.06573925527884805,0.06479017323749464,6479.017317270447,106479.01731727044
KO,2002-02-01,11.028555870056152,8.017704140294313,0.4319601058959961,0.325714273098381,0.8009387644450886,Hammer,2002-02-08,11.028555870056152,2002-02-15,11.18159294128418,Profit target (+1%),1,0.013876437951730436,0.012963823531832936,1380.375188963702,107859.39250623414
KR,1991-05-17,1.8510979413986206,3.2031441022061955,0.17422103881835938,0.3125,1.3143389829376404,Hammer,1991-05-24,1.8402091264724731,1991-05-31,1.8946532011032104,Profit target (+1%),1,0.029585808399451796,0.024086199224313383,2408.6199200227184,102408.61992002271
KR,1992-06-19,1.3611013889312744,2.609084858346435,0.10888814926147461,0.3,1.0403268224449402,Hammer,1992-06-26,1.3611013889312744,1992-11-06,1.1324363946914673,RSI > 90,19,-0.16799997127278887,-0.1747051837979018,-17891.316747725716,84517.303172297
KR,1994-04-15,2.0470964908599854,7.929883547413013,0.13066577911376953,0.25,1.1014951774253205,Hammer,1994-04-22,2.057985305786133,1994-06-03,2.0797629356384277,Profit target (+1%),6,0.01058201425980343,0.005709022657244107,482.51119825730166,84999.8143705543
KR,1998-05-01,7.458835601806641,8.827851701978929,0.45733022689819336,0.11904814037458385,1.0530647514641496,Hammer,1998-05-08,7.469724655151367,1998-06-12,7.774610996246338,RSI > 90,5,0.04081627572238711,0.03945113093787928,3353.338803074832,88353.15317362915
KR,1999-08-13,8.863492012023926,8.577209332492217,0.5226631164550781,0.1250009123221884,0.6846804871761099,Hammer,1999-08-20,8.863492012023926,1999-09-24,9.386155128479004,Profit target (+1%),5,0.05896808117455854,0.057807247924450765,5107.452625307502,93460.60579893665
KR,2000-10-13,7.447947025299072,9.79504856377578,0.6751065254211426,0.22580645161290322,1.1957912749977844,Hammer,2000-10-20,7.360836505889893,2000-11-10,7.992387294769287,RSI > 90,3,0.08579877957811566,0.08438291949358204,7886.478767066601,101347.08456600325
KR,2001-12-21,7.143060207366943,3.6031933236239695,0.23345613479614258,0.1343279009299561,0.3959288047238794,Hammer,2001-12-28,7.090794086456299,2002-01-04,7.317281246185303,Profit target (+1%),1,0.031941014922659106,0.03050922237755065,3092.020737248604,104439.10530325184
KR,2006-01-13,6.536771297454834,5.025587944227169,0.15331459045410156,0.22727385825008398,0.5668904647885156,Hammer,2006-01-20,6.515864849090576,2006-01-27,6.620397090911865,Profit target (+1%),1,0.016042727134814472,0.014496887147488252,1514.0419218518418,105953.14722510369
KR,2009-09-25,7.497419357299805,8.201502843266212,0.23326969146728516,0.3125007665545112,0.560316790559164,Hammer,2009-10-02,7.511999130249023,2009-10-09,7.665081977844238,Profit target (+1%),1,0.02037844320013127,0.019034570194299685,2016.7726161464325,107969.91984125011
KR,2011-08-12,8.584050178527832,2.1726709606081727,0.734776496887207,0.3225814406549777,1.9424867548248657,Hammer,2011-08-19,8.599157333374023,2011-09-09,8.538732528686523,Profit target (+1%),3,-0.007026828600168344,-0.00818497407228183,-883.7309936032489,107086.18884764686
KR,2015-04-24,28.769254684448242,5.84815330546995,1.159597396850586,0.2733570957443134,1.1023621810331132,Hammer,2015-05-01,28.83345603942871,2015-05-22,29.298641204833984,Profit target (+1%),3,0.016133520892159137,0.015783964466853994,1690.2445979718295,108776.43344561868
KR,2019-03-22,20.8161678314209,5.125312188277121,0.9749546051025391,0.3333320291026045,0.6337217745551087,Hammer,2019-03-29,20.781957626342773,2019-04-05,21.149703979492188,Profit target (+1%),1,0.017695462562355768,0.01721013529637689,1872.057134784377,110648.49058040306
KR,2020-09-18,29.38237762451172,5.184840090647782,1.7164058685302734,0.32474266327810813,0.988603327578899,Hammer,2020-09-25,29.12579917907715,2020-10-02,29.638954162597656,Profit target (+1%),1,0.01761857178116988,0.017272268447818373,1911.150430739474,112559.64101114252
KR,2024-06-07,49.847564697265625,6.300407234055172,0.8822555541992188,0.27173790849108,0.512294126003584,Hammer,2024-06-14,49.924285888671875,2024-07-26,52.40803146362305,RSI > 90,6,0.04975024741445022,0.04954498208660387,5576.765391994853,118136.40640313737
KR,2025-06-13,64.22041320800781,2.3426113665275636,2.037792205810547,0.3222156703076592,0.6570043586202041,Hammer,2025-06-20,64.33796691894531,2025-06-27,70.64637756347656,Profit target (+1%),1,0.0980511344487891,0.09788809789367561,11564.148103233209,129700.55450637058
L,1998-05-22,12.522455215454102,6.422278081278137,0.5363121032714844,0.19047627515274804,0.8637612154690225,Hammer,1998-05-29,12.505430221557617,1998-10-30,12.578184127807617,RSI > 90,22,0.005817785151012389,0.005016126954760098,501.6126949743971,100501.61269497439
L,2001-06-29,18.266613006591797,6.114272827145427,0.9497604370117188,0.2776113168443291,0.8694135817776799,Hammer,2001-07-06,18.059650421142578,2001-11-09,15.567912101745605,RSI > 90,18,-0.1379726772828268,-0.13848805601402497,-13918.272954483185,86583.3397404912
L,2006-02-17,28.407800674438477,7.487319355208356,0.8930454254150391,0.35666673074006916,1.068811713133941,Hammer,2006-02-24,28.407800674438477,2006-03-24,29.834007263183594,RSI > 90,4,0.050204752035888145,0.04984396311269677,4315.656787883478,90898.99652837469
L,2010-02-12,32.29777145385742,9.315938645711611,1.175466537475586,0.3984403269277264,0.7614665065591907,Hammer,2010-02-19,32.63755416870117,2010-02-26,33.70281982421875,Profit target (+1%),1,0.03263926120233451,0.032327913130321184,2938.5748604640894,93837.57138883878
L,2011-08-12,33.637142181396484,1.6188497330042821,2.875764846801758,0.36774247892028344,1.9653488509202477,Hammer,2011-08-19,33.87833786010742,2011-09-23,34.27968978881836,Profit target (+1%),5,0.011846860090014566,0.011549981596461796,1083.8222215139358,94921.39361035271
L,2012-11-16,38.08632278442383,7.199653262542313,1.6648712158203125,0.35393047319652826,1.2596546438638472,Hammer,2012-11-23,38.479156494140625,2013-01-11,39.269432067871094,Profit target (+1%),7,0.020537757210213448,0.02027524167898209,1924.5541940311332,96845.94780438385
L,2018-06-01,47.55434799194336,7.98681821519645,1.5809516906738281,0.1773683334258283,0.8884443970130094,Hammer,2018-06-08,48.14418411254883,2018-06-15,48.88873291015625,Profit target (+1%),1,0.01546497902772348,0.01525568524464313,1477.4512954453662,98323.3990998292
L,2020-05-15,29.078771591186523,8.60609254430021,3.1458911895751953,0.22945724778140278,0.7801610970226794,Hammer,2020-05-22,30.678543090820312,2020-05-29,32.52736282348633,Profit target (+1%),1,0.06026426115454031,0.05992853326042853,5892.377087340126,104215.77618716932
L,2021-12-03,54.04356384277344,9.009521811469924,2.3933982849121094,0.33333439589426456,1.0401843679657143,Hammer,2021-12-10,55.097450256347656,2021-12-17,55.993743896484375,Profit target (+1%),1,0.0162674250072663,0.016084468767060274,1676.2553954412138,105892.03158261052
LDOS,2012-04-20,17.086894989013672,8.994475765549495,0.5877571105957031,0.38095238095238093,0.6562004183605625,Hammer,2012-04-27,16.960947036743164,2012-06-22,16.345203399658203,RSI > 90,8,-0.03630361180605368,-0.0368823288042682,-3688.232876738587,96311.76712326141
LDOS,2020-10-30,77.04397583007812,3.6098899684467085,5.643707275390625,0.3667774275007705,1.0009010700405045,Hammer,2020-11-06,78.85404968261719,2020-11-13,87.59807586669922,Profit target (+1%),1,0.11088873963070012,0.11075490028390818,10667.000153236804,106978.76727649821
LDOS,2023-05-19,75.44622039794922,4.430027342836041,2.8099899291992188,0.37671152911534,0.6193457608459353,Hammer,2023-05-26,75.29224395751953,2023-06-02,77.2650146484375,Profit target (+1%),1,0.026201512761806045,0.02606696590416119,2788.611876277062,109767.37915277528
LEN,2006-05-05,41.423954010009766,5.154256367072634,2.3669281005859375,0.23880053378374022,0.8909810123058995,Hammer,2006-05-12,41.23390197753906,2006-11-03,36.352840423583984,RSI > 90,25,-0.11837496137556647,-0.11860309851651765,-11860.309839791455,88139.69016020854
LEN,2015-05-01,39.7747802734375,9.719683913357258,1.665069580078125,0.3265290225619032,0.7255375993896604,Hammer,2015-05-08,39.8767204284668,2015-05-15,40.275997161865234,Profit target (+1%),1,0.010012777608296108,0.009760780859407877,860.3121998095924,89000.00236001814
LEN,2026-01-02,103.20974731445312,4.55456028753143,2.970916748046875,0.2999994863945928,0.34505553049907367,Hammer,2026-01-09,102.8631362915039,2026-01-16,117.2720947265625,Profit target (+1%),1,0.14007893356688084,0.13997491306982912,12457.767581100357,101457.7699411185
LH,2005-09-09,39.71596908569336,8.257247285129921,1.2980117797851562,0.2264111019026291,0.9969076609314376,Hammer,2005-09-16,39.797603607177734,2005-10-28,40.2629280090332,Profit target (+1%),6,0.011692271887736139,0.011439563259458711,1143.956324801915,101143.95632480191
LH,2014-10-17,80.55034637451172,1.1419465043745447,4.106292724609375,0.39165025454275204,1.4445821964329157,Hammer,2014-10-24,80.22380065917969,2014-10-31,84.66480255126953,Profit target (+1%),1,0.05535766014074617,0.055229566635467964,5586.1368700293715,106730.0931948313
LH,2020-08-28,144.83062744140625,5.887681718968906,9.33099365234375,0.35607899057424497,0.7915962599097452,Hammer,2020-09-04,144.18568420410156,2020-09-18,148.41444396972656,Profit target (+1%),2,0.029328568844872338,0.029258199230495066,3122.7303274609494,109852.82352229225
LH,2021-10-08,227.22593688964844,3.3579880122771755,8.522811889648438,0.38218354277407074,0.9119307246684327,Hammer,2021-10-15,226.54837036132812,2021-10-29,230.36892700195312,Profit target (+1%),2,0.016864198292539045,0.016819686392427383,1847.6900391199356,111700.5135614122
LHX,1990-02-02,2.7905466556549072,0.0,0.18120431900024414,0.26666719296445124,,Hammer,1990-02-09,2.7784664630889893,1990-02-16,2.9717509746551514,Profit target (+1%),1,0.06956517709818821,0.06584757315982173,6584.757309397417,106584.7573093974
LHX,1991-09-27,2.3499560356140137,2.6335814147084164,0.14281511306762695,0.2727266656650139,0.9743429923816264,Hammer,1991-10-04,2.336972951889038,1991-10-25,2.505754232406616,Profit target (+1%),3,0.07222217971378209,0.06779808468304684,7226.242394758279,113810.99970415568
LHX,1994-11-04,4.921157360076904,3.065761104324281,0.12912654876708984,0.22222099129240244,0.626827763071858,Hammer,1994-11-11,4.921157360076904,1994-11-25,5.072505950927734,Profit target (+1%),2,0.03075467410951993,0.028693478612023687,3265.6334825585927,117076.63318671426
LHX,1995-12-22,6.40083122253418,2.19675190658792,0.23706817626953125,0.1875,0.8446059971843001,Hammer,1995-12-29,6.430464744567871,1996-02-02,7.023134231567383,Profit target (+1%),5,0.09216588699909578,0.09054038987492533,10600.164003368565,127676.79719008283
LHX,1996-06-21,7.1563029289245605,3.7900335291712963,0.3892545700073242,0.34615337499969373,1.089059365050411,Hammer,1996-06-28,7.186245441436768,1996-07-05,7.306016445159912,Profit target (+1%),1,0.016666700949640623,0.015264533051622906,1948.9266886844475,129625.72387876728
LHX,1999-09-03,6.971787929534912,0.3872092093990034,0.4647860527038574,0.13793092835224632,0.705324918965908,Hammer,1999-09-10,6.987814903259277,1999-10-01,7.100047588348389,Profit target (+1%),3,0.016061198907367125,0.014619675553182622,1895.0860245589292,131520.8099033262
LHX,2008-09-26,30.626083374023438,8.682628606170653,2.0353164672851562,0.3533116169927242,0.6725132097077632,Hammer,2008-10-03,30.26011085510254,2009-02-13,28.928180694580078,RSI > 90,19,-0.044016037049575685,-0.04433917876419136,-5831.524695683285,125689.28520764294
LHX,2009-06-26,19.631221771240234,8.308734188646397,0.7409305572509766,0.29906477098087064,0.3730273922249664,Hammer,2009-07-02,19.651994705200195,2009-07-24,20.91227149963379,Profit target (+1%),3,0.06412971371807386,0.06360467676693399,7994.42635070468,133683.7115583476
LHX,2011-08-12,26.522140502929688,4.082469948893404,2.0523948669433594,0.2535216895931958,1.1096320736611363,Hammer,2011-08-19,26.45709991455078,2011-09-02,27.685646057128906,Profit target (+1%),2,0.046435404732415586,0.0460487318282733,6155.965377202623,139839.67693555023
LHX,2022-12-23,192.05636596679688,4.299875429783924,5.8946685791015625,0.3791459257130876,0.44077001050254316,Hammer,2022-12-30,192.76409912109375,2023-02-03,197.7089080810547,Profit target (+1%),5,0.025652126005344167,0.02559958511224348,3579.8377082004126,143419.51464375062
LHX,2025-01-03,204.26553344726562,1.173863563189613,4.109649658203125,0.3483421824527531,0.4363126211646931,Hammer,2025-01-10,203.25274658203125,2025-01-24,213.80929565429688,Profit target (+1%),2,0.051938038967680455,0.05188756271097001,7441.689052612806,150861.2036963634
LII,2025-11-21,462.5377197265625,5.697688637651595,27.058929443359375,0.19404579171210837,0.7092138420829304,Hammer,2025-11-28,459.5643310546875,2025-12-05,488.6221008300781,Profit target (+1%),1,0.063228949271811,0.06320650185408908,6320.650179088258,106320.65017908826
LIN,2020-03-13,161.6715545654297,4.173689271006367,21.415756225585938,0.2275449357785484,1.9792137124112297,Hammer,2020-03-20,136.2254638671875,2020-03-27,137.1964111328125,Profit target (+1%),1,0.0071275019960410635,0.007053835378273666,705.3835371219832,100705.38353712198
LIN,2022-01-28,296.28924560546875,6.467084759580587,12.803985595703125,0.2894930653707089,1.117608641556537,Hammer,2022-02-04,291.6982116699219,2022-04-01,301.66241455078125,Profit target (+1%),8,0.03415928683215452,0.03412441989882197,3436.5127904561514,104141.89632757813
LIN,2023-01-06,302.0227355957031,2.3582015557322364,18.94329833984375,0.29450295939967847,1.2290156552539466,Hammer,2023-01-13,307.8594970703125,2023-01-20,320.4883728027344,Profit target (+1%),1,0.04102155643273053,0.040988408382600525,4268.610572144607,108410.50689972274
LIN,2024-04-26,430.4882507324219,3.7133120199687397,15.15325927734375,0.37179533654756297,1.1201095452572167,Hammer,2024-05-03,433.00408935546875,2024-06-28,433.39056396484375,RSI > 90,8,0.0008925426315262719,0.0008694381218079258,94.25622740888389,108504.76312713162
LIN,2025-11-28,406.1614074707031,9.26679801101372,6.711273193359375,0.38790441761589706,0.4313815259547834,Hammer,2025-12-05,405.86444091796875,2025-12-19,414.7161560058594,Profit target (+1%),2,0.021809535883139164,0.02178462874143218,2363.735979037866,110868.49910616949
LLY,1993-01-08,6.248567581176758,4.425151863409084,0.3214282989501953,0.2799992285827879,1.2190054469881517,Hammer,1993-01-15,6.248567581176758,1993-01-22,6.248567581176758,Profit target (+1%),1,0.0,-0.0015990872202452896,-159.90872186462025,99840.09127813537
LLY,1993-02-05,5.75999641418457,3.632329829993921,0.21857118606567383,0.2941159787685682,0.8369014691756503,Hammer,1993-02-12,5.73428201675415,1993-05-07,5.134924411773682,RSI > 90,12,-0.10452182212686689,-0.10617314207624368,-10600.336185578268,89239.75509255711
LLY,1998-02-20,29.919954299926758,3.2382911956310068,1.4262046813964844,0.27659540322731635,0.6976634655760946,Hammer,1998-02-27,30.557193756103516,1998-03-06,31.953054428100586,Profit target (+1%),1,0.04568026380754486,0.04534558883621708,4046.629238225174,93286.3843307823
LLY,2002-06-14,31.085403442382812,8.41355823778349,2.2317733764648438,0.35483876481507437,1.1779710401634975,Hammer,2002-06-21,31.033977508544922,2002-08-23,29.287853240966797,RSI > 90,9,-0.05626492018618445,-0.0565780321563321,-5277.960047136996,88008.42428364529
LLY,2005-10-14,29.13567352294922,7.0639479239856655,0.9689750671386719,0.37142879639070747,0.8408939568942893,Hammer,2005-10-21,28.95848846435547,2005-12-16,30.063982009887695,RSI > 90,8,0.038175112174551495,0.03782325968366752,3328.7654827019414,91337.18976634723
LLY,2006-04-28,29.729028701782227,8.924323252303353,1.2976951599121094,0.17315827069547862,1.135399616365082,Hammer,2006-05-05,29.498703002929688,2006-06-23,30.842374801635742,RSI > 90,7,0.04555019922647463,0.045203539317543416,4128.764244628237,95465.95401097546
LLY,2010-05-07,22.944290161132812,7.375796486156872,1.3188667297363281,0.396985535080539,1.5160724008778144,Hammer,2010-05-14,23.507627487182617,2010-08-06,24.08738899230957,Profit target (+1%),12,0.02466269747736405,0.024232149530610498,2313.3452703629973,97779.29928133845
LLY,2011-08-12,25.070999145507812,4.813379885319804,1.718496322631836,0.33479950321147806,1.7563865889375705,Hammer,2011-08-19,25.365867614746094,2011-09-02,25.912450790405273,Profit target (+1%),2,0.02154797872324421,0.021149579265760013,2067.9910386331476,99847.29031997161
LLY,2013-05-10,42.20146560668945,7.063467874716409,1.0084648132324219,0.259540858592163,0.7170939800856867,Hammer,2013-05-17,42.12448501586914,2013-05-24,43.410823822021484,Profit target (+1%),1,0.03053660610136255,0.03029561851210797,3024.9354139766156,102872.22573394822
LLY,2013-06-14,40.420989990234375,7.271897553685548,1.55316162109375,0.3900017683813416,1.0302751245234627,Hammer,2013-06-21,40.70832443237305,2013-08-02,41.33735656738281,Profit target (+1%),6,0.01545217455596215,0.015204657041406848,1564.1369098067335,104436.36264375495
LLY,2023-02-03,330.0013122558594,1.6194875683221994,29.975341796875,0.2831174305052167,1.6532748203519356,Hammer,2023-02-10,332.8236999511719,2023-04-06,335.1307067871094,RSI > 90,8,0.006931618259985672,0.006901468642200919,720.7642811706339,105157.1269249256
LMT,1992-06-26,5.664609432220459,9.496220713598518,0.30663108825683594,0.31578939183767407,1.4759811895572479,Hammer,1992-07-02,5.664609432220459,1992-07-24,5.761440277099609,Profit target (+1%),3,0.017094001985092477,0.015315136945005305,1531.513692969017,101531.513692969
LMT,1997-10-31,23.136615753173828,1.3823222324941327,2.1296024322509766,0.20714269720785472,1.8512981187081177,Hammer,1997-11-07,23.456056594848633,1997-12-05,23.923477172851562,Profit target (+1%),4,0.01992750043524305,0.019497015241136506,1979.5614679479158,103511.07516091691
LMT,1998-06-26,25.340707778930664,0.7017905450786515,1.1385612487792969,0.3513520757738712,1.0226433692421952,Hammer,1998-07-02,25.417638778686523,1998-07-10,25.75613021850586,Profit target (+1%),1,0.013317186650050772,0.012921217292940216,1337.489093042585,104848.5642539595
LMT,1998-12-04,26.240150451660156,8.292078497120102,2.3741817474365234,0.28758109025470874,1.4573973069745703,Hammer,1998-12-11,26.240150451660156,1999-03-19,19.794328689575195,RSI > 90,14,-0.24564728673943814,-0.24598151090715475,-25790.80822584404,79057.75602811547
LMT,2001-03-23,18.203393936157227,9.97409457411051,2.680959701538086,0.35797651528356317,1.7191167162806948,Hammer,2001-03-30,18.385948181152344,2001-04-06,18.59458351135254,Profit target (+1%),1,0.011347542598540983,0.010800711754696882,853.8800339789452,79911.63606209442
LMT,2005-01-07,29.89862632751465,3.7921342889786445,1.692270278930664,0.28064429233677135,1.3371116495143158,Hammer,2005-01-14,29.86041259765625,2005-01-21,30.575532913208008,Profit target (+1%),1,0.02394877543011198,0.023609930492207318,1886.708171057909,81798.34423315233
LMT,2010-09-03,43.61625671386719,8.655645202497624,1.097808837890625,0.27527937619881576,0.5495395701453901,Hammer,2010-09-10,43.579254150390625,2010-10-01,45.17045593261719,Profit target (+1%),3,0.03651282733603867,0.036279197913322396,2967.5783164490276,84765.92254960135
LMT,2018-11-02,243.2466278076172,2.915431535390951,21.3677978515625,0.38874075237795996,1.6682006031866272,Hammer,2018-11-09,245.45736694335938,2018-11-16,254.56044006347656,Profit target (+1%),1,0.037086167889260224,0.037044673011791755,3140.125880252722,87906.04842985407
LMT,2020-12-24,303.19561767578125,7.114734164861389,7.231658935546875,0.3603328733536737,0.44811306550438357,Hammer,2020-12-31,304.1776123046875,2021-03-26,305.5464172363281,RSI > 90,12,0.004500018661036442,0.0044670697031149115,392.6824452688709,88298.73087512293
LMT,2024-12-20,469.4540100097656,3.6216423804768,16.795013427734375,0.330380002144133,0.7959148892016673,Hammer,2024-12-27,467.9276428222656,2025-01-31,480.08111572265625,Profit target (+1%),5,0.025972974853735842,0.02595003032263619,2291.3547416622896,90590.08561678522
LNT,2017-01-27,27.59634017944336,8.90273627126031,0.6897754669189453,0.36861141297585176,0.7175579904741732,Hammer,2017-02-03,27.73099136352539,2017-02-10,28.419219970703125,Profit target (+1%),1,0.024818031139087315,0.02445301479541313,2445.3014770960117,102445.301477096
LNT,2020-12-24,41.87092590332031,2.4951482107527028,2.678668975830078,0.2468751646617687,1.1355944344402988,Hammer,2020-12-31,42.14716339111328,2021-01-08,43.13492202758789,Profit target (+1%),1,0.023435945790906576,0.023195930121127438,2376.314051924239,104821.61552902024
LNT,2022-02-18,49.586666107177734,1.4313494217617375,1.8149070739746094,0.3397293212854191,0.9599870338473209,Hammer,2022-02-25,49.604034423828125,2022-03-04,50.04692840576172,Profit target (+1%),1,0.008928587907778063,0.008726111825423202,914.6851379130628,105736.3006669333
LNT,2024-01-26,44.913963317871094,9.95949117777964,1.2090492248535156,0.37642493177049646,0.615009750872614,Hammer,2024-02-02,44.950740814208984,2024-03-15,45.92293167114258,Profit target (+1%),6,0.021627916232835,0.021403069763883766,2263.0814174862817,107999.38208441959
LOW,1995-10-06,2.5120575428009033,4.493538488114211,0.1277315616607666,0.33333395551988354,0.6286132861007904,Hammer,1995-10-13,2.5120575428009033,1995-11-10,2.601640462875366,Profit target (+1%),4,0.03566117357908105,0.031617441683873995,3161.7441652256557,103161.74416522567
LOW,2002-10-11,13.599928855895996,7.796784713955816,1.3145427703857422,0.35904288891887537,0.9572999483171303,Hammer,2002-10-18,13.547487258911133,2002-10-25,15.23288631439209,Profit target (+1%),1,0.1244067643888982,0.12362299432374205,12753.163700611858,115914.90786583752
LOW,2004-01-16,18.552490234375,2.6719773122544836,1.1326828002929688,0.32826697561008467,1.1712743786174824,Hammer,2004-01-23,18.59809112548828,2004-01-30,19.355764389038086,Profit target (+1%),1,0.04073930267560799,0.040190807995635174,4658.7138012089035,120573.62166704642
LOW,2005-03-24,19.98255729675293,6.11688074432449,0.5135459899902344,0.2876700118107604,0.7535170323721575,Hammer,2005-04-01,19.986072540283203,2005-05-27,19.95829963684082,RSI > 90,8,-0.0013896128609762748,-0.0018894885887822432,-227.82248202020912,120345.79918502622
LOW,2009-02-27,11.564112663269043,7.856291853326681,1.022080421447754,0.3357135992401064,0.5632015723016538,Hammer,2009-03-06,11.286690711975098,2009-03-20,11.68822193145752,Profit target (+1%),2,0.035575637689478024,0.03467427770291237,4172.903657147621,124518.70284217384
LOW,2011-08-12,14.910276412963867,0.8445066601349254,1.5361175537109375,0.2835821636816958,1.6492531012442413,Hammer,2011-08-19,14.6962890625,2011-09-02,15.705082893371582,Profit target (+1%),2,0.0686427591741976,0.0679392008840437,8459.701157755291,132978.4039999291
LOW,2014-02-07,36.929080963134766,9.288483349552465,1.7554740905761719,0.2602746274883906,1.0759863469436473,Hammer,2014-02-14,36.96114730834961,2014-02-21,38.07535171508789,Profit target (+1%),1,0.030145287359263806,0.029870692164040497,3972.156966375137,136950.56096630427
LOW,2016-09-02,64.18582916259766,7.8531870636917205,1.2722091674804688,0.3277821422360286,0.5216557105609546,Hammer,2016-09-09,64.12744903564453,2016-12-16,62.26443862915039,RSI > 90,14,-0.029051684333468608,-0.029205346663950544,-3999.688604843722,132950.87236146056
LOW,2017-06-02,67.84856414794922,5.6450142467899695,2.2920684814453125,0.21771085059215914,0.9408612593096062,Hammer,2017-06-09,67.87393951416016,2017-10-06,68.07431030273438,RSI > 90,17,0.002952101940869589,0.002804563387949196,372.86914864798973,133323.74151010855
LOW,2026-06-05,210.74000549316406,1.6727823785947038,10.550003051757812,0.3042645048849806,0.7639803983924095,Hammer,2026-06-12,208.77000427246094,2026-06-18,225.0,Profit target (+1%),1,0.07774103269336363,0.07769127240141854,10358.091108880064,143681.8326189886
LRCX,2013-11-22,4.376019477844238,7.3611178869449105,0.27912187576293945,0.37993819198750856,1.3754723606227328,Hammer,2013-11-29,4.394683837890625,2013-12-27,4.594056606292725,Profit target (+1%),4,0.04536680584007491,0.04304235835566126,4304.235831261891,104304.23583126189
LRCX,2018-06-29,15.518211364746094,3.995600849250607,0.8421220779418945,0.3773975713141924,0.6409769881556011,Hammer,2018-07-06,15.261445045471191,2018-07-13,15.776772499084473,Profit target (+1%),1,0.03376662249727147,0.03310053205629478,3452.525698287489,107756.76152954939
LUV,1994-09-23,3.883718490600586,0.7696471093472184,0.24789714813232422,0.3333339745094041,0.7741729725464205,Hammer,1994-09-30,3.842402458190918,1994-11-04,3.904376745223999,Profit target (+1%),5,0.016129046269208303,0.013508929101615275,1350.8929088106347,101350.89290881062
LUV,1997-04-04,3.797177314758301,4.419504669897549,0.269744873046875,0.1538458818870913,1.1286938480504236,Hammer,1997-04-11,3.8179268836975098,1997-05-02,4.295167922973633,RSI > 90,3,0.12500004683534804,0.12222076264880341,12387.183414064853,113738.07632287547
LUV,1999-09-10,9.27628231048584,4.623908460517626,1.0189857482910156,0.13793093766495335,1.0802307726192901,Hammer,1999-09-17,9.27628231048584,1999-10-15,9.979031562805176,Profit target (+1%),4,0.07575763962303661,0.0746393902420875,8489.340655558095,122227.41697843355
LUV,2002-07-26,10.257575035095215,1.3208446176942488,1.5390596389770508,0.3241759773853482,1.2018438959042428,Hammer,2002-08-02,10.925627708435059,2002-08-16,10.950997352600098,Profit target (+1%),2,0.002322030810683051,0.0014061081005602122,171.86496095206132,122399.2819393856
LUV,2005-09-02,11.469284057617188,8.095493239325123,0.4839000701904297,0.27107089786088456,0.8996130450939166,Hammer,2005-09-09,11.60511589050293,2005-09-23,12.097505569458008,RSI > 90,2,0.04242867400902273,0.041549083876903675,5085.578026686735,127484.85996607234
LUV,2015-05-29,32.48091506958008,9.962870516561921,1.5517196655273438,0.14689483595313368,0.6320644608285205,Hammer,2015-06-05,32.599510192871094,2015-08-07,32.20420455932617,RSI > 90,9,-0.01212612187134543,-0.012430968327613236,-1584.7602549036937,125900.09971116866
LUV,2017-08-04,50.51552963256836,7.010641265958981,1.6874198913574219,0.22222146866600204,0.6803631865438561,Hammer,2017-08-11,50.68516540527344,2017-10-06,50.13259506225586,RSI > 90,8,-0.010902013214306061,-0.011098214782291005,-1397.2663463091371,124502.83336485951
LUV,2018-05-11,47.142948150634766,1.5431511122135504,1.6265487670898438,0.3370154084289031,0.6017249370336994,Hammer,2018-05-18,47.1878776550293,2018-07-20,48.127777099609375,Profit target (+1%),9,0.01991823941418369,0.019704232731418896,2453.232801889025,126956.06616674854
LUV,2021-07-02,49.49408721923828,2.3120971098507113,1.6925392150878906,0.39509431155606745,0.5287952503037501,Hammer,2021-07-09,49.58632278442383,2021-10-08,51.394161224365234,RSI > 90,13,0.036458409061727926,0.03625308499546808,4602.549052830856,131558.6152195794
LUV,2022-03-11,37.1159553527832,6.579015250263794,4.740955352783203,0.3210112864928191,1.337797885404205,Hammer,2022-03-18,37.43878173828125,2022-03-25,39.200496673583984,Profit target (+1%),1,0.04705588305779118,0.04678253247886656,6154.645183230037,137713.26040280945
LVS,2020-03-13,45.37855529785156,1.4285827055084752,13.379310607910156,0.3114187926573843,2.765457098216125,Hammer,2020-03-20,37.51763153076172,2020-03-27,41.08977127075195,Profit target (+1%),1,0.09521229337361925,0.09493310022965551,9493.31001347224,109493.31001347223
LVS,2020-09-25,44.34786605834961,7.933298036319798,3.239208221435547,0.17784249692924245,0.6619718971360651,Hammer,2020-10-02,44.9239387512207,2020-10-30,47.17155075073242,Profit target (+1%),4,0.050031499062415774,0.04980335751756269,5453.134458929149,114946.44447240139
LVS,2023-10-06,43.14634323120117,6.395273912382493,2.2080116271972656,0.24463517830333248,0.6379928402112833,Hammer,2023-10-13,43.73388671875,2023-11-03,45.145877838134766,Profit target (+1%),3,0.032285973768240606,0.03205365350059901,3684.4534985597447,118630.89797096114
LVS,2025-10-17,47.81429672241211,2.6438961743052403,4.13720703125,0.38333345627286675,1.2928489260313965,Hammer,2025-10-24,49.14411163330078,2025-10-31,57.71404266357422,Profit target (+1%),1,0.17438367986422865,0.174162477119397,20661.051032859992,139291.94900382112
LYB,2012-11-16,23.76959800720215,9.953651067871562,1.5480995178222656,0.344823507669562,1.0019408602821658,Hammer,2012-11-23,24.220951080322266,2012-11-30,24.52016258239746,Profit target (+1%),1,0.012353416721042176,0.011938086604579574,1193.808659264149,101193.80865926416
LYB,2016-07-01,42.33356857299805,4.1795096244385235,3.378070831298828,0.33724807772875565,1.0784612336414539,Hammer,2016-07-08,41.87446594238281,2016-07-15,43.72787094116211,Profit target (+1%),1,0.04426098236881382,0.04401691753460821,4454.239526313513,105648.04818557769
LYB,2018-09-21,65.03186798095703,5.8339921782779385,4.036346435546875,0.24197054353825334,1.2355728779823698,Hammer,2018-09-28,65.13694763183594,2019-09-20,58.097755432128906,RSI > 90,51,-0.10806757847318282,-0.10821279461196177,-11432.47052802809,94215.5776575496
LYB,2025-10-03,47.01789093017578,6.476182983517262,1.8776702880859375,0.29104871805290317,0.44775551791227425,Hammer,2025-10-10,47.4550895690918,2026-01-16,47.617679595947266,RSI > 90,14,0.0034261873348431227,0.0032151230273877447,302.9146729625113,94518.49233051212
LYV,2020-03-20,33.970001220703125,0.7887901721481967,17.529998779296875,0.30005697021184735,2.3327103813243966,Hammer,2020-03-27,33.56999969482422,2020-04-03,44.97999954223633,Profit target (+1%),1,0.3398868022382284,0.33953834552586704,33953.834518632866,133953.83451863288
LYV,2022-01-28,105.2699966430664,6.874519234327735,9.150001525878906,0.3978149084180974,0.9872845948184921,Hammer,2022-02-04,105.01000213623047,2022-02-11,108.61000061035156,Profit target (+1%),1,0.034282434062336,0.034185577308887556,4579.289161179366,138533.12367981227
LYV,2022-05-13,91.25,2.959905375870676,10.980003356933594,0.12841559481117948,1.0398828372557134,Hammer,2022-05-20,91.08000183105469,2022-06-03,94.93000030517578,Profit target (+1%),2,0.04227051379799596,0.04215840585087283,5840.335646042349,144373.45932585464
MA,2016-01-22,82.76527404785156,5.544996610221887,5.849998474121094,0.27974193077202975,1.3925589533961806,Hammer,2016-01-29,82.79348754882812,2016-02-05,83.25433349609375,Profit target (+1%),1,0.0055662101079367865,0.005445098825020867,544.5098819575769,100544.50988195757
MA,2018-11-02,189.50067138671875,7.457372183924392,17.81719970703125,0.2485209837042721,1.9701909428171167,Hammer,2018-11-09,189.96070861816406,2018-11-16,196.11383056640625,Profit target (+1%),1,0.032391550826494475,0.032338057183731034,3251.4141068215404,103795.9239887791
MA,2020-03-13,260.57281494140625,3.9656969135037343,38.54405212402344,0.39734594657293304,2.0801263640612895,Hammer,2020-03-20,226.2942657470703,2020-04-03,237.25721740722656,Profit target (+1%),2,0.04844555660287719,0.04840029694306709,5023.753537513176,108819.67752629229
MA,2022-03-11,316.6668701171875,1.8344985947328638,24.7305908203125,0.2436424259475895,0.9983344082013935,Hammer,2022-03-18,320.8690490722656,2022-03-25,337.3658752441406,Profit target (+1%),1,0.051412955595351306,0.05138098958000161,5591.262711486297,114410.94023777859
MA,2025-11-21,538.663818359375,8.177988020787183,24.53594970703125,0.3621768321654142,1.0322848172913415,Hammer,2025-11-28,541.6940307617188,2025-12-05,545.8805541992188,Profit target (+1%),1,0.00772857591141074,0.007710044139505207,882.1133983934519,115293.05363617204
MAA,2017-07-14,73.55230712890625,8.401466041157391,2.2437210083007812,0.34793208858542823,0.8485367120169254,Hammer,2017-07-21,73.58893585205078,2017-08-04,75.9989242553711,Profit target (+1%),2,0.03274933079838993,0.03261122503551275,3261.122500290153,103261.12250029015
MAA,2018-12-28,73.01353454589844,4.577023378975284,4.644432067871094,0.3553712084500333,1.5413157623655374,Hammer,2019-01-04,73.04424285888672,2019-01-18,74.71109008789062,Profit target (+1%),2,0.022819693431884502,0.022681237534583773,2342.090045174744,105603.21254546488
MAA,2023-08-18,127.83016967773438,7.255146581646699,3.9474563598632812,0.295043882791104,0.646692686791272,Hammer,2023-08-25,127.5456771850586,2023-12-22,121.48884582519531,RSI > 90,17,-0.047487547155951826,-0.04756408585005899,-5022.9202625315975,100580.29228293328
MAR,1999-06-11,13.669403076171875,8.187788894763813,0.88555908203125,0.2820512268247295,0.8107145712226121,Hammer,1999-06-18,13.805643081665039,1999-06-25,13.964590072631836,Profit target (+1%),1,0.011513189934476253,0.010784942459669879,1078.494244888494,101078.49424488848
MAR,2007-11-23,27.00932502746582,0.586201407102692,1.8847293853759766,0.15918376021235836,0.8834762780430415,Hammer,2007-11-30,27.063175201416016,2007-12-07,29.086374282836914,Profit target (+1%),1,0.07475837799383722,0.07437513118045666,7517.726261468888,108596.22050635738
MAR,2008-06-13,22.897634506225586,1.8541784948153293,1.5991268157958984,0.36714921105959786,0.7637203556640314,Hammer,2008-06-20,22.658151626586914,2008-08-15,21.73973274230957,RSI > 90,8,-0.040533707224365,-0.04096600947540681,-4448.7537938080495,104147.46671254931
MAR,2011-08-12,22.678346633911133,2.2878622069260217,1.5349273681640625,0.2041891582913324,0.7898476439347256,Hammer,2011-08-19,22.887290954589844,2011-09-23,23.02342987060547,Profit target (+1%),5,0.005948231981047325,0.005510104526708931,573.8634272042223,104721.33013975354
MAR,2015-12-04,64.31766510009766,6.276880711885639,3.7391815185546875,0.3970948904513754,1.044981095937071,Hammer,2015-12-11,64.05510711669922,2016-03-04,62.09653854370117,RSI > 90,12,-0.030576306264382902,-0.030730023123624738,-3218.088893513278,101503.24124624027
MAR,2019-05-31,118.58750915527344,7.566382819941381,2.9827346801757812,0.24203932442007095,0.5132605093845236,Hammer,2019-06-07,118.51152038574219,2019-06-14,126.46232604980469,Profit target (+1%),1,0.06708888417078351,0.06700167738824198,6800.8874170406,108304.12866328088
MAR,2020-03-20,71.64488220214844,0.2875584617751912,42.75945281982422,0.3705449502164931,3.5187326874765223,Hammer,2020-03-27,72.06756591796875,2020-04-03,73.69105529785156,Profit target (+1%),1,0.022527323619209838,0.022387011747566264,2424.6057982701914,110728.73446155107
MAR,2021-05-07,140.91697692871094,9.262988240438531,9.202972412109375,0.36221287094239013,1.0239023836408765,Hammer,2021-05-14,139.17205810546875,2021-10-01,146.6232147216797,RSI > 90,20,0.0535391709919546,0.053465396650157794,5920.155702636668,116648.89016418775
MAS,1991-08-02,4.478365421295166,9.641690330109455,0.2303156852722168,0.2222224522625966,0.821769344547298,Hammer,1991-08-09,4.452775001525879,1991-08-16,4.862225532531738,Profit target (+1%),1,0.09195401314136653,0.08960760264237855,8960.760255277095,108960.76025527708
MAS,1992-06-26,5.322280406951904,1.4838327309821153,0.4174337387084961,0.31250071394139056,1.354792657362799,Hammer,1992-07-02,5.322280406951904,1992-07-10,5.557086944580078,Profit target (+1%),1,0.044117656281595474,0.042199118584936815,4598.04803851926,113558.80829379633
MAS,1994-03-04,7.56318998336792,4.004895281051844,0.6234889030456543,0.3478258209431219,1.529066717337362,Hammer,1994-03-11,7.56318998336792,1994-12-30,5.197135925292969,RSI > 90,42,-0.31283810974973514,-0.31395275003622247,-35652.100119021445,77906.70817477489
MAS,2000-10-20,7.914409637451172,5.485390949684245,0.7567563056945801,0.20833341209666087,0.849210884471665,Hammer,2000-10-27,7.914409637451172,2000-11-03,8.418913841247559,Profit target (+1%),1,0.06374502040039243,0.062442053945266036,4864.654869682738,82771.36304445763
MAS,2002-06-07,13.72477912902832,8.293312213925248,0.7564020156860352,0.3724148800030259,0.9572682224244644,Hammer,2002-06-14,13.792594909667969,2002-06-28,14.032556533813477,Profit target (+1%),2,0.017397859193073684,0.01666679052770084,1379.5329681747207,84150.89601263234
MAS,2002-10-11,9.855948448181152,2.2752520664441676,1.1091899871826172,0.3285717970543475,1.0677526560782848,Hammer,2002-10-18,9.797847747802734,2002-10-25,10.495054244995117,Profit target (+1%),1,0.07115914792090328,0.07010274104751005,5899.208466190303,90050.10447882263
MAS,2008-10-31,6.459234714508057,0.5312674770734418,1.3745760917663574,0.34259260865266705,0.8817259687746928,Hammer,2008-11-07,6.4274163246154785,2008-12-19,6.548327445983887,Profit target (+1%),6,0.018811776810745418,0.017242528432740815,1552.6914852946888,91602.79596411731
MAS,2010-06-11,8.305710792541504,8.91405998748418,0.6988625526428223,0.16346108577865628,0.6972876606873374,Hammer,2010-06-18,8.433387756347656,2010-10-15,8.200616836547852,RSI > 90,17,-0.02760111671903176,-0.028769822720837102,-2635.396197985271,88967.39976613205
MAS,2011-08-12,5.932055950164795,0.9274053662134065,0.9286155700683594,0.3805965550813167,1.392022010963753,Hammer,2011-08-19,5.994425296783447,2011-10-21,5.937366008758545,RSI > 90,9,-0.009518725348953816,-0.01117761863971471,-994.443664958424,87972.95610117361
MAS,2012-08-03,9.0598783493042,7.9038044315835805,1.325836181640625,0.3655915525376913,1.438445299896504,Hammer,2012-08-10,9.116903305053711,2012-08-17,9.238081932067871,Profit target (+1%),1,0.013291643331018843,0.012188095323545615,1072.2227737829749,89045.17887495659
MAS,2014-10-17,16.008338928222656,7.055876137256618,1.7286357879638672,0.21794918476491856,1.945298381212906,Hammer,2014-10-24,16.037887573242188,2014-10-31,16.81355857849121,Profit target (+1%),1,0.04836491100880158,0.04772650819582389,4249.815455124404,93294.994330081
MAS,2022-02-25,52.24839782714844,0.7611663865720999,3.5488739013671875,0.21226658468735354,1.1954299676161972,Hammer,2022-03-04,51.53797149658203,2022-03-25,52.3314323425293,Profit target (+1%),3,0.01539565533734466,0.015200148986350552,1418.0978120798632,94713.09214216087
MAS,2022-12-23,44.20399856567383,9.932957443556163,1.5710105895996094,0.17014989158174104,0.42507437758868627,Hammer,2022-12-30,44.053932189941406,2023-01-13,47.15843200683594,Profit target (+1%),2,0.07047043618057236,0.07023547015515275,6652.218549800755,101365.31069196161
MCD,1990-01-26,3.7951364517211914,0.0,0.16698598861694336,0.3636359742429218,,Hammer,1990-02-02,3.7799558639526367,1990-02-09,4.007664203643799,Profit target (+1%),1,0.06024100489180095,0.05751938662339087,5751.938656587148,105751.93865658714
MCD,2000-01-07,20.915218353271484,4.889560350618112,1.0490379333496094,0.24999909090578512,0.707512809201224,Hammer,2000-01-14,20.98078155517578,2000-01-21,22.226516723632812,Profit target (+1%),1,0.05937506022742611,0.05888440062182282,6227.139516161769,111979.0781727489
MCD,2001-09-28,14.32863712310791,8.193061419985952,0.8447246551513672,0.312500705610336,0.9705824815568982,Hammer,2001-10-05,14.508140563964844,2001-10-12,15.220877647399902,Profit target (+1%),1,0.04912670099194849,0.04842074534714476,5422.1104229885805,117401.18859573748
MCD,2002-07-26,12.506768226623535,0.051054226484936294,1.4535322189331055,0.3626368723587547,1.6730472127853242,Hammer,2002-08-02,13.017900466918945,2003-04-25,8.664636611938477,RSI > 90,38,-0.33440598705167335,-0.33504547363040404,-39334.73679849651,78066.45179724095
MCD,2011-01-14,48.7996711730957,2.7908540863743525,1.5484657287597656,0.18297895403292758,1.0385885354859814,Hammer,2011-01-21,49.18843460083008,2011-02-18,50.12410354614258,Profit target (+1%),4,0.019022133005564434,0.018816920445251475,1468.9702114427719,79535.42200868373
MCD,2014-01-31,68.13565826416016,5.1029555371790565,1.3096084594726562,0.28177194689285945,0.8881408196463022,Hammer,2014-02-07,68.40337371826172,2014-02-14,69.27885437011719,Profit target (+1%),1,0.012798793455150115,0.01265167705082336,1006.2564723485584,80541.6784810323
MCD,2020-03-20,128.45867919921875,3.1721414388086373,32.60560607910156,0.35632786903658253,2.9094677481214846,Hammer,2020-03-27,123.66602325439453,2020-04-03,142.67227172851562,Profit target (+1%),1,0.1536901403793276,0.15360306702601875,12371.448825738607,92913.12730677091
MCHP,2008-09-12,8.867887496948242,6.325821861830519,0.548405647277832,0.37912163395908144,0.8009336394018993,Hammer,2008-09-19,8.650936126708984,2008-09-26,9.52175521850586,Profit target (+1%),1,0.10066183347583624,0.09944841080108127,9944.841070163286,109944.84107016328
MCHP,2008-10-24,6.743571758270264,2.8539978537102115,1.208298683166504,0.2817955584600704,1.3542666472698424,Hammer,2008-10-31,6.6381096839904785,2008-11-07,7.451676845550537,Profit target (+1%),1,0.12256006608661307,0.12096250096496385,13299.20293074322,123244.04400090649
MCHP,2018-10-12,29.470813751220703,0.970605959249994,2.1975765228271484,0.3850687793307023,0.9201836247134568,Hammer,2018-10-19,29.246305465698242,2018-11-09,29.997541427612305,Profit target (+1%),3,0.02568652518504111,0.02534026943800085,3123.037278488765,126367.08127939526
MCHP,2021-05-07,67.14430236816406,7.461611685292013,4.308891296386719,0.31945996193174275,0.8653539777479204,Hammer,2021-05-14,66.70040893554688,2021-06-04,71.04301452636719,Profit target (+1%),3,0.06510613143341604,0.0649513384290415,8207.711054260486,134574.79233365576
MCHP,2024-08-09,72.06752014160156,9.658354981597284,5.365516662597656,0.3759926855868807,0.8568371681318396,Hammer,2024-08-16,72.29957580566406,2024-08-23,76.2870101928711,Profit target (+1%),1,0.0551515599195902,0.055009442250201886,7402.884259808263,141977.676593464
MCK,1999-03-12,48.497352600097656,7.57888745351427,7.5236968994140625,0.20270274381278228,1.1342417169147867,Hammer,1999-03-19,48.39567947387695,1999-03-26,54.90266418457031,Profit target (+1%),1,0.1344538351653004,0.13423333683156125,13423.33366973279,113423.3336697328
MCK,2002-03-08,27.895828247070312,6.139434188966334,3.2553482055664062,0.22564128103870537,1.7353522601196107,Hammer,2002-03-15,27.945911407470703,2002-03-22,31.927452087402344,Profit target (+1%),1,0.14247310176712524,0.1420898453733474,16116.303926745615,129539.63759647842
MCK,2002-07-05,27.21376609802246,5.228240102021658,3.2439136505126953,0.18814401923862778,1.4032669473111778,Hammer,2002-07-12,26.98802947998047,2002-08-16,27.924419403076172,Profit target (+1%),5,0.034696491042086386,0.03431959809412156,4445.748295123551,133985.38589160197
MCK,2003-08-08,27.800308227539062,9.9279945445372,1.0115337371826172,0.12499835009946543,0.5790390781125839,Hammer,2003-08-15,27.9436092376709,2003-08-22,28.533668518066406,Profit target (+1%),1,0.02111607256517334,0.020754495347613384,2780.7990653546376,136766.18495695663
MCK,2008-09-26,48.10330581665039,8.54479588110216,5.774829864501953,0.20783082987137982,1.89235488104194,Hammer,2008-10-03,47.69454574584961,2009-01-16,35.098487854003906,RSI > 90,15,-0.26409849794914575,-0.26428046000716005,-36144.6302377042,100621.55471925242
MCK,2010-09-10,52.707420349121094,9.49875009830086,1.2699508666992188,0.35664293652939233,0.4520795151759732,Hammer,2010-09-17,53.05377197265625,2010-09-24,55.39829635620117,Profit target (+1%),1,0.04419147397763323,0.04399883933891298,4427.231615696797,105048.78633494921
MCK,2015-08-28,185.12318420410156,1.2720900739503662,41.244140625,0.2908490493441303,4.060444728357935,Hammer,2015-09-04,185.12318420410156,2015-09-25,187.96273803710938,Profit target (+1%),3,0.015338726185031293,0.015284295285304842,1605.5966681006635,106654.38300304988
MCK,2016-01-15,152.34317016601562,3.808608082406451,13.359115600585938,0.3994755015117024,1.2830805009931674,Hammer,2016-01-22,153.71888732910156,2016-01-29,157.652099609375,Profit target (+1%),1,0.025587046254457402,0.02552116231535562,2721.9438175429977,109376.32682059289
MCK,2016-10-07,153.84365844726562,7.789791818844179,3.358551025390625,0.29833807347368996,0.4467064057374054,Hammer,2016-10-14,154.16836547851562,2017-01-27,139.0858154296875,RSI > 90,15,-0.09783167903489243,-0.09789336829993049,-10707.217034034646,98669.10978655826
MCO,1990-01-19,3.3822553157806396,0.0,0.12744712829589844,0.3846155285173379,,Hammer,1990-01-26,3.4116663932800293,1990-02-09,3.4704880714416504,Profit target (+1%),2,0.017241333524720348,0.014289272800424592,1428.927278613532,101428.92727861354
MCO,1994-11-11,5.463681221008301,7.156752643561248,0.14473342895507812,0.25,0.9094518801984646,Hammer,1994-11-18,5.466121673583984,1995-01-06,5.344110012054443,RSI > 90,7,-0.022321431686964543,-0.0241288111297045,-2447.3594269468394,98981.5678516667
MCO,1996-07-26,6.126703262329102,3.8764852274553334,0.28739309310913086,0.31818113942595655,1.24599278558479,Hammer,1996-08-02,6.100576400756836,1996-08-23,6.2185378074646,Profit target (+1%),3,0.019336108419710785,0.01768242662468057,1750.2343089827032,100731.80216064939
MCO,1996-11-08,5.219223976135254,7.649526769250116,0.41281986236572266,0.2857142857142857,1.315126487211964,Hammer,1996-11-15,5.248711109161377,1996-11-22,5.425959587097168,Profit target (+1%),1,0.033769905458582494,0.03183434994058675,3206.7314369213345,103938.53359757071
MCO,2006-05-12,45.886451721191406,3.7994821447510105,3.228313446044922,0.14250670284053915,1.3501916129824536,Hammer,2006-05-19,45.56917190551758,2006-08-11,47.180137634277344,RSI > 90,12,0.035352095756752355,0.03512879470588784,3651.235405128852,107589.76900269957
MCO,2007-03-16,50.3568000793457,2.197050770829648,5.282680511474609,0.3137252919687209,1.9754197334691097,Hammer,2007-03-23,51.20935821533203,2007-03-30,52.03801345825195,Profit target (+1%),1,0.016181715057538515,0.015984877511846643,1719.809277316218,109309.57828001579
MCO,2011-08-12,26.921302795410156,4.571816136007314,2.847606658935547,0.19881229713201773,1.3450634628650968,Hammer,2011-08-19,27.056501388549805,2011-09-23,27.161048889160156,Profit target (+1%),5,0.0038640435845336274,0.0034938009999089005,381.9059135124335,109691.48419352823
MCO,2014-10-17,81.22642517089844,6.791493148257189,4.5885162353515625,0.36750489669552033,1.5434829370037433,Hammer,2014-10-24,80.96016693115234,2014-10-31,85.74393463134766,Profit target (+1%),1,0.05908791794195989,0.058960759066360356,6467.493164698599,116158.97735822684
MCO,2016-02-12,74.21441650390625,9.908854142596297,4.580352783203125,0.2283461812657823,0.9589373720667601,Hammer,2016-02-19,75.59393310546875,2016-02-26,78.31136322021484,Profit target (+1%),1,0.035947727590185385,0.03581307306240597,4160.009938824529,120318.98729705135
MCO,2020-03-13,202.17205810546875,2.9364642614501406,36.62571716308594,0.3764245597326671,2.3272828709988453,Hammer,2020-03-20,172.69119262695312,2020-04-03,210.797119140625,Profit target (+1%),2,0.2206593511458812,0.2205950573326429,26541.773874456805,146860.76117150817
MCO,2022-01-28,323.6681213378906,1.171100749668355,21.63653564453125,0.3983096986400296,1.2871431510410978,Hammer,2022-02-04,323.8989562988281,2022-02-11,333.0652770996094,Profit target (+1%),1,0.02829993929441521,0.028268629088104763,4151.55238100255,151012.31355251072
MDLZ,2012-11-16,19.020143508911133,1.25631628267179,1.2427082061767578,0.3652701228019284,1.7833391274452421,Hammer,2012-11-23,19.213619232177734,2013-01-11,19.91087532043457,Profit target (+1%),7,0.03628967972307451,0.035759909697683424,3575.990966192351,103575.99096619236
MDLZ,2016-08-19,34.2586555480957,6.915002198439126,0.7240791320800781,0.28021789866868974,0.4905041951590371,Hammer,2016-08-26,34.21488952636719,2016-09-09,35.43230438232422,Profit target (+1%),2,0.035581434656360544,0.03528400800437091,3654.576090657205,107230.56705684956
MDLZ,2018-12-28,33.406131744384766,4.378697968965497,1.7181663513183594,0.3392354026469393,1.1129684859670144,Hammer,2019-01-04,33.5150032043457,2019-01-11,34.05097579956055,Profit target (+1%),1,0.01599201981115561,0.0156913050398114,1682.5875355983903,108913.15459244794
MDLZ,2020-09-25,48.557247161865234,9.825604015168622,1.5737571716308594,0.1428574891346767,0.7251511776902851,Hammer,2020-10-02,49.25333023071289,2020-10-16,50.109554290771484,Profit target (+1%),2,0.017384084610073236,0.017179308679265155,1871.052700105136,110784.20729255307
MDLZ,2025-11-07,56.17203903198242,5.4816345238000395,2.357696533203125,0.27500097078581875,0.8099284150132393,Hammer,2025-11-14,55.99521255493164,2026-01-23,56.639617919921875,RSI > 90,10,0.01150822249952288,0.011328624232772939,1255.0326540879246,112039.23994664098
MDT,1990-02-02,1.1437287330627441,0.0,0.09400510787963867,0.26190506383691026,,Hammer,1990-02-09,1.1437287330627441,1990-04-12,1.1716296672821045,Profit target (+1%),9,0.024394713023118353,0.015583256258971383,1558.3256243388128,101558.3256243388
MDT,1993-08-13,2.2053122520446777,3.46798455176841,0.11049580574035645,0.20833396266719603,0.6306391225083696,Hammer,1993-08-20,2.2053122520446777,1993-08-27,2.3986799716949463,Profit target (+1%),1,0.08768269412686824,0.08296009737114839,8425.288574220653,109983.61419855944
MDT,2000-09-22,30.427444458007812,9.684358759763867,1.8777637481689453,0.32653081954191465,0.7397475672845332,Hammer,2000-09-29,30.81066131591797,2000-10-06,31.768705368041992,Profit target (+1%),1,0.031094563089727023,0.03076500752019576,3383.6467145333436,113367.26091309279
MDT,2001-08-17,27.307893753051758,7.910044769375901,1.7733211517333984,0.3993058207158845,0.8513774152332108,Hammer,2001-08-24,27.09238624572754,2001-08-31,28.878023147583008,Profit target (+1%),1,0.06590917779112426,0.06552797696993505,7428.727254829035,120795.98816792182
MDT,2011-03-18,25.72774314880371,8.485336462850626,1.1660118103027344,0.2941180319502197,1.0253201541178114,Hammer,2011-03-25,25.94036865234375,2011-04-01,26.35190200805664,Profit target (+1%),1,0.01586459164201992,0.01547610909265758,1869.45188897268,122665.4400568945
MDT,2014-02-07,40.97554016113281,7.522207389610784,2.3955841064453125,0.3046156932935024,1.755805991111526,Hammer,2014-02-14,41.05662155151367,2014-02-21,41.86006164550781,Profit target (+1%),1,0.019569074698122968,0.019323155394599698,2370.2833573960434,125035.72341429054
MDT,2015-08-28,55.72929000854492,8.014221437932392,13.879287719726562,0.33078585697119484,4.856442298498595,Hammer,2015-09-04,55.85050964355469,2015-10-23,56.535606384277344,Profit target (+1%),7,0.012266615740752052,0.012086484306218458,1511.242307252252,126546.9657215428
MDT,2016-11-18,62.88998031616211,8.152139736251812,4.5304412841796875,0.2212696231479891,1.9963003661700454,Hammer,2016-11-25,63.11533737182617,2017-02-10,59.661739349365234,RSI > 90,11,-0.054718839608113634,-0.05487293266602402,-6944.003122183865,119602.96259935893
MDT,2022-05-13,90.11209106445312,3.616741273462253,3.719635009765625,0.17697009476145548,0.793549753405432,Hammer,2022-05-20,89.52404022216797,2022-08-12,82.826416015625,RSI > 90,12,-0.0748136946223803,-0.07492121204357682,-8960.79891298576,110642.16368637317
MET,2002-02-08,14.505868911743164,9.669892313120528,0.8197908401489258,0.37125776366806923,1.0538607732992855,Hammer,2002-02-15,14.535323143005371,2002-02-22,15.173482894897461,Profit target (+1%),1,0.0439040636120418,0.04320122363953572,4320.122359633449,104320.12235963346
MET,2011-03-18,24.37816619873047,8.038373973050355,2.1099681854248047,0.27296559217740235,1.5082381111657046,Hammer,2011-03-25,24.749208450317383,2011-04-08,24.904273986816406,Profit target (+1%),2,0.006265474583169395,0.005860237332580162,611.340674979914,104931.46303461338
MET,2013-03-01,20.516128540039062,8.279685739738,1.330179214477539,0.37554649647188043,1.244829530823981,Hammer,2013-03-08,20.428998947143555,2013-03-15,22.665327072143555,Profit target (+1%),1,0.1094683166211965,0.10895215032352808,11432.50852278242,116363.9715573958
MET,2014-08-08,31.186365127563477,4.714080849507056,0.8198986053466797,0.34520765918443785,0.6045387580549106,Hammer,2014-08-15,31.33113670349121,2014-08-22,31.910228729248047,Profit target (+1%),1,0.018482956147974905,0.018160886619231324,2113.272891904051,118477.24444929983
MET,2014-10-17,29.47322654724121,1.9177491886182736,2.4249343872070312,0.32587048241101685,1.7372734129653022,Hammer,2014-10-24,29.364646911621094,2014-10-31,30.504728317260742,Profit target (+1%),1,0.03882496558092319,0.03847786829171902,4558.751802927205,123035.99625222705
MET,2016-02-12,23.588478088378906,7.14040608800812,2.111177444458008,0.27462698703093874,1.0888381007685868,Hammer,2016-02-19,24.080036163330078,2016-02-26,24.987529754638672,Profit target (+1%),1,0.03768655433709678,0.03726353513535704,4584.756164673763,127620.75241690082
MET,2016-07-01,25.11532974243164,5.874984866522496,2.4167709350585938,0.25526326589239545,1.3089469403851777,Hammer,2016-07-08,24.670133590698242,2016-07-15,25.236167907714844,Profit target (+1%),1,0.022944112359003288,0.022534196825025922,2875.8311510445146,130496.58356794533
META,2016-11-18,116.00132751464844,4.751544553141514,5.527961730957031,0.3783739395302811,1.0752514924691847,Hammer,2016-11-25,117.17105865478516,2016-12-02,119.07434844970703,Profit target (+1%),1,0.01624368523057762,0.01615765043352199,1615.765041736434,101615.76504173642
META,2018-04-06,155.83155822753906,8.392533543965968,10.968673706054688,0.39539092680877463,1.0819992713405666,Hammer,2018-04-13,156.4461669921875,2018-04-20,164.28225708007812,Profit target (+1%),1,0.050088092527584616,0.05002257406160114,5083.082127543439,106698.84716927985
META,2019-06-07,171.84097290039062,4.464550094530864,14.086318969726562,0.11963460328155111,1.3639106248467507,Hammer,2019-06-14,173.22879028320312,2019-06-21,183.39947509765625,Profit target (+1%),1,0.05871243918418867,0.05865301912428518,6258.209517300742,112957.05668658059
META,2020-03-13,168.79769897460938,2.1635395314679755,23.741500854492188,0.3628386494704429,1.8622665632157065,Hammer,2020-03-20,150.99404907226562,2020-04-03,157.7943115234375,Profit target (+1%),2,0.04503662556871557,0.04496890869771086,5079.555563821437,118036.61225040202
META,2021-09-24,349.887451171875,9.584833701108636,20.162841796875,0.39675735890636543,1.1433122900103105,Hammer,2021-10-01,346.7599182128906,2021-11-26,346.011474609375,RSI > 90,8,-0.002158391337075294,-0.002187198195897008,-258.1694651057045,117778.44278529631
MGM,2020-10-16,21.22718048095703,7.982121838546988,0.8132095336914062,0.3072385518205443,0.31475316368391176,Hammer,2020-10-23,21.337114334106445,2020-10-30,22.846202850341797,RSI > 90,1,0.07072598911949113,0.07024086239851537,7024.0862328274525,107024.08623282744
MGM,2023-10-06,36.47999954223633,9.17593372066274,2.5699996948242188,0.22568167312345075,0.8576232489501406,Hammer,2023-10-13,36.189998626708984,2023-11-10,38.22999954223633,Profit target (+1%),4,0.056369190188965135,0.05608512204858511,6002.458932503965,113026.5451653314
MKC,2007-05-04,12.496856689453125,8.589587072722324,0.24477386474609375,0.3561621419443319,0.6472661973722507,Hammer,2007-05-11,12.496856689453125,2007-06-22,12.339262008666992,RSI > 90,6,-0.012610745622068098,-0.013405583262486108,-1340.5583249080523,98659.44167509193
MKC,2011-08-12,17.129472732543945,6.0222506616946845,1.0247745513916016,0.10948914619460726,1.5635400509073571,Hammer,2011-08-19,17.241674423217773,2011-09-09,17.11077308654785,Profit target (+1%),3,-0.007592147575507413,-0.00816976845578049,-806.0247936560563,97853.41688143589
MKC,2011-11-25,17.851173400878906,6.739091368375256,0.6923732757568359,0.36956443886138685,0.8769214557551284,Hammer,2011-12-02,18.140914916992188,2011-12-09,18.532257080078125,Profit target (+1%),1,0.021572349844349636,0.02101531748773062,2056.4206209662134,99909.83750240211
MKC,2014-07-18,28.026901245117188,9.534075653634773,0.6338920593261719,0.3396200299691282,0.858635299951875,Hammer,2014-07-25,27.939191818237305,2014-11-07,28.322006225585938,RSI > 90,15,0.013701699384831567,0.013341391648525762,1332.9362703271768,101242.7737727293
MKC,2016-01-22,33.58745193481445,8.445985735404875,1.7885360717773438,0.25517111936764963,1.3688678072060476,Hammer,2016-01-29,33.57511901855469,2016-02-05,36.116065979003906,Profit target (+1%),1,0.07567946249259783,0.07537039874846019,7630.708222020046,108873.48199474934
MKC,2023-09-29,70.57038879394531,1.208237886758596,2.4350662231445312,0.30268290466805986,0.8181208692945854,Hammer,2023-10-06,70.2345199584961,2024-01-05,64.39795684814453,RSI > 90,13,-0.08310106075759582,-0.08323751520235682,-9062.358103609113,99811.12389114022
MLM,2016-01-22,114.22714233398438,2.9954154865586275,12.00494384765625,0.22170914489371546,1.2544611927923122,Hammer,2016-01-29,113.46932220458984,2016-02-05,114.95723724365234,Profit target (+1%),1,0.013112927883536019,0.01302422442671988,1302.4224413695656,101302.42244136958
MLM,2018-09-14,183.544677734375,9.067243484009396,7.3985595703125,0.27621516606444585,0.7845310867280842,Hammer,2018-09-21,183.544677734375,2019-02-22,180.24717712402344,RSI > 90,22,-0.01796565637889913,-0.018019648147451547,-1825.434007052545,99476.98843431704
MMM,1991-01-11,6.110072612762451,8.526829293539862,0.36492013931274414,0.3076926092359397,1.578507459234257,Hammer,1991-01-18,6.054305553436279,1991-01-25,6.391154766082764,Profit target (+1%),1,0.055637960402460385,0.05394169509427131,5394.169504032961,105394.16950403295
MMM,1992-04-10,6.875066757202148,9.488158388155611,0.2640495300292969,0.29629689825048033,1.1320341950880857,Hammer,1992-04-16,6.8848466873168945,1992-04-24,7.236912727355957,RSI > 90,1,0.05113636599746374,0.04964784494678969,5232.593380599306,110626.76288463226
MMM,1998-01-02,16.106597900390625,2.8065911476021626,0.5907363891601562,0.30612238308644046,0.6355653254482773,Hammer,1998-01-09,16.010150909423828,1998-02-13,16.914339065551758,RSI > 90,5,0.05647592963010184,0.05583388887092916,6176.722378874465,116803.48526350672
MMM,2001-08-10,23.10395050048828,8.935629545301467,1.041097640991211,0.34343528722049704,0.7483794679698508,Hammer,2001-08-17,22.977758407592773,2001-08-31,23.57807159423828,Profit target (+1%),2,0.026125837690378795,0.025685045118452134,3000.1027859855267,119803.58804949225
MMM,2002-09-20,25.78460693359375,6.588534963733508,1.090005874633789,0.22574311827072654,0.7399727956583595,Hammer,2002-09-27,25.447893142700195,2002-10-18,25.879579544067383,Profit target (+1%),3,0.016963541891129807,0.016567326904765877,1984.8252055950152,121788.41325508727
MMM,2006-07-28,32.825626373291016,2.71769685898596,2.1598262786865234,0.2521558747089072,1.4138743411329928,Hammer,2006-08-04,32.630123138427734,2006-08-25,33.18870162963867,Profit target (+1%),3,0.01711849167228885,0.016809450630354487,2047.1963179134036,123835.60957300066
MMM,2008-07-03,33.92542266845703,7.721897772896867,1.2747650146484375,0.27586093389033195,0.7372966865461911,Hammer,2008-07-11,34.135440826416016,2008-08-01,34.61408996582031,Profit target (+1%),3,0.01402205824258429,0.013727096899161387,1699.9034104753941,125535.51298347606
MMM,2022-12-30,88.82565307617188,6.274599452949886,2.0369491577148438,0.39272698670721795,0.37865867616845045,Hammer,2023-01-06,90.01078033447266,2023-01-13,94.06986236572266,Profit target (+1%),1,0.045095509850784365,0.04498191335124559,5646.827561880058,131182.34054535613
MNST,2016-02-12,20.39497947692871,4.068264856944211,1.7566642761230469,0.18690702911406973,1.0718078274987433,Hammer,2016-02-19,20.559978485107422,2016-02-26,21.431644439697266,Profit target (+1%),1,0.0423962483823237,0.04189967692958385,4189.967688768418,104189.96768876842
MNST,2018-05-18,24.735000610351562,8.173958682885143,1.1000003814697266,0.21363684441415806,0.6816659334201426,Hammer,2018-05-25,24.799999237060547,2018-06-08,25.825000762939453,Profit target (+1%),2,0.04133070796015059,0.040919232295819466,4263.373486487266,108453.34117525569
MNST,2024-05-31,51.91999816894531,8.217970970659565,1.6100006103515625,0.3602494479353255,0.7087136638410606,Hammer,2024-06-07,51.810001373291016,2024-06-14,52.349998474121094,Profit target (+1%),1,0.010422642086793221,0.010228642029975393,1109.330402727151,109562.67157798282
MO,1992-02-21,0.8651948571205139,6.864865497675623,0.030281782150268555,0.28571344214280653,0.8327462307278041,Hammer,1992-02-28,0.8666368722915649,1992-03-06,0.8839407563209534,Profit target (+1%),1,0.019966706451842287,0.008379503278912737,837.9503270533233,100837.95032705333
MO,1993-01-22,0.858545184135437,3.5918571082387984,0.02970743179321289,0.2000008025553362,0.7969338983702506,Hammer,1993-01-29,0.858545184135437,1993-02-05,0.8941941261291504,Profit target (+1%),1,0.041522499517147926,0.029701910756867393,2995.0797985244853,103833.0301255778
MO,1993-02-26,0.7976449131965637,5.2755667127371595,0.08021008968353271,0.12962973971949213,1.9654789317883867,Hammer,1993-03-05,0.7991303205490112,1993-10-22,0.653389036655426,RSI > 90,33,-0.18237486445697537,-0.19367667144705425,-20110.035640873582,83722.99448470424
MO,1998-01-30,1.8640503883361816,6.511435737632482,0.16563093662261963,0.33898272148022224,1.4006529053610075,Hammer,1998-02-06,1.897737979888916,1998-02-13,1.9875717163085938,Profit target (+1%),1,0.04733727067260163,0.04195729378584151,3512.7902727123337,87235.78475741658
MO,1999-02-19,1.8637689352035522,2.2660734748775724,0.13416802883148193,0.3695648890298654,0.8549428297260381,Hammer,1999-02-26,1.881269097328186,1999-03-26,1.93446683883667,Profit target (+1%),4,0.02827758218323817,0.022901155285675677,1997.8002511995762,89233.58500861617
MO,1999-07-23,1.8177486658096313,5.8543954361332595,0.06853806972503662,0.30434706986306376,0.5429475078058509,Hammer,1999-07-30,1.8028490543365479,1999-09-10,1.8654272556304932,RSI > 90,6,0.03471072697041411,0.029083291643085134,2595.206374568407,91828.79138318457
MO,2003-08-22,2.387662887573242,9.016669198127289,0.07670974731445312,0.3622072206474713,0.481138275981929,Hammer,2003-08-29,2.3918910026550293,2003-09-05,2.480077028274536,Profit target (+1%),1,0.036868747581565886,0.03261976682832072,2995.4337600505532,94824.22514323512
MO,2004-05-28,3.018218994140625,1.6356991371764593,0.2925729751586914,0.30752725850351226,1.8779958803278012,Hammer,2004-06-04,3.0389821529388428,2004-07-09,3.158153533935547,RSI > 90,5,0.039214241808382955,0.0358646586975892,3400.838467624646,98225.06361085975
MO,2011-08-12,10.043237686157227,1.349295429326105,0.8967180252075195,0.20888950809176446,2.4309073917265924,Hammer,2011-08-19,10.138887405395508,2011-08-26,10.453734397888184,Profit target (+1%),1,0.031053406542923767,0.0300522847217851,2951.887575497123,101176.95118635686
MO,2012-11-16,13.326051712036133,2.5772886915659967,0.6654491424560547,0.2115384064181239,1.4344029416656159,Hammer,2012-11-23,13.471085548400879,2012-11-30,14.187722206115723,Profit target (+1%),1,0.05319813723548905,0.052436344009310284,5305.349412915653,106482.30059927252
MO,2013-08-23,15.200895309448242,4.393121637019519,0.5276870727539062,0.025213258150798813,1.0664310334815206,Hammer,2013-08-30,15.240804672241211,2013-09-20,15.818852424621582,Profit target (+1%),3,0.037927639964653315,0.037259283100658076,3967.454179270213,110449.75477854275
MOS,2015-05-01,35.62062454223633,0.7497152371044535,1.6471977233886719,0.20673084716873202,1.0938677811837243,Hammer,2015-05-08,35.61270523071289,2015-05-15,35.93739318847656,Profit target (+1%),1,0.00911719442991532,0.008835155317426811,883.5155308591654,100883.51553085918
MOS,2016-09-30,20.40578269958496,8.80695337479547,0.9552173614501953,0.3580806255478636,0.5209261082475934,Hammer,2016-10-07,20.43915367126465,2016-11-18,22.900196075439453,RSI > 90,6,0.12040823430153957,0.11988964882512486,12094.889237143845,112978.40476800302
MOS,2017-03-17,24.798498153686523,7.746427763571006,0.8288841247558594,0.27179490719647287,0.490141929463542,Hammer,2017-03-24,24.84100341796875,2017-07-28,20.758771896362305,RSI > 90,18,-0.16433440521382325,-0.1647038138394091,-18607.974128174603,94370.43063982842
MOS,2020-03-20,8.402192115783691,1.025430391672316,3.5615124702453613,0.2792125834763349,1.6422336034996738,Hammer,2020-03-27,8.130587577819824,2020-04-03,8.594943046569824,Profit target (+1%),1,0.05711216616333581,0.055847898434369415,5270.390220310452,99640.82086013889
MOS,2023-06-02,30.234102249145508,5.481371324883938,1.8873462677001953,0.2058103329617701,0.4773242520789517,Hammer,2023-06-09,30.48086929321289,2023-06-16,31.760427474975586,Profit target (+1%),1,0.041979058059463226,0.041644152231714006,4149.457508243111,103790.27836838199
MOS,2024-01-19,29.65668487548828,1.7660001074327596,1.11328125,0.36099746436403507,0.4562535510630138,Hammer,2024-01-26,29.518104553222656,2024-03-22,29.941104888916016,RSI > 90,8,0.014330199790798526,0.013989055078839218,1451.9279192914228,105242.2062876734
MPC,2013-04-19,26.867324829101562,5.924159357983996,1.7092742919921875,0.2914159651487694,0.9863378132967107,Hammer,2013-04-26,26.90485382080078,2013-05-03,27.877193450927734,Profit target (+1%),1,0.036139933582364,0.03576160749647334,3576.160746071174,103576.16074607118
MPC,2016-02-12,23.188594818115234,3.352837315915636,2.4842758178710938,0.2401748669457249,0.7562225091080782,Hammer,2016-02-19,23.61246681213379,2016-03-04,25.088701248168945,Profit target (+1%),2,0.06251928050467637,0.06208262925479631,6430.280380803244,110006.44112687442
MPC,2022-07-08,76.37317657470703,7.521645528501395,6.933845520019531,0.34523834411822635,1.0194321461941727,Hammer,2022-07-15,75.46517181396484,2022-07-22,78.88623809814453,Profit target (+1%),1,0.04533304837115093,0.04519754231629438,4972.020772924832,114978.46189979925
MPWR,2021-03-12,318.5859680175781,9.512555086840948,41.59906005859375,0.3396580486795714,1.2521630354767914,Hammer,2021-03-19,320.02008056640625,2021-03-26,334.61151123046875,Profit target (+1%),1,0.045595359635673516,0.04556339971309457,4556.339966753118,104556.3399667531
MRK,1990-01-19,3.5780797004699707,0.0,0.2068958282470703,0.38235321232011654,,Hammer,1990-01-26,3.5780797004699707,1990-04-20,3.6687283515930176,RSI > 90,12,0.0253344415752228,0.022508193471797062,2250.8193449288865,102250.8193449289
MRK,1997-10-31,15.762859344482422,3.211348786186633,1.556417465209961,0.1773052078954818,1.4643837205530121,Hammer,1997-11-07,15.972589492797852,1997-11-28,16.579702377319336,Profit target (+1%),3,0.03800967180651793,0.037371900485404376,3821.307441288436,106072.12678621734
MRK,2002-04-12,20.61726951599121,1.379050521435488,1.7181053161621094,0.33333259323565523,1.436125580964923,Hammer,2002-04-19,20.808170318603516,2002-04-26,21.74358367919922,Profit target (+1%),1,0.044954138027186286,0.04446287357618632,4716.271558536517,110788.39834475385
MRK,2010-04-23,19.653823852539062,5.958744799001892,1.585165023803711,0.32867114355605875,1.576784576896093,Hammer,2010-04-30,19.720335006713867,2010-06-25,20.196786880493164,Profit target (+1%),8,0.024160435084753296,0.023647348631621733,2619.8518773775268,113408.25022213138
MRK,2011-08-12,18.34250259399414,2.5225302264829566,1.4339237213134766,0.32653044936810727,1.6768202171462343,Hammer,2011-08-19,18.52393913269043,2011-09-09,18.512231826782227,Profit target (+1%),3,-0.0006320095215354149,-0.0011715352807168391,-132.86176612672847,113275.38845600466
MRK,2017-11-03,40.80289077758789,3.3176015494202886,1.3574256896972656,0.281502131569999,0.869812038343762,Hammer,2017-11-10,40.788333892822266,2017-12-22,41.38485336303711,Profit target (+1%),6,0.014624756965613939,0.014377826332013694,1628.65386128317,114904.04231728782
MRK,2020-10-23,63.507564544677734,7.71164342388991,2.060443878173828,0.3050193193157981,0.7081449079957397,Hammer,2020-10-30,63.10979461669922,2020-11-13,67.4454574584961,Profit target (+1%),2,0.06870031614157135,0.0685364321957623,7875.113097422687,122779.15541471052
MRK,2022-02-25,66.50787353515625,9.91155475028954,3.8473854064941406,0.21970732790716352,1.1035143716928766,Hammer,2022-03-04,66.08087921142578,2022-03-11,67.10916900634766,Profit target (+1%),1,0.015561079198596284,0.015408583604738086,1891.8528792348452,124671.00829394536
MRK,2024-08-09,107.22406005859375,3.0026169718437217,4.1186065673828125,0.1295453787645832,0.7243394415370478,Hammer,2024-08-16,107.37382507324219,2024-08-30,109.26464080810547,Profit target (+1%),2,0.017609652385705,0.017515704177060856,2183.7004985489466,126854.7087924943
MRNA,2024-09-27,65.75,2.5205538368965534,3.509998321533203,0.32193669338405106,0.27546150737030173,Hammer,2024-10-04,65.69000244140625,2025-07-11,30.350000381469727,RSI > 90,40,-0.5379814392830762,-0.538092712477869,-53809.27119397764,46190.72880602235
MRSH,1991-06-14,5.3608012199401855,2.067132893648491,0.18485498428344727,0.2857153912229247,0.7702224217971275,Hammer,1991-06-21,5.369603633880615,1991-07-05,5.528050899505615,Profit target (+1%),2,0.02950818653079801,0.027620132708803532,2762.0132681183395,102762.01326811835
MRSH,1994-07-01,6.6089935302734375,7.7676732199726075,0.3391714096069336,0.22857074571133737,1.8902795038145837,Hammer,1994-07-08,6.626585960388184,1994-07-15,6.68522834777832,Profit target (+1%),1,0.008849562616509266,0.007334955421024024,753.7547855425726,103515.76805366091
MRSH,1996-07-19,7.626827716827393,6.388598264555213,0.34667396545410156,0.3333324163581045,1.3685598289557035,Hammer,1996-07-26,7.605816841125488,1996-08-09,7.731880187988281,Profit target (+1%),2,0.016574596719336476,0.015249788463655854,1578.5935638925998,105094.36161755351
MRSH,1996-12-20,8.925568580627441,9.733356737301207,0.4028158187866211,0.2631568978865153,1.2791557866589713,Hammer,1996-12-27,8.893767356872559,1997-01-17,9.024211883544922,Profit target (+1%),3,0.014666959617688269,0.013534967467077727,1422.4487640444404,106516.81038159794
MRSH,2002-02-01,29.253150939941406,5.931629118130445,2.405355453491211,0.1437127457876027,1.4306776071103586,Hammer,2002-02-08,29.440393447875977,2002-02-15,30.189367294311523,Profit target (+1%),1,0.025440347723667545,0.025096416108131514,2673.190193174335,109190.00057477228
MRSH,2006-05-26,18.095346450805664,6.905434918081795,0.5632801055908203,0.374998730195279,0.6676625622363738,Hammer,2006-06-02,18.01853370666504,2006-09-22,17.91398811340332,RSI > 90,16,-0.005802114365335287,-0.006355334926322465,-693.9390235640813,108496.06155120819
MRSH,2007-08-17,17.46962547302246,1.377368084952522,1.5719356536865234,0.3907555326901633,1.479736168732346,Hammer,2007-08-24,17.529067993164062,2008-01-11,18.09937858581543,Profit target (+1%),20,0.032535134946922284,0.03195553894679849,3467.05011700683,111963.111668215
MRSH,2011-08-12,21.12474822998047,2.5593570694704084,2.2089767456054688,0.3481228521594971,2.1811849974384194,Hammer,2011-08-19,21.32076644897461,2011-09-02,22.104839324951172,Profit target (+1%),2,0.036775079256790466,0.03629754071576562,4063.985600376861,116027.09726859185
MRSH,2022-05-13,150.27764892578125,8.17111512387578,7.1685943603515625,0.1638268117777527,0.9784978618730978,Hammer,2022-05-20,149.8736572265625,2022-06-03,150.65347290039062,Profit target (+1%),2,0.0052031536979797455,0.005136259478655791,595.945277530777,116623.04254612263
MS,1995-12-29,5.595759391784668,9.393665594930127,0.14748525619506836,0.3529400353703051,0.5223796710784637,Hammer,1996-01-05,5.578408241271973,1996-01-12,5.786622524261475,Profit target (+1%),1,0.03732503502504958,0.035500589321827224,3550.058928632664,103550.05892863266
MS,2001-04-06,24.98839569091797,0.5106932439381922,5.215509414672852,0.3599219434843618,1.108712834491896,Hammer,2001-04-12,24.98839569091797,2001-04-20,28.744016647338867,Profit target (+1%),1,0.15029460085690416,0.14986442829703106,15518.47036594494,119068.52929457759
MS,2002-02-08,25.730005264282227,4.088071645004604,2.326436996459961,0.20085462027034007,0.8840232314681206,Hammer,2002-02-15,25.730005264282227,2002-03-15,27.902341842651367,Profit target (+1%),4,0.08442814356453798,0.0840231644082956,10004.51460276774,129073.04389734534
MS,2002-07-26,19.082590103149414,6.326268263640628,2.6350231170654297,0.13904775278662276,1.1754506362557462,Hammer,2002-08-02,19.770204544067383,2002-08-16,20.979806900024414,Profit target (+1%),2,0.06118309768929553,0.06066194426883524,7829.821787679866,136902.8656850252
MS,2003-02-14,18.171133041381836,6.009297933199903,1.1172866821289062,0.33636348117040527,0.6006647286056946,Hammer,2003-02-21,18.272703170776367,2003-02-28,18.805953979492188,Profit target (+1%),1,0.029182918571601935,0.028627820674559924,3919.2306847450345,140822.09636977024
MS,2008-09-19,18.373811721801758,3.745341073117146,15.733546257019043,0.33433473842815226,3.3481869428510604,Hammer,2008-09-26,20.77098274230957,2009-01-16,13.728154182434082,RSI > 90,16,-0.33907055083771065,-0.33947027427552917,-47804.91563089598,93017.18073887427
MS,2010-06-11,18.201595306396484,5.240470192581611,1.1060962677001953,0.22151771041518298,0.6882426778735399,Hammer,2010-06-18,18.369609832763672,2010-07-30,18.887653350830078,Profit target (+1%),6,0.02820111710497164,0.027649213925648463,2571.851926437991,95589.03266531228
MS,2011-04-29,18.445964813232422,1.4682101591744185,0.7610034942626953,0.23065528779277417,0.7476263754200201,Hammer,2011-05-06,18.53766632080078,2011-10-28,12.229254722595215,RSI > 90,25,-0.34030236001858616,-0.340749894804379,-32571.95279258556,63017.07987272672
MS,2015-10-02,23.31329345703125,6.120522448785394,1.3129043579101562,0.2768355754423686,0.9447478894144707,Hammer,2015-10-09,23.543235778808594,2015-10-16,24.29240608215332,Profit target (+1%),1,0.03182104237426264,0.03138962554510842,1978.0825381729983,64995.16241089972
MS,2016-02-12,17.30901336669922,4.7150155095834805,2.012763023376465,0.2793301224571021,1.2241198408788425,Hammer,2016-02-19,18.04365348815918,2016-03-04,18.748308181762695,Profit target (+1%),2,0.039052772436908745,0.0384878957346733,2501.527031627339,67496.68944252706
MS,2020-03-13,30.902345657348633,1.9021037603110926,7.235271453857422,0.3576311908737517,2.3549234843286566,Hammer,2020-03-20,25.603622436523438,2020-04-03,27.630815505981445,Profit target (+1%),2,0.07917602575509886,0.07877007341796927,5316.719177541008,72813.40862006806
MS,2025-03-14,111.72525024414062,3.9342720116350876,6.8435821533203125,0.13304987056885045,0.9222208284389056,Hammer,2025-03-21,111.3668441772461,2025-03-28,118.476806640625,Profit target (+1%),1,0.06384272191517826,0.06375006641785917,4641.8596309982,77455.26825106626
MSCI,2023-05-19,452.7657775878906,7.04353491478372,19.408111572265625,0.3306848647331221,0.5798082836271183,Hammer,2023-05-26,452.2453918457031,2023-06-02,463.2503967285156,Profit target (+1%),1,0.024334144871877905,0.024311764193150228,2431.1764168838463,102431.17641688386
MSFT,2000-12-22,14.120389938354492,1.8574118938788757,2.964712142944336,0.36538472673371664,1.233527595294541,Hammer,2000-12-29,14.253421783447266,2001-01-12,14.880572319030762,Profit target (+1%),2,0.043999998394197215,0.043283229024684226,4328.322898140101,104328.3228981401
MSFT,2001-03-16,16.59098243713379,2.6803557662813517,1.3540668487548828,0.3403477288317996,0.6568022783269972,Hammer,2001-03-23,16.571979522705078,2001-03-30,17.37017059326172,Profit target (+1%),1,0.048165101185591475,0.04754732727256337,4960.532907675002,109288.85580581511
MSFT,2005-03-24,16.702957153320312,0.6509191717626948,0.3508453369140625,0.37254273039620756,0.7433772825822564,Hammer,2005-04-01,16.744232177734375,2005-04-15,17.218904495239258,Profit target (+1%),2,0.028348407527224673,0.02774290263422327,3031.990082594405,112320.84588840952
MSFT,2007-03-16,19.313434600830078,9.875807236355286,0.5441398620605469,0.38960902392686636,0.7638807364697543,Hammer,2007-03-23,19.32050132751465,2007-03-30,19.7445068359375,Profit target (+1%),1,0.021945885421669642,0.02142275646083307,2406.2221245359387,114727.06801294544
MSFT,2008-11-21,14.30683422088623,8.7488850986567,1.8929004669189453,0.19073431241655542,1.0017102023808941,Hammer,2008-11-28,14.459498405456543,2008-12-05,14.448594093322754,Profit target (+1%),1,-0.0007541279668231704,-0.0014452151431606332,-165.80529585692335,114561.26271708851
MSFT,2010-06-11,19.26744270324707,6.60023271227945,0.8860321044921875,0.14406848984793427,0.7929372950766017,Hammer,2010-06-18,19.417617797851562,2010-06-25,20.108423233032227,Profit target (+1%),1,0.03557621961521451,0.035052197508410494,4015.624003556666,118576.88672064518
MSFT,2011-08-12,19.302288055419922,9.26297902215292,1.2227344512939453,0.37735799021940053,1.3632489368398626,Hammer,2011-08-19,19.409950256347656,2011-09-09,19.501502990722656,Profit target (+1%),3,0.004716793869425695,0.004200512146475159,498.08365246319545,119074.97037310839
MSFT,2014-10-17,36.793460845947266,5.284489847979344,2.074535369873047,0.3780485338168204,1.5335810738016054,Hammer,2014-10-24,36.312774658203125,2014-10-31,38.54753494262695,Profit target (+1%),1,0.061541986407226856,0.06125816643122212,7294.314345614403,126369.28471872279
MSFT,2018-11-02,98.46253967285156,2.7515917285899434,7.9671478271484375,0.2956917272352936,1.7365759770239477,Hammer,2018-11-09,98.65731048583984,2018-11-16,101.48615264892578,Profit target (+1%),1,0.02867341658874789,0.02857060765357299,3610.447249550838,129979.73196827361
MSFT,2021-05-21,235.28884887695312,8.559700253959136,9.337844848632812,0.3247702074465043,0.8787044777854714,Hammer,2021-05-28,237.7984619140625,2021-06-11,239.90499877929688,Profit target (+1%),2,0.008858496595304466,0.00881625880615658,1145.9349554412292,131125.66692371486
MSFT,2025-03-14,384.7745361328125,2.2524709701456516,13.19024658203125,0.329579055013905,0.7141995771792996,Hammer,2025-03-21,382.93267822265625,2025-03-28,391.54791259765625,Profit target (+1%),1,0.022498039120053104,0.022471631454339634,2946.607658367605,134072.27458208246
MSI,1990-01-26,10.879804611206055,0.0,0.6861133575439453,0.3571434528426197,,Hammer,1990-02-02,10.977821350097656,1990-02-16,11.492406845092773,Profit target (+1%),2,0.04687501085910273,0.0459431578563035,4594.315781036035,104594.31578103603
MSI,1996-06-28,51.96714401245117,8.860838090738199,2.8985671997070312,0.35714266913384624,0.969717810861707,Hammer,1996-07-05,52.898826599121094,1996-07-12,54.8657112121582,Profit target (+1%),1,0.03718200836367491,0.036989472006730466,3868.8885117768705,108463.2042928129
MSI,1997-10-31,51.87177276611328,8.551983841437348,6.274810791015625,0.2000001215876428,1.2670559174356277,Hammer,1997-11-07,52.656124114990234,1997-11-21,55.21833801269531,Profit target (+1%),2,0.048659371360294745,0.04846485791173186,5256.653779445669,113719.85807225858
MSI,2002-02-08,33.189796447753906,2.500508487001767,3.5264148712158203,0.3308822694237575,0.814445105546376,Hammer,2002-02-15,33.7083854675293,2002-03-08,36.04204177856445,Profit target (+1%),3,0.06923073528048751,0.06892384964640123,7838.0103917444285,121557.868464003
MSI,2002-10-11,26.08034324645996,3.458215028309965,5.336399078369141,0.14215690129065234,1.17188672424221,Hammer,2002-10-18,25.89723014831543,2002-11-29,27.728349685668945,Profit target (+1%),6,0.07070715774878455,0.07030744175022145,8546.422747767549,130104.29121177054
MSI,2008-09-19,23.688583374023438,3.7481009542878923,4.939054489135742,0.35668763735828757,1.5306833135735072,Hammer,2008-09-26,23.62566566467285,2008-10-03,23.373992919921875,Profit target (+1%),1,-0.010652514444378203,-0.011073439422494469,-1440.7019858994186,128663.58922587111
MSI,2017-08-25,76.48280334472656,8.378880493543946,2.1920089721679688,0.3734942275095628,0.8009445251584608,Hammer,2017-09-01,76.60604858398438,2017-10-13,79.39939880371094,RSI > 90,6,0.036463833748900054,0.03633092447070915,4674.467137621004,133338.05636349213
MTB,2007-03-16,64.68162536621094,6.34744320329618,3.1504364013671875,0.300883434156548,1.725366864394682,Hammer,2007-03-23,65.23921966552734,2007-03-30,66.01986694335938,Profit target (+1%),1,0.011965919914957768,0.011811732622180746,1181.1732610369013,101181.1732610369
MTB,2007-04-13,59.0387077331543,5.3407027736664645,1.288055419921875,0.2597406828251238,0.602823169924843,Hammer,2007-04-20,59.22271728515625,2007-04-27,63.3433837890625,Profit target (+1%),1,0.06957915294675376,0.06940443921070172,7022.42258184069,108203.5958428776
MTB,2007-12-21,46.72487258911133,4.111638511096842,3.118030548095703,0.13686162865668428,0.8693186459392763,Hammer,2007-12-28,47.1231575012207,2008-02-01,47.857147216796875,Profit target (+1%),5,0.015575987571655459,0.015362147683312634,1662.2396175415192,109865.83546041913
MTB,2008-07-18,39.68461608886719,0.1310824458589792,10.055593490600586,0.1362853414825076,2.2664752961988417,Hammer,2008-07-25,40.32646179199219,2008-08-08,41.01456832885742,Profit target (+1%),2,0.01706339972037596,0.016813338935309084,1847.211527159715,111713.04698757884
MTB,2013-04-19,68.72657775878906,1.5147487941101616,3.3336715698242188,0.35908145306910844,1.475121394536748,Hammer,2013-04-26,68.82401275634766,2013-05-10,70.12547302246094,Profit target (+1%),2,0.0189099736268028,0.01876331236487455,2096.1067937637426,113809.1537813426
MTB,2015-09-04,86.43721008300781,0.9142020254955554,5.1422271728515625,0.25330340266052626,1.4437163791848133,Hammer,2015-09-11,88.32752227783203,2015-09-18,89.3243637084961,Profit target (+1%),1,0.011285739766689229,0.01117189235874131,1271.4636142131326,115080.61739555572
MTB,2019-08-09,122.37577819824219,7.075684915938766,5.1749725341796875,0.3570324962331968,0.841588891503419,Hammer,2019-08-16,120.55213928222656,2019-09-20,126.70740509033203,RSI > 90,5,0.05105895129488558,0.050973885451273786,5866.106202916815,120946.72359847254
MTB,2020-03-13,92.10179138183594,0.4085956299837221,14.826141357421875,0.381266942898957,1.7349643965874098,Hammer,2020-03-20,78.44377136230469,2020-03-27,79.89779663085938,Profit target (+1%),1,0.01853589193001759,0.01840723880665593,2226.2952219333974,123173.01882040594
MTB,2025-03-14,169.26194763183594,0.8732880043408358,8.458770751953125,0.2615386558047746,0.9041569951767506,Hammer,2025-03-21,168.50042724609375,2025-03-28,173.5419464111328,Profit target (+1%),1,0.029919919180240173,0.029859686107859138,3677.907675256839,126850.92649566279
MTD,2023-06-02,1332.6600341796875,3.0964967760571938,61.3900146484375,0.32464451677944434,0.66196091044404,Hammer,2023-06-09,1330.0,2023-07-28,1359.550048828125,Profit target (+1%),7,0.022218081825657876,0.022197859644821568,2219.7859624843695,102219.78596248437
MTD,2023-08-25,1175.449951171875,3.696137073858182,33.5599365234375,0.2768193275935444,0.4325737812731401,Hammer,2023-09-01,1181.2099609375,2023-09-08,1221.219970703125,Profit target (+1%),1,0.033872055848453764,0.03385215879977059,3460.360423751423,105680.14638623579
MU,1994-10-07,8.055249214172363,6.33251709498704,1.029618740081787,0.3529410675011474,1.0480544888344856,Hammer,1994-10-14,8.29751205444336,1994-10-28,8.691189765930176,Profit target (+1%),2,0.047445271414339185,0.04621224383305527,4621.224378684303,104621.2243786843
MU,1995-11-10,31.434223175048828,9.246219599240234,4.556362152099609,0.3543568735699162,1.0976437101055339,Hammer,1995-11-17,31.37342071533203,1996-05-03,18.13966941833496,RSI > 90,24,-0.4218141023598936,-0.42206557867094785,-44157.01756449545,60464.20681418885
MU,2000-10-20,34.01314163208008,0.43186981826808335,8.046119689941406,0.16666650863201093,0.7729910251523447,Hammer,2000-10-27,33.22071838378906,2000-11-10,35.78084945678711,Profit target (+1%),2,0.0770642899235836,0.0767517211679692,4640.7319374043145,65104.93875159316
MU,2003-01-03,9.908917427062988,7.607964491695142,0.9752874374389648,0.23999988265929245,0.35760776639311653,Hammer,2003-01-10,10.08446979522705,2003-03-28,8.406975746154785,RSI > 90,11,-0.16634429802806472,-0.1672529957788818,-10888.996035315573,54215.94271627759
MU,2008-03-20,5.832217693328857,6.623857532407399,0.4096207618713379,0.38095099512593755,0.4513172885147148,Hammer,2008-03-28,5.8712286949157715,2008-04-11,6.651458740234375,Profit target (+1%),2,0.13289041968238235,0.13107557334945483,7106.385769110899,61322.32848538848
MU,2016-01-22,10.796428680419922,1.3286615388845178,2.204148292541504,0.22123928648846042,1.2412403284457785,Hammer,2016-01-29,10.786676406860352,2016-03-11,11.176791191101074,Profit target (+1%),6,0.03616635648702782,0.03522295979882058,2159.9539088509546,63482.28239423943
MU,2020-03-20,35.217620849609375,0.9449609637871248,7.812051773071289,0.37827707400204846,1.4382206420544572,Hammer,2020-03-27,36.07587432861328,2020-04-03,43.078433990478516,Profit target (+1%),1,0.1941064434940447,0.1938023895479692,12303.018009659561,75785.30040389899
NCLH,2025-03-14,19.190000534057617,1.6066186982225474,1.9050006866455078,0.22047240152627884,0.7776603945497564,Hammer,2025-03-21,20.049999237060547,2025-03-28,20.579999923706055,Profit target (+1%),1,0.026433950464489264,0.025928731310274733,2592.8731284346004,102592.87312843461
NCLH,2025-11-21,18.200000762939453,3.248580916953827,0.9600009918212891,0.22916571464901841,0.47098426535274596,Hammer,2025-11-28,18.309999465942383,2025-12-12,19.0,Profit target (+1%),2,0.037684355771886,0.037128067370250734,3809.075101411032,106401.94822984564
NDAQ,2011-05-27,6.708513259887695,8.986139247656595,0.4019293785095215,0.38157946250298075,0.9526263642443923,Hammer,2011-06-03,6.748177528381348,2011-07-08,6.745532989501953,Profit target (+1%),5,-0.00039188934616374294,-0.0018723836040520515,-187.23836021796677,99812.76163978204
NDAQ,2015-07-02,13.722907066345215,7.675950268383673,0.33797454833984375,0.3140477211675207,0.7143242844236893,Hammer,2015-07-10,13.708941459655762,2015-07-17,14.236852645874023,Profit target (+1%),1,0.03850853020066203,0.03776530530933617,3769.4594133249066,103582.22105310696
NDAQ,2017-03-31,20.026391983032227,9.204712795747156,0.3503532409667969,0.3045305575819605,0.6003977245142251,Hammer,2017-04-07,19.977371215820312,2017-06-16,20.3176326751709,RSI > 90,10,0.017032344029385138,0.01652764107840777,1711.9697699580747,105294.19082306504
NDAQ,2022-01-28,54.68046951293945,4.135641050697572,3.2480812072753906,0.26987838607576353,1.0926084402553438,Hammer,2022-02-04,54.89335250854492,2022-02-11,56.558876037597656,Profit target (+1%),1,0.030341078708819413,0.030156160493068462,3175.268514272858,108469.4593373379
NDAQ,2022-05-13,46.32271194458008,1.7694326685903121,2.961711883544922,0.33510004572414814,1.0013946158988185,Hammer,2022-05-20,46.263038635253906,2022-06-03,48.45840835571289,Profit target (+1%),2,0.047454075331446965,0.0472328152417907,5123.317927134092,113592.77726447201
NDAQ,2023-02-10,56.74329376220703,9.096153874781493,1.6845970153808594,0.37288131755157866,0.5305839626721894,Hammer,2023-02-17,57.000267028808594,2023-04-28,54.54552459716797,RSI > 90,10,-0.043065454946026316,-0.04323710001033809,-4911.422266124613,108681.3549983474
NDAQ,2025-03-14,72.12105560302734,8.735980123787229,2.0212249755859375,0.17259914089217365,0.5660726777752629,Hammer,2025-03-21,72.0324478149414,2025-03-28,75.20238494873047,Profit target (+1%),1,0.04400707222851774,0.043865201081341704,4767.32948602786,113448.68448437525
NDSN,2023-09-29,215.4971923828125,9.151300951192923,9.540313720703125,0.2540488840977938,0.9975443130578492,Hammer,2023-10-06,215.03370666503906,2023-11-17,216.44349670410156,Profit target (+1%),6,0.006556135133077401,0.006509479436383075,650.9479429873597,100650.94794298735
NEE,1996-03-15,2.023660659790039,4.566726659505065,0.07018482685089111,0.2499995753737136,1.1674994562686885,Hammer,1996-03-22,2.0704503059387207,1996-03-29,2.111391544342041,Profit target (+1%),1,0.01977407440588541,0.014908204891625074,1490.8204876716868,101490.82048767169
NEE,1999-02-05,2.7913215160369873,0.3596131538523224,0.16209745407104492,0.3399996469996441,1.134002157020493,Hammer,1999-02-12,2.8334670066833496,1999-03-19,2.9139959812164307,RSI > 90,5,0.028420650158669902,0.024847558335896167,2521.7990801035894,104012.61956777527
NEE,2004-05-14,3.9390437602996826,8.842745959538007,0.11510181427001953,0.22222291267927718,0.9342961116035712,Hammer,2004-05-21,3.9358465671539307,2004-06-04,4.108499526977539,Profit target (+1%),2,0.04386679126784565,0.04127360886853207,4292.976173138806,108305.59574091407
NEE,2008-01-25,8.841216087341309,9.391841535554036,0.9250917434692383,0.39593146184289335,1.6794025998661493,Hammer,2008-02-01,8.747114181518555,2008-02-08,9.482555389404297,Profit target (+1%),1,0.08407815339139257,0.08288753926652644,8977.18431078237,117282.78005169643
NEE,2008-08-08,8.813210487365723,7.57192353607924,0.6663103103637695,0.3281945734581216,1.2293957024679467,Hammer,2008-08-15,8.89393138885498,2008-08-29,9.001070022583008,Profit target (+1%),2,0.012046262675500685,0.01091576386909598,1280.2311316752075,118563.01118337164
NEE,2011-08-12,8.645221710205078,5.377963880906506,0.7268610000610352,0.3386007565251276,2.1793325764166056,Hammer,2011-08-19,8.689522743225098,2011-08-26,9.042288780212402,Profit target (+1%),1,0.04059671024652567,0.039423214719219994,4674.135042965207,123237.14622633684
NEE,2019-01-04,35.804237365722656,9.533794053003774,1.1144065856933594,0.27932976192513737,0.8185921092653872,Hammer,2019-01-11,35.621612548828125,2019-01-18,36.23796081542969,Profit target (+1%),1,0.01730264922051772,0.017019531839310636,2097.438531887482,125334.58475822432
NEE,2023-09-08,61.59405517578125,7.997352533125408,1.7649574279785156,0.23498669686798235,0.6304947606377452,Hammer,2023-09-15,61.750732421875,2023-09-22,63.418922424316406,Profit target (+1%),1,0.02701490228560366,0.02685078675957938,3365.3322055781764,128699.91696380249
NEE,2024-11-08,73.10880279541016,9.871722218591131,5.822486877441406,0.30179450053396056,1.4967299083231762,Hammer,2024-11-15,73.1183090209961,2024-12-06,75.4633560180664,Profit target (+1%),3,0.032071953365290895,0.03193300506135241,4109.775095690964,132809.69205949345
NEE,2025-04-11,63.44560623168945,4.504888202377543,5.851924896240234,0.37726549447311586,1.4650675259859585,Hammer,2025-04-17,64.09153747558594,2025-05-16,68.35755920410156,RSI > 90,4,0.0665613885474452,0.06640018160320615,8818.587662597667,141628.2797220911
NEE,2026-06-05,85.83999633789062,4.99644625716401,3.137847900390625,0.266650295173165,0.7305205472175245,Hammer,2026-06-12,85.70999908447266,2026-06-22,86.88999938964844,Profit target (+1%),2,0.013767358742039049,0.013649889957097608,1933.2104310863715,143561.49015317747
NEM,1990-04-06,22.15715789794922,5.722026812159925,0.5877227783203125,0.10000129812809928,0.4617536609782834,Hammer,1990-04-12,21.9808406829834,1990-07-20,21.524240493774414,RSI > 90,14,-0.020772644495006265,-0.021222758589810067,-2122.2758568587305,97877.72414314127
NEM,1992-10-16,22.4373722076416,9.750541220425632,1.1584529876708984,0.26315893460747525,0.8936862160187551,Hammer,1992-10-23,22.315431594848633,1993-02-26,19.59986114501953,RSI > 90,18,-0.12169025000869682,-0.12211101018575922,-11951.94775785011,85925.77638529114
NEM,1993-09-17,22.806894302368164,9.786028983246283,1.1125316619873047,0.3888891746258703,0.6149312483083448,Hammer,1993-09-24,22.930509567260742,1993-10-01,24.661113739013672,Profit target (+1%),1,0.07547168398838444,0.07501922583002042,6446.085216821908,92371.86160211304
NEM,1997-01-17,26.227130889892578,1.300101244160544,1.199411392211914,0.1333334393491477,0.6731362368885656,Hammer,1997-01-24,26.067209243774414,1997-02-21,27.67052459716797,Profit target (+1%),4,0.061506981372640546,0.061111635707434706,5644.9955502009125,98016.85715231397
NEM,1998-06-05,16.052288055419922,1.477054326581765,0.9299821853637695,0.21739268651099258,0.5518625550330044,Hammer,1998-06-12,16.254459381103516,1998-10-02,14.269387245178223,RSI > 90,16,-0.12212477138630784,-0.12270224299363446,-12026.888211748697,85989.96894056526
NEM,2000-10-27,8.984411239624023,3.5380774564492867,0.9025430679321289,0.31818128985560845,0.7357987346833808,Hammer,2000-11-03,8.984411239624023,2000-12-01,9.927979469299316,Profit target (+1%),4,0.10502282281045483,0.1038519881658389,8930.22922786621,94920.19816843147
NEM,2002-10-18,15.672786712646484,2.5634533817190857,1.028921127319336,0.32903266469058357,0.6150965034393648,Hammer,2002-10-25,15.672786712646484,2002-11-01,16.29014015197754,Profit target (+1%),1,0.03939015126345757,0.03873974371912678,3677.184147136578,98597.38231556804
NEM,2007-01-12,29.564964294433594,6.666768269871682,1.0536918640136719,0.15584373269036525,0.5964668431943215,Hammer,2007-01-19,29.558122634887695,2007-02-02,30.276548385620117,Profit target (+1%),2,0.02430552710017042,0.023963157054877567,2362.7045552650607,100960.08687083311
NEM,2009-12-24,33.74227523803711,7.991456349787924,1.6667213439941406,0.30801678106568464,0.635735724119583,Hammer,2009-12-31,33.91105651855469,2010-01-15,35.85908126831055,Profit target (+1%),2,0.0574451211418312,0.05714180682225269,5769.0417749619555,106729.12864579508
NEM,2013-06-28,22.688703536987305,9.023563615642786,2.410533905029297,0.2520426265257388,1.1490811455364518,Hammer,2013-07-05,22.961421966552734,2013-08-23,24.52198028564453,Profit target (+1%),7,0.06796435871284534,0.06751414396852766,7205.725749821993,113934.85439561708
NEM,2014-05-30,17.73527717590332,8.413069258251767,0.7748050689697266,0.3300001723199933,0.5685262660693818,Hammer,2014-06-06,17.650049209594727,2014-06-13,17.89023780822754,Profit target (+1%),1,0.01360838124475272,0.01303811707914778,1485.4959695202147,115420.3503651373
NFLX,2015-03-20,6.118494033813477,7.5308130567338765,0.24857139587402344,0.24166685849773256,0.6279247843694452,Hammer,2015-03-27,6.088994026184082,2015-04-17,6.723993301391602,Profit target (+1%),3,0.1042864014116085,0.10255987658046309,10255.987647790324,110255.98764779032
NFLX,2018-08-03,34.30900192260742,5.970327682654002,2.4029998779296875,0.37203380682359366,0.9240888081170463,Hammer,2018-08-10,34.286529541015625,2018-08-31,36.71453094482422,Profit target (+1%),3,0.07081502375164783,0.07051308110699624,7774.489391766125,118030.47703955643
NFLX,2022-01-28,38.43600082397461,1.0463316455087153,4.3339996337890625,0.25126833853812763,0.9742247455401095,Hammer,2022-02-04,40.19700241088867,2022-02-11,41.01700210571289,Profit target (+1%),1,0.020399523487903082,0.020148242531442442,2378.1066751167245,120408.58371467315
NFLX,2025-12-26,94.47000122070312,9.885861375778717,3.3799972534179688,0.07100534283773077,0.4808909682122448,Hammer,2026-01-02,93.98999786376953,2026-03-06,95.26000213623047,RSI > 90,9,0.013512121516394693,0.013405014108166755,1614.0787618254926,122022.66247649863
NI,2001-09-28,3.3726806640625,3.9616659889905605,0.2459697723388672,0.3470589489682767,1.07787008718661,Hammer,2001-10-05,3.3422961235046387,2001-10-12,3.494218587875366,Profit target (+1%),1,0.04545451951499313,0.04239913623839583,4239.913619599669,104239.91361959968
NI,2002-02-01,3.0876076221466064,8.33105604486839,0.1931610107421875,0.3396360790741765,0.8553028103100184,Hammer,2002-02-08,3.1128673553466797,2002-03-08,3.1782445907592773,Profit target (+1%),4,0.021002255460806918,0.017761254441319808,1851.4316268874763,106091.34524648717
NI,2002-06-28,3.286243438720703,5.820706347961405,0.2769896984100342,0.39130419813062556,1.3612357658155527,Hammer,2002-07-05,3.286243438720703,2002-08-30,3.0755202770233154,RSI > 90,8,-0.06412280941043724,-0.067063760492655,-7114.884560839104,98976.46068564805
NI,2002-09-13,2.852346181869507,8.549545546513656,0.22623109817504883,0.3851353487578013,1.0035237532748662,Hammer,2002-09-20,2.8278887271881104,2002-11-22,2.923530340194702,RSI > 90,9,0.033820854437116576,0.03023119552302321,2992.176732172469,101968.63741782053
NI,2003-02-14,2.7784557342529297,4.227754313378227,0.17996811866760254,0.21052645524024266,0.9237535176506254,Hammer,2003-02-21,2.781613349914551,2003-02-28,2.8258156776428223,Profit target (+1%),1,0.015890895738485566,0.01227379741409767,1251.5423970063662,103220.17981482689
NI,2004-05-14,3.3617353439331055,2.662317606070019,0.07563924789428711,0.22222257244983515,0.682681958503312,Hammer,2004-05-21,3.3533310890197754,2004-06-04,3.4962046146392822,Profit target (+1%),2,0.042606447686402094,0.03956534424314007,4083.941943128502,107304.12175795538
NI,2012-11-16,6.164525985717773,7.968878230092585,0.31738710403442383,0.390244122300029,1.5142923337574117,Hammer,2012-11-23,6.208392143249512,2012-12-14,6.3193488121032715,Profit target (+1%),3,0.01787204582017332,0.016248237118502765,1743.5028123724478,109047.62457032783
NI,2013-08-23,7.836165904998779,9.640135074014069,0.2644672393798828,0.35999985575917554,0.9185369763000456,Hammer,2013-08-30,7.83087682723999,2013-09-20,8.018648147583008,Profit target (+1%),3,0.023978326372066983,0.022686844658536265,2473.946516535463,111521.57108686329
NI,2016-09-02,17.672300338745117,5.4931367791810715,0.5126628875732422,0.38571635854946185,0.7859648347276394,Hammer,2016-09-09,17.76751136779785,2016-09-30,18.390033721923828,Profit target (+1%),3,0.03503711584810043,0.03446459205736179,3843.5454492612707,115365.11653612457
NI,2020-09-04,18.38951873779297,4.794501499463678,1.28759765625,0.39743612533181644,0.9269605228129157,Hammer,2020-09-11,18.41427993774414,2020-10-23,19.660608291625977,RSI > 90,6,0.06768270918523456,0.06712142700803389,7743.471241109337,123108.58777723392
NI,2020-12-24,18.399385452270508,6.356406706338248,0.9245510101318359,0.18018241045033226,0.7913729009271305,Hammer,2020-12-31,18.474349975585938,2021-01-08,19.09904670715332,Profit target (+1%),1,0.03381427397407366,0.033263980192998796,4095.081621314881,127203.6693985488
NI,2023-10-06,22.54909324645996,7.98348243988589,1.6597747802734375,0.060774534589749483,1.5194886327806019,Hammer,2023-10-13,22.530752182006836,2023-10-20,23.722856521606445,Profit target (+1%),1,0.05291009949288905,0.05245462099744923,6672.420261113288,133876.08965966207
NKE,1991-06-14,0.775449812412262,4.60888593171191,0.05253046751022339,0.23809534615886488,0.7095839281319889,Hammer,1991-06-21,0.7729483246803284,1991-07-19,0.8780092597007751,RSI > 90,4,0.13592232710239371,0.12219440804054552,12219.44079183511,112219.4407918351
NKE,1998-09-04,2.964268207550049,0.7147344917382981,0.4096078872680664,0.2894739292906951,1.4826505606887534,Hammer,1998-09-11,3.125955581665039,1998-09-25,3.2661361694335938,Profit target (+1%),2,0.04484407538954449,0.041578548265231066,4665.921430594635,116885.36222242974
NKE,2000-06-23,3.2679049968719482,9.36877222851814,0.30309391021728516,0.3454543023186299,0.6986485705431297,Hammer,2000-06-30,3.350567102432251,2000-07-07,3.6150853633880615,Profit target (+1%),1,0.07894731037136693,0.07584955186004932,8865.702334705133,125751.06455713487
NKE,2001-09-21,3.90718412399292,4.629701621801445,0.42488837242126465,0.38315795144073517,1.2490636128153234,Hammer,2001-09-28,3.9984235763549805,2001-10-05,4.184479713439941,Profit target (+1%),1,0.04653237295448642,0.04397639513460024,5530.078498031109,131281.14305516597
NKE,2006-04-13,7.8406982421875,8.047424123619535,0.1948409080505371,0.38647026144670604,0.7316146713785895,Hammer,2006-04-21,7.835050106048584,2006-06-30,8.017375946044922,RSI > 90,10,0.023270539119537137,0.021980196257086273,2885.5852863215823,134166.72834148753
NKE,2011-03-25,15.608963966369629,5.815027720454154,1.734781265258789,0.15140760286962976,1.9591282078455505,Hammer,2011-04-01,15.613035202026367,2011-04-21,15.89605712890625,Profit target (+1%),3,0.018127284235108343,0.017481195511997585,2345.3948069972157,136512.12314848474
NKE,2017-09-01,47.26261520385742,5.258770523031728,2.0875816345214844,0.37489652752778907,0.9712642433984309,Hammer,2017-09-08,47.165184020996094,2017-09-22,47.71433639526367,Profit target (+1%),2,0.011643172515199307,0.011429940023714833,1560.3253785368288,138072.44852702154
NKE,2022-05-13,104.63456726074219,4.376152929487773,8.731124877929688,0.15482529801486536,0.983043255035673,Hammer,2022-05-20,104.6067886352539,2022-06-03,108.79180145263672,Profit target (+1%),2,0.04000708627023464,0.03990958258002539,5510.413781005056,143582.8623080266
NOC,1991-11-29,3.9346323013305664,4.800324427987405,0.13969111442565918,0.33333276441483034,0.40577119762170794,Hammer,1991-12-06,3.888068675994873,1991-12-13,3.9811959266662598,Profit target (+1%),1,0.023952059089480393,0.021352628887324608,2135.2628865971983,102135.2628865972
NOC,1994-11-04,9.18075942993164,7.134339381897732,0.44719982147216797,0.3529406746949926,1.2680086522032048,Hammer,1994-11-11,9.15445327758789,1994-11-18,9.364900588989258,Profit target (+1%),1,0.02298851772137911,0.0218842004349581,2235.1485622522814,104370.41144884947
NOC,1994-12-02,8.65554428100586,5.176388930474033,0.15930461883544922,0.3333333333333333,0.442284296953896,Hammer,1994-12-09,8.708645820617676,1994-12-23,9.053805351257324,Profit target (+1%),2,0.03963412196905347,0.038463754155191286,4014.4778430302304,108384.88929187969
NOC,1995-10-13,12.970474243164062,9.219732640527951,0.24472618103027344,0.22222092325438206,0.6962027093165629,Hammer,1995-10-20,12.997665405273438,1995-12-08,13.604254722595215,RSI > 90,7,0.04666909775009831,0.045882078691329056,4972.924014468088,113357.81330634777
NOC,1997-10-31,24.821247100830078,1.834463056045962,2.342966079711914,0.18787859546120977,1.9824204208224572,Hammer,1997-11-07,25.218841552734375,1997-12-05,25.78314971923828,Profit target (+1%),4,0.02237645077090078,0.021975564877579748,2491.1019782031162,115848.9152845509
NOC,2000-01-28,11.915005683898926,7.158420390184062,1.785019874572754,0.3583333912120825,1.6333035426448728,Hammer,2000-02-04,11.92988109588623,2000-02-11,12.495137214660645,Profit target (+1%),1,0.04738153835995318,0.04652380818153294,5389.732707347373,121238.64799189828
NOC,2010-05-28,35.980777740478516,9.841166775463435,1.8608665466308594,0.3308118856533727,1.0341014723888464,Hammer,2010-06-04,35.790435791015625,2010-06-25,37.44404220581055,Profit target (+1%),3,0.04620246661567684,0.04591664770868507,5566.8722829543985,126805.52027485268
NOC,2018-12-07,227.8567657470703,9.438354660269695,17.60638427734375,0.39849218097294975,1.2128019798547307,Hammer,2018-12-14,230.57290649414062,2019-01-25,236.1468048095703,RSI > 90,6,0.024174125226509746,0.02413023172960021,3059.846585764866,129865.36686061753
NOW,2022-05-13,90.52999877929688,8.418015724296637,10.644004821777344,0.31360424218227534,0.9667679220714989,Hammer,2022-05-20,89.25,2022-06-03,94.40999603271484,Profit target (+1%),2,0.057815081599045914,0.05769980429908525,5769.980424138545,105769.98042413856
NOW,2025-03-14,168.8660125732422,1.0442516478416621,14.26800537109375,0.36234904841145243,1.002875644059426,Hammer,2025-03-21,167.8000030517578,2025-05-02,191.97000122070312,RSI > 90,6,0.14404051090207726,0.14397662602165337,15228.404900615387,120998.38532475395
NOW,2025-08-15,173.447998046875,6.467793667846266,7.9897918701171875,0.3188826226703004,0.5584154855436669,Hammer,2025-08-22,173.29000854492188,2025-08-29,177.94100952148438,Profit target (+1%),1,0.02683940647020533,0.026780927018792082,3240.4489235334704,124238.83424828741
NRG,2011-10-07,15.185486793518066,8.2753908813269,1.8535232543945312,0.2971886641009282,1.5275483404653536,Hammer,2011-10-14,15.431134223937988,2011-10-21,15.654451370239258,Profit target (+1%),1,0.014471855604420991,0.013819337355233744,1381.9337341414407,101381.93373414145
NRG,2020-09-25,25.10361099243164,0.8675584753917747,1.1862983703613281,0.10394204147520267,0.5610303178757188,Hammer,2020-10-02,25.384241104125977,2020-10-09,26.489749908447266,Profit target (+1%),1,0.04355098896935705,0.043148544685853635,4374.482893691371,105756.41662783283
NRG,2021-11-12,31.67058753967285,1.1754842476845369,1.401662826538086,0.36708691954414013,0.6250657737469668,Hammer,2021-11-19,31.985517501831055,2021-12-10,32.779502868652344,Profit target (+1%),3,0.024823277183989134,0.024506804767269384,2591.751852592549,108348.16848042537
NRG,2022-03-04,33.61552429199219,6.511743671820014,2.0763587951660156,0.3103443841228723,1.001185800389207,Hammer,2022-03-11,33.543922424316406,2022-03-18,34.98484420776367,Profit target (+1%),1,0.04295626984883327,0.04265179564784255,4621.243936223875,112969.41241664925
NSC,1992-06-12,9.705316543579102,6.991988514286092,0.4795112609863281,0.3199994431229664,1.0595726826480403,Hammer,1992-06-19,9.724496841430664,1992-10-30,9.277383804321289,RSI > 90,19,-0.04597801247715716,-0.04698218670084481,-4698.218665386263,95301.78133461373
NSC,1994-03-18,10.959317207336426,6.2722844369174595,0.22201156616210938,0.27272375814017424,0.5984414461359195,Hammer,1994-03-25,10.979499816894531,1994-06-24,10.615245819091797,RSI > 90,13,-0.03317582803200603,-0.03407110055453949,-3247.0365716313227,92054.74476298242
NSC,1998-06-26,15.947888374328613,1.0814759016676305,0.7095470428466797,0.33333378135357666,0.6841490537859438,Hammer,1998-07-02,16.150615692138672,1998-07-24,16.792585372924805,Profit target (+1%),3,0.03974892926828866,0.03911764756162466,3600.965058412695,95655.70982139511
NSC,1999-07-02,17.07046127319336,6.974753299006039,1.0755767822265625,0.387097632254678,0.8365979513898287,Hammer,1999-07-09,16.931678771972656,2000-05-05,10.19526481628418,RSI > 90,43,-0.3978585966820606,-0.39833157648668727,-38102.689655006725,57553.020166388385
NSC,2004-03-05,13.510863304138184,7.201882532315167,0.6990509033203125,0.27433670573854585,1.1175125191299131,Hammer,2004-03-12,13.510863304138184,2004-04-08,13.801618576049805,Profit target (+1%),4,0.021520110548566285,0.020772278144131722,1195.5073417355343,58748.52750812392
NSC,2007-11-16,32.99782943725586,8.224453122406771,1.2495231628417969,0.35078689075117153,0.6327485819044506,Hammer,2007-11-23,32.72306823730469,2007-12-07,33.678199768066406,Profit target (+1%),2,0.02918832439046337,0.028878317042996773,1696.5586014922615,60445.08610961618
NSC,2012-09-07,53.12881851196289,7.390012723771463,1.8098678588867188,0.10203900970816489,0.8133892856028583,Hammer,2012-09-14,53.2691764831543,2012-09-21,55.03472137451172,Profit target (+1%),1,0.03314383679116473,0.032953017901882355,1991.8480026591546,62436.93411227534
NSC,2022-05-13,228.31898498535156,4.9462713697996605,12.82989501953125,0.3618836374015842,0.8886956843044168,Hammer,2022-05-20,227.97097778320312,2022-07-29,222.1100616455078,RSI > 90,10,-0.025709045049010393,-0.02575234546544353,-1607.8974954545529,60829.03661682079
NSC,2023-08-25,198.47637939453125,5.395057349712388,4.5517120361328125,0.38107146808089815,0.47049011639135285,Hammer,2023-09-01,197.91107177734375,2023-11-24,199.76243591308594,Profit target (+1%),12,0.009354525338658215,0.009303762545437582,565.9389119846896,61394.97552880548
NSC,2024-05-10,221.0883331298828,0.24892321126554862,16.277542114257812,0.3919204323351441,1.4721044224973643,Hammer,2024-05-17,221.67396545410156,2024-08-02,237.59149169921875,RSI > 90,11,0.07180602472874953,0.07175929485475167,4405.660147166156,65800.63567597164
NTAP,2006-05-19,24.80510711669922,9.3334367049886,1.4828739166259766,0.30198095576195605,0.894054346256695,Hammer,2006-05-26,24.6729679107666,2006-06-23,25.458450317382812,Profit target (+1%),4,0.03183574872131412,0.0314240787337227,3142.407870229862,103142.40787022987
NTAP,2008-07-03,16.106067657470703,7.328395330018338,0.734095573425293,0.389999415398406,0.5129784049139876,Hammer,2008-07-11,16.81079864501953,2008-07-25,17.060392379760742,Profit target (+1%),2,0.014847226476961906,0.014248132949199736,1469.586738566034,104611.9946087959
NTAP,2013-10-18,30.60175323486328,9.255547533396552,1.4752998352050781,0.3346878143253495,1.2448348529387527,Hammer,2013-10-25,30.631343841552734,2014-01-24,33.174129486083984,RSI > 90,13,0.08301253962883126,0.08267258187303599,8648.543680548733,113260.53828934464
NTAP,2014-10-17,29.192543029785156,3.3799118943841933,1.2295150756835938,0.35473922621079085,0.9874406264764497,Hammer,2014-10-24,28.763906478881836,2014-10-31,30.516061782836914,Profit target (+1%),1,0.060915067473240825,0.06055688300957599,6858.70515993074,120119.24344927538
NTAP,2020-03-13,34.605369567871094,1.922555943812398,6.488502502441406,0.35424846054081255,1.681409354519133,Hammer,2020-03-20,30.6444149017334,2020-04-03,35.33479690551758,Profit target (+1%),2,0.15305829851294916,0.15270705880651167,18343.05635485913,138462.29980413453
NTAP,2025-03-14,89.65941619873047,6.28031021920485,3.1875076293945312,0.35779680368029143,0.3754660733640166,Hammer,2025-03-21,89.6399154663086,2025-05-09,90.00872802734375,Profit target (+1%),7,0.004114378724216605,0.004002598018735595,554.208926311394,139016.5087304459
NTAP,2025-11-21,106.23483276367188,5.5369997572792045,6.682991027832031,0.301480787211186,0.9822319150646589,Hammer,2025-11-28,106.80906677246094,2025-12-05,108.9476318359375,Profit target (+1%),1,0.020022317656163136,0.01992775977728582,2770.2875882869957,141786.79631873287
NTAP,2026-01-23,96.92354583740234,0.7504661770776266,5.8599853515625,0.3667235183835017,0.8607640039498125,Hammer,2026-01-30,97.35135650634766,2026-02-13,102.02740478515625,Profit target (+1%),2,0.04803269771082963,0.04792751543145879,6795.488861747686,148582.28518048054
NTRS,2001-03-23,33.74993896484375,1.2414533862609147,4.796041488647461,0.1185178645356724,1.2991179479460557,Hammer,2001-03-30,34.3538818359375,2001-04-06,35.24203872680664,Profit target (+1%),1,0.02585317418016042,0.02555836639452683,2555.8366368968464,102555.83663689686
NTRS,2002-04-26,30.480937957763672,2.5399172766654345,1.0344200134277344,0.39444327665239504,0.5457074094879842,Hammer,2002-05-03,30.480937957763672,2002-08-23,24.87026596069336,RSI > 90,16,-0.1840715008457029,-0.1843693313572112,-18908.151008615903,83647.68562828096
NTRS,2003-02-28,18.62685203552246,6.063638550537419,0.9307613372802734,0.24375034580839244,0.567630881171837,Hammer,2003-03-07,18.882810592651367,2003-04-25,19.825288772583008,RSI > 90,7,0.049911964922130014,0.04936931018857412,4129.628534209307,87777.31416249026
NTRS,2015-08-28,52.403709411621094,3.5207309667386113,3.8701324462890625,0.2548258704506117,1.7208614326503688,Hammer,2015-09-04,51.9927864074707,2015-09-18,52.569950103759766,Profit target (+1%),2,0.011100841793047822,0.010907458479955126,957.4274087519123,88734.74157124218
NTRS,2016-07-01,49.75788497924805,4.445181581747065,3.7987823486328125,0.3152612700185173,1.2459242519503546,Hammer,2016-07-08,49.26205825805664,2016-07-22,51.22247314453125,Profit target (+1%),2,0.03979563493277283,0.03958862078304953,3512.8860308329213,92247.6276020751
NTRS,2024-02-09,74.18392181396484,9.067197979531713,2.6733856201171875,0.18118696597661,0.6976200043065626,Hammer,2024-02-16,73.93241882324219,2024-03-01,75.53457641601562,Profit target (+1%),2,0.021670569126162054,0.021533854144675013,1986.4469559889349,94234.07455806404
NUE,1990-09-28,1.649106740951538,6.5994073437660035,0.059160828590393066,0.3750002518754647,0.4178581412957355,Hammer,1990-10-05,1.6565018892288208,1990-10-12,1.7748234272003174,Profit target (+1%),1,0.07142855600761244,0.06519495323702187,6519.495317182693,106519.4953171827
NUE,2000-01-28,6.37333345413208,7.4999488030307475,0.6208305358886719,0.2531644208495395,1.3189678821931483,Hammer,2000-02-04,6.271171569824219,2000-03-10,6.239737033843994,Profit target (+1%),5,-0.005012546002007401,-0.0066018807037465125,-703.2290000040964,105816.2663171786
NUE,2002-07-26,7.2505059242248535,8.720855241965666,0.8749709129333496,0.2686573508662648,1.436706730574447,Hammer,2002-08-02,7.371957302093506,2002-11-08,5.891953468322754,RSI > 90,14,-0.20076131387120988,-0.20198081305796683,-21372.855484129228,84443.41083304936
NUE,2009-07-10,26.306737899780273,6.038962239810729,1.9921607971191406,0.3589738679861288,0.6101165121140217,Hammer,2009-07-17,26.313121795654297,2009-07-24,28.87994384765625,Profit target (+1%),1,0.09754912670323557,0.09715062768742648,8203.730358294244,92647.1411913436
NUE,2011-08-12,23.332651138305664,6.563557705688268,2.1981029510498047,0.24223581465049343,1.2654244479025183,Hammer,2011-08-19,23.469179153442383,2011-09-23,23.22342872619629,Profit target (+1%),5,-0.010471198231492007,-0.010894967852734815,-1009.3876239180843,91637.7535674255
NUE,2015-01-09,36.634788513183594,9.52320333652618,2.0931968688964844,0.28205146896681177,1.1566491568216104,Hammer,2015-01-16,36.420101165771484,2015-02-13,36.94915008544922,Profit target (+1%),4,0.014526289129996872,0.01424975917885659,1305.8159187214042,92943.56948614691
NUE,2015-10-02,29.89054298400879,4.251008360858208,1.0461711883544922,0.2706770344305782,0.5689815818952751,Hammer,2015-10-09,30.456892013549805,2015-10-16,32.73014450073242,Profit target (+1%),1,0.07463836054484085,0.0742978304228737,6905.505557672817,99849.07504381971
NUE,2020-03-13,31.789016723632812,2.8856993053216655,5.321819305419922,0.2933330848415471,1.697125556737964,Hammer,2020-03-20,28.16130828857422,2020-04-03,29.447925567626953,Profit target (+1%),2,0.045687411460736405,0.04532426706309264,4525.586138763276,104374.66118258298
NUE,2024-05-03,168.54043579101562,3.8044103467869093,8.600479125976562,0.30197235474353357,0.9049664005242848,Hammer,2024-05-10,170.09095764160156,2024-10-25,154.7291259765625,RSI > 90,24,-0.0903153928817777,-0.09037152839004012,-9432.497646830117,94942.16353575286
NVDA,2002-08-09,0.06985589861869812,2.778577496199759,0.008276402950286865,0.3486235641496525,0.1930490531601933,Hammer,2002-08-16,0.06909659504890442,2002-08-23,0.0846623107790947,Profit target (+1%),1,0.2252747146103704,0.20101184897452154,20101.18487735097,120101.18487735097
NVDA,2008-07-18,0.26332634687423706,0.7065939135960093,0.02619597315788269,0.25217436811070876,0.4215116722396723,Hammer,2008-07-25,0.26742658019065857,2008-08-22,0.29726719856262207,Profit target (+1%),4,0.11158433971181547,0.08957276862841307,10757.795634259426,130858.9805116104
NVDA,2010-05-21,0.28997787833213806,0.24412490030238132,0.026651531457901,0.38461572868361815,0.7967826028045404,Hammer,2010-05-28,0.28906673192977905,2010-06-04,0.2952170968055725,Profit target (+1%),1,0.021276626454847625,0.0010533269210881457,137.83728690119096,130996.8177985116
NVDA,2022-05-13,17.65324592590332,5.15199774150669,2.6799917221069336,0.20424137286823774,0.9239402338834751,Hammer,2022-05-20,17.456832885742188,2022-06-03,18.923450469970703,Profit target (+1%),2,0.08401395567155667,0.08341722164904378,10927.390574690457,141924.20837320207
NVDA,2022-12-30,14.581600189208984,6.852526539479001,1.2133045196533203,0.39967081734449894,0.6484886670064782,Hammer,2023-01-06,14.818074226379395,2023-01-20,16.861534118652344,Profit target (+1%),2,0.13790320260612177,0.13718206231836655,19469.455578067988,161393.66395127005
NVR,2022-02-25,4917.490234375,8.702170657053486,468.72998046875,0.14840008792042161,1.383152731911666,Hammer,2022-03-04,4875.0,2022-03-25,4957.47021484375,Profit target (+1%),3,0.016916967147435846,0.016896797977746243,1689.6797962539276,101689.67979625393
NVR,2024-05-03,7586.5498046875,7.32199784626259,306.9951171875,0.38585329698469606,0.9030673624760163,Hammer,2024-05-10,7663.35009765625,2024-07-19,8080.0,Profit target (+1%),10,0.054369159314694215,0.054348956977885936,5526.728027349382,107216.40782360331
NWS,2019-05-10,11.213513374328613,2.3433345440935938,0.8948440551757812,0.3229171107264961,1.570738871442689,Hammer,2019-05-17,10.980481147766113,2019-05-31,11.250798225402832,Profit target (+1%),2,0.024617962910642888,0.02369646573829448,2369.6465714598016,102369.64657145979
NWS,2019-10-11,12.913647651672363,8.601763007821319,0.9337987899780273,0.3618084499044588,1.4524500582888555,Hammer,2019-10-18,12.819798469543457,2019-11-01,13.326583862304688,Profit target (+1%),2,0.039531463303828174,0.03873631183686859,3965.42254825667,106335.06911971647
NWS,2020-03-13,10.053234100341797,2.8142148158286773,1.6297416687011719,0.2848842652734963,1.6937000301486411,Hammer,2020-03-20,8.9920072555542,2020-04-17,9.15308666229248,Profit target (+1%),4,0.017913620636681005,0.01679218460616598,1785.5981089821003,108120.66722869858
NWS,2025-11-21,28.89345932006836,8.070454275557012,1.5044517517089844,0.2847688668122105,0.9017451376570912,Hammer,2025-11-28,28.89345932006836,2025-12-05,29.272062301635742,Profit target (+1%),1,0.013103414768491195,0.012755108412004825,1379.090830701257,109499.75805939984
NWSA,2016-02-12,9.473816871643066,6.7019489536752985,0.7755317687988281,0.3863643071111308,0.9704825419992074,Hammer,2016-02-19,9.623635292053223,2016-03-18,10.396740913391113,RSI > 90,4,0.08033405234883406,0.07925376735036407,7925.376727111032,107925.37672711104
NWSA,2019-05-10,11.069121360778809,1.8602135566832914,0.9627342224121094,0.34299554234769686,1.6730221971144899,Hammer,2019-05-17,10.845878601074219,2019-05-31,10.985405921936035,Profit target (+1%),2,0.012864547538637972,0.0119370352967541,1288.309030118699,109213.68575722974
NWSA,2019-10-11,12.645405769348145,9.809760142626558,0.908595085144043,0.3711341396469728,1.4218383329910742,Hammer,2019-10-18,12.673505783081055,2019-11-01,12.973249435424805,Profit target (+1%),2,0.02365120255390618,0.022853138792617193,2495.875516167376,111709.5612733971
NWSA,2020-03-13,9.90489673614502,2.828557522335771,1.6271648406982422,0.39022310318918113,1.7068879902933567,Hammer,2020-03-20,9.990038871765137,2020-05-15,10.198163986206055,RSI > 90,8,0.020833263725243523,0.0198223455639176,2214.345524140559,113923.90679753767
NWSA,2025-01-03,27.240604400634766,4.223879472239901,0.6723613739013672,0.3676481017613635,0.5976189941726302,Hammer,2025-01-10,27.2307186126709,2025-01-31,27.7152156829834,Profit target (+1%),3,0.017792298367295123,0.017421867109896984,1984.767162882224,115908.6739604199
NXPI,2025-11-21,189.51565551757812,4.8566718472124535,13.519134521484375,0.3882775200623032,0.8569688745714844,Hammer,2025-11-28,190.40701293945312,2025-12-05,189.83258056640625,Profit target (+1%),1,-0.0030168656299940366,-0.0030693041054753764,-306.93041024060733,99693.06958975938
O,2022-06-17,52.39393997192383,9.896893747331845,2.8309059143066406,0.2624817242842994,1.1865927277632136,Hammer,2022-06-24,52.507015228271484,2022-07-01,55.778099060058594,Profit target (+1%),1,0.06229803422583147,0.06210166982948705,6210.166976738537,106210.16697673853
O,2023-03-03,53.90492630004883,6.951943137758775,2.2582473754882812,0.3633616335521448,1.013020326814645,Hammer,2023-03-10,54.1138916015625,2023-07-28,53.44816207885742,RSI > 90,20,-0.012302377504224027,-0.012486019257008787,-1326.142188835534,104884.02478790299
O,2024-02-16,45.98440170288086,3.114986042316474,1.6542243957519531,0.3758281543658984,0.8297837884261511,Hammer,2024-02-23,46.0986328125,2024-03-15,46.70679473876953,Profit target (+1%),3,0.01319262392754994,0.012974290522879356,1360.7958074463372,106244.82059534933
ODFL,2020-09-25,88.75225067138672,5.797830808142933,4.5687408447265625,0.3982956879535898,0.8286418817336428,Hammer,2020-10-02,89.81780242919922,2020-10-16,97.82647705078125,Profit target (+1%),2,0.08916578233914185,0.08904948860715868,8904.948851810921,108904.94885181091
ODFL,2022-09-09,131.67755126953125,8.028563532763556,10.265655517578125,0.38057731468406736,0.8856228967594754,Hammer,2022-09-16,132.0106658935547,2022-11-04,131.06028747558594,RSI > 90,7,-0.007199254783966325,-0.007274730703120637,-792.2541743417974,108112.69467746912
OKE,1990-01-19,0.5632980465888977,0.0,0.0380285382270813,0.3124999020396136,,Hammer,1990-01-26,0.5656748414039612,1990-02-09,0.6021551489830017,Profit target (+1%),2,0.06448988872918449,0.04640174344096578,4640.174339456404,104640.17433945641
OKE,1994-04-08,0.8236262798309326,3.20996932538155,0.03633648157119751,0.3333327865491081,0.7581871123037793,Hammer,1994-04-15,0.8236262798309326,1994-04-29,0.8493276238441467,Profit target (+1%),2,0.03120510435690549,0.018948643550645877,1982.7893626530115,106622.96370210941
OKE,1994-09-23,0.8377410173416138,3.764400453550266,0.056266188621520996,0.22222163370374687,1.2922646368717556,Hammer,1994-09-30,0.8439927697181702,1994-10-14,0.8690000176429749,Profit target (+1%),2,0.029629694497448344,0.017676532074338475,1884.724235856639,108507.68793796605
OKE,1996-01-26,1.1209543943405151,1.8039710333100487,0.07383525371551514,0.3636359233097881,1.4177031418724608,Hammer,1996-02-02,1.123132586479187,1996-02-16,1.1775875091552734,Profit target (+1%),2,0.048484856847393676,0.039405760642750996,4275.827974505983,112783.51591247204
OKE,1998-08-14,2.0124475955963135,1.7570876830766906,0.09743678569793701,0.2307676308696668,0.8243885730067217,Hammer,1998-08-21,2.0124475955963135,1998-09-18,2.046175718307495,Profit target (+1%),4,0.01675975204769875,0.011761456784788576,1326.4984471145563,114110.01435958658
OKE,2013-06-14,18.200183868408203,7.859261981423032,0.8291454315185547,0.21287015971530512,0.9597282157958655,Hammer,2013-06-21,18.32332420349121,2013-08-02,21.381315231323242,RSI > 90,6,0.16689062496909712,0.1662994932865409,18976.437547942718,133086.4519075293
OKE,2014-08-08,30.86467933654785,6.20726458442455,1.8708839416503906,0.3593755416043928,1.7007010902960986,Hammer,2014-08-15,31.11802864074707,2014-08-22,32.61376190185547,Profit target (+1%),1,0.04806645299984824,0.047737425501168565,6353.204576797329,139439.65648432664
OKE,2014-10-17,27.946298599243164,1.8884777399300674,3.210704803466797,0.1957514076232049,2.0222397386375763,Hammer,2014-10-24,27.946298599243164,2014-10-31,29.72948455810547,Profit target (+1%),1,0.06380758985057855,0.06343841065439147,8845.830180714162,148285.4866650408
OKE,2015-01-16,21.10613250732422,7.8001652683786915,2.0225276947021484,0.1824814902483716,1.0340222519148097,Hammer,2015-01-23,21.19963264465332,2015-01-30,21.75570297241211,Profit target (+1%),1,0.026230186960293,0.02575240688720348,3818.7081842464086,152104.1948492872
OKE,2018-12-28,32.85291290283203,4.445843024390385,2.2881717681884766,0.26287259484137604,1.0228053948751261,Hammer,2019-01-04,33.00173568725586,2019-01-11,35.2526969909668,Profit target (+1%),1,0.06820736112313575,0.06789406031982093,10326.971369668332,162431.16621895554
OKE,2023-05-19,50.14789962768555,1.9330632856714658,3.6933975219726562,0.39443215362083534,1.100872633800968,Hammer,2023-05-26,49.916526794433594,2023-06-16,50.8934326171875,Profit target (+1%),3,0.019570789185253235,0.0193685146437012,3146.050418359253,165577.2166373148
OMC,1998-10-09,10.562567710876465,7.887624611545789,1.1423463821411133,0.3333333333333333,1.0506600595466402,Hammer,1998-10-16,10.59567928314209,1998-10-23,12.21814250946045,Profit target (+1%),1,0.15312498453022516,0.15210942461796834,15210.942446585894,115210.9424465859
OMC,2001-03-23,22.123178482055664,5.880980833546289,1.9078712463378906,0.3404257233518016,1.1084989733118806,Hammer,2001-03-30,22.09611701965332,2001-04-06,22.461454391479492,Profit target (+1%),1,0.01653400783048098,0.016077801475381917,1852.3386585955213,117063.28110518142
OMC,2002-07-05,12.265030860900879,0.4015638125224683,2.4184961318969727,0.32049856919049347,1.1362651639697552,Hammer,2002-07-12,12.434846878051758,2002-07-19,13.996048927307129,Profit target (+1%),1,0.12555056484137217,0.12469623335896807,14597.350203860831,131660.63130904225
OMC,2004-06-25,21.598161697387695,5.90555049562974,0.6758174896240234,0.23651583442226443,0.7521269741705437,Hammer,2004-07-02,21.57292366027832,2004-10-01,20.23981475830078,RSI > 90,13,-0.061795467455909026,-0.06224458493427699,-8195.161339821048,123465.46996922119
OMC,2005-10-21,22.163442611694336,8.96162124210582,0.9240684509277344,0.32307762168767207,1.1574946475295083,Hammer,2005-10-28,22.228837966918945,2005-11-04,23.96040153503418,Profit target (+1%),1,0.07789716991469176,0.07742988730405866,9559.917416099517,133025.38738532068
OMC,2008-11-21,14.402283668518066,7.604604108767489,2.1473989486694336,0.32602762965584836,0.9074692238472643,Hammer,2008-11-28,14.619965553283691,2008-12-05,16.279052734375,Profit target (+1%),1,0.11348092271795207,0.11275836343566951,14999.724961964988,148025.11234728567
OMC,2011-08-12,25.569625854492188,4.934197832275231,2.319427490234375,0.2332449048063892,1.5762599532334114,Hammer,2011-08-19,25.58828353881836,2011-10-21,26.16577911376953,RSI > 90,9,0.022568750032611273,0.022173613404877487,3282.251612120018,151307.3639594057
OMC,2020-03-13,50.020721435546875,2.8414926400314613,7.060630798339844,0.1824326733668233,2.1623766798399737,Hammer,2020-03-20,45.218223571777344,2020-06-12,48.804195404052734,RSI > 90,12,0.07930368663384546,0.07907379328233166,11964.44720785612,163271.8111672618
OMC,2023-08-18,71.95633697509766,5.692294382537284,2.2412567138671875,0.2812374474922217,0.5309004143240216,Hammer,2023-08-25,71.86628723144531,2023-11-10,70.41929626464844,RSI > 90,11,-0.020134488959153263,-0.02027222584875877,-3309.883027408743,159961.92813985303
ON,2022-12-30,62.369998931884766,4.017874879664944,3.2821006774902344,0.33819822102482267,0.4469641698904667,Hammer,2023-01-06,63.95000076293945,2023-01-20,65.29000091552734,Profit target (+1%),2,0.02095387234716739,0.02079587423535145,2079.587421455557,102079.58742145557
ON,2023-11-10,67.37999725341797,0.14060679548623511,4.930000305175781,0.3204871669877821,0.6048378382380217,Hammer,2023-11-17,66.37000274658203,2023-11-24,69.95999908447266,Profit target (+1%),1,0.054090646215552596,0.053935912463295176,5505.755685947159,107585.34310740272
ORCL,1990-08-03,0.32148805260658264,2.6249076689752826,0.049082159996032715,0.3999996356844639,1.0159617684789761,Hammer,1990-08-10,0.3141257166862488,1991-02-15,0.19632858037948608,RSI > 90,27,-0.3749999762815325,-0.38737621437496744,-38737.621398759125,61262.37860124087
ORCL,1992-04-03,0.2748599946498871,8.011606805818573,0.024541079998016357,0.30000048575404814,0.6633653483504405,Hammer,1992-04-10,0.2748599946498871,1992-05-15,0.30430927872657776,Profit target (+1%),5,0.10714285327045414,0.08521923241361355,5220.732875009199,66483.11147625007
ORCL,1992-08-28,0.3411208987236023,7.87746437044801,0.03435748815536499,0.07142844751163642,1.052999822609043,Hammer,1992-09-04,0.33866679668426514,1992-09-11,0.3582996428012848,Profit target (+1%),1,0.05797098005838208,0.03702105966118624,2461.275233962274,68944.38671021235
ORCL,1996-04-12,2.5915372371673584,4.7087005146795065,0.2797682285308838,0.10526293363148982,1.1456657825574752,Hammer,1996-04-19,2.5915372371673584,1996-04-26,2.8823490142822266,Profit target (+1%),1,0.11221593614172254,0.10814856536439049,7456.2365051809775,76400.62321539334
ORCL,1999-03-26,5.46652364730835,4.16922204455922,0.5466527938842773,0.38636391390893693,0.7345548227271999,Hammer,1999-04-01,5.615610599517822,1999-06-11,5.739850044250488,Profit target (+1%),10,0.022123942273229114,0.020325095060395374,1552.8499279734697,77953.4731433668
ORCL,2005-09-30,9.859621047973633,6.078003889130187,0.43732166290283203,0.2727268762334675,0.8251618847921505,Hammer,2005-10-07,9.883475303649902,2005-11-04,10.058403015136719,Profit target (+1%),4,0.017699008305531727,0.016678780744483476,1300.1688855290272,79253.64202889585
ORCL,2011-08-12,22.275663375854492,4.11455362962559,1.8136100769042969,0.2914800800122837,1.1837341046953371,Hammer,2011-08-19,22.30006217956543,2011-09-23,23.37358856201172,Profit target (+1%),5,0.04814006229229317,0.04768094228495941,3778.888327673727,83032.53035656956
ORCL,2012-10-12,25.47227668762207,7.595702745075599,0.7708721160888672,0.33956932791302435,0.7002556822631848,Hammer,2012-10-19,25.521577835083008,2012-12-07,26.597986221313477,Profit target (+1%),7,0.04217640434247727,0.04177639451398867,3468.7997422019907,86501.33009877156
ORCL,2019-08-16,48.60483169555664,8.505945003004413,2.0679092407226562,0.285087347119482,1.029010618673405,Hammer,2019-08-23,49.17622756958008,2019-10-11,49.9471549987793,RSI > 90,7,0.01567683141429299,0.015471908018617211,1338.3406214378974,87839.67072020945
ORCL,2025-03-14,147.25830078125,2.5812866467250046,14.620269775390625,0.21929773293228438,1.070465859716026,Hammer,2025-03-21,148.37306213378906,2025-03-28,154.23300170898438,Profit target (+1%),1,0.03949463258978492,0.03942590630359205,3463.158624090196,91302.82934429967
ORLY,2011-08-05,3.890019178390503,3.9151448702707654,0.22466778755187988,0.3768551189876104,1.3241312661440356,Hammer,2011-08-12,3.827352285385132,2011-08-19,4.024686813354492,Profit target (+1%),1,0.05155901867797441,0.048882387113463016,4888.2387064580635,104888.23870645807
ORLY,2017-02-03,17.322751998901367,2.8557401203087522,0.6956710815429688,0.39626355790004714,1.0483615110776454,Hammer,2017-02-10,17.270084381103516,2017-02-17,18.16408920288086,Profit target (+1%),1,0.051766094597403445,0.05117224334627961,5367.36646988217,110255.60517634024
OTIS,2025-11-21,87.12897491455078,9.33797785042752,2.7159805297851562,0.3096584445024987,0.7976177544567098,Hammer,2025-11-28,87.11908721923828,2026-01-16,88.7021713256836,RSI > 90,7,0.018171495558274353,0.018055673885992253,1805.567386793658,101805.56738679366
OXY,1991-12-13,2.945549249649048,6.162742136463649,0.2003774642944336,0.29999976203054574,0.8713571088365044,Hammer,1991-12-20,2.925511360168457,1992-01-10,3.085813522338867,Profit target (+1%),3,0.05479457860015957,0.05128871507318452,5128.8715021895805,105128.87150218958
OXY,1994-03-11,3.146195650100708,9.778202274925178,0.11236405372619629,0.19999830252774836,0.7823479316937109,Hammer,1994-03-18,3.123723030090332,1994-03-25,3.168668508529663,Profit target (+1%),1,0.014388432651159633,0.01116924639964763,1174.2102683506387,106303.08177054023
OXY,1995-10-13,4.058978080749512,6.744624716332183,0.12080264091491699,0.39999763165529534,0.6642971523879794,Hammer,1995-10-20,4.107298851013184,1995-11-17,4.27642297744751,RSI > 90,4,0.04117648424647902,0.038694689320821436,4113.364718843566,110416.44648938379
OXY,1996-07-19,4.613601207733154,7.127390520486358,0.4987678527832031,0.3499998087939487,1.861759914722397,Hammer,1996-07-26,4.613601207733154,1996-08-16,4.688416004180908,Profit target (+1%),3,0.016216138560557036,0.01403342560497123,1549.5209858245335,111965.96747520832
OXY,1998-08-14,4.762142181396484,9.412075689129821,0.29679059982299805,0.22727280030204927,1.0768000181555195,Hammer,1998-08-21,4.748651504516602,1998-09-25,4.7009968757629395,Profit target (+1%),5,-0.010035402410207617,-0.012128492948816889,-1357.978445672547,110607.98902953578
OXY,2002-07-26,6.43060827255249,1.277470978728914,0.552670955657959,0.10280362542977563,1.4317081149726039,Hammer,2002-08-02,6.520998477935791,2002-08-16,7.109825134277344,Profit target (+1%),2,0.09029700870716106,0.08869549361657823,9810.430175101315,120418.4192046371
OXY,2003-07-18,8.683414459228516,6.185691858376018,0.7641410827636719,0.3496505503831465,2.248563568815184,Hammer,2003-07-25,8.723492622375488,2003-08-01,8.830364227294922,Profit target (+1%),1,0.012251011096783726,0.011098320077753566,1336.4421582537275,121754.86136289082
OXY,2011-08-12,52.88359451293945,4.283139685170127,4.914348602294922,0.25284432497300635,1.1146891058862476,Hammer,2011-08-19,53.22529602050781,2011-10-28,54.203922271728516,Profit target (+1%),10,0.01838648771147522,0.018196897699902487,2215.5607544707727,123970.4221173616
OXY,2014-10-17,59.86506652832031,1.922355194118083,6.741252899169922,0.3909547363340103,2.592341931383861,Hammer,2014-10-24,59.71601104736328,2014-10-31,59.682132720947266,Profit target (+1%),1,-0.0005673240027560533,-0.0007347217611774655,-91.08376678089797,123879.33835058069
OXY,2017-05-05,47.26155471801758,7.989762001302452,3.442890167236328,0.2727268698208265,1.5263724333827935,Hammer,2017-05-12,47.152008056640625,2017-05-19,48.56829071044922,Profit target (+1%),1,0.030036528923801153,0.029821286628691514,3694.2412526310827,127573.57960321178
OXY,2019-11-15,34.50565719604492,9.79794664332357,1.5414619445800781,0.22413848571463924,0.5424094255122822,Hammer,2019-11-22,34.682838439941406,2019-11-29,35.232093811035156,Profit target (+1%),1,0.015836517303647657,0.01554594910915011,1983.2523742003882,129556.83197741218
PANW,2023-08-11,108.9800033569336,9.979529643583348,6.214996337890625,0.20032113447874572,0.7889500980965019,Hammer,2023-08-18,109.22000122070312,2023-09-01,115.38500213623047,Profit target (+1%),2,0.05644571366621398,0.05635157561674338,5635.157556039181,105635.15755603918
PANW,2025-01-03,183.25,9.629637230562864,6.989990234375,0.36623764451119417,0.5970023312135351,Hammer,2025-01-10,182.35000610351562,2025-01-31,185.08999633789062,Profit target (+1%),3,0.015025994750005989,0.014970744662887335,1581.4369696138992,107216.59452565308
PAYX,1999-05-28,9.204816818237305,4.452740702675271,1.087489128112793,0.2500002192376668,1.2272723717455352,Hammer,1999-06-04,9.088299751281738,1999-07-02,9.86507797241211,Profit target (+1%),4,0.08547013659192082,0.08432342956936953,8432.34294850461,108432.3429485046
PAYX,2004-01-16,17.437915802001953,7.755989782654012,0.8138008117675781,0.2891559205561259,0.9131333769715568,Hammer,2004-01-23,17.35457420349121,2004-01-30,17.68794059753418,Profit target (+1%),1,0.019209137034079893,0.01862755331740417,2019.8292475844949,110452.1721960891
PAYX,2004-07-23,14.86734390258789,0.7955523204690707,0.8783226013183594,0.39887707548849716,0.8962711445442937,Hammer,2004-07-30,14.86734390258789,2004-08-06,15.209874153137207,Profit target (+1%),1,0.023039101859323674,0.02235896727021304,2469.5965005866947,112921.7686966758
PAYX,2006-06-02,19.095470428466797,0.6416402383755297,0.9636974334716797,0.3915349674916626,1.091257380129014,Hammer,2006-06-09,19.57986831665039,2006-06-30,20.11525535583496,Profit target (+1%),3,0.027343750761045005,0.026826171648951243,3029.2587469309356,115951.02744360674
PAYX,2011-08-12,16.489835739135742,1.9037061557950494,1.051487922668457,0.2823525143642325,1.3545126836957868,Hammer,2011-08-19,16.60735511779785,2011-10-21,17.590808868408203,RSI > 90,9,0.059217963585086464,0.05859817850675663,6794.518997387788,122745.54644099453
PAYX,2015-07-02,33.83552169799805,6.366886728099303,2.7057018280029297,0.1679779664971764,2.3545022174851455,Hammer,2015-07-10,33.72544860839844,2015-08-14,34.30375671386719,Profit target (+1%),5,0.017147528923447286,0.016848519035920873,2068.0806737175253,124813.62711471204
PAYX,2022-05-13,105.4239730834961,2.962830535647143,5.892669677734375,0.3976156320077062,0.9762483429467635,Hammer,2022-05-20,105.0276107788086,2022-06-03,108.8062744140625,Profit target (+1%),2,0.0359778119985219,0.035880890775822585,4478.424117358807,129292.05123207085
PAYX,2025-11-14,109.53743743896484,5.259455356792188,2.5991973876953125,0.2255651898251155,0.45911573642711884,Hammer,2025-11-21,109.31269836425781,2025-12-19,113.18216705322266,RSI > 90,4,0.0353981627648674,0.03530506721889347,4564.664555052215,133856.71578712307
PCAR,1994-06-17,0.8957364559173584,3.1420605351476496,0.06815385818481445,0.35714323195432696,1.1110352818729068,Hammer,1994-06-24,0.8908683657646179,1994-07-01,0.8957364559173584,Profit target (+1%),1,0.005464432614084691,-0.005728419535027821,-572.8419529299401,99427.15804707006
PCAR,1999-10-22,2.370162010192871,6.163350580292075,0.1459059715270996,0.24444339138590856,0.5793068969123716,Hammer,1999-10-29,2.383131265640259,1999-11-05,2.4479784965515137,Profit target (+1%),1,0.027210935396726033,0.022966589693113236,2283.5027409358772,101710.66078800595
PCAR,2005-10-14,9.515694618225098,1.9614477312934469,0.28986358642578125,0.3484852472823941,0.6098519003244522,Hammer,2005-10-21,9.553757667541504,2005-11-04,10.042716979980469,Profit target (+1%),2,0.05117979013641771,0.05010685793043564,5096.401625018943,106807.06241302488
PCAR,2009-12-11,13.760034561157227,6.541832311377249,0.6737279891967773,0.38418016717271447,0.6302831984560937,Hammer,2009-12-18,14.007447242736816,2010-01-15,14.559371948242188,Profit target (+1%),4,0.039402233393494024,0.038674522452619486,4130.71212926015,110937.77454228503
PCAR,2011-03-18,18.75297737121582,6.208733888160097,1.0138835906982422,0.3549618392413374,0.9152032289073798,Hammer,2011-03-25,19.314096450805664,2011-04-08,20.78461456298828,RSI > 90,2,0.0761370388683793,0.07559971119258578,8386.86370735808,119324.63824964312
PCAR,2014-09-19,25.7812442779541,4.58312431592384,0.8107833862304688,0.39893526926442774,0.7876584679441943,Hammer,2014-09-26,25.638925552368164,2014-10-31,26.264265060424805,Profit target (+1%),5,0.02439023845907151,0.023995527003072902,2863.2575763879595,122187.89582603108
PCAR,2015-10-02,23.107728958129883,3.4023277398930105,1.4026203155517578,0.34810036212718104,1.1068977320177318,Hammer,2015-10-09,23.320785522460938,2015-10-16,24.568050384521484,Profit target (+1%),1,0.05348296955345999,0.05304279510197656,6481.1875157606355,128669.0833417917
PCAR,2016-07-01,24.0292911529541,4.932989497642396,1.9839000701904297,0.3528042033005331,1.3222462478328687,Hammer,2016-07-08,23.94585609436035,2016-07-22,24.923900604248047,Profit target (+1%),2,0.04084399847863618,0.040417950242523266,5200.540603059077,133869.62394485075
PCG,1992-09-18,12.151346206665039,4.418646526967663,0.3827199935913086,0.3750009344373815,1.0618873641160262,Hammer,1992-09-25,12.199186325073242,1992-12-18,12.51478385925293,Profit target (+1%),12,0.025870375758671127,0.025040385818417315,2504.0385793376936,102504.03857933769
PCG,1994-05-13,9.878881454467773,0.07482040283949232,0.6759233474731445,0.23077020756056024,1.1185263292742136,Hammer,1994-05-20,9.878881454467773,1994-05-27,10.34682846069336,Profit target (+1%),1,0.04736842003645614,0.04633270930405402,4749.289817238703,107253.32839657638
PCG,1997-01-03,10.950969696044922,5.037553965390018,0.3842449188232422,0.33333250601871384,0.7901180436994198,Hammer,1997-01-10,11.015009880065918,1997-01-17,11.207132339477539,Profit target (+1%),1,0.01744187808304276,0.01652652414958924,1772.5247200973204,109025.8531166737
PCG,2000-12-29,12.262982368469238,8.286300244808743,0.6897926330566406,0.11111018940965021,0.43623239549312987,Hammer,2001-01-05,12.033051490783691,2001-05-18,6.49324893951416,RSI > 90,19,-0.46038218614061077,-0.46102166580018783,-50263.280368872234,58762.57274780146
PCG,2008-09-26,26.682058334350586,9.65550952218075,1.835103988647461,0.39040642412664495,1.2706481948257504,Hammer,2008-10-03,26.41078758239746,2008-12-26,27.245468139648438,Profit target (+1%),12,0.03160377382336321,0.031219230343921846,1834.5222923805563,60597.095040182016
PCG,2017-10-20,57.03322219848633,5.707875889774229,9.531818389892578,0.229576153125474,3.189956573510017,Hammer,2017-10-27,56.91493606567383,2018-03-23,44.40626525878906,RSI > 90,21,-0.2197783511950374,-0.21993473064412464,-13327.405762151448,47269.68927803057
PCG,2025-01-17,16.825590133666992,6.225065880437597,1.5233049392700195,0.3051948255213012,1.5712234851921956,Hammer,2025-01-24,16.954179763793945,2025-05-23,17.56361198425293,RSI > 90,17,0.03594583925318773,0.03534559034150402,1670.7750711206786,48940.46434915125
PEG,1990-07-27,2.1350414752960205,4.830905707641733,0.08626437187194824,0.3749996545233943,0.9318163723046547,Hammer,1990-08-03,2.124258518218994,1990-08-10,2.1350414752960205,Profit target (+1%),1,0.005076103960297118,0.00036771348820574095,36.77134878380275,100036.7713487838
PEG,1994-01-21,3.416877031326294,4.1250097171065505,0.09802532196044922,0.2857146331734558,0.8255855258526207,Hammer,1994-01-28,3.416877031326294,1994-02-04,3.514902114868164,Profit target (+1%),1,0.028688501998510807,0.02572421005665186,2573.3669169920004,102610.13826577581
PEG,1994-05-13,3.0082383155822754,9.672295482146566,0.2423698902130127,0.3529416972514517,1.6680129023852412,Hammer,1994-05-20,2.99398136138916,1994-05-27,3.150808811187744,Profit target (+1%),1,0.05238090384297456,0.04895910714515821,5023.700748509915,107633.83901428572
PEG,2001-09-28,8.064003944396973,2.8746702127199057,0.5287566184997559,0.16129023530886485,1.1441632759743448,Hammer,2001-10-05,8.111383438110352,2001-10-12,8.319853782653809,Profit target (+1%),1,0.02570096040140135,0.024453051788009696,2631.975836926651,110265.81485121239
PEG,2008-09-26,17.75252914428711,4.596221208263728,1.4504375457763672,0.3873248234262217,0.9962413931268731,Hammer,2008-10-03,17.583993911743164,2008-12-05,15.326623916625977,RSI > 90,9,-0.12837640904832448,-0.1289084530072749,-14214.195597842194,96051.61925337018
PEG,2013-06-07,20.58591079711914,6.202553138339397,0.6138725280761719,0.32476712464967716,0.9094704651912089,Hammer,2013-06-14,20.636302947998047,2013-07-19,20.85047721862793,Profit target (+1%),5,0.010378519406774922,0.00989153984824798,950.0984183833557,97001.71767175353
PEG,2014-08-08,23.34841537475586,8.601213378211767,0.9920120239257812,0.04635646990963276,0.9861492743591269,Hammer,2014-08-15,23.368122100830078,2014-08-29,23.965957641601562,Profit target (+1%),2,0.025583379708130183,0.025150065029207504,2439.5995049498288,99441.31717670336
PEP,1990-08-03,5.066858291625977,9.140108910865521,0.4075455665588379,0.34688920479474894,1.7321092924979062,Hammer,1990-08-10,4.742379665374756,1990-08-17,4.991978645324707,Profit target (+1%),1,0.05263158953137648,0.05046973211295439,5046.973206248465,105046.97320624847
PEP,1998-09-04,15.169365882873535,0.5025184763879622,2.635486602783203,0.3720933682840795,1.74811554387201,Hammer,1998-09-11,16.150012969970703,1998-10-16,15.878056526184082,RSI > 90,5,-0.016839394760381654,-0.01745318585077763,-1833.4043445969082,103213.56886165157
PEP,1999-09-03,17.227140426635742,8.209488330759683,0.8084926605224609,0.23076886782437606,0.7107542850864877,Hammer,1999-09-10,17.164949417114258,1999-12-03,17.42133903503418,Profit target (+1%),12,0.01493681173707917,0.01435004914308779,1481.1197839170559,104694.68864556863
PEP,2002-07-05,24.909652709960938,3.620995172679642,1.3878974914550781,0.38432890176429035,1.3342564642514343,Hammer,2002-07-12,25.142696380615234,2002-10-18,21.93986701965332,RSI > 90,14,-0.12738607317516126,-0.1277583963292352,-13375.625512170813,91319.06313339782
PEP,2005-03-18,28.43600845336914,5.0338253018048675,0.7565650939941406,0.3928573229331061,0.8869514467246994,Hammer,2005-03-24,28.344141006469727,2005-04-15,28.857524871826172,Profit target (+1%),3,0.01811252156977572,0.01775658265065464,1621.5144904870135,92940.57762388483
PEP,2005-07-08,29.062950134277344,6.954956153253022,0.9446964263916016,0.23563224192548654,1.167868334148681,Hammer,2005-07-15,29.399566650390625,2005-07-22,30.045650482177734,Profit target (+1%),1,0.02197596445791583,0.021632144399538724,2010.5039937259103,94951.08161761073
PEP,2013-08-30,53.51938247680664,4.684142050304956,1.0001716613769531,0.24831705372841728,0.5891546134767858,Hammer,2013-09-06,54.022823333740234,2013-09-20,55.00730895996094,Profit target (+1%),2,0.018223513053710283,0.018036736742124856,1712.607660804248,96663.68927841498
PEP,2014-02-07,54.99195098876953,8.650370806735594,1.5286979675292969,0.13004474233852956,1.0742447749363142,Hammer,2014-02-14,54.957672119140625,2014-03-14,56.2992057800293,RSI > 90,4,0.024410307226630845,0.024226144937101228,2341.7885442720108,99005.477822687
PEP,2015-08-28,66.87812042236328,8.926806675128404,12.8636474609375,0.16064455441786313,4.668582001972488,Hammer,2015-09-04,66.45624542236328,2015-10-02,66.99300384521484,Profit target (+1%),4,0.008076869516780327,0.007925798252861518,784.6974423660749,99790.17526505307
PEP,2017-10-06,84.18746185302734,1.6319151692067067,3.6603240966796875,0.22499927047769122,1.8602143244678893,Hammer,2017-10-13,84.33234405517578,2017-10-20,86.11676025390625,Profit target (+1%),1,0.0211593335715059,0.021039507689139328,2099.5361576901087,101889.71142274319
PEP,2022-02-18,145.1080780029297,3.006213744035165,4.4429779052734375,0.38266678114535935,0.9903245481433638,Hammer,2022-02-25,145.8521728515625,2022-04-08,147.28175354003906,Profit target (+1%),6,0.0098015727878904,0.009732676567927563,991.6596058853745,102881.37102862856
PEP,2024-12-27,144.19815063476562,9.52451893953237,3.550384521484375,0.28158227249675516,0.6139390231149715,Hammer,2025-01-03,143.98123168945312,2025-03-14,148.31326293945312,Profit target (+1%),10,0.030087471812600963,0.03001697592393191,3088.187634099262,105969.55866272782
PEP,2026-01-09,137.22775268554688,8.135655136391605,5.6887969970703125,0.3275834783984808,1.0116883302171582,Hammer,2026-01-16,137.22775268554688,2026-01-23,143.411865234375,Profit target (+1%),1,0.045064591001492404,0.04499008019590913,4767.5789377936435,110737.13760052147
PFE,1999-05-28,12.541435241699219,4.7419158055201365,1.179422378540039,0.335403334966694,1.1368466176483039,Hammer,1999-06-04,12.658644676208496,1999-06-11,13.530391693115234,Profit target (+1%),1,0.06886574662650569,0.06804889421176853,6804.889414371964,106804.88941437197
PFE,2001-03-23,13.406801223754883,5.906552169391361,1.4682111740112305,0.2822385518706671,1.266238978395619,Hammer,2001-03-30,13.664007186889648,2001-04-06,14.557079315185547,Profit target (+1%),1,0.06535945978956925,0.06460396985838719,6900.019849554445,113704.90926392641
PFE,2004-07-30,12.006568908691406,2.059150642054803,0.4132423400878906,0.3090908251714684,0.7891217040497213,Hammer,2004-08-06,11.93519115447998,2004-09-03,12.20773696899414,Profit target (+1%),4,0.022835479632168143,0.021988409659225015,2500.190122660033,116205.09938658646
PFE,2008-06-13,7.884349822998047,5.5847753530540984,0.2936363220214844,0.268657031503735,0.7509889950947768,Hammer,2008-06-20,7.849288463592529,2008-07-25,8.07718563079834,RSI > 90,5,0.02903411796659916,0.027742445189763872,3223.8135972796254,119428.91298386607
PFE,2013-08-30,15.589725494384766,8.507331839375055,0.40342044830322266,0.3835637811246356,0.7090140810419282,Hammer,2013-09-06,15.683672904968262,2013-09-27,15.899199485778809,RSI > 90,3,0.013742098685459947,0.013100316518515733,1564.5565599863626,120993.46954385244
PFE,2015-08-28,19.30167007446289,8.008488864218506,3.0435867309570312,0.32038846511534635,3.4592172686318015,Hammer,2015-09-04,19.331218719482422,2015-10-09,19.768550872802734,Profit target (+1%),5,0.022623103057623606,0.022100088932576544,2673.9664345061638,123667.4359783586
PFE,2016-01-29,18.1646671295166,3.9875600657265124,0.8489570617675781,0.36491289558703927,1.0245246165102468,Hammer,2016-02-05,18.07530403137207,2016-03-18,18.21490478515625,Profit target (+1%),6,0.007723286620345826,0.007168062747136468,886.4559399839006,124553.8919183425
PFE,2022-02-25,37.879791259765625,4.480064376541762,2.3099365234375,0.2646052422977329,0.886957481999001,Hammer,2022-03-04,37.165374755859375,2022-03-11,38.300498962402344,Profit target (+1%),1,0.030542520127931905,0.030269380223711968,3770.169109049265,128324.06102739177
PFE,2023-03-03,33.77819061279297,1.0882305802582977,1.5801429748535156,0.3012976039592009,0.8596629252277225,Hammer,2023-03-10,33.728939056396484,2023-06-23,32.948875427246094,RSI > 90,15,-0.023127428581316667,-0.023420438029177627,-3005.4057159390313,125318.65531145273
PFG,2014-02-07,27.879840850830078,3.6255607857348906,1.5962467193603516,0.08031970634238786,1.3659607325388687,Hammer,2014-02-14,27.886249542236328,2014-02-21,28.546545028686523,Profit target (+1%),1,0.023678174630479276,0.023315394509860046,2331.5394486544656,102331.53944865445
PFG,2014-10-17,32.24837112426758,4.084782955922705,2.2082557678222656,0.15088766084912097,1.6730635060642327,Hammer,2014-10-24,31.862905502319336,2014-10-31,32.78409957885742,Profit target (+1%),1,0.028911176241320113,0.02859284481284064,2925.949823988507,105257.48927264295
PFG,2016-01-22,25.779308319091797,9.70910093701093,2.458650588989258,0.21760905975837852,1.249981816551568,Hammer,2016-01-29,25.65061378479004,2016-03-04,26.009601593017578,Profit target (+1%),5,0.013995291155192824,0.013602785384711274,1431.795035277516,106689.28430792048
PFG,2024-08-09,69.56311798095703,8.752276735515608,2.7539596557617188,0.2161804264655772,0.7596187405356244,Hammer,2024-08-16,69.66545104980469,2024-08-23,72.11196899414062,Profit target (+1%),1,0.03511809523183729,0.0349720420583206,3731.142134257577,110420.42644217805
PG,1991-10-25,4.365673542022705,4.0791689973233645,0.20725250244140625,0.32257960611080433,1.4673678576864075,Hammer,1991-11-01,4.372359275817871,1991-11-08,4.439214706420898,Profit target (+1%),1,0.015290470518464438,0.012988522764653463,1298.852275166494,101298.85227516649
PG,1994-03-31,6.0174431800842285,2.916953071866743,0.3936643600463867,0.35714303018263654,1.380872144170733,Hammer,1994-04-08,5.862789154052734,1994-04-15,6.087740421295166,Profit target (+1%),1,0.038369325816012045,0.03663241156065905,3710.8212434554816,105009.67351862197
PG,1996-07-19,10.149477005004883,8.057775186243987,0.5756168365478516,0.2650742737475521,1.2751525638976315,Hammer,1996-07-26,10.104961395263672,1996-08-02,10.342375755310059,Profit target (+1%),1,0.023494830980518744,0.02249408787583755,2362.096821578797,107371.77034020076
PG,2000-02-11,23.348127365112305,4.310901801451948,1.4475822448730469,0.36559061861782727,0.7888858175698317,Hammer,2000-02-18,23.332561492919922,2000-04-28,17.24864959716797,RSI > 90,10,-0.2607477064872653,-0.2611203358843085,-28036.95270768911,79334.81763251164
PG,2007-03-16,35.567317962646484,3.53259059575295,1.1430511474609375,0.39899013496015273,1.1705020527085397,Hammer,2007-03-23,35.630821228027344,2007-03-30,36.71614074707031,Profit target (+1%),1,0.03046013203280462,0.030175241708678222,2393.947295580998,81728.76492809264
PG,2009-02-06,32.654815673828125,4.081423913601142,1.4089946746826172,0.1974255434068976,0.5182992062690972,Hammer,2009-02-13,32.588294982910156,2009-07-24,34.16291427612305,RSI > 90,23,0.04831855407098318,0.04800433015542852,3923.3346108802325,85652.09953897288
PG,2010-05-07,37.92038345336914,7.547823712918969,14.756946563720703,0.10779706057601957,7.152755412292141,Hammer,2010-05-14,38.712615966796875,2010-05-21,39.61802673339844,Profit target (+1%),1,0.02338800269602337,0.02312670199966453,1980.8505797025791,87632.95011867546
PG,2013-08-30,54.310482025146484,6.918412599626549,4.441623687744141,0.32810120711644747,2.408769192089227,Hammer,2013-09-06,54.575443267822266,2013-09-27,55.223907470703125,Profit target (+1%),3,0.011881977755060946,0.011697673464247313,1025.1016341718368,88658.0517528473
PG,2018-05-04,58.73344039916992,5.253367106528955,1.7718124389648438,0.22196912610071695,0.8060863798634129,Hammer,2018-05-11,58.92805480957031,2018-05-25,59.803829193115234,Profit target (+1%),2,0.014861756193633724,0.014690811232210664,1302.4587012141847,89960.51045406148
PGR,1998-09-04,4.413492202758789,0.25455135636006787,0.5117092132568359,0.2916668219753022,1.4852796840564975,Hammer,1998-09-11,4.456134796142578,1998-09-25,4.650798797607422,Profit target (+1%),2,0.0436844957278566,0.04139395241419692,4139.395237280296,104139.39523728029
PGR,1999-12-10,3.276244640350342,3.9771528368339517,0.267230749130249,0.24938818589869982,0.8499102028655018,Hammer,1999-12-17,3.2842679023742676,2000-04-07,3.2588980197906494,RSI > 90,16,-0.0077246690397204665,-0.010753116995452821,-1119.823099702354,103019.57213757792
PGR,2001-03-23,3.8443713188171387,8.878452616833812,0.261735200881958,0.17241438990997424,0.7547916681965678,Hammer,2001-03-30,3.872307062149048,2001-04-06,4.238693714141846,Profit target (+1%),1,0.09461714841112334,0.09191602477706948,9469.149535651559,112488.72167322949
PGR,2003-07-25,8.595788955688477,3.7618072409879346,0.32756996154785156,0.3715420313145958,0.7440781658345159,Hammer,2003-08-01,8.595788955688477,2003-08-29,8.959610939025879,Profit target (+1%),4,0.04232560678407937,0.04113831709629243,4627.596697322302,117116.3183705518
PGR,2014-02-07,16.58278465270996,1.9186997459643038,0.5090255737304688,0.19718146255189675,0.8753287701395882,Hammer,2014-02-14,16.546937942504883,2014-02-21,17.156335830688477,Profit target (+1%),1,0.03682843860906759,0.03621315463274893,4241.151342929896,121357.4697134817
PH,1990-01-19,4.099210739135742,0.0,0.11386680603027344,0.3333347292249451,,Hammer,1990-01-26,4.099210739135742,1990-02-09,4.175122261047363,Profit target (+1%),2,0.018518570218135633,0.016059487706886286,1605.9487690826795,101605.9487690827
PH,1995-09-29,10.239789962768555,9.526585885807279,0.8084049224853516,0.12500088477409949,1.6168893579197134,Hammer,1995-10-06,10.239789962768555,1996-03-22,10.415420532226562,RSI > 90,24,0.017151774606373182,0.016167297724984014,1642.6936227365395,103248.64239181924
PH,1996-07-19,9.913435935974121,4.458586783205249,1.264817237854004,0.378378398756802,2.1071172045203608,Hammer,1996-07-26,9.708330154418945,1996-08-09,9.913435935974121,Profit target (+1%),2,0.021126782700299662,0.02008639451696342,2073.892962349062,105322.5353541683
PH,2000-06-16,17.140949249267578,9.389310117841504,3.03452205657959,0.3963962718189324,1.582101384863737,Hammer,2000-06-23,17.113611221313477,2000-11-10,17.437664031982422,RSI > 90,20,0.018935384617442264,0.0183456944379889,1932.21504910964,107254.75040327794
PH,2002-10-11,16.877229690551758,5.070365160705322,1.6936254501342773,0.2895452715391394,1.154077626790262,Hammer,2002-10-18,16.845447540283203,2002-10-25,18.89323616027832,RSI > 90,1,0.12156332534936554,0.12093379805631371,12970.724312879622,120225.47471615757
PH,2006-06-16,35.63558578491211,6.4559236143484355,2.0204505920410156,0.22037802393660708,1.0722485332708755,Hammer,2006-06-23,35.764854431152344,2006-07-07,37.43579864501953,Profit target (+1%),2,0.04672028561122121,0.04643418991441722,5582.572519938454,125808.04723609601
PH,2008-11-21,25.615144729614258,9.268817631368918,3.5998058319091797,0.3491738350637274,0.7475032213621147,Hammer,2008-11-28,25.630020141601562,2008-12-05,29.683521270751953,Profit target (+1%),1,0.15815442620627995,0.15773348750323116,19844.142026676527,145652.18926277253
PH,2012-07-13,58.608787536621094,6.128341467955465,4.584014892578125,0.3979230605356537,1.0887293233125215,Hammer,2012-07-20,57.47467803955078,2012-07-27,58.021907806396484,Profit target (+1%),1,0.009521232402017743,0.009346429645553047,1361.3279383039526,147013.5172010765
PH,2022-02-25,282.15081787109375,3.3777399467153657,20.69805908203125,0.19304694250067087,1.1734040370947418,Hammer,2022-03-04,277.691162109375,2022-07-29,254.79751586914062,RSI > 90,21,-0.0824428334929046,-0.08247735966625794,-12125.286721869496,134888.230479207
PHM,1990-08-24,0.6298931837081909,2.2294102996086878,0.08165282011032104,0.14285714285714285,1.173793508517472,Hammer,1990-08-31,0.6648872494697571,1990-09-07,0.6882166266441345,Profit target (+1%),1,0.03508771929824572,0.01989794131016548,1989.7941290267536,101989.79412902675
PHM,1991-06-21,1.2745311260223389,8.921110525343352,0.15341579914093018,0.2307689916818512,1.221282080487732,Hammer,1991-06-28,1.2627298831939697,1991-07-26,1.3099347352981567,Profit target (+1%),4,0.037383174923196094,0.029347617814649635,2993.157496100317,104982.95162512707
PHM,1994-05-13,2.280261993408203,7.322927638461863,0.13271379470825195,0.3636376701722112,0.6235839946687358,Hammer,1994-05-20,2.2561323642730713,1994-06-10,2.328521728515625,Profit target (+1%),3,0.03208560162022134,0.027592088472277933,2896.6988864246814,107879.65051155176
PHM,1996-03-01,2.943552255630493,8.42712872811201,0.11038327217102051,0.2222229421941721,0.7032062821837355,Hammer,1996-03-08,2.9926114082336426,1996-05-24,2.7288782596588135,RSI > 90,11,-0.08812809703565716,-0.0913170892741324,-9851.25566677432,98028.39484477746
PHM,2001-08-17,7.33488130569458,9.771380281541738,0.8145341873168945,0.2624993999538696,0.9764738248906975,Hammer,2001-08-24,7.33488130569458,2001-08-31,7.758439064025879,Profit target (+1%),1,0.0577456867642101,0.056343929977511135,5523.305009418649,103551.69985419612
PHM,2004-04-23,19.86272430419922,3.0966855690224833,1.4225845336914062,0.3815020299151029,1.0152267426768329,Hammer,2004-04-30,19.920284271240234,2004-05-07,20.413665771484375,Profit target (+1%),1,0.024767794150230005,0.0242597040857201,2512.1335935239695,106063.8334477201
PHM,2006-06-16,23.1844482421875,3.7415570922441788,1.9477920532226562,0.35759946102835477,0.8033379760719647,Hammer,2006-06-23,23.259077072143555,2006-06-30,23.963897705078125,Profit target (+1%),1,0.030303035272999157,0.029866675165315326,3167.774057203389,109231.6075049235
PHM,2008-01-11,7.668990135192871,8.574090822331257,1.1662907600402832,0.32374077482665814,0.6725104134769,Hammer,2008-01-18,7.744504928588867,2008-01-25,7.828411102294922,Profit target (+1%),1,0.01083428501624617,0.009536889696450938,1041.7297910987481,110273.33729602225
PHM,2009-06-05,7.477359771728516,6.217600755689503,0.7052512168884277,0.397590565097541,0.4082919331261244,Hammer,2009-06-12,7.358401775360107,2009-06-19,7.426377773284912,Profit target (+1%),1,0.009237875288683695,0.007873534501241956,868.2409248990816,111141.57822092132
PKG,2020-03-13,70.13682556152344,7.256690216599097,15.61446762084961,0.29130329306449,2.780924201268335,Hammer,2020-03-20,61.723060607910156,2020-03-27,70.3031005859375,Profit target (+1%),1,0.1390086605155767,0.1388353998753224,13883.539973648702,113883.5399736487
PKG,2025-01-03,217.58590698242188,5.782694996325631,3.9398193359375,0.25672347017815644,0.492546793628899,Hammer,2025-01-10,219.04046630859375,2025-01-24,230.56130981445312,RSI > 90,2,0.05259687262365631,0.052550019408494755,5984.5822299387455,119868.12220358745
PLD,2011-08-12,17.601688385009766,4.011397688613414,2.016331672668457,0.18867915604246746,1.270300490919082,Hammer,2011-08-19,17.677776336669922,2011-09-23,17.80204200744629,Profit target (+1%),5,0.007029485406408131,0.006461975687573823,646.1975681111849,100646.19756811118
PLD,2013-06-14,26.1173152923584,4.144152734561132,1.4999809265136719,0.32579200480149334,1.2564515399944114,Hammer,2013-06-21,26.415952682495117,2013-07-26,27.38652801513672,RSI > 90,5,0.03674201511137487,0.03635657442731116,3659.150969051747,104305.34853716292
PLD,2013-12-06,25.87650489807129,8.091677031318412,0.8069324493408203,0.12711994610757213,0.699856714262026,Hammer,2013-12-13,25.91753578186035,2014-02-07,26.753084182739258,Profit target (+1%),8,0.03223872855473031,0.03184674554318076,3321.785890334024,107627.13442749695
PLD,2015-07-02,27.47735595703125,2.9993482298978336,0.9997024536132812,0.3478245938046141,0.953843778008002,Hammer,2015-07-10,27.245540618896484,2015-07-17,28.15831184387207,Profit target (+1%),1,0.033501674191134256,0.03312856202014473,3565.5321943662548,111192.6666218632
PLD,2016-01-22,28.526691436767578,6.172132504755794,2.099397659301758,0.32746488790203226,1.5669585644926618,Hammer,2016-01-29,28.56365203857422,2016-02-05,28.96283531188965,Profit target (+1%),1,0.01397521832209514,0.013622738405366345,1514.7486084700035,112707.41523033321
PLD,2018-12-28,47.52272415161133,1.3703374432888467,3.087474822998047,0.136842183297235,1.2601153837824797,Hammer,2019-01-04,47.62022399902344,2019-01-18,50.277076721191406,Profit target (+1%),2,0.055792528868038316,0.055576698646545915,6263.906045223441,118971.32127555666
PLD,2020-12-11,82.8794174194336,8.753891465940427,3.0897750854492188,0.3911843213171911,0.6059540441062847,Hammer,2020-12-18,83.3305435180664,2021-01-08,85.23006439208984,Profit target (+1%),3,0.022795013614805182,0.02267364913284341,2697.513992775246,121668.83526833192
PLD,2024-10-11,113.35974884033203,5.64146045100766,4.020957946777344,0.3493544072025577,0.7232807575052498,Hammer,2024-10-18,113.17119598388672,2024-10-25,113.81228637695312,Profit target (+1%),1,0.005664784113067922,0.00557617604638575,678.4468441364793,122347.2821124684
PLD,2025-04-11,92.32903289794922,5.967720406533161,13.259765625,0.2127344095227574,1.9426028112023683,Hammer,2025-04-17,93.68186950683594,2025-04-25,96.4355239868164,Profit target (+1%),1,0.029393675579665324,0.029285368317064613,3582.985215672463,125930.26732814085
PM,2008-09-26,22.19085121154785,6.654607614360586,1.3297080993652344,0.39016424012049056,0.9114417991609787,Hammer,2008-10-03,22.09929656982422,2009-01-09,19.3387451171875,RSI > 90,14,-0.12491580643368305,-0.12533995116673152,-12533.995104139158,87466.00489586084
PM,2012-11-16,44.24501419067383,4.620040153744739,2.1411399841308594,0.3114360389604605,1.3106168044242776,Hammer,2012-11-23,44.588844299316406,2012-11-30,46.80291748046875,Profit target (+1%),1,0.049655316614391154,0.04942550290929136,4323.05127512141,91789.05617098225
PM,2013-08-23,45.81196975708008,6.5059217809033925,1.1430206298828125,0.20187827897849392,0.7174487992601692,Hammer,2013-08-30,45.88172912597656,2013-09-20,47.58820724487305,Profit target (+1%),3,0.037192977496794954,0.036970996870119156,3393.532905015044,95182.58907599728
PM,2016-11-18,55.41349792480469,4.963308846419267,1.81622314453125,0.25000210034613707,0.9235024027916421,Hammer,2016-11-25,55.593875885009766,2016-12-23,56.943607330322266,Profit target (+1%),4,0.024278419588954048,0.024096376482203537,2293.5554986325487,97476.14457462984
PNC,1990-02-02,5.564087390899658,8.695738650489787,0.2303605079650879,0.23076954922469628,,Hammer,1990-02-09,5.528647422790527,1990-02-16,5.670407295227051,Profit target (+1%),1,0.025640968142072618,0.023810673570178357,2381.067354636768,102381.06735463678
PNC,1994-10-07,9.190439224243164,2.4271501770213177,0.5828084945678711,0.3846157622328875,1.3946435834465392,Hammer,1994-10-14,9.235270500183105,1994-10-21,9.454062461853027,Profit target (+1%),1,0.023690909937676752,0.022595871156129512,2313.3894044590006,104694.45675909577
PNC,1998-08-14,20.50124168395996,3.5341576136827797,1.1448745727539062,0.39534922464864286,0.8227749125485312,Hammer,1998-08-21,20.39474105834961,1998-10-02,20.820741653442383,Profit target (+1%),6,0.020887766796056972,0.020392444879711,2134.9759365361715,106829.43269563194
PNC,2001-03-23,28.654428482055664,3.278563036256344,4.265016555786133,0.36847775387203685,1.9173210905086746,Hammer,2001-03-30,29.264047622680664,2001-04-06,30.828659057617188,Profit target (+1%),1,0.05346531194556614,0.0531145206696733,5674.194105367422,112503.62680099937
PNC,2002-05-03,26.818145751953125,2.456174287483634,0.9648532867431641,0.3549987051779046,0.6536894778749613,Hammer,2002-05-10,26.818145751953125,2002-05-24,27.286100387573242,Profit target (+1%),2,0.017449179370875756,0.01707311438617419,1920.7872873121273,114424.4140883115
PNC,2002-06-28,25.221309661865234,6.425646930606504,1.6740245819091797,0.22766617559427166,1.2026996045874083,Hammer,2002-07-05,25.250255584716797,2002-08-30,22.920927047729492,RSI > 90,8,-0.09224970136132704,-0.09262739508377604,-10598.835400388783,103825.57868792271
PNC,2010-08-27,32.97005844116211,4.24224636047542,2.582029342651367,0.3759206989296956,0.8836620110718908,Hammer,2010-09-03,32.7099494934082,2010-09-10,34.53069305419922,Profit target (+1%),1,0.05566329477695886,0.0553491168053268,5746.654076431829,109572.23276435454
PNC,2016-01-22,61.507137298583984,6.500558526875821,3.7590103149414062,0.38931319400610104,1.1659581039954072,Hammer,2016-01-29,61.4569206237793,2016-02-05,62.159942626953125,Profit target (+1%),1,0.011439265033754475,0.011275632068446942,1235.4961803335927,110807.72894468815
PNC,2016-07-08,58.192386627197266,3.6904427991944146,2.519115447998047,0.3782237560401653,0.8289365311435413,Hammer,2016-07-15,58.6326904296875,2016-07-22,59.34786605834961,Profit target (+1%),1,0.012197557768899525,0.012025978913812928,1332.5714104437466,112140.3003551319
PNC,2020-03-13,85.07633972167969,0.9767555820793064,14.386161804199219,0.35268131540610187,1.9518027294749216,Hammer,2020-03-20,72.51131439208984,2020-04-03,78.9449234008789,Profit target (+1%),2,0.08872558803720842,0.08858157040438007,9933.56390114288,122073.86425627478
PNR,2017-08-04,37.19194030761719,3.032417692487499,0.9951591491699219,0.3550282702443699,0.7312167311836164,Hammer,2017-08-11,37.20371627807617,2017-09-22,38.1223258972168,Profit target (+1%),6,0.02469134030252662,0.02441926811852919,2441.926809410992,102441.926809411
PNW,2001-07-27,14.006628036499023,8.933194585664339,1.1304759979248047,0.32551312226355883,1.2276595268801866,Hammer,2001-08-03,14.048439025878906,2001-08-10,14.449822425842285,Profit target (+1%),1,0.028571387840597984,0.027849652974098502,2784.9652946248843,102784.9652946249
PNW,2001-09-28,13.279119491577148,1.272317800583906,0.9198389053344727,0.254546038914653,1.1997991760698508,Hammer,2001-10-05,13.279119491577148,2001-10-12,13.626985549926758,Profit target (+1%),1,0.026196470223063928,0.02543383161856037,2614.215497608846,105399.18079223373
PNW,2003-01-31,11.173728942871094,9.727528362481806,0.4868793487548828,0.3811313732787495,0.6004129023634782,Hammer,2003-02-07,11.173728942871094,2003-03-14,11.374604225158691,Profit target (+1%),5,0.017977461536308192,0.017074864527359533,1799.6767315223892,107198.85752375613
PNW,2006-03-10,16.340314865112305,4.367673778416872,0.47405052185058594,0.23478005463931215,0.8427841464399312,Hammer,2006-03-17,16.30321502685547,2006-03-24,16.571157455444336,Profit target (+1%),1,0.016434944159633424,0.01581671741291739,1695.5340347453098,108894.39155850145
PNW,2007-02-16,20.770397186279297,8.453080440783808,0.22431182861328125,0.326919152409782,0.4513258433134418,Hammer,2007-02-23,20.783336639404297,2007-04-13,21.322547912597656,RSI > 90,7,0.025944403564682528,0.025457124462293056,2772.1380763783072,111666.52963487976
PNW,2014-08-08,33.8693962097168,3.3912966982844353,1.1805381774902344,0.18716454853605022,1.0619586551778488,Hammer,2014-08-15,33.88201904296875,2014-08-22,34.50069808959961,Profit target (+1%),1,0.018259804583848904,0.017962012116174982,2005.7555562671673,113672.28519114692
PNW,2017-12-29,60.285465240478516,6.100583951198658,0.9129867553710938,0.3178319837549199,0.5078620216791169,Hammer,2018-01-05,60.370399475097656,2018-07-13,59.67717361450195,RSI > 90,27,-0.011482876817498155,-0.011647556234982022,-1324.0043327987937,112348.28085834812
PNW,2019-01-04,62.10426330566406,6.961390154046882,2.4331626892089844,0.29819437193398335,0.9740990240637931,Hammer,2019-01-11,61.789127349853516,2019-01-25,62.62460708618164,Profit target (+1%),2,0.01352146845508262,0.013358546705491676,1500.8097556271305,113849.09061397525
PNW,2023-01-20,64.93365478515625,9.41175073172974,2.2488937377929688,0.16475046392574474,0.768102398712353,Hammer,2023-01-27,64.7527084350586,2023-02-10,66.02413177490234,Profit target (+1%),2,0.01963506037927165,0.019479122568222887,2217.6803881326578,116066.7710021079
PNW,2023-10-06,64.44406127929688,7.796508026843895,3.3620262145996094,0.25827636483289557,1.0770543707573195,Hammer,2023-10-13,64.07891082763672,2023-10-20,67.61460876464844,Profit target (+1%),1,0.05517724773010335,0.05501689724421792,6385.633607305508,122452.4046094134
PNW,2025-09-12,85.6747817993164,4.882756857956295,1.9429550170898438,0.32499695681026597,0.6595264547618385,Hammer,2025-09-19,85.68449401855469,2025-10-10,87.66631317138672,Profit target (+1%),3,0.023129262482461277,0.023011212464448365,2817.7782964320295,125270.18290584542
PODD,2024-02-16,191.00999450683594,9.115364944294527,7.9300079345703125,0.3757891556875973,0.46130692246351035,Hammer,2024-02-23,189.86000061035156,2024-06-21,198.6300048828125,RSI > 90,17,0.046191953251172535,0.046138067807655295,4613.806776151723,104613.80677615173
PODD,2025-10-03,309.114990234375,5.839417139210212,31.58001708984375,0.3320142557019909,1.4984344662116043,Hammer,2025-10-10,310.8999938964844,2025-10-17,314.42999267578125,Profit target (+1%),1,0.011354129458337026,0.011321782693747414,1184.4147859008558,105798.2215620526
POOL,2025-04-11,303.23486328125,7.898863042671763,32.727783203125,0.27087327400356576,1.4809036013380594,Hammer,2025-04-17,305.17352294921875,2025-05-23,309.5625915527344,Profit target (+1%),5,0.01438220642832766,0.01434920308675958,1434.9203072410373,101434.92030724105
POOL,2025-11-21,236.7891082763672,1.8979338961165837,15.15576171875,0.326172315474081,0.7673091952040696,Hammer,2025-11-28,235.7037353515625,2025-12-05,237.3120574951172,Profit target (+1%),1,0.006823490264826759,0.006780920279304736,687.8221074532084,102122.74241469425
PPG,1990-10-26,3.887166976928711,8.923087449898489,0.22865676879882812,0.1666659715386797,0.728206853001973,Hammer,1990-11-02,3.8617606163024902,1990-11-09,3.993691921234131,Profit target (+1%),1,0.034163511941856406,0.03153319199993169,3153.3191968398496,103153.31919683986
PPG,1991-03-22,4.931306838989258,3.2953550011500568,0.40123462677001953,0.32258007011705986,1.2283799622906946,Hammer,1991-03-28,4.983078956604004,1991-04-05,5.03485107421875,Profit target (+1%),1,0.010389584043442257,0.008374389815831077,863.8461048873421,104017.16530172719
PPG,1992-09-04,6.513997554779053,5.452425856120058,0.2578458786010742,0.36842153929230576,0.8023668221930218,Hammer,1992-09-11,6.513997554779053,1992-09-25,6.826126575469971,Profit target (+1%),2,0.047916662244050334,0.04634593250758748,4820.772517883646,108837.93781961083
PPG,1995-03-17,8.35901165008545,6.790766969263473,0.23381805419921875,0.375,0.5848283606199104,Hammer,1995-03-24,8.388238906860352,1995-03-31,8.709739685058594,Profit target (+1%),1,0.03832756574628582,0.037113298174275965,4039.334834933188,112877.27265454402
PPG,1998-09-04,13.41478443145752,5.113909377389021,1.3526182174682617,0.3294122706886936,1.3242624449986797,Hammer,1998-09-11,13.49435043334961,1998-10-16,14.401400566101074,RSI > 90,5,0.06721702813570074,0.06645135535820589,7500.847749531355,120378.12040407537
PPG,2004-03-12,17.398359298706055,5.6315735081616225,1.0344314575195312,0.3965021941955231,1.5778409542189409,Hammer,2004-03-19,17.383281707763672,2004-04-08,17.929147720336914,Profit target (+1%),3,0.03140178142136696,0.0308176518864416,3709.771005647177,124087.89140972254
PPG,2005-09-30,18.628990173339844,1.8156736284090584,0.8497772216796875,0.34074177156093444,1.0993253409948103,Hammer,2005-10-07,18.660465240478516,2005-11-18,19.00124740600586,RSI > 90,6,0.01826225451164598,0.01772161375383242,2199.0376808915653,126286.92909061411
PPG,2006-12-01,21.03999137878418,4.450667272491728,0.32675743103027344,0.3799959139596649,0.4488379788101045,Hammer,2006-12-08,21.04326057434082,2006-12-15,21.494186401367188,Profit target (+1%),1,0.021428515102654977,0.020948326132178566,2645.4997741759935,128932.42886479011
PPG,2007-11-23,22.339933395385742,1.4476983736787759,0.5811748504638672,0.24855350948300475,0.5000473471270733,Hammer,2007-11-30,22.323135375976562,2007-12-07,22.897592544555664,Profit target (+1%),1,0.025733713427967375,0.025280085375441467,3259.4228061055055,132191.85167089562
PPG,2021-07-23,146.87327575683594,7.255442055791974,14.234664916992188,0.33058486433990114,2.001689644341408,Hammer,2021-07-30,148.0452423095703,2021-08-20,153.16610717773438,Profit target (+1%),3,0.034589864478427934,0.03452115166064598,4563.414955269191,136755.26662616478
PPG,2022-03-11,109.6010513305664,0.33115243266365724,11.016624450683594,0.2627220352763317,1.316534358987932,Hammer,2022-03-18,111.18722534179688,2022-03-25,118.96312713623047,Profit target (+1%),1,0.06993520856851987,0.06984212943451559,9551.279023005012,146306.54564916977
PPL,1999-12-03,3.4848270416259766,2.238851703952065,0.19940447807312012,0.3809530072468533,1.018456664961137,Hammer,1999-12-10,3.456340789794922,2000-01-07,3.524092674255371,Profit target (+1%),4,0.019602200298214578,0.01668483052310812,1668.483050642329,101668.48305064232
PPL,2003-07-25,7.169523239135742,7.267802077919512,0.1411600112915039,0.3333333333333333,0.47428288660128026,Hammer,2003-08-01,7.173008441925049,2003-09-26,7.292513370513916,RSI > 90,8,0.016660363577767567,0.015255614349695445,1551.0151673881319,103219.49821803045
PPL,2004-05-14,7.377657890319824,2.7768610061511794,0.23833608627319336,0.12782022579812616,0.8364355910903943,Hammer,2004-05-21,7.332858085632324,2004-06-04,7.750393867492676,Profit target (+1%),2,0.056940387633909406,0.05553879307891138,5732.68634750757,108952.18456553802
PPL,2008-09-12,16.26115608215332,8.622154442293578,1.1724214553833008,0.26760633265900585,1.1127149311620401,Hammer,2008-09-19,16.10841178894043,2009-04-24,12.307282447814941,RSI > 90,31,-0.23597170167547077,-0.23651908056748655,-25769.270493490883,83182.91407204712
PPL,2011-08-12,12.303836822509766,3.3473053697777004,0.7003717422485352,0.3243236250890191,1.5876347774956596,Hammer,2011-08-19,12.389017105102539,2011-08-26,13.051531791687012,Profit target (+1%),1,0.05347596834874091,0.052647554142541526,4379.376967963104,87562.29104001021
PPL,2012-11-16,14.373780250549316,6.481905180938497,0.4583091735839844,0.12087886934736106,1.2122293701728355,Hammer,2012-11-23,14.439252853393555,2012-12-07,14.786762237548828,Profit target (+1%),2,0.024066992086339223,0.023366344218765035,2046.0106309785533,89608.30167098877
PPL,2013-06-14,15.218929290771484,4.102574638674582,0.5328969955444336,0.3333333333333333,1.1303574300587715,Hammer,2013-06-21,15.255500793457031,2013-07-05,16.028724670410156,Profit target (+1%),2,0.05068492260082058,0.05001302953834634,4481.582633870628,94089.88430485941
PPL,2014-08-08,18.066328048706055,3.6372091344690034,0.7992973327636719,0.17123241906925468,1.3735577978685414,Hammer,2014-08-15,18.142972946166992,2014-08-22,18.53167152404785,Profit target (+1%),1,0.021424194316675083,0.02086726594778414,1963.3986368223436,96053.28294168175
PPL,2015-03-13,17.98751449584961,7.384995286724859,0.4185771942138672,0.3378369141737486,0.5894999465308994,Hammer,2015-03-20,18.06104850769043,2015-03-27,19.435565948486328,Profit target (+1%),1,0.07610396706540179,0.07552937988708736,7254.844889449325,103308.12783113107
PPL,2018-01-05,21.29650115966797,0.09713670618417325,0.46790313720703125,0.25,0.6067960319070308,Hammer,2018-01-12,21.28961944580078,2018-01-26,21.853857040405273,Profit target (+1%),2,0.026502944124526584,0.026027119010750242,2688.8129351498355,105996.94076628091
PPL,2018-12-28,20.66970443725586,8.773716490930653,1.0207271575927734,0.2571423232521419,1.030386489944195,Hammer,2019-01-04,20.69157600402832,2019-01-11,20.91030502319336,Profit target (+1%),1,0.010570921186595639,0.01008519569248622,1068.9998893638135,107065.94065564472
PPL,2022-10-14,21.58832359313965,2.968462622544763,1.418661117553711,0.357143913512874,1.0491674103604374,Hammer,2022-10-21,21.92316246032715,2022-10-28,22.804319381713867,Profit target (+1%),1,0.040192965909060296,0.03972776665454001,4253.4907027627905,111319.43135840751
PRU,2002-09-06,13.909761428833008,9.194120599301655,0.9357385635375977,0.29999908274926546,0.9327666942089632,Hammer,2002-09-13,13.905082702636719,2002-10-25,14.129660606384277,Profit target (+1%),6,0.016150777996090104,0.01542606958813296,1542.6069572706892,101542.60695727068
PRU,2003-03-14,13.962959289550781,1.6593762617079193,1.4370841979980469,0.20462050365918724,1.6407102890134801,Hammer,2003-03-21,13.88707447052002,2003-03-28,14.560559272766113,Profit target (+1%),1,0.048497241350278,0.047759951449587786,4849.669973494152,106392.27693076484
PRU,2004-10-22,21.307096481323242,4.609482051051629,1.3605365753173828,0.32155449290844274,1.441965768622729,Hammer,2004-10-29,21.249404907226562,2004-11-05,22.436870574951172,Profit target (+1%),1,0.055882302253122074,0.05539866549377101,5893.990154914101,112286.26708567895
PRU,2011-03-18,32.79021453857422,6.147554048396756,3.174640655517578,0.279386407085686,1.7132621843414544,Hammer,2011-03-25,33.33103942871094,2011-04-08,33.839412689208984,Profit target (+1%),2,0.01525224743096798,0.014949984132452722,1678.6779095445704,113964.94499522353
PRU,2014-01-31,49.718955993652344,4.934661660756333,1.8911933898925781,0.35202565731747903,0.9627330380161305,Hammer,2014-02-07,49.73663330078125,2014-03-14,52.2264518737793,RSI > 90,5,0.050060054486215755,0.049853983643900576,5681.606498088295,119646.55149331184
PRU,2014-10-17,48.660888671875,4.244699545120682,4.208152770996094,0.2624820739306454,1.7464518495481536,Hammer,2014-10-24,48.450782775878906,2014-10-31,50.50983428955078,Profit target (+1%),1,0.04249779664441178,0.04228703771331671,5059.498230206469,124706.04972351831
PRU,2016-01-22,43.475120544433594,4.6374666253909,4.032047271728516,0.259259189178194,1.3507561053997994,Hammer,2016-01-29,43.2573356628418,2016-03-11,44.525028228759766,Profit target (+1%),6,0.029305840188555976,0.02907130525082128,3625.36763451113,128331.41735802944
PRU,2019-05-17,68.69889831542969,9.393691365570518,3.156494140625,0.38326146647072473,0.9008122926513273,Hammer,2019-05-24,68.44860076904297,2019-06-14,70.55876159667969,Profit target (+1%),3,0.030828399761694936,0.030680063634964908,3937.2160469723667,132268.63340500183
PRU,2024-08-09,99.1300048828125,7.120759155124887,4.8315277099609375,0.3017805766187993,0.9847299236615864,Hammer,2024-08-16,100.05374908447266,2024-08-23,103.81209564208984,Profit target (+1%),1,0.03756327565940709,0.037461457312970355,4954.975759191426,137223.60916419327
PSA,2014-09-26,104.68500518798828,8.365856751558752,2.0494155883789062,0.1950480416646502,0.7718630817124192,Hammer,2014-10-03,103.99974822998047,2014-10-10,106.39813232421875,Profit target (+1%),1,0.023061441350171297,0.022964183221298416,2296.418319833423,102296.41831983344
PSA,2018-08-03,154.3839111328125,7.9010764993845015,12.265289306640625,0.23941240430047597,1.9639032448155238,Hammer,2018-08-10,154.3839111328125,2018-08-24,161.2308349609375,Profit target (+1%),2,0.04434998296056092,0.04428377516208764,4530.071584232295,106826.48990406573
PSA,2022-09-30,252.2500762939453,5.1461028459682865,8.924911499023438,0.15057881392299236,0.6010493309602377,Hammer,2022-10-07,254.88619995117188,2022-11-04,267.67919921875,Profit target (+1%),4,0.0501910235627856,0.05015080657954023,5357.434627392573,112183.9245314583
PSA,2025-04-11,266.4796142578125,9.963139709859291,27.699249267578125,0.18531172292372933,1.8755709566070593,Hammer,2025-04-17,268.2096252441406,2025-04-25,279.093505859375,Profit target (+1%),1,0.040579754008929436,0.040541713955145,4548.1285741718275,116732.05310563011
PSKY,2002-07-26,14.723166465759277,2.4786332602842975,3.1075096130371094,0.37517262756025854,1.5165713408103487,Hammer,2002-08-02,15.66613483428955,2002-08-23,18.2164363861084,RSI > 90,3,0.16279073165110436,0.16210067609529386,16210.06759331932,116210.06759331931
PSKY,2004-08-13,14.101215362548828,8.025741501194446,1.405808448791504,0.19938647185361616,1.6928559282074662,Hammer,2004-08-20,14.351327896118164,2004-08-27,15.317283630371094,Profit target (+1%),1,0.06730776003760641,0.06658776124160638,7738.168227036718,123948.23582035603
PSKY,2015-10-02,32.16194152832031,7.694292976061249,1.8195858001708984,0.21491278183036036,0.845367523779218,Hammer,2015-10-09,32.321556091308594,2015-10-16,34.380558013916016,Profit target (+1%),1,0.06370367555295697,0.0633844792133092,7856.394369025309,131804.63018938134
PSKY,2016-09-23,41.12978744506836,9.019911876543219,2.4802284240722656,0.33876159876464407,1.2339868305468933,Hammer,2016-09-30,41.68722915649414,2016-10-07,43.94124984741211,Profit target (+1%),1,0.05406981314244619,0.053823475892711595,7094.183328451749,138898.8135178331
PSKY,2017-05-05,52.97040939331055,8.80788786768288,4.809581756591797,0.3040546381948647,2.256703536008497,Hammer,2017-05-12,53.067901611328125,2017-06-30,51.96229553222656,RSI > 90,7,-0.020833800574951544,-0.021020257894914882,-2919.688878522852,135979.12463931026
PSKY,2018-08-03,43.887210845947266,8.794637828715352,2.0969467163085938,0.1141745891410255,0.795893097289917,Hammer,2018-08-10,43.68082046508789,2018-09-14,46.5751953125,RSI > 90,5,0.0662619157926636,0.0660254246504811,8978.07943893308,144957.20407824332
PSKY,2019-05-17,40.36256408691406,8.410144211810334,1.4599952697753906,0.23428587851978816,0.6775036780406701,Hammer,2019-05-24,40.25410461425781,2019-06-21,41.090904235839844,Profit target (+1%),4,0.020787932798426834,0.020536960012002302,2976.9803006295597,147934.18437887286
PSKY,2019-10-11,32.314353942871094,4.129641788065172,1.786916732788086,0.3764536605828625,0.7915009387730886,Hammer,2019-10-18,32.21345138549805,2019-11-29,33.2729377746582,RSI > 90,6,0.03288956456361336,0.032574079262932584,4818.819842835868,152753.00422170875
PSKY,2023-05-26,14.136059761047363,9.650922465506142,1.6496801376342773,0.3620687761408012,0.7025686042034021,Hammer,2023-06-02,14.373082160949707,2023-06-09,14.49633502960205,Profit target (+1%),1,0.0085752566688313,0.007876771559974342,1203.2005181509953,153956.20473985976
PSKY,2023-09-08,12.990023612976074,3.4920130699104135,1.1506538391113281,0.37190066205405836,0.7486627011756254,Hammer,2023-09-15,13.07560920715332,2023-09-22,13.353776931762695,Profit target (+1%),1,0.021273786957260565,0.020501164767060234,3156.281517126843,157112.48625698662
PSKY,2024-03-08,10.466205596923828,4.546497772677768,0.8303050994873047,0.20424332500993525,0.5774894741232831,Hammer,2024-03-15,10.456629753112793,2024-03-22,10.79970645904541,Profit target (+1%),1,0.032809491588863704,0.03183793670709028,5002.137388341394,162114.623645328
PSKY,2024-06-21,9.809314727783203,6.621250675731503,0.7054977416992188,0.21917952655427106,0.49654057221162096,Hammer,2024-06-28,9.789986610412598,2024-07-05,10.041259765625,Profit target (+1%),1,0.02566634309235405,0.024632310875842892,3993.2578031587336,166107.88144848676
PSX,2017-02-10,55.6851692199707,0.514635270712887,1.6595420837402344,0.13865653424175764,0.8012200134010129,Hammer,2017-02-17,55.6851692199707,2017-06-16,56.458351135253906,Profit target (+1%),17,0.013884880410957035,0.013704068886354281,1370.4068872650214,101370.40688726502
PSX,2018-02-23,66.66075897216797,6.90226808861658,2.188629150390625,0.24709622544166654,0.8004044749966511,Hammer,2018-03-02,67.23423767089844,2018-03-16,69.47731018066406,Profit target (+1%),2,0.03336205759846833,0.033210854065529045,3366.597786329661,104737.00467359468
PSX,2022-03-18,67.52737426757812,5.074200181391063,6.104557037353516,0.31039203935828447,1.1072379158748669,Hammer,2022-03-25,68.59052276611328,2022-04-01,70.73397827148438,Profit target (+1%),1,0.03125002433178792,0.03110196437521782,3257.526584867637,107994.53125846233
PSX,2022-07-08,71.03666687011719,6.822338800414769,6.149986267089844,0.24788764543953473,0.857032745535202,Hammer,2022-07-15,69.87596893310547,2022-07-22,72.36194610595703,Profit target (+1%),1,0.03557699751156895,0.0354313514917305,3826.392192376865,111820.92345083918
PTC,1997-04-04,56.40625,0.5021413325484758,7.65625,0.30612244897959184,1.3154976601122788,Hammer,1997-04-11,53.4375,1997-05-09,60.0,Profit target (+1%),4,0.12280701754385959,0.12260841090892077,12260.841078631238,112260.84107863123
PTC,1997-12-19,51.796875,5.497923167820474,5.9375,0.3026315789473684,0.9845542675396279,Hammer,1997-12-26,51.875,1998-01-02,53.75,Profit target (+1%),1,0.03614457831325302,0.03594834232845032,4035.5911411388015,116296.43221977002
PTC,2002-08-23,6.875,4.7044016915698705,1.4500007629394531,0.3275862976146316,0.8382816894721803,Hammer,2002-08-30,6.800000190734863,2002-11-01,6.375,RSI > 90,9,-0.06250002629616602,-0.06392361183576802,-7434.087983667196,108862.34423610283
PTC,2005-11-18,15.075000762939453,3.9117550721365717,1.3999996185302734,0.3571422732604635,1.1880751226992892,Hammer,2005-11-25,15.149999618530273,2005-12-23,15.524999618530273,Profit target (+1%),4,0.02475247587078022,0.024084461180303045,2621.8909011293144,111484.23513723214
PTC,2021-05-14,129.00999450683594,7.714092560622873,8.540008544921875,0.3032797429950793,0.8193138432173187,Hammer,2021-05-21,127.54000091552734,2021-05-28,132.5,Profit target (+1%),1,0.038889752617751405,0.0388098243674091,4326.683581084235,115810.91871831637
PTC,2021-10-08,120.04000091552734,6.373824792081933,8.294998168945312,0.3562389973897256,1.0092817780404901,Hammer,2021-10-15,119.83000183105469,2021-10-22,122.51000213623047,Profit target (+1%),1,0.022365019312561296,0.02228063808051656,2580.341163154587,118391.25988147096
PTC,2022-06-17,103.91000366210938,9.191893247549444,6.7700042724609375,0.33677951852578103,0.7448970008374297,Hammer,2022-06-24,104.93000030517578,2022-07-01,112.1500015258789,Profit target (+1%),1,0.0688077880463609,0.06870921236703435,8134.57020946217,126525.83009093313
PWR,2014-08-08,33.11822509765625,8.649974607616045,1.1768417358398438,0.2416678011811917,0.8572679874829412,Hammer,2014-08-15,33.31436538696289,2014-08-22,34.138153076171875,Profit target (+1%),1,0.024727701687853987,0.024423865213453248,2442.3865189029384,102442.38651890295
PWR,2014-10-17,30.87242317199707,1.802216006655712,2.9911346435546875,0.3409836400087743,1.8674685140338527,Hammer,2014-10-24,30.627248764038086,2014-10-31,32.098297119140625,Profit target (+1%),1,0.048030705155267306,0.04769641192055713,4886.13426064439,107328.52077954733
PWR,2014-12-05,29.440603256225586,4.45041182339024,2.324258804321289,0.19409214487998747,1.2759493295798303,Hammer,2014-12-12,29.303302764892578,2015-04-24,28.695270538330078,RSI > 90,19,-0.020749614179701448,-0.021087274535147173,-2263.2659808662966,105065.25479868104
PWR,2024-07-05,252.03570556640625,7.952272560224486,11.0882568359375,0.33753371497770684,0.7397353620552439,Hammer,2024-07-12,253.71243286132812,2024-07-19,266.2578125,Profit target (+1%),1,0.04944724031529346,0.049406851934857915,5190.943482145611,110256.19828082665
PYPL,2021-05-14,244.17530822753906,6.62705099136187,18.638580322265625,0.32553225629513927,0.900164452190242,Hammer,2021-05-21,243.0450897216797,2021-05-28,251.947998046875,Profit target (+1%),1,0.0366306858344283,0.03658878848956066,3658.8788452971876,103658.8788452972
PYPL,2022-05-13,78.15315246582031,6.489917561495076,10.349166870117188,0.3295397077448643,0.6942598693558711,Hammer,2022-05-20,77.91520690917969,2022-05-27,79.74932861328125,Profit target (+1%),1,0.02353997091016491,0.02341012397756692,2426.667202717329,106085.54604801453
PYPL,2022-12-23,68.43729400634766,6.337824038081322,3.7723312377929688,0.3048638175577969,0.40248799816318126,Hammer,2022-12-30,68.3678970336914,2023-01-06,73.05728912353516,Profit target (+1%),1,0.06859055628890909,0.06843928358831904,7260.418763341326,113345.96481135585
PYPL,2025-03-07,69.87484741210938,3.582513820980509,5.185096740722656,0.20841321854386488,0.9386351566964267,Hammer,2025-03-14,68.42737579345703,2025-03-28,70.93566131591797,Profit target (+1%),2,0.03665617003978072,0.036507362100086586,4137.962175813878,117483.92698716973
QCOM,2001-03-02,18.550403594970703,8.41561379164456,3.8710546493530273,0.33663365848791416,0.8756632417848724,Hammer,2001-03-09,18.742040634155273,2001-04-27,18.801830291748047,Profit target (+1%),7,0.0031901359494341808,0.0026558675880853436,265.58675854294756,100265.58675854294
QCOM,2006-05-26,28.961942672729492,5.784277896167239,1.8594284057617188,0.3469230958603966,1.1502068989988061,Hammer,2006-06-02,28.697681427001953,2006-06-09,29.36148452758789,Profit target (+1%),1,0.0231308965595165,0.0227784676581078,2283.896422916776,102549.4831814597
QCOM,2008-10-03,26.480365753173828,3.5804781912541728,9.524377822875977,0.31972795927199205,2.9307442034968116,Hammer,2008-10-10,25.787094116210938,2009-03-27,24.749544143676758,RSI > 90,24,-0.040235242011310124,-0.040615157800458324,-4165.0634376053695,98384.41974385432
QCOM,2018-11-16,46.20315170288086,5.790822861399391,2.9021682739257812,0.33048452521471217,0.9039885808011001,Hammer,2018-11-23,46.1783447265625,2018-12-07,50.03136444091797,Profit target (+1%),2,0.08343780482324537,0.08321224322553555,8186.788257141998,106571.20800099631
QCOM,2022-12-30,101.67444610595703,6.897912267047559,3.5744171142578125,0.24191365745582769,0.358062985568893,Hammer,2023-01-06,102.97843170166016,2023-01-13,107.9539566040039,Profit target (+1%),1,0.04831618446820385,0.048216735646649585,5138.51575858963,111709.72375958595
QCOM,2023-04-28,108.67852783203125,9.99710502777863,5.2850494384765625,0.18133825690536753,0.6840547455418285,Hammer,2023-05-05,109.06001281738281,2023-06-16,113.40581512451172,RSI > 90,6,0.03984780667874843,0.03975429145539753,4440.940912299586,116150.66467188552
RCL,2016-07-01,61.484371185302734,6.188738689567856,3.7276763916015625,0.062052542601833016,0.7429364395392551,Hammer,2016-07-08,60.55022430419922,2016-07-22,62.72099685668945,Profit target (+1%),2,0.03585077639984391,0.03568267770978097,3568.2677674098295,103568.26776740984
RCL,2022-03-11,66.54689025878906,6.659804042333079,9.258026123046875,0.27941239488803987,1.0262684985324064,Hammer,2022-03-18,66.24542236328125,2022-03-25,73.22784423828125,Profit target (+1%),1,0.1054023300917204,0.10524343281567372,10899.880019715223,114468.14778712507
RCL,2022-12-30,48.06974792480469,3.861315069268713,2.3534088134765625,0.37190160341820494,0.3800733736712269,Hammer,2023-01-06,49.14920425415039,2023-01-13,54.32280349731445,Profit target (+1%),1,0.10526313338485394,0.10504898454801187,12024.762676104478,126492.91046322955
REG,2022-02-18,55.364356994628906,6.527024894862308,2.5392684936523438,0.37704873703155095,0.7942044444290035,Hammer,2022-02-25,54.96472930908203,2022-03-04,54.81487274169922,Profit target (+1%),1,-0.0027264132702287114,-0.002908083583311408,-290.80835804033245,99709.19164195968
REG,2022-05-13,57.05509948730469,4.676178400458852,3.8700637817382812,0.11509156108244933,1.1544449348002492,Hammer,2022-05-20,57.1307373046875,2022-06-03,57.483707427978516,Profit target (+1%),2,0.0061782875548861416,0.0060027250801378985,598.5268647909406,100307.71850675062
REG,2022-09-30,46.23899459838867,6.147791736308378,2.4041671752929688,0.3285488974006645,0.7441736656143203,Hammer,2022-10-07,47.089073181152344,2022-10-28,48.359893798828125,Profit target (+1%),3,0.026987590364900838,0.02677238413474869,2685.476768857492,102993.1952756081
REG,2022-12-23,54.325504302978516,8.56248359358355,2.085773468017578,0.2952175765811406,0.6924242973682044,Hammer,2022-12-30,54.368865966796875,2023-01-13,55.027992248535156,Profit target (+1%),2,0.012123230271913421,0.011938203587265094,1229.5537320736053,104222.74900768172
REG,2024-02-16,55.026947021484375,7.230516938221612,2.732799530029297,0.3211909205499262,1.1242703342440081,Hammer,2024-02-23,54.93645477294922,2024-03-08,55.95899200439453,Profit target (+1%),2,0.018613090991608905,0.018429385163347384,1920.7611823246866,106143.5101900064
REGN,2016-02-12,375.9052429199219,5.143397358400733,43.024658203125,0.3372522399832037,1.019046408622515,Hammer,2016-02-19,383.2347106933594,2016-02-26,395.78106689453125,Profit target (+1%),1,0.03273804760135812,0.03271152714965527,3271.1527116943744,103271.15271169436
REGN,2017-12-01,370.4106140136719,0.6126585152795769,30.611358642578125,0.3411725766718873,1.120454196025424,Hammer,2017-12-08,372.4239807128906,2017-12-15,380.2295227050781,Profit target (+1%),1,0.02095875238014,0.020931620244121634,2161.6325485722464,105432.78526026661
REGN,2024-10-11,1007.349853515625,9.709689765812442,24.74066162109375,0.26137594331826,0.47861071011185813,Hammer,2024-10-18,1010.1368408203125,2025-07-18,563.0147094726562,RSI > 90,39,-0.44263520869564277,-0.4426499798580366,-46669.82022936271,58762.9650309039
RF,2005-01-21,16.567899703979492,2.709914126984259,0.8770360946655273,0.33333514563866906,1.6351687865150768,Hammer,2005-01-28,16.567899703979492,2005-03-11,17.214889526367188,Profit target (+1%),6,0.03905080510792169,0.03843562887397073,3843.56288355351,103843.56288355352
RF,2006-06-02,18.405128479003906,7.388064618792541,0.5895652770996094,0.21818364164579976,0.974582395461339,Hammer,2006-06-09,18.372970581054688,2006-07-28,19.251956939697266,RSI > 90,7,0.04784127611617395,0.04728413046532953,4910.152570460443,108753.71545401397
RF,2007-11-23,13.802155494689941,5.6797220859985345,0.8718948364257812,0.0980401379056886,0.81805507976406,Hammer,2007-11-30,13.89333438873291,2007-12-07,14.953285217285156,Profit target (+1%),1,0.07629204040549364,0.07554508325856799,8215.808480436288,116969.52393445026
RF,2008-01-11,11.852827072143555,5.964212896996742,1.5865535736083984,0.32116851063522844,1.2746414320726585,Hammer,2008-01-18,11.974425315856934,2008-02-01,13.138283729553223,Profit target (+1%),2,0.09719534616455205,0.0963200139633535,11266.506167386557,128236.03010183682
RF,2016-01-15,5.626267433166504,4.554333234732823,1.2487568855285645,0.38461520837716645,2.7881068202875676,Hammer,2016-01-22,5.701742172241211,2016-03-11,5.674296855926514,RSI > 90,7,-0.004813496556949626,-0.006561592443555491,-841.4325652663344,127394.59753657048
RF,2016-07-01,5.817590236663818,3.3670990069240503,0.45232439041137695,0.2307702038703638,0.986069252107673,Hammer,2016-07-08,5.734084606170654,2016-07-15,5.942849636077881,Profit target (+1%),1,0.03640773449393597,0.03463357722475703,4412.130627387525,131806.72816395803
RJF,2019-08-16,45.56031036376953,1.6114083585809311,2.5441551208496094,0.3617024147780518,0.9555163650362405,Hammer,2019-08-23,46.396331787109375,2019-09-06,46.74517822265625,Profit target (+1%),2,0.007518836556897668,0.007302515304981054,730.251529767854,100730.25152976785
RJF,2020-09-25,43.409603118896484,7.069258863549194,2.6000404357910156,0.26179273311472523,0.6931453432412,Hammer,2020-10-02,44.317161560058594,2020-10-09,46.474369049072266,Profit target (+1%),1,0.04867657162768024,0.04844545963996159,4879.923330128624,105610.17485989648
RJF,2022-05-13,89.55615997314453,5.125948581150567,5.977325439453125,0.1861205422101958,0.8763561614451882,Hammer,2022-05-20,89.31104278564453,2022-06-03,92.61082458496094,Profit target (+1%),2,0.036947075035684174,0.0368330447332041,3889.94429100613,109500.11915090261
RJF,2023-10-06,95.85869598388672,8.997657005316341,4.9150848388671875,0.1964639957779054,0.9832601280656765,Hammer,2023-10-13,94.6226806640625,2023-10-20,96.7374267578125,Profit target (+1%),1,0.02234925156324774,0.022242393335434773,2435.5447179958055,111935.66386889841
RL,2008-01-18,40.834312438964844,0.43818787859430586,2.640148162841797,0.289854486135654,0.6578147434230703,Hammer,2008-01-25,38.95942306518555,2008-02-01,45.004981994628906,Profit target (+1%),1,0.15517578171853685,0.1548992248479125,15489.922469301331,115489.92246930132
RMD,2021-03-12,176.78753662109375,3.288693917150809,8.528060913085938,0.36394134855384286,0.7789237106440821,Hammer,2021-03-19,177.13133239746094,2021-04-01,181.44789123535156,Profit target (+1%),2,0.02436925629964093,0.024312114740117376,2431.2114715805264,102431.21147158052
RMD,2022-05-13,189.6977081298828,8.925781163261036,10.475875854492188,0.3137949768916039,0.6310689240294991,Hammer,2022-05-20,189.17735290527344,2022-06-03,198.42808532714844,Profit target (+1%),2,0.04889978784356441,0.0488456363924281,5003.317705773416,107434.52917735394
RMD,2024-06-28,187.87350463867188,4.910488076744812,14.893844604492188,0.3060958955334741,1.1581624879643184,Hammer,2024-07-05,187.37295532226562,2024-07-12,190.74923706054688,Profit target (+1%),1,0.01801904513100272,0.01796519623928914,1930.0823976167158,109364.61157497065
RMD,2025-01-03,228.4142608642578,6.818422842016432,5.777557373046875,0.14505411501222804,0.438387872654626,Hammer,2025-01-10,228.5818634033203,2025-01-24,241.1033935546875,Profit target (+1%),2,0.054779193611146804,0.054734248351322574,5985.9898048043815,115350.60137977503
ROK,1992-04-03,2.9318127632141113,0.3533360154471268,0.10801410675048828,0.28571397038698226,0.7780862581461262,Hammer,1992-04-10,2.9318127632141113,1992-04-16,3.0398268699645996,Profit target (+1%),1,0.036842088998914724,0.03337431244449494,3337.4312411120627,103337.43124111205
ROK,1998-08-07,6.621345520019531,7.8899328020746395,0.5690217018127441,0.34545408836653885,1.0324408861535324,Hammer,1998-08-14,6.517886638641357,1998-09-25,6.580794334411621,Profit target (+1%),6,0.009651548002893362,0.008111086195617824,838.178811192211,104175.61005230427
ROK,2002-07-26,10.257601737976074,1.1604472093097797,1.066115379333496,0.2937848811569519,1.0638247899588258,Hammer,2002-08-02,10.408183097839355,2002-08-16,11.123960494995117,Profit target (+1%),2,0.06877063848966602,0.06777729638713495,7060.741191764881,111236.35124406914
ROK,2002-10-11,9.768417358398438,1.1663817801079261,0.9665079116821289,0.16981085531995932,1.0332435815241363,Hammer,2002-10-18,9.72586727142334,2002-10-25,10.236474990844727,Profit target (+1%),1,0.052499967886839194,0.05144533426034103,5722.591265929248,116958.9425099984
ROK,2003-03-14,12.742369651794434,9.230243662630016,1.6993951797485352,0.31999977552618064,1.643180656893946,Hammer,2003-03-21,12.742369651794434,2003-03-28,13.891777038574219,Profit target (+1%),1,0.09020358208003487,0.08938372526283427,10454.225973891102,127413.16848388949
ROK,2008-09-19,26.780250549316406,2.815786914357986,5.4039306640625,0.1999999294088414,1.8270025791732614,Hammer,2008-09-26,26.53399658203125,2009-01-09,23.451923370361328,RSI > 90,15,-0.11615563460790879,-0.1165105546516205,-14844.97891513336,112568.18956875612
ROK,2014-10-03,87.68448638916016,9.629461600191789,3.3428268432617188,0.38168804818430174,0.9700362356565652,Hammer,2014-10-10,87.97067260742188,2014-11-07,89.31415557861328,Profit target (+1%),4,0.015271941561556979,0.015157405810829921,1706.2417289778264,114274.43129773396
ROK,2016-01-22,74.96047973632812,7.174982129161478,4.358634948730469,0.23849674861498876,0.9764977205824885,Hammer,2016-01-29,74.86225128173828,2016-02-05,77.23597717285156,Profit target (+1%),1,0.03170791487661706,0.03157222751798611,3607.8983408126314,117882.3296385466
ROK,2018-10-26,140.1977081298828,2.897495304145849,9.97686767578125,0.33362239310905967,1.3177970986551988,Hammer,2018-11-02,142.2660675048828,2018-11-09,150.6612548828125,Profit target (+1%),1,0.059010469082106054,0.0589381068476337,6947.7613327368745,124830.09097128347
ROK,2020-09-25,195.76036071777344,6.535384164629008,11.33697509765625,0.3042437212307195,0.9206768214176136,Hammer,2020-10-02,198.89187622070312,2020-10-09,206.16244506835938,Profit target (+1%),1,0.03655538368791067,0.0365041874242392,4556.8210324437405,129386.91200372722
ROL,2026-06-05,47.099998474121094,1.243866771909552,3.4324989318847656,0.22141365556468096,1.1358496094653667,Hammer,2026-06-12,47.09000015258789,2026-06-22,44.40999984741211,End of data,2,-0.05691230190043861,-0.05711859637881247,-5711.859632169388,94288.14036783061
ROP,2011-08-12,66.50080871582031,5.7675782163271805,5.786659240722656,0.2104423516320377,1.5060792260524214,Hammer,2011-08-19,66.92198944091797,2011-09-23,68.17637634277344,Profit target (+1%),5,0.01874401691185379,0.018593200026634792,1859.3200008041595,101859.32000080416
ROP,2012-07-13,88.6045913696289,7.754637179876227,4.87249755859375,0.3080789417644775,1.171518586595026,Hammer,2012-07-20,88.1716537475586,2012-07-27,87.6466064453125,Profit target (+1%),1,-0.005954831058849641,-0.006067902097735279,-618.0723808886962,101241.24761991548
ROP,2019-10-11,329.4256286621094,5.625841214381751,15.2939453125,0.3691814060404827,0.9530819946608318,Hammer,2019-10-18,329.1658935546875,2019-11-22,331.84954833984375,Profit target (+1%),5,0.008152894445336623,0.008122391248763359,822.3210228595649,102063.56864277503
ROP,2022-01-28,423.9919128417969,6.6220814798329855,18.781524658203125,0.22498631045134077,0.9661151963739578,Hammer,2022-02-04,422.2004089355469,2022-02-11,436.62005615234375,Profit target (+1%),1,0.03415356051679752,0.03412947089694111,3483.375592148166,105546.9442349232
ROP,2025-11-07,445.00164794921875,6.055761767434944,14.0155029296875,0.31250054435396074,0.6075206445785568,Hammer,2025-11-14,442.9610290527344,2025-11-21,446.6042785644531,Profit target (+1%),1,0.008224763066651208,0.008202095134672715,865.70607692313,106412.65031184632
ROST,2015-05-29,43.32378005981445,7.638816454000207,1.0307693481445312,0.3695644128640687,0.5330519656754344,Hammer,2015-06-05,43.38652038574219,2015-06-12,43.814414978027344,Profit target (+1%),1,0.00986238556309238,0.009630789347092591,963.0789337461802,100963.07893374618
ROST,2022-02-25,88.1962661743164,4.040165521770746,8.902374267578125,0.29700853235885954,1.3541048290831748,Hammer,2022-03-04,86.7410659790039,2022-03-25,89.55884552001953,Profit target (+1%),3,0.03248495403201157,0.03236780261245755,3267.9530068055146,104231.03194055168
ROST,2024-10-11,140.8769989013672,6.301908452267071,6.466033935546875,0.32370834296933626,0.9907127591796931,Hammer,2024-10-18,141.0833740234375,2024-10-25,146.556884765625,Profit target (+1%),1,0.038796284679711635,0.0387240322245113,4036.245835623744,108267.27777617543
RSG,2011-11-11,20.58237648010254,7.408649925309803,0.8167610168457031,0.32727489269484233,0.7421983587648813,Hammer,2011-11-18,20.51555061340332,2012-01-13,20.889062881469727,Profit target (+1%),8,0.01820629994801992,0.017714547475591313,1771.4547457876765,101771.45474578768
RSG,2012-05-18,19.593427658081055,1.705102901326299,0.5277194976806641,0.2571409983482545,0.5894990610712262,Hammer,2012-05-25,19.570810317993164,2012-06-01,20.309616088867188,Profit target (+1%),1,0.037750392491146645,0.03722991585202166,3788.9426925345624,105560.39743832225
RSG,2014-01-17,25.683549880981445,5.890865188633342,0.3344860076904297,0.35714815216089685,0.444654483683385,Hammer,2014-01-24,25.747262954711914,2014-02-14,26.519758224487305,Profit target (+1%),3,0.030003005412038153,0.029608864708950747,3125.523523248831,108685.92096157109
RSG,2014-10-17,31.093238830566406,3.614550601129352,1.1721000671386719,0.2916659886284861,1.6078822038174154,Hammer,2014-10-24,30.99556541442871,2014-10-31,31.91533660888672,RSI > 90,1,0.029674283471204044,0.029346922622081276,3189.597309379271,111875.51827095034
RSG,2022-01-28,120.05562591552734,6.882157302398582,5.282905578613281,0.23698481170236887,1.1325830177762164,Hammer,2022-02-04,119.1925277709961,2022-03-11,122.93892669677734,Profit target (+1%),5,0.03143149151915958,0.031346278699333964,3506.8811718467578,115382.39944279709
RSG,2023-01-06,123.50485229492188,7.6105167959424165,4.7435302734375,0.33062964821534263,0.8500441250883471,Hammer,2023-01-13,124.11103057861328,2023-02-24,126.89171600341797,RSI > 90,6,0.022404821004555098,0.022323348659219165,2575.721529323133,117958.12097212023
RSG,2025-07-11,239.15798950195312,6.030937603732696,4.541046142578125,0.28820706850088373,0.5571251007487293,Hammer,2025-07-18,239.30670166015625,2025-08-01,242.34066772460938,Profit target (+1%),2,0.012678149184311982,0.01263609778993343,1490.5303502299785,119448.6513223502
RTX,1990-01-19,1.713030219078064,5.555555555555557,0.05277109146118164,0.3076923076923077,,Hammer,1990-01-26,1.7089709043502808,1990-03-16,1.7771583795547485,Profit target (+1%),7,0.0398997285623135,0.03394892822088194,3394.892818693301,103394.89281869329
RTX,1991-10-11,1.4908181428909302,2.155316180918078,0.039003968238830566,0.2222232410013784,0.5162352459892686,Hammer,1991-10-18,1.486484408378601,1991-10-25,1.629498839378357,Profit target (+1%),1,0.09620984262845411,0.08918258230024423,9221.023529007023,112615.91634770032
RTX,1996-07-19,4.337331771850586,8.09847604412235,0.32128381729125977,0.18750009276011048,1.515536529723101,Hammer,1996-07-26,4.317251682281494,1996-08-02,4.48793363571167,Profit target (+1%),1,0.03953486291537622,0.037175519900627375,4186.555235124766,116802.47158282508
RTX,2001-07-06,12.563275337219238,3.650637431672095,0.5173625946044922,0.25000092166917975,0.5958549100135324,Hammer,2001-07-13,12.589143753051758,2001-07-20,12.959920883178711,Profit target (+1%),1,0.029452132519900198,0.028646419891747692,3345.972642009562,120148.44422483463
RTX,2003-02-14,10.964110374450684,9.693086563196118,0.9819440841674805,0.38719245408359987,1.3753844281653647,Hammer,2003-02-21,11.026054382324219,2003-03-28,11.066761016845703,Profit target (+1%),5,0.003691858674916393,0.00278365362523162,334.4516519979484,120482.89587683257
RTX,2011-03-18,33.12153625488281,5.4645121979373386,1.7271442413330078,0.25598081104690007,1.5414203715843942,Hammer,2011-03-25,33.59257507324219,2011-04-01,34.604896545410156,Profit target (+1%),1,0.03013527453494702,0.02983314926696126,3594.384213214913,124077.28009004747
RTX,2011-08-12,30.100337982177734,1.3860796556957098,2.5841808319091797,0.2266877267309048,1.5021055247564647,Hammer,2011-08-19,30.416091918945312,2011-09-23,31.04108238220215,Profit target (+1%),5,0.020548019940311413,0.020215923376301903,2508.3367845320126,126585.61687457947
RTX,2018-12-28,52.27448272705078,0.5494974296996986,3.324840545654297,0.274627776687812,0.9865424434810799,Hammer,2019-01-04,52.403507232666016,2019-01-11,53.12802505493164,Profit target (+1%),1,0.013825750613386312,0.013633622859997684,1725.8205582423548,128311.43743282183
RVTY,1990-10-19,4.852907657623291,3.8881479961975742,0.7182302474975586,0.29729763822184807,2.558760819649504,Hammer,1990-10-26,4.814084529876709,1990-11-09,5.027612209320068,Profit target (+1%),2,0.04435478399230108,0.04223368114453184,4223.368110229816,104223.36811022983
RVTY,1995-01-13,4.781580448150635,6.836606171233271,0.3441781997680664,0.35724874410150265,1.3352334582210603,Hammer,1995-01-20,4.781580448150635,1995-02-17,4.99892520904541,RSI > 90,4,0.04545458625062704,0.04331793085706651,4514.740648974786,108738.10875920462
RVTY,1995-06-30,5.879118919372559,9.625063250547342,0.2632441520690918,0.16666576097293243,0.9613344259152302,Hammer,1995-07-07,5.879118919372559,1995-07-14,6.054615020751953,Profit target (+1%),1,0.029850748689758344,0.028125893383038957,3058.356450576328,111796.46520978096
RVTY,1998-09-04,9.02602767944336,6.8891673889752525,2.274463176727295,0.21052622751653863,2.462460059455436,Hammer,1998-09-11,9.02602767944336,1998-10-30,9.609692573547363,Profit target (+1%),7,0.06466464704437946,0.0635215519724065,7101.484968052951,118897.95017783392
RVTY,2002-07-12,7.807965278625488,1.6927804774753668,1.014230728149414,0.36507920090117707,0.6079164770853134,Hammer,2002-07-19,7.791866779327393,2002-11-08,6.587559223175049,RSI > 90,16,-0.15455956707929008,-0.15574301710168473,-18517.52546938412,100380.4247084498
RVTY,2019-08-16,80.99734497070312,7.588046065759045,3.7281951904296875,0.39050100069168464,0.7754181096897095,Hammer,2019-08-23,81.97120666503906,2019-09-20,84.77472686767578,Profit target (+1%),4,0.034201280140876866,0.03407720747620411,3420.684555918645,103801.10926436845
SBAC,2022-05-20,304.2610168457031,7.6020113969183285,18.940338134765625,0.3040601833277745,0.9006911637228633,Hammer,2022-05-27,305.686279296875,2022-06-03,318.3739013671875,Profit target (+1%),1,0.04150536981736952,0.041471978197979625,4147.197815650765,104147.19781565077
SBAC,2023-05-12,222.2620086669922,7.60090639435883,10.009353637695312,0.32176324330422135,0.625114218606668,Hammer,2023-05-19,222.32772827148438,2023-07-14,224.72886657714844,Profit target (+1%),8,0.010799994783970535,0.010754774271218877,1120.0796023672242,105267.277418018
SBAC,2023-09-29,189.40557861328125,3.8052326098609797,9.462234497070312,0.27100047249148146,0.7369144684260267,Hammer,2023-10-06,188.1565704345703,2023-10-20,191.93199157714844,Profit target (+1%),2,0.020065316527923205,0.020011637519189766,2106.570596214796,107373.8480142328
SBAC,2025-08-15,214.87252807617188,5.902125729662146,6.584716796875,0.21513384746579658,0.6241615525818813,Hammer,2025-08-22,215.0581512451172,2025-08-29,217.0240020751953,Profit target (+1%),1,0.00914101985298621,0.009094309363341203,976.4909903973216,108350.33900463012
SBAC,2025-10-10,185.66432189941406,2.832272108276868,5.3760223388671875,0.3789590801622375,0.5187423508121382,Hammer,2025-10-17,184.27993774414062,2025-10-24,192.91021728515625,Profit target (+1%),1,0.04683244224337724,0.04677690779581734,5068.293812196842,113418.63281682695
SBUX,2007-12-21,7.768025875091553,5.007723833590688,0.47581958770751953,0.14728731112193422,0.8579304100537556,Hammer,2007-12-28,7.790157318115234,2008-08-22,6.1340107917785645,RSI > 90,34,-0.21259474728263394,-0.21374123168299605,-21374.123146925485,78625.8768530745
SBUX,2020-03-13,60.746856689453125,2.6261688044018,11.720176696777344,0.37286866768173405,2.5251440654334747,Hammer,2020-03-20,52.6756591796875,2020-04-03,57.82767105102539,Profit target (+1%),2,0.097806310382625,0.09760720445427785,7674.452029720462,86300.32888279497
SBUX,2022-02-25,83.48397827148438,4.602637743339912,6.122886657714844,0.2150225721117603,1.1990429813625958,Hammer,2022-03-04,82.32072448730469,2022-07-29,75.90814971923828,RSI > 90,21,-0.07789745301689299,-0.07801419068054272,-6732.650306523265,79567.67857627172
SBUX,2024-07-12,71.13301849365234,4.005374154139801,4.154090881347656,0.37070810031497653,1.09002935155481,Hammer,2024-07-19,71.19004821777344,2024-07-26,74.46009826660156,Profit target (+1%),1,0.04593408953488698,0.045790404395207235,3643.4361751519145,83211.11475142362
SCHW,1999-06-18,21.573862075805664,5.618626413700028,3.2960071563720703,0.272727693588811,0.9612792442324043,Hammer,1999-06-25,21.61880874633789,1999-07-09,25.10957908630371,Profit target (+1%),2,0.16146913462829615,0.16096934544684718,16096.934528587783,116096.9345285878
SCHW,2000-09-22,24.445940017700195,9.219449672038564,3.8267135620117188,0.32941185266410805,1.2290585364369986,Hammer,2000-09-29,24.806100845336914,2000-10-06,25.661483764648438,Profit target (+1%),1,0.03448276392346927,0.03407276946643056,3955.7440819961084,120052.67861058391
SCHW,2001-04-06,10.884921073913574,0.01576192964581935,1.996769905090332,0.2924186811795975,0.7983246210370591,Hammer,2001-04-12,10.884921073913574,2001-04-20,12.831231117248535,Profit target (+1%),1,0.17880791510738847,0.17780753691349732,21346.271062269363,141398.94967285328
SCHW,2001-06-22,11.251334190368652,5.253770029222835,0.6851768493652344,0.3578932717200679,0.3299841405690988,Hammer,2001-06-29,11.251334190368652,2001-11-02,9.823270797729492,RSI > 90,18,-0.12692391573095474,-0.12775592553654108,-18064.55366728561,123334.39600556767
SCHW,2003-02-21,5.862163066864014,2.4662616124931986,1.1477346420288086,0.33544317470816054,1.2751591212651427,Hammer,2003-02-28,5.883955955505371,2003-04-25,6.348860263824463,Profit target (+1%),8,0.07901220060699132,0.07724702167178188,9527.214751591,132861.61075715866
SCHW,2004-03-19,8.254729270935059,1.1718447244709438,1.3429441452026367,0.23369543218582298,1.9667024652240903,Hammer,2004-03-26,8.247430801391602,2004-04-08,8.590465545654297,Profit target (+1%),2,0.04159292178660223,0.040355957205546696,5361.757472614141,138223.36822977278
SCHW,2006-06-16,11.522956848144531,5.595146873875848,1.5368900299072266,0.3719806943146519,1.7410739203439722,Hammer,2006-06-23,11.604626655578613,2006-07-07,11.905322074890137,Profit target (+1%),2,0.025911684040862415,0.025039170331273366,3460.998457406602,141684.3666871794
SCHW,2010-06-11,13.31180191040039,7.848745881601403,0.7341060638427734,0.18888857133206716,0.75214313383487,Hammer,2010-06-18,13.377055168151855,2010-10-22,11.964163780212402,RSI > 90,18,-0.10562050990888272,-0.10632831579754742,-15065.060069624858,126619.30661755455
SCHW,2014-10-17,22.410232543945312,3.841497311052464,2.697206497192383,0.199356769932813,1.924663142522012,Hammer,2014-10-24,22.323505401611328,2014-10-31,23.052011489868164,Profit target (+1%),1,0.032634036418144774,0.032178870700632946,4074.4662917756195,130693.77290933018
SCHW,2016-01-29,22.359708786010742,2.225608398675348,1.1998748779296875,0.357663572200674,0.635344342388649,Hammer,2016-02-05,22.272127151489258,2016-03-11,23.63786506652832,Profit target (+1%),5,0.06132049739792089,0.06085784337539363,7953.7411539015375,138647.5140632317
SCHW,2016-07-01,22.103784561157227,2.9337065144873264,1.3600292205810547,0.2944981186373409,0.744901821390073,Hammer,2016-07-08,21.804489135742188,2016-07-15,22.878427505493164,Profit target (+1%),1,0.04925308559467978,0.048783277917654445,6763.680204374856,145411.19426760654
SCHW,2023-09-29,52.83217239379883,6.266427224757024,2.1940269470214844,0.39909519413162803,0.5687857348114848,Hammer,2023-10-06,52.678199768066406,2023-11-10,53.86186981201172,Profit target (+1%),5,0.02246982716108037,0.022277880787657068,3239.4532478451283,148650.64751545168
SCHW,2024-01-19,61.658477783203125,9.587603884704862,5.036701202392578,0.21113257862930865,1.2842115452757885,Hammer,2024-01-26,61.72615051269531,2024-02-23,62.05197525024414,Profit target (+1%),4,0.0052785526854102205,0.005116132372810427,760.5163892325181,149411.1639046842
SHW,1994-03-31,3.2480597496032715,1.499984624329798,0.10189986228942871,0.3750008774002747,0.6399197255555089,Hammer,1994-04-08,3.1843724250793457,1994-04-15,3.2862722873687744,Profit target (+1%),1,0.03199998262982362,0.028814402973695488,2881.4402944881085,102881.44029448811
SHW,2002-10-11,5.556840419769287,1.2260979349866687,0.4708375930786133,0.2385787984419972,0.9858622951800279,Hammer,2002-10-18,5.556840419769287,2002-10-25,6.14240026473999,Profit target (+1%),1,0.10537640110871038,0.10348370351024538,10646.552453495267,113527.99274798339
SHW,2005-09-23,11.143754005432129,4.97529857162759,1.299260139465332,0.3996100920966578,2.62905177040462,Hammer,2005-09-30,11.202005386352539,2005-12-02,11.192423820495605,RSI > 90,9,-0.0008553438001919211,-0.0017472612158087768,-198.36305843880837,113329.62968954457
SHW,2020-03-20,130.1343536376953,5.537605753306792,41.49668884277344,0.33685416618404596,3.1386511024396566,Hammer,2020-03-27,129.5415496826172,2020-04-03,148.72271728515625,Profit target (+1%),1,0.14806961665607532,0.14798670940683095,16771.278959279116,130100.9086488237
SHW,2021-10-01,273.0256042480469,3.902054061605938,18.531982421875,0.3266563031077503,1.7425492709776047,Hammer,2021-10-08,272.9681396484375,2021-10-15,276.81866455078125,Profit target (+1%),1,0.01410613307217079,0.014069241051665226,1830.421042990557,131931.32969181423
SHW,2022-02-25,257.0234680175781,0.8809132286120729,15.905044555664062,0.12975642608598048,1.0821807053188097,Hammer,2022-03-04,254.58087158203125,2022-05-06,263.3031311035156,Profit target (+1%),9,0.03426125249427425,0.03422130013478436,4514.8616260499,136446.19131786414
SHW,2024-04-26,300.4481201171875,9.031205558383206,17.098419189453125,0.33600818160887125,1.2392619103055829,Hammer,2024-05-03,301.4873352050781,2024-05-10,307.4972839355469,Profit target (+1%),1,0.019934332320727943,0.019900833387314895,2715.392917035114,139161.58423489926
SJM,2017-05-05,93.70618438720703,5.279478854884076,2.3411636352539062,0.36825142328285443,0.8195090812202913,Hammer,2017-05-12,93.64672088623047,2017-06-02,95.40608978271484,Profit target (+1%),3,0.018787298474890468,0.01867951683033719,1867.9516811657672,101867.95168116577
SJM,2023-08-25,127.6665267944336,5.757133440999866,4.056404113769531,0.28682236152881146,0.822555507374697,Hammer,2023-09-01,128.13369750976562,2023-12-22,112.10758209228516,RSI > 90,16,-0.12507338607206775,-0.1251465461185786,-12748.422300323724,89119.52938084205
SLB,2001-09-28,13.940252304077148,7.30365895120174,1.8363304138183594,0.19269064341698813,1.2130382639392243,Hammer,2001-10-05,13.78773307800293,2001-10-19,14.184282302856445,Profit target (+1%),2,0.02876101695688993,0.028025571340171553,2802.5571312145985,102802.5571312146
SLB,2002-07-26,12.485847473144531,1.3502978119347517,1.7634334564208984,0.28846180886423295,1.427226699206996,Hammer,2002-08-02,12.562920570373535,2002-08-23,13.179506301879883,Profit target (+1%),3,0.049079808158654536,0.04826460575636184,4961.724885722213,107764.2820169368
SLB,2002-10-11,11.354714393615723,7.470960431978568,1.3810195922851562,0.2668164717451233,1.057579941720544,Hammer,2002-10-18,11.357810974121094,2002-10-25,12.385835647583008,Profit target (+1%),1,0.09051257111113054,0.08959267876412574,9654.890691335182,117419.172708272
SLB,2003-11-07,14.67817497253418,8.2740115770916,0.5635747909545898,0.27932941986729865,0.6913113619583094,Hammer,2003-11-14,14.67187786102295,2003-11-21,14.986724853515625,Profit target (+1%),1,0.021459215751045146,0.02077056138092224,2438.8621315954115,119858.03483986741
SLB,2006-06-16,37.801448822021484,7.417824472077854,3.7314720153808594,0.2608693874254613,1.2129819661031507,Hammer,2006-06-23,37.704105377197266,2006-06-30,38.38550567626953,Profit target (+1%),1,0.01807231048861757,0.017804726268533015,2134.039499274094,121992.0743391415
SLB,2006-09-15,36.59763717651367,2.312904725957452,2.0418701171875,0.34713337717462783,0.6837263592497155,Hammer,2006-09-22,37.358463287353516,2006-10-06,40.336734771728516,Profit target (+1%),2,0.07972146663171764,0.0794431571170674,9691.43551906995,131683.50985821147
SLB,2007-11-16,61.3037109375,4.782037921131135,2.872997283935547,0.2374435529165267,0.6455981826008541,Hammer,2007-11-23,61.06757354736328,2007-11-30,61.612003326416016,Profit target (+1%),1,0.008915202413118273,0.008750732906944997,1152.32722186594,132835.83708007738
SLB,2009-07-10,33.85021209716797,7.11052595391871,2.338886260986328,0.31805096839959224,0.5873397307540135,Hammer,2009-07-17,33.71617889404297,2009-07-24,37.91813659667969,Profit target (+1%),1,0.12462734035911538,0.12431231173170079,16513.12997172687,149348.96705180424
SLB,2011-08-12,53.64331817626953,9.504166355118144,4.498359680175781,0.31651399486778525,1.0673818710928578,Hammer,2011-08-19,54.276119232177734,2012-01-27,51.40161895751953,RSI > 90,23,-0.05296068170168744,-0.053140029451498066,-7936.408499747282,141412.558552057
SLB,2013-12-06,62.95577621459961,5.335761245517219,1.8640365600585938,0.3218383042120472,0.7593305321108886,Hammer,2013-12-13,63.22002410888672,2014-01-03,64.25559997558594,Profit target (+1%),3,0.016380504140833585,0.016221043505384287,2293.85926218676,143706.41781424373
SLB,2015-08-28,55.8603515625,7.8292425212666075,6.499656677246094,0.33220373202742504,2.1232541846968696,Hammer,2015-09-04,55.542457580566406,2015-10-16,56.66617202758789,Profit target (+1%),6,0.020231629927276673,0.020049782573867542,2881.2824287636695,146587.7002430074
SLB,2017-05-05,55.298805236816406,2.1410442494491377,2.2013473510742188,0.3909248444729409,0.9269072566922415,Hammer,2017-05-12,55.544681549072266,2017-09-22,52.323787689208984,RSI > 90,19,-0.05798743948181084,-0.05816223909419056,-8525.868861275463,138061.83138173193
SLB,2024-01-19,46.41581726074219,9.762741644920524,2.9734535217285156,0.2232700811958849,0.9726207232323731,Hammer,2024-01-26,46.34101486206055,2024-02-02,49.35186767578125,Profit target (+1%),1,0.06497166328106663,0.06474888558708089,8939.349715139266,147001.1810968712
SNA,1992-06-26,8.344902038574219,7.077973300064315,0.48276329040527344,0.35714342155689094,1.0517826842372333,Hammer,1992-07-02,8.310419082641602,1992-07-10,8.551800727844238,Profit target (+1%),1,0.029045664581082598,0.02782561442821852,2782.5614400392915,102782.56144003928
SNA,1992-11-20,7.861930847167969,7.232308122870734,0.4211750030517578,0.3333325785605275,1.2020917896396854,Hammer,1992-11-27,7.8268327713012695,1992-12-11,8.528790473937988,Profit target (+1%),2,0.08968604838608463,0.08835195066629978,9081.039788625236,111863.60122866453
SNA,1993-11-26,10.801311492919922,7.092691527139635,0.3251228332519531,0.11111241478839362,0.8518085723066479,Hammer,1993-12-03,10.801311492919922,1993-12-10,11.054184913635254,Profit target (+1%),1,0.02341136267397581,0.022475145277318413,2514.1506863441,114377.75191500862
SNA,1994-04-15,11.344078063964844,4.054936115222361,0.4363107681274414,0.3333340619228205,0.8748198739243912,Hammer,1994-04-22,11.380436897277832,1994-06-17,10.990194320678711,RSI > 90,8,-0.03429064983370422,-0.035153905836921996,-4020.8247166382134,110356.9271983704
SNA,1996-07-26,13.443329811096191,6.628831282209816,0.6198654174804688,0.375,1.1886563210153047,Hammer,1996-08-02,13.482071876525879,1996-08-09,13.908228874206543,Profit target (+1%),1,0.03160916226998167,0.030855993168167343,3405.1725882876854,113762.09978665809
SNA,1998-01-16,19.578798294067383,2.56975825239941,0.6335220336914062,0.3809536712549827,0.759734133056911,Hammer,1998-01-23,19.669301986694336,1998-02-27,19.92474365234375,Profit target (+1%),5,0.01298681904534349,0.012475241348608137,1419.2096497437924,115181.30943640189
SNA,1999-09-17,16.915678024291992,7.178433381460067,0.5985069274902344,0.31579081551356003,0.757011635693104,Hammer,1999-09-24,16.94717788696289,2000-03-24,13.200743675231934,RSI > 90,26,-0.22106537364035173,-0.2215900657000449,-25523.03389990647,89658.2755364954
SNA,2002-01-18,17.288549423217773,8.82383017266595,0.5006446838378906,0.3695643891771626,0.55643564047697,Hammer,2002-01-25,17.114412307739258,2002-02-01,17.549755096435547,Profit target (+1%),1,0.02543720350242018,0.02484564195606194,2227.6174101500947,91885.89294664552
SNA,2003-07-03,16.552762985229492,7.252436989342712,0.8075923919677734,0.37588773083363447,0.9029382047271208,Hammer,2003-07-11,16.535581588745117,2003-08-29,16.811996459960938,Profit target (+1%),7,0.016716368259097836,0.016106741458057253,1479.9823198543636,93365.87526649988
SNA,2009-07-10,18.49542999267578,3.9843722071771737,1.2724952697753906,0.3850265455951699,0.6127558034262898,Hammer,2009-07-17,18.35933494567871,2009-07-24,20.27828598022461,Profit target (+1%),1,0.10452181629801172,0.10394882472970209,9705.272994107348,103071.14826060722
SNA,2011-08-12,35.9351806640625,1.4779281978282057,3.4808387756347656,0.237113978263657,1.529797407402709,Hammer,2011-08-19,36.22226333618164,2011-09-23,36.67973327636719,Profit target (+1%),5,0.012629523890866023,0.012351745590968759,1273.1085998109338,104344.25686041816
SNA,2014-10-03,92.36082458496094,6.735092858140774,3.2162017822265625,0.21852716377972928,1.1972752571604282,Hammer,2014-10-10,92.43721771240234,2014-10-24,93.5296630859375,Profit target (+1%),2,0.011818241619236725,0.011709426713482378,1221.8114274580357,105566.06828787619
SNA,2015-10-02,117.2362289428711,9.545734110583155,5.0130157470703125,0.25966189089071723,1.0548990427250309,Hammer,2015-10-09,118.89431762695312,2015-10-16,125.50343322753906,Profit target (+1%),1,0.055588153685552255,0.05550171129905616,5859.0974392310545,111425.16572710723
SNA,2017-08-25,116.01288604736328,3.8098023175541584,4.763481140136719,0.3142839295981959,0.8909883431456824,Hammer,2017-09-01,116.34112548828125,2017-09-15,118.4866943359375,Profit target (+1%),2,0.018442049951393757,0.018355306966121112,2045.2431186267277,113470.40884573395
SNA,2018-03-16,123.69054412841797,5.189217728289208,4.056968688964844,0.283152955778507,0.6895455657178475,Hammer,2018-03-23,123.56920623779297,2018-06-01,122.37761688232422,RSI > 90,10,-0.009643093062973063,-0.00972362592527228,-1103.3438081002796,112367.06503763369
SNPS,2020-03-13,129.8800048828125,6.12008668916414,18.865005493164062,0.38271927476084594,1.8849406072217072,Hammer,2020-03-20,112.58999633789062,2020-04-03,125.69999694824219,Profit target (+1%),2,0.11644019039673403,0.11634620575002523,11634.620563367902,111634.62056336789
SNPS,2021-05-14,239.6999969482422,7.05695426584515,15.739990234375,0.0673442322904872,0.9203823639510677,Hammer,2021-05-21,236.5,2021-05-28,245.0,Profit target (+1%),1,0.03594080338266381,0.03589776114669886,4007.4329406787047,115642.05350404659
SO,1994-09-16,2.4583065509796143,3.125596773968752,0.1558082103729248,0.3333338434018304,1.4344787257336136,Hammer,1994-09-23,2.4583065509796143,1994-09-30,2.5102427005767822,Profit target (+1%),1,0.021126799493932813,0.017024332428495693,1702.4332411471364,101702.43324114713
SO,1999-01-22,4.957428455352783,3.464572287765847,0.17548418045043945,0.31249915085444424,0.7916157910348787,Hammer,1999-01-29,4.913557529449463,1999-04-30,4.740724086761475,RSI > 90,13,-0.03517480799850392,-0.037172167163500296,-3780.4998455941495,97921.93339555299
SO,2003-07-18,10.479978561401367,5.214060567566435,0.6020488739013672,0.22754532753360557,1.3640060176882915,Hammer,2003-07-25,10.454743385314941,2003-09-12,10.60936164855957,Profit target (+1%),7,0.014789293007594129,0.013826176983239099,1353.8859803139808,99275.81937586697
SO,2004-04-16,11.037775993347168,6.92594447566178,0.44823455810546875,0.2916673758744532,1.510354628403055,Hammer,2004-04-23,10.996687889099121,2004-07-23,11.194833755493164,RSI > 90,13,0.018018686025495168,0.017101545534705217,1697.7699438537888,100973.58931972076
SO,2013-08-23,24.541412353515625,4.3796795194312494,0.6566848754882812,0.3982317335285165,0.8546485724808475,Hammer,2013-08-30,24.55884552001953,2013-11-22,24.95377540588379,Profit target (+1%),12,0.016080962989173164,0.015670587308918717,1582.315445747271,102555.90476546803
SO,2018-01-26,31.386756896972656,0.46570252580569615,1.1900196075439453,0.31547507424913407,1.1565916718594669,Hammer,2018-02-02,31.287586212158203,2018-03-02,31.786327362060547,Profit target (+1%),4,0.015940544167275306,0.015618432640522697,1601.7624888655605,104157.66725433359
SO,2021-07-02,51.157264709472656,9.25564643889794,1.5007095336914062,0.21606651720123435,0.8090850771044823,Hammer,2021-07-09,51.14895248413086,2021-07-23,52.32125473022461,Profit target (+1%),2,0.02291937936475752,0.022721650813870543,2366.634142573652,106524.30139690725
SO,2024-12-20,78.8988265991211,9.014186492497615,1.885345458984375,0.2525251298985092,0.7018447632755147,Hammer,2024-12-27,78.8893051147461,2025-01-24,80.15572357177734,Profit target (+1%),4,0.016053107011010148,0.0159253377693596,1696.4354786943773,108220.73687560164
SOLV,2024-05-31,59.34000015258789,3.2597293028238568,3.529998779296875,0.2577904141919755,,Hammer,2024-06-07,59.34000015258789,2024-08-16,60.59000015258789,RSI > 90,10,0.021065048816746312,0.02089476782899504,2089.476780810028,102089.47678081002
SPG,2002-10-11,10.746260643005371,9.172593080548282,0.8992824554443359,0.161290014698303,1.7468023671773163,Hammer,2002-10-18,10.717251777648926,2002-10-25,10.939654350280762,Profit target (+1%),1,0.020751828663357674,0.019809511755226654,1980.9511735417145,101980.95117354172
SPG,2004-04-16,17.929487228393555,7.002891414794291,1.5982704162597656,0.2885468653410569,2.1509984765690366,Hammer,2004-04-23,17.830917358398438,2004-06-04,18.416854858398438,RSI > 90,6,0.03286076023026485,0.03229088184403415,3293.054841393996,105274.00601493572
SPG,2008-10-10,32.924129486083984,4.55548798794554,8.496280670166016,0.2576505815021131,2.060068590454316,Hammer,2008-10-17,33.82575607299805,2009-04-17,18.718286514282227,RSI > 90,26,-0.4466262195621874,-0.44685579967814565,-47042.300096083716,58231.70591885201
SPG,2013-03-22,80.75808715820312,7.755660846508746,1.715240478515625,0.289943065563562,0.7958599506778399,Hammer,2013-03-28,81.2959976196289,2013-04-12,84.0210952758789,RSI > 90,2,0.033520686577958037,0.03339562533971266,1944.6842318136255,60176.39015066563
SPG,2017-03-24,102.96390533447266,6.449628045552544,3.7825927734375,0.2868723174234356,0.7859065755639729,Hammer,2017-03-31,102.33245086669922,2017-04-07,105.61846923828125,Profit target (+1%),1,0.032111205621982775,0.032011920795733416,1926.3618333498985,62102.75198401553
SPG,2022-02-25,109.39697265625,1.3026670381795924,8.645256042480469,0.06250005515593245,1.1248501828314386,Hammer,2022-03-04,107.90127563476562,2022-08-05,86.90911102294922,RSI > 90,22,-0.1945497352864729,-0.19463339354703726,-12087.269355171673,50015.48262884386
SPGI,1991-06-28,3.6777989864349365,9.627106395144637,0.11614084243774414,0.2666659823866319,0.7538596773788794,Hammer,1991-07-05,3.7010271549224854,1991-11-08,3.3554177284240723,RSI > 90,18,-0.09338202937493756,-0.09595434993671843,-9595.434984076408,90404.5650159236
SPGI,1992-06-12,3.879769802093506,2.727265344905959,0.11269044876098633,0.35714195041658026,0.8283044459391699,Hammer,1992-06-19,3.879769802093506,1992-11-13,3.974489212036133,Profit target (+1%),21,0.024413667504581626,0.021808090120802343,1971.5508992276455,92376.11591515125
SPGI,1996-06-28,6.736669063568115,8.325763460589044,0.5337800979614258,0.34482740138178947,2.280278508746019,Hammer,1996-07-05,6.718262672424316,1996-10-11,6.678865432739258,RSI > 90,14,-0.0058642005539271125,-0.007347212520442302,-678.7069547629217,91697.40896038835
SPGI,2001-03-23,18.283058166503906,9.642429819065725,1.1868762969970703,0.37431640860405135,0.9254984192885389,Hammer,2001-03-30,18.338184356689453,2001-04-06,19.14889144897461,Profit target (+1%),1,0.04420868917644105,0.043651477121700026,4002.727345350836,95700.13630573917
SPGI,2015-01-09,77.7385025024414,8.44513668728817,2.8772201538085938,0.3975148691540956,1.0036892829845259,Hammer,2015-01-16,77.99762725830078,2015-01-23,81.16971588134766,Profit target (+1%),1,0.04066904000223026,0.040538232290251205,3879.5143518912428,99579.65065763042
SPGI,2020-03-13,235.47914123535156,9.876565538668999,43.43217468261719,0.24759597396122993,2.6099499251291776,Hammer,2020-03-20,211.2858123779297,2020-04-03,229.12945556640625,Profit target (+1%),2,0.08445263308337725,0.08440330645602354,8404.851762834893,107984.50242046533
SPGI,2022-05-13,324.77996826171875,1.1947664019757127,19.59185791015625,0.2790356799057923,0.8825627634980218,Hammer,2022-05-20,321.395751953125,2022-05-27,331.2495422363281,Profit target (+1%),1,0.030659366912355157,0.03062777614359405,3307.3251638040774,111291.8275842694
SRE,1998-12-18,5.002688407897949,4.3944960185178985,0.10839414596557617,0.19232444274345742,0.45391976379749277,Hammer,1998-12-24,5.015194892883301,1998-12-31,5.127755641937256,Profit target (+1%),1,0.02244394314838738,0.020429634952887365,2042.9634932457727,102042.96349324578
SRE,2000-03-10,3.758793830871582,4.862184178424144,0.1616685390472412,0.3333333333333333,0.7310150426995233,Hammer,2000-03-17,3.718376636505127,2000-03-24,3.89428448677063,Profit target (+1%),1,0.04730770103774029,0.04455843887478153,4546.87514686848,106589.83864011426
SRE,2001-07-27,5.946628093719482,8.900542403529542,0.5208220481872559,0.24888875460863563,1.2393465201970049,Hammer,2001-08-03,5.844778060913086,2001-08-10,5.995237827301025,Profit target (+1%),1,0.0257425970361711,0.02401112741805719,2559.3421944985976,109149.18083461285
SRE,2002-09-27,4.722261905670166,7.2875269818676,0.4148750305175781,0.32352860045790155,0.9676134743188778,Hammer,2002-10-04,4.678333759307861,2002-11-01,5.0639238357543945,Profit target (+1%),4,0.08242038646331618,0.08019716205364796,8753.45453466292,117902.63536927577
SRE,2010-11-26,15.4473237991333,6.216983356041709,0.2643728256225586,0.38372382446837294,0.4767650891413297,Hammer,2010-12-03,15.345878601074219,2010-12-10,15.671732902526855,Profit target (+1%),1,0.021233994476525186,0.02057564975014104,2425.923327550886,120328.55869682664
SRE,2011-08-12,15.072367668151855,1.8897262644421318,1.1640243530273438,0.18699244941699275,2.0111125101443745,Hammer,2011-08-19,15.198549270629883,2011-08-26,15.577094078063965,Profit target (+1%),1,0.024906640804566393,0.02424070859204146,2916.8495237532816,123245.40822057994
STE,2022-01-28,210.436279296875,4.174270157485992,12.414642333984375,0.39398677000907073,1.09065789033321,Hammer,2022-02-04,210.82872009277344,2022-02-11,215.22218322753906,Profit target (+1%),1,0.020839016301158253,0.020791091353113574,2079.1091332322485,102079.10913323224
STT,1999-09-03,18.976234436035156,8.667597901536766,1.799142837524414,0.3999993639142175,1.057683800219535,Hammer,1999-09-10,18.976234436035156,1999-10-08,19.79924774169922,Profit target (+1%),4,0.04337073872259878,0.042832477961527574,4283.2477918695095,104283.24779186952
STT,2001-03-23,26.95257568359375,8.28674622350691,4.196027755737305,0.2350364352998986,1.3377232656364149,Hammer,2001-03-30,27.18228530883789,2001-04-06,28.388980865478516,Profit target (+1%),1,0.044392719115794455,0.04401673587659037,4590.208169817539,108873.45596168707
STT,2001-06-29,30.4412841796875,3.1998174738945835,1.6634407043457031,0.2791444316276851,0.6966650780750169,Hammer,2001-07-06,30.139883041381836,2001-07-13,31.37008285522461,Profit target (+1%),1,0.04081634332003614,0.0404778420326835,4406.962547562531,113280.4185092496
STT,2002-07-26,23.96964454650879,4.570816005619605,2.8867874145507812,0.1913970722321917,1.352149083881243,Hammer,2002-08-02,24.29246711730957,2002-08-09,25.161605834960938,Profit target (+1%),1,0.035778116461133935,0.03535918840854455,4005.5036570618304,117285.92216631144
STT,2006-06-16,38.480403900146484,7.768561240555442,2.6925811767578125,0.385922385116258,1.555655182048019,Hammer,2006-06-23,38.565364837646484,2006-08-04,39.415828704833984,Profit target (+1%),6,0.022052530055603148,0.021790404906078833,2555.7077312310657,119841.6298975425
STT,2009-01-23,13.190485000610352,4.509870892546786,5.11301326751709,0.3390959011881822,0.7376175849051176,Hammer,2009-01-30,13.408060073852539,2009-02-06,15.5634126663208,Profit target (+1%),1,0.16075051727068845,0.15994505211010118,19168.07571975382,139009.7056172963
STT,2014-10-17,49.14342498779297,3.116973502686676,3.1799545288085938,0.2729370949825217,1.5287810657188403,Hammer,2014-10-24,48.70581817626953,2014-10-31,52.14104461669922,Profit target (+1%),1,0.07053010439117102,0.07031757151019,9774.824905579866,148784.5305228762
STT,2015-07-10,56.0868034362793,7.468013009842764,1.6685028076171875,0.34955691514170484,0.8397589297285012,Hammer,2015-07-17,56.86198806762695,2015-07-24,58.72983169555664,Profit target (+1%),1,0.03284872181585041,0.03266998466175702,4860.788325228295,153645.31884810448
STT,2015-10-02,49.80814743041992,7.835597120244657,3.1529579162597656,0.25861887483681756,1.1640820415184214,Hammer,2015-10-09,50.31275939941406,2015-10-16,50.86931610107422,Profit target (+1%),1,0.011061939521978204,0.010862103324626974,1668.9113270044559,155314.23017510894
STT,2016-02-05,40.587764739990234,9.80707751685918,3.3263778686523438,0.3901352079725685,1.0552263077304143,Hammer,2016-02-12,39.923980712890625,2016-02-19,41.17696762084961,Profit target (+1%),1,0.03138431803606245,0.03112994335860156,4834.9231833010235,160149.15335840994
STT,2016-07-01,40.659610748291016,3.2179912263857773,3.1243247985839844,0.20643254218745993,1.0987563602639576,Hammer,2016-07-08,40.138526916503906,2016-07-22,42.97805404663086,Profit target (+1%),2,0.07074318238020383,0.07048526493479758,11288.155492262897,171437.30885067285
STT,2025-03-14,83.72732543945312,2.4902222874991367,4.224464416503906,0.36529837875129356,0.9298124124897338,Hammer,2025-03-21,83.92022705078125,2025-03-28,88.81018829345703,Profit target (+1%),1,0.05826916125616299,0.05814653607934875,9968.485654463617,181405.79450513647
STX,2012-10-26,15.3659086227417,4.214917727020918,0.9194211959838867,0.30538864392381154,0.7170209719770655,Hammer,2012-11-02,15.134675979614258,2012-11-09,15.448491096496582,Profit target (+1%),1,0.020734842113899088,0.020067478147578185,2006.7478127510708,102006.74781275108
STX,2014-10-17,31.475704193115234,0.8682493616263969,2.4193801879882812,0.3832923910404178,1.3942987050533664,Hammer,2014-10-24,31.178483963012695,2014-10-31,34.2993049621582,Profit target (+1%),1,0.10009534148125243,0.0997586094881286,10176.051310030201,112182.79912278129
STX,2016-05-13,12.601000785827637,1.4362640313461696,0.6930217742919922,0.36193761817346143,0.2967497595430693,Hammer,2016-05-20,12.594399452209473,2016-05-27,13.630730628967285,Profit target (+1%),1,0.08228508081629937,0.08145873782720899,9138.269213326821,121321.06833610812
STX,2023-03-17,55.730751037597656,4.126434942272596,3.318286895751953,0.397524224912027,0.6941117823666346,Hammer,2023-03-24,55.19215774536133,2023-03-31,57.44677734375,Profit target (+1%),1,0.040850361545760716,0.04066549239262787,4933.580976553911,126254.64931266202
STZ,2014-10-17,71.01423645019531,8.605551325935409,4.2921142578125,0.34055132106595376,1.5917042373079653,Hammer,2014-10-24,71.49583435058594,2014-10-31,74.56283569335938,Profit target (+1%),1,0.04289762292631116,0.04275476461972765,4275.476457697288,104275.4764576973
STZ,2025-01-03,213.60142517089844,2.913142366763779,6.1312255859375,0.30926344396440164,0.6442762297064251,Hammer,2025-01-10,215.6034698486328,2025-05-23,190.53964233398438,RSI > 90,19,-0.11624964817238248,-0.11629333268888478,-12126.542662860422,92148.93379483686
SWK,1991-09-13,7.471376895904541,8.526741006809061,0.39066028594970703,0.2499993897035668,0.9733960084136578,Hammer,1991-09-20,7.471376895904541,1991-10-25,7.813204765319824,Profit target (+1%),5,0.04575165651228996,0.044383512767668734,4438.351272328522,104438.35127232852
SWK,1992-04-10,8.104349136352539,2.708372906596651,0.44611072540283203,0.38888924518097145,0.9958755192089851,Hammer,1992-04-16,8.129133224487305,1992-04-24,8.525676727294922,Profit target (+1%),1,0.048780539309297266,0.04752116693195432,4963.032319947375,109401.3835922759
SWK,1994-03-11,8.854190826416016,7.391940301266985,0.23787403106689453,0.22222355860786036,0.7330863596446472,Hammer,1994-03-18,8.827760696411133,1994-06-10,8.537025451660156,RSI > 90,12,-0.03293420095417554,-0.03404770661036578,-3724.866207593029,105676.51738468288
SWK,1998-05-29,22.297481536865234,1.9990248328917204,1.2354793548583984,0.23809450294636642,0.993975508475134,Hammer,1998-06-05,22.562227249145508,1999-04-16,13.098747253417969,RSI > 90,45,-0.4194390868962614,-0.41978927633151053,-44361.86871378845,61314.64867089443
SWK,1999-07-23,14.39893627166748,6.31955662125624,0.6683053970336914,0.27272753218250234,0.6443292734006498,Hammer,1999-07-30,14.21667194366455,1999-11-19,15.221358299255371,RSI > 90,16,0.07066958846430604,0.06994159051980753,4288.444045917115,65603.09271681153
SWK,2003-01-31,14.309609413146973,0.7791885928458271,0.7955751419067383,0.27027010828065945,0.6190239966332377,Hammer,2003-02-07,14.282731056213379,2003-03-28,14.472710609436035,Profit target (+1%),7,0.013301346393413294,0.012596790387119576,826.3884068740572,66429.48112368559
SWK,2011-08-12,41.551700592041016,3.9841730037408496,3.9069175720214844,0.2534723069787878,1.3518557792028025,Hammer,2011-08-19,41.958675384521484,2011-10-28,42.4971809387207,RSI > 90,10,0.01283418862164254,0.012594358081278952,836.6366715886206,67266.1177952742
SWK,2016-02-12,69.34154510498047,3.9832580478119723,2.7658004760742188,0.16939801775906918,0.7347459371065916,Hammer,2016-02-19,70.40705871582031,2016-03-04,72.31941986083984,Profit target (+1%),2,0.027161497439316173,0.027017547558116015,1817.3655347662889,69083.4833300405
SWK,2022-02-25,136.42388916015625,6.141828230555106,9.244354248046875,0.061986867776534324,0.9855555718867207,Hammer,2022-03-04,134.0390625,2022-03-11,136.49258422851562,Profit target (+1%),1,0.0183045276709215,0.018229242556085927,1259.3395729832873,70342.82290302379
SWKS,2021-10-15,139.4066925048828,0.8183394479769817,6.843109130859375,0.2385800610966174,0.8052707495936442,Hammer,2021-10-22,138.36460876464844,2021-10-29,144.05088806152344,Profit target (+1%),1,0.04109634210397761,0.04102258687837832,4102.258683735574,104102.25868373556
SWKS,2022-05-13,90.54954528808594,0.7169903128172308,7.722267150878906,0.3325775336824831,0.7951690947285275,Hammer,2022-05-20,90.23452758789062,2022-06-03,95.83079528808594,Profit target (+1%),2,0.062019138901618476,0.06190488635652983,6444.438486830282,110546.69717056585
SWKS,2023-04-28,94.87470245361328,6.950349107479411,5.823280334472656,0.17538377688599957,0.9243683010316114,Hammer,2023-05-05,94.80303192138672,2023-06-23,97.62124633789062,RSI > 90,7,0.02972704943488358,0.029620005389758897,3274.393762737811,113821.09093330367
SWKS,2025-02-14,61.978492736816406,3.975289165762163,2.697986602783203,0.37979190143384123,0.4313282528562546,Hammer,2025-02-21,62.326316833496094,2025-02-28,63.41926193237305,Profit target (+1%),1,0.01753585250026468,0.017374012838037536,1977.529093137127,115798.6200264408
SYF,2025-02-28,59.35325622558594,3.887874308312533,3.2474098205566406,0.39156620137227194,0.8417111991973056,Hammer,2025-03-07,58.69790267944336,2025-05-16,58.51327133178711,RSI > 90,10,-0.00314545050552395,-0.0033155319204411587,-331.5531917125627,99668.44680828742
SYK,2005-03-18,37.780792236328125,9.40648960732041,2.0918655395507812,0.2813684191330671,1.1069746956298803,Hammer,2005-03-24,37.62171173095703,2005-04-29,38.56026840209961,Profit target (+1%),5,0.024947208087033657,0.024678124354369713,2467.812432969159,102467.81243296916
SYK,2011-08-12,40.34053421020508,1.045990569196377,3.2412033081054688,0.3051283922312637,1.4250234608102426,Hammer,2011-08-19,40.73945236206055,2011-10-21,41.48140335083008,Profit target (+1%),9,0.01821210020634667,0.017964433102826253,1840.7761598042466,104308.5885927734
SYK,2022-01-28,237.61715698242188,9.959859442816608,16.750595092773438,0.3752144125301635,1.243259837636497,Hammer,2022-02-04,236.2778778076172,2022-02-11,238.04763793945312,Profit target (+1%),1,0.007490164327939919,0.007447683675449153,776.857371694683,105085.44596446808
SYK,2022-05-13,223.72254943847656,1.368475852068812,11.969207763671875,0.25881358568307045,0.786238105918063,Hammer,2022-05-20,222.4757537841797,2022-06-03,224.854248046875,Profit target (+1%),2,0.010691026874787735,0.010645838898014858,1118.7227271450502,106204.16869161313
SYK,2024-08-09,322.4805603027344,5.345024604549593,15.542205810546875,0.1835448381757241,1.1501497208634286,Hammer,2024-08-16,321.7870788574219,2024-08-23,331.43206787109375,Profit target (+1%),1,0.02997320168329498,0.02994165999325566,3179.929105650719,109384.09779726385
SYY,1990-01-19,1.633878231048584,0.0,0.07746827602386475,0.36363566417532633,,Hammer,1990-01-26,1.6437548398971558,1990-04-06,1.650809645652771,RSI > 90,10,0.00429188440050865,-0.001786314237336032,-178.63142355497178,99821.36857644502
SYY,1999-04-09,6.786435604095459,4.847696398763688,0.5549654960632324,0.19999965631221286,1.3474193037437598,Hammer,1999-04-16,6.738867282867432,1999-04-23,7.166983604431152,Profit target (+1%),1,0.06352941875738427,0.061999488427942645,6188.873779727828,106010.24235617284
SYY,2004-08-20,17.275434494018555,5.2559477760143665,1.6163520812988281,0.3523495635058305,2.0543403365794703,Hammer,2004-08-27,17.210346221923828,2004-09-03,17.627994537353516,Profit target (+1%),1,0.024267281438978605,0.023679356207808637,2510.2542879176854,108520.49664409051
SYY,2005-02-25,18.926198959350586,3.924914850424429,0.3719596862792969,0.26470407252812617,0.5404813440492572,Hammer,2005-03-04,18.87150001525879,2005-04-08,19.444416046142578,Profit target (+1%),5,0.030358796620329587,0.02982099597005574,3236.1892898556816,111756.6859339462
SYY,2011-08-12,19.332887649536133,6.56203899456213,1.3478851318359375,0.3529405105564046,1.7854586488037127,Hammer,2011-08-19,19.213956832885742,2011-11-04,18.564041137695312,RSI > 90,11,-0.0338251876405834,-0.03433670729002534,-3837.3566087798463,107919.32932516634
SYY,2013-08-30,22.71763801574707,3.633634105046795,0.6598186492919922,0.3010739011664041,0.7925409183049682,Hammer,2013-09-06,22.887910842895508,2013-09-20,23.46259307861328,Profit target (+1%),2,0.02510854921021144,0.024666248848516942,2661.9650300376397,110581.294355204
SYY,2022-12-23,70.93525695800781,5.103187037301595,3.370086669921875,0.3719698273129828,0.790763558454253,Hammer,2022-12-30,71.04426574707031,2023-01-13,72.28739929199219,Profit target (+1%),2,0.017498013834749804,0.01735603502662125,1919.252816198782,112500.54717140277
SYY,2024-05-31,68.85964965820312,6.995136583286012,2.2032852172851562,0.3261793212345346,0.902638907586402,Hammer,2024-06-07,68.54759216308594,2024-06-28,69.2000732421875,Profit target (+1%),3,0.009518657891719906,0.0093720902277935,1054.3652777121602,113554.91244911493
T,1990-01-19,1.8876756429672241,0.0,0.10112547874450684,0.333334119216977,,Hammer,1990-01-26,1.891889214515686,1990-03-09,1.9298112392425537,Profit target (+1%),6,0.020044527150906877,0.014719902729794693,1471.990271507479,101471.99027150749
T,2002-06-28,6.190953731536865,4.466597337136889,0.7104372978210449,0.2428567113789898,1.348445689161261,Hammer,2002-07-05,6.201102256774902,2002-07-12,6.434532165527344,Profit target (+1%),1,0.03764329293189972,0.036001647976156674,3653.1588695416485,105125.14914104913
T,2002-07-26,5.37405252456665,5.871864763544778,0.8823680877685547,0.35034802157301426,1.5207437322647919,Hammer,2002-08-02,5.435470104217529,2002-08-09,5.69137716293335,Profit target (+1%),1,0.04708094310320199,0.04519959746221011,4751.614419578609,109876.76356062775
T,2008-09-26,8.188167572021484,6.6766694429802556,0.6223006248474121,0.24122740810951843,1.0331775406683823,Hammer,2008-10-03,8.087179183959961,2009-01-09,7.984723091125488,RSI > 90,14,-0.012668952981489956,-0.01389688615118399,-1526.9448723356604,108349.8186882921
T,2012-10-26,12.146424293518066,6.837593202801926,0.8663492202758789,0.3400812167765812,1.91767005627574,Hammer,2012-11-02,12.18851375579834,2013-01-11,12.363887786865234,Profit target (+1%),10,0.01438846725536691,0.013562459056418782,1469.4899782608704,109819.30866655297
T,2017-05-19,16.909578323364258,0.1694085013905493,0.5792751312255859,0.3969450819375253,1.2082773244401728,Hammer,2017-05-26,16.909578323364258,2017-06-09,17.161630630493164,Profit target (+1%),2,0.014905889567964126,0.014310277353740323,1571.5447642428467,111390.8534307958
T,2021-11-12,14.620227813720703,1.5497521056613834,0.322418212890625,0.3454537387600568,0.6188118290816381,Hammer,2021-11-19,14.637813568115234,2022-01-14,15.784603118896484,RSI > 90,8,0.07834432003419156,0.07763463937399384,8647.788727013449,120038.64215780926
T,2022-03-18,13.88853645324707,9.31430499398364,0.32298946380615234,0.24074123284880372,0.4606764298433541,Hammer,2022-03-25,13.88853645324707,2022-04-01,14.355076789855957,Profit target (+1%),1,0.0335917566389663,0.03285990850099132,3944.4587939443927,123983.10095175366
T,2022-09-09,13.828893661499023,3.8160363528022145,0.44661712646484375,0.36363578127402246,0.6197037635134482,Hammer,2022-09-16,13.861374855041504,2022-10-28,14.404635429382324,RSI > 90,6,0.0391924019097738,0.03845710071417399,4768.03059538916,128751.13154714281
T,2022-12-23,15.131890296936035,8.78738048726649,0.5661020278930664,0.0802913067868821,0.7268211593396808,Hammer,2022-12-30,15.082305908203125,2023-01-13,16.12546157836914,RSI > 90,2,0.06916420317390948,0.06847847299260222,8816.680875601312,137567.81242274414
T,2026-05-01,26.1200008392334,9.275633248404475,1.0149993896484375,0.3448262902328658,0.724499493082846,Hammer,2026-05-08,25.93000030517578,2026-06-22,22.100000381469727,End of data,7,-0.14770535590551315,-0.14806245916795757,-20368.628589299173,117199.18383344497
TAP,1999-06-04,13.120219230651855,2.721591901552941,0.6255998611450195,0.13888799964633552,0.5483948574621571,Hammer,1999-06-11,13.658929824829102,1999-06-18,14.31928539276123,Profit target (+1%),1,0.04834606930418084,0.04759652429935278,4759.6524251756255,104759.65242517563
TAP,2003-02-21,14.126982688903809,1.4039726955790144,0.5911722183227539,0.3743847688860425,0.5305611624902559,Hammer,2003-02-28,14.1823148727417,2003-04-11,14.711674690246582,Profit target (+1%),6,0.03732534654989994,0.03660733705873667,3834.971902649533,108594.62432782516
TAP,2004-05-21,19.113500595092773,9.784336515590383,0.26711273193359375,0.3333309531290166,0.3885167877340608,Hammer,2004-05-28,19.202537536621094,2004-06-10,19.55234146118164,Profit target (+1%),2,0.01821654684405316,0.01769117586846713,1921.1665954325076,110515.79092325768
TAP,2007-05-18,28.633567810058594,8.835142997489626,1.2443923950195312,0.25376751172557555,1.1709024030907422,Hammer,2007-05-25,28.561655044555664,2007-07-06,29.087331771850586,Profit target (+1%),6,0.01840498131060242,0.01805170141518555,1994.998057414723,112510.7889806724
TAP,2008-01-25,27.774473190307617,0.8634292858499748,5.054498672485352,0.3487499872642134,2.3493142642028033,Hammer,2008-02-01,27.755517959594727,2008-02-08,28.9622802734375,Profit target (+1%),1,0.04347828477204163,0.04311022998867143,4850.365984313301,117361.1549649857
TAP,2012-05-25,27.71619987487793,8.544508437901882,0.8918247222900391,0.2890628842982807,0.7626900895905536,Hammer,2012-06-01,27.778905868530273,2012-07-06,29.38896369934082,Profit target (+1%),5,0.05795972809118166,0.05758937704373915,6758.755796808504,124119.91076179422
TAP,2014-02-07,38.358001708984375,6.749275751238386,1.2720108032226562,0.1311860848702954,0.8808171037132475,Hammer,2014-02-14,38.47510528564453,2014-02-21,39.982784271240234,Profit target (+1%),1,0.03918583131618436,0.03892086506723861,4830.8542940866355,128950.76505588085
TAP,2015-08-28,51.0931510925293,7.831744835120858,3.2494468688964844,0.3887603410567688,1.300864715392684,Hammer,2015-09-04,51.024662017822266,2015-09-18,52.77494812011719,Profit target (+1%),2,0.03430274759455676,0.03410342207806753,4397.662363592764,133348.4274194736
TAP,2020-03-13,36.23140335083008,1.0832891320940234,8.240598678588867,0.3553715622480729,2.5784992835138647,Hammer,2020-03-20,31.92381477355957,2020-04-03,32.48567199707031,Profit target (+1%),2,0.017599939966325362,0.017283987126504235,2304.7925005529733,135653.21992002655
TAP,2021-10-29,37.80640411376953,4.831219168364171,2.1780052185058594,0.3582671717888225,0.9824930610614245,Hammer,2021-11-05,37.82355499267578,2021-11-12,40.018707275390625,Profit target (+1%),1,0.05803664629461491,0.057764624716379435,7835.957332412865,143489.1772524394
TDG,2020-03-20,251.42852783203125,0.31386630744198385,134.2874755859375,0.36590943592438024,2.9427373906355565,Hammer,2020-03-27,250.23997497558594,2020-04-03,301.7208557128906,Profit target (+1%),1,0.20572604653723814,0.20568197520180465,20568.197499612266,120568.19749961226
TDG,2021-01-29,459.85382080078125,2.7340504252925655,46.768341064453125,0.36182655195252217,1.4279891839715966,Hammer,2021-02-05,464.9902648925781,2021-02-12,504.3946533203125,Profit target (+1%),1,0.0847423944173058,0.08471997760414857,10214.534981725177,130782.73248133743
TDY,2022-05-13,400.95001220703125,2.0116930046253145,30.6400146484375,0.14164472137783213,1.2293123133169006,Hammer,2022-05-20,398.1400146484375,2022-06-10,407.8599853515625,Profit target (+1%),3,0.02441344839881987,0.02438802533217427,2438.8025307786247,102438.80253077862
TDY,2025-10-31,526.8200073242188,5.01582069575737,21.40997314453125,0.3909390759476711,0.876082665653698,Hammer,2025-11-07,521.5599975585938,2026-01-16,545.739990234375,RSI > 90,10,0.046360903422361766,0.04634092699883182,4747.10906563187,107185.91159641049
TECH,2022-05-13,90.17453002929688,1.0996494963900147,9.120506286621094,0.11129848934662714,1.1239508038679034,Hammer,2022-05-20,89.3555908203125,2022-06-03,93.69550323486328,Profit target (+1%),2,0.04856900810244791,0.048454384363431954,4845.438431497756,104845.43843149777
TECH,2023-11-03,57.87284469604492,0.6358339240274944,8.71246337890625,0.2160631720900907,1.5990213414500665,Hammer,2023-11-10,57.87284469604492,2023-11-24,60.31059646606445,Profit target (+1%),2,0.042122549579563406,0.04194613297660392,4397.860698040084,109243.29912953786
TEL,2016-07-01,47.49497604370117,9.523407870188848,2.4825782775878906,0.282828795023917,1.0577958986531764,Hammer,2016-07-08,47.16061782836914,2016-07-15,48.3392219543457,Profit target (+1%),1,0.024991278321794708,0.024776610161855457,2477.661013707884,102477.6610137079
TER,2002-09-27,9.02275562286377,1.326674657121032,1.177281379699707,0.22656218989703264,0.4104293238287688,Hammer,2002-10-04,8.783620834350586,2002-10-25,9.427445411682129,Profit target (+1%),3,0.07329831164998635,0.07211877600342259,7211.877593130383,107211.87759313037
TER,2004-02-27,22.671857833862305,5.729166477212672,2.0878353118896484,0.193832236917233,0.9093972097986074,Hammer,2004-03-05,22.671857833862305,2004-04-08,23.324880599975586,Profit target (+1%),5,0.028803231340747804,0.02835590233992139,3040.0895276703213,110251.96712080069
TER,2013-08-23,14.624037742614746,5.011270555660019,0.4690732955932617,0.23529507440140365,0.48900216818250397,Hammer,2013-08-30,14.596445083618164,2013-09-20,14.982741355895996,Profit target (+1%),3,0.026465092703385595,0.025771166492281734,2841.3217979304045,113093.2889187311
TER,2025-01-31,115.19622802734375,9.085978243949114,24.493751525878906,0.38992663010891015,2.2156401303912463,Hammer,2025-02-07,112.002685546875,2025-02-28,115.64752197265625,Profit target (+1%),3,0.032542402068170384,0.032451669794213114,3670.066064262137,116763.35498299323
TFC,2000-01-07,10.006047248840332,5.256420379616188,0.9351444244384766,0.2,1.1312307351224138,Hammer,2000-01-14,10.052803993225098,2000-01-21,10.933856010437012,Profit target (+1%),1,0.08764241477359769,0.08660459259284149,8660.459250623688,108660.4592506237
TFC,2001-03-23,12.91623592376709,5.00826813731328,1.931218147277832,0.39637802717887005,2.373538970871683,Hammer,2001-03-30,12.885149955749512,2001-04-06,13.666184425354004,Profit target (+1%),1,0.06061508576048702,0.059815787423061,6499.610925327877,115160.07017595158
TFC,2003-03-14,13.244078636169434,8.114977632481029,0.8295602798461914,0.28855662482454014,1.1994116646652802,Hammer,2003-03-21,13.211060523986816,2003-03-28,13.640286445617676,Profit target (+1%),1,0.03248989139452729,0.031720944442557235,3652.9861843993667,118813.05636035095
TFC,2003-12-19,15.996543884277344,5.9070482249006915,0.3645210266113281,0.25581066797827473,0.7802345025661258,Hammer,2003-12-26,15.992304801940918,2004-01-02,16.115224838256836,Profit target (+1%),1,0.007686198946195599,0.007058691305438902,838.6646870647669,119651.7210474157
TFC,2009-02-06,10.212952613830566,1.795169586847095,1.9448118209838867,0.31491705663215946,0.7695009108709907,Hammer,2009-02-13,10.438593864440918,2009-04-17,10.828463554382324,RSI > 90,9,0.03734887045174706,0.036373464429214596,4352.147615060336,124003.86866247604
TFC,2010-08-27,12.908987045288086,5.105226952485694,0.9261293411254883,0.3987737831795757,0.812867589605596,Hammer,2010-09-03,12.84080696105957,2010-09-10,13.261258125305176,Profit target (+1%),1,0.03274335993996691,0.03195215103962208,3962.1903370387035,127966.05899951476
TFC,2023-08-25,25.105751037597656,6.447201602148937,1.2374229431152344,0.3943671524093433,0.5339605272513388,Hammer,2023-09-01,25.419464111328125,2023-09-08,26.874744415283203,Profit target (+1%),1,0.057250628793017455,0.0568460478705279,7274.364708414849,135240.4237079296
TGT,1991-11-08,2.6107656955718994,7.915689502573457,0.2088613510131836,0.22499965754519263,1.3462283467855163,Hammer,1991-11-15,2.6107656955718994,1992-01-24,2.782883882522583,RSI > 90,10,0.06592632469570603,0.061977335059147445,6197.733499717011,106197.73349971703
TGT,1993-04-30,3.076317071914673,6.680143400052344,0.12952899932861328,0.16666605311402508,0.7792583735378746,Hammer,1993-05-07,3.087110996246338,1993-05-21,3.142077684402466,Profit target (+1%),2,0.017805219256114446,0.014542391334177531,1544.368997811211,107742.10249752825
TGT,1996-07-19,4.336775302886963,3.3878388174891683,0.6386148929595947,0.17272661090256092,2.48798471868127,Hammer,1996-07-26,4.214857578277588,1996-08-09,4.493525981903076,Profit target (+1%),2,0.06611573426862183,0.06366764722309669,6859.686166027666,114601.78866355591
TGT,2006-03-10,32.145565032958984,6.185472085252286,0.7416820526123047,0.38211158400946366,0.573237311506909,Hammer,2006-03-17,32.229984283447266,2006-05-12,33.16462326049805,RSI > 90,8,0.028999051592178304,0.028684331561023423,3287.275700224498,117889.06436378042
TGT,2014-02-07,38.66604995727539,2.313526718727047,1.5169868469238281,0.24434391415976603,1.0521125806696243,Hammer,2014-02-14,38.67291259765625,2014-03-07,42.840850830078125,RSI > 90,3,0.10777409697025164,0.10750161922321101,12673.265295142472,130562.32965892288
TGT,2016-01-22,50.812557220458984,8.120674191902125,2.9881134033203125,0.2048764483299205,1.0773390973175934,Hammer,2016-01-29,50.84899139404297,2016-02-05,51.92763137817383,Profit target (+1%),1,0.02121261316221945,0.021013886124502612,2743.621924858754,133305.95158378163
TGT,2016-06-17,49.98164749145508,2.538878477872302,1.6031112670898438,0.27251657362592385,0.6016079914672301,Hammer,2016-06-24,50.43333435058594,2016-07-01,51.12937545776367,Profit target (+1%),1,0.01380121136427781,0.013601581337107656,1813.1717413741694,135119.1233251558
TGT,2021-12-23,191.2342987060547,2.0559471159898806,6.51983642578125,0.14930350773724269,0.6837956993599148,Hammer,2021-12-31,192.17745971679688,2022-01-07,199.93896484375,Profit target (+1%),1,0.04038717723915641,0.0403340926033306,5449.907227227774,140569.03055238357
TGT,2022-02-25,173.1270294189453,0.6901637239184737,16.667877197265625,0.2064648014456958,1.647387135462017,Hammer,2022-03-04,171.51065063476562,2022-03-11,194.74835205078125,Profit target (+1%),1,0.13548838704775634,0.13542613359219258,19036.72029147538,159605.75084385893
TGT,2025-04-17,88.19754028320312,7.587169140455259,5.5697784423828125,0.3911569471345484,0.6554348012338902,Hammer,2025-04-25,87.75233459472656,2025-05-02,91.39920806884766,Profit target (+1%),1,0.041558705998691936,0.04144238758978492,6614.4433814154,166220.19422527435
TGT,2025-09-26,85.07913208007812,1.8182257687616215,2.2176666259765625,0.32311455444931436,0.37434774515420627,Hammer,2025-10-03,85.57305145263672,2025-10-24,88.20726013183594,Profit target (+1%),3,0.030783157015935148,0.030664506081347163,5097.060151566573,171317.2543768409
TJX,1993-01-29,0.5494734048843384,7.9444599140845895,0.020445525646209717,0.37499963558869914,0.7454302443207261,Hammer,1993-02-05,0.5520290732383728,1993-02-12,0.5852530598640442,RSI > 90,1,0.060185211678742245,0.041692593333872485,4169.25932921799,104169.25932921798
TJX,1993-09-10,0.5463146567344666,6.618065242016641,0.05153912305831909,0.20000046259727552,1.2228947287912948,Hammer,1993-09-17,0.5463146567344666,1993-09-24,0.5514686107635498,Profit target (+1%),1,0.009434039459769172,-0.008789982112249179,-915.6459252344259,103253.61340398355
TJX,1996-07-26,0.6528927087783813,4.204337997118756,0.07533377408981323,0.14814806023620708,1.5287930072061984,Hammer,1996-08-02,0.6528927087783813,1996-08-09,0.6975349187850952,Profit target (+1%),1,0.06837602780132634,0.052656321531575775,5436.955461260224,108690.56886524378
TJX,1997-02-07,0.892518937587738,9.017689152761406,0.05051994323730469,0.3333333333333333,0.7873183151920511,Hammer,1997-02-14,0.892518937587738,1997-02-21,0.9374255537986755,Profit target (+1%),1,0.050314468768930753,0.038892345051521594,4227.231103926,112917.79996916978
TJX,2021-10-15,60.050697326660156,7.255227098271163,2.0996742248535156,0.27555653259256163,0.6420160429946569,Hammer,2021-10-22,59.70541763305664,2021-11-05,61.151859283447266,Profit target (+1%),2,0.024226304877060123,0.02405680126402912,2716.44107031327,115634.24103948305
TJX,2022-03-11,57.75301742553711,5.6773498184502245,4.785331726074219,0.3104119268585495,1.169600880521438,Hammer,2022-03-18,57.8564338684082,2022-03-25,59.069217681884766,Profit target (+1%),1,0.020961952411982177,0.02078731433120029,2403.7253135337896,118037.96635301685
TKO,2025-08-08,160.7913818359375,3.2824957577044103,15.750259399414062,0.3122855933246077,1.50272544151951,Hammer,2025-08-15,161.69732666015625,2025-08-22,185.241455078125,RSI > 90,1,0.14560616989946973,0.14553982557981085,14553.982543427104,114553.9825434271
TMO,1998-05-29,28.41890525817871,2.7226666369557933,1.0113487243652344,0.20000075437822262,0.5445710795886202,Hammer,1998-06-05,28.115501403808594,1998-07-10,28.469472885131836,Profit target (+1%),5,0.012589904630877058,0.012232053631755621,1223.2053619523567,101223.20536195236
TMO,1999-09-03,12.844131469726562,2.876459850070603,0.5562419891357422,0.3636358960467166,0.6162257949612177,Hammer,1999-09-10,12.844131469726562,1999-12-10,12.742997169494629,RSI > 90,13,-0.007873969561142058,-0.008649168272094802,-875.4965353408384,100347.70882661153
TMO,2001-03-23,17.33856773376465,1.0294461591562083,2.8722305297851562,0.38591490932852374,1.4691387851869728,Hammer,2001-03-30,17.850309371948242,2001-04-06,18.163827896118164,Profit target (+1%),1,0.017563758567827215,0.016998782706435147,1705.788895726405,102053.49772233794
TMO,2001-07-13,17.565107345581055,1.456669630124253,1.4239788055419922,0.2613642299835917,0.8214493761774088,Hammer,2001-07-20,17.476110458374023,2001-08-03,17.85637664794922,Profit target (+1%),2,0.02175920039421486,0.021180930722729203,2161.588063107454,104215.08578544538
TMO,2004-07-30,24.308902740478516,1.6665746730591309,2.2305221557617188,0.3983056789768743,1.532891546393684,Hammer,2004-08-06,24.034814834594727,2004-08-27,24.705860137939453,Profit target (+1%),3,0.027919720121115876,0.027497936564529715,2865.6998151295,107080.78560057488
TMO,2005-09-02,26.21807861328125,6.981504573479015,0.6237907409667969,0.36363691957706257,0.6053235186472669,Hammer,2005-09-09,26.25588607788086,2005-09-16,28.1178035736084,Profit target (+1%),1,0.07091428909329789,0.07051999274645127,7551.336216285506,114632.1218168604
TMO,2011-08-12,50.69710922241211,5.2402139474280744,4.943061828613281,0.30783905466455314,1.5417910849342038,Hammer,2011-08-19,51.13187026977539,2012-01-20,46.982723236083984,RSI > 90,22,-0.08114600564775376,-0.08133362506836252,-9323.446007319937,105308.67580954047
TMO,2022-01-28,564.5755615234375,4.531478237172038,32.83636474609375,0.18394917387093837,1.0385082030198989,Hammer,2022-02-04,566.5198364257812,2022-02-11,590.1084594726562,Profit target (+1%),1,0.04163777070137109,0.041618383525937976,4382.776854462587,109691.45266400305
TMO,2022-05-13,534.6637573242188,6.868048706787661,39.26385498046875,0.33199181096193214,1.0877744124537834,Hammer,2022-05-20,530.6347045898438,2022-05-27,552.1921997070312,Profit target (+1%),1,0.04062586734474971,0.040606639365296994,4454.201255328517,114145.65391933158
TMO,2023-06-02,514.8289184570312,8.868961791626774,25.239593505859375,0.27529378478473515,0.8399911919981987,Hammer,2023-06-09,518.7088623046875,2023-06-23,507.10943603515625,Profit target (+1%),2,-0.022362113147621154,-0.02238117604559401,-2554.713972653294,111590.93994667829
TMO,2024-11-22,510.0553894042969,3.164368230126584,23.552032470703125,0.2531639008853869,0.9009194730119698,Hammer,2024-11-29,509.10137939453125,2024-12-06,525.3989868164062,Profit target (+1%),1,0.03201249904539161,0.0319925423862208,3570.0778725922473,115161.01781927054
TMUS,2012-06-22,7.411494255065918,5.494040599907592,0.4522266387939453,0.3055553212398301,0.4325292461140631,Hammer,2012-06-29,7.310999393463135,2012-07-06,7.6250457763671875,Profit target (+1%),1,0.042955328813848004,0.04155910444384673,4155.910440228763,104155.91044022875
TMUS,2012-11-09,12.762843132019043,7.913320227038227,0.6155300140380859,0.2857149497234402,0.4570758273702619,Hammer,2012-11-16,12.787967681884766,2012-11-23,14.270265579223633,Profit target (+1%),1,0.115913484786067,0.11508650173670695,11986.939355780742,116142.84979600948
TMUS,2023-06-09,125.6187744140625,5.606959083249791,6.655799865722656,0.23706855542653563,1.0122737152546537,Hammer,2023-06-16,125.9343490600586,2023-07-07,132.84835815429688,RSI > 90,3,0.054901693984545474,0.05482011099601491,6366.963910843764,122509.81370685324
TMUS,2025-10-10,225.3499298095703,1.5333371449727764,8.6282958984375,0.2802512626798523,0.7629258821501442,Hammer,2025-10-17,225.42872619628906,2026-02-20,218.5575408935547,RSI > 90,18,-0.03048052224165687,-0.030524205134873326,-3739.51468088359,118770.29902596965
TPL,2025-07-25,324.3989562988281,4.969107805286029,32.095306396484375,0.2623516804713136,0.8318870164415361,Hammer,2025-08-01,328.01300048828125,2025-11-21,338.4646911621094,RSI > 90,16,0.031863647655031135,0.03183267582353654,3183.267579170387,103183.26757917038
TPR,2005-10-14,19.607351303100586,6.26451406442348,2.227231979370117,0.3294804964584559,1.5616014297530052,Hammer,2005-10-21,19.607351303100586,2005-10-28,20.276809692382812,Profit target (+1%),1,0.034143234286640345,0.03362464699365084,3362.4646960026193,103362.46469600261
TPR,2006-05-26,19.246875762939453,5.0109907750393035,1.4676551818847656,0.17982413960705626,1.1035705285105266,Hammer,2006-06-02,19.22756576538086,2006-08-25,19.8583984375,RSI > 90,12,0.032808764240710664,0.032280283332588776,3336.5696430050994,106699.03433900772
TPR,2011-08-12,35.931793212890625,4.201514514243129,4.156139373779297,0.23529357773745374,1.4295430344018234,Hammer,2011-08-19,36.21591567993164,2011-09-23,38.72317123413086,Profit target (+1%),5,0.06923076517953586,0.06894512486283814,7356.378237890764,114055.41257689847
TPR,2012-06-29,39.227848052978516,6.104856264808163,2.642913818359375,0.16243663614424442,0.8906553151412242,Hammer,2012-07-06,39.41566848754883,2012-08-03,41.65611267089844,RSI > 90,4,0.05684146100572551,0.05658057737032293,6453.321089357985,120508.73366625645
TPR,2014-02-07,33.02665328979492,0.5484644137884658,2.492971420288086,0.09470748679262606,1.4302184938092593,Hammer,2014-02-14,33.0474853515625,2014-02-21,33.769683837890625,Profit target (+1%),1,0.02185335672730626,0.021547501761299704,2596.6621483289955,123105.39581458546
TPR,2014-06-06,28.201316833496094,0.9148305250575248,1.3939437866210938,0.3372585615219997,0.9061641431503938,Hammer,2014-06-13,28.292991638183594,2015-01-16,27.297527313232422,RSI > 90,31,-0.03518413102726525,-0.03553129627738171,-4374.0942876582885,118731.30152692716
TPR,2023-09-29,27.02349853515625,2.732003319973515,1.0151443481445312,0.32407539625874626,0.44649593825921796,Hammer,2023-10-06,26.90130615234375,2023-11-24,28.668407440185547,RSI > 90,7,0.06568830813770132,0.06530444119282201,7753.681290558752,126484.98281748591
TPR,2024-04-26,38.340171813964844,2.5558677838973978,2.0582122802734375,0.38604720988679414,0.8499429101115665,Hammer,2024-05-03,38.589073181152344,2024-05-24,40.561126708984375,Profit target (+1%),3,0.05110393604361607,0.05083820820421243,6430.269884751311,132915.25270223725
TRGP,2024-01-12,79.39425659179688,8.885053478687254,2.8179244995117188,0.37142717902483,0.7183099070565253,Hammer,2024-01-19,78.968017578125,2024-02-02,82.0748291015625,Profit target (+1%),2,0.03934265565630857,0.039213539236663215,3921.353919744968,103921.35391974497
TROW,2000-10-20,10.376259803771973,7.365454996717588,1.1344308853149414,0.18666674512856682,1.1341072023346597,Hammer,2000-10-27,10.421636581420898,2000-11-10,11.601445198059082,Profit target (+1%),2,0.11320761450667738,0.11219424475987326,11219.4244647679,111219.42446476789
TROW,2001-02-09,9.168451309204102,8.585817171295872,0.6223611831665039,0.39024476204924047,0.6620448813134961,Hammer,2001-02-16,9.168451309204102,2001-08-10,9.461183547973633,RSI > 90,25,0.031928209999398716,0.030820705232920752,3427.861094175845,114647.28555894372
TROW,2002-07-26,6.174560546875,1.5511554636630365,0.9979090690612793,0.18750008959430267,1.3489161410012551,Hammer,2002-08-02,6.276845932006836,2002-08-09,6.31177282333374,Profit target (+1%),1,0.00556440156493343,0.003968083839799091,454.9300406483462,115102.21559959206
TROW,2013-08-23,45.31686782836914,6.485654151461077,0.9053382873535156,0.22068942270013356,0.45133316415800345,Hammer,2013-08-30,45.17326354980469,2013-09-27,46.2225227355957,Profit target (+1%),4,0.023227438164483694,0.02300352213947609,2647.75636220021,117749.97196179228
TROW,2017-02-03,47.372314453125,1.0420149651094732,2.7635574340820312,0.3974684243218994,1.27523856290028,Hammer,2017-02-10,46.66568374633789,2017-02-17,48.77158737182617,Profit target (+1%),1,0.045127456761062446,0.04490835482247979,5287.9575159092565,123037.92947770153
TROW,2020-03-13,82.2033920288086,1.50473743478247,16.722267150878906,0.3437643858691015,2.6949230981540677,Hammer,2020-03-20,70.33969116210938,2020-04-03,74.93505096435547,Profit target (+1%),2,0.06533096359003521,0.06518416282017825,8020.124420111981,131058.05389781352
TROW,2021-10-08,157.75704956054688,1.319658117159534,6.2825164794921875,0.3663241291037109,0.8660206726703518,Hammer,2021-10-15,157.99122619628906,2021-10-22,159.634521484375,Profit target (+1%),1,0.010401180670908339,0.010337558860784394,1354.8203449936805,132412.87424280721
TROW,2021-12-17,157.03453063964844,8.527942871089138,7.52850341796875,0.37648463278393474,0.8630839961823966,Hammer,2021-12-23,154.44381713867188,2021-12-31,159.26791381835938,Profit target (+1%),1,0.03123528522579866,0.031169527671844586,4127.246743692411,136540.12098649962
TROW,2025-01-03,106.04167175292969,6.70906964673479,2.2104263305664062,0.2258762619725602,0.458461644808434,Hammer,2025-01-10,106.88304901123047,2025-02-07,106.59642791748047,Profit target (+1%),4,-0.00268163283515499,-0.002775063222632607,-378.90746778453433,136161.21351871509
TROW,2025-11-21,96.48367309570312,4.949026899941288,5.5210418701171875,0.2369336727220467,1.1069260278673672,Hammer,2025-11-28,96.79146575927734,2025-12-05,97.58018493652344,Profit target (+1%),1,0.008148643798903343,0.008044913325479125,1095.4051599547142,137256.61867866982
TRV,1991-10-11,5.932180881500244,3.551914648635986,0.28906822204589844,0.3478258717957177,1.1358023813965488,Hammer,1991-10-18,5.932180881500244,1991-10-25,6.057862758636475,Profit target (+1%),1,0.021186453961337337,0.019484310726776966,1948.4310707292657,101948.43107072926
TRV,1992-09-18,7.316839218139648,5.659920393093657,0.15512752532958984,0.2500015369198896,0.5584723055679314,Hammer,1992-09-25,7.290984630584717,1992-10-02,7.650372505187988,Profit target (+1%),1,0.049292090549153844,0.04788769334006534,4882.075198733797,106830.50626946305
TRV,1998-08-07,18.1378173828125,9.908809438885655,1.5270671844482422,0.2040823208926049,1.5271852592905064,Hammer,1998-08-14,18.1378173828125,1999-03-12,17.0089054107666,RSI > 90,30,-0.062240783894740415,-0.06277481319548754,-6706.265067938639,100124.2412015244
TRV,2002-07-26,15.093502044677734,0.12362515551662057,3.4379653930664062,0.34959367184396645,1.8343319588578515,Hammer,2002-08-02,16.07178497314453,2002-08-09,16.49104881286621,Profit target (+1%),1,0.02608694929793165,0.02545682114958516,2548.8448984562874,102673.0860999807
TRV,2003-02-21,16.891080856323242,5.903834387336104,0.5692977905273438,0.3499979897881237,0.39539087643015147,Hammer,2003-02-28,16.92523956298828,2003-03-07,17.81903648376465,Profit target (+1%),1,0.052808524065496965,0.05220226905167145,5359.768059596854,108032.85415957756
TRV,2004-03-26,23.360008239746094,1.3648514594907084,0.7112617492675781,0.3553683770172644,0.789223362468255,Hammer,2004-04-02,23.478435516357422,2004-04-08,24.96302032470703,Profit target (+1%),1,0.06323184555100791,0.06279255040526281,6783.658433456021,114816.51259303359
TRV,2008-07-18,28.791366577148438,6.2974360149951,2.450052261352539,0.28074872346603785,1.3176049235229241,Hammer,2008-07-25,28.49657440185547,2008-08-08,28.75861358642578,Profit target (+1%),2,0.009195462615087191,0.008842991654310387,1015.3214616218979,115831.8340546555
TRV,2011-08-12,36.373992919921875,1.090436936277115,2.539703369140625,0.2745100395332909,1.644925835525118,Hammer,2011-08-19,36.452247619628906,2011-10-28,41.010215759277344,RSI > 90,10,0.12503942657280898,0.12474798391526873,14449.787757076454,130281.62181173195
TRV,2014-02-07,61.57497024536133,1.5881213654744357,1.0582237243652344,0.2877721182234046,0.562453098471009,Hammer,2014-02-14,61.917564392089844,2014-02-21,64.01117706298828,Profit target (+1%),1,0.03381290416465266,0.03364868188767403,4383.804843769418,134665.4266555014
TRV,2019-11-01,113.48843383789062,5.561161160715685,2.8389434814453125,0.2568784163652293,0.5907929213388048,Hammer,2019-11-08,113.85306549072266,2019-11-15,115.46788024902344,Profit target (+1%),1,0.014183322612708826,0.014094871113294345,1898.0918302279924,136563.5184857294
TSCO,2014-02-07,11.088509559631348,2.4510048400290003,0.7651271820068359,0.08496635896566596,1.3269226315071532,Hammer,2014-02-14,11.101844787597656,2014-03-07,11.680076599121094,Profit target (+1%),3,0.05208429973452744,0.05116050709180238,5116.050704064186,105116.0507040642
TSCO,2016-08-12,14.783522605895996,2.8858331749572983,0.45018768310546875,0.19176326537529445,0.6409912618753812,Hammer,2016-08-19,14.793784141540527,2016-11-25,12.57042407989502,RSI > 90,14,-0.15029015161863657,-0.1509151049359801,-15863.599806596052,89252.45089746814
TSCO,2018-02-09,11.613081932067871,6.732327134346875,0.7980718612670898,0.3763686921857131,1.0404716116538004,Hammer,2018-02-16,11.674203872680664,2018-05-04,12.030933380126953,RSI > 90,11,0.030557073641748644,0.02968776906594976,2649.7061481643486,91902.15704563248
TSCO,2020-01-10,16.40768814086914,9.23272753040628,0.7029047012329102,0.27110002184386656,0.8421195962714286,Hammer,2020-01-17,16.378925323486328,2020-01-24,16.819364547729492,Profit target (+1%),1,0.02689060579643776,0.02627204505297211,2414.4576079537173,94316.6146535862
TSCO,2026-05-15,30.32379722595215,1.0876596443758473,1.6367111206054688,0.3151514727749887,0.4898901698401566,Hammer,2026-05-22,30.48250961303711,2026-05-29,31.147111892700195,Profit target (+1%),1,0.021802741575412954,0.021471162714555164,2025.08737788806,96341.70203147427
TSLA,2023-01-06,113.05999755859375,2.033159859299829,16.990005493164062,0.33784600572810625,0.5940851235381742,Hammer,2023-01-13,118.95999908447266,2023-01-20,125.69499969482422,Profit target (+1%),1,0.05661567469893036,0.05652923685206258,5652.923679553334,105652.92367955334
TSLA,2023-04-28,164.30999755859375,9.942123914285418,13.279998779296875,0.10090334797166094,0.5246737556724878,Hammer,2023-05-05,163.1699981689453,2023-05-12,173.72000122070312,Profit target (+1%),1,0.06465651265641625,0.0645932475564982,6824.465447476734,112477.38912703008
TSLA,2025-02-14,355.8399963378906,6.642275714257863,37.600006103515625,0.18244720094604477,0.9225077400348031,Hammer,2025-02-21,355.010009765625,2025-05-16,321.989990234375,RSI > 90,12,-0.09301151692328213,-0.09303837478042373,-10464.71347345947,102012.67565357062
TSN,2008-09-26,9.041476249694824,2.02764954436482,1.3394765853881836,0.398936166425663,1.1330072462256668,Hammer,2008-10-03,9.034351348876953,2009-01-09,6.668684482574463,RSI > 90,14,-0.2618524313421309,-0.26281386513398913,-26281.386487117525,73718.61351288248
TSN,2022-12-23,54.354774475097656,5.57650389861422,2.383281707763672,0.267658296025853,0.6877879516239114,Hammer,2022-12-30,54.3636360168457,2023-01-06,55.772342681884766,Profit target (+1%),1,0.0259126645723724,0.025726351946840857,1896.5109943690422,75615.12450725152
TSN,2023-09-08,47.33230972290039,4.929393938991737,1.5277290344238281,0.32737805410939236,0.6236446856716457,Hammer,2023-09-15,47.34140396118164,2023-09-22,49.79668045043945,Profit target (+1%),1,0.051863195507912296,0.05164650923146444,3905.2572219968415,79520.38172924836
TSN,2026-06-12,57.43000030517578,4.188666828540974,3.0849990844726562,0.3760130280915132,0.9155650683554628,Hammer,2026-06-18,57.290000915527344,2026-06-22,55.5099983215332,End of data,1,-0.031070039545272654,-0.03124186343295866,-2484.3649036375537,77036.0168256108
TT,1990-10-19,1.8291336297988892,0.2778726360540702,0.19216573238372803,0.18518513923361185,1.1199015068209592,Hammer,1990-10-26,1.836250901222229,1990-11-23,1.9615707397460938,Profit target (+1%),4,0.06824766617701883,0.0626312462073012,6263.124614466997,106263.12461446699
TT,1997-04-04,5.783318996429443,4.109154189509624,0.35941553115844727,0.36363696668254286,1.260101897774006,Hammer,1997-04-11,5.783318996429443,1997-04-25,6.028375148773193,Profit target (+1%),2,0.04237292677354376,0.04060870737924875,4315.208128358327,110578.33274282533
TT,1997-11-14,7.508958339691162,6.155397109258118,0.7995610237121582,0.14711226913628989,1.3737852424564894,Hammer,1997-11-21,7.657161235809326,1997-11-28,8.052370071411133,Profit target (+1%),1,0.051612970320329854,0.050274175098472554,5559.234456850727,116137.56719967606
TT,2000-10-20,6.637937545776367,5.7311955817284,0.8457603454589844,0.30303074723401185,0.9508926082254529,Hammer,2000-10-27,6.586679458618164,2000-11-03,6.791712284088135,Profit target (+1%),1,0.03112840495095015,0.02958772899901544,3436.246861472713,119573.81406114879
TT,2002-07-05,9.516091346740723,1.3580005235130983,0.7670183181762695,0.23076875255664403,1.1936223566849662,Hammer,2002-07-12,9.556127548217773,2002-11-01,8.467589378356934,RSI > 90,16,-0.11390996660188502,-0.11489629903176127,-13738.588682999387,105835.2253781494
TT,2004-05-14,13.690023422241211,7.739694145364396,1.095383644104004,0.306538521478017,1.3858654454361847,Hammer,2004-05-21,13.403502464294434,2004-06-04,14.176239013671875,Profit target (+1%),2,0.05765183775180649,0.05688454407257897,6020.3885364342805,111855.61391458368
TT,2007-12-21,21.03104019165039,8.427044833705665,1.7464771270751953,0.23622054983470886,1.1949957181472481,Hammer,2007-12-28,21.118133544921875,2008-01-04,21.374834060668945,Profit target (+1%),1,0.012155454704414259,0.01167916281087842,1306.3799249128006,113161.99383949647
TT,2011-08-12,14.80044937133789,1.0770792950488897,1.7581310272216797,0.3490307203447292,1.1928200861883835,Hammer,2011-08-19,14.94168472290039,2011-09-02,15.623509407043457,Profit target (+1%),2,0.045632383281255295,0.044948073542605604,5086.413616239155,118248.40745573562
TT,2014-10-03,36.13825988769531,1.0753332149957515,1.9539375305175781,0.37704822017402917,1.2975979198434258,Hammer,2014-10-10,36.25357437133789,2014-10-31,38.45095443725586,Profit target (+1%),3,0.060611404641392364,0.06032724959112231,7133.60118320129,125382.00863893691
TT,2017-08-04,59.58771514892578,6.5456739773186,2.2570037841796875,0.36227563127471857,1.1326242979088403,Hammer,2017-08-11,59.54041290283203,2017-09-22,60.96019744873047,RSI > 90,6,0.023845728920548037,0.023675787557287813,2968.5177970729774,128350.52643600988
TTD,2025-11-28,39.560001373291016,3.4788146230637835,1.5450019836425781,0.2880253226439645,0.24191388502968697,Hammer,2025-12-05,38.974998474121094,2025-12-12,40.20000076293945,Profit target (+1%),1,0.03143046406099903,0.031169890620313945,3116.989058914405,103116.9890589144
TTWO,2018-10-26,120.05999755859375,5.936468208045383,14.154998779296875,0.3472272228462522,1.5339219526761632,Hammer,2018-11-02,122.3499984741211,2018-11-09,128.61000061035156,Profit target (+1%),1,0.05116470955702179,0.05108088933164746,5108.088928056657,105108.08892805666
TTWO,2021-03-12,170.25,2.6138024778585276,10.19000244140625,0.1315025785700167,0.7636719419050442,Hammer,2021-03-19,171.77000427246094,2021-04-01,173.1199951171875,Profit target (+1%),2,0.007859293305862769,0.007800848851100224,819.9323139358387,105928.02124199251
TTWO,2022-05-13,109.93000030517578,0.24091150552855822,11.330001831054688,0.2868490268988301,0.9280988021301166,Hammer,2022-05-20,109.80999755859375,2022-05-27,115.01000213623047,Profit target (+1%),1,0.04735456418585238,0.04726134583636906,5006.300840673755,110934.32208266626
TTWO,2022-11-11,102.25,8.400406621686216,19.389999389648438,0.36823102704480765,1.7102987900571798,Hammer,2022-11-18,102.23999786376953,2022-12-09,108.36000061035156,Profit target (+1%),3,0.05985918304435689,0.05975845150608696,6629.26329990838,117563.58538257465
TTWO,2024-03-01,150.33999633789062,4.733280292721645,5.9600067138671875,0.1879209923322111,0.8100376697461501,Hammer,2024-03-08,150.33999633789062,2024-03-28,150.0,Profit target (+1%),3,-0.0022615162044202775,-0.0023279546803408493,-273.682698555333,117289.90268401933
TXN,1994-09-30,2.454242706298828,5.71443820236297,0.14383244514465332,0.3743023519875613,0.6993539407487188,Hammer,1994-10-07,2.481311559677124,1994-10-28,2.5219149589538574,Profit target (+1%),3,0.016363684406490497,0.012308754772755618,1230.8754760446864,101230.87547604469
TXN,1995-11-10,4.660268306732178,1.2444888753033752,0.4924745559692383,0.22222243738828848,0.9588597914669205,Hammer,1995-11-17,4.678508281707764,1996-02-16,3.741929292678833,RSI > 90,13,-0.200187524021451,-0.2021089602266649,-20459.666964838718,80771.20851120597
TXN,1998-06-05,7.596592903137207,5.728854965589775,0.6353855133056641,0.33823489681050656,0.7948083662242735,Hammer,1998-06-12,7.848878383636475,1998-06-26,8.147883415222168,Profit target (+1%),2,0.038095256031621894,0.03679774723629967,2972.1985117936156,83743.4070229996
TXN,2000-07-07,41.10988235473633,9.640116848226967,4.024478912353516,0.3177566107073696,0.6010710894788376,Hammer,2000-07-14,41.22271728515625,2000-07-21,43.89316940307617,Profit target (+1%),1,0.06478107931234112,0.06453066754869306,5404.017952592056,89147.42497559165
TXN,2000-10-13,26.788616180419922,2.2228174854116247,5.229801177978516,0.3021581212011137,0.9222417918683745,Hammer,2000-10-20,27.541105270385742,2000-10-27,29.648075103759766,Profit target (+1%),1,0.07650273337575864,0.07612581934145282,6786.4207616611875,95933.84573725285
TXN,2002-06-14,15.357084274291992,8.047633105228044,1.9105663299560547,0.39556967396002946,0.9349328197607181,Hammer,2002-06-21,15.447774887084961,2002-12-06,12.132229804992676,RSI > 90,24,-0.2146292981563468,-0.2152069842725588,-20645.633610137418,75288.21212711545
TXN,2006-02-03,18.41521453857422,9.37719959978493,1.2460975646972656,0.36945787171253025,1.0185395017586447,Hammer,2006-02-10,18.445905685424805,2006-02-17,18.826486587524414,Profit target (+1%),1,0.020632269761648336,0.02008469982003915,1512.1411390484036,76800.35326616386
TXN,2007-08-17,20.49494743347168,2.717796552140612,1.1768035888671875,0.32105208562944904,0.9746524668996027,Hammer,2007-08-24,20.563077926635742,2007-08-31,21.646974563598633,Profit target (+1%),1,0.05271081697156332,0.05221181292648615,4009.8856734111105,80810.23893957498
TXN,2011-05-27,23.041370391845703,7.625627175279504,0.5906333923339844,0.1797766597128482,0.6306909937163983,Hammer,2011-06-03,23.101099014282227,2011-10-21,20.487747192382812,RSI > 90,20,-0.11312673134224971,-0.11353503766593744,-9174.793512623255,71635.44542695173
TXN,2014-02-07,30.06848907470703,8.035624383994389,1.5553874969482422,0.2534559782015547,1.534291918881779,Hammer,2014-02-14,30.08282470703125,2014-02-21,31.358675003051758,Profit target (+1%),1,0.04241125321327632,0.04207184495211077,3013.8353500642697,74649.28077701601
TXN,2019-05-31,85.73526763916016,4.478905546053753,3.739776611328125,0.3978028479334122,0.8359549435298737,Hammer,2019-06-07,86.33527374267578,2019-06-14,91.85862731933594,Profit target (+1%),1,0.06397563055307653,0.06385610489366632,4766.81229876707,79416.0930757831
TXN,2023-05-05,151.89024353027344,6.461231226135936,6.308441162109375,0.17339331930435625,0.726408012390757,Hammer,2023-05-12,151.89024353027344,2023-05-26,155.5084228515625,Profit target (+1%),2,0.023821012049190182,0.023754393076633414,1886.4810896461754,81302.57416542928
TXN,2025-11-21,157.56568908691406,9.730487349312028,8.332992553710938,0.30011847408310766,0.7432059814493196,Hammer,2025-11-28,157.8770751953125,2025-12-05,164.9200897216797,Profit target (+1%),1,0.04461074869580739,0.044545997496338995,3621.704261597424,84924.27842702671
TXT,1993-10-22,9.444205284118652,5.928865752699238,0.36241817474365234,0.35294179562815936,1.0312469874718524,Hammer,1993-10-29,9.401568412780762,1993-11-05,9.508161544799805,Profit target (+1%),1,0.011337803155709425,0.010268689683668359,1026.8689673399672,101026.86896733996
TXT,1997-10-31,21.569812774658203,2.3467865611334418,2.2619152069091797,0.371134038005051,1.6641775728010257,Hammer,1997-11-07,21.919593811035156,1997-12-12,23.645179748535156,RSI > 90,5,0.07872344498606876,0.0782493829662881,7905.290151805102,108932.15911914506
TXT,1998-09-25,22.962799072265625,9.753012647832435,2.0853729248046875,0.340908924612379,1.2877293440555715,Hammer,1998-10-02,22.962799072265625,1998-10-23,25.45102882385254,RSI > 90,3,0.10835916578620375,0.10790018424444753,11753.800027347428,120685.95914649249
TXT,2003-01-31,16.174333572387695,5.5442045785952985,0.5872440338134766,0.29285609886808384,0.46978630652870773,Hammer,2003-02-07,16.18691635131836,2003-05-16,13.53305435180664,RSI > 90,14,-0.1639510541670015,-0.16451801885048803,-19855.014881996867,100830.94426449561
TXT,2004-03-26,22.973461151123047,9.46817993121509,1.1334152221679688,0.18846047698220908,1.0011595881095554,Hammer,2004-04-02,23.060646057128906,2004-04-08,23.51837158203125,Profit target (+1%),1,0.019848772830058925,0.019410924965787585,1957.2218913904126,102788.16615588604
TXT,2008-09-19,34.008941650390625,8.279846135196209,9.513236999511719,0.2515163374685926,2.1458209195590277,Hammer,2008-09-26,33.611732482910156,2009-04-09,7.031090259552002,RSI > 90,28,-0.7908144049662733,-0.7909942537358775,-81304.84870004961,21483.31745583642
TXT,2014-07-11,37.23301696777344,7.735601350410533,1.6705245971679688,0.2470599518631342,0.9678446356794763,Hammer,2014-07-18,37.46885681152344,2014-07-25,38.00931930541992,Profit target (+1%),1,0.014424312345987289,0.014155535059133986,304.10785312848975,21787.425308964906
TXT,2015-09-04,38.053104400634766,9.318928597427316,2.7862930297851562,0.34982270231787627,1.114521659602303,Hammer,2015-09-11,38.8210563659668,2015-09-18,39.845096588134766,Profit target (+1%),1,0.02637847390123338,0.026117517901118343,569.0334699571363,22356.458778922046
TXT,2017-01-27,47.174034118652344,9.979396499275325,6.241153717041016,0.3496837870496632,2.8620797060245176,Hammer,2017-02-03,46.90740203857422,2017-02-10,47.55916976928711,Profit target (+1%),1,0.01389477358342961,0.013680129407681907,305.83924888732054,22662.298027809364
TYL,2021-05-14,398.95001220703125,6.278541246680987,17.54998779296875,0.24558407729038495,0.6702091041133332,Hammer,2021-05-21,394.8699951171875,2021-05-28,406.1199951171875,Profit target (+1%),1,0.028490389594330257,0.028464704372238834,2846.470434377413,102846.4704343774
TYL,2022-05-13,358.3599853515625,9.65249728933351,30.964996337890625,0.28516026534970795,0.9661183124336099,Hammer,2022-05-20,352.3299865722656,2022-06-03,360.8800048828125,Profit target (+1%),2,0.02426707528850436,0.02423834883282387,2492.8286241203177,105339.29905849772
TYL,2025-01-03,584.1699829101562,5.520106456598256,11.659912109375,0.27873280428819697,0.48747226242666686,Hammer,2025-01-10,582.0599975585938,2025-01-31,588.5,Profit target (+1%),3,0.011064155702880107,0.01104506440290444,1163.4793411993014,106502.77839969702
TYL,2026-05-15,311.8900146484375,7.540399535277132,25.670013427734375,0.3171008910367293,0.8505636873455629,Hammer,2026-05-22,310.6400146484375,2026-06-22,275.2699890136719,End of data,5,-0.1138617820205654,-0.11389214043819713,-12129.829382426655,94372.94901727037
UAL,2019-03-15,81.69000244140625,6.341215774163274,3.32000732421875,0.36746943652909275,0.667476139917931,Hammer,2019-03-22,81.38999938964844,2019-04-12,84.5999984741211,Profit target (+1%),3,0.03943972365824733,0.039314443251652925,3931.4443212338483,103931.44432123384
UAL,2019-08-09,86.9800033569336,9.903688313838558,4.849998474121094,0.39175144211332724,1.1058503447360264,Hammer,2019-08-16,86.23999786376953,2019-09-20,88.30000305175781,RSI > 90,5,0.023886888207516055,0.023769554626535176,2470.4041407378627,106401.84846197169
UAL,2022-03-11,34.869998931884766,5.325237963702236,5.959999084472656,0.273490154111233,1.1264156462594304,Hammer,2022-03-18,34.869998931884766,2022-03-25,41.6150016784668,Profit target (+1%),1,0.19343283490652685,0.19311836423956125,20548.150906493494,126949.9993684652
UAL,2023-10-06,41.81999969482422,1.374737347488562,2.25,0.3466661241319444,0.7120071822345494,Hammer,2023-10-13,40.72999954223633,2023-12-15,40.900001525878906,RSI > 90,9,0.004173876394628628,0.003927874934101307,498.6437199049276,127448.64308837013
UDR,2017-07-14,27.58974266052246,8.892177550344343,0.7374610900878906,0.22549024679160568,0.8712482013645909,Hammer,2017-07-21,27.57528305053711,2017-07-28,28.464574813842773,Profit target (+1%),1,0.03224959691894602,0.03188117256427292,3188.1172532391747,103188.11725323916
UDR,2022-05-13,41.14682388305664,2.767610107041733,2.834217071533203,0.26488041961147984,1.1632714605736576,Hammer,2022-05-20,41.23117446899414,2022-08-05,40.947906494140625,RSI > 90,11,-0.0068702378358523886,-0.0071119103221863504,-733.8646354864225,102454.25261775275
UDR,2022-12-23,33.27858352661133,8.771189191786561,1.0477371215820312,0.19672101304167364,0.49165087582132544,Hammer,2022-12-30,33.3472900390625,2023-01-20,34.997493743896484,RSI > 90,3,0.049485391553585334,0.04917814347719348,5038.509930045961,107492.7625477987
UDR,2024-02-09,32.03127670288086,6.017138829495693,1.3493537902832031,0.3758399886917803,0.7981354635387358,Hammer,2024-02-16,32.08561706542969,2024-02-23,32.384464263916016,Profit target (+1%),1,0.009314054888734491,0.009000986110594167,967.540861714592,108460.3034095133
UDR,2025-01-03,40.26207733154297,6.359945497187752,1.1308517456054688,0.3718990979807452,0.7100229499633888,Hammer,2025-01-10,40.21534729003906,2025-03-07,42.692935943603516,RSI > 90,8,0.061608038237136675,0.06135174904806386,6654.229309803097,115114.5327193164
UHS,2014-10-17,98.3908920288086,8.092402962995507,7.61907958984375,0.23000096129967718,1.4182309767479444,Hammer,2014-10-24,98.05755615234375,2014-10-31,103.19091796875,Profit target (+1%),1,0.05235049717566875,0.05224585221342717,5224.585216118132,105224.58521611812
UHS,2017-06-09,109.01607513427734,3.176619857668186,4.6420440673828125,0.3933752107842654,0.9182058783948318,Hammer,2017-06-16,109.04490661621094,2017-06-23,110.49615478515625,Profit target (+1%),1,0.013308720360988957,0.013216409015531049,1390.6911553151276,106615.27637143325
UHS,2017-08-11,103.40332794189453,4.86545520892831,3.3926315307617188,0.24645868143087485,0.6492098344522955,Hammer,2017-08-18,103.9030990600586,2017-09-08,104.87576293945312,Profit target (+1%),3,0.009361259560047408,0.009264570212550212,987.7447126858444,107603.0210841191
UHS,2024-10-11,212.73680114746094,9.174878281312829,8.049713134765625,0.24907590996804072,0.6867179043305822,Hammer,2024-10-18,212.43902587890625,2024-10-25,234.10675048828125,Profit target (+1%),1,0.1019950290194136,0.10194555728161522,10969.649938636267,118572.67102275537
UHS,2025-01-03,177.73703002929688,7.687934666514565,7.8788909912109375,0.39596514773865066,0.6349408416730318,Hammer,2025-01-10,178.5120086669922,2025-01-17,180.57859802246094,Profit target (+1%),1,0.011576752572001414,0.011520411252829906,1366.0059321626436,119938.676954918
ULTA,2019-05-31,333.3800048828125,7.581703109837818,34.459991455078125,0.14857795666786222,1.7450144367212963,Hammer,2019-06-07,333.8900146484375,2019-06-14,339.1099853515625,Profit target (+1%),1,0.015633802971380506,0.015603619325106217,1560.3619309502596,101560.36193095025
ULTA,2023-06-02,422.3999938964844,5.843081774485896,21.769989013671875,0.28112072602995125,0.7774723815254123,Hammer,2023-06-09,421.3399963378906,2023-06-23,447.7699890136719,Profit target (+1%),2,0.06272842100322684,0.06270394309985873,6368.235149351129,107928.59708030138
UNH,1997-12-26,4.532047271728516,3.2314175456155567,0.21495866775512695,0.24999944543157623,0.614326948154329,Hammer,1998-01-02,4.538018226623535,1998-01-09,4.747005939483643,Profit target (+1%),1,0.04605263849184715,0.043800773612127794,4380.0773568327,104380.07735683271
UNH,2006-04-13,41.06120300292969,4.501015042629703,2.2410964965820312,0.1027387700216174,1.0841419204560354,Hammer,2006-04-21,40.700477600097656,2006-07-21,36.318058013916016,RSI > 90,13,-0.10767489338186842,-0.10790733447065871,-11263.375908153605,93116.7014486791
UNH,2008-02-15,36.66047286987305,1.715882974123943,3.5708236694335938,0.19569903960173918,1.619218980140326,Hammer,2008-02-22,37.00603485107422,2008-08-15,23.880081176757812,RSI > 90,25,-0.3546976520759393,-0.35491992394087696,-33048.97256274157,60067.72888593754
UNH,2008-10-03,18.530696868896484,7.99097203262663,3.8429489135742188,0.3780000317647503,1.543013763072056,Hammer,2008-10-10,18.269376754760742,2008-10-24,18.922677993774414,Profit target (+1%),2,0.035759361021630465,0.035202362720582706,2114.5259779298713,62182.254863867405
UNH,2022-05-20,449.2754821777344,7.176803085846814,29.81109619140625,0.31492347852792135,1.2752506929181042,Hammer,2022-05-27,449.79345703125,2022-06-03,465.82281494140625,Profit target (+1%),1,0.03563715225195585,0.035604415627042384,2213.9628451584576,64396.21770902586
UNH,2023-01-20,454.611328125,4.025253541344426,16.990020751953125,0.34194554262486776,0.7035211566436932,Hammer,2023-01-27,454.5739440917969,2023-02-17,461.4110412597656,Profit target (+1%),3,0.015040671065361444,0.015009379776147894,966.5472870088124,65362.764996034675
UNH,2025-11-21,313.59014892578125,5.8735189785365804,22.88446044921875,0.33875777126412565,0.825601697792678,Hammer,2025-11-28,318.0543212890625,2025-12-05,320.63677978515625,Profit target (+1%),1,0.00811955167163636,0.008087983353758876,528.6529547149289,65891.4179507496
UNP,1994-03-04,5.2262983322143555,5.8272174007801425,0.27391481399536133,0.36000041779747616,1.0910391186250277,Hammer,1994-03-11,5.237255096435547,1994-03-25,5.284035682678223,Profit target (+1%),2,0.008932271844943163,0.007016176352746434,701.6176345730257,100701.61763457302
UNP,1998-06-05,6.741457462310791,0.6410380345967326,0.4873342514038086,0.3518513445021301,1.0042431808788062,Hammer,1998-06-12,6.707015514373779,1998-06-19,6.815777778625488,Profit target (+1%),1,0.01621619392688456,0.014714248505565844,1481.7486253058305,102183.36625987884
UNP,1998-08-21,5.592200756072998,9.893549454476158,0.20846128463745117,0.21739120489506492,0.5095238335809145,Hammer,1998-08-28,5.592200756072998,1998-09-04,6.0091233253479,Profit target (+1%),1,0.07455429221172616,0.07270108524040132,7428.841613181758,109612.2078730606
UNP,1999-12-17,6.5890655517578125,3.011009885845894,0.3066844940185547,0.30303002033695914,0.6214350449003563,Hammer,1999-12-23,6.691293239593506,2000-01-21,6.774934768676758,Profit target (+1%),4,0.012500054337527988,0.010997357261451462,1205.4446089910853,110817.6524820517
UNP,2000-02-04,5.994283676147461,9.085580139085437,0.3717384338378906,0.3249994869111022,0.720691478507997,Hammer,2000-02-11,5.984990119934082,2000-04-14,6.056711673736572,Profit target (+1%),9,0.01198357096089575,0.010304116128186424,1141.8779590861895,111959.53044113787
UNP,2002-07-26,8.829017639160156,3.202407441184434,0.8860006332397461,0.3006999706147966,1.730427806144609,Hammer,2002-08-02,8.98391342163086,2002-08-16,9.352563858032227,Profit target (+1%),2,0.04103450457500579,0.039899197998538215,4467.095468427231,116426.62590956512
UNP,2003-03-14,8.331802368164062,6.694984768396708,0.5906519889831543,0.395224943831654,1.397933962550747,Hammer,2003-03-21,8.331802368164062,2003-03-28,8.977289199829102,Profit target (+1%),1,0.07747265275175685,0.07622668783558877,8874.816060084475,125301.4419696496
UNP,2015-12-11,61.135066986083984,7.765656830783854,3.0377731323242188,0.3489591050991167,0.7259551752558445,Hammer,2015-12-18,61.309104919433594,2015-12-31,62.09227752685547,Profit target (+1%),2,0.012774164758253104,0.012610028450025026,1580.0547464863866,126881.496716136
UNP,2019-08-16,142.3689422607422,4.585240381890287,7.71575927734375,0.3773583039987343,1.1654189038686433,Hammer,2019-08-23,144.68109130859375,2019-09-20,145.45191955566406,Profit target (+1%),4,0.005327774625546677,0.005258475366837997,667.203224322134,127548.69994045813
UNP,2020-03-13,125.3580322265625,0.910473593995917,19.171890258789062,0.1431812990419826,2.084525627414394,Hammer,2020-03-20,111.58911895751953,2020-04-03,119.85916900634766,Profit target (+1%),2,0.0741116170294025,0.0740186859844511,9440.987159176762,136989.6870996349
UPS,2003-02-14,28.658676147460938,1.6873391151927706,1.2434959411621094,0.26562466446813404,1.2456312807387508,Hammer,2003-02-21,28.658676147460938,2003-03-28,29.180309295654297,Profit target (+1%),5,0.018201578660135498,0.017849530031013958,1784.9530013164426,101784.95300131645
UPS,2004-03-12,34.1091423034668,8.824163549277088,0.836029052734375,0.3786959299142179,1.0102564252655355,Hammer,2004-03-19,34.01020431518555,2004-04-08,34.86107635498047,Profit target (+1%),3,0.02501813961214605,0.02472047593785954,2516.172478989035,104301.12548030548
UPS,2011-08-12,38.560394287109375,5.684733641737537,3.0812835693359375,0.33973060638324215,1.6686294823463668,Hammer,2011-08-19,38.94481658935547,2011-09-23,39.079647064208984,Profit target (+1%),5,0.00346209037970846,0.003204905331637142,334.27523281331037,104635.40071311878
UPS,2012-08-03,46.17900466918945,5.69202996928253,1.4811935424804688,0.3045255301504561,0.917137898488083,Hammer,2012-08-10,46.31919479370117,2012-08-24,46.918331146240234,Profit target (+1%),2,0.012934947492233562,0.012717681444064089,1330.7196927107216,105966.1204058295
UPS,2014-02-07,60.704307556152344,8.764526337985188,1.7376823425292969,0.3003668310930513,0.9589434513662888,Hammer,2014-02-14,60.627925872802734,2014-02-21,61.837303161621094,Profit target (+1%),1,0.01994752865792626,0.01978095682425814,2096.111250485742,108062.23165631524
UPS,2016-01-22,60.483436584472656,0.9954372855272453,2.7920570373535156,0.37349249440854954,1.1034329024891998,Hammer,2016-01-29,60.5305290222168,2016-02-05,61.923194885253906,Profit target (+1%),1,0.02300766052327008,0.02284056793374451,2468.2027407499027,110530.43439706514
UPS,2023-09-15,137.337646484375,0.5771315371794259,6.144195556640625,0.24930339288641207,0.8916821643576878,Hammer,2023-09-22,136.84132385253906,2023-12-15,134.7557373046875,RSI > 90,12,-0.015240911803067636,-0.015313429611084685,-1692.6000253294706,108837.83437173568
URI,2014-10-03,105.26680755615234,3.750490205372131,11.7841796875,0.3739770655506754,2.184534556980329,Hammer,2014-10-10,105.71040344238281,2014-11-14,109.65452575683594,Profit target (+1%),5,0.037310635339717235,0.03721427707171649,3721.427703450222,103721.42770345022
URI,2016-02-12,43.82902526855469,8.49841568477784,5.6510009765625,0.39419769187566156,0.7966981057034805,Hammer,2016-02-19,44.65835189819336,2016-02-26,47.90816116333008,Profit target (+1%),1,0.07277047018092464,0.07253842641550089,7523.78914365363,111245.21684710386
URI,2017-05-05,105.07393646240234,3.696625392399028,4.117706298828125,0.24355957577689008,0.5388217356076085,Hammer,2017-05-12,106.79045104980469,2017-05-19,109.09945678710938,Profit target (+1%),1,0.021621837108149577,0.021527187859645174,2394.796679159773,113640.01352626363
URI,2018-05-04,147.76504516601562,1.8381003096476007,10.114913940429688,0.24787936478244538,0.9213689682397974,Hammer,2018-05-11,148.9993896484375,2018-05-18,161.80575561523438,Profit target (+1%),1,0.08594911695285035,0.08587912072247512,9759.304430766395,123399.31795703003
URI,2025-03-07,621.9776611328125,2.9818916170126073,64.58721923828125,0.3339642807530167,1.242477078727569,Hammer,2025-03-14,609.1080322265625,2025-03-21,610.3148193359375,Profit target (+1%),1,0.001981236571390488,0.0019648029939536675,242.45534913135788,123641.7733061614
USB,1999-05-21,11.896493911743164,7.448454066354188,1.1743316650390625,0.17391276100882266,1.3322452695422011,Hammer,1999-05-28,11.922022819519043,1999-11-05,11.991628646850586,Profit target (+1%),23,0.0058384242661893015,0.00499754450322645,499.7544498228906,100499.75444982288
USB,2001-03-23,8.854686737060547,9.11013582874773,1.583939552307129,0.39353150526738523,1.6787267852345007,Hammer,2001-03-30,9.39262866973877,2001-04-06,9.984996795654297,Profit target (+1%),1,0.06306734214076015,0.061969688990884036,6227.9385206878,106727.69297051069
USB,2003-08-08,11.169775009155273,9.719169076544418,0.6119775772094727,0.2519085872792015,1.1402655902388001,Hammer,2003-08-15,11.207147598266602,2003-09-26,11.375325202941895,Profit target (+1%),6,0.015006280875724753,0.014107699108397972,1505.6821774557643,108233.37514796646
USB,2004-04-23,12.708695411682129,1.8611964921466324,0.48131561279296875,0.36363672388923235,0.9129585841542526,Hammer,2004-04-30,12.762175559997559,2004-05-28,13.224044799804688,Profit target (+1%),4,0.036190478467859055,0.0353930466205021,3830.708888675562,112064.08403664202
USB,2005-10-07,14.364848136901855,4.755903623967683,0.3246002197265625,0.349207328538523,0.6617272664575992,Hammer,2005-10-14,14.380305290222168,2005-10-28,14.941915512084961,Profit target (+1%),2,0.039054123714929556,0.03834539557792544,4297.141628165777,116361.22566480779
USB,2008-10-24,17.469802856445312,9.080100954120851,3.3159990310668945,0.35778155042295584,1.38273339551422,Hammer,2008-10-31,16.941852569580078,2008-11-07,17.55878257751465,Profit target (+1%),1,0.03641455415816197,0.03581373033385685,4167.329553109159,120528.55521791695
USB,2009-01-30,8.960152626037598,8.528391340348321,1.7811627388000488,0.39322058945180516,0.7202942717381058,Hammer,2009-02-06,8.742790222167969,2009-02-13,9.896017074584961,Profit target (+1%),1,0.13190604179120102,0.1306875020299317,15751.57578895468,136280.13100687164
USB,2010-05-28,14.644795417785645,9.175535731189726,0.9779481887817383,0.31249993905132656,0.9560809684128452,Hammer,2010-06-04,14.504215240478516,2010-10-29,14.599348068237305,RSI > 90,21,0.006558977937206167,0.0058675005055600716,799.6237367809883,137079.75474365262
USB,2020-03-13,28.3520565032959,0.7794513256490632,6.136577606201172,0.24283956841285362,2.3511749803025443,Hammer,2020-03-20,22.964401245117188,2020-03-27,24.271196365356445,Profit target (+1%),1,0.05690525549918779,0.05645750650617965,7739.1811375661,144818.9358812187
V,2018-10-12,132.60195922851562,7.697363358562328,12.071075439453125,0.38823521976007785,2.5165052970063058,Hammer,2018-10-19,132.45046997070312,2018-11-16,135.78305053710938,Profit target (+1%),4,0.025160956900669218,0.025084510040552847,2508.451001546834,102508.45100154684
V,2022-03-11,190.39247131347656,2.4384651689682073,13.71490478515625,0.29145991410961036,1.0213635836674817,Hammer,2022-03-18,192.04754638671875,2022-03-25,209.39202880859375,Profit target (+1%),1,0.09031348094887437,0.09025906059568792,9252.316481266407,111760.76748281324
V,2024-04-12,271.31915283203125,7.663187267368812,5.722137451171875,0.3505170583937324,0.7511364709797052,Hammer,2024-04-19,273.21673583984375,2024-05-17,276.7266845703125,Profit target (+1%),4,0.012846755963464185,0.012809920556687815,1431.6465513776498,113192.4140341909
V,2025-11-21,326.6279602050781,6.074595066504443,15.296661376953125,0.3502586580108171,1.120196539123471,Hammer,2025-11-28,327.88275146484375,2025-12-05,331.5675048828125,Profit target (+1%),1,0.011238021522958386,0.011207351910987007,1268.5872164667348,114461.00125065762
VICI,2023-10-06,24.40336036682129,4.900362896379761,1.283712387084961,0.3986702028869227,1.2053288309613759,Hammer,2023-10-13,24.26688575744629,2023-10-20,24.87248992919922,Profit target (+1%),1,0.024955990554622387,0.024538850326872856,2453.8850302334004,102453.88503023339
VLO,2007-11-30,33.451927185058594,7.545874963927716,2.9957714080810547,0.26243579875045125,1.1297869178322508,Hammer,2007-12-07,33.50331115722656,2007-12-14,34.20729446411133,Profit target (+1%),1,0.021012350199688168,0.020710781382818202,2071.078136210742,102071.07813621075
VLO,2013-06-28,21.72946548461914,3.3709211517425786,1.5498714447021484,0.3951615781357874,0.9176980776494127,Hammer,2013-07-05,21.610727310180664,2013-07-19,22.460655212402344,Profit target (+1%),2,0.03932898185343747,0.03885725842896288,3966.202257295401,106037.28039350615
VLO,2018-06-29,80.95033264160156,9.076936078747678,3.735992431640625,0.3841640731573831,0.9341346069274391,Hammer,2018-07-06,80.27106475830078,2018-08-03,85.61759948730469,Profit target (+1%),4,0.06660600236339853,0.06647728367193155,7049.070361470183,113086.35075497633
VLO,2019-08-16,59.95647048950195,8.142995634627937,2.8704261779785156,0.3315516336308001,0.7052286302593848,Hammer,2019-08-23,60.78535842895508,2019-09-20,62.9420166015625,RSI > 90,4,0.03547989562532705,0.0353124776376535,3993.359228165583,117079.7099831419
VLO,2020-02-07,65.07959747314453,7.945344633588178,3.848712921142578,0.1348079177970041,0.9928916520052959,Hammer,2020-02-14,64.583984375,2020-05-08,45.79492950439453,RSI > 90,12,-0.29092436851695047,-0.2910566724731143,-34076.830767733714,83002.87921540819
VLO,2024-09-13,127.78748321533203,6.065812587721666,5.653648376464844,0.3451186516156457,0.600919074333057,Hammer,2024-09-20,128.96771240234375,2024-10-11,135.1638641357422,Profit target (+1%),3,0.04804420903480211,0.047964810681038424,3981.2173835669364,86984.09659897511
VMC,2003-03-14,21.95771598815918,6.769096612630463,1.1266021728515625,0.3006531632196985,0.7801646571753619,Hammer,2003-03-21,22.031349182128906,2003-03-28,23.56294059753418,Profit target (+1%),1,0.06951873000350117,0.06904916067672671,6904.916060767755,106904.91606076776
VMC,2004-05-14,32.53068923950195,5.33290733420354,1.1240901947021484,0.2080539987477666,0.8324656306470615,Hammer,2004-05-21,32.228919982910156,2004-05-28,32.63630676269531,Profit target (+1%),1,0.01264041053814946,0.012328217604183523,1317.9470668361719,108222.86312760394
VMC,2011-08-05,30.30992889404297,5.624859039287543,3.5294227600097656,0.2544527391952374,1.527552804530054,Hammer,2011-08-12,29.48370361328125,2011-09-02,31.81657600402832,Profit target (+1%),3,0.07912412976829009,0.07877160085467044,8524.88816911236,116747.7512967163
VMC,2013-03-01,47.12899398803711,4.784508947702662,3.0277137756347656,0.20957997825366606,1.0497589057059418,Hammer,2013-03-08,46.79358673095703,2013-03-15,49.44057083129883,Profit target (+1%),1,0.056567241052942085,0.056347515695328525,6578.445742007589,123326.19703872388
VMC,2022-03-11,169.47364807128906,3.832126365990831,8.400222778320312,0.3337172149088947,0.8124604123738768,Hammer,2022-03-18,171.87094116210938,2022-03-25,176.2982177734375,Profit target (+1%),1,0.025759308591627006,0.025700377734437244,3169.5298452773104,126495.7268840012
VMC,2022-05-13,162.41708374023438,8.103100716255511,13.881149291992188,0.2298060381548067,1.2708024541718859,Hammer,2022-05-20,159.0144500732422,2022-06-03,162.15382385253906,Profit target (+1%),2,0.019742694942823658,0.019679188790148128,2489.3332880079424,128985.06017200915
VRSK,2021-05-21,167.45193481445312,6.235251504654357,6.5625762939453125,0.3404420056500459,0.7505569981928252,Hammer,2021-05-28,168.7934112548828,2021-07-09,171.39341735839844,RSI > 90,6,0.015403481001930563,0.01534378246963926,1534.3782454295479,101534.37824542956
VRSK,2022-01-28,187.35801696777344,3.9355311513557325,11.447555541992188,0.3480093358410188,1.1831839306673064,Hammer,2022-02-04,187.21261596679688,2022-02-11,191.68113708496094,Profit target (+1%),1,0.02386869653568957,0.023814645300016864,2418.0052012546494,103952.3834466842
VRSN,2006-08-04,14.704997062683105,1.6561489615699685,1.7983932495117188,0.24186054157704726,1.4591781295026467,Hammer,2006-08-11,14.562798500061035,2006-08-25,16.168804168701172,Profit target (+1%),2,0.11028139053310437,0.10955709393107337,10955.709382151628,110955.70938215162
VRSN,2008-07-11,29.610746383666992,1.5131136170296173,3.036355972290039,0.2258950641518916,1.3770208513180366,Hammer,2008-07-18,30.028976440429688,2009-05-15,20.00816535949707,RSI > 90,43,-0.33370471686943814,-0.3339821185792043,-37057.22285085227,73898.48653129935
VRSN,2009-06-19,15.549823760986328,5.1535515498060676,1.2630558013916016,0.304635271554881,0.6349957241920281,Hammer,2009-06-26,15.758938789367676,2009-07-02,15.993148803710938,Profit target (+1%),1,0.01486204226526211,0.014222969103031752,1051.0558896444231,74949.54242094378
VRSN,2014-03-21,51.99127960205078,9.924973594078367,4.600116729736328,0.2912265018538129,1.804518077485725,Hammer,2014-03-28,52.02083206176758,2014-04-04,52.79902648925781,Profit target (+1%),1,0.014959284514446836,0.014765634628931937,1106.6775578866132,76056.2199788304
VRSN,2020-03-13,179.89100646972656,9.356644616189499,26.153244018554688,0.19849309705661505,2.3675517718420034,Hammer,2020-03-20,163.1352081298828,2020-04-03,173.419189453125,Profit target (+1%),2,0.0630396187379394,0.06297638970193448,4789.746143853132,80845.96612268353
VRTX,2016-01-29,90.75,3.049325145855832,14.109992980957031,0.3784549251794477,1.224679820698604,Hammer,2016-02-05,91.91999816894531,2016-06-10,94.48999786376953,RSI > 90,18,0.027959092102032734,0.02784878700915823,2784.878698130944,102784.87869813094
VRTX,2017-11-24,146.5500030517578,3.697997910882634,4.470001220703125,0.30201129218354233,0.5295171240656342,Hammer,2017-12-01,146.83999633789062,2017-12-29,149.5,Profit target (+1%),4,0.018114980444350337,0.018046264620496293,1854.8831181172004,104639.76181624814
VRTX,2018-10-26,169.47999572753906,7.034086598751088,25.610000610351562,0.3565015488176971,2.3682214019799295,Hammer,2018-11-02,173.49000549316406,2018-11-16,180.5500030517578,Profit target (+1%),2,0.04069397276531839,0.040635161447754455,4252.053611005762,108891.8154272539
VRTX,2022-05-13,246.72000122070312,9.106648074878635,17.990005493164062,0.23790980947299942,1.2585049064919842,Hammer,2022-05-20,245.85000610351562,2022-05-27,260.04998779296875,Profit target (+1%),1,0.05775872010137029,0.05771687107106754,6284.894865424401,115176.7102926783
VTR,2011-08-12,22.01116943359375,6.809360384479547,2.3123321533203125,0.29258583485657347,1.9068223334596508,Hammer,2011-08-19,22.173355102539062,2011-09-02,23.948152542114258,Profit target (+1%),2,0.08004189854750332,0.07957296343285405,7957.29633532811,107957.29633532812
VTR,2015-05-08,37.53185272216797,4.825772260380347,2.0362319946289062,0.34399928061058177,1.2406374042993433,Hammer,2015-05-15,37.3526611328125,2015-08-07,36.81675720214844,RSI > 90,12,-0.014347141928083285,-0.014612904397930206,-1577.5696488296012,106379.72668649851
VTR,2017-10-13,44.34247970581055,6.9488404102771995,0.9308013916015625,0.25563925181554403,0.5757369090684175,Hammer,2017-10-20,44.38446807861328,2017-11-10,44.85336685180664,Profit target (+1%),3,0.010564478825404677,0.010338010187025745,1099.7546970782814,107479.4813835768
VTR,2018-02-16,36.44167709350586,7.958089995046265,1.8167648315429688,0.20296732415895719,0.9847826686728501,Hammer,2018-02-23,36.243125915527344,2018-05-04,37.60480499267578,Profit target (+1%),10,0.037570685274833426,0.03728962651195802,4007.8697144846537,111487.35109806145
VTR,2018-09-28,40.311767578125,5.307350614341871,1.8188095092773438,0.3622580171564001,1.0048459676899228,Hammer,2018-10-05,40.252464294433594,2018-10-26,41.616451263427734,Profit target (+1%),3,0.0338858003578868,0.03363319058277981,3749.675323300711,115237.02642136216
VTR,2024-02-09,42.53373718261719,2.876036130268588,1.1163558959960938,0.2636017577551034,0.5115333185551104,Hammer,2024-02-16,42.58979034423828,2024-05-10,44.44953155517578,RSI > 90,12,0.04366636219398745,0.043426465912578725,5004.336794749881,120241.36321611205
VTR,2025-06-06,61.937217712402344,8.13444532419787,1.5863876342773438,0.2944798995820729,0.5635585331345032,Hammer,2025-06-13,61.91775131225586,2025-07-18,63.53168869018555,RSI > 90,5,0.02606582674151836,0.025902230503963952,3114.5195030200666,123355.88271913212
VTR,2026-06-05,82.0199966430664,7.552574557686384,6.225006103515625,0.36626573063177453,1.5794636593982734,Hammer,2026-06-12,81.77999877929688,2026-06-18,83.7300033569336,Profit target (+1%),1,0.023844517079283367,0.023720787511068826,2926.0986792947615,126281.98139842687
VTRS,2005-02-11,12.712430953979492,6.156857554475792,0.49254703521728516,0.22222071628139323,0.6112690039564436,Hammer,2005-02-18,12.696794509887695,2005-03-04,13.791345596313477,Profit target (+1%),2,0.08620688360147866,0.08538565834784326,8538.565826245762,108538.56582624576
VTRS,2007-11-23,10.950247764587402,5.718459166959661,0.5953845977783203,0.09459463788590851,0.7380342097335475,Hammer,2007-11-30,10.950247764587402,2007-12-07,11.569769859313965,Profit target (+1%),1,0.056576080107526794,0.05563745410640822,6038.809468894306,114577.37529514007
VTRS,2011-08-12,15.479997634887695,3.706105407792762,1.8022451400756836,0.3750001984346417,1.5695419491404647,Hammer,2011-08-19,15.60068416595459,2011-09-23,16.244342803955078,Profit target (+1%),5,0.041258359643299825,0.04060434847085264,4652.339668707191,119229.71496384726
VTRS,2013-04-05,23.034944534301758,7.604606643621594,0.9091682434082031,0.31858576025980456,1.0052469546999026,Hammer,2013-04-12,23.042991638183594,2013-05-03,23.57400894165039,Profit target (+1%),3,0.023044633778665613,0.022605757223706512,2695.2779876291806,121924.99295147644
VTRS,2015-08-07,45.33772659301758,7.224192654666325,3.3309364318847656,0.2028985839197879,0.9102564732391045,Hammer,2015-08-14,45.844608306884766,2015-11-20,39.31147384643555,RSI > 90,14,-0.142506059092408,-0.14270862286661465,-17399.74781972715,104525.2451317493
VTRS,2017-08-18,24.716503143310547,2.1779759432491517,1.6976509094238281,0.3696691676272782,0.821681521403126,Hammer,2017-08-25,24.708457946777344,2017-09-08,25.553260803222656,Profit target (+1%),2,0.034190836929809176,0.0337792816465885,3530.787690953275,108056.03282270256
VTRS,2021-04-16,10.78128719329834,9.24315538754179,0.4264249801635742,0.1320774971541288,0.4400382468876455,Hammer,2021-04-23,10.78128719329834,2021-05-14,12.05251407623291,Profit target (+1%),3,0.11791049251751362,0.11692873185484878,12634.85487458967,120690.88769729224
VTRS,2023-05-05,8.050646781921387,8.987875292821414,0.40773677825927734,0.2553193479954063,0.744944566084996,Hammer,2023-05-12,8.328256607055664,2023-06-23,8.9623384475708,RSI > 90,6,0.07613620358166506,0.07489051039022787,9038.602170061287,129729.48986735354
VTRS,2025-01-24,10.491097450256348,0.4200209917464406,0.590123176574707,0.3809521500867016,0.8884195091328269,Hammer,2025-01-31,10.603501319885254,2025-05-16,8.49855899810791,RSI > 90,15,-0.19851389256017204,-0.19936296918896165,-25863.256265461656,103866.23360189189
VZ,1991-01-11,4.234443187713623,5.592380496583331,0.21225309371948242,0.25000056163746526,0.9475344335971484,Hammer,1991-01-18,4.160154819488525,1991-01-25,4.489146709442139,Profit target (+1%),1,0.07908164581097532,0.07658584225034522,7658.584217375937,107658.58421737593
VZ,1993-11-26,5.795224666595459,7.9929455845595925,0.2572932243347168,0.19047671998561852,0.8939315982095434,Hammer,1993-12-03,5.8319807052612305,1993-12-10,6.015761852264404,Profit target (+1%),1,0.03151264661033237,0.029772438145381188,3205.258536225878,110863.84275360181
VZ,1994-12-02,5.194371700286865,5.610139796528799,0.2577853202819824,0.2,1.1956848011181131,Hammer,1994-12-09,5.181482315063477,1994-12-23,5.297485828399658,Profit target (+1%),2,0.022388094039989204,0.02043842182365268,2265.881980923332,113129.72473452514
VZ,2002-04-26,11.12994384765625,3.2558350576204163,0.6213312149047852,0.2608681637971921,0.9026293143423669,Hammer,2002-05-03,11.02188491821289,2002-05-24,11.616203308105469,Profit target (+1%),3,0.05392166533244325,0.052990340810347196,5994.782663468468,119124.50739799361
VZ,2002-06-28,10.846292495727539,7.2103935000155275,0.9995336532592773,0.2567573111774118,1.2989728285292368,Hammer,2002-07-05,10.711219787597656,2002-10-18,9.716890335083008,RSI > 90,15,-0.09283064601717594,-0.09372049775210856,-11164.408116650291,107960.09928134331
VZ,2010-05-28,11.303646087646484,9.105799341672792,0.4189577102661133,0.29411644195771086,0.8629354116438139,Hammer,2010-06-04,11.213281631469727,2010-06-18,11.812967300415039,Profit target (+1%),2,0.05347994357533237,0.05256470539045086,5674.890806972746,113634.99008831606
VZ,2011-08-12,16.19490623474121,2.8737631109069923,1.2559318542480469,0.3609017874770301,1.9162732269657419,Hammer,2011-08-19,16.336551666259766,2011-09-02,17.021177291870117,Profit target (+1%),2,0.04190759712310177,0.041282837724843695,4691.1748509889985,118326.16493930506
VZ,2013-12-06,25.95954704284668,9.298123912311084,0.7140445709228516,0.2277750323881773,0.8302242308720623,Hammer,2013-12-13,25.744441986083984,2014-05-23,26.34621810913086,Profit target (+1%),23,0.023374991905909637,0.02298209504371755,2719.3831660743253,121045.54810537938
VZ,2024-12-27,36.16937255859375,8.754142823974604,0.6342315673828125,0.357145434861061,0.42349918823934257,Hammer,2025-01-03,36.06064987182617,2025-01-10,36.50461196899414,Profit target (+1%),1,0.012311538997383131,0.012032560031781714,1456.487822701411,122502.03592808079
WAB,2019-05-24,62.816104888916016,6.169655735989522,2.9393844604492188,0.0881470445478637,0.5665218539176141,Hammer,2019-05-31,63.056007385253906,2019-06-14,65.20552825927734,Profit target (+1%),2,0.03408907355790047,0.03392779409552748,3392.779406159969,103392.77940615996
WAB,2020-10-30,57.39596939086914,8.689261964553623,5.294364929199219,0.36563089475648575,1.026905006871161,Hammer,2020-11-06,58.5090446472168,2020-11-13,64.40350341796875,Profit target (+1%),1,0.10074440296013876,0.10056489525257668,10397.68402045556,113790.46342661552
WAT,2003-03-28,21.25,8.684940517056148,0.6499996185302734,0.3846156103372488,0.31544883941237983,Hammer,2003-04-04,21.25,2003-05-02,22.899999618530273,RSI > 90,4,0.0776470408720129,0.07715829774313224,7715.829766597395,107715.8297665974
WAT,2006-05-26,42.18000030517578,8.18227866947204,2.8400001525878906,0.3732399001194108,1.2275310364854346,Hammer,2006-06-02,41.869998931884766,2006-06-09,42.900001525878906,Profit target (+1%),1,0.024600014814181836,0.024358271522664704,2623.7714261201363,110339.60119271754
WAT,2012-07-13,76.62999725341797,9.73232021341417,2.9399948120117188,0.25510249097575977,0.6693951752965559,Hammer,2012-07-20,76.29000091552734,2012-08-03,78.88999938964844,Profit target (+1%),2,0.034080461959883346,0.03394715830711761,3745.7159054876893,114085.31709820524
WAT,2014-10-17,96.9800033569336,1.0836911467655028,3.7900009155273438,0.09762401789183171,1.1053488031817311,Hammer,2014-10-24,96.62999725341797,2014-10-31,108.20999908447266,RSI > 90,1,0.11983858180897422,0.1197288990521026,13659.309400518821,127744.62649872406
WAT,2023-06-02,258.7699890136719,0.7802364428063413,12.331695556640625,0.17529727656309935,0.6358416850228653,Hammer,2023-06-09,257.6300048828125,2023-06-23,262.0,Profit target (+1%),2,0.016962291015657494,0.016923147222058087,2161.8411189028893,129906.46761762694
WAT,2024-06-28,290.1199951171875,4.801004411357894,9.70001220703125,0.326805096743747,0.48402696594089173,Hammer,2024-07-05,291.94000244140625,2024-07-19,301.07000732421875,Profit target (+1%),2,0.03127356582332341,0.03123877718935409,4058.1191933049713,133964.5868109319
WBD,2013-06-14,39.01801681518555,7.186834497394841,2.0842323303222656,0.1274504959102731,1.2732482358851513,Hammer,2013-06-21,39.48799514770508,2013-07-12,41.48027038574219,RSI > 90,3,0.05045268139304082,0.05019308438428981,5019.308433409673,105019.30843340966
WBD,2014-05-02,39.13551330566406,7.895844722895362,1.2004737854003906,0.19574384248975998,0.6403021743295575,Hammer,2014-05-09,38.737056732177734,2014-05-30,40.08056640625,Profit target (+1%),3,0.03468280213855923,0.03442020859374509,3614.7864990340277,108634.0949324437
WBD,2014-10-17,34.650001525878906,2.5971751502981135,2.229999542236328,0.3542588623304555,0.9562229612213263,Hammer,2014-10-24,34.5,2014-10-31,36.47999954223633,Profit target (+1%),1,0.057391291079313955,0.057093161635598653,6202.263934912713,114836.35886735642
WBD,2017-05-19,25.8700008392334,5.402319774033074,1.3100013732910156,0.24427432012556455,0.8627828772278759,Hammer,2017-05-26,25.809999465942383,2017-06-09,26.389999389648438,Profit target (+1%),2,0.022471907621361753,0.022080183439788625,2535.6078668130194,117371.96673416943
WBD,2022-07-01,14.25,9.54936728353671,1.9149999618530273,0.22454324477359075,0.7309463512604889,Hammer,2022-07-08,13.949999809265137,2022-07-29,14.649999618530273,Profit target (+1%),3,0.05017919848287167,0.049444630504905246,5803.413521001623,123175.38025517105
WBD,2022-09-09,13.029999732971191,5.529128969529282,0.880000114440918,0.09090899238902972,0.4503948552873995,Hammer,2022-09-16,13.180000305175781,2022-10-28,13.460000038146973,RSI > 90,6,0.02124428880788698,0.020477794973216893,2522.360180091061,125697.74043526211
WBD,2023-05-05,12.890000343322754,5.106139389806728,2.0699996948242188,0.39130414751639214,1.3081588211833743,Hammer,2023-05-12,13.0,2023-06-16,13.920000076293945,Profit target (+1%),5,0.07076923663799572,0.06997309314063395,8795.459690248368,134493.20012551046
WBD,2024-01-19,10.350000381469727,6.450905016127564,0.5599994659423828,0.39285629136140543,0.47750831201212074,Hammer,2024-01-26,10.375,2024-02-02,10.390000343322754,Profit target (+1%),1,0.0014458162238799588,0.0004817286438104395,64.78922683339896,134557.98935234384
WBD,2024-05-03,7.96999979019165,7.899578393992556,0.9549999237060547,0.34031446289657374,1.0933108645966534,Hammer,2024-05-10,8.069999694824219,2024-06-07,8.460000038146973,Profit target (+1%),4,0.048327181917105166,0.047058867824641706,6332.146629349349,140890.13598169317
WDAY,2026-02-27,133.75999450683594,0.6271186010907144,24.807090759277344,0.35502342754070026,1.489339208155435,Hammer,2026-03-06,131.76499938964844,2026-03-13,149.69000244140625,Profit target (+1%),1,0.13603766656387206,0.1359566148192999,13595.661468334332,113595.66146833432
WDC,2010-06-11,20.74220848083496,4.850171297327719,1.4130058288574219,0.20512889735995962,0.6682374865397368,Hammer,2010-06-18,21.03205680847168,2010-10-15,17.547847747802734,RSI > 90,17,-0.16566183195480488,-0.16609780980682706,-16609.780964072925,83390.21903592706
WDC,2012-09-21,24.25057029724121,8.081702049342084,1.6122779846191406,0.39700437005647715,0.8496466590431073,Hammer,2012-09-28,23.972801208496094,2012-12-28,25.62972068786621,RSI > 90,13,0.06911664035252141,0.06868517530233578,5727.671807255158,89117.8908431822
WDC,2018-08-17,45.12810516357422,1.6912292860744316,2.9700889587402344,0.27355697664113765,0.8499861536295212,Hammer,2018-08-24,45.28171920776367,2019-02-08,33.59579849243164,RSI > 90,24,-0.2580714893291518,-0.25826381155309996,-23015.926143717414,66101.9646994648
WEC,2010-02-12,14.04830551147461,6.4968359437110905,0.44727325439453125,0.3504371002132196,1.0162323045756745,Hammer,2010-02-19,14.136345863342285,2010-02-26,14.679262161254883,Profit target (+1%),1,0.03840570280049982,0.03768497730432034,3768.497726663536,103768.49772666354
WEC,2014-05-23,30.477733612060547,8.997041434576758,0.6820850372314453,0.3069301947098647,0.706896234588027,Hammer,2014-05-30,30.639812469482422,2014-06-27,30.83565902709961,Profit target (+1%),4,0.006391898051342659,0.006064535647012428,629.3077528709714,104397.80547953452
WEC,2014-08-08,29.316162109375,4.049920317457648,1.4654693603515625,0.30414744744432065,1.3808465553902851,Hammer,2014-08-15,29.363435745239258,2014-08-29,30.073650360107422,Profit target (+1%),2,0.024187040679778393,0.02384242119472339,2489.096447558767,106886.90192709329
WEC,2021-06-11,78.45428466796875,2.891280254552427,2.3054885864257812,0.36263547164816257,0.7239616138944377,Hammer,2021-06-18,78.31916046142578,2021-07-23,80.54864501953125,RSI > 90,5,0.02846665547702787,0.028337163718448643,3028.871636236935,109915.77356333024
WEC,2023-06-02,78.1937484741211,6.990036422843318,2.4783554077148438,0.38405937637566456,0.6660451110706395,Hammer,2023-06-09,78.16681671142578,2023-06-16,81.04924011230469,Profit target (+1%),1,0.03687528189257283,0.03674499994649687,4038.855089664876,113954.62865299512
WELL,2010-02-12,20.56849479675293,2.2099444886733295,0.5954570770263672,0.30508566870921966,0.5514746694754314,Hammer,2010-02-19,20.694652557373047,2010-02-26,21.244691848754883,Profit target (+1%),1,0.026578812563145426,0.026089292556240533,2608.9292530151242,102608.92925301513
WELL,2010-12-10,24.029830932617188,9.430211189238122,0.6279220581054688,0.34453482862107093,0.6311600249091328,Hammer,2010-12-17,24.172300338745117,2010-12-31,24.889921188354492,Profit target (+1%),2,0.029687735116343816,0.029267984419061987,3003.156539630724,105612.08579264584
WELL,2017-10-13,50.46513748168945,3.8374101825702667,1.2801284790039062,0.3583816579155964,0.7106687189523284,Hammer,2017-10-20,50.50213623046875,2017-11-17,51.11770248413086,Profit target (+1%),4,0.012188915155052937,0.011989716678824487,1266.2589852472697,106878.3447778931
WELL,2020-03-20,35.52559280395508,0.7715900898954118,18.575143814086914,0.18169524244703492,2.7458304689215707,Hammer,2020-03-27,34.16051483154297,2020-04-03,40.74304962158203,Profit target (+1%),1,0.19269425014522645,0.19237335724181842,20560.545980811323,127438.89075870441
WELL,2022-05-13,79.83397674560547,2.8372757567027236,3.6587905883789062,0.27654228311073575,0.8890819573752538,Hammer,2022-05-20,80.1953353881836,2022-06-03,81.19107055664062,Profit target (+1%),2,0.012416372643585749,0.012290910800882673,1566.3400373123272,129005.23079601674
WFC,1990-08-17,0.8634954690933228,1.4174243545717076,0.08871525526046753,0.33333288542356027,1.230044777839234,Hammer,1990-08-24,0.8575810790061951,1990-11-09,0.8156359195709229,RSI > 90,11,-0.04891101315327551,-0.06022061079188017,-6022.061073165956,93977.93892683405
WFC,1996-01-12,3.5854129791259766,5.212096268790134,0.2790205478668213,0.3500000427241974,1.7304212865519695,Hammer,1996-01-19,3.5435597896575928,1996-02-02,3.5993640422821045,Profit target (+1%),2,0.015748077057253118,0.012907842995349797,1213.0524794810935,95190.99140631514
WFC,1999-02-05,8.268701553344727,5.020987277131553,0.32895755767822266,0.2730701548398693,0.5059736666939058,Hammer,1999-02-12,8.298768997192383,1999-02-26,8.855027198791504,Profit target (+1%),2,0.0670290017455979,0.06578436873470572,6262.079272633158,101453.07067894831
WFC,1999-06-04,9.665885925292969,6.761847747581228,0.286956787109375,0.2631573699883016,0.46664667783368863,Hammer,1999-06-11,9.605473518371582,1999-06-25,10.315312385559082,RSI > 90,2,0.07389941431100211,0.0728204355227319,7387.856784571661,108840.92746351997
WFC,2000-10-20,10.488842010498047,9.746747957788784,1.0690250396728516,0.3768120725738969,1.3312989489532576,Hammer,2000-10-27,10.581801414489746,2000-11-03,10.98462200164795,Profit target (+1%),1,0.03806729793725072,0.03710474691823015,4038.5150638408386,112879.4425273608
WFC,2007-03-16,20.23040008544922,6.276213208461968,0.9176673889160156,0.38961011967858467,1.5926669948197265,Hammer,2007-03-23,20.313825607299805,2007-03-30,20.760740280151367,Profit target (+1%),1,0.02200051735656139,0.021502949102264777,2427.2409049306207,115306.68343229144
WFC,2009-01-23,10.111403465270996,5.475182147648098,2.089818000793457,0.3506098799224034,0.5876576683495569,Hammer,2009-01-30,10.321660041809082,2009-02-06,11.729738235473633,Profit target (+1%),1,0.13641974139440416,0.1353853218760194,15610.832435326218,130917.51586761767
WFC,2011-06-10,17.412076950073242,3.9640067687733023,0.9872150421142578,0.3154361119429659,0.933586633624216,Hammer,2011-06-17,17.82286262512207,2011-06-24,18.001754760742188,Profit target (+1%),1,0.010037227990971731,0.009473493215172189,1240.2461970788272,132157.7620646965
WFC,2022-03-11,43.51947021484375,5.874044390950218,3.7979660034179688,0.3617024268441384,1.083973050028033,Hammer,2022-03-18,44.587928771972656,2022-03-25,46.3836555480957,Profit target (+1%),1,0.04027383252778072,0.04004506600708875,5292.266299937633,137450.02836463414
WFC,2025-03-14,68.95049285888672,7.272937977376202,5.401206970214844,0.2729724117765878,1.3133096146383292,Hammer,2025-03-21,68.58068084716797,2025-03-28,71.66568756103516,Profit target (+1%),1,0.04498361164920661,0.04483452924699154,6162.5073105515,143612.53567518565
WM,1999-10-01,10.71086597442627,0.2809193299605539,0.9271554946899414,0.2546839979304521,0.45697113405973866,Hammer,1999-10-08,10.641763687133789,2000-01-07,9.812535285949707,RSI > 90,13,-0.07792208374131104,-0.0788247420385838,-7882.474195975907,92117.5258040241
WM,2002-02-15,13.58453369140625,0.7729818265369772,0.9572811126708984,0.26011624037888703,0.7850390612353441,Hammer,2002-02-22,13.58453369140625,2002-03-01,13.750536918640137,Profit target (+1%),1,0.012220016601593109,0.0114796600660801,1057.4778813010807,93175.00368532518
WM,2003-02-14,12.112297058105469,3.078889374940431,0.5757226943969727,0.37500103530128925,0.6497654279800749,Hammer,2003-02-21,12.112297058105469,2003-03-28,12.344799995422363,RSI > 90,5,0.019195610560203802,0.018362423257425913,1710.9188529712414,94885.92253829642
WM,2004-05-21,15.77938461303711,9.910228531600382,0.4960670471191406,0.23595442975676903,0.7307719928793664,Hammer,2004-05-28,15.879712104797363,2004-06-04,16.134525299072266,Profit target (+1%),1,0.01604646183717162,0.015411874805144677,1462.3699574685102,96348.29249576494
WM,2008-07-18,22.180892944335938,8.025835831682002,1.8614215850830078,0.2718129848625042,1.673314960482465,Hammer,2008-07-25,22.155908584594727,2008-08-15,22.349546432495117,Profit target (+1%),3,0.008739783663624046,0.008286566735266806,798.3965547967657,97146.68905056169
WM,2009-02-13,18.612489700317383,3.2662441595762033,1.5372772216796875,0.29752126614191987,0.8842758087169226,Hammer,2009-02-20,18.161470413208008,2009-04-24,17.43952751159668,RSI > 90,9,-0.03975134640454514,-0.04029087021104371,-3914.1246360546775,93232.56441450703
WM,2010-02-12,21.06468391418457,6.849234279728762,0.5823707580566406,0.3863622965316215,0.6535842706520646,Hammer,2010-02-19,21.501462936401367,2010-02-26,22.176485061645508,Profit target (+1%),1,0.03139424174256278,0.030921966443795818,2882.9342254114845,96115.49863991851
WM,2012-10-05,23.651165008544922,4.815391791211411,0.5682182312011719,0.31168809371957973,0.6932495813050631,Hammer,2012-10-12,23.577369689941406,2012-10-26,23.94634437561035,Profit target (+1%),2,0.015649527089799165,0.015222163437716691,1463.08582773139,97578.5844676499
WM,2020-03-27,86.11050415039062,8.060051987012116,12.794593811035156,0.29660950749934556,1.8313082998121977,Hammer,2020-04-03,86.86949920654297,2020-04-17,90.0320053100586,Profit target (+1%),2,0.036405253079638156,0.036288049223979865,3540.9364728274195,101119.52094047732
WM,2025-07-03,223.51763916015625,5.807903623808102,7.9328765869140625,0.3858554422193968,0.942899357966558,Hammer,2025-07-11,223.46841430664062,2025-08-01,225.3876495361328,Profit target (+1%),3,0.00858839597285832,0.008543455763701836,863.9101531377794,101983.4310936151
WMB,1990-05-04,0.8527714014053345,4.786821992204878,0.03553211688995361,0.1,0.6085684789346087,Hammer,1990-05-11,0.8598778247833252,1990-05-18,0.9309421181678772,Profit target (+1%),1,0.08264464012949624,0.07060453122364455,7060.4531153040025,107060.453115304
WMB,1992-04-10,1.0760303735733032,4.918467942552795,0.06215333938598633,0.25,1.12429206699746,Hammer,1992-04-16,1.079914927482605,1992-04-24,1.165375828742981,Profit target (+1%),1,0.07913669779488486,0.0695546713837486,7446.554627183639,114507.00774248765
WMB,1993-11-19,1.8090167045593262,9.30477590932992,0.1891244649887085,0.0869566861709269,1.831828314848326,Hammer,1993-11-26,1.7350115776062012,1993-12-03,1.814588189125061,Profit target (+1%),1,0.04586517608640506,0.03998629228351409,4578.710675523011,119085.71841801066
WMB,1994-10-21,1.9747732877731323,4.362974605083963,0.08475422859191895,0.3,0.8480066635448593,Hammer,1994-10-28,1.9662978649139404,1994-11-04,1.9917241334915161,Profit target (+1%),1,0.012931036050679134,0.007825437673392418,931.8978663394041,120017.61628435005
WMB,1994-11-25,1.8645927906036377,1.8588065882184708,0.06780338287353516,0.375,0.7198486466512516,Hammer,1994-12-02,1.8618597984313965,1994-12-09,1.913103699684143,Profit target (+1%),1,0.02752296456259451,0.02209266131682795,2651.508545971652,122669.12483032171
WMB,1994-12-16,1.7764534950256348,9.083318955177234,0.1793534755706787,0.23809558625108507,1.7438148375640234,Hammer,1994-12-23,1.7593721151351929,1995-01-27,1.8276972770690918,Profit target (+1%),5,0.038834969217781845,0.03305717735707349,4055.0950116978365,126724.21984201956
WMB,1998-09-04,5.459174633026123,0.6228902593366001,1.1708307266235352,0.1927710647101706,1.8722844932215024,Hammer,1998-09-11,5.459174633026123,1998-09-18,6.009323596954346,Profit target (+1%),1,0.10077511728604738,0.0988528003229432,12527.043987596873,139251.26382961645
WMB,2002-09-27,0.5519228577613831,6.238841361936252,0.16611269116401672,0.38709667001984455,0.33095018260799947,Hammer,2002-10-04,0.5358474254608154,2002-11-08,0.5894321799278259,Profit target (+1%),5,0.10000002224687177,0.08058604407680277,11221.70847350225,150472.97230311873
WMB,2008-01-25,9.030913352966309,7.691547191994687,1.578354835510254,0.38060996057461366,2.4099459823019225,Hammer,2008-02-01,9.06208324432373,2008-02-08,9.17259693145752,Profit target (+1%),1,0.0121951745701534,0.011085559096053679,1668.0770251569938,152141.04932827575
WMB,2009-07-10,4.186601638793945,5.602510108048179,0.2990429401397705,0.32352981040073286,0.5412918327818746,Hammer,2009-07-17,4.186601638793945,2009-07-24,4.635166168212891,Profit target (+1%),1,0.10714287341371342,0.10462934391473659,15918.41815779865,168059.46748607443
WMB,2012-11-16,15.281915664672852,1.7404787659928047,0.8731155395507812,0.37569031203851766,1.051074191617364,Hammer,2012-11-23,15.426630020141602,2012-11-30,15.981372833251953,Profit target (+1%),1,0.035960077631087106,0.03530040652862625,5932.567517310306,173992.03500338472
WMB,2015-01-16,22.214048385620117,8.468951469724942,1.2535076141357422,0.18565457342448785,0.7694052871626132,Hammer,2015-01-23,22.16115951538086,2015-01-30,23.007408142089844,Profit target (+1%),1,0.038186116846532725,0.03772636509850619,6564.087030205674,180556.1220335904
WMB,2016-02-12,7.5818257331848145,8.50714257607875,2.690506935119629,0.32008371611948244,1.0360434143060278,Hammer,2016-02-19,7.812601089477539,2016-02-26,8.977736473083496,Profit target (+1%),1,0.14913539937105313,0.14776085021283128,26679.126076135915,207235.2481097263
WMB,2018-12-28,14.356157302856445,3.5588363539102517,0.9356899261474609,0.20000061153227566,0.9631089572070756,Hammer,2019-01-04,14.342789649963379,2019-01-11,15.833210945129395,Profit target (+1%),1,0.10391432430788106,0.10318114018139331,21382.76916435272,228618.017274079
WMB,2019-08-09,16.48455047607422,2.891554290672161,0.975743293762207,0.3521137360344273,1.054229934473983,Hammer,2019-08-16,16.42957878112793,2019-09-20,17.506940841674805,RSI > 90,5,0.06557453936581759,0.06494611603751865,14847.852263301924,243465.86953738093
WMB,2021-08-06,19.928075790405273,9.661366367422033,1.0218505859375,0.36965043005614623,1.090925393135946,Hammer,2021-08-13,19.769033432006836,2021-09-24,20.142467498779297,Profit target (+1%),6,0.018889849524350355,0.018379359376635606,4474.746707697857,247940.6162450788
WMB,2023-03-03,26.72488784790039,8.275312275712608,1.2493476867675781,0.1781325093356213,0.878217482793727,Hammer,2023-03-10,26.58681869506836,2023-06-16,26.790925979614258,Profit target (+1%),14,0.007677010434639087,0.00729951143138233,1809.8453607750866,249750.4616058539
WMT,1992-02-21,2.6303815841674805,8.241082901413051,0.16400480270385742,0.3846160555673469,1.144639080370475,Hammer,1992-02-28,2.6303815841674805,1992-03-06,2.7249996662139893,Profit target (+1%),1,0.03597123801961821,0.03210847436851918,3210.847433641071,103210.84743364106
WMT,1993-04-23,2.7124218940734863,7.139441885315719,0.13942337036132812,0.36363683000902897,0.7641609882243027,Hammer,1993-04-30,2.73777174949646,1993-05-28,2.8011460304260254,Profit target (+1%),4,0.023148124361068945,0.019459979103023918,2008.4809322555636,105219.32836589661
WMT,1995-10-20,2.3707492351531982,3.60023753667555,0.10307621955871582,0.1250008673869448,0.8798275293410455,Hammer,1995-10-27,2.344980239868164,1995-11-10,2.409402847290039,Profit target (+1%),2,0.027472558756186816,0.023158751081638146,2436.748232166199,107656.07659806282
WMT,2000-10-13,9.56684684753418,3.735408569144468,1.1161327362060547,0.3214286324603751,1.1041986576579905,Hammer,2000-10-20,9.619996070861816,2000-10-27,9.899028778076172,Profit target (+1%),1,0.02900549076724923,0.027951461510598363,3009.144678403638,110665.22127646646
WMT,2002-04-05,12.675603866577148,7.893820450655028,1.4017333984375,0.18654478359313767,2.2604964841423487,Hammer,2002-04-12,12.645597457885742,2002-04-19,13.084978103637695,Profit target (+1%),1,0.03474574034285394,0.033941530997360074,3756.1470345287516,114421.3683109952
WMT,2003-12-19,11.342460632324219,8.454370318293897,0.6063270568847656,0.3073138507030734,1.2737175175852973,Hammer,2003-12-26,11.288293838500977,2004-01-23,11.543960571289062,Profit target (+1%),4,0.022648837498903784,0.021753328683484913,2489.0456307941176,116910.4139417893
WMT,2004-12-10,11.500341415405273,8.552381563490442,0.21818161010742188,0.38999912579770957,0.5029851318665893,Hammer,2004-12-17,11.502523422241211,2005-01-14,11.766745567321777,Profit target (+1%),4,0.022970798265854242,0.022091820781282672,2582.763909684817,119493.17785147412
WMT,2014-02-07,19.37176513671875,8.503217163418626,0.5857505798339844,0.3363247390117941,1.1197031345299742,Hammer,2014-02-14,19.32973861694336,2014-02-21,19.828807830810547,Profit target (+1%),1,0.02581872542392949,0.025294844867393546,3022.5613934423436,122515.73924491645
WMT,2015-07-02,19.58718490600586,9.443341759701724,0.5996627807617188,0.34545286835710376,0.9176238590236702,Hammer,2015-07-10,19.456348419189453,2015-07-17,20.03693389892578,Profit target (+1%),1,0.029840413382179465,0.02931890778820419,3592.0276579333467,126107.76690284979
WMT,2016-10-14,19.35399055480957,7.819624008185116,0.5343914031982422,0.26984206299634156,0.8161960726235896,Hammer,2016-10-21,19.410541534423828,2016-11-04,19.80921173095703,Profit target (+1%),2,0.020538849770171286,0.020018509184721353,2524.4894874849088,128632.2563903347
WRB,2022-08-05,37.58738327026367,4.612446845384937,0.8267669677734375,0.30882380082313643,0.43415464439969165,Hammer,2022-08-12,37.69072723388672,2022-08-19,39.69076919555664,Profit target (+1%),1,0.05306456278380689,0.052792242190275736,5279.22421374835,105279.22421374834
WST,2021-02-26,276.89300537109375,9.82285970724999,18.290802001953125,0.17908144282251026,1.0564233495659818,Hammer,2021-03-05,277.9190673828125,2021-04-09,282.9014587402344,Profit target (+1%),5,0.01792749020188311,0.017891186626068294,1789.1186608177109,101789.11866081771
WST,2022-05-13,301.60687255859375,1.885698724757333,18.62237548828125,0.246947812093383,0.6679923680718902,Hammer,2022-05-20,299.6585998535156,2022-06-03,315.23492431640625,Profit target (+1%),2,0.05198023507586602,0.05194599701298354,5287.537248621526,107076.65590943924
WST,2024-05-31,329.3545837402344,2.024137176577625,12.7255859375,0.15931240887115342,0.5670082362144573,Hammer,2024-06-07,328.98687744140625,2024-11-08,315.7317199707031,RSI > 90,22,-0.04029083948208212,-0.04032062303138666,-4317.397474068603,102759.25843537065
WST,2025-02-21,210.00994873046875,1.140867589140342,15.665863037109375,0.38600320645811054,0.6015956702333827,Hammer,2025-02-28,208.59600830078125,2025-03-07,230.85061645507812,Profit target (+1%),1,0.10668760315972703,0.10663710753604046,10957.950081138442,113717.20851650908
WTW,2019-10-11,172.47848510742188,8.899470977513602,12.9166259765625,0.2747311294453423,1.6390558566999889,Hammer,2019-10-18,172.4601287841797,2019-12-06,180.45594787597656,RSI > 90,7,0.046363290739525054,0.046303963868488625,4630.396382218465,104630.39638221847
WY,1990-09-28,2.442188024520874,9.783045709189437,0.15263676643371582,0.2,0.9365595412212648,Hammer,1990-10-05,2.472715377807617,1990-10-12,2.5795609951019287,Profit target (+1%),1,0.04320983249962396,0.039086659493555,3908.6659454468336,103908.66594544685
WY,1991-11-22,3.152494430541992,3.8128418023581787,0.21124958992004395,0.3846159055126997,0.9982042467651969,Hammer,1991-11-29,3.119994640350342,1991-12-20,3.2499942779541016,Profit target (+1%),3,0.0416666220904669,0.03839994989249224,3990.0875617107868,107898.75350715763
WY,1993-06-18,5.605625629425049,8.605144051062041,0.27344512939453125,0.375,0.7662775922567653,Hammer,1993-06-25,5.639806270599365,1993-07-02,5.7423481941223145,Profit target (+1%),1,0.018181816644572635,0.0163941717548304,1768.9106953595401,109667.66420251717
WY,1994-10-28,5.673948764801025,2.983437415432448,0.24979639053344727,0.35714244809214657,0.795397739902066,Hammer,1994-11-04,5.673948764801025,1994-12-23,5.53120756149292,RSI > 90,7,-0.02515729507351505,-0.02689603474763127,-2949.6253041328346,106718.03889838434
WY,1995-11-24,6.408555507659912,4.120525389956072,0.24008989334106445,0.3846158429409837,0.8345433873007396,Hammer,1995-12-01,6.408555507659912,1995-12-08,6.6671142578125,Profit target (+1%),1,0.04034587042954407,0.0387552192938419,4135.8809959797545,110853.91989436411
WY,1999-09-03,9.676937103271484,5.14762961293691,0.6145734786987305,0.23728831970106776,0.7872968581614072,Hammer,1999-09-10,9.854018211364746,1999-09-17,10.354010581970215,Profit target (+1%),1,0.050739947895450666,0.049699915356748385,5509.430430204231,116363.35032456834
WY,2006-05-26,13.10578727722168,6.039053188321461,0.8722324371337891,0.2930236321372575,1.420646048362623,Hammer,2006-06-02,13.081445693969727,2006-09-08,12.823230743408203,RSI > 90,14,-0.0197390224752112,-0.020495630122479912,-2384.940185679965,113978.41013888839
WY,2014-02-07,18.521242141723633,3.4382512226256523,0.7934131622314453,0.18750075124345816,1.0325790953550897,Hammer,2014-02-14,18.496448516845703,2014-02-21,18.86836051940918,Profit target (+1%),1,0.02010721151278072,0.019561279336261377,2229.563516800198,116207.97365568859
WY,2014-09-26,20.503341674804688,8.846073110151337,0.6153564453125,0.20618738841499704,0.9677581138634661,Hammer,2014-10-03,20.36377716064453,2014-10-24,20.871286392211914,Profit target (+1%),3,0.02492215602065251,0.024425090796743792,2838.390305007414,119046.36396069599
WY,2016-01-22,16.91590690612793,3.7719986208070964,1.676950454711914,0.32936459642517957,1.5412872882775908,Hammer,2016-01-29,16.83605194091797,2016-02-05,16.929216384887695,Profit target (+1%),1,0.005533627735092805,0.004938197700564383,587.874480183385,119634.23844087937
WY,2022-09-30,24.92720603942871,4.393737661009197,1.26556396484375,0.1758635760790933,0.6374060744368191,Hammer,2022-10-07,25.28505516052246,2022-10-28,26.306232452392578,Profit target (+1%),3,0.0403865953776712,0.03998319835413233,4783.359480743884,124417.59792162327
WY,2025-04-11,24.717430114746094,3.4957949170276095,2.546854019165039,0.3605177920818402,1.5671608099947274,Hammer,2025-04-17,24.94736099243164,2025-05-23,25.21561050415039,Profit target (+1%),5,0.010752620760172915,0.010349702450885434,1287.685116855018,125705.28303847829
WY,2025-11-21,21.207374572753906,4.4685317548213135,0.9542350769042969,0.3622449999400353,0.7821492238798979,Hammer,2025-11-28,21.265796661376953,2025-12-05,21.57645606994629,Profit target (+1%),1,0.014608406800651785,0.014134844752442515,1776.8246585339111,127482.1076970122
WYNN,2009-02-06,17.784704208374023,3.8607617175634488,3.2091360092163086,0.17877084346823185,0.46560241899974236,Hammer,2009-02-13,17.928129196166992,2009-04-09,18.4958553314209,RSI > 90,8,0.03166678067978701,0.031100324385836348,3110.032435473602,103110.0324354736
WYNN,2013-06-28,102.50299835205078,4.965417910403048,6.295799255371094,0.39058510451367723,1.1334686201745092,Hammer,2013-07-05,103.55229949951172,2013-07-19,104.75379180908203,Profit target (+1%),2,0.01160275836825786,0.0115056332612838,1186.3462175752902,104296.37865304887
WYNN,2018-06-29,153.5164794921875,2.909583774777815,7.9813079833984375,0.3885057822862638,0.7948572624254446,Hammer,2018-07-06,146.11312866210938,2018-07-20,151.82847595214844,Profit target (+1%),2,0.03911590520558872,0.039046128925127196,4072.369843238461,108368.74849628733
WYNN,2022-05-13,64.10509490966797,4.470953359563765,10.021556854248047,0.18243220352854164,1.1972237613582848,Hammer,2022-05-20,62.808876037597656,2022-08-12,64.96602630615234,RSI > 90,12,0.03434467235591687,0.03418273801905648,3704.34053559727,112073.08903188459
XEL,1995-03-24,5.574244499206543,3.9336859867909624,0.16017961502075195,0.29999910693288007,1.079244125878613,Hammer,1995-03-31,5.606280326843262,1995-04-13,5.789226531982422,RSI > 90,2,0.03263236842852835,0.030821166483488475,3082.116645266731,103082.11664526672
XEL,2002-08-02,2.7615177631378174,0.7188504427669926,0.9868247509002686,0.26612890950879226,1.0635865931263446,Hammer,2002-08-09,2.666018486022949,2002-08-16,3.593156337738037,Profit target (+1%),1,0.3477612239284027,0.3433663437802234,35394.92946621681,138477.04611148353
XEL,2011-08-12,13.922942161560059,7.804363459065939,1.3016643524169922,0.2289716271007126,2.642801267408231,Hammer,2011-08-19,14.026345252990723,2011-08-26,14.385215759277344,Profit target (+1%),1,0.025585460774972812,0.024863653484134808,3443.0452865794387,141920.091398063
XEL,2014-08-08,20.909717559814453,5.619889161281435,0.9442214965820312,0.3043487043575925,1.5064182023970292,Hammer,2014-08-15,20.984981536865234,2014-08-22,21.265512466430664,Profit target (+1%),1,0.013368176144096688,0.012888573965169483,1829.1475932984008,143749.23899136137
XOM,1994-07-01,5.194321155548096,5.646942962462987,0.12502765655517578,0.2727286595830695,0.7202338426783998,Hammer,1994-07-08,5.171588897705078,1994-07-15,5.273884296417236,Profit target (+1%),1,0.019780264969930794,0.017829385438174486,1782.9385420345102,101782.9385420345
XOM,1997-10-31,12.675806999206543,5.34978447475612,1.8697786331176758,0.2620691062197638,2.4181881336282465,Hammer,1997-11-07,12.817652702331543,1997-11-28,13.163668632507324,Profit target (+1%),3,0.02699526490625237,0.02620486867859124,2667.2085355479285,104450.14707758244
XOM,2001-07-13,19.29436683654785,2.829081707992856,0.6732158660888672,0.356664655101584,0.8495855012027584,Hammer,2001-07-20,19.3325138092041,2002-03-01,18.65501594543457,RSI > 90,32,-0.035044478460270256,-0.03555254675201841,-3713.4687335174804,100736.67834406496
XOM,2008-08-08,41.14015197753906,4.491583602683946,2.0852279663085938,0.3533816292556208,0.8849479832869515,Hammer,2008-08-15,41.24520492553711,2008-08-29,42.16444778442383,Profit target (+1%),2,0.022287266133028005,0.02204214162155163,2220.452128324121,102957.13047238908
XOM,2010-05-28,33.116703033447266,5.41989971803649,1.7582626342773438,0.37694557383308963,1.1207326917987437,Hammer,2010-06-04,33.07288360595703,2010-06-18,33.99309539794922,Profit target (+1%),2,0.027823754437500625,0.027517231840923053,2833.095226051799,105790.22569844087
XOM,2011-08-12,40.67536926269531,6.178036218928,3.6775970458984375,0.16897703462440097,1.6249072927398123,Hammer,2011-08-19,41.262901306152344,2011-09-23,41.1894645690918,Profit target (+1%),5,-0.001779727908992168,-0.0020218313609301356,-213.88999578309495,105576.33570265779
XOM,2013-04-19,51.283851623535156,6.153457836729842,2.140491485595703,0.3342457990044857,1.585351724927655,Hammer,2013-04-26,51.377681732177734,2013-05-10,52.925872802734375,Profit target (+1%),2,0.03013353305092803,0.02993598268331271,3160.531354201842,108736.86705685963
XOM,2013-08-23,52.037147521972656,3.9985402170550373,0.879974365234375,0.2364921102826426,0.6393314678831328,Hammer,2013-08-30,52.02526092529297,2013-09-20,52.84577178955078,Profit target (+1%),3,0.01577139354353352,0.0155776820996838,1693.8683458334708,110430.7354026931
XOM,2014-02-07,54.60704040527344,3.723691861173336,1.7539558410644531,0.37148561622831344,1.0538559635996905,Hammer,2014-02-14,54.52866744995117,2014-02-21,56.711021423339844,Profit target (+1%),1,0.04002214019610384,0.03983509774732039,4399.019134675735,114829.75453736885
XOM,2014-10-17,55.74581527709961,3.938326872500454,3.434833526611328,0.2348756859291376,1.8442157526953715,Hammer,2014-10-24,55.39133071899414,2014-10-31,57.35933303833008,Profit target (+1%),1,0.03552906734304351,0.0353453431648422,4058.6970755991997,118888.45161296804
XOM,2016-08-05,56.72919845581055,7.621147500328874,1.6650733947753906,0.2295727956489167,0.7577333809872177,Hammer,2016-08-12,57.04666519165039,2016-12-16,59.42030334472656,RSI > 90,18,0.041608710081506795,0.041429783778197185,4925.522839124402,123813.97445209244
XOM,2017-01-27,56.36820983886719,3.7100192908659295,0.7448921203613281,0.3274303652909576,0.4154753504838429,Hammer,2017-02-03,56.30887985229492,2017-09-22,54.099117279052734,RSI > 90,33,-0.03924358962633723,-0.03941768137916222,-4880.4597903598515,118933.51466173258
XOM,2019-05-10,55.798744201660156,4.965183155439405,1.371307373046875,0.3941999554912652,0.6587708044265155,Hammer,2019-05-17,55.13551712036133,2019-06-28,56.50570297241211,Profit target (+1%),6,0.02485123788826815,0.024667629595887745,2933.807883278896,121867.32254501147
XYL,2019-08-09,70.5807113647461,6.498240801787702,3.2800445556640625,0.3501402580002884,1.0017922907000028,Hammer,2019-08-16,70.13969421386719,2019-09-13,72.45022583007812,Profit target (+1%),4,0.03294185471019806,0.03279694411663894,3279.6944083842,103279.6944083842
XYL,2024-07-05,130.99398803710938,8.634677959203813,5.463783264160156,0.3553590104852482,1.1728383423437234,Hammer,2024-07-12,131.53060913085938,2024-07-19,135.28697204589844,Profit target (+1%),1,0.028558849836252787,0.028481739201982555,2941.585318058469,106221.27972644266
YUM,1999-05-21,7.080521106719971,4.2669182403187165,0.4655270576477051,0.3387098591491589,0.8125386294569565,Hammer,1999-05-28,7.103046894073486,1999-11-19,5.3010053634643555,RSI > 90,25,-0.25369979355094585,-0.2549281902065062,-25492.818995157795,74507.18100484222
YUM,2008-10-10,13.981047630310059,4.099312954982608,3.6968374252319336,0.305898362275453,2.267750827705958,Hammer,2008-10-17,14.493228912353516,2008-11-07,14.808984756469727,Profit target (+1%),3,0.02178643875879671,0.021089185856052243,1571.2957862503472,76078.47679109257
YUM,2013-10-25,37.706138610839844,3.358802117357726,1.8125190734863281,0.22187519073285614,1.1106649344985573,Hammer,2013-11-01,37.706138610839844,2013-11-08,39.031551361083984,Profit target (+1%),1,0.035151113295465164,0.03488127907827291,2653.714578146294,78732.19136923886
YUM,2014-10-17,39.5275764465332,4.566810125416751,2.034099578857422,0.27238305637186416,1.3043116943231903,Hammer,2014-10-24,39.429290771484375,2014-10-31,40.29650115966797,Profit target (+1%),1,0.0219940651027577,0.021737690000588478,1711.4559673400659,80443.64733657894
YUM,2022-05-13,104.0086669921875,5.331358421519624,5.0377349853515625,0.21591958879670942,0.8977026510520938,Hammer,2022-05-20,103.71368408203125,2022-06-03,109.83228302001953,Profit target (+1%),2,0.05899509782285661,0.0588958391831984,4737.796112107284,85181.44344868622
YUM,2025-04-11,141.56988525390625,7.197503074286942,9.626739501953125,0.3995939121696376,1.42207177495312,Hammer,2025-04-17,143.52256774902344,2025-05-09,145.9731903076172,Profit target (+1%),3,0.017074823820593332,0.01700455596698672,1448.4726210234262,86629.91606970965
ZBH,2001-08-17,24.046598434448242,0.0,1.6059684753417969,0.34759438948206034,,Hammer,2001-08-24,23.746015548706055,2001-10-12,24.81952476501465,RSI > 90,7,0.04520797243254093,0.04477742074344833,4477.74206986709,104477.74206986709
ZBH,2006-07-21,46.80498504638672,7.70284230820414,2.919940948486328,0.32352945018910567,0.9846665725889964,Hammer,2006-07-28,47.23439025878906,2006-08-04,53.761322021484375,Profit target (+1%),1,0.13818177236829743,0.13795545892937977,14413.27484074061,118891.0169106077
ZBH,2008-04-25,64.06700897216797,7.6601852809848765,6.913402557373047,0.36894411377321834,1.959013223126321,Hammer,2008-05-02,64.1700668334961,2008-07-25,62.20339584350586,RSI > 90,12,-0.0306477940110802,-0.030801229940574323,-3661.9895460703483,115229.02736453735
ZBH,2016-01-22,88.43726348876953,9.164163613194859,6.315032958984375,0.39265503960257286,1.3868486775932474,Hammer,2016-01-29,87.83073425292969,2016-03-18,92.76324462890625,RSI > 90,7,0.056159275200549086,0.0560422294848907,6457.691588426462,121686.71895296381
ZBH,2019-05-31,104.40299224853516,4.562840464644921,3.509735107421875,0.27937429895571575,0.6752906521855356,Hammer,2019-06-07,104.57711029052734,2019-06-14,111.193359375,Profit target (+1%),1,0.06326670402435064,0.06316806063791033,7686.714033962458,129373.43298692627
ZBH,2020-09-25,124.99264526367188,8.231737161997955,6.9836273193359375,0.21868929970568893,0.7719902102669111,Hammer,2020-10-02,126.9826889038086,2020-10-16,139.1679229736328,RSI > 90,2,0.0959598050333832,0.09587727893092678,12403.97270833512,141777.4056952614
ZBH,2023-10-06,108.37718963623047,5.739561013840188,3.7425308227539062,0.26631820785622407,0.6318474365073217,Hammer,2023-10-13,107.75180053710938,2023-11-24,109.07097625732422,Profit target (+1%),6,0.012242725538126997,0.012149355898554084,1722.504158442916,143499.9098537043
ZBH,2025-02-14,99.26720428466797,8.586942025022111,4.147651672363281,0.3261913652575873,0.8320658904036506,Hammer,2025-02-21,98.84255981445312,2025-02-28,103.21734619140625,Profit target (+1%),1,0.04426014851462212,0.044156743830057764,6336.4887527099145,149836.3986064142
ZBRA,2021-09-24,559.47998046875,8.538699421096254,20.75,0.10650708301957831,0.8199231160133735,Hammer,2021-10-01,556.0,2021-11-12,612.22998046875,RSI > 90,6,0.10113305839703246,0.10111204706642948,10111.204697542955,110111.20469754295
ZBRA,2022-01-28,492.57000732421875,3.5573662117001135,31.339996337890625,0.35386080516169743,0.9415532438977229,Hammer,2022-02-04,493.94000244140625,2022-02-11,505.5400085449219,Profit target (+1%),1,0.023484646001903142,0.02346416310769422,2583.667264424187,112694.87196196715
ZBRA,2022-02-25,418.07000732421875,4.390550140486141,38.529998779296875,0.2042563033097277,1.0773047548152905,Hammer,2022-03-04,414.25,2022-03-25,437.6199951171875,Profit target (+1%),3,0.05641519642048887,0.05639037577624284,6354.906171635996,119049.77813360313
ZBRA,2022-05-13,336.8599853515625,1.0277126440599176,32.719390869140625,0.20536417979217442,0.9474945859563356,Hammer,2022-05-20,333.07000732421875,2022-06-03,343.7799987792969,Profit target (+1%),2,0.032155376406056035,0.03212487043395203,3824.4586939082774,122874.23682751141
ZBRA,2023-05-05,273.79998779296875,6.683209025893547,44.589996337890625,0.37093540935922664,1.7840257108446935,Hammer,2023-05-12,274.0,2023-05-26,279.7099914550781,Profit target (+1%),2,0.020839384872547884,0.020802508914356102,2556.0924043929163,125430.32923190434
ZTS,2016-02-12,37.13920593261719,1.5912085121732957,2.480236053466797,0.20740596051241272,1.0715132110730516,Hammer,2016-02-19,38.26908874511719,2016-03-04,38.67327117919922,Profit target (+1%),2,0.010561590237332164,0.01029893714013811,1029.8937129839173,101029.8937129839
ZTS,2019-11-15,111.13549041748047,9.025768505772504,3.0064697265625,0.2695932640383288,0.5964750555868342,Hammer,2019-11-22,110.81505584716797,2019-11-29,113.79324340820312,Profit target (+1%),1,0.02687529720819315,0.026783848269563933,2705.969341192763,103735.86305417666
ZTS,2022-01-28,186.4368896484375,3.5620209291309664,13.765579223632812,0.33564487147796185,1.3375071001844843,Hammer,2022-02-04,187.10511779785156,2022-02-11,190.83767700195312,Profit target (+1%),1,0.019948995773243494,0.019895018227305616,2063.826884224297,105799.68993840094
ZTS,2022-05-13,158.10333251953125,3.218509993573363,9.68719482421875,0.3030605172794002,0.9415495827265593,Hammer,2022-05-20,157.44349670410156,2022-06-03,163.219482421875,Profit target (+1%),2,0.03668608636550297,0.036621408514364295,3874.533662052725,109674.22360045367
