ticker,signal_date,signal_close,rsi_at_signal,signal_range,signal_body_percentile,signal_atr_mult,pattern,entry_date,entry_price,exit_date,exit_price,exit_reason,bars_held,gross_return,net_return,pnl,equity_after
AAPL,2015-07-10,27.52686,2.0454190892681936,1.5652399999999993,0.4208300324550867,1.4304170428784795,Hammer,2015-07-17,27.91761,2016-08-12,24.63216,RSI(2) acum > 190,56,-0.11768378453599715,-0.11802084404000919,-11802.084392198838,88197.91560780116
AAPL,2016-11-04,25.06258,9.198226071549414,1.2748899999999992,0.8681533308756053,1.181254448116759,Hammer,2016-11-11,25.34812,2017-02-03,27.84655,RSI(2) acum > 190,12,0.09856470617939306,0.09815083902888477,8656.699408847755,96854.61501664891
AAPL,2017-06-16,33.03835,7.910536243422911,1.230789999999999,0.9867889729360796,1.130181469128956,Hammer,2017-06-23,33.36114,2017-08-25,36.71874,RSI(2) acum > 190,9,0.10064404273954652,0.10032925594629763,9717.35144986814,106571.96646651704
AAPL,2018-02-02,37.55265,6.5171223482607985,2.3537699999999973,0.9602382560742982,1.5793094345853007,Hammer,2018-02-09,37.22509,2018-08-17,49.15425,RSI(2) acum > 190,27,0.3204602057375816,0.32014856799970115,34118.862419048746,140690.82888556577
AAPL,2018-11-02,49.10218,2.5554384610701106,4.0066500000000005,0.8789138057978617,1.7095102039659045,Hammer,2018-11-09,48.34961,2019-02-22,40.47654,RSI(2) acum > 190,15,-0.16283626693162567,-0.16302623472715427,-22936.296070919845,117754.53281464592
AAPL,2020-02-28,66.05086,5.956291502986801,11.552130000000005,0.6446352317711105,3.0198243659690522,Hammer,2020-03-06,68.20616,2020-06-19,80.73981,RSI(2) acum > 190,15,0.18376126144618032,0.18360118784081678,21619.872076789557,139374.40489143546
AAPL,2020-09-18,103.7275,8.273499065000038,12.367899999999992,0.9411217749173262,1.4699936381768213,Hammer,2020-09-25,101.4945,2020-12-31,130.3109,RSI(2) acum > 190,14,0.28392080359034244,0.28380829462214113,39555.612126658496,178930.01701809393
AAPL,2021-02-26,118.1067,7.6671584585186565,11.035399999999996,0.7466879315656885,1.354894561677578,Hammer,2021-03-05,120.532,2021-04-23,130.0381,RSI(2) acum > 190,7,0.07886785252049244,0.07878161892199066,14096.39640032838,193026.4134184223
AAPL,2022-01-21,158.9243,9.364004130819183,10.020200000000017,0.9892616913834065,1.195824669377814,Hammer,2022-01-28,156.5856,2022-08-12,163.473,RSI(2) acum > 190,28,0.04398488749923368,0.04391962225063327,8477.64715325403,201504.06057167632
AAPL,2022-09-30,135.7935,1.8863713167183818,16.4289,0.9880393696473905,1.619819177109915,Hammer,2022-10-07,135.8034,2023-02-10,150.1669,RSI(2) acum > 190,18,0.10576686592530082,0.10568933880378518,21296.830906801515,222800.89147847786
AAPL,2023-08-18,172.4687,6.778003419497679,7.640500000000003,0.672704665925002,1.0396013117314817,Hammer,2023-08-25,173.042,2023-12-15,191.1245,RSI(2) acum > 190,16,0.10449775199084632,0.10443694487624752,23268.644398447956,246069.53587692583
AAPL,2024-01-05,179.3172,4.719393962711948,8.184899999999999,0.8778726679617326,1.099345518392861,Hammer,2024-01-12,180.2129,2024-06-14,195.3889,RSI(2) acum > 190,22,0.0842115076112755,0.08415368284726445,20707.657659852717,266777.1935367785
AAPL,2025-01-17,228.7305,6.179901344549819,10.870599999999996,0.8215921844240421,1.0801096221895157,Hammer,2025-01-24,222.783,2026-03-19,248.96,End of data,60,0.11749998877831791,0.11745246602150917,31333.639227858424,298110.8327646369
ABNB,2022-05-06,135.84,5.670278451868441,25.700000000000017,0.8910505836575872,1.303813567581292,Hammer,2022-05-13,131.76,2022-08-19,123.55,RSI(2) acum > 190,14,-0.06231026108075288,-0.062383789321898725,-6238.378925951494,93761.6210740485
ABNB,2024-07-26,140.1,9.419643987756814,13.669999999999987,0.8156547183613765,1.5542814220197132,Hammer,2024-08-02,141.24,2026-01-02,136.5,RSI(2) acum > 190,74,-0.033559898045879444,-0.03362950900916844,-3153.157277470794,90608.46379657771
ABNB,2026-02-06,122.18,8.212047973934787,12.719999999999985,0.8097484276729556,1.567248958139782,Hammer,2026-02-13,121.81,2026-03-19,130.79,End of data,5,0.07372136934570217,0.07363625169314114,6672.067638981594,97280.53143555931
ADBE,2016-02-05,79.2,3.0219551099347512,12.408299999999997,0.8895900324782601,2.406118927203254,Hammer,2016-02-12,77.4,2016-06-03,100.14,RSI(2) acum > 190,16,0.2937984496124031,0.2936502809896001,29365.02806959499,129365.02806959498
ADBE,2016-06-24,92.2,5.241173407779357,7.8799999999999955,0.9796954314720816,1.8058303645487936,Hammer,2016-07-01,91.36,2017-02-10,114.68,RSI(2) acum > 190,32,0.25525394045534155,0.2551305204399935,33004.96690512517,162369.99497472015
ADBE,2018-08-17,245.7,6.489277318807908,12.890000000000015,0.8456167571761072,1.1443814550610574,Hammer,2018-08-24,246.08,2019-05-10,277.6,RSI(2) acum > 190,37,0.1280884265279585,0.12804518763841782,20790.696452596305,183160.69142731643
ADBE,2019-09-13,278.35,9.418837497238002,14.590000000000032,0.5880740233036302,1.033667308534875,Hammer,2019-09-20,276.62,2019-11-29,300.48,RSI(2) acum > 190,10,0.08625551297809264,0.08621780388612758,15791.712557336188,198952.4039846526
ADBE,2020-03-13,335.5,9.496177827065381,52.999900000000025,0.45886879031847194,2.569665578841586,Hammer,2020-03-20,288.3558,2020-06-05,387.08,RSI(2) acum > 190,11,0.3423693922577593,0.34232877700436387,68107.13307003712,267059.5370546898
ADBE,2020-10-30,447.1,6.776182313697788,46.26999999999998,0.9007996542035869,1.3846426976233108,Hammer,2020-11-06,451.0,2021-04-23,523.13,RSI(2) acum > 190,24,0.15993348115299333,0.15990953537100483,42705.36644410572,309764.9034987955
ADBE,2021-09-24,622.71,5.876654376138049,38.870000000000005,0.803190120915871,1.6325785520993132,Hammer,2021-10-01,615.8,2022-08-19,445.07,RSI(2) acum > 190,46,-0.2772491068528743,-0.27726309464846827,-85886.3756716738,223878.52782712175
ADBE,2023-02-24,320.54,5.289579113726646,35.19999999999999,0.9448863636363637,1.2289704460943127,Hammer,2023-03-03,322.02,2023-06-23,485.63,RSI(2) acum > 190,16,0.5080740326687785,0.5080350904432887,113738.148019224,337616.6758463457
ADBE,2024-02-16,546.66,8.121894017174071,79.97500000000002,0.9963738668333859,2.2853905101336913,Hammer,2024-02-23,531.495,2024-07-12,573.18,RSI(2) acum > 190,20,0.0784297124149802,0.07841015992474128,26472.57751989893,364089.25336624467
ADBE,2025-04-04,349.07,1.9176056476066208,39.19999999999999,0.9931122448979597,1.3041337537924171,Hammer,2025-04-11,335.54,2026-03-19,245.99,End of data,49,-0.26688323299755623,-0.2669090583975323,-97178.71969146622,266910.5336747784
ADI,2015-07-10,49.5964,5.822208228245756,2.765660000000004,0.8163259402818848,1.2184985943836508,Hammer,2015-07-17,50.03988,2016-03-24,48.46432,RSI(2) acum > 190,36,-0.03148608669725017,-0.031682761553229764,-3168.2761521547,96831.7238478453
ADI,2016-04-29,46.45184,3.5676881931189115,3.2908899999999974,0.8897258796252696,1.335865057371758,Hammer,2016-05-06,46.4436,2016-08-05,53.3276,RSI(2) acum > 190,13,0.14822279065360977,0.1479915433403803,14330.276242221862,111162.00009006714
ADI,2016-09-09,49.85918,5.019109248232553,3.395309999999995,0.9384209394723897,1.4612735188472352,Hammer,2016-09-16,49.4494,2016-12-02,61.89329,RSI(2) acum > 190,11,0.2516489583291204,0.25142130932738055,27948.495582146585,139110.49567221373
ADI,2017-04-13,64.69814,3.9670136140714902,3.086500000000001,0.9890426048922756,1.2705771523369533,Hammer,2017-04-21,64.92646,2017-11-10,79.02443,RSI(2) acum > 190,29,0.21713751219456578,0.2169667831279319,30182.356715149952,169292.85238736367
ADI,2017-12-01,73.40756,7.426365200811844,4.219449999999995,0.6036829444595849,1.358640237154678,Hammer,2017-12-08,73.54509,2018-01-19,79.40738,RSI(2) acum > 190,6,0.07971014788342767,0.07956876735296992,13470.423572660395,182763.27596002407
ADI,2018-02-09,72.14399,7.346878750826789,7.4439100000000025,0.6558891765214782,2.109455092275428,Hammer,2018-02-16,72.46203,2018-06-15,87.55926,RSI(2) acum > 190,17,0.20834677140565883,0.20819440233717318,38050.29096963076,220813.56692965486
ADI,2018-08-10,82.41995,4.857501255168188,4.01943,0.8142547575153697,1.1435095896438936,Hammer,2018-08-17,82.63698,2019-02-08,88.11279,RSI(2) acum > 190,25,0.06626343315063066,0.06613842020726039,14604.260462453265,235417.82739210813
ADI,2019-05-17,88.88161,6.174503888802008,7.620570000000001,0.9253887832537465,1.4557119042314972,Hammer,2019-05-24,86.28117,2021-01-22,144.7506,RSI(2) acum > 190,87,0.6776615337970033,0.6775063721103858,159497.0780070391,394914.9053991472
ADI,2021-04-30,140.5129,7.4008791858204575,8.578000000000003,0.9368967125204003,1.1319999067231468,Hammer,2021-05-07,141.2836,2022-06-03,156.4885,RSI(2) acum > 190,56,0.10761970957704925,0.10754512395196762,42471.172409159684,437386.07780830684
ADI,2022-06-17,135.6078,5.925485301624278,11.9452,0.7692294812979279,1.1693684133088569,Hammer,2022-06-24,138.1393,2022-08-12,165.2271,RSI(2) acum > 190,7,0.19609046809995423,0.19601098271879502,85732.4748529931,523118.5526612999
ADI,2022-09-02,140.0289,5.7783568957321165,10.65549999999999,0.8152128009009435,1.0292707051772323,Hammer,2022-09-09,140.0101,2023-12-15,179.0309,RSI(2) acum > 190,66,0.27869989379337645,0.2786185204310107,145750.5170067526,668869.0696680525
ADI,2024-04-19,177.6558,5.18075952978414,12.895800000000008,0.9406473425456351,1.3022861436783217,Hammer,2024-04-26,178.7022,2024-06-07,227.7765,RSI(2) acum > 190,6,0.27461497396226786,0.2745513331303943,183638.89458341151,852507.9642514639
ADI,2024-08-02,202.292,4.821781354066104,24.75630000000001,0.9508811898385459,1.9994983170119005,Hammer,2024-08-09,200.4146,2025-07-11,242.2289,RSI(2) acum > 190,48,0.20863899137088815,0.20858389099668886,177819.42811141704,1030327.392362881
ADI,2025-10-10,223.8262,3.750862152999332,20.165400000000005,0.9699485256925231,1.456347310204574,Hammer,2025-10-17,226.8063,2026-02-13,318.3283,RSI(2) acum > 190,17,0.40352494617653933,0.403471961053087,415708.2131076568,1446035.6054705377
ADP,2015-06-05,66.16334,8.271673729278916,2.1593799999999987,0.6254526762311393,1.1401970282990688,Hammer,2015-06-12,65.91206,2015-10-23,68.8113,RSI(2) acum > 190,19,0.04398648745009659,0.04383144515243861,4383.144510860717,104383.14451086071
ADP,2016-01-08,62.48632,8.692836455139613,4.326770000000003,0.9390029976171604,1.5484520642445008,Hammer,2016-01-15,62.74224,2016-03-24,70.98813,RSI(2) acum > 190,10,0.13142485827729455,0.13125501615688576,13700.811305578754,118083.95581643947
ADP,2016-04-29,71.17323,8.90602709833533,2.808630000000008,0.7020041799738654,1.2001932187797197,Hammer,2016-05-06,71.01227,2016-07-22,77.15659,RSI(2) acum > 190,11,0.08652476536801301,0.08637786273676801,10199.839716727147,128283.79553316662
ADP,2016-09-09,70.51186,9.570699818928446,2.867059999999995,0.9943182214533361,1.3110712703595702,Hammer,2016-09-16,70.42226,2016-11-25,76.94646,RSI(2) acum > 190,10,0.09264400205276013,0.09249543429632226,11865.665369155187,140149.4609023218
ADP,2017-02-03,79.37256,2.95312895299233,6.5734099999999955,0.6559669942997637,2.7061559257756036,Hammer,2017-02-10,79.21688,2017-10-20,94.87979,RSI(2) acum > 190,36,0.19772187442878342,0.19758316768044362,27691.174406096055,167840.63530841787
ADP,2018-02-09,93.32129,6.827345089560268,10.075010000000006,0.682461853635877,2.7408761442842224,Hammer,2018-02-16,93.77353,2018-05-11,105.5565,RSI(2) acum > 190,12,0.12565347598624044,0.12554014229056498,21070.737217686867,188911.37252610474
ADP,2018-10-12,119.6645,6.684402236785232,13.019200000000012,0.760284810126582,2.9042648618766873,Hammer,2018-10-19,119.0692,2019-02-15,125.8789,RSI(2) acum > 190,17,0.05719111239514496,0.05710472965596249,10787.7328462523,199699.10537235704
ADP,2020-02-28,135.0573,5.943793317321791,23.260099999999994,0.8420256146792148,3.5782500870149354,Hammer,2020-03-06,135.7643,2020-11-13,154.2578,RSI(2) acum > 190,36,0.13621769493158364,0.13613902406508685,27186.84128487679,226885.9466572338
ADP,2021-01-15,144.0462,3.0806472744857984,10.969799999999992,0.8524859158781379,1.5102693262759879,Hammer,2021-01-22,144.0551,2021-03-12,160.2729,RSI(2) acum > 190,7,0.11258053342089225,0.11250721053227086,25526.30494185268,252412.25159908648
ADP,2021-09-17,180.1876,2.6137921875515104,6.2035999999999945,0.8172512734541225,1.0134816818274484,Hammer,2021-09-24,178.5641,2021-10-29,197.5742,RSI(2) acum > 190,5,0.1064609291565326,0.1064019474813952,26857.15511144956,279269.40671053604
ADP,2022-01-21,197.8083,7.387214203285794,11.49690000000001,0.9762283746053279,1.3534815944794665,Hammer,2022-01-28,196.6695,2022-04-01,200.5886,RSI(2) acum > 190,9,0.019927340029847196,0.019875987990308968,5550.75536828857,284820.1620788246
ADP,2022-05-20,191.0211,3.534316682214751,10.940799999999996,0.5824254167885342,1.0733700651744098,Hammer,2022-05-27,193.4473,2022-08-12,229.6261,RSI(2) acum > 190,11,0.18702147820103976,0.1869649520837953,53251.38790231486,338071.5499811395
ADP,2023-01-27,204.9806,6.719625065379603,20.09880000000001,0.9727496168925498,1.6102886534215508,Hammer,2023-02-03,204.2843,2023-08-04,235.3219,RSI(2) acum > 190,26,0.15193335953864295,0.15188069076549784,51346.54048795145,389418.0904690909
ADP,2023-09-22,225.8825,6.4787074699879525,9.9281,0.8355475871516201,1.2508962368520198,Hammer,2023-09-29,226.3638,2024-03-01,243.6014,RSI(2) acum > 190,22,0.07614998511246052,0.07610412742392073,29636.32394860326,419054.4144176942
ADP,2024-05-03,230.9901,7.711536031077145,13.746800000000007,0.8214711787470529,1.7169652181551989,Hammer,2024-05-10,231.3625,2024-09-06,262.201,RSI(2) acum > 190,17,0.13329083148738463,0.13324472970490686,55836.79212489689,474891.2065425911
ADP,2025-03-14,284.6029,9.305938253778095,19.29920000000004,0.8057017907478038,1.8227445523394177,Hammer,2025-03-21,284.915,2025-05-30,314.9595,RSI(2) acum > 190,10,0.1054507484688414,0.10541380036501463,50060.08679152155,524951.2933341126
ADP,2025-06-27,297.4852,8.94153790380102,14.940400000000011,0.5603665229846579,1.2268063215754133,Hammer,2025-07-03,297.4067,2026-03-19,210.66,End of data,37,-0.2916770200536841,-0.2917057398885115,-153131.3052743271,371819.9880597855
ADSK,2015-06-26,52.2,4.21602629896843,2.960000000000001,0.8682432432432431,1.1298703917962296,Hammer,2015-07-02,51.43,2015-11-13,62.54,RSI(2) acum > 190,19,0.2160217771728563,0.21580635753864102,21580.635732283466,121580.63573228347
ADSK,2016-01-08,55.06,9.489915033118308,6.199999999999996,0.9258064516129031,1.728061756772185,Hammer,2016-01-15,55.3,2016-03-18,56.21,RSI(2) acum > 190,9,0.016455696202531733,0.01627339300244116,1978.5294647795595,123559.16519706303
ADSK,2016-05-20,56.19,6.51647277129517,4.009999999999998,0.7905236907730682,1.0926572215755888,Hammer,2016-05-27,56.18,2016-08-26,63.33,RSI(2) acum > 190,13,0.1272694909220362,0.1270801815431165,15701.921128856775,139261.0863259198
ADSK,2017-04-07,84.79,9.135080236649543,4.420000000000002,0.5271493212669678,1.0733567482631607,Hammer,2017-04-13,84.91,2017-05-12,93.37,RSI(2) acum > 190,4,0.09963490754916982,0.09951127598186428,13858.048381054785,153119.13470697458
ADSK,2017-12-01,107.06,9.306016712763807,24.89999999999999,0.9654618473895582,3.7646247615228132,Hammer,2017-12-08,108.0,2019-02-15,155.0,RSI(2) acum > 190,62,0.4351851851851851,0.43507245034952075,66617.91706574385,219737.05177271846
ADSK,2019-05-24,161.22,6.339646555300746,16.960000000000008,0.840212264150943,1.6549459125094297,Hammer,2019-05-31,161.52,2019-11-29,168.0,RSI(2) acum > 190,26,0.04011887072808307,0.04005571892895828,8801.72557528424,228538.7773480027
ADSK,2020-03-06,173.42,3.9148048401784195,24.17999999999998,0.7985938792390413,2.167993994263185,Hammer,2020-03-13,157.82,2020-06-12,231.14,RSI(2) acum > 190,13,0.46457990115321257,0.46450182163788994,106156.67828688672,334695.4556348894
ADSK,2020-09-18,225.13,9.045009716651947,20.160000000000025,0.740079365079365,1.1083116208128423,Hammer,2020-09-25,220.8,2020-12-24,302.84,RSI(2) acum > 190,13,0.3715579710144925,0.3715042684721811,124340.79028226217,459036.24591715157
ADSK,2021-01-29,277.43,7.947255418885561,29.792599999999993,0.8411484731107728,1.533741773664231,Hammer,2021-02-05,280.41,2021-08-13,333.175,RSI(2) acum > 190,27,0.18817089262151843,0.18813187596954492,86359.34999605175,545395.5959132032
ADSK,2021-09-03,288.75,4.536324619086017,34.22000000000003,0.875803623611923,1.8264547390433783,Hammer,2021-09-10,290.76,2021-11-19,330.74,RSI(2) acum > 190,10,0.13750171963131108,0.13746496311454287,74972.78540006981,620368.3813132731
ADSK,2021-11-26,254.17,4.493032945508531,80.15999999999997,0.8862275449101799,3.6912313538822294,Hammer,2021-12-03,257.21,2022-08-19,232.38,RSI(2) acum > 190,37,-0.09653590451382132,-0.09657290593472377,-59910.77727353279,560457.6040397403
ADSK,2023-02-24,192.53,7.290037830103998,30.110000000000014,0.9637994021919627,1.6542251838307729,Hammer,2023-03-03,195.0,2024-07-19,253.33,RSI(2) acum > 190,72,0.29912820512820515,0.2990692546344966,167615.63772678532,728073.2417665255
ADSK,2024-08-02,231.37,8.900776160831327,20.095,0.9641701915899478,1.402348591122297,Hammer,2024-08-09,226.7,2024-10-25,291.36,RSI(2) acum > 190,11,0.2852227613586238,0.28517236055667083,207626.36480508145,935699.6065716071
ADSK,2025-02-28,274.21,6.450470732566814,26.05000000000001,0.7278310940499051,1.6107957814361462,Hammer,2025-03-07,278.26,2025-05-23,294.59,RSI(2) acum > 190,11,0.058686120894127836,0.05864912942698495,54877.967275719115,990577.5738473262
ADSK,2025-10-10,303.5,6.718103640282067,23.769999999999982,0.9549852755574256,1.466290885724375,Hammer,2025-10-17,303.63,2026-03-19,247.65,End of data,22,-0.18436913348483353,-0.1843990317321784,-182661.54529039585,807916.0285569305
AEP,2015-09-04,36.24879,7.1936191836680194,1.6558300000000017,0.8958347173320933,1.1135842029450702,Hammer,2015-09-11,36.72485,2016-02-12,43.75399,RSI(2) acum > 190,22,0.1914001010215154,0.19110178778296116,19110.17875918594,119110.17875918593
AEP,2016-04-22,44.11257,8.660111204293827,3.1077099999999973,0.8348398016545948,1.8220330347173155,Hammer,2016-04-29,44.07038,2016-07-08,49.84946,RSI(2) acum > 190,10,0.13113297412003266,0.13089121409730334,15590.475893546201,134700.65465273213
AEP,2016-08-26,46.25977,3.64293324928677,1.6876300000000057,0.974573810610142,1.098409852332687,Hammer,2016-09-02,46.38848,2017-02-24,46.61309,RSI(2) acum > 190,25,0.004841934894180611,0.004625865531104846,623.1071147522241,135323.76176748433
AEP,2017-09-22,52.29374,9.33567595798121,1.9785200000000032,0.951312091866647,1.5387396530061217,Hammer,2017-09-29,52.3382,2017-11-24,57.15724,RSI(2) acum > 190,8,0.09207500449002826,0.09187516238976602,12432.89257514874,147756.65434263306
AEP,2017-12-22,55.02785,5.292779402833858,2.45814,0.9908833508262341,1.7036040834196569,Hammer,2017-12-29,55.10257,2018-11-23,59.61737,RSI(2) acum > 190,47,0.0819344723848634,0.08174557506346235,12078.452666613317,159835.10700924636
AEP,2019-11-08,71.25506,6.721167084984685,3.749300000000005,0.8421038593870861,1.7057229762228034,Hammer,2019-11-15,71.39906,2020-01-31,81.70292,RSI(2) acum > 190,11,0.14431366463368,0.1441635111504863,23042.390208524273,182877.4972177706
AEP,2020-02-28,71.89928,6.276431770909568,12.791409999999999,0.8211581053222428,4.306970888270754,Hammer,2020-03-06,72.13287,2020-10-16,73.50383,RSI(2) acum > 190,32,0.019006037053565183,0.0188660962681598,3450.1844643404,186327.68168211103
AEP,2020-11-20,68.15034,5.288101443018476,7.4354900000000015,0.813333082285094,1.7414193916737561,Hammer,2020-11-27,68.75344,2021-04-23,73.83158,RSI(2) acum > 190,21,0.07386015885168806,0.07370935117201628,13734.092508440292,200061.77419055134
AEP,2021-06-11,71.27003,2.8396668671241656,3.666080000000008,0.3532137869331817,1.3704275610679906,Hammer,2021-06-18,71.24481,2022-01-07,75.85172,RSI(2) acum > 190,29,0.06466309616096955,0.06451820713627174,12907.626974368388,212969.40116491972
AEP,2022-02-18,73.99256,2.9482702884546654,3.323669999999993,0.6077919889760427,1.2750106741657874,Hammer,2022-02-25,73.99256,2022-08-26,92.07817,RSI(2) acum > 190,26,0.2444247097275727,0.2442730544088211,52022.68606614981,264992.0872310695
AEP,2022-09-30,75.81102,3.6455780947142102,10.29522,0.968484403441597,2.4274706575978127,Hammer,2022-10-07,76.90719,2022-12-02,86.00281,RSI(2) acum > 190,8,0.11826748578383883,0.11812977890760874,31303.45664556855,296295.5438766381
AEP,2023-05-19,78.03311,6.189509240962394,5.733489999999989,0.8710698021623845,1.5280769875237463,Hammer,2023-05-26,78.57401,2024-05-24,87.35916,RSI(2) acum > 190,52,0.11180732662110549,0.11167295184808261,33088.197971049056,329383.74184768717
ALNY,2015-08-07,106.19,8.13523133093797,32.900000000000006,0.72370820668693,2.6518350928885046,Hammer,2015-08-14,104.85,2015-12-11,105.84,RSI(2) acum > 190,17,0.009442060085836923,0.009346240045777568,934.6240036431327,100934.62400364313
ALNY,2016-01-15,75.98,7.652987298006948,17.11,0.5850379894798359,1.337975264994821,Hammer,2016-01-22,77.52,2016-08-12,76.86,RSI(2) acum > 190,29,-0.008513931888544879,-0.008642373427926406,-872.3147115745137,100062.3092920686
ALNY,2016-10-07,34.27,2.0817622735937675,38.50800000000001,0.9711748208164536,3.7297934728642557,Hammer,2016-10-14,35.1,2017-05-26,71.89,RSI(2) acum > 190,32,1.0481481481481483,1.047714000854579,104836.68229830483,204898.99159037345
ALNY,2018-04-06,95.08,6.137586838607376,25.69999999999999,0.9194552529182881,1.8654048236467327,Hammer,2018-04-13,96.16,2019-12-06,118.01,RSI(2) acum > 190,86,0.22722545757071555,0.22710965527998747,46534.53930077223,251433.53089114567
ALNY,2020-03-13,101.57,4.632969116323423,29.189999999999998,0.43131209318259695,2.634472584833078,Hammer,2020-03-20,118.81,2020-05-01,147.28,RSI(2) acum > 190,6,0.23962629408298963,0.23953204561713587,60226.38793086905,311659.9188220147
ALNY,2020-09-04,122.83,1.3873390665738867,15.195000000000007,0.7920368542283649,1.093160393200516,Hammer,2020-09-11,122.03,2021-06-25,175.86,RSI(2) acum > 190,41,0.44112103581086637,0.44102101856024917,137448.5747058409,449108.49352785567
ALNY,2021-10-29,159.56,6.262265338002436,47.92959999999999,0.9011132995059421,3.079446187961742,Hammer,2021-11-05,160.94,2022-07-08,146.96,RSI(2) acum > 190,35,-0.08686467006337761,-0.086924104507751,-39038.35358769559,410070.13994016004
ALNY,2023-08-04,185.58,9.8212496127924,20.269999999999982,0.725703009373458,1.3542908855355664,Hammer,2023-08-11,185.61,2023-12-29,192.67,RSI(2) acum > 190,20,0.03803674370992938,0.037981844139751426,15575.220125997992,425645.36006615806
ALNY,2024-02-16,147.0,0.6734686047014549,28.049999999999983,0.8759358288770056,2.0044973746879733,Hammer,2024-02-23,146.98,2024-06-28,219.37,RSI(2) acum > 190,18,0.49251598856987355,0.4924312004626324,209601.05541912658,635246.4154852845
ALNY,2024-11-15,235.56,6.252636862328799,51.69999999999999,0.9868471953578335,2.4438049903227044,Hammer,2024-11-22,235.8,2025-07-11,328.24,RSI(2) acum > 190,33,0.39202714164546215,0.3919764211954793,249001.61627017672,884248.0317554614
ALNY,2026-01-30,338.06,0.3623589159460323,31.680000000000007,0.947285353535353,1.0205604505901302,Hammer,2026-02-06,337.42,2026-03-19,311.1,End of data,6,-0.07800367494517213,-0.07803215529376904,-68999.779663152,815248.2520923093
AMAT,2015-04-17,18.79332,8.903332362635311,1.1718499999999992,0.9067201433630577,1.147861277121612,Hammer,2015-04-24,18.98572,2015-11-13,14.82567,RSI(2) acum > 190,29,-0.21911468198203699,-0.21958356502544402,-21958.356480586044,78041.64351941396
AMAT,2016-01-15,14.29626,7.287770925653689,1.2002500000000005,0.8296271610081235,1.2399532033766285,Hammer,2016-01-22,14.5452,2016-03-24,18.28876,RSI(2) acum > 190,9,0.2573742540494459,0.25659853472804495,20025.371354824674,98067.01487423864
AMAT,2016-10-14,25.28798,9.741979990038644,2.198170000000001,0.79098522862199,1.781303476380103,Hammer,2016-10-21,25.8105,2017-02-10,31.92126,RSI(2) acum > 190,16,0.23675480908932411,0.23632158974259634,23175.35283321557,121242.36770745419
AMAT,2017-04-13,34.00623,8.900371143115578,1.6222700000000003,0.9385983837462287,1.256698663982351,Hammer,2017-04-21,34.11499,2017-05-26,40.05157,RSI(2) acum > 190,5,0.17401675920174675,0.1736981751753152,21059.57800365978,142301.94571111398
AMAT,2018-02-09,43.85057,9.214526957008474,5.777730000000005,0.5343326877510722,1.7043989925457839,Hammer,2018-02-16,44.65316,2019-02-08,36.29108,RSI(2) acum > 190,51,-0.1872673736864311,-0.18747033017034287,-26677.39271966736,115624.5529914466
AMAT,2020-01-31,54.72639,9.025084800403675,4.246749999999999,0.897778301053746,1.327190035839618,Hammer,2020-02-07,55.37756,2020-12-04,78.42909,RSI(2) acum > 190,43,0.41626120760828034,0.41604306482040565,48104.793346946055,163729.34633839264
AMAT,2021-05-14,119.6205,5.982664087167777,16.793699999999987,0.4042825583403295,1.7175121414541223,Hammer,2021-05-21,116.9086,2021-11-19,150.951,RSI(2) acum > 190,26,0.2911881589549441,0.291090172571882,47660.003633064145,211389.3499714568
AMAT,2022-05-20,102.7326,8.078889896358973,15.430140000000009,0.6791772466095571,1.3056021972112999,Hammer,2022-05-27,103.3406,2023-06-02,134.822,RSI(2) acum > 190,53,0.3046372867972511,0.3045257853261291,64373.50774526433,275762.85771672113
AMAT,2024-04-19,186.5167,6.364974349417153,25.849199999999996,0.9387834052891394,2.0746797522826106,Hammer,2024-04-26,188.2662,2025-07-11,187.8966,RSI(2) acum > 190,63,-0.0019631776707661475,-0.0020162404021433987,-556.0042145829707,275206.8535021381
AMD,2015-04-24,2.3,4.906347507022787,0.31999999999999984,0.8437500000000004,1.4284859099429696,Hammer,2015-05-01,2.3,2016-03-24,2.9,RSI(2) acum > 190,47,0.26086956521739135,0.2559652928416487,25596.529258568342,125596.52925856835
AMD,2016-09-09,5.9,8.282174036963553,1.75,0.971428571428571,2.408460646745134,Hammer,2016-09-16,5.83,2016-12-30,11.65,RSI(2) acum > 190,15,0.9982847341337908,0.9957155098543274,125058.41204157092,250654.94130013927
AMD,2017-05-05,10.19,9.687259304317749,3.780000000000001,0.9100529100529101,2.5557479747125487,Hammer,2017-05-12,10.22,2018-02-02,13.13,RSI(2) acum > 190,38,0.2847358121330723,0.28361858190709055,71090.39892846011,321745.3402285993
AMD,2018-10-19,23.66,5.195348575437251,4.93,0.9878296146044627,1.7125098673917902,Hammer,2018-10-26,24.46,2019-02-08,24.43,RSI(2) acum > 190,15,-0.0012264922322159366,-0.001634988759452191,-526.0500141538308,321219.29021444544
AMD,2020-10-30,75.29,6.617082843162066,10.739999999999995,0.9013035381750463,1.46892995042205,Hammer,2020-11-06,75.85,2021-07-09,94.875,RSI(2) acum > 190,35,0.2508239947264339,0.2506756311383561,80521.84822779906,401741.13844224444
AMD,2022-01-28,105.24,5.806558898123711,17.810000000000002,0.6692869174621,1.2638432751782938,Hammer,2022-02-04,107.93,2022-11-25,72.21,RSI(2) acum > 190,42,-0.3309552487723526,-0.3310325658961414,-132989.39975158375,268751.7386906607
AMD,2022-12-16,65.41,8.906067995373391,10.409999999999997,0.9414024975984631,1.1301524831304965,Hammer,2022-12-23,65.12,2023-03-31,98.02,RSI(2) acum > 190,14,0.50522113022113,0.5050287907869478,135727.36547710682,404479.1041677675
AMD,2023-08-25,102.25,7.769857259079004,12.060000000000002,0.7786069651741293,1.1209403162414713,Hammer,2023-09-01,103.47,2023-12-22,139.15,RSI(2) acum > 190,16,0.34483425147385716,0.34472094708866874,139432.4197268567,543911.5238946242
AMD,2024-04-05,170.42,9.676182339390522,21.659999999999997,0.7765466297322264,1.3069321990705949,Hammer,2024-04-12,168.2,2025-07-03,144.0,RSI(2) acum > 190,64,-0.14387633769322228,-0.14393151214292085,-78286.00802782769,465625.5158667965
AMD,2025-09-05,151.14,6.298830534893469,14.569999999999993,0.9341111873713123,1.015160240444595,Hammer,2025-09-12,151.8,2025-10-24,236.465,RSI(2) acum > 190,6,0.5577404479578392,0.5576562036823554,259658.95725625713,725284.4731230536
AMGN,2015-09-04,107.917,7.143579199252898,7.780799999999999,0.8801794159983551,1.0721918085361417,Hammer,2015-09-11,111.2788,2016-04-15,116.1856,RSI(2) acum > 190,31,0.044094652350672225,0.04400281083140568,4400.281078740287,104400.28107874029
AMGN,2016-10-28,109.1916,1.435429490689259,14.260000000000005,0.8660378681626935,2.5920955667716874,Hammer,2016-11-04,110.222,2017-02-17,127.8722,RSI(2) acum > 190,15,0.16013318575239066,0.160035200087093,16707.71985487723,121108.00093361751
AMGN,2017-10-27,135.51,2.3449612865513387,10.773799999999994,0.5984610815125583,2.002037397727357,Hammer,2017-11-03,135.6801,2018-02-02,152.728,RSI(2) acum > 190,13,0.1256477552714068,0.12556942508794264,15207.462035576911,136315.46296919443
AMGN,2018-03-23,132.8797,9.194805625684012,14.571799999999996,0.9956903059333775,2.1101760445435183,Hammer,2018-03-29,135.507,2018-06-29,146.2186,RSI(2) acum > 190,13,0.07904831484720343,0.07897160399079046,10765.050748659436,147080.51371785384
AMGN,2020-01-31,178.3774,5.078836172048312,15.620900000000006,0.6807610316947176,2.014989271301334,Hammer,2020-02-07,178.6581,2020-05-01,196.7557,RSI(2) acum > 190,12,0.10129739429670415,0.10123858815838303,14890.223539514991,161970.73725736883
AMGN,2020-10-30,182.8211,1.2386028265497657,15.12700000000001,0.6289680703378059,1.2030780653695863,Hammer,2020-11-06,186.7145,2021-01-29,213.8521,RSI(2) acum > 190,12,0.14534275591879586,0.14528530764060546,23531.968367680543,185502.70562504936
AMGN,2021-02-26,192.2526,9.237133079536235,12.295699999999982,0.9092772269980564,1.0967829433048608,Hammer,2021-03-05,193.0732,2022-01-07,195.609,RSI(2) acum > 190,44,0.013133878756865336,0.013081746152595119,2426.6993031797756,187929.4049282291
AMGN,2022-12-16,241.2914,8.556172621239256,17.34280000000001,0.7939606061304971,1.5229882046330336,Hammer,2022-12-23,240.759,2023-08-18,240.947,RSI(2) acum > 190,34,0.0007808638514033017,0.0007393131863568552,138.93868702869804,188068.34361525782
AMGN,2024-11-15,270.6152,8.359276029089173,45.76249999999999,0.9168052444687239,2.9525265535578153,Hammer,2024-11-22,268.7108,2025-02-07,275.9533,RSI(2) acum > 190,11,0.0269527685526596,0.026915053003954383,5061.869431708701,193130.21304696653
AMGN,2025-04-04,285.4352,9.908229344265266,20.632600000000025,0.9685158438587468,1.3445420943061637,Hammer,2025-04-11,278.939,2025-11-28,333.5289,RSI(2) acum > 190,33,0.19570551267481417,0.19566615521394964,37789.04620476188,230919.2592517284
AMZN,2016-01-15,28.509,6.4155429335757646,3.0344999999999978,0.9195913659581479,1.6073061654795047,Hammer,2016-01-22,28.8545,2016-05-20,35.5065,RSI(2) acum > 190,17,0.23053596492748096,0.23014951748990803,23014.95172597585,123014.95172597584
AMZN,2016-10-28,38.816,6.538104237430602,3.4239999999999995,0.9750292056074756,2.268351636326751,Hammer,2016-11-04,39.0515,2017-05-19,47.9365,RSI(2) acum > 190,28,0.22752006965161398,0.22723490328114412,27953.290629633448,150968.24235560928
AMZN,2018-04-06,70.2615,7.250329858597084,5.33386999999999,0.5092681298944298,1.281535136094758,Hammer,2018-04-13,71.2515,2018-06-22,85.313,RSI(2) acum > 190,10,0.1973502312232025,0.19719604527306298,29770.340324581135,180738.58268019045
AMZN,2018-10-26,82.1405,3.4632132222590286,10.324999999999989,0.8072154963680388,1.849987087781561,Hammer,2018-11-02,83.0,2019-04-18,92.1,RSI(2) acum > 190,24,0.10963855421686741,0.10951147521233662,19792.94879730158,200531.53147749204
AMZN,2019-08-02,91.162,8.266491198667651,6.210300000000004,0.8774616363138642,1.346274444974046,Hammer,2019-08-09,88.511,2020-02-14,104.2505,RSI(2) acum > 190,27,0.17782535504061658,0.1777023363007819,35634.92160988919,236166.45308738123
AMZN,2020-03-13,89.25,8.761122977202461,10.963499999999996,0.5491403292744106,2.015062253804319,Hammer,2020-03-20,82.0755,2020-04-24,119.4975,RSI(2) acum > 190,5,0.45594604967377594,0.4557964437351137,107643.8293391201,343810.28242650133
AMZN,2020-09-18,147.7455,8.254860599043326,14.092500000000001,0.8248359056235582,1.2715382098316979,Hammer,2020-09-25,145.325,2021-04-23,169.5165,RSI(2) acum > 190,30,0.1664648202305179,0.16639028418083,57206.69054003029,401016.9729665316
AMZN,2021-10-01,164.163,7.218142999589006,7.981500000000011,0.8288542253962273,1.002888277695455,Hammer,2021-10-08,163.9695,2022-08-12,142.05,RSI(2) acum > 190,44,-0.13368034908931237,-0.1337372579272997,-53630.9102932191,347386.06267331244
AMZN,2022-09-23,113.78,9.264577265714095,12.649999999999991,0.8640316205533597,1.0622696380695926,Hammer,2022-09-30,113.295,2023-05-26,116.77,RSI(2) acum > 190,34,0.030672139105873963,0.030582524271844647,10623.942682783181,358010.0053560957
AMZN,2024-05-31,176.44,9.610159974418949,10.210000000000008,0.7482859941234092,1.1764245400370419,Hammer,2024-06-07,177.7,2024-07-12,200.04,RSI(2) acum > 190,5,0.12571750140686544,0.12565769111730107,44986.71062495286,402996.7159810486
AMZN,2024-08-02,167.9,3.4971361090001523,30.049999999999983,0.7554076539101497,2.708619153608909,Hammer,2024-08-09,154.21,2024-11-15,208.5,RSI(2) acum > 190,14,0.3520523960832631,0.35197613721103643,141845.22725789744,544841.943238946
AMZN,2025-02-21,216.58,7.294661766694944,14.560000000000002,0.8736263736263734,1.260623421166747,Hammer,2025-02-28,217.45,2025-08-01,233.35,RSI(2) acum > 190,22,0.0731202575304668,0.07307258973120882,39813.01174684106,584654.9549857872
AMZN,2026-02-06,210.32,4.693327370328674,46.03999999999999,0.7825803649000871,2.9784539755208077,Hammer,2026-02-13,208.97,2026-03-19,208.76,End of data,5,-0.0010049289371680814,-0.00105275750687875,-615.4998921796453,584039.4550936074
APP,2022-01-28,60.89,1.472823499719297,13.920000000000002,0.7205459770114943,1.1953514526537203,Hammer,2022-02-04,61.82,2023-02-17,15.39,RSI(2) acum > 190,54,-0.7510514396635393,-0.7511524464213506,-75115.2445670198,24884.75543298019
APP,2023-10-27,36.22,8.253809344070376,4.5,0.6066666666666676,1.3101702278346912,Hammer,2023-11-03,36.82,2024-02-23,59.13,RSI(2) acum > 190,16,0.6059206952743075,0.6055668703326544,15069.38345147395,39954.138884454136
APP,2024-08-02,68.72,3.153358391563259,13.549999999999997,0.9527675276752767,1.6212373379912115,Hammer,2024-08-09,62.09,2024-10-11,138.85,RSI(2) acum > 190,9,1.2362699307456917,1.2360093405266122,49383.68880449915,89337.82768895329
APP,2025-11-21,520.26,6.037790800433029,73.25999999999993,0.5773955773955773,1.033085630743675,Hammer,2025-11-28,525.47,2026-03-19,439.92,End of data,16,-0.16280663025481956,-0.16282719481765792,-14546.627860971668,74791.19982798162
ARM,2024-04-19,87.19,3.2345494194533586,41.260000000000005,0.9617062530295686,2.3937315076866623,Hammer,2024-04-26,89.94,2024-06-14,134.785,RSI(2) acum > 190,7,0.4986101845674895,0.49847128800933915,49847.1287510868,149847.1287510868
ARM,2024-08-02,113.45,3.056122569740637,41.219999999999985,0.8854924793789423,1.8838361219189568,Hammer,2024-08-09,98.5,2025-07-03,166.965,RSI(2) acum > 190,47,0.6950761421319798,0.6949393431805492,104134.66512763678,253981.79387872358
ARM,2025-11-14,139.77,6.915415821156998,24.215000000000003,0.8071443320256033,1.4031841700703875,Hammer,2025-11-21,139.57,2026-03-19,129.82,End of data,17,-0.06985741921616395,-0.0699265627798674,-17760.073836843832,236221.72004187974
ASML,2015-04-17,84.72615,4.2684673656910945,6.311880000000002,0.921874306862614,1.6608573332716807,Hammer,2015-04-24,85.16547,2016-08-05,100.2175,RSI(2) acum > 190,67,0.17673864771720282,0.17661086054826286,17661.0860371652,117661.0860371652
ASML,2017-06-09,120.0572,8.162692748589166,5.9369000000000085,0.7869426805235064,1.4946454964676437,Hammer,2017-06-16,119.3094,2017-09-15,148.7535,RSI(2) acum > 190,13,0.24678776357939958,0.24669360948887994,29026.2379818637,146687.3240190289
ASML,2018-09-07,168.4531,9.332915658925117,18.2731,0.9699284740958023,1.7453792192422095,Hammer,2018-09-14,174.7491,2019-02-08,166.1806,RSI(2) acum > 190,21,-0.04903315668006303,-0.04908897702543173,-7200.730671491439,139486.59334753748
ASML,2020-01-31,265.5453,7.044431704757287,17.144200000000012,0.9729529520187575,1.521898759796784,Hammer,2020-02-07,268.3553,2020-12-11,443.4803,RSI(2) acum > 190,44,0.6525863286471332,0.6525369065394547,91020.15003570882,230506.7433832463
ASML,2021-10-01,710.1987,5.92820900134069,114.41250000000002,0.8875358898721731,2.561578254187704,Hammer,2021-10-08,697.8389,2023-06-02,725.7796,RSI(2) acum > 190,86,0.04003889722971876,0.040024280501699705,9225.866545478497,239732.60992872482
ASML,2024-04-19,844.9729,4.502410725764008,130.8786,0.9702938448302477,2.246531117605861,Hammer,2024-04-26,855.2557,2024-06-21,1028.629,RSI(2) acum > 190,8,0.20271516459931216,0.20270228715057276,48594.34828853428,288326.95821725915
ASML,2024-07-19,882.0264,9.505466994990584,203.98940000000016,0.9820833827640063,2.9724195287090622,Hammer,2024-07-26,914.3573,2025-01-24,754.7702,RSI(2) acum > 190,26,-0.17453472510144552,-0.17454470727850432,-50325.944472207106,238001.01374505204
ASML,2025-03-28,668.7153,8.410854026994883,62.40269999999998,0.9598094313226844,1.185120984553944,Hammer,2025-04-04,654.5198,2025-09-26,957.9388,RSI(2) acum > 190,25,0.46357497511916357,0.4635561555497973,110326.83483828395,348327.848583336
ASML,2026-03-06,1292.8,9.93023436683194,156.01499999999987,0.9607089061949179,1.6921835058469201,Hammer,2026-03-13,1284.79,2026-03-19,1366.39,End of data,1,0.06351232497139625,0.06350429445942753,22120.31424273474,370448.16282607074
AVGO,2015-08-07,9.441516,8.790054300180742,0.6725769999999986,0.5658653209967041,1.0282201416947816,Hammer,2015-08-14,9.513935,2016-03-24,11.86822,RSI(2) acum > 190,32,0.24745649407947412,0.24627597520100727,24627.59749547313,124627.59749547314
AVGO,2016-04-29,11.33621,5.867479025598698,0.8446700000000007,0.769803591935312,1.1452061524468746,Hammer,2016-05-06,11.3681,2016-08-19,13.52699,RSI(2) acum > 190,15,0.18990772424591618,0.1889449666317891,23547.757226634465,148175.35472210762
AVGO,2016-09-09,12.54467,8.49312831039957,1.0400600000000004,0.9917504759340805,1.5486314687019265,Hammer,2016-09-16,12.41593,2017-02-03,16.09156,RSI(2) acum > 190,20,0.2960414564192937,0.29511719331805303,43729.094760766224,191904.4494828738
AVGO,2017-04-13,16.7077,4.900371420800738,0.8388600000000004,0.7285601888276965,1.1529012305830735,Hammer,2017-04-21,16.79151,2018-09-21,19.53009,RSI(2) acum > 190,74,0.16309313456621854,0.1624492230826524,31174.728693422236,223079.17817629606
AVGO,2018-10-26,17.47539,2.9396906065981767,1.9045500000000004,0.8299598330314247,1.5110893900032747,Hammer,2018-11-02,17.72463,2019-04-18,26.50066,RSI(2) acum > 190,24,0.49513191530655365,0.49442825371990273,110296.64839668045,333375.8265729765
AVGO,2019-05-17,24.23202,8.75384759914661,1.635860000000001,0.9136417541843442,1.1789833369141518,Hammer,2019-05-24,23.23813,2019-11-15,26.50439,RSI(2) acum > 190,25,0.14055606023376233,0.14009558953548856,46704.482913917454,380080.3094868939
AVGO,2020-01-10,25.74221,5.1952405558759835,1.5293300000000016,0.9763752754474182,1.1906036854282531,Hammer,2020-01-17,25.81104,2020-09-11,31.17331,RSI(2) acum > 190,34,0.20775102436786752,0.20732343147903412,78799.55392163657,458879.8634085305
AVGO,2021-05-14,40.03901,2.5611338970836215,2.6647900000000035,0.23516674859932807,1.1332598848636344,Hammer,2021-05-21,40.08615,2021-11-12,51.72556,RSI(2) acum > 190,25,0.29035988739252816,0.29007424331803894,133109.22901900532,591989.0924275358
AVGO,2022-01-21,49.3942,3.968310136731702,5.530119999999997,0.9683442673938368,1.789626884829183,Hammer,2022-01-28,49.17745,2022-08-19,52.11515,RSI(2) acum > 190,29,0.059736728927587635,0.05952733139565018,35239.53085230458,627228.6232798403
AVGO,2022-09-02,47.0365,7.37134618093873,3.9399199999999936,0.5374703039655636,1.1285046029991335,Hammer,2022-09-09,46.87759,2022-12-23,52.97055,RSI(2) acum > 190,15,0.1299759650613439,0.12974880440692385,81382.16387897797,708610.7871588183
AVGO,2023-08-11,80.33111,8.054205660961586,7.153469999999999,0.9150076815866983,1.5188169469548443,Hammer,2023-08-18,80.46374,2025-05-30,231.4779,RSI(2) acum > 190,93,1.8767976730885243,1.8765567846594842,1329748.37899603,2038359.1661548482
AXON,2015-07-31,27.22,5.87305512388329,6.57,0.8523592085235923,2.3249296152965626,Hammer,2015-08-07,27.03,2016-03-11,19.4,RSI(2) acum > 190,31,-0.2822789493155754,-0.28259663399297213,-28259.663371037546,71740.33662896245
AXON,2016-09-02,26.57,2.8879010180793614,3.2300000000000004,0.962848297213622,1.8571849548578556,Hammer,2016-09-09,26.75,2017-10-20,24.65,RSI(2) acum > 190,58,-0.07850467289719631,-0.07886376378247054,-5657.7129559237,66082.62367303876
AXON,2018-02-02,25.82,7.240946075537892,2.3994,0.8502125531382843,1.675154003462835,Hammer,2018-02-09,25.74,2018-03-16,40.34,RSI(2) acum > 190,5,0.5672105672105674,0.566711982909303,37449.814660147225,103532.438333186
AXON,2019-03-08,46.86,7.830606237809931,8.579999999999998,0.9324009324009326,1.6622496123512536,Hammer,2019-03-15,46.86,2019-12-06,74.14,RSI(2) acum > 190,38,0.5821596244131455,0.5818841352821935,60243.8832929191,163776.32162610508
AXON,2020-03-13,62.43,3.2224621601052235,18.659999999999997,0.4335476956055733,2.2728847094289653,Hammer,2020-03-20,54.32,2020-10-16,99.72,RSI(2) acum > 190,30,0.8357879234167893,0.835526921306949,136839.52565439674,300615.84728050185
AXON,2021-03-05,143.04,9.896127694623104,46.81990000000002,0.6789847906552557,2.474979181595714,Hammer,2021-03-12,143.08,2021-07-09,177.88,RSI(2) acum > 190,17,0.2432205759015933,0.24314218820980535,73092.39484523347,373708.2421257353
AXON,2021-12-03,151.41,9.783616582152916,31.700000000000017,0.9359621451104101,1.9596933821971874,Hammer,2021-12-10,150.25,2022-08-19,127.48,RSI(2) acum > 190,36,-0.15154742096505824,-0.15160893148314536,-56657.50721846981,317050.7349072655
AXON,2024-04-19,293.605,6.818025486331564,25.819999999999993,0.9126646010844308,1.5716552215875488,Hammer,2024-04-26,294.86,2024-10-18,437.14,RSI(2) acum > 190,25,0.48253408397205444,0.48249198785885067,152974.43918454158,470025.17409180716
AXON,2025-01-10,570.0,4.360234853901986,62.83499999999992,0.5778626561629664,1.5764779325687375,Hammer,2025-01-17,561.4,2025-02-21,694.02,RSI(2) acum > 190,5,0.23623085144282152,0.23621093506470367,111025.08576515081,581050.2598569581
AXON,2025-02-21,513.22,8.506007456874357,205.4561,0.9869261608684288,3.781849236038198,Hammer,2025-02-28,516.51,2025-05-23,721.99,RSI(2) acum > 190,12,0.3978238562660936,0.3978006447053812,231142.16774618503,812192.427603143
AXON,2025-10-17,670.68,7.482914523961057,79.49990000000003,0.5952196166284494,1.2980593984124202,Hammer,2025-10-24,675.14,2026-03-19,502.18,End of data,21,-0.25618390259797963,-0.2561968169800561,-208081.11451914877,604111.3130839943
BKNG,2015-11-27,1222.159,7.993015924375939,79.27900000000022,0.5915059473504948,1.1265878042703987,Hammer,2015-12-04,1223.553,2017-03-17,1724.779,RSI(2) acum > 190,67,0.409647967844466,0.4096238713647658,40962.3870996108,140962.38709961082
BKNG,2017-08-18,1776.807,7.3803497404743155,80.98700000000008,0.8909084174003231,1.116642329020266,Hammer,2017-08-25,1774.255,2018-03-23,2121.979,RSI(2) acum > 190,30,0.19598310276707664,0.19596752426312222,27624.049987896957,168586.43708750777
BKNG,2018-06-29,1989.916,4.888318265499464,111.32999999999993,0.5847839755681316,1.2698584479583872,Hammer,2018-07-06,1975.761,2019-02-22,1892.211,RSI(2) acum > 190,33,-0.04228750339742504,-0.04229911591224144,-7131.05723671618,161455.3798507916
BKNG,2019-11-08,1844.728,9.15946081923039,201.0239999999999,0.8135098296720787,2.1955222417881095,Hammer,2019-11-15,1834.725,2020-01-03,2033.993,RSI(2) acum > 190,7,0.10860919211325948,0.10859613210128535,17533.429741879052,178988.80959267064
BKNG,2020-01-31,1796.98,2.8690147387309253,114.44200000000001,0.9132835846979258,1.422553852489379,Hammer,2020-02-07,1805.148,2023-01-27,2297.088,RSI(2) acum > 190,155,0.2725205911094273,0.2725078946699208,48775.86362432089,227764.67321699153
BKNG,2023-10-13,2895.98,6.394395708118566,157.596,0.9026371227696132,1.062065922981469,Hammer,2023-10-20,2919.167,2023-12-22,3419.99,RSI(2) acum > 190,9,0.17156366867671502,0.1715541344340244,39073.9713300688,266838.64454706036
BKNG,2024-04-19,3360.776,7.85714315072903,216.58600000000024,0.9560867276739957,1.2795935776407128,Hammer,2024-04-26,3386.659,2024-11-15,4880.354,RSI(2) acum > 190,29,0.44105267167435525,0.44104352362655935,117687.45591473632,384526.1004617967
BKNG,2025-01-10,4693.886,2.33568366449326,240.17399999999998,0.8375719270195757,1.125163268816384,Hammer,2025-01-17,4664.908,2025-06-13,5568.194,RSI(2) acum > 190,21,0.19363425816757807,0.19362855339420199,74455.23250077979,458981.3329625765
BKNG,2025-08-01,5354.55,4.878848349588466,354.77700000000004,0.8678268320663408,1.3494685071566392,Hammer,2025-08-08,5380.108,2026-03-19,4294.29,End of data,32,-0.2018208556408162,-0.20182477340177288,-92633.80342862179,366347.5295339547
BKR,2015-06-19,33.07965,4.029273158069003,1.8347899999999981,0.8253260591130321,1.3447784690909705,Hammer,2015-06-26,33.43218,2016-12-09,35.91058,RSI(2) acum > 190,76,0.07413216846762616,0.07382201489479683,7382.201482097482,107382.20148209747
BKR,2017-03-10,30.77062,1.7486648175192556,2.1924400000000013,0.985034938242323,1.3224392491198234,Hammer,2017-03-17,30.88544,2018-05-11,28.95999,RSI(2) acum > 190,60,-0.06234167296952864,-0.0626553069493343,-6728.064788028012,100654.13669406946
BKR,2018-10-26,22.11293,2.9262945907430833,2.6832899999999995,0.7951805432882773,1.3881282272851658,Hammer,2018-11-02,22.22608,2019-03-01,21.55481,RSI(2) acum > 190,17,-0.03020190694895364,-0.03064493492893737,-3084.5394662335866,97569.59722783588
BKR,2019-05-03,19.80646,2.0297033275838317,2.35576,0.6689858050056025,1.5731995857610483,Hammer,2019-05-10,19.54379,2020-01-03,21.49294,RSI(2) acum > 190,34,0.09973244698188011,0.09919539777142211,9678.45499773417,107248.05222557005
BKR,2020-01-24,19.21504,6.6593187719101365,1.4037199999999999,0.3892229219502465,1.0787596196689675,Hammer,2020-01-31,18.13073,2020-11-20,16.36838,RSI(2) acum > 190,42,-0.0972023740908392,-0.09772697321806191,-10481.027517056562,96767.02470851348
BKR,2021-04-09,17.77577,1.372049811790319,1.7678599999999989,0.8749957575826137,1.044822337764165,Hammer,2021-04-16,17.97023,2021-05-21,21.98326,RSI(2) acum > 190,5,0.2233154500526704,0.22269701138733697,21549.727181880815,118316.75189039428
BKR,2021-07-16,18.33813,4.916432545785355,2.407989999999998,0.9371550546306263,1.3764130398513381,Hammer,2021-07-23,17.7684,2021-10-08,22.74197,RSI(2) acum > 190,11,0.27991096553431927,0.2792695826347238,33042.26988608431,151359.0217764786
BKR,2021-11-19,20.39236,5.0541608690455035,2.83052,0.9616607549142918,1.6191814635249484,Hammer,2021-11-26,20.41949,2022-03-11,30.22977,RSI(2) acum > 190,15,0.48043707262032487,0.47982985132064493,72626.5768424194,223985.59861889802
BKR,2022-04-22,29.31923,9.608216505736607,5.361230000000003,0.9694305224733872,1.9635802623033178,Hammer,2022-04-29,28.2102,2022-11-11,27.21203,RSI(2) acum > 190,28,-0.035383301075497586,-0.03573144971504725,-8003.33014594258,215982.26847295545
BKR,2023-10-06,31.89035,2.8880008781912636,2.415650000000003,0.632094881294889,1.4169060118677,Hammer,2023-10-13,32.93981,2024-03-22,31.11683,RSI(2) acum > 190,23,-0.05534276002199168,-0.0556378986553572,-12016.799552635646,203965.46892031978
BKR,2024-09-13,32.39729,4.388962278407519,1.9108600000000031,0.41624713479794617,1.1003714118607255,Hammer,2024-09-20,32.76588,2024-11-22,42.4685,RSI(2) acum > 190,9,0.29611962199702857,0.29576929273794283,60326.722425199114,264292.1913455189
BKR,2025-03-07,42.03844,4.187484135898686,3.86177,0.611675475235449,1.5120017997873163,Hammer,2025-03-14,41.85221,2025-09-26,46.74077,RSI(2) acum > 190,28,0.11680530132100553,0.11655244102509454,30803.9000143877,295096.09135990666
BKR,2025-12-19,44.54197,5.774805120632095,3.3922000000000025,0.8663728553740928,1.2037125134093198,Hammer,2025-12-26,45.14968,2026-01-30,55.44086,RSI(2) acum > 190,5,0.22793472733361586,0.22768802702178387,67189.84675638739,362285.93811629404
CCEP,2015-09-11,26.57712,9.372747148151532,1.506920000000001,0.8956878931861015,1.2020698452403047,Hammer,2015-09-18,26.36572,2016-03-11,27.02724,RSI(2) acum > 190,25,0.025090154943616216,0.024706189288726275,2470.6189264020086,102470.618926402
CCEP,2016-11-11,27.35316,4.006997547297189,3.8789499999999997,0.7713711184727827,2.7338991082896875,Hammer,2016-11-18,27.07554,2017-02-03,26.44396,RSI(2) acum > 190,11,-0.023326589238848006,-0.023691551202450218,-2427.68791261393,100042.93101378807
CCEP,2017-09-22,32.07466,7.153231085365846,1.1838499999999996,0.7133336149005343,1.1047400188912597,Hammer,2017-09-29,32.00363,2018-07-27,33.80593,RSI(2) acum > 190,43,0.05631548671197595,0.05599427404421852,5601.831289771066,105644.76230355914
CCEP,2018-10-12,35.05384,9.816930899070712,1.9591700000000003,0.7551871455769534,1.6757731375100784,Hammer,2018-10-19,35.15139,2019-04-05,42.49542,RSI(2) acum > 190,24,0.2089257352269711,0.20861157815122675,22038.72056551798,127683.48286907711
CCEP,2019-08-23,44.89763,5.73351777715871,1.7233300000000042,0.8605780668821399,1.08086441194134,Hammer,2019-08-30,45.01363,2020-08-14,34.80616,RSI(2) acum > 190,50,-0.2267639823760048,-0.22696092706508394,-28979.161613885342,98704.32125519177
CCEP,2021-07-02,51.22628,6.765071910903231,2.4898099999999985,0.5813134335551697,1.0812180086208574,Hammer,2021-07-09,51.35551,2022-01-14,51.26535,RSI(2) acum > 190,27,-0.0017556051921207017,-0.001950136398567664,-192.4868893831785,98511.8343658086
CCEP,2022-02-18,49.1622,9.653580239717755,2.5290999999999997,0.9403503222490208,1.0103713834283734,Hammer,2022-02-25,48.46115,2022-11-18,46.39513,RSI(2) acum > 190,38,-0.04263250046686884,-0.04283443186636452,-4219.698452953116,94292.13591285549
CCEP,2023-10-06,54.67022,8.757174496833542,5.441029999999998,0.5563137861765141,2.414457077965636,Hammer,2023-10-13,54.2524,2024-01-05,63.08069,RSI(2) acum > 190,12,0.16272625727156753,0.1625269548485551,15325.01370075747,109617.14961361296
CCEP,2024-04-12,64.17972,5.593824596862973,2.5486199999999997,0.7881049352198426,1.1075532545681572,Hammer,2024-04-19,64.9282,2024-05-24,71.25536,RSI(2) acum > 190,5,0.09744856626242515,0.09728705808430811,10664.329990831528,120281.47960444448
CCEP,2024-10-04,74.71277,9.2990695245457,3.3520600000000087,0.4600007159776364,1.314058237658757,Hammer,2024-10-11,73.75504,2025-02-28,85.16424,RSI(2) acum > 190,20,0.1546904455614153,0.15454438473731869,18588.82724217439,138870.30684661889
CCEP,2025-08-15,89.28482,8.609817721465788,5.158239999999992,0.9160314370793154,1.25523934579525,Hammer,2025-08-22,89.52108,2026-02-20,103.59,RSI(2) acum > 190,26,0.15715762142279788,0.15703714493028184,21807.796480977406,160678.1033275963
CDNS,2016-01-08,19.24,4.478801776188618,1.4200000000000017,0.9859154929577468,1.234358594303529,Hammer,2016-01-15,19.25,2016-03-04,21.54,RSI(2) acum > 190,7,0.11896103896103893,0.1184108023889899,11841.080227057912,111841.08022705792
CDNS,2016-06-24,23.78,8.089341010643679,1.0899999999999999,0.9633027522935755,1.1400162624056966,Hammer,2016-07-01,23.52,2017-02-17,29.6,RSI(2) acum > 190,33,0.2585034013605443,0.25802337938363445,28857.613445244046,140698.69367230198
CDNS,2017-12-22,42.26,8.379190343791933,2.5090000000000003,0.8768433638899971,1.6752438495728896,Hammer,2017-12-29,41.99,2018-05-18,42.37,RSI(2) acum > 190,20,0.009049773755656076,0.00881057268722453,1239.6360663577188,141938.32973865967
CDNS,2018-10-05,42.9,1.2341102706885323,3.1299999999999955,0.8913738019169339,1.8475398826832519,Hammer,2018-10-12,42.75,2019-02-15,51.0,RSI(2) acum > 190,18,0.1929824561403508,0.19272599695941992,27355.206078282863,169293.53581694252
CDNS,2019-08-23,66.81,5.711885568048601,4.560000000000002,0.9429824561403498,1.2117318224716425,Hammer,2019-08-30,67.77,2020-01-24,73.41,RSI(2) acum > 190,21,0.08322266489597174,0.08306897823681303,14063.041028347681,183356.57684529023
CDNS,2020-03-13,62.47,6.390337857523178,8.670000000000002,0.2871972318339102,1.7836977190416239,Hammer,2020-03-20,55.76,2020-05-01,81.0,RSI(2) acum > 190,6,0.45265423242467717,0.4524343226037839,82956.80855699073,266313.38540228095
CDNS,2020-09-11,101.51,7.091478221165872,7.652799999999999,0.7591992473343094,1.1319154466934631,Hammer,2020-09-18,102.88,2020-12-31,135.85,RSI(2) acum > 190,15,0.32047045101088645,0.3203576809058659,85315.53845634926,351628.92385863024
CDNS,2021-10-01,153.01,5.238438453041951,12.625699999999995,0.7010066768575225,1.6695786348155945,Hammer,2021-10-08,151.86,2021-11-19,182.78,RSI(2) acum > 190,6,0.2036085868563149,0.20353603529450487,71569.15698548977,423198.08084412
CDNS,2022-01-14,161.75,7.81495056903421,13.22999999999999,0.8231292517006799,1.2254021118605523,Hammer,2022-01-21,156.0,2022-08-19,188.83,RSI(2) acum > 190,30,0.210448717948718,0.2103778725040865,89031.51180676685,512229.5926508869
CDNS,2022-10-14,147.45,5.273875608866092,17.52200000000002,0.7082524825933119,1.3816181882537715,Hammer,2022-10-21,152.23,2023-02-03,183.61,RSI(2) acum > 190,15,0.2061354529330619,0.2060629947121228,105551.56373626096,617781.1563871478
CDNS,2024-04-19,280.25,5.41723418387474,31.129999999999995,0.9791198201092202,1.7882567106339753,Hammer,2024-04-26,284.0,2026-03-19,287.4,End of data,99,0.011971830985915366,0.011936409570254021,7374.088900048058,625155.2452871959
CEG,2023-03-24,71.81527,1.560864257040791,7.109159999999989,0.6863820760821256,1.2971240157830712,Hammer,2023-03-31,71.81527,2023-05-26,81.1879,RSI(2) acum > 190,8,0.13051026613142303,0.13036194377993832,13036.194364957639,113036.19436495764
CEG,2023-12-08,109.6825,9.122959317224016,10.079700000000003,0.8277825728940345,1.7249787301217996,Hammer,2023-12-15,110.0178,2024-02-16,130.0094,RSI(2) acum > 190,9,0.18171241380940173,0.18161326561403637,20528.87237067402,133565.06673563167
CEG,2024-07-26,173.2385,9.928292202145315,30.63149999999999,0.7037167621566041,1.651596680683316,Hammer,2024-08-02,174.2381,2025-01-24,323.7514,RSI(2) acum > 190,25,0.8580976261793487,0.8580156115220634,114600.91229855729,248165.97903418896
CEG,2025-02-28,248.8168,8.205125067936223,48.06609999999998,0.8153938014525829,1.39753461399756,Hammer,2025-03-07,247.6599,2025-05-23,282.3069,RSI(2) acum > 190,11,0.13989749652648653,0.13985429505755556,34707.07802038753,282873.05705457646
CEG,2025-11-14,337.6802,6.528377834840242,51.8211,0.7749758303085037,1.4702185464438478,Hammer,2025-11-21,336.2349,2026-03-19,316.47,End of data,17,-0.05878301151962495,-0.05881187806682065,-16636.295723246258,266236.76133133017
CHTR,2015-12-11,196.8812,3.8357073331716975,15.439099999999996,0.8273668801937936,1.3610245149636226,Hammer,2015-12-18,197.6333,2016-03-18,206.5915,RSI(2) acum > 190,13,0.04532738156980631,0.04527563736381056,4527.563731853492,104527.5637318535
CHTR,2016-05-27,219.97,9.355052117335404,16.180000000000007,0.8170580964153271,1.2795417306634205,Hammer,2016-06-03,220.06,2017-02-03,323.48,RSI(2) acum > 190,35,0.4699627374352451,0.4699066184990799,49118.19396406415,153645.75769591768
CHTR,2017-09-15,369.47,7.235224283181111,29.69999999999999,0.940067340067339,1.6538136840546642,Hammer,2017-09-22,370.2,2018-02-02,375.24,RSI(2) acum > 190,19,0.013614262560778023,0.013587066625248095,2087.5951444135635,155733.35284033127
CHTR,2018-04-27,263.325,5.0261759380132105,64.94000000000003,0.7963504773637206,2.5756690244484477,Hammer,2018-05-04,264.09,2019-02-15,343.32,RSI(2) acum > 190,41,0.30001135976371707,0.29996781461216626,46714.99346702457,202448.34630735585
CHTR,2019-08-02,384.66,9.246990714878109,23.139999999999986,0.7878133102852192,1.419619070821272,Hammer,2019-08-09,380.07,2019-09-20,425.19,RSI(2) acum > 190,6,0.1187149735575026,0.11868710123002048,24028.007348003383,226476.3536553592
CHTR,2020-02-28,493.17,9.862442991704597,49.37000000000006,0.843832286813854,2.4324176897066394,Hammer,2020-03-06,494.47,2020-08-21,608.85,RSI(2) acum > 190,24,0.23131838129714644,0.23129581879771474,52383.03360465409,278859.3872600133
CHTR,2021-09-24,739.17,5.326159452799288,33.94999999999993,0.7764359351988238,1.1020951520616136,Hammer,2021-10-01,735.31,2023-08-04,399.33,RSI(2) acum > 190,96,-0.4569229304647019,-0.4569334230907842,-127420.17425429635,151439.21300571694
CHTR,2023-10-27,372.0,6.7089479947788675,66.42500000000001,0.9558901016183665,2.5093354859190007,Hammer,2023-11-03,370.36,2024-07-19,312.71,RSI(2) acum > 190,37,-0.15565935846203705,-0.15568425742173272,-23576.70139774996,127862.51160796698
CHTR,2024-09-06,327.43,4.19994586993235,32.31,0.8690807799442891,1.3661739918022213,Hammer,2024-09-13,327.13,2024-11-15,393.05,RSI(2) acum > 190,9,0.2015101030171491,0.20147645467467568,25761.28549881147,153623.79710677845
CHTR,2024-12-20,351.5,7.63078476217045,41.69499999999999,0.7767118359515528,1.5953142278624772,Hammer,2024-12-27,348.91,2025-05-23,425.96,RSI(2) acum > 190,21,0.22083058668424504,0.22079876187610153,33919.944161962165,187543.74126874065
CHTR,2025-07-25,309.75,3.4032032327519346,94.81,0.9745807404282246,3.0447531575518543,Hammer,2025-08-01,309.01,2026-03-19,211.63,End of data,33,-0.31513543251027476,-0.31516269436758726,-59106.790750927175,128436.95051781346
CMCSA,2015-08-07,21.40383,8.457591846478948,2.2561,0.7338726120296085,2.373241359798605,Hammer,2015-08-14,21.70586,2015-10-30,22.66842,RSI(2) acum > 190,11,0.04434562832341138,0.043874816566455636,4387.481652258082,104387.48165225808
CMCSA,2015-12-11,21.18472,8.953657917988636,1.0999799999999986,0.9900361824760475,1.1172985366561785,Hammer,2015-12-18,21.15183,2016-04-15,22.83039,RSI(2) acum > 190,17,0.0793576725985412,0.07886625737409625,8232.649986388085,112620.13163864615
CMCSA,2016-10-21,23.81822,6.591968662313747,0.7473499999999973,0.7562186391918122,1.0632215707290464,Hammer,2016-10-28,24.38709,2017-02-03,28.31296,RSI(2) acum > 190,14,0.1609814865160213,0.16053851883950904,18079.869106698912,130700.00074534505
CMCSA,2017-09-15,27.79879,8.736424074519078,1.7990600000000008,0.7949762653830323,1.4685125519820932,Hammer,2017-09-22,27.76115,2019-03-08,30.46014,RSI(2) acum > 190,76,0.09722183699162312,0.09684417897331812,12657.534251337478,143357.53499668252
CMCSA,2019-05-31,31.98486,7.0165426760354705,1.7669700000000006,0.8962461162328724,1.351780038206523,Hammer,2019-06-07,32.00827,2020-07-31,34.61432,RSI(2) acum > 190,60,0.0814180210301898,0.0810929342738181,11625.283151517273,154982.8181481998
CMCSA,2020-10-30,34.0159,6.534931343636472,2.4751699999999985,0.8394049701636651,1.2967196838229302,Hammer,2020-11-06,34.4266,2023-01-27,33.28629,RSI(2) acum > 190,116,-0.033122934010329175,-0.03340855493209726,-5177.751988457621,149805.0661597422
CMCSA,2023-03-10,29.94494,8.575555387910924,2.234630000000003,0.8785570765630103,1.211895364374558,Hammer,2023-03-17,29.93645,2023-08-04,39.04473,RSI(2) acum > 190,20,0.3042538443937073,0.3038690510980595,45521.12325812176,195326.18941786393
CMCSA,2023-10-06,37.65507,4.617813672172346,1.7701399999999978,0.46904764594890563,1.1866655171361165,Hammer,2023-10-13,37.6464,2026-02-13,31.1,RSI(2) acum > 190,122,-0.17389179310637937,-0.17413429513909176,-34012.98828247147,161313.20113539248
COST,2015-04-17,120.5065,7.981454544320499,6.310000000000002,0.805816164817749,1.78174167953563,Hammer,2015-04-24,122.2403,2015-10-16,129.0468,RSI(2) acum > 190,25,0.055681309682649616,0.0555972295049378,5559.7229449340575,105559.72294493407
COST,2016-01-15,126.3721,8.059686905575376,6.873599999999996,0.7383903631284903,1.2750231944713983,Hammer,2016-01-22,127.5485,2016-07-22,140.7542,RSI(2) acum > 190,26,0.10353473384634082,0.10345227688773728,10920.39367537176,116480.11662030582
COST,2016-09-02,133.8624,3.6975502348678617,7.875999999999976,0.7374936515997966,1.6615163663972539,Hammer,2016-09-09,133.9895,2016-12-23,137.6997,RSI(2) acum > 190,15,0.027690229458278592,0.027614566269511216,3216.5478962752813,119696.66451658109
COST,2017-06-23,139.7284,4.829344221128125,9.624099999999999,0.947330139961139,1.836394395538138,Hammer,2017-06-30,140.6354,2017-11-24,153.0996,RSI(2) acum > 190,21,0.08862775659613442,0.08855350240755858,10599.558858846238,130296.22337542732
COST,2018-10-05,197.373,4.4673417702247775,17.84129999999999,0.9479241983487763,2.569864750357551,Hammer,2018-10-12,197.842,2019-03-22,211.7575,RSI(2) acum > 190,23,0.07033643008056933,0.07028410842721891,9157.753882217916,139453.97725764522
COST,2019-05-31,217.7835,9.327575504266719,15.589699999999993,0.6192421919600758,1.9499297610249766,Hammer,2019-06-07,217.9653,2019-07-26,255.6352,RSI(2) acum > 190,7,0.17282521575681997,0.1727753735256593,24094.21298623424,163548.19024387945
COST,2020-02-28,257.2254,9.718374539666542,44.57579999999999,0.797618887378354,4.094056299693827,Hammer,2020-03-06,269.3941,2020-10-23,351.0855,RSI(2) acum > 190,33,0.3032412365378456,0.30319848878485517,49587.56407585468,213135.75431973414
COST,2021-01-29,333.0056,6.311924246204228,13.246800000000007,0.9607678835643325,1.000452895660195,Hammer,2021-02-05,331.8528,2021-04-23,351.2442,RSI(2) acum > 190,11,0.05843373929645912,0.058402725504719186,12447.70894232899,225583.46326206313
COST,2022-04-29,507.8398,8.752156267434302,37.92040000000003,0.9491250092298595,1.385423592478668,Hammer,2022-05-06,508.3269,2022-07-29,507.5533,RSI(2) acum > 190,12,-0.001521855325775645,-0.0015415125432813686,-347.7397378275824,225235.72352423557
COST,2022-09-23,446.2223,8.067789754734463,41.31190000000004,0.9335348894628417,1.3733839777885095,Hammer,2022-09-30,445.7152,2023-06-30,504.5439,RSI(2) acum > 190,39,0.13198719720574936,0.13196328100005345,29722.8450449562,254958.5685691918
COST,2025-03-14,898.993,6.841458734474557,77.67439999999999,0.7137010392098293,1.5372582093674574,Hammer,2025-03-21,896.7156,2026-03-19,974.78,End of data,52,0.08705591828668968,0.08704428112836915,22192.68529643063,277151.25386562245
CPRT,2015-05-01,4.47125,8.26094626454669,0.2762500000000001,0.8687782805429837,1.8795098057968718,Hammer,2015-05-08,4.48875,2015-11-13,4.6375,RSI(2) acum > 190,27,0.033138401559454245,0.030876216968011204,3087.6216937134996,103087.6216937135
CPRT,2016-01-08,4.38625,3.1376046306365595,0.38375000000000004,0.993485342019543,2.050673453122078,Hammer,2016-01-15,4.4,2016-03-11,4.92625,RSI(2) acum > 190,8,0.11960227272727253,0.11719636776390459,12081.494811841221,115169.11650555472
CPRT,2016-11-04,6.34875,5.08988435086961,0.24124999999999996,0.9740932642487061,1.0087553807716505,Hammer,2016-11-11,6.4125,2017-03-17,7.5625,RSI(2) acum > 190,18,0.1793372319688109,0.17763926762758106,20458.557488903738,135627.67399445846
CPRT,2018-02-09,10.385,6.42756929804608,1.0549999999999997,0.4478672985781993,2.3964376722967704,Hammer,2018-02-16,10.5875,2018-05-18,13.8375,RSI(2) acum > 190,13,0.306965761511216,0.30587679962237413,41485.35882016629,177113.03281462472
CPRT,2018-09-21,13.145,5.15396638557516,3.7825000000000006,0.8341044282881693,4.521391540984015,Hammer,2018-09-28,13.0625,2019-02-22,13.5,RSI(2) acum > 190,21,0.03349282296650724,0.03271475033480003,5794.208643775484,182907.2414584002
CPRT,2019-08-23,18.42,6.699750092145607,1.0074700000000014,0.9404746543321356,1.3682121401233946,Hammer,2019-08-30,18.4975,2020-01-10,23.065,RSI(2) acum > 190,19,0.24692526017029337,0.2463180651263344,45053.357768575035,227960.59922697523
CPRT,2020-02-28,21.12,3.5174429578077735,3.6670000000000016,0.6892555222252519,2.812607312941683,Hammer,2020-03-06,21.03,2020-08-14,24.695,RSI(2) acum > 190,23,0.1742748454588683,0.17375802234371268,39609.98285435692,267570.58208133216
CPRT,2021-01-29,27.4375,4.835420867731486,1.879999999999999,0.5917553191489369,1.1092568211601044,Hammer,2021-02-05,27.5275,2021-04-30,31.235,RSI(2) acum > 190,12,0.13468349831986193,0.1342958321983111,35933.6139564654,303504.1960377976
CPRT,2021-12-03,36.405,9.46821877674543,2.104999999999997,0.6021377672209027,1.1596321032747754,Hammer,2021-12-10,36.68,2022-08-05,31.8,RSI(2) acum > 190,34,-0.13304252998909483,-0.13329698786970157,-40456.19509719765,263048.00094059994
CPRT,2022-09-16,27.525,1.4089513290188478,2.3374999999999986,0.858288770053477,1.2438614117752305,Hammer,2022-09-23,27.4225,2022-12-02,32.3325,RSI(2) acum > 190,10,0.17905005014130748,0.1786528119588006,46994.26500118515,310042.26594178507
CPRT,2024-04-19,52.88,6.295497223415609,3.8500000000000014,0.8779220779220764,1.6341016282877776,Hammer,2024-04-26,53.28,2024-12-06,63.32,RSI(2) acum > 190,32,0.18843843843843833,0.1882330862343999,58360.21252296856,368402.47846475366
CPRT,2025-03-07,53.74,6.819796481032554,3.3149999999999977,0.6229260935143286,1.251353940126881,Hammer,2025-03-14,53.46,2025-05-16,62.66,RSI(2) acum > 190,9,0.1720912832023942,0.17188815112690542,63324.02083055208,431726.4992953057
CPRT,2025-05-30,51.48,9.012759348477744,3.5868000000000038,0.8001561280249809,1.0413451463326233,Hammer,2025-06-06,51.19,2026-03-19,32.52,End of data,41,-0.3647196718109005,-0.3648793827522217,-157528.0984231205,274198.4008721851
CRWD,2019-09-27,53.46,6.159163022250681,15.72999999999999,0.9605848696757789,1.1788405263488924,Hammer,2019-10-04,53.5,2020-01-24,63.02,RSI(2) acum > 190,16,0.177943925233645,0.17774039809363612,17774.039791589574,117774.03979158957
CRWD,2020-03-06,51.96,5.476864964221988,10.61,0.8491988689915173,1.2891128712950766,Hammer,2020-03-13,46.81,2020-06-05,90.56,RSI(2) acum > 190,12,0.9346293527024139,0.9343159243832104,110038.16074618587,227812.20053777544
CRWD,2020-10-30,123.84,7.891304458965408,17.999999999999986,0.8116666666666665,1.283294948663714,Hammer,2020-11-06,124.55,2020-12-24,202.24,RSI(2) acum > 190,7,0.623765556001606,0.6236602304202963,142077.40933786635,369889.60987564176
CRWD,2021-03-05,183.12,6.0872971794446755,62.49000000000001,0.7687630020803327,2.495463476827504,Hammer,2021-03-12,184.29,2022-04-01,220.15,RSI(2) acum > 190,55,0.19458462206305294,0.19452508206950822,71952.8066457648,441842.41652140656
CRWD,2022-05-06,164.81,5.6692658817833745,47.09,0.9135697600339776,1.7006653623716317,Hammer,2022-05-13,159.01,2023-12-08,234.08,RSI(2) acum > 190,82,0.47210867241054033,0.4720309404773136,208563.2912048052,650405.7077262118
CRWD,2024-04-19,282.64,2.8283986289364833,31.120000000000005,0.9434447300771212,1.2986346388909624,Hammer,2024-04-26,285.74,2024-05-31,358.64,RSI(2) acum > 190,5,0.25512703856652896,0.2550875780853557,165910.4165908607,816316.1243170724
CRWD,2024-07-19,304.96,4.659011242084148,93.4699,0.8410194083870852,2.9509423350301183,Hammer,2024-07-26,285.01,2025-02-14,424.775,RSI(2) acum > 190,29,0.49038630223500923,0.4903426135466556,400274.5814776353,1216590.7057947076
CRWD,2025-03-07,333.5,7.6766223807302225,86.56,0.821395563770795,2.281367444604938,Hammer,2025-03-14,322.65,2026-03-19,428.18,End of data,53,0.3270726793739347,0.3270366180595376,397869.7095878974,1614460.415382605
CSCO,2015-11-13,19.1524,8.242675929986504,1.9510500000000022,0.8539299351631172,1.9899364584279366,Hammer,2015-11-20,19.05009,2016-03-24,20.69351,RSI(2) acum > 190,18,0.08626835883714978,0.0857209281089725,8572.092802325158,108572.09280232515
CSCO,2016-05-06,19.71599,8.276264502411848,1.2745200000000025,0.5772604588394052,1.3028882538585709,Hammer,2016-05-13,19.70856,2017-02-17,24.15214,RSI(2) acum > 190,40,0.22546446823106314,0.2249000180586358,24417.865607488944,132989.95840981408
CSCO,2017-05-19,24.00868,8.723251855667982,3.146280000000001,0.7946209491844345,3.6588369358265243,Hammer,2017-05-26,23.96252,2017-12-15,29.43894,RSI(2) acum > 190,29,0.22854107164021142,0.22807616307402662,30331.839411152934,163321.797820967
CSCO,2018-07-13,33.48843,5.362574966414456,2.276379999999996,0.7042233721962068,1.553489351354319,Hammer,2018-07-20,33.70484,2018-08-24,36.86292,RSI(2) acum > 190,5,0.09369811576022924,0.09338756873363996,15252.22560445498,178574.023425422
CSCO,2018-10-12,36.8862,8.12800643521561,3.6958899999999986,0.6091685629171856,2.5004379653859927,Hammer,2018-10-19,36.73287,2019-02-08,38.39975,RSI(2) acum > 190,16,0.045378430816867876,0.04510005615458925,8053.69847618377,186627.72190160575
CSCO,2019-05-10,43.66759,6.822829652431096,2.299579999999999,0.4982214143452307,1.3672925313243316,Hammer,2019-05-17,42.4155,2020-06-12,40.04603,RSI(2) acum > 190,56,-0.05586330468814471,-0.05609245529873524,-10468.407137802205,176159.31476380353
CSCO,2020-08-14,36.14335,7.228233070967249,5.255670000000002,0.9627830514472943,2.1663666829722774,Hammer,2020-08-21,36.18587,2021-08-13,48.98289,RSI(2) acum > 190,51,0.3536468792929395,0.3533217079335203,62240.90989850476,238400.22466230826
CSCO,2021-10-01,48.38618,3.9791034058320207,2.307870000000001,0.5817485386958523,1.27898275067033,Hammer,2021-10-08,48.14765,2021-12-31,55.13569,RSI(2) acum > 190,12,0.14513771700176425,0.14491497352689828,34547.762211197245,272947.9868735055
CSCO,2022-01-21,50.36863,8.298252820911344,3.2080199999999977,0.9806079762594995,1.3177701823993377,Hammer,2022-01-28,49.90653,2022-12-09,45.14864,RSI(2) acum > 190,45,-0.09533602115795259,-0.09552682516444598,-26073.854594979006,246874.1322785265
CSCO,2023-04-21,43.51933,6.9588432267293,4.117820000000002,0.8224715990499836,1.923109059858637,Hammer,2023-04-28,43.53783,2023-09-01,52.11013,RSI(2) acum > 190,18,0.19689313867962643,0.19664087060946653,48545.54425366051,295419.67653218703
CSCO,2023-10-27,48.42017,5.6475671096341244,1.933329999999998,0.8791928951601654,1.062840105494944,Hammer,2023-11-03,48.22295,2024-02-02,49.06383,RSI(2) acum > 190,13,0.017437340519400157,0.017228184071684742,5089.544560604538,300509.2210927916
CSCO,2024-02-16,45.84414,7.620603185304773,2.034790000000001,0.8837177300851656,1.2096007264734199,Hammer,2024-02-23,45.39933,2024-10-25,54.97068,RSI(2) acum > 190,35,0.2108257985305071,0.2105823387328918,63281.93452523777,363791.1556180294
CSCO,2025-03-14,59.06489,6.8481653705947,4.354199999999999,0.7152473473887289,1.7369150776264413,Hammer,2025-03-21,58.96727,2025-11-07,74.21288,RSI(2) acum > 190,33,0.2585435954555806,0.25835210345472553,93986.21017815708,457777.3657961865
CSCO,2026-01-09,73.88,4.676214815191372,3.4398000000000053,0.8415605558462699,1.1357367545781107,Hammer,2026-01-16,72.91,2026-03-19,78.51,End of data,9,0.07680702235632975,0.07666460947678812,35095.32294098209,492872.68873716856
CSGP,2015-08-21,18.161,1.9615431181432115,1.5850000000000009,0.9217665615141941,1.457205745969143,Hammer,2015-08-28,17.122,2016-06-10,20.702,RSI(2) acum > 190,41,0.2090877233967996,0.20844280959887912,20844.28093904363,120844.28093904363
CSGP,2016-10-28,19.074,4.220291836796662,3.3752499999999976,0.6942448707503146,2.9157847022613135,Hammer,2016-11-04,19.15,2017-02-24,21.04,RSI(2) acum > 190,16,0.0986945169712794,0.098146697990081,11860.46713329235,132704.748072336
CSGP,2018-09-21,41.965,9.57772943262816,2.1629999999999967,0.7096625057790101,1.2298019680774082,Hammer,2018-09-28,41.783,2019-02-08,39.313,RSI(2) acum > 190,19,-0.05911495105664977,-0.059347181008901996,-7875.652696714011,124829.09537562198
CSGP,2019-09-13,57.011,7.690670478919898,6.027510000000007,0.8527567768448323,1.9510991130558342,Hammer,2019-09-20,56.744,2020-02-07,65.848,RSI(2) acum > 190,20,0.16043987029465678,0.1602495198153271,20003.80257292129,144832.89794854328
CSGP,2020-03-20,55.096,7.939973791007532,9.842000000000006,0.7995326153220892,1.876121345387226,Hammer,2020-03-27,55.244,2021-04-23,90.473,RSI(2) acum > 190,56,0.6376982115704872,0.6374595015294393,92325.10683901745,237158.00478756073
CSGP,2022-01-07,71.88,5.022332105098471,8.070000000000007,0.9727385377943001,1.677319868691104,Hammer,2022-01-14,71.23,2022-08-12,72.95,RSI(2) acum > 190,30,0.024147129018671887,0.02400505369551478,5692.990633553556,242850.9954211143
CSGP,2023-10-27,70.58,6.674041141662272,6.960000000000008,0.535919540229885,1.4727589338599936,Hammer,2023-11-03,71.28,2025-08-08,95.53,RSI(2) acum > 190,92,0.3402076318742986,0.34004348740969337,82579.89932133126,325430.89474244555
CSGP,2025-09-12,86.8,7.925150706941039,5.875,0.7157446808510636,1.1378332233000625,Hammer,2025-09-19,87.14,2026-03-19,42.82,End of data,26,-0.5086068395685104,-0.5086924092030524,-165544.22571009537,159886.66903235015
CSX,2015-07-24,8.706841,2.317062421976729,0.5115009999999991,0.9116013458429211,1.1726178303581203,Hammer,2015-07-31,8.650321,2016-03-18,7.554123,RSI(2) acum > 190,33,-0.12672338980252873,-0.12780554297177427,-12780.554284396872,87219.44571560314
CSX,2017-07-28,14.79893,6.147588643891012,1.0479699999999994,0.680792389095108,1.4859512377036277,Hammer,2017-08-04,14.78709,2017-09-29,15.76555,RSI(2) acum > 190,8,0.0661698819713683,0.06547147833740875,5710.386045059524,92929.83176066268
CSX,2018-02-09,15.18474,4.943412462537836,1.9723100000000002,0.627837408926589,2.0877250330470476,Hammer,2018-02-16,15.38466,2018-05-25,19.18806,RSI(2) acum > 190,14,0.24722028306117916,0.24649017587133168,22906.290551472717,115836.1223121354
CSX,2018-10-12,21.16499,7.32260933035387,2.0320800000000006,0.7626126924136851,2.4385929265036843,Hammer,2018-10-19,21.1258,2019-03-01,22.2211,RSI(2) acum > 190,19,0.051846557290138096,0.051361046434588276,5949.464450926769,121785.58676306218
CSX,2019-05-24,22.72548,6.7844096224564225,1.2591600000000014,0.910837383652592,1.2855390613865616,Hammer,2019-05-31,22.87111,2020-01-31,22.9907,RSI(2) acum > 190,35,0.005228867335253851,0.004790587210850041,583.4244738295693,122369.01123689175
CSX,2020-02-28,21.67075,7.126687989877681,3.0602100000000014,0.7959486440473029,2.8366299119295686,Hammer,2020-03-06,21.63076,2020-12-11,28.40691,RSI(2) acum > 190,40,0.3132645362437567,0.3127299433900173,38268.453918537096,160637.46515542886
CSX,2021-06-18,29.60303,7.300281504348831,1.2756599999999985,0.9478387658153428,1.0017218025364363,Hammer,2021-06-25,29.77487,2021-10-29,33.44212,RSI(2) acum > 190,18,0.12316594497305955,0.12280946827504627,19727.80166106169,180365.26681649053
CSX,2022-01-21,32.13536,6.001071121473743,2.549160000000004,0.7449198951811581,1.680734321910847,Hammer,2022-01-28,32.45578,2022-08-12,31.66994,RSI(2) acum > 190,28,-0.02421263639327098,-0.024516970941548432,-4422.010000982518,175943.256815508
CSX,2022-09-23,26.32668,9.527045647874573,2.396799999999999,0.9206358477970626,1.2547704133986517,Hammer,2022-09-30,26.21255,2022-11-18,30.12161,RSI(2) acum > 190,7,0.14912932927166578,0.14871946463342317,26166.186933297045,202109.44374880503
CSX,2023-01-27,28.69988,9.024324541639487,2.95777,0.7774201509921329,1.7015476206514075,Hammer,2023-02-03,28.5186,2023-12-08,32.23563,RSI(2) acum > 190,44,0.13033704319286366,0.12996360908160265,26266.872712802986,228376.31646160802
CSX,2024-04-19,33.33779,1.7615817169728132,1.8542599999999965,0.7801063497028476,1.3913300307252483,Hammer,2024-04-26,33.56108,2025-07-11,33.12476,RSI(2) acum > 190,63,-0.013000773515035702,-0.013296756725837303,-3036.66431889617,225339.65214271186
CSX,2026-01-09,35.08445,9.712042879726766,1.5399200000000022,0.7475777962491587,1.0857855006310415,Hammer,2026-01-16,34.76551,2026-02-20,40.43683,RSI(2) acum > 190,5,0.16313064298495839,0.16281958475731315,36689.70855454402,262029.3606972559
CTAS,2016-01-15,18.94518,8.941111435672212,1.0190700000000028,0.6836331164689364,1.2900064563426714,Hammer,2016-01-22,19.09173,2016-03-24,20.31822,RSI(2) acum > 190,9,0.06424195188178339,0.0637014818767403,6370.148181303881,106370.14818130387
CTAS,2016-10-21,23.99994,2.283874910055843,1.165610000000001,0.8858794965726116,1.260862447502846,Hammer,2016-10-28,24.13972,2016-12-09,26.71903,RSI(2) acum > 190,6,0.10684920951858601,0.10641291346513855,11319.157362371898,117689.30554367576
CTAS,2018-09-28,45.66792,2.9939111496531154,4.287219999999998,0.8529886499876369,2.7711828365575455,Hammer,2018-10-05,45.94035,2019-02-15,45.63184,RSI(2) acum > 190,19,-0.00671544731374496,-0.006932366387458193,-815.8653850984094,116873.44015857736
CTAS,2019-11-15,60.38687,6.043343238669863,3.4376099999999994,0.42044036409016716,1.2964399311498545,Hammer,2019-11-22,60.18175,2020-01-24,67.00273,RSI(2) acum > 190,9,0.11333967523377098,0.11316411004083135,13225.878829729885,130099.31898830725
CTAS,2020-03-13,57.43024,9.468206352352198,12.887500000000003,0.46322715809893333,3.267945831763642,Hammer,2020-03-20,46.58221,2020-05-29,58.73644,RSI(2) acum > 190,10,0.26091999499379703,0.2606773404116708,33913.944429327574,164013.26341763482
CTAS,2022-05-06,92.53327,4.794421579559668,6.113199999999992,0.7399970555519202,1.2727924901328167,Hammer,2022-05-13,91.41258,2022-08-26,104.8142,RSI(2) acum > 190,15,0.14660586103138096,0.1464884544088783,24026.049436579502,188039.3128542143
CTAS,2024-12-20,184.9971,3.810774634706661,32.399699999999996,0.8231526835125021,3.173381119927926,Hammer,2024-12-27,185.1851,2025-03-07,205.0984,RSI(2) acum > 190,10,0.10753186946465987,0.10747496761435947,20209.519039023573,208248.83189323786
CTAS,2025-03-14,191.1978,8.068660417225658,16.1413,0.7868511210373381,1.721748275783327,Hammer,2025-03-21,190.3055,2025-05-23,219.3687,RSI(2) acum > 190,9,0.15271865500471615,0.1526620969415771,31791.703330663964,240040.53522390185
CTAS,2025-10-10,187.0796,6.033896909632318,15.347800000000007,0.9565475182110792,1.7764977435194635,Hammer,2025-10-17,186.5919,2026-03-19,181.83,End of data,22,-0.02552040040323289,-0.02557330802387391,-6138.630539357766,233901.90468454408
CTSH,2015-12-04,55.53493,5.0720606150031955,3.5979500000000044,0.5614141386067054,1.2618315904112456,Hammer,2015-12-11,55.19093,2017-05-19,56.80511,RSI(2) acum > 190,75,0.029247196957906008,0.029063374781437633,2906.3374752374257,102906.33747523744
CTSH,2017-11-17,64.72788,8.856079048365032,2.431820000000002,0.989045241835333,1.2734692856774035,Hammer,2017-11-24,64.57695,2018-02-02,69.29105,RSI(2) acum > 190,10,0.07299973132828352,0.07283923758883096,7495.61915725962,110401.95663249707
CTSH,2018-05-11,68.15319,8.50583626729967,3.666640000000001,0.558252241834489,1.2283829957644326,Hammer,2018-05-18,67.96629,2019-02-15,65.81313,RSI(2) acum > 190,39,-0.031679822453160256,-0.0318246130094045,-3513.4995417967784,106888.45709070028
CTSH,2019-05-03,53.30762,7.422747762749765,14.107400000000005,0.9011483334987312,4.024348440037368,Hammer,2019-05-10,52.68683,2019-11-22,57.20979,RSI(2) acum > 190,28,0.0858461213172248,0.08564819251865043,9154.803141771,116043.26023247126
CTSH,2020-03-13,47.95813,4.824122628569782,7.7196,0.42502979428986004,2.134531236627989,Hammer,2020-03-20,42.58996,2020-07-31,56.45832,RSI(2) acum > 190,19,0.3256251003757693,0.3253521073854749,37754.919226760685,153798.17945923193
CTSH,2021-01-29,71.77986,8.201778356900377,4.3095500000000015,0.5619658665057827,1.240838423836122,Hammer,2021-02-05,72.34158,2022-01-07,82.69999,RSI(2) acum > 190,48,0.14318750019007065,0.1430393807143339,21999.196322841322,175797.37578207327
CTSH,2022-04-14,79.26501,4.7792864930384695,4.358910000000009,0.9656680225102129,1.0839915708608487,Hammer,2022-04-22,79.0873,2024-07-26,72.51748,RSI(2) acum > 190,118,-0.08307048034260867,-0.08319166341097661,-14624.876099970337,161172.49968210293
CTSH,2025-03-14,77.73243,8.057378521742166,9.077950000000001,0.8560600135493146,2.2967549547575965,Hammer,2025-03-21,77.60471,2025-11-14,72.8985,RSI(2) acum > 190,34,-0.06064335528088438,-0.06076829819361533,-9794.178511498227,151378.32117060473
CTSH,2026-02-06,76.68976,4.277745962998168,11.620859999999993,0.570204786909058,2.5756843617063643,Hammer,2026-02-13,75.30679,2026-03-19,61.55,End of data,5,-0.18267662185574507,-0.18279727516767305,-27671.54460177188,123706.77656883285
DASH,2022-01-07,132.27,6.158741625993983,24.10480000000001,0.7423749626630378,1.0312625604774122,Hammer,2022-01-14,129.97,2023-05-26,66.56,RSI(2) acum > 190,71,-0.48788181888128024,-0.4879399884593192,-48793.998797137916,51206.00120286209
DASH,2023-10-27,70.65,9.235985154902806,7.589999999999989,0.901185770750988,1.1534601356801526,Hammer,2023-11-03,71.61,2024-02-16,118.47,RSI(2) acum > 190,15,0.6543778801843319,0.6541925574251204,33498.58484891556,84704.58605177765
DASH,2024-04-19,127.18,8.395140727507012,15.320000000000007,0.8609660574412527,1.703987818039109,Hammer,2024-04-26,128.46,2024-08-23,129.6,RSI(2) acum > 190,17,0.008874357776739838,0.00879617016307933,745.0759517595561,85449.6620035372
DASH,2025-04-04,163.16,9.57371687133211,30.129999999999995,0.980086292731497,1.9434715439347836,Hammer,2025-04-11,156.13,2025-07-03,244.3,RSI(2) acum > 190,12,0.5647217062704157,0.5646395747269993,48248.260765994826,133697.92276953202
DASH,2025-11-07,204.31,0.6977069185120257,63.31999999999999,0.8479153506001263,3.131893721972994,Hammer,2025-11-14,207.52,2026-03-19,159.26,End of data,18,-0.232555898226677,-0.23259848211058917,-31097.933866433996,102599.98890309803
DDOG,2020-03-06,43.62,9.502452050636407,5.759999999999998,0.7812500000000002,1.1051487087243708,Hammer,2020-03-13,38.78,2020-05-08,44.9,RSI(2) acum > 190,8,0.15781330582774622,0.1575351295603971,15753.5129402862,115753.51294028621
DDOG,2021-03-05,82.2,4.020210048059596,20.560000000000002,0.8000972762645915,1.6178886191430646,Hammer,2021-03-12,82.19,2021-07-09,106.66,RSI(2) acum > 190,17,0.29772478403698743,0.297585011253726,34446.51041654688,150200.0233568331
DDOG,2021-12-03,164.22,9.801720266605969,34.879999999999995,0.6731651376146787,2.248366116488727,Hammer,2021-12-10,160.43,2023-05-19,87.93,RSI(2) acum > 190,75,-0.451910490556629,-0.45195873718328305,-67884.21281336968,82315.81054346342
DDOG,2023-08-11,89.44,6.779557969430613,26.209999999999994,0.787485692483785,2.3670723004173237,Hammer,2023-08-18,88.09,2023-12-01,112.64,RSI(2) acum > 190,15,0.278692246566012,0.27856291503490527,22930.132115518034,105245.94265898145
DDOG,2024-03-08,121.31,7.632201700581277,11.090000000000003,0.9522091974752028,1.1252254419793644,Hammer,2024-03-15,120.15,2025-07-11,155.0,RSI(2) acum > 190,69,0.29005409904286306,0.289958803212517,30516.987545854463,135762.93020483592
DDOG,2026-01-09,125.49,0.8142408096581448,20.6888,0.9864661072657669,1.4908325750348592,Hammer,2026-01-16,126.2,2026-03-19,129.94,End of data,9,0.029635499207606886,0.029555088942593524,4012.4854732985577,139775.41567813448
DXCM,2015-10-09,19.3875,6.632127495034695,3.495000000000001,0.7997138769670961,1.7832117961231184,Hammer,2015-10-16,19.3825,2016-06-24,18.7225,RSI(2) acum > 190,36,-0.03405133496710955,-0.03455834945196649,-3455.8349417408135,96544.1650582592
DXCM,2016-09-30,21.915,9.365770347270583,2.2950000000000017,0.6797385620915037,1.7288605719825147,Hammer,2016-10-07,21.7275,2017-12-08,14.665,RSI(2) acum > 190,61,-0.3250489011621217,-0.3254342574485218,-31418.778635303323,65125.386422955875
DXCM,2018-12-21,27.08,5.818541657532691,3.6000000000000014,0.772916666666667,1.1121986580862415,Hammer,2018-12-28,26.9725,2019-06-21,37.1475,RSI(2) acum > 190,25,0.37723607377884893,0.37679547771290905,24538.95106393651,89664.33748689239
DXCM,2019-09-13,36.565,9.44371545569797,5.719999999999999,0.6512237762237766,1.738164346927258,Hammer,2019-09-20,36.3725,2019-11-22,52.3025,RSI(2) acum > 190,9,0.4379682452402227,0.43763315236066236,39240.086629478945,128904.42411637133
DXCM,2020-03-20,52.375,7.308023381914239,10.732500000000002,0.36105287677614717,1.6133662292610815,Hammer,2020-03-27,52.3875,2020-05-08,85.765,RSI(2) acum > 190,6,0.6371271772846576,0.6368755069905043,82096.07038033693,211000.49449670824
DXCM,2020-09-04,99.56,4.905181067434441,18.1575,0.7123778053146085,1.8338588112470195,Hammer,2020-09-11,97.7225,2021-04-30,103.9575,RSI(2) acum > 190,33,0.06380311596612853,0.0636975262848226,13440.209530874428,224440.7040275827
DXCM,2021-05-14,83.3125,7.467112707174394,10.204999999999998,0.637432631063204,1.2124439644856695,Hammer,2021-05-21,82.8,2021-07-02,107.8725,RSI(2) acum > 190,6,0.30280797101449286,0.3026689209588794,67931.22563934844,292371.9296669311
DXCM,2021-12-03,129.8725,4.275472431352014,20.882499999999993,0.9406201364779117,2.065725632723869,Hammer,2021-12-10,129.3975,2023-12-15,117.66,RSI(2) acum > 190,105,-0.09070886222685914,-0.09078263557504691,-26542.294316783955,265829.63535014715
DXCM,2024-04-26,124.34,5.607139032323872,15.16000000000001,0.9828496042216356,1.6708481747290858,Hammer,2024-05-03,125.15,2025-05-16,87.02,RSI(2) acum > 190,54,-0.3046743907311227,-0.30474211977148336,-81009.4864936748,184820.1488564723
EA,2015-08-21,63.65418,6.953381009646435,10.189719999999994,0.8551010233843525,2.965464623622441,Hammer,2015-08-28,58.52533,2017-05-05,92.48458,RSI(2) acum > 190,88,0.5802487572475028,0.580028337444877,58002.83368648487,158002.83368648487
EA,2017-06-30,102.6937,9.535944792419954,6.9646999999999935,0.9651384840696652,1.427722943731973,Hammer,2017-07-07,103.4611,2018-06-22,141.335,RSI(2) acum > 190,50,0.36606898631466334,0.3659546460144917,57821.87101320231,215824.70469968716
EA,2018-07-27,129.9796,9.909742984811757,16.270599999999988,0.8471660541098668,2.282247182690422,Hammer,2018-08-03,129.6299,2019-02-22,102.7229,RSI(2) acum > 190,29,-0.20756785278704992,-0.2076369866448001,-44813.19128253368,171011.51341715347
EA,2020-02-28,98.46825,4.665862583855784,10.325670000000002,0.7384750820043645,2.121787740674723,Hammer,2020-03-06,99.00251,2020-07-17,136.9735,RSI(2) acum > 190,19,0.38353562955121046,0.3834152580950678,65568.42348849762,236579.93690565112
EA,2020-09-04,126.405,4.842753994297155,13.793499999999995,0.7732410193206939,1.7191659208121228,Hammer,2020-09-11,123.8114,2020-12-18,134.7147,RSI(2) acum > 190,14,0.08806378087962807,0.08797945990999562,20814.175053685853,257394.11195933697
EA,2021-08-06,132.9362,9.709576278366725,11.368899999999996,0.8713595862396533,1.7316750125659455,Hammer,2021-08-13,133.297,2023-04-21,125.4253,RSI(2) acum > 190,88,-0.059053842171991944,-0.059126644761519,-15218.850206307518,242175.26175302942
EA,2023-08-04,120.8994,9.273068630607014,15.365200000000002,0.9923007835888888,2.668414863753176,Hammer,2023-08-11,121.5109,2024-11-15,156.7487,RSI(2) acum > 190,66,0.289997029073112,0.28990280284308456,70207.28709125362,312382.5488442831
EA,2024-12-20,146.9566,8.789136656859242,11.255400000000009,0.9028288643673249,1.6769606465025841,Hammer,2024-12-27,146.7777,2025-08-22,171.8164,RSI(2) acum > 190,34,0.17058926526304719,0.17051532639745676,53266.0122237864,365648.5610680695
EA,2026-02-06,199.8109,0.9637256881946712,7.742699999999985,0.5354850375192114,2.0118598324745434,Hammer,2026-02-13,199.8209,2026-03-19,200.69,End of data,5,0.0043493948831179186,0.004299242490588102,1572.0118287942314,367220.5728968637
EXC,2015-06-26,15.63841,7.317591622393252,0.9789199999999987,0.8109447145834185,1.6009622717411927,Hammer,2015-07-02,15.6238,2016-02-12,16.28585,RSI(2) acum > 190,32,0.04237445435809484,0.0417210534398036,4172.105339808255,104172.10533980826
EXC,2016-09-09,17.0724,9.129822471485227,0.8178400000000003,0.9937396067690526,1.2008588642626963,Hammer,2016-09-16,17.04684,2017-06-09,19.23961,RSI(2) acum > 190,38,0.1286320514535244,0.1280078865389307,13334.851027524863,117506.95636733311
EXC,2017-12-22,20.87102,3.3701959095526917,1.2412400000000012,0.8922367954626002,1.809044782617255,Hammer,2017-12-29,20.92987,2019-02-15,26.3658,RSI(2) acum > 190,59,0.2597211545031095,0.25918145180743896,30455.623518303153,147962.57988563628
EXC,2019-07-26,25.72693,6.46099411068559,1.4991500000000002,0.7340826468332056,1.4938002426159214,Hammer,2019-08-02,25.77185,2020-01-31,27.25347,RSI(2) acum > 190,26,0.05748985812039109,0.05709076167181032,8447.29637614976,156409.87626178606
EXC,2020-02-28,24.78823,9.174053436755202,4.686239999999998,0.903067277817611,4.271901545216026,Hammer,2020-03-06,24.83422,2020-10-23,24.57899,RSI(2) acum > 190,33,-0.010277351171085636,-0.0106778715273666,-1670.124562664534,154739.75169912152
EXC,2021-02-26,22.86421,7.264841002627506,1.7207399999999993,0.9156641909875991,1.3344073733067676,Hammer,2021-03-05,23.12484,2021-04-23,27.6377,RSI(2) acum > 190,7,0.1951520529439339,0.1946775247904871,30124.3518173552,184864.10351647672
EXC,2021-10-01,29.06928,4.6182521642357415,1.2651999999999965,0.9663452418589966,1.2792901827431835,Hammer,2021-10-08,29.0267,2021-11-12,32.91355,RSI(2) acum > 190,5,0.1339060244533481,0.13353851135138495,24686.477161212155,209550.58067768888
EXC,2022-06-17,35.68825,5.2207761200579625,4.5973399999999955,0.8595818451539382,2.172316116294504,Hammer,2022-06-24,35.9674,2022-12-30,38.27023,RSI(2) acum > 190,27,0.06402547862786867,0.06373858847338515,13356.458212817648,222907.03889050655
EXC,2023-02-03,36.25787,4.045103172039731,2.531320000000001,0.7163258695068198,1.3012292182973166,Hammer,2023-02-10,36.24014,2024-08-09,37.29702,RSI(2) acum > 190,78,0.02916324274685489,0.02888332063278008,6438.2954691397845,229345.33435964634
FANG,2015-07-10,54.49351,4.382869499926173,4.435429999999997,0.4228766996660974,1.071123892708337,Hammer,2015-07-17,54.20909,2017-10-20,78.71542,RSI(2) acum > 190,118,0.45207049223663387,0.4518443452615359,45184.434480969154,145184.43448096915
FANG,2018-02-09,84.94962,5.321588033948544,14.83147000000001,0.7484146884968247,2.602048786182005,Hammer,2018-02-16,86.09498,2020-01-03,70.97472,RSI(2) acum > 190,98,-0.17562301541855285,-0.1757289606803626,-25513.109752793804,119671.32472817534
FANG,2020-01-24,64.34875,8.541734836905775,6.066680000000005,0.8758002729664338,1.181162594817469,Hammer,2020-01-31,63.10589,2020-12-11,37.33341,RSI(2) acum > 190,45,-0.4084005470804706,-0.40852664254932874,-48888.92445174302,70782.40027643232
FANG,2021-08-20,55.77954,7.2296769541552806,7.027340000000002,0.7381014722498134,1.0135992581352915,Hammer,2021-08-27,58.48752,2021-10-08,82.17215,RSI(2) acum > 190,6,0.4049518598155639,0.40474628208871827,28648.913320552536,99431.31359698485
FANG,2022-06-24,101.1643,9.2832481794388,13.547730000000001,0.8546450217121248,1.0637810534558358,Hammer,2022-07-01,102.263,2022-11-18,141.2314,RSI(2) acum > 190,20,0.381060598652494,0.3809441858645911,37877.780769772464,137309.09436675732
FANG,2022-12-09,113.637,2.8149847558268277,17.896100000000004,0.9946077637027059,1.5214542505970006,Hammer,2022-12-16,114.6015,2023-02-03,130.3756,RSI(2) acum > 190,7,0.1376430500473378,0.13754978993338074,18886.837067203385,156195.93143396068
FANG,2023-12-08,137.6356,5.105067246090883,8.134299999999996,0.6552868716423044,1.060550332789621,Hammer,2023-12-15,137.4042,2024-03-28,184.1934,RSI(2) acum > 190,15,0.3405223421118131,0.3404371759678391,53174.9017418689,209370.83317582958
FANG,2024-08-02,179.6796,6.568816991549824,17.106899999999996,0.8288877587406251,1.8405040331950593,Hammer,2024-08-09,174.9942,2026-02-20,169.4869,RSI(2) acum > 190,80,-0.03147132876403913,-0.031527572697475206,-6600.954157080965,202769.87901874864
FAST,2015-07-24,7.58001,5.044378449383416,0.43736399999999964,0.8658851665889297,1.4706570140734456,Hammer,2015-07-31,7.58001,2016-03-11,8.831656,RSI(2) acum > 190,32,0.16512458426835863,0.16369734515841117,16369.73449947138,116369.7344994714
FAST,2016-04-15,8.800918,8.006095894510452,0.5023890000000009,0.6902479950795103,1.0398781542510491,Hammer,2016-04-22,8.789391,2016-11-25,8.831753,RSI(2) acum > 190,31,0.004819674082083836,0.0036798454833314232,428.22264146613406,116797.95714093752
FAST,2017-04-13,8.997107,4.899187577573485,1.0095589999999994,0.998042709737619,2.259439030334268,Hammer,2017-04-21,9.00896,2017-10-06,9.157445,RSI(2) acum > 190,24,0.01648192466167009,0.015363391894350526,1794.4127862213668,118592.36992715888
FAST,2018-04-13,10.17226,6.6879923795710425,1.0582599999999989,0.9366601780280847,1.7048300895895576,Hammer,2018-04-20,10.25554,2019-02-08,12.70218,RSI(2) acum > 190,42,0.23856764246446316,0.2374767799745433,28162.93411168862,146755.3040388475
FAST,2019-05-24,12.98892,3.3793796569424757,0.8681000000000001,0.9296970395115763,1.2955869028712728,Hammer,2019-05-31,13.00996,2020-06-12,18.32175,RSI(2) acum > 190,54,0.4082864205577883,0.40736122124078744,59782.41981704558,206537.72385589307
FAST,2021-01-29,20.09104,6.707976066769106,1.3361300000000007,0.9802115063653979,1.1708684479797946,Hammer,2021-02-05,20.36868,2021-05-21,24.08082,RSI(2) acum > 190,15,0.18224745049752844,0.18171189495466689,37530.36114394768,244068.08499984074
FAST,2021-06-18,22.6053,5.93675702429249,1.4978100000000012,0.6041620766318825,1.4688854405048237,Hammer,2021-06-25,22.74795,2021-08-20,24.78735,RSI(2) acum > 190,8,0.08965203457894,0.08919282994073299,21769.123177582034,265837.20817742276
FAST,2021-09-10,24.0077,8.664220474297508,1.21875,0.838235897435897,1.3732165940915697,Hammer,2021-09-17,24.19589,2021-11-19,27.1589,RSI(2) acum > 190,9,0.12245922757955996,0.12202071907272839,32437.647265658066,298274.85544308077
FAST,2022-01-21,25.45218,6.175122057518351,2.2876399999999997,0.9114152576454344,1.9238651912902534,Hammer,2022-01-28,25.38013,2023-02-10,24.99273,RSI(2) acum > 190,54,-0.01526390920771481,-0.015654834148968132,-4669.443388099431,293605.4120549814
FAST,2023-09-08,25.63764,5.453541247381267,1.3898200000000003,0.9441654314947258,1.3251056748356909,Hammer,2023-09-15,25.65175,2023-12-22,30.72746,RSI(2) acum > 190,14,0.19786993090140048,0.19744160893332158,57969.92488969646,351575.33694467787
FAST,2024-04-12,33.73679,6.949654405545488,3.548470000000002,0.8380569653963544,2.6040704540744892,Hammer,2024-04-19,34.14863,2025-08-01,46.81283,RSI(2) acum > 190,67,0.3708552876059743,0.3705082007388381,130261.5453852618,481836.88232993963
FAST,2025-10-17,42.008,3.3250796619388865,2.9581699999999955,0.6655533657632917,1.326586966933652,Hammer,2025-10-24,42.11683,2026-03-19,44.49,End of data,21,0.05634730819009892,0.056103212989559115,27032.597208549145,508869.4795384887
FER,2026-03-13,63.21,8.250918575835456,4.170000000000009,0.9448441247002389,1.2766060832820014,Hammer,2026-03-19,64.05,2026-03-19,63.5,End of data,0,-0.00858704137392663,-0.008742486925298552,-874.2486916556065,99125.75130834439
FTNT,2015-08-21,8.572001,8.433432120082983,1.0559999999999992,0.9924232954545453,1.9001718222417183,Hammer,2015-08-28,7.6,2016-06-10,6.956,RSI(2) acum > 190,41,-0.08473684210526311,-0.08599605522682431,-8599.605514082825,91400.39448591718
FTNT,2016-06-24,6.382,7.6469178505513895,0.5110009999999994,0.9471625300146198,1.1526421822755246,Hammer,2016-07-01,6.3,2017-02-10,7.532,RSI(2) acum > 190,32,0.1955555555555557,0.19381443298969078,17714.715614607383,109115.11010052456
FTNT,2017-06-09,7.464,7.227769492057803,0.5759999999999996,0.8194444444444442,1.5050336656341277,Hammer,2017-06-16,7.376,2017-12-08,8.484,RSI(2) acum > 190,25,0.1502169197396963,0.14876033057851237,16231.999833432808,125347.10993395736
FTNT,2018-11-02,14.512,6.50159478341682,2.492000000000001,0.9181380417335472,2.0980668816351167,Hammer,2018-11-09,14.602,2019-03-01,17.492,RSI(2) acum > 190,16,0.1979180934118614,0.1971657424522489,24714.15596965821,150061.26590361554
FTNT,2019-05-24,15.548,3.774093443446006,1.2500000000000018,0.8367999999999998,1.0105882982740149,Hammer,2019-05-31,15.574,2019-07-26,17.512,RSI(2) acum > 190,8,0.12443816617439318,0.12375633866101805,18571.032824497895,168632.2987281134
FTNT,2020-02-28,20.412,5.364179029875174,2.5040000000000013,0.6829073482428115,1.9497201768674703,Hammer,2020-03-06,20.724,2020-12-24,28.67752,RSI(2) acum > 190,42,0.3837830534645821,0.3832080659945006,64621.25699518596,233253.5557232994
FTNT,2021-12-03,60.564,2.9253369076232048,10.219999999999999,0.8796477495107635,2.238428105440735,Hammer,2021-12-10,59.558,2023-02-10,52.47,RSI(2) acum > 190,61,-0.11901004063266063,-0.11916793982841697,-27796.3456654021,205457.2100578973
FTNT,2023-08-04,56.77,3.206303734621642,22.479999999999997,0.9701957295373664,4.051038473022489,Hammer,2023-08-11,57.58,2024-08-23,74.69,RSI(2) acum > 190,54,0.29715178881556104,0.29695233133628546,61010.99745553052,266468.2075134278
FTNT,2025-03-14,96.25,5.650099184462874,7.572500000000005,0.6068009243974903,1.156161015255803,Hammer,2025-03-21,95.74,2026-03-19,83.12,End of data,52,-0.13181533319406713,-0.13191289362368785,-35150.592276662996,231317.61523676483
GEHC,2023-08-11,71.29388,4.139161555469755,5.407539999999997,0.8655617896492679,1.132892434758806,Hammer,2023-08-18,71.20425,2024-02-23,85.64764,RSI(2) acum > 190,27,0.20284449313067676,0.20268981908951425,20268.981888682443,120268.98188868245
GEHC,2024-11-01,86.7556,6.441153491090603,5.248249999999999,0.6653989425046427,1.300363025459781,Hammer,2024-11-08,87.40415,2025-01-31,88.71766,RSI(2) acum > 190,12,0.015028004963151043,0.014912740828620336,1793.5401548344144,122062.52204351686
GEHC,2025-03-14,81.82029,5.075074687460159,8.81277,0.8222987777963113,1.8390162594313213,Hammer,2025-03-21,81.69052,2026-03-19,70.38,End of data,52,-0.13845572289171393,-0.13856965473749372,-16914.161519043686,105148.36052447317
GILD,2016-01-15,64.20221,4.907228932757576,6.158769999999997,0.7548244211100605,1.44257797554439,Hammer,2016-01-22,65.111,2016-04-15,67.72177,RSI(2) acum > 190,12,0.04009721859593629,0.03994056760243258,3994.0567562492006,103994.0567562492
GILD,2016-07-29,56.13669,6.737389967636531,6.696559999999998,0.9894527936731693,1.9254737731018712,Hammer,2016-08-05,56.37686,2017-07-07,51.66464,RSI(2) acum > 190,48,-0.08358429327209782,-0.083754242942677,-8709.943485447493,95284.11327080171
GILD,2017-10-27,56.34499,5.028110039259062,6.258109999999995,0.4964949481552733,2.26939665602479,Hammer,2017-11-03,55.63583,2018-02-02,62.6557,RSI(2) acum > 190,13,0.12617534419815435,0.12598428168666795,12004.30055456876,107288.41382537046
GILD,2018-03-23,53.99606,7.303418444694884,5.01858,0.9837523761701523,1.5628831800007503,Hammer,2018-03-29,54.98198,2018-07-20,57.97334,RSI(2) acum > 190,16,0.05440618908231398,0.05421938066065826,5817.11134385888,113105.52516922934
GILD,2018-08-17,54.49105,8.62976286850818,4.306159999999998,0.85075798391142,1.6398016215971036,Hammer,2018-08-24,54.506,2022-01-07,61.84311,RSI(2) acum > 190,176,0.1346110519942758,0.13441525563647713,15203.108064316853,128308.6332335462
GILD,2022-01-21,58.62559,9.819385767827171,3.277409999999996,0.7859010621191733,1.4757673592541365,Hammer,2022-01-28,58.65126,2022-11-11,70.59797,RSI(2) acum > 190,41,0.20369059420036328,0.20350274633943605,26111.159215974927,154419.79244952113
GILD,2023-03-17,69.83344,6.224066535803104,3.5936400000000077,0.8026847430460484,1.108953789328434,Hammer,2023-03-24,70.19476,2024-01-19,79.78323,RSI(2) acum > 190,43,0.1365980879484452,0.13644590807717863,21069.94878479441,175489.74123431556
GILD,2024-02-09,68.46396,5.940189217076323,4.702429999999993,0.8300389373153889,1.3326777032728512,Hammer,2024-02-16,68.22234,2024-09-27,80.81662,RSI(2) acum > 190,32,0.184606391396132,0.18444629381711206,32368.432341225096,207858.17357554068
GILD,2025-05-09,94.39998,5.726677783434397,8.328499999999991,0.8111088431290154,1.3283504989078718,Hammer,2025-05-16,94.28308,2026-02-06,140.2535,RSI(2) acum > 190,38,0.4875786832589686,0.48744676951741933,101319.79512586855,309177.9687014092
GOOG,2016-01-15,34.43975,8.936121865701608,2.4483999999999995,0.8160839732069929,1.407116282813997,Hammer,2016-01-22,34.87865,2016-08-05,37.74462,RSI(2) acum > 190,28,0.08216975140952987,0.08187130647165652,8187.13063897852,108187.13063897853
GOOG,2018-10-12,55.05202,9.982820003508067,4.945889999999999,0.5807690830164033,1.865218090732973,Hammer,2018-10-19,54.994,2019-03-29,59.35917,RSI(2) acum > 190,23,0.07937538640578978,0.07918634884270621,8566.94385850264,116754.07449748118
GOOG,2020-02-28,66.42118,9.479200762364101,8.28895,0.5911822365920889,2.7665903163158396,Hammer,2020-03-06,67.03018,2020-09-04,81.72356,RSI(2) acum > 190,26,0.21920543850546137,0.2190399130725091,25573.80230321573,142327.8768006969
GOOG,2022-04-22,118.64,3.8467334022860484,12.678899999999999,0.9629541994968015,1.5052096878377443,Hammer,2022-04-29,118.457,2023-02-10,101.8488,RSI(2) acum > 190,41,-0.1402044623787535,-0.14028295993651976,-19966.17581911591,122361.70098158097
GOOG,2023-10-27,122.3951,6.135792383462515,19.093199999999996,0.8992206649487776,2.4989718677454045,Hammer,2023-11-03,123.4465,2024-07-12,190.0227,RSI(2) acum > 190,36,0.5393121716695086,0.5392093251195814,65978.57014078373,188340.2711223647
GOOG,2024-07-26,167.4968,8.12973378394561,19.2192,0.8545621045621049,2.096689394890318,Hammer,2024-08-02,169.304,2024-11-15,179.0423,RSI(2) acum > 190,15,0.05751960969616787,0.057458847432800525,10821.814893050425,199162.08601541512
GOOG,2025-02-28,171.4314,3.027421862057551,16.623500000000007,0.7706559990375073,1.5324206628148322,Hammer,2025-03-07,172.9344,2025-08-01,193.9731,RSI(2) acum > 190,21,0.12165711391140221,0.12159577285453742,24217.267748148988,223379.3537635641
GOOGL,2016-01-15,35.2333,9.771851593821964,2.5533900000000003,0.8255965598674694,1.4013651584490587,Hammer,2016-01-22,35.71234,2016-08-05,39.01107,RSI(2) acum > 190,28,0.09236947228885017,0.09207656561210882,9207.656552003227,109207.65655200322
GOOGL,2016-11-11,38.27119,8.679670302598865,2.5042999999999935,0.8770275126781955,1.8080327200089434,Hammer,2016-11-18,38.27168,2017-03-24,43.11763,RSI(2) acum > 190,18,0.12661973553290573,0.12634193979206113,13797.507155127772,123005.16370713098
GOOGL,2018-10-19,54.80603,8.226406111181532,3.0081400000000045,0.6894160511146423,1.0771055229791695,Hammer,2018-10-26,55.16953,2019-03-29,59.48635,RSI(2) acum > 190,22,0.07824645234425587,0.07805811848329294,9601.551633106523,132606.7153402375
GOOGL,2020-02-28,66.41359,9.407016452280658,8.362729999999999,0.578740435240645,2.7807780640343838,Hammer,2020-03-06,67.01562,2020-05-15,68.27521,RSI(2) acum > 190,10,0.018795468877255805,0.018644858850903046,2472.4334877281754,135079.14882796566
GOOGL,2022-04-22,118.6548,4.366436095842047,12.371799999999993,0.9430398163565538,1.460441834740087,Hammer,2022-04-29,118.1247,2023-02-10,101.5606,RSI(2) acum > 190,41,-0.14022554131354414,-0.1403042587935126,-18952.179835814117,116126.96899215155
GOOGL,2023-10-27,121.1685,5.987964738758464,18.997200000000007,0.897448044975049,2.475284467450029,Hammer,2023-11-03,122.2,2024-07-12,188.5546,RSI(2) acum > 190,36,0.5429999999999999,0.5428959535207234,63044.86149742073,179171.83048957228
GOOGL,2024-07-26,165.8212,7.984783225454379,19.411999999999978,0.8496136410467754,2.098820976326255,Hammer,2024-08-02,167.6382,2024-11-15,177.5547,RSI(2) acum > 190,15,0.05915417846290394,0.059092763679051565,10587.758626475625,189759.58911604792
GOOGL,2025-02-28,169.4964,2.985857816676912,16.274699999999996,0.7853232317646411,1.494680732944886,Hammer,2025-03-07,171.1338,2025-08-01,193.2145,RSI(2) acum > 190,21,0.1290259434430836,0.12896374171140604,24472.10661355243,214231.69572960032
HON,2016-09-09,82.52262,5.299112894338066,3.5584599999999966,0.9482416550979924,1.3867567376896377,Hammer,2016-09-16,81.97742,2017-02-24,93.01872,RSI(2) acum > 190,23,0.13468708822502595,0.1345568964663401,13455.689633178321,113455.6896331783
HON,2018-06-22,110.6268,9.00005582007985,5.016599999999997,0.9356735637682897,1.244344743316141,Hammer,2018-06-29,110.1812,2018-08-03,122.304,RSI(2) acum > 190,5,0.11002602984901233,0.10993028165051526,12472.215903756518,125927.90553693484
HON,2018-10-12,121.9415,6.612685080161327,9.040199999999999,0.7599278777018195,2.2090136350987994,Hammer,2018-10-19,121.5746,2019-02-15,120.8032,RSI(2) acum > 190,17,-0.006345075369361686,-0.006427065066836822,-809.3468418070142,125118.55869512781
HON,2019-08-02,137.6178,7.923078109444361,6.806700000000006,0.835147722097347,1.5417794447984077,Hammer,2019-08-09,135.2998,2019-11-15,148.7477,RSI(2) acum > 190,14,0.09939334721854731,0.09931576706813057,12426.24561883929,137544.8043139671
HON,2020-02-28,134.8914,8.848493169459019,21.456099999999992,0.5522438840236573,3.5191040983789814,Hammer,2020-03-06,135.6567,2020-12-11,179.0668,RSI(2) acum > 190,40,0.3199996756518477,0.31991416884795054,44002.531707454255,181547.33602142133
HON,2021-01-29,165.4025,2.44267009351573,9.143399999999986,0.9240763829647619,1.1301820798139957,Hammer,2021-02-05,167.2481,2022-08-19,175.4724,RSI(2) acum > 190,80,0.04917425070897674,0.04911299102976271,8916.332676581049,190463.66869800238
HON,2023-02-24,169.676,8.738938800287713,8.594699999999989,0.8787043177772358,1.0247962469586493,Hammer,2023-03-03,171.7789,2026-01-30,220.2664,RSI(2) acum > 190,152,0.2822669140389187,0.28220048561011846,53748.93974391205,244212.60844191443
IDXX,2016-01-22,66.36,8.197442461456092,4.715000000000003,0.427359490986214,1.1311638001749291,Hammer,2016-01-29,66.18,2016-05-13,86.23,RSI(2) acum > 190,15,0.3029616198247205,0.302787640704087,30278.764040129936,130278.76404012993
IDXX,2016-10-28,105.05,6.646698841119985,9.89,0.9160768452982813,2.137892795583211,Hammer,2016-11-04,104.9,2017-02-17,142.73,RSI(2) acum > 190,15,0.36062917063870326,0.36051665792860177,46967.664563848884,177246.42860397883
IDXX,2017-08-04,152.6,7.501768865908474,18.75,0.8874666666666674,2.5309359611255786,Hammer,2017-08-11,152.9,2017-11-03,167.76,RSI(2) acum > 190,12,0.0971877043819489,0.09711912625486409,17214.018260599558,194460.4468645784
IDXX,2018-10-26,203.45,2.9260588651471835,20.13990000000001,0.8709030332821914,1.5647697521979202,Hammer,2018-11-02,206.75,2019-02-01,207.85,RSI(2) acum > 190,13,0.005320435308343363,0.0052719402190999284,1025.1838498243314,195485.63071440277
IDXX,2019-08-02,268.71,7.469552201998383,27.145699999999977,0.6693509469271388,2.0919995321026112,Hammer,2019-08-09,264.13,2020-01-17,281.75,RSI(2) acum > 190,23,0.06670957483057594,0.0666704526094611,13033.115465342085,208518.74617974486
IDXX,2020-03-06,249.89,8.74679811109219,20.980000000000018,0.659675881792184,1.2853945475456416,Hammer,2020-03-13,236.1,2020-05-22,297.18,RSI(2) acum > 190,10,0.25870393900889455,0.2586561063933418,53934.64694293968,262453.3931226845
IDXX,2020-09-18,354.76,3.9913688831721856,25.25999999999999,0.7141726049089481,1.077590286415865,Hammer,2020-09-25,351.33,2020-10-30,427.67,RSI(2) acum > 190,5,0.21728858907579784,0.21725703388503853,57019.84566587856,319473.23878856306
IDXX,2021-03-19,484.88,7.164986361809326,41.82900000000001,0.8661454971431306,1.2071192807574727,Hammer,2021-03-26,486.34,2021-04-30,557.99,RSI(2) acum > 190,5,0.1473249167249251,0.14730284057613433,47059.31551455367,366532.55430311675
IDXX,2022-01-14,529.35,9.765574473478097,45.98000000000002,0.7966507177033488,1.0347362042687493,Hammer,2022-01-21,514.6,2022-11-18,443.05,RSI(2) acum > 190,43,-0.13904003109211038,-0.13905811253291356,-50969.32513228973,315563.22917082696
IDXX,2023-05-26,468.94,4.63717491111467,41.745000000000005,0.6322912923703432,1.395774397767099,Hammer,2023-06-02,469.35,2023-07-28,553.18,RSI(2) acum > 190,8,0.1786087141791839,0.1785855056407197,56355.018786735425,371918.24795756245
IDXX,2023-08-18,483.73,8.618266007708357,31.589999999999975,0.9237100348211451,1.039175950781414,Hammer,2023-08-25,483.67,2023-12-15,531.59,RSI(2) acum > 190,16,0.09907581615564331,0.09905411691735161,36840.033580044925,408758.2815376074
IDXX,2024-03-15,529.77,9.397586755747867,35.51999999999998,0.9144144144144154,1.191759196411224,Hammer,2024-03-22,532.83,2025-05-16,500.0,RSI(2) acum > 190,60,-0.06161439858866813,-0.06163258794936526,-25192.830711705166,383565.4508259022
IDXX,2026-02-13,629.35,3.898591087740982,45.530000000000086,0.4880298704151106,1.185970966799124,Hammer,2026-02-20,628.36,2026-03-19,579.85,End of data,4,-0.07720096759819206,-0.07721626761515998,-29617.492469284865,353947.9583566173
INSM,2015-08-21,24.29,8.656534131741026,3.5,0.9628571428571432,1.7028293727984913,Hammer,2015-08-28,22.74,2016-04-29,14.27,RSI(2) acum > 190,35,-0.37247141600703604,-0.37282919322928104,-37282.919285645185,62717.080714354815
INSM,2016-11-04,11.21,3.3449699782677413,3.4099999999999984,0.7067448680351904,2.3668694681213815,Hammer,2016-11-11,11.45,2018-05-25,28.61,RSI(2) acum > 190,80,1.4986899563318778,1.4971628109995636,93897.68076609228,156614.7614804471
INSM,2018-06-29,23.65,2.751685788864478,4.440799999999999,0.9211853720050446,1.4733101535230733,Hammer,2018-07-06,23.53,2019-01-25,23.76,RSI(2) acum > 190,29,0.009774755631109189,0.009347779902273128,1464.0003183022231,158078.76179874933
INSM,2019-08-02,17.41,7.601846702971358,5.869999999999997,0.9897785349233392,1.998608374642514,Hammer,2019-08-09,17.0,2019-12-13,23.22,RSI(2) acum > 190,18,0.3658823529411763,0.36518670979123796,57728.26285142984,215807.02465017914
INSM,2020-03-13,20.44,8.180732366006666,6.48,0.4830246913580245,1.835271756974943,Hammer,2020-03-20,17.68,2020-05-22,26.0,RSI(2) acum > 190,9,0.47058823529411775,0.4698897370653097,101405.50596831398,317212.5306184931
INSM,2021-12-03,25.89,6.626941129367395,4.815299999999997,0.9543122962224578,1.5711755034970796,Hammer,2021-12-10,26.39,2023-09-22,26.62,RSI(2) acum > 190,93,0.008715422508525972,0.008334911915135577,2643.9384984384487,319856.46911693155
INSM,2024-04-19,24.32,7.837526706657627,3.6950000000000003,0.7848443843031119,1.664952003751273,Hammer,2024-04-26,24.37,2024-06-14,56.85,RSI(2) acum > 190,7,1.3327862125564218,1.3321025641025641,426081.6222293755,745938.0913463071
INSM,2024-11-01,68.32,6.568745116803981,6.2672000000000025,0.6218406944089881,1.176656174269268,Hammer,2024-11-08,67.1,2025-06-27,102.125,RSI(2) acum > 190,33,0.5219821162444114,0.5217942031145223,389226.1715575878,1135164.2629038948
INSM,2025-12-19,174.84,6.462327464089114,44.2088,0.6874196992453988,3.126849287813376,Hammer,2025-12-26,177.58,2026-03-19,144.0,End of data,12,-0.18909787138191247,-0.1891488582932118,-214715.024088812,920449.2388150827
INTC,2015-07-10,22.7053,5.46978509066372,1.2687600000000003,0.7852785396765347,1.0757689855909345,Hammer,2015-07-17,22.78314,2015-10-23,25.8057,RSI(2) acum > 190,14,0.13266652445624283,0.13219859102146997,13219.85908892714,113219.85908892713
INTC,2016-01-08,24.90467,8.70360109099721,2.0391600000000025,0.9689921340159671,1.5115619203137742,Hammer,2016-01-15,25.14178,2016-03-24,25.69795,RSI(2) acum > 190,10,0.022121345425821115,0.02171928175297188,2459.0540171251287,115678.91310605226
INTC,2016-04-29,24.14316,9.163404125347157,1.3554600000000008,0.8941171262892286,1.1233277109100652,Hammer,2016-05-06,24.2787,2016-07-22,28.29237,RSI(2) acum > 190,11,0.16531651200434938,0.1648706745677142,19072.06041798277,134750.973524035
INTC,2016-10-21,28.48252,8.112878112672249,2.6254199999999983,0.8950605998278368,2.1707352978600256,Hammer,2016-10-28,28.70941,2017-09-29,30.92156,RSI(2) acum > 190,48,0.07705313344997333,0.07669145909666977,10334.248763920714,145085.22228795572
INTC,2017-12-08,36.39349,9.688466809072835,2.20796,0.7414445913875239,1.6370861615590853,Hammer,2017-12-15,36.33472,2019-03-08,46.55333,RSI(2) acum > 190,64,0.28123541340073643,0.2809215370949475,40757.56361413709,185842.78590209284
INTC,2019-05-10,40.25927,5.128468793124597,5.385329999999996,0.8220053367203125,1.9689806741669087,Hammer,2019-05-17,39.50114,2019-07-19,43.57063,RSI(2) acum > 190,9,0.10302208999537732,0.10275592604086356,19096.447544287046,204939.2334463799
INTC,2020-02-28,49.21674,7.865948101237308,8.12892,0.7906204022182528,2.6148459205784618,Hammer,2020-03-06,49.45609,2020-10-23,48.88849,RSI(2) acum > 190,33,-0.011476847441841964,-0.011677866379410715,-2393.2529816924307,202545.98046468748
INTC,2020-10-30,39.74265,8.508170676850483,3.8145099999999985,0.8423519665697569,1.1181391736621362,Hammer,2020-11-06,40.35297,2022-01-14,50.05536,RSI(2) acum > 190,62,0.24043806441012894,0.24016049370173975,48643.542617058745,251189.5230817462
INTC,2022-02-18,42.0913,6.989818567712973,3.719440000000006,0.86683479233433,1.294144307938703,Hammer,2022-02-25,41.76421,2023-11-24,43.20141,RSI(2) acum > 190,91,0.03441223957067563,0.034168709439321654,8582.821819799145,259772.34490154535
INTC,2024-04-26,31.55089,2.273872738993461,4.606940000000002,0.7336192787403354,1.3875330525710452,Hammer,2024-05-03,31.5311,2025-10-03,34.52,RSI(2) acum > 190,74,0.0947921258693798,0.09445999980974198,24538.09562543811,284310.4405269834
INTU,2015-08-21,82.11811,1.2907577012885127,20.19583,0.8100850522112729,4.488793697372295,Hammer,2015-08-28,75.70723,2016-07-15,108.0203,RSI(2) acum > 190,46,0.4268161706616398,0.4266559048650399,42665.5904438384,142665.59044383842
INTU,2018-10-26,192.4242,4.366206999353551,14.3733,0.83631455546047,1.4592552034927821,Hammer,2018-11-02,196.5486,2019-02-15,216.5553,RSI(2) acum > 190,15,0.10179009161092978,0.1017366255311529,14514.315736651297,157179.90618048972
INTU,2020-03-20,194.151,4.234079557620532,43.862899999999996,0.946271222376997,2.2430515954301713,Hammer,2020-03-27,194.632,2020-06-05,278.6971,RSI(2) acum > 190,10,0.4319181840601749,0.43185571088744684,67879.04005291854,225058.94623340823
INTU,2022-01-14,536.3468,7.962875395007757,44.959299999999985,0.839939678776138,1.1535511542681611,Hammer,2022-01-21,525.1776,2023-02-10,409.53,RSI(2) acum > 190,55,-0.2202066500932256,-0.22022359461261665,-49563.2900896855,175495.65614372274
INTU,2023-10-27,472.671,7.244911475239292,39.01469999999995,0.849418296180671,1.332427824866236,Hammer,2023-11-03,476.7814,2023-12-22,601.6619,RSI(2) acum > 190,7,0.2619240180090916,0.2619002974917067,45962.36450658088,221458.02065030363
INTU,2024-03-15,617.5145,8.179662781285245,44.838800000000106,0.9013622130833109,1.4510587271519295,Hammer,2024-03-22,622.1247,2024-11-22,679.8921,RSI(2) acum > 190,35,0.09285501765160586,0.09283819756555589,20559.763453050087,242017.7841033537
INTU,2025-04-04,557.745,6.447032152795202,63.62829999999997,0.9907886899382824,1.769056100014076,Hammer,2025-04-11,544.3161,2025-05-23,663.1239,RSI(2) acum > 190,6,0.2182698619423531,0.21824948545996098,52820.25679989661,294838.04090325034
INTU,2025-08-15,714.1172,8.740683212039585,51.3066,0.6565685506348103,1.3760203266383966,Hammer,2025-08-22,714.4759,2026-03-19,455.24,End of data,30,-0.3628336519118419,-0.3628451089455295,-106980.54096584581,187857.4999374045
ISRG,2015-09-25,52.87878,5.567089074549699,4.532219999999995,0.9465559924275528,1.6973228575473958,Hammer,2015-10-02,52.80767,2015-12-18,58.10766,RSI(2) acum > 190,11,0.10036401909040871,0.10016516869910196,10016.51685989368,110016.51685989367
ISRG,2016-10-21,75.3354,8.319761484076992,5.265540000000001,0.9556873559027167,2.0526227671436557,Hammer,2016-10-28,76.11762,2017-02-24,80.5554,RSI(2) acum > 190,17,0.05830161268836309,0.058166416237381224,6399.266506260179,116415.78336615385
ISRG,2017-12-15,123.2899,6.578762135205878,6.648700000000005,0.4926226179553896,1.3835191748982667,Hammer,2017-12-22,124.0265,2018-01-26,144.9998,RSI(2) acum > 190,5,0.16910337710086143,0.16901593546800606,19676.122509195106,136091.90587534895
ISRG,2018-10-19,168.0865,7.101405572585733,15.241700000000009,0.9588825393492852,1.6528996586879399,Hammer,2018-10-26,168.2165,2020-08-14,228.2464,RSI(2) acum > 190,94,0.35686095002571094,0.3567908977152147,48556.3532204839,184648.25909583288
ISRG,2021-01-22,248.0264,6.835834220767239,19.49000000000001,0.9905951770138531,1.2451928233828684,Hammer,2021-01-29,249.1364,2021-04-30,288.813,RSI(2) acum > 190,13,0.15925653577718868,0.1592132018203316,29398.44051179928,214046.69960763215
ISRG,2021-10-08,328.54,9.769981214680797,25.786999999999978,0.7096599061542627,1.586201093343577,Hammer,2021-10-15,326.5,2022-08-12,241.0,RSI(2) acum > 190,43,-0.26186830015313933,-0.26189491738258225,-56057.74265369747,157988.9569539347
ISRG,2023-01-27,247.26,5.871768623749574,20.56499999999997,0.5905664964745928,1.1793657006762435,Hammer,2023-02-03,245.0,2023-04-28,299.11,RSI(2) acum > 190,12,0.22085714285714286,0.22081182016693543,34885.82911638811,192874.78607032282
ISRG,2023-08-18,285.95,3.007461206744125,27.420000000000016,0.9609773887673234,1.538426906494623,Hammer,2023-08-25,286.12,2024-02-16,386.09,RSI(2) acum > 190,25,0.3493988536278483,0.34935779816513746,67382.3105157176,260257.09658604042
ISRG,2024-04-19,366.34,3.6802963125498707,28.120000000000005,0.9228307254623058,1.5013009968957574,Hammer,2024-04-26,369.54,2024-06-28,432.78,RSI(2) acum > 190,9,0.17113167722032774,0.1711023014788455,44530.58815754311,304787.68474358355
ISRG,2025-03-07,518.26,3.918420462221121,82.06,0.8120887155739701,2.642272591860942,Hammer,2025-03-14,503.91,2026-03-19,479.93,End of data,53,-0.04758786291202799,-0.047607235347231214,-14510.099024015395,290277.5857195682
KDP,2015-06-05,9.245607,5.353276514540852,0.47191899999999976,0.851459678461772,1.5984925917168231,Hammer,2015-06-12,9.239347,2015-10-16,10.61146,RSI(2) acum > 190,18,0.14850757310013352,0.14734550747608216,14734.550732873671,114734.55073287366
KDP,2016-01-15,11.36502,9.650309779146042,0.648810000000001,0.8447927744640193,1.5819930431531122,Hammer,2016-01-22,11.53328,2016-08-05,12.67918,RSI(2) acum > 190,28,0.0993559507789632,0.09844621555379146,11295.18230162072,126029.73303449438
KDP,2016-10-07,11.34608,7.938629410114999,0.7340199999999992,0.6166044521947618,1.9082756941396903,Hammer,2016-10-14,11.36164,2017-03-10,12.34792,RSI(2) acum > 190,21,0.08680789041018744,0.08588993757170103,10824.685891686182,136854.41892618054
KDP,2017-04-28,12.03158,9.333165707889762,1.0069,0.92438176581587,2.7026641271317433,Hammer,2017-05-05,12.03421,2017-12-22,12.61774,RSI(2) acum > 190,33,0.04848926518649743,0.04763850784229185,6519.540302747608,143373.95922892814
KDP,2018-12-21,21.11308,7.979417803899949,1.2187100000000015,0.586210008943883,1.150715144368404,Hammer,2018-12-28,21.09627,2019-11-22,25.71652,RSI(2) acum > 190,47,0.21900790992910113,0.2184821103184784,31324.64514572706,174698.6043746552
KDP,2020-01-10,24.07988,8.20955161532089,1.1141699999999979,0.8914707809400735,1.1006403559464772,Hammer,2020-01-17,24.03669,2020-06-12,24.95496,RSI(2) acum > 190,21,0.03820284739704172,0.037778958134806535,6599.931254279298,181298.5356289345
KDP,2021-02-26,26.94206,8.893366660230129,1.7302299999999988,0.8775480716436536,1.4042504162401037,Hammer,2021-03-05,27.17158,2022-01-14,33.65024,RSI(2) acum > 190,45,0.23843515908901858,0.23802332743855178,43153.28066698255,224451.81629591703
KDP,2022-05-20,31.30013,6.204930528965136,3.4803000000000033,0.7347182714133844,2.2598313472270175,Hammer,2022-05-27,31.67033,2022-08-19,35.71486,RSI(2) acum > 190,12,0.12770722629034825,0.12737136440251762,28588.73405564546,253040.55035156247
KDP,2022-09-30,32.77303,7.455544162736004,1.6560800000000029,0.8313306120477265,1.1302066088647267,Hammer,2022-10-07,32.87367,2024-05-10,32.2249,RSI(2) acum > 190,83,-0.019735247083760288,-0.020036394416197482,-5070.020265065565,247970.5300864969
KDP,2024-07-05,31.24304,9.153117916474116,1.0905400000000007,0.8333302767436311,1.026050196547008,Hammer,2024-07-12,31.12825,2024-09-13,35.13646,RSI(2) acum > 190,9,0.1287643860480432,0.12842250648422487,31844.996976084833,279815.52706258174
KDP,2024-11-01,31.58969,4.911656589652409,2.5410299999999992,0.8257596329047668,1.9826923620847723,Hammer,2024-11-08,31.6667,2025-04-25,34.64135,RSI(2) acum > 190,24,0.09393621690924547,0.09360564794437964,26192.313689398747,306007.8407519805
KDP,2025-08-29,28.59343,6.38823038557841,3.892400000000002,0.9015157743294625,2.333713104139697,Hammer,2025-09-05,28.5836,2026-03-19,27.15,End of data,28,-0.05015463412586241,-0.05049565211308023,-15452.065455034797,290555.7752969457
KHC,2016-11-04,54.42623,5.8511902887846645,5.29692,0.6271399228230751,2.3836631468752425,Hammer,2016-11-11,55.24862,2017-02-24,59.88541,RSI(2) acum > 190,15,0.0839258971536303,0.08373731893041567,8373.731884667835,108373.73188466784
KHC,2017-05-05,58.8429,8.575183009925397,3.0593299999999957,0.4656640506254635,1.5554564230024,Hammer,2017-05-12,58.81008,2017-12-08,54.57226,RSI(2) acum > 190,30,-0.07205941566479757,-0.07222331415684544,-7827.110076428993,100546.62180823884
KHC,2018-02-09,47.90172,4.056459004223427,5.16283,0.8524956273981524,2.6121625274610354,Hammer,2018-02-16,47.99567,2018-06-29,43.02537,RSI(2) acum > 190,19,-0.10355725839435093,-0.10375480175589208,-10432.194802506285,90114.42700573255
KHC,2018-12-07,34.10694,8.220691598437824,2.223150000000004,0.9385826417470691,1.0383270365007344,Hammer,2018-12-14,34.21198,2019-11-15,24.01692,RSI(2) acum > 190,48,-0.2979967835828268,-0.29824549098137826,-26876.22149995406,63238.2055057785
KHC,2020-01-31,21.58165,5.727301537141713,1.2084199999999967,0.8990831002466042,1.0595822314656453,Hammer,2020-02-07,21.58165,2020-06-12,24.7833,RSI(2) acum > 190,18,0.14835056633760635,0.1478529554145735,9349.955569793547,72588.16107557205
KHC,2020-09-18,22.91028,3.4500767555052505,3.431919999999998,0.9405172614746268,2.0631480792377057,Hammer,2020-09-25,22.64836,2020-12-11,26.50537,RSI(2) acum > 190,11,0.17029974797292158,0.16982072416630473,12326.974067427043,84915.13514299909
KHC,2021-01-15,24.93844,4.340317962459935,1.6098099999999995,0.8111392027630584,1.2036973238432138,Hammer,2021-01-22,25.05537,2021-02-26,29.12473,RSI(2) acum > 190,5,0.16241468395796987,0.16198324286512927,13754.828945038866,98669.96408803796
KHC,2021-06-18,32.1869,4.972238364249989,2.4517699999999962,0.9238264600676247,1.7251086986007882,Hammer,2021-06-25,32.25843,2022-01-21,30.85873,RSI(2) acum > 190,30,-0.04339020838893881,-0.04369343247137684,-4311.229408522635,94358.73467951531
KHC,2022-02-04,28.2418,9.24420299982863,1.5847899999999981,0.9743562238530027,1.2260961033465998,Hammer,2022-02-11,28.2843,2022-04-22,34.72123,RSI(2) acum > 190,10,0.22757961130379734,0.2271858971413218,21436.97376984867,115795.70844936397
KHC,2022-06-03,30.11592,5.426492307081048,2.83737,0.5497062420480946,1.3426560637016804,Hammer,2022-06-10,30.17399,2023-01-06,34.32699,RSI(2) acum > 190,30,0.13763509565688858,0.1372809361744712,15896.54324501827,131692.25169438223
KHC,2023-06-09,31.89641,8.384741113434416,1.4616399999999992,0.8757354752196174,1.1825275648914,Hammer,2023-06-16,31.81857,2023-12-08,31.19136,RSI(2) acum > 190,25,-0.019712073798413998,-0.02002320921254291,-2636.901504710573,129055.35018967166
KHC,2024-02-16,30.81951,6.76215116238096,2.6118300000000048,0.6135583096909062,2.066116103900902,Hammer,2024-02-23,30.98773,2025-08-01,27.2495,RSI(2) acum > 190,75,-0.12063581294918979,-0.12093900730913339,-15607.825924263645,113447.524265408
KLAC,2015-07-17,42.66404,3.6111866985723964,4.173570000000005,0.9488183976787253,1.8530178009828338,Hammer,2015-07-24,42.89408,2015-11-06,55.5876,RSI(2) acum > 190,15,0.2959270836441765,0.2956594873363251,29565.948704066563,129565.94870406656
KLAC,2017-06-30,79.79551,3.9607677459009665,6.644539999999992,0.9448810602389344,1.8034526435692344,Hammer,2017-07-07,80.48438,2017-09-29,87.86531,RSI(2) acum > 190,12,0.09170636588118075,0.09157642908915424,11865.186902001762,141431.13560606833
KLAC,2018-06-22,95.26874,7.57827204879321,6.347679999999997,0.8211283492551614,1.0877878469373938,Hammer,2018-06-29,94.25848,2019-02-08,97.07245,RSI(2) acum > 190,32,0.029853759576857097,0.029746090426536278,4207.023344658801,145638.1589507271
KLAC,2020-03-20,106.5066,2.177415029320983,34.8981,0.9748410371911365,2.6720528025774555,Hammer,2020-03-27,106.7868,2020-12-04,243.1923,RSI(2) acum > 190,36,1.277362932497275,1.2772094861215932,186010.4379671427,331648.5969178698
KLAC,2021-07-16,279.0817,7.904243365390627,24.746399999999994,0.9646130346232181,1.1721124426752663,Hammer,2021-07-23,275.9503,2022-12-16,373.7401,RSI(2) acum > 190,73,0.35437468268742567,0.35433202406331726,117513.71850615431,449162.3154240242
KLAC,2023-03-10,357.5426,6.478265199638216,30.431699999999978,0.875958293490013,1.1078923086861725,Hammer,2023-03-17,353.0674,2023-06-02,456.6581,RSI(2) acum > 190,11,0.2934020529791195,0.2933695751919435,131770.55753640516,580932.8729604293
KLAC,2024-04-19,617.9171,3.4769661282254987,74.29849999999999,0.9339327173496106,1.838956320189117,Hammer,2024-04-26,624.9898,2025-09-26,1035.804,RSI(2) acum > 190,74,0.6573134473554612,0.6572921886710101,381842.63915725576,962775.5121176852
LIN,2019-08-02,170.1498,2.6325619975151113,13.03479999999999,0.8692576794427236,1.8077674395930703,Hammer,2019-08-09,172.2256,2019-11-22,189.7801,RSI(2) acum > 190,15,0.10192735574734546,0.10186633501828375,10186.633491641744,110186.63349164174
LIN,2020-03-13,162.1828,4.173688042459943,21.483499999999992,0.22754672190285546,1.9792172058394417,Hammer,2020-03-20,136.6562,2020-07-31,227.157,RSI(2) acum > 190,19,0.6622516943980588,0.6621542910496908,72960.5521098496,183147.18560149134
LIN,2020-10-30,204.1865,9.039463475996868,16.078000000000003,0.6426483393456903,1.3050663649861602,Hammer,2020-11-06,208.616,2021-04-23,270.8935,RSI(2) acum > 190,24,0.29852695862254097,0.29847187004184605,54664.2829247139,237811.46852620522
LIN,2021-06-18,264.3755,4.386362914945138,12.177300000000002,0.9976924277138615,1.162869857195558,Hammer,2021-06-25,268.7346,2021-11-19,316.7323,RSI(2) acum > 190,21,0.17860632758118977,0.17856579380188103,42464.99361010789,280276.46213631314
LIN,2022-01-21,298.3398,7.215034646460623,11.419399999999996,0.9487626320121888,1.0026817666394618,Hammer,2022-01-28,296.1503,2022-06-10,319.9051,RSI(2) acum > 190,19,0.08021197344726638,0.0801768531577857,22471.684725815176,302748.1468621283
LIN,2022-06-17,276.4434,9.136773346024611,19.809799999999996,0.6634645478500544,1.1632904591554438,Hammer,2022-06-24,279.0207,2022-11-04,287.1413,RSI(2) acum > 190,19,0.02910393386583876,0.02906757334539452,8800.153955297032,311548.30081742536
LIN,2023-01-06,302.9778,2.3581975201990417,19.003199999999993,0.2945030310684513,1.2290152240306904,Hammer,2023-01-13,308.833,2023-05-05,356.6711,RSI(2) acum > 190,16,0.15489957355593464,0.15486468634041134,48247.82983773087,359796.1306551562
LIN,2024-04-12,435.9714,6.506310061941264,18.45089999999999,0.8280951064717699,1.3515382798145197,Hammer,2024-04-19,438.4173,2024-08-09,443.8035,RSI(2) acum > 190,16,0.012285555337346432,0.012262606167615006,4412.038246443895,364208.1689016001
LIN,2024-12-20,417.271,5.3574556564257705,17.170399999999972,0.6540674649396636,1.1596217286196848,Hammer,2024-12-27,415.4222,2025-02-14,447.2749,RSI(2) acum > 190,7,0.07667548821415915,0.07665049375678819,27916.735948646623,392124.90485024673
LIN,2025-04-04,432.1313,6.527768175000688,34.425700000000006,0.9759220582297519,2.1375502062909146,Hammer,2025-04-11,423.3793,2025-06-13,467.3669,RSI(2) acum > 190,9,0.10389643518235303,0.10387158900318219,40730.636913786104,432855.54176403285
LIN,2025-10-10,450.6411,4.400262738275771,18.638499999999965,0.9520508624621097,1.2392417682912529,Hammer,2025-10-17,453.3619,2026-03-19,489.8,End of data,22,0.08037309707763263,0.08035015348495893,34780.00918277509,467635.5509468079
LRCX,2015-04-02,6.06494,3.6176347170161023,0.3154029999999999,0.5435839227908419,1.0696420207079984,Hammer,2015-04-10,5.992076,2015-06-05,7.095337,RSI(2) acum > 190,8,0.18411999447270033,0.18229900704943547,18229.90068671365,118229.90068671363
LRCX,2015-07-10,6.75616,9.096586549742057,0.5067349999999999,0.8404077081709371,1.5549079309918326,Hammer,2015-07-17,6.796596,2015-11-13,6.620378,RSI(2) acum > 190,17,-0.02592739071146799,-0.027378574087611258,-3236.9660920851447,114992.93459462849
LRCX,2016-01-08,6.112663,9.042242426633706,0.7909690000000005,0.8848678013929744,1.9754604748996223,Hammer,2016-01-15,6.169036,2016-03-24,6.895905,RSI(2) acum > 190,10,0.11782537822765171,0.11611027211373562,13351.860913587458,128344.79550821595
LRCX,2016-04-29,6.65295,8.516134818661271,0.49810099999999924,0.874125930283217,1.3147510546074084,Hammer,2016-05-06,6.65295,2016-07-22,7.832431,RSI(2) acum > 190,11,0.17728691783344241,0.1756518147477826,22543.996221907197,150888.79173012314
LRCX,2018-02-09,14.78463,9.38350311624447,2.32372,0.6532413543800454,1.875174797848339,Hammer,2018-02-16,15.01103,2019-02-08,15.70813,RSI(2) acum > 190,51,0.04643918505259137,0.045757766866475424,6904.334147846805,157793.12587796993
LRCX,2020-03-13,24.35605,5.8647901793659685,4.690160000000002,0.5173576167977212,2.1364148100929423,Hammer,2020-03-20,20.82425,2020-12-04,42.94074,RSI(2) acum > 190,37,1.0620545757950466,1.061319538629571,167468.92738825598,325262.0532662259
LRCX,2021-07-16,55.90267,7.458394362101089,5.1772300000000016,0.9544949712491039,1.2226711758343418,Hammer,2021-07-23,54.90617,2021-11-26,61.98571,RSI(2) acum > 190,18,0.12893887881817268,0.1287450258298994,41875.871407370505,367137.9246735964
LRCX,2022-10-14,30.37305,6.774316461255253,6.819390000000002,0.7828119523887037,1.4618961957362258,Hammer,2022-10-21,31.53609,2023-02-10,50.51851,RSI(2) acum > 190,16,0.6019268717206223,0.6015144054945469,220838.75027370133,587976.6749472977
LRCX,2024-04-19,85.44823,4.742652256588514,11.711880000000008,0.9304159537153729,2.0330952054410822,Hammer,2024-04-26,86.05209,2024-07-12,107.0668,RSI(2) acum > 190,11,0.24420917609322434,0.24407878537375585,143512.63250572345,731489.307453021
LRCX,2024-07-19,90.21769,6.667836383081621,16.41229,0.9903499146066753,2.313242299651452,Hammer,2024-07-26,92.66616,2025-02-28,85.56296,RSI(2) acum > 190,31,-0.07665365652358969,-0.07675742917213949,-56147.238650855405,675342.0688021656
LRCX,2025-04-04,58.66019,1.3492448216140076,16.711260000000003,0.9334670156529192,2.2427920600431244,Hammer,2025-04-11,57.4987,2025-07-03,97.08143,RSI(2) acum > 190,12,0.6884108684196337,0.6881771086034464,464754.95176178904,1140097.0205639547
LRCX,2026-03-06,199.33,8.223529851463283,35.1002,0.9749289177839435,1.725085762004077,Hammer,2026-03-13,195.0,2026-03-19,233.99,End of data,1,0.19994871794871805,0.19989231045357828,227896.62735387305,1367993.6479178276
MAR,2015-04-17,69.73627,7.146867950151673,3.260469999999998,0.8650133262995803,1.1494849397674753,Hammer,2015-04-24,70.05064,2016-08-12,66.76015,RSI(2) acum > 190,68,-0.04697301837642032,-0.04711240950764294,-4711.240946053054,95288.75905394695
MAR,2016-09-09,61.42775,5.804034301634346,3.7043199999999956,0.972839819454042,1.2396028206002747,Hammer,2016-09-16,60.99787,2016-11-18,67.51622,RSI(2) acum > 190,9,0.1068619281296217,0.10668924265366538,10166.285526706914,105455.04458065388
MAR,2018-06-22,124.4865,5.355932449191769,5.989199999999997,0.9796133039471042,1.1341504159692068,Hammer,2018-06-29,123.4163,2018-10-05,124.9521,RSI(2) acum > 190,14,0.012444061278777507,0.012362533857607952,1303.6915577801979,106758.73613843408
MAR,2018-10-12,110.6552,6.572515196939449,7.195499999999996,0.5497324716836921,1.3276526802314252,Hammer,2018-10-19,110.2408,2019-02-15,109.5054,RSI(2) acum > 190,17,-0.006670851445199966,-0.0067612553040569436,-721.82307024858,106036.91306818549
MAR,2019-08-16,122.6097,5.700131691476869,6.862400000000008,0.6116519002098386,1.1129859223328253,Hammer,2019-08-23,124.5799,2019-11-15,126.3384,RSI(2) acum > 190,12,0.014115439167955657,0.01403460612000325,1488.186307604822,107525.09937579032
MAR,2020-02-28,119.3551,3.835268012449461,21.533400000000015,0.5735601437766451,2.7747600507491814,Hammer,2020-03-06,118.4599,2020-12-11,129.8275,RSI(2) acum > 190,40,0.09596158700117075,0.09587312360032361,10308.767132283458,117833.86650807378
MAR,2021-05-07,141.1951,9.262813842568008,9.22120000000001,0.36221966772220565,1.0239099484566412,Hammer,2021-05-14,139.4468,2021-10-08,150.0182,RSI(2) acum > 190,21,0.07580955604574657,0.07573512855337837,8924.163019006432,126758.02952708022
MAR,2022-05-20,149.6902,3.4228752345191396,15.322000000000003,0.7608993603968152,1.2314725650319964,Hammer,2022-05-27,150.8859,2023-02-03,166.9252,RSI(2) acum > 190,36,0.10630085382398224,0.10623105833420032,13465.639615553904,140223.6691426341
MAR,2023-03-24,151.9798,5.48467046684118,14.33789999999999,0.7968879682519745,1.4889503835936486,Hammer,2023-03-31,153.5233,2023-08-04,194.6048,RSI(2) acum > 190,18,0.2675913037304436,0.2675174544367389,37512.2789833047,177735.94812593883
MAR,2023-09-22,189.7378,8.013115892698679,9.420500000000004,0.962698370574812,1.0911117808659594,Hammer,2023-09-29,188.6201,2023-12-01,203.7313,RSI(2) acum > 190,9,0.08011447348400291,0.08005933462725799,14229.42173207808,191965.3698580169
MAR,2024-04-19,231.4633,6.311544491858442,22.0283,0.9354421357980416,2.2299456863755838,Hammer,2024-04-26,233.9741,2024-10-18,257.6152,RSI(2) acum > 190,25,0.10104152553637347,0.1009966274765568,19387.85492856172,211353.22478657862
MAR,2025-03-14,240.8332,4.674948945811138,24.250699999999966,0.7181359713327862,1.591860821665753,Hammer,2025-03-21,241.6356,2025-05-23,267.085,RSI(2) acum > 190,9,0.10532140131669321,0.10527783824406976,22250.810589193134,233604.03537577175
MAR,2026-03-13,313.81,8.15500265303703,20.50999999999999,0.8727450024378345,1.166383895816163,Hammer,2026-03-19,318.24,2026-03-19,324.89,End of data,0,0.020896178984414204,0.020864428349227717,4874.014653314232,238478.050029086
MCHP,2015-07-24,16.87674,2.1326623587404896,1.4873499999999993,0.7398325881601492,1.538154434826587,Hammer,2015-07-31,16.78403,2016-03-24,20.19052,RSI(2) acum > 190,34,0.20296019489955608,0.20230412358546,20230.41233831559,120230.41233831558
MCHP,2017-06-30,32.79505,8.14845464685942,2.719459999999998,0.8640612474535375,1.8829433326984353,Hammer,2017-07-07,33.02875,2017-10-20,39.35934,RSI(2) acum > 190,15,0.19166907618362794,0.1913373443826389,23004.5677878384,143234.98012615397
MCHP,2017-12-01,37.27542,2.333925359570287,2.3907700000000034,0.6594988225550779,1.5474311807275534,Hammer,2017-12-08,37.45966,2018-06-08,43.65438,RSI(2) acum > 190,26,0.16537042781488154,0.16508143941517164,23645.436670183568,166880.41679633752
MCHP,2018-06-29,39.2911,6.726971300983195,2.751890000000003,0.8398773206777882,1.2453508175605634,Hammer,2018-07-06,38.97574,2019-02-15,38.26443,RSI(2) acum > 190,32,-0.018250070428425635,-0.018504266465952355,-3087.9996972606214,163792.41709907688
MCHP,2020-01-31,43.21316,6.762323623781185,3.648380000000003,0.9331730795585977,1.401754697489479,Hammer,2020-02-07,43.5944,2020-12-11,64.62065,RSI(2) acum > 190,44,0.4823153891325491,0.4820307160190278,78952.97601380231,242745.3931128792
MCHP,2021-04-30,67.72464,8.389764957245688,5.342179999999999,0.9384221422715081,1.0565679264428323,Hammer,2021-05-07,68.69799,2022-08-12,65.19405,RSI(2) acum > 190,66,-0.05100498573539047,-0.05114682781637303,-12415.656812346559,230329.73630053265
MCHP,2023-04-28,67.73736,7.753839567606917,6.477699999999999,0.614613211479383,1.2364270382520983,Hammer,2023-05-05,68.11785,2023-12-15,82.15159,RSI(2) acum > 190,32,0.2060214760154644,0.20585956107238593,47415.57836933047,277745.31466986315
MCHP,2024-04-19,77.38596,4.804343923856038,6.574210000000008,0.8875925776633238,1.2521223137876873,Hammer,2024-04-26,77.99232,2025-05-23,57.89856,RSI(2) acum > 190,56,-0.25763767509416313,-0.2577493688244672,-71588.67947852158,206156.63519134154
MCHP,2025-08-01,64.93177,8.769377887026636,6.722150000000006,0.7540028116004555,1.0893394142936634,Hammer,2025-08-08,65.39166,2026-02-20,78.04049,RSI(2) acum > 190,28,0.1934318535421795,0.19326415141079079,39842.68711811591,245999.32230945744
MCHP,2026-03-06,64.77,3.4065460369763656,10.519999999999996,0.9448669201520914,1.6179070647186313,Hammer,2026-03-13,63.56,2026-03-19,63.29,End of data,1,-0.00424795468848338,-0.004404939825375614,-1083.6122107727288,244915.7100986847
MDLZ,2016-01-15,32.08039,9.799860624312686,2.0214399999999983,0.7952746556909922,1.2157976598523055,Hammer,2016-01-22,32.66931,2017-06-02,37.76772,RSI(2) acum > 190,71,0.1560611472969584,0.15573121513507077,15573.121497933957,115573.12149793396
MDLZ,2017-06-30,35.26947,4.093260933416403,1.8081000000000031,0.8757977987943147,1.435920176680679,Hammer,2017-07-07,35.49812,2018-06-29,34.25931,RSI(2) acum > 190,51,-0.034897904452404815,-0.035174655072568305,-4065.2446802846107,111507.87681764935
MDLZ,2018-10-12,34.50987,5.688757470979354,2.102320000000006,0.8403192663343345,1.6569791555936273,Hammer,2018-10-19,34.35041,2019-02-22,40.25874,RSI(2) acum > 190,18,0.17200173156594079,0.1716856238944612,19144.299381440556,130652.1761990899
MDLZ,2019-10-25,45.2565,7.247958310874878,2.341300000000004,0.7509161576901701,1.4469011032775987,Hammer,2019-11-01,45.15359,2020-02-14,50.40479,RSI(2) acum > 190,15,0.11629640079559556,0.11606208254066387,15163.763642972368,145815.93984206227
MDLZ,2020-02-28,45.5169,8.218754749524294,6.172359999999998,0.826815026991297,3.2660566490432217,Hammer,2020-03-06,45.37035,2020-08-14,48.36276,RSI(2) acum > 190,23,0.0659551887962071,0.06572753708786827,9584.122584387394,155400.06242644967
MDLZ,2020-10-30,46.58798,6.443935476115641,3.209939999999996,0.8333333333333329,1.4754090322005036,Hammer,2020-11-06,47.30715,2021-05-14,55.17108,RSI(2) acum > 190,27,0.16623132021269527,0.16600239050645565,25796.7818218463,181196.84424829597
MDLZ,2021-10-01,52.16835,7.611616156758529,2.2485600000000048,0.7887581385420015,1.4174191594793009,Hammer,2021-10-08,52.16835,2021-11-19,56.23803,RSI(2) acum > 190,6,0.07801051787146807,0.0778113730477341,14099.17522877716,195296.0194770731
MDLZ,2022-03-11,53.26479,3.337021403486233,4.27055,0.9789020149629439,1.785956041443651,Hammer,2022-03-18,53.58913,2022-11-11,58.15237,RSI(2) acum > 190,34,0.08515234339501321,0.08495781161108489,16591.92241453602,211887.94189160914
MDLZ,2023-06-09,67.6884,5.986705900845067,2.6622700000000066,0.6132398291683396,1.1225182824214024,Hammer,2023-06-16,67.6884,2023-12-01,67.55184,RSI(2) acum > 190,24,-0.0020174800999875897,-0.002165055972960404,-458.7492537319662,211429.19263787716
MDLZ,2024-10-04,68.77306,9.527875366076046,3.4237400000000093,0.8005631268729504,1.3292510896075873,Hammer,2024-10-11,68.76345,2025-02-28,62.53445,RSI(2) acum > 190,20,-0.09058591446473385,-0.09072474368696695,-19181.859290831904,192247.33334704526
MDLZ,2025-10-31,56.93583,6.1462359036020615,5.74709,0.8568962727223683,1.929118891177314,Hammer,2025-11-07,56.91601,2026-01-30,58.29,RSI(2) acum > 190,12,0.02414065919237829,0.023962856597238735,4606.795275590002,196854.12862263527
MELI,2015-07-10,134.4706,7.52551593706842,8.790199999999999,0.28366817592318855,1.3096601513506316,Hammer,2015-07-17,134.8275,2015-12-04,124.5072,RSI(2) acum > 190,20,-0.0765444734939088,-0.07661580108653318,-7661.580100991738,92338.41989900825
MELI,2016-01-08,100.429,6.195460222297527,11.901699999999991,0.9808010620331552,1.406959212952676,Hammer,2016-01-15,101.3331,2016-06-10,135.4659,RSI(2) acum > 190,21,0.33683761771819865,0.33672231865408975,31092.40681815659,123430.82671716485
MELI,2016-11-11,155.4502,7.1200998319597915,25.376800000000003,0.7910453642697274,2.265581507258447,Hammer,2016-11-18,155.4502,2017-01-20,176.5985,RSI(2) acum > 190,9,0.13604549881569783,0.13597679588717512,16783.728313921478,140214.55503108632
MELI,2018-04-20,324.49,9.863670346728256,34.42399999999998,0.6820532186846386,1.1552964223257152,Hammer,2018-04-27,325.17,2019-03-15,455.23,RSI(2) acum > 190,46,0.3999753974843927,0.3999384946567233,56077.19801201776,196291.75304310408
MELI,2019-09-13,566.83,9.545457735618783,72.13999999999999,0.5762406431937891,1.3639640372012247,Hammer,2019-09-20,557.55,2020-01-24,665.0,RSI(2) acum > 190,18,0.19271814187068426,0.19269847817704094,37825.12205228458,234116.87509538868
MELI,2020-03-13,535.69,5.026094575695737,126.83000000000004,0.4998028857525819,1.9066166188567746,Hammer,2020-03-20,455.0,2020-06-12,866.94,RSI(2) acum > 190,12,0.9053626373626376,0.9053307106515313,211953.19669367082,446070.0717890595
MELI,2020-09-18,998.06,5.537018582798055,105.13,0.6367354703700187,1.0404850602313456,Hammer,2020-09-25,984.39,2020-10-30,1303.08,RSI(2) acum > 190,5,0.3237436381921799,0.3237318352896955,144407.08286367136,590477.1546527309
MELI,2021-02-26,1638.11,8.992467597238658,306.5,0.7940946166394783,1.939308732406683,Hammer,2021-03-05,1691.03,2021-07-16,1555.01,RSI(2) acum > 190,19,-0.08043618386427209,-0.08044185957120939,-47499.08030708319,542978.0743456477
MELI,2021-10-01,1667.6,7.103782207138025,203.94000000000005,0.8696185152495837,1.455363182496386,Hammer,2021-10-08,1647.52,2022-08-19,1073.0,RSI(2) acum > 190,45,-0.3487180732252112,-0.34872308462694046,-189348.9887812615,353629.0855643863
MELI,2022-12-16,843.98,3.257866549205403,123.87,0.7920400419794947,1.0098375007613543,Hammer,2022-12-23,844.24,2023-02-03,1190.62,RSI(2) acum > 190,6,0.4102861745475219,0.41027189974474226,145084.07659441268,498713.1621587989
MELI,2023-06-09,1208.55,7.853024327567553,106.17000000000007,0.788640858999717,1.0396778064464398,Hammer,2023-06-16,1209.0,2023-08-18,1305.91,RSI(2) acum > 190,9,0.08015715467328377,0.08014855190838747,39971.13772470942,538684.2998835084
MELI,2023-10-20,1169.67,2.207279813929304,105.68000000000006,0.7599356548069635,1.075680838141927,Hammer,2023-10-27,1141.04,2023-12-08,1638.07,RSI(2) acum > 190,6,0.4355938442122975,0.43558317156641496,234641.81558165053,773326.1154651588
MELI,2024-04-19,1356.43,3.447169995932242,150.99,0.9197297834293654,1.477347487566982,Hammer,2024-04-26,1364.22,2024-08-30,1991.73,RSI(2) acum > 190,18,0.4599771297884505,0.45996811376422514,355705.3542994191,1129031.4697645782
MELI,2024-11-08,1872.01,6.032232689523482,372.2450000000001,0.671990221493909,2.789465569596486,Hammer,2024-11-15,1894.14,2025-02-21,2092.12,RSI(2) acum > 190,14,0.10452236899067646,0.10451681365470959,118002.77161768454,1247034.2413822627
MELI,2025-04-04,1841.29,8.93209088784846,212.79999999999995,0.8398026315789477,1.2442548721740365,Hammer,2025-04-11,1726.21,2025-05-23,2574.52,RSI(2) acum > 190,6,0.4914292003869749,0.49142198393595216,612820.0403233166,1859854.2817055795
MELI,2025-10-17,2024.98,4.480458814327278,187.90999999999985,0.9734979511468255,1.1047933065362263,Hammer,2025-10-24,2039.73,2026-03-19,1666.93,End of data,21,-0.1827692880920514,-0.1827737426675523,-339932.5275436685,1519921.7541619109
META,2015-08-21,85.38991,5.527126907057749,10.408320000000003,0.9571016263911947,2.317172392723928,Hammer,2015-08-28,76.43021,2016-04-01,112.4377,RSI(2) acum > 190,31,0.47111593700972443,0.47095428926014604,47095.42887891918,147095.42887891916
META,2016-11-04,119.8098,9.210651756817796,12.76979999999999,0.8834515810740969,2.663421104086364,Hammer,2016-11-11,121.8736,2017-03-24,138.6222,RSI(2) acum > 190,19,0.13742598889341084,0.1373383022122011,20201.836445204506,167297.26532412367
META,2018-03-23,158.1489,8.856587072083357,18.008700000000005,0.9796154081083036,1.8370906025006328,Hammer,2018-03-29,159.5678,2018-05-18,186.2484,RSI(2) acum > 190,7,0.16720541362355057,0.1671375071440746,27961.64785033322,195258.9131744569
META,2018-07-27,173.5282,9.615440654526225,45.264700000000005,0.9585725742134598,3.8068228648376743,Hammer,2018-08-03,173.9351,2019-02-15,166.5927,RSI(2) acum > 190,28,-0.042213446279675604,-0.042269723887706154,-8253.540338244344,187005.37283621254
META,2019-06-07,172.0002,4.464528624319769,14.099400000000003,0.11963629657999665,1.3639121659950992,Hammer,2019-06-14,173.3893,2019-07-19,202.6596,RSI(2) acum > 190,5,0.1688126083904833,0.16875006848552704,31557.169441715225,218562.54227792774
META,2019-08-16,182.2697,6.677067024956855,11.976100000000002,0.6362839321648959,1.1627698027039406,Hammer,2019-08-23,184.5617,2020-01-24,220.4252,RSI(2) acum > 190,22,0.19431713080232793,0.19425768570386753,42457.453602006484,261019.99587993426
META,2020-02-28,190.9714,8.435432270061398,21.659999999999997,0.5121375807940912,1.9692371968330966,Hammer,2020-03-06,192.5192,2020-05-08,198.6412,RSI(2) acum > 190,9,0.03179942571961636,0.03174665834217201,8286.512621388905,269306.5085013232
META,2021-09-24,350.2117,9.58484323074984,20.181500000000028,0.3967594083690509,1.1433103272494323,Hammer,2021-10-01,347.0813,2023-01-27,138.2054,RSI(2) acum > 190,69,-0.6018068389164153,-0.6018269807825893,-162075.9227543761,107230.5857469471
META,2024-04-26,440.3051,9.47580643610749,94.85699999999997,0.6985335821288892,2.8079951674068897,Hammer,2024-05-03,436.6002,2025-02-07,673.2089,RSI(2) acum > 190,40,0.5419344746062875,0.5419053643886973,58108.829584703984,165339.41533165108
META,2025-03-07,623.1597,8.985221661952068,80.31780000000003,0.6893602663419558,1.8682292034560473,Hammer,2025-03-14,605.6401,2025-08-22,773.269,RSI(2) acum > 190,23,0.2767797244601209,0.2767609281409194,45759.48999970523,211098.90533135633
META,2025-11-07,620.6719,8.731797257744248,58.032800000000066,0.6471702209784802,1.2512499200339964,Hammer,2025-11-14,630.0363,2026-03-19,606.7,End of data,18,-0.03703961184458726,-0.037055189874060646,-7822.310011437452,203276.5953199189
MNST,2015-05-08,21.41164,9.746755242050298,2.79167,0.9480597635107303,2.5381372838684784,Hammer,2015-05-15,21.53998,2015-08-07,25.76831,RSI(2) acum > 190,12,0.19630148217407806,0.19579178073036044,19579.17805345686,119579.17805345685
MNST,2015-09-11,22.12831,9.212562451428795,2.00666,0.4800663789580709,1.2957165762899847,Hammer,2015-09-18,22.23331,2016-06-24,26.09997,RSI(2) acum > 190,40,0.1739129261454997,0.1734241495869067,20737.91724148413,140317.09529494098
MNST,2016-09-09,24.59164,0.7974656550924379,1.1099999999999994,0.9954954954954932,1.0196424788426877,Hammer,2016-09-16,24.52664,2017-06-02,25.335,RSI(2) acum > 190,37,0.032958448446260835,0.03254409407605851,4566.492745191334,144883.58804013234
MNST,2018-03-02,27.08,7.247307631976128,6.809999999999999,0.895007342143906,4.114510231544954,Hammer,2018-03-09,27.505,2018-06-29,28.455,RSI(2) acum > 190,16,0.03453917469550993,0.034169392948018844,4950.584246511582,149834.1722866439
MNST,2018-10-05,28.095,3.362236330015577,1.5950000000000024,0.8087774294670851,1.2033971130299679,Hammer,2018-10-12,28.05,2019-12-06,29.88,RSI(2) acum > 190,60,0.0652406417112299,0.06487257173409361,9720.128080163719,159554.3003668076
MNST,2020-02-28,31.205,7.203321580727277,4.484999999999999,0.8673355629877372,3.1487651484808943,Hammer,2020-03-06,31.06,2020-06-05,36.405,RSI(2) acum > 190,13,0.1720862846104314,0.17173668115242252,27401.325981190967,186955.6263479986
MNST,2020-09-18,39.495,9.113198810381405,2.9450000000000003,0.8505942275042453,1.3880467706349553,Hammer,2020-09-25,39.205,2020-12-24,44.425,RSI(2) acum > 190,13,0.1331462823619436,0.13287426676868144,24841.591744428304,211797.21809242692
MNST,2021-10-01,44.94,1.3110504980028566,2.115000000000002,0.6406619385342802,1.176182629660911,Hammer,2021-10-08,44.935,2022-05-20,44.055,RSI(2) acum > 190,32,-0.019583843329253448,-0.019804183355585328,-4194.470937110846,207602.74715531606
MNST,2023-10-06,49.97,0.3010297461332243,4.454999999999998,0.6711560044893385,1.8940898848604921,Hammer,2023-10-13,49.86,2024-03-22,60.7,RSI(2) acum > 190,23,0.21740874448455694,0.21718640328888,45088.493922465364,252691.2410777814
MNST,2024-04-05,55.9,7.398678784175829,4.039999999999999,0.9059405940594071,1.6877403284603432,Hammer,2024-04-12,55.9,2024-10-04,52.78,RSI(2) acum > 190,25,-0.05581395348837204,-0.05598783650836244,-14147.63587841039,238543.60519937103
MNST,2025-01-10,49.74,8.511697345672815,3.1199999999999974,0.9807692307692301,1.2423820573337099,Hammer,2025-01-17,49.99,2025-03-28,57.52,RSI(2) acum > 190,10,0.15063012602520498,0.1504150415041505,35880.54624073254,274424.15144010354
MNST,2025-06-27,61.71,6.737225269229384,2.5549999999999997,0.8297455968688836,1.0711671864040941,Hammer,2025-07-03,61.71,2025-10-17,68.99,RSI(2) acum > 190,15,0.11797115540431036,0.1177995625050635,32327.04494814045,306751.19638824393
MPWR,2015-07-10,44.39312,4.119265551872061,3.749600000000001,0.6958635587796023,1.4899940958426259,Hammer,2015-07-17,44.54821,2015-10-16,50.49577,RSI(2) acum > 190,13,0.13350839461338637,0.13326896086724166,13326.896073397274,113326.89607339726
MPWR,2016-01-08,52.69312,5.592028424577762,5.218780000000002,0.9198950712618656,1.5587700899968298,Hammer,2016-01-15,52.89526,2016-08-05,67.20138,RSI(2) acum > 190,29,0.2704612851888808,0.2702466868782876,30626.218167409424,143953.1142408067
MPWR,2017-08-18,91.09307,6.8441086349263145,6.061360000000008,0.8344892895323825,1.3283780644229135,Hammer,2017-08-25,91.13974,2017-10-13,101.5686,RSI(2) acum > 190,7,0.11442714232013396,0.1143111494969429,16455.44594607591,160408.5601868826
MPWR,2018-09-28,118.4296,3.366965261719102,7.7035999999999945,0.8799911729580981,1.077295517160844,Hammer,2018-10-05,119.3824,2019-07-19,136.7758,RSI(2) acum > 190,41,0.14569484279089706,0.14560498009002626,23356.285188924536,183764.8453758071
MPWR,2019-10-11,131.7849,6.6657413609496245,20.865400000000008,0.679929452586579,2.0345328017537336,Hammer,2019-10-18,131.9567,2019-12-27,175.0327,RSI(2) acum > 190,10,0.3264404156818106,0.32635226736242395,59972.07388992784,243736.91926573493
MPWR,2020-09-04,245.9099,8.671720222695214,36.96709999999999,0.7459389565316188,1.9026638562450153,Hammer,2020-09-11,236.4987,2020-10-23,305.9997,RSI(2) acum > 190,6,0.29387476548496894,0.2938262699484194,71616.30976495362,315353.2290306886
MPWR,2021-03-12,319.2229,9.512553323658992,41.68220000000002,0.3396581754321995,1.2521616077976818,Hammer,2021-03-19,320.6599,2021-07-09,364.2609,RSI(2) acum > 190,16,0.13597272374874447,0.13593941837725304,42868.93449495155,358222.1635256401
MPWR,2021-12-17,467.9489,8.119296606115753,45.41039999999998,0.6424145129750017,1.3534884049852678,Hammer,2021-12-23,459.5779,2022-08-12,516.4503,RSI(2) acum > 190,33,0.12374920552097901,0.12372610034011258,44321.43130410413,402543.5948297442
MPWR,2022-09-02,413.0824,7.201239946151844,71.4733,0.7138288004051864,1.4256734973508158,Hammer,2022-09-09,413.3744,2023-02-10,436.7276,RSI(2) acum > 190,22,0.056494064460692384,0.05646919028863075,22731.31083317899,425274.90566292324
MPWR,2023-05-05,402.7831,1.903465441403867,96.93910000000005,0.7162940444051987,2.1780971287260216,Hammer,2023-05-12,397.7002,2023-12-15,569.597,RSI(2) acum > 190,31,0.4322270896519538,0.4321965113858205,183802.330423647,609077.2360865702
MPWR,2024-04-19,583.743,3.928669250530092,84.3658999999999,0.9533282997040273,1.5497371632249697,Hammer,2024-04-26,588.924,2024-07-19,851.4269,RSI(2) acum > 190,12,0.4457330657266474,0.44571230148286134,271473.21640549204,880550.4524920621
MPWR,2024-11-01,751.559,1.9288337232623007,201.21029999999996,0.8746122837647975,2.5075421497406225,Hammer,2024-11-08,751.0048,2025-08-29,838.5113,RSI(2) acum > 190,42,0.11651922863875175,0.11650513748289289,102588.65142562261,983139.1039176848
MRVL,2015-05-22,11.86076,4.484567085644841,1.3178599999999996,0.9383546051932671,1.9061383991943124,Hammer,2015-05-29,12.10447,2016-03-24,9.532725,RSI(2) acum > 190,43,-0.2124624209073177,-0.21320049514966383,-21320.049493646336,78679.95050635366
MRVL,2017-08-11,14.55,7.146589645254394,0.8886900000000004,0.4468037223328711,1.1280153356906863,Hammer,2017-08-18,14.73908,2017-09-08,16.65828,RSI(2) acum > 190,3,0.13021165500153353,0.12948925941801742,10188.208511925794,88868.15901827946
MRVL,2018-02-09,20.25864,5.789934860660509,2.0829299999999975,0.5753433864796229,1.6860840152586676,Hammer,2018-02-16,20.42984,2019-03-08,19.44018,RSI(2) acum > 190,55,-0.0484418869653408,-0.04891939452425348,-4347.376527311932,84520.78249096754
MRVL,2020-02-28,20.73042,7.661203021633909,3.844369999999998,0.544305048681579,1.9682706607977194,Hammer,2020-03-06,21.0224,2020-06-12,34.49062,RSI(2) acum > 190,14,0.6406604383895274,0.6400325289859896,54096.050115472666,138616.83260644024
MRVL,2021-03-05,40.68505,5.3858282533241635,11.72231,0.6998330533828235,2.5771983811700125,Hammer,2021-03-12,41.51816,2021-06-25,53.28435,RSI(2) acum > 190,15,0.2833986380899347,0.28312368326495385,39245.708170811195,177862.54077725144
MRVL,2022-01-21,71.38651,3.361189644484014,9.190110000000004,0.9625358129554484,1.3794824098787042,Hammer,2022-01-28,69.92039,2024-01-26,71.68394,RSI(2) acum > 190,104,0.025222256340389437,0.025077443257735362,4460.337769557827,182322.87854680925
MRVL,2024-08-02,58.97395,4.172024648280669,9.371140000000004,0.8645778421835547,1.3755761384120349,Hammer,2024-08-09,53.18107,2024-11-08,83.54836,RSI(2) acum > 190,13,0.5710169050754339,0.5707752048609721,104065.37824933184,286388.2567961411
MRVL,2025-02-14,106.1554,8.55725975601149,13.274559999999994,0.5277387725092207,1.177377979302764,Hammer,2025-02-21,106.6338,2025-10-10,88.72237,RSI(2) acum > 190,33,-0.16797141244145852,-0.16805731122255702,-48129.64035474502,238258.6164413961
MRVL,2025-11-21,77.39431,9.974933299530548,13.090580000000003,0.7076340391334836,1.38190137509363,Hammer,2025-11-28,78.43356,2026-03-19,89.53,End of data,16,0.14147566424372426,0.14133915767959018,33675.27212405621,271933.8885654523
MSFT,2016-01-15,44.54572,7.295742146161999,3.258589999999998,0.8257344434249159,1.5256175868683992,Hammer,2016-01-22,44.97379,2016-04-08,48.77226,RSI(2) acum > 190,11,0.08445963749108087,0.08422792164929284,8422.79215650649,108422.7921565065
MSFT,2016-04-29,43.88007,9.823505270519874,2.6396699999999953,0.8266677274053187,1.0895288352245809,Hammer,2016-05-06,43.99446,2016-07-29,50.03487,RSI(2) acum > 190,12,0.13729933268870687,0.13705645478376322,14860.043495867547,123282.83565237405
MSFT,2018-10-19,100.9995,8.642210787248715,4.52037,0.6477345880978763,1.121405332318261,Hammer,2018-10-26,101.613,2019-04-18,113.3816,RSI(2) acum > 190,25,0.11581785795124655,0.1157137515007185,14265.519394717208,137548.3550470913
MSFT,2020-03-13,150.8737,7.352983166128041,22.161299999999983,0.4676395337818628,2.344361652376583,Hammer,2020-03-20,132.9869,2020-06-26,186.5002,RSI(2) acum > 190,14,0.40239527351942206,0.4023049524068761,55336.38437552776,192884.73942261902
MSFT,2022-01-21,285.7813,5.147280272371006,17.66579999999999,0.977046043768187,1.1442498421567697,Hammer,2022-01-28,282.0839,2023-06-02,328.1906,RSI(2) acum > 190,70,0.1634503068058828,0.16341195984670082,31519.673262050695,224404.41268466972
MSFT,2024-04-19,393.0866,8.422901433061611,28.610900000000015,0.9535282007906088,1.847179962522846,Hammer,2024-04-26,394.0321,2025-06-27,475.4481,RSI(2) acum > 190,61,0.20662275992235157,0.206594759732015,46360.775675032506,270765.18835970224
MSFT,2026-01-30,429.3101,8.8914017542252,62.577200000000005,0.8522001623594537,2.593660591915138,Hammer,2026-02-06,429.2552,2026-03-19,389.02,End of data,6,-0.09373258611660384,-0.0937547902181474,-25385.533407655523,245379.6549520467
MSTR,2015-10-23,18.818,9.972089648339235,1.8049999999999997,0.9202216066481984,1.4169384039130906,Hammer,2015-10-30,18.765,2017-10-27,13.727,RSI(2) acum > 190,104,-0.268478550492939,-0.2689397975492808,-26893.9797280341,73106.0202719659
MSTR,2018-02-09,13.062,7.545077585372169,0.7065000000000001,0.6999292285916494,1.0548188646637875,Hammer,2018-02-16,13.119,2019-11-22,15.611,RSI(2) acum > 190,92,0.18995350255354837,0.18911917098445596,13825.749933981275,86931.77020594716
MSTR,2020-02-28,13.516,7.3344452870490215,1.5239999999999991,0.8333333333333335,1.9660352768601501,Hammer,2020-03-06,13.573,2020-12-04,30.03,RSI(2) acum > 190,39,1.2124806601340898,1.2112976874355577,105300.25210984286,192232.02231579003
MSTR,2021-05-14,52.131,8.99817961059756,13.77899,0.686189626380453,1.026071239681021,Hammer,2021-05-21,48.4,2022-08-19,34.646,RSI(2) acum > 190,65,-0.2841735537190082,-0.28435079020762316,-54661.32739404302,137570.694921747
MSTR,2023-03-10,19.201,9.930340570611776,6.374000000000002,0.9417947913398177,1.3277039235646362,Hammer,2023-03-17,20.202,2023-07-21,45.7195,RSI(2) acum > 190,18,1.2631175131175127,1.2623100905626754,173656.8761917838,311227.57111353084
MSTR,2023-08-18,32.862,8.871153125545334,7.039999999999999,0.9100852272727269,1.4038946296915369,Hammer,2023-08-25,33.029,2023-11-17,50.2,RSI(2) acum > 190,12,0.5198764721911047,0.5194950656898951,161681.187338449,472908.7584519799
MSTR,2024-01-12,48.553,7.520253330836454,16.588,0.972691102001447,2.503310765363831,Hammer,2024-01-19,47.9,2024-02-23,71.079,RSI(2) acum > 190,5,0.48390396659707724,0.48364471349545957,228719.82076228154,701628.5792142614
MSTR,2024-07-05,128.172,5.211930589087643,23.363,0.6601463853101058,1.0309982384729999,Hammer,2024-07-12,131.453,2024-10-18,224.48,RSI(2) acum > 190,14,0.707682593778765,0.7075796071749152,496458.07396666275,1198086.653180924
MSTR,2025-02-28,255.43,5.197613906077365,72.12000000000003,0.6740155296727675,1.2813296888576322,Hammer,2025-03-07,293.15,2025-05-09,383.33,RSI(2) acum > 190,9,0.3076240832338393,0.30758472480428434,368513.15314182744,1566599.8063227516
MSTR,2025-08-01,366.63,9.928600406041411,51.31,0.9818748781913855,1.1464345643873315,Hammer,2025-08-08,372.77,2026-03-19,138.24,End of data,32,-0.6291547066555785,-0.6291730936892226,-985662.4457313602,580937.3605913912
MU,2015-05-15,25.6901,9.405814057091959,2.0294500000000006,0.8461553622902758,1.0676177757561989,Hammer,2015-05-22,25.52423,2016-08-12,14.17688,RSI(2) acum > 190,64,-0.44457168737313524,-0.4448763241194505,-44487.632367457416,55512.367632542584
MU,2017-08-04,27.24146,9.970782897006899,2.2245799999999996,0.7149124778609894,1.0940156549720494,Hammer,2017-08-11,27.25121,2017-09-29,35.16412,RSI(2) acum > 190,7,0.29036912489390376,0.2899489694275175,16095.75376944145,71608.12140198404
MU,2018-08-17,45.96508,2.0339636420010834,6.2834900000000005,0.7686333550304054,1.3936128653751538,Hammer,2018-08-24,46.24804,2019-07-19,43.60389,RSI(2) acum > 190,47,-0.05717323371974259,-0.057383255241169,-4109.10710364156,67499.01429834249
MU,2020-03-13,41.94521,2.1687191998417745,10.342390000000002,0.5292451744712774,2.0843631746426916,Hammer,2020-03-20,36.44228,2020-12-04,62.99099,RSI(2) acum > 190,37,0.7285139678417487,0.7281396581583043,49148.70914806888,116647.72344641137
MU,2021-05-14,77.76304,2.4614675261753973,8.381219999999999,0.6169972867911827,1.2420067645197133,Hammer,2021-05-21,77.17275,2021-11-26,81.74091,RSI(2) acum > 190,27,0.05919395123278637,0.05906054529964916,6889.278147818448,123537.00159422983
MU,2022-03-11,71.22543,5.2301173277572985,10.10869000000001,0.982099559883624,1.237513515056812,Hammer,2022-03-18,70.17886,2023-02-03,61.86035,RSI(2) acum > 190,46,-0.11853298842414939,-0.11866702686344131,-14659.768672151695,108877.23292207814
MU,2023-03-03,55.96607,8.313001788280417,4.770620000000001,0.5743802692312528,1.0097674638953662,Hammer,2023-03-10,56.4589,2025-06-27,123.4265,RSI(2) acum > 190,120,1.186130087550413,1.1858479488664442,129111.8432097886,237989.07613186675
MU,2025-08-01,104.772,5.132747915804529,11.498099999999994,0.8696828171610957,1.071847638297094,Hammer,2025-08-08,105.9059,2025-09-19,156.7984,RSI(2) acum > 190,6,0.4805445211267736,0.4804274158750419,114336.4767381849,352325.5528700517
NFLX,2016-01-08,11.139,6.339549814429915,1.7219999999999995,0.7653890824622532,1.5446674604494333,Hammer,2016-01-15,11.213,2017-01-27,13.865,RSI(2) acum > 190,54,0.23651119236600393,0.2355143519343913,23551.435169887693,123551.43516988769
NFLX,2018-08-17,31.678,4.820208237786943,3.423000000000002,0.8884019865614954,1.32164652988763,Hammer,2018-08-24,31.464,2019-02-22,35.58,RSI(2) acum > 190,26,0.13081617086193753,0.13047761288887477,16120.696313840817,139672.1314837285
NFLX,2019-07-19,31.51,7.962384456889751,5.945000000000004,0.985365853658536,2.26884894171871,Hammer,2019-07-26,31.2,2019-11-29,30.883,RSI(2) acum > 190,18,-0.010160256410256419,-0.010479089889440867,-1463.636819404158,138208.49466432433
NFLX,2020-03-13,33.6295,4.5327425172234825,5.722000000000001,0.4936211114994757,2.2036576246274846,Hammer,2020-03-20,30.663,2020-05-01,42.5,RSI(2) acum > 190,6,0.3860352868277728,0.3856462762488589,53299.591259957364,191508.0859242817
NFLX,2021-03-05,51.639,9.49041001343636,5.819989999999997,0.6975957003362544,1.4458645043562475,Hammer,2021-03-12,51.446,2021-09-10,59.469,RSI(2) acum > 190,26,0.15594992807992858,0.15574041320868393,29825.548404826237,221333.63432910794
NFLX,2021-12-03,60.213,7.635563980195769,8.137999999999998,0.9000983042516586,2.2462654262040282,Hammer,2021-12-10,60.601,2022-08-05,22.3095,RSI(2) acum > 190,34,-0.6318625105196284,-0.631975381975382,-139877.4079592601,81456.22636984782
NFLX,2023-02-24,31.715,7.400042608725926,2.982529999999997,0.9044435428981433,1.0279270152077153,Hammer,2023-03-03,32.387,2023-06-09,40.047,RSI(2) acum > 190,14,0.23651465094019186,0.23616942454927142,19237.470088484675,100693.69645833249
NFLX,2023-08-18,40.453,7.039440991637207,3.0970000000000013,0.7939941879237956,1.104338664971111,Hammer,2023-08-25,40.223,2023-12-01,47.903,RSI(2) acum > 190,14,0.19093553439574373,0.19066321964800642,19198.58434580615,119892.28080413865
NFLX,2024-08-02,61.364,5.099126506244858,3.8359900000000025,0.8620955737632278,1.0728270445737877,Hammer,2024-08-09,58.704,2024-10-25,76.576,RSI(2) acum > 190,11,0.30444262741891515,0.3042463676778687,36476.790910797456,156369.07171493612
NFLX,2025-01-10,83.769,3.692572394000038,5.8430000000000035,0.9436933082320713,1.3508513785508152,Hammer,2025-01-17,83.1525,2025-02-21,106.0,RSI(2) acum > 190,5,0.2747662427467603,0.2746294681778551,42943.55496159423,199312.62667653037
NFLX,2025-03-07,89.111,7.966060760049814,13.752989999999997,0.7597613318994632,2.3268610387530724,Hammer,2025-03-14,87.507,2026-03-19,91.74,End of data,53,0.04837327299530303,0.048256239144345715,9618.077767772273,208930.70444430262
NVDA,2015-07-10,0.4779046,9.26861663490618,0.03315090000000004,0.5693420088142399,1.1973227045279848,Hammer,2015-07-17,0.4827441,2015-10-16,0.6342037,RSI(2) acum > 190,13,0.3137471799241047,0.290484876761911,29048.487647142607,129048.48764714261
NVDA,2016-01-08,0.7227129,8.982594652857543,0.09451609999999999,0.9832271962131318,2.19484028615341,Hammer,2016-01-15,0.7234447,2016-04-08,0.8923005,RSI(2) acum > 190,12,0.23340526235108228,0.2180753048240998,28142.288252597413,157190.77589974005
NVDA,2017-02-24,2.50168,8.698192653118099,0.3969750000000003,0.642236916682411,1.9604132483139975,Hammer,2017-03-03,2.519927,2017-05-26,3.400547,RSI(2) acum > 190,12,0.34946250427095693,0.3448099687634534,54200.94647369142,211391.72237343146
NVDA,2018-04-06,5.299911,5.571959693827949,0.5337390000000006,0.945473349333663,1.2394465792793545,Hammer,2018-04-13,5.362991,2019-09-20,4.449584,RSI(2) acum > 190,75,-0.17031671319232133,-0.1720209665031108,-36363.808357071146,175027.91401636033
NVDA,2020-03-13,5.997485,9.350760497228507,1.1275790000000008,0.4677561394811359,2.0571454336662454,Hammer,2020-03-20,5.289511,2020-05-29,9.120989,RSI(2) acum > 190,10,0.7243539147569595,0.7217811049972321,126331.84105775724,301359.75507411757
NVDA,2021-12-17,27.74575,8.322284966028661,3.9022299999999994,0.8590780143661443,1.49845679734401,Hammer,2021-12-23,27.25073,2023-02-10,20.78407,RSI(2) acum > 190,59,-0.2373022667649638,-0.2376256295465211,-71610.8014478618,229748.95362625577
NVDA,2024-04-19,76.15702,4.71074225662106,14.998539999999991,0.9604188140979055,2.1779725254485647,Hammer,2024-04-26,78.05994,2024-06-07,113.5569,RSI(2) acum > 190,6,0.45473978073772536,0.454582556522813,104439.8665934247,334188.82021968043
NVDA,2024-08-02,107.2183,6.036697053028732,18.78099999999999,0.6860018103402374,1.6911218749562478,Hammer,2024-08-09,92.01563,2024-11-01,142.9433,RSI(2) acum > 190,12,0.5534676011021169,0.553328856800915,184916.317662886,519105.1378825664
NVDA,2025-03-07,112.6531,8.925025535528576,16.134699999999995,0.6821570899985747,1.1957329274839565,Hammer,2025-03-14,109.864,2025-07-03,158.3737,RSI(2) acum > 190,16,0.44154318065972475,0.44143206910047433,229149.65486703865,748254.7927496051
NXPI,2015-07-10,82.40553,2.7656090256121217,8.36229999999999,0.6854406084450455,1.4661772414936396,Hammer,2015-07-17,83.44526,2016-05-13,76.00716,RSI(2) acum > 190,43,-0.08913747767099056,-0.0892519687775689,-8925.196868831692,91074.8031311683
NXPI,2016-06-24,71.15508,5.0678704883984125,7.633599999999987,0.8521536365541824,1.4940612503647699,Hammer,2016-07-01,68.87122,2016-09-02,78.81534,RSI(2) acum > 190,9,0.14438716201048885,0.14423149237864694,13135.854760564016,104210.65789173232
NXPI,2016-09-09,72.337,5.87240801094039,6.00291,0.974092565105922,1.3838724845234593,Hammer,2016-09-16,71.97265,2016-10-14,90.96333,RSI(2) acum > 190,4,0.2638596744735673,0.2637024131796468,27480.60193760782,131691.25982934015
NXPI,2018-02-09,102.8892,7.393013874162477,4.932099999999991,0.8180085561931026,2.738104313280539,Hammer,2018-02-16,103.3513,2019-02-08,78.69366,RSI(2) acum > 190,51,-0.23858084029905768,-0.2386660513195616,-31430.232945336786,100261.02688400337
NXPI,2020-02-28,102.8278,8.907114903854506,14.38091,0.7679277597871073,1.9995743615940182,Hammer,2020-03-06,106.3552,2020-12-04,145.365,RSI(2) acum > 190,39,0.36678789565531367,0.36667663280061524,36763.37570219494,137024.40258619832
NXPI,2022-01-21,185.2584,9.044901570058343,22.574700000000007,0.8707181047810162,1.5273076323360713,Hammer,2022-01-28,181.4411,2022-12-02,159.0311,RSI(2) acum > 190,44,-0.1235111559619072,-0.12356286522554075,-16931.127772437532,120093.2748137608
NXPI,2023-10-20,178.466,4.163477596363904,15.231400000000008,0.9139737647228744,1.283371770951816,Hammer,2023-10-27,176.6887,2023-12-22,225.0781,RSI(2) acum > 190,8,0.2738681081472669,0.27380376323547484,32881.99055039778,152975.26536415858
NXPI,2024-04-19,208.5223,4.342982937968159,23.72919999999999,0.914215397063534,1.5639583204152814,Hammer,2024-04-26,211.9634,2026-03-19,192.35,End of data,99,-0.0925320126021757,-0.09257700676138521,-14161.99216178041,138813.2732023782
ODFL,2015-05-29,21.76481,6.097872347069199,1.3344999999999985,0.8800974147620833,1.3690009456599586,Hammer,2015-06-05,21.89922,2016-03-04,20.70873,RSI(2) acum > 190,39,-0.05436221016090992,-0.05480633412191811,-5480.633406711178,94519.36659328881
ODFL,2016-05-06,20.43031,7.804514607438179,1.5041100000000007,0.6212776991044542,1.1046975170899387,Hammer,2016-05-13,20.50392,2016-07-29,21.50879,RSI(2) acum > 190,11,0.04900867736510883,0.04850913651230778,4585.0528525456575,99104.41944583447
ODFL,2017-04-13,25.82122,4.793810689733803,1.46406,0.9912435282706984,1.2240852758571634,Hammer,2017-04-21,26.02305,2017-06-23,30.55168,RSI(2) acum > 190,9,0.17402379813280922,0.17360616719270158,17205.138394644026,116309.55784047849
ODFL,2018-02-09,41.81291,9.054770111330868,5.634619999999998,0.9052074496594266,2.94190803843614,Hammer,2018-02-16,42.30769,2018-06-15,51.87811,RSI(2) acum > 190,17,0.2262099396114512,0.2259468731484573,26279.780885055967,142589.33872553444
ODFL,2018-06-29,47.94493,9.023053758042806,2.9836899999999957,0.867311952649237,1.1402490472018127,Hammer,2018-07-06,47.8194,2018-09-14,53.64523,RSI(2) acum > 190,10,0.12182984311806488,0.12160800762790536,17340.005374052766,159929.3440995872
ODFL,2018-10-12,43.99405,7.2994824569237124,5.6244900000000015,0.9106514546207739,1.725091061825256,Hammer,2018-10-19,43.76533,2019-03-01,49.14272,RSI(2) acum > 190,19,0.12286871822970369,0.1226262173486012,19611.53049036368,179540.8745899509
ODFL,2019-05-10,47.25557,7.201671030814765,3.849730000000001,0.6784060180843849,1.2756984697456282,Hammer,2019-05-17,46.37748,2019-08-02,53.28378,RSI(2) acum > 190,11,0.1489149475133189,0.14868329593415444,26694.728962239853,206235.60355219076
ODFL,2020-03-20,54.69444,6.8621389048587815,6.767100000000006,0.8897932644707478,1.4999508067183385,Hammer,2020-03-27,55.94928,2020-05-15,73.81216,RSI(2) acum > 190,7,0.31926916664521876,0.31906191983884,65801.92754268195,272037.5310948727
ODFL,2020-09-18,89.67345,7.18532929396423,8.109579999999994,0.8819556623154342,1.4498772200631345,Hammer,2020-09-25,88.66013,2021-04-16,121.6466,RSI(2) acum > 190,29,0.3720552857298993,0.37192152089553154,101176.61220429387,373214.1432991666
ODFL,2021-06-11,122.588,7.894105295606195,7.0027999999999935,0.7615096818415502,1.15870789754416,Hammer,2021-06-18,123.0617,2021-08-27,138.3858,RSI(2) acum > 190,10,0.12452371452694044,0.12443739858141971,46441.79705949969,419655.94035866624
ODFL,2022-01-21,145.1242,4.995700242455683,11.009600000000006,0.9677099985467223,1.1785426241370256,Hammer,2022-01-28,144.2318,2022-11-11,134.4245,RSI(2) acum > 190,41,-0.06799679404957848,-0.06806376736034077,-28563.36426739394,391092.5760912723
ODFL,2023-10-27,181.5305,3.5018599720876864,19.90889999999999,0.7164082395310645,1.513421108034987,Hammer,2023-11-03,184.8807,2024-07-19,188.2601,RSI(2) acum > 190,37,0.018278814392199916,0.018224232593434732,7127.362065125555,398219.93815639784
ODFL,2024-12-20,179.8229,4.812162159533358,24.142300000000006,0.780696122573243,1.6192704014474077,Hammer,2024-12-27,179.2776,2025-12-19,159.9167,RSI(2) acum > 190,51,-0.10799397136061628,-0.10804673738555792,-43026.36503665107,355193.5731197468
ORLY,2015-12-11,16.59542,9.332241032938327,0.924669999999999,0.9617809596937269,1.2138711572388567,Hammer,2015-12-18,16.64342,2016-07-15,18.77676,RSI(2) acum > 190,30,0.12817918432629827,0.12754003082574802,12754.0030698208,112754.00306982078
ORLY,2016-10-28,17.56675,8.020519790098078,1.9180099999999989,0.5870720173513181,2.614920937402921,Hammer,2016-11-04,17.57875,2018-08-10,20.8221,RSI(2) acum > 190,92,0.1845040176349284,0.1838828463780478,20733.52700426426,133487.53007408505
ORLY,2018-10-26,21.73877,4.1011961537121095,2.2336799999999997,0.6434896672755285,2.154882421402168,Hammer,2018-11-02,22.01011,2019-04-18,27.0228,RSI(2) acum > 190,24,0.22774488632723777,0.22723892817251418,30333.563228097773,163821.09330218282
ORLY,2019-05-10,24.31945,5.011055471734281,1.2346700000000013,0.6625333084953876,1.0113790586030909,Hammer,2019-05-17,24.04412,2021-04-09,34.06684,RSI(2) acum > 190,99,0.41684702954402164,0.4163445481581033,68206.01900145775,232027.11230364058
ORLY,2022-01-21,42.39487,7.50970491095859,2.881680000000003,0.9511881957746882,1.5012591273105023,Hammer,2022-01-28,42.05954,2022-08-05,46.75157,RSI(2) acum > 190,27,0.11155685487763312,0.11130586474973933,25825.978354515617,257853.09065815617
ORLY,2023-01-27,51.41159,3.359237323049527,2.9276800000000023,0.9111924800524654,1.216390167078042,Hammer,2023-02-03,51.80026,2023-04-28,60.2543,RSI(2) acum > 190,12,0.16320458623180656,0.16299580390099383,42028.97175815304,299882.0624163092
ORLY,2024-01-05,61.69364,4.516282193584232,2.7519999999999953,0.9757776162790701,1.1506758036812756,Hammer,2024-01-12,61.77298,2024-03-28,77.64972,RSI(2) acum > 190,11,0.2570175503917733,0.2568348787059726,77020.17304976951,376902.23546607874
ORLY,2025-06-27,89.16,9.414929462250939,4.400000000000006,0.49545454545454637,1.1409647465100752,Hammer,2025-07-03,89.52,2025-08-08,99.41,RSI(2) acum > 190,5,0.11047810545129577,0.11036023457134891,41595.01907490722,418497.2545409859
ORLY,2025-10-24,97.27,3.4200554989124896,8.0,0.59375,1.8359111798653949,Hammer,2025-10-31,96.805,2026-03-19,87.91,End of data,20,-0.09188574970301133,-0.09198429914265066,-38495.17661358089,380002.0779274051
PANW,2015-08-21,26.49831,3.97710958741591,4.40166,0.7001131391338722,2.1080572753737967,Hammer,2015-08-28,24.35497,2016-10-07,26.51164,RSI(2) acum > 190,58,0.08855153588774689,0.08812285072600658,8812.285063788375,108812.28506378838
PANW,2016-12-02,21.10998,8.749837407322573,2.655000000000001,0.962960451977401,1.3914218308881992,Hammer,2016-12-09,21.24998,2017-02-10,24.95331,RSI(2) acum > 190,9,0.17427451696425122,0.17376304282572824,18907.553730596854,127719.83879438523
PANW,2017-03-03,19.25831,2.824516205581972,6.683319999999998,0.9862852594219638,3.5273308942374206,Hammer,2017-03-10,19.32165,2017-06-09,22.91498,RSI(2) acum > 190,13,0.18597428273465244,0.18540874905894186,23680.375517196306,151400.21431158154
PANW,2017-11-10,23.39164,4.638173161821683,2.058329999999998,0.7287461194269148,1.6192538130029084,Hammer,2017-11-17,23.33331,2018-02-02,26.64164,RSI(2) acum > 190,11,0.14178571321428457,0.14132685700035674,21396.916416439337,172797.1307280209
PANW,2018-10-05,35.95163,8.821591648086482,2.510000000000005,0.886454183266931,1.3251069713708385,Hammer,2018-10-12,35.8333,2019-02-01,34.4333,RSI(2) acum > 190,16,-0.039069803785864,-0.039343384033282726,-6798.423867283462,165998.7068607374
PANW,2019-05-24,36.04329,6.975850017596841,2.524629999999995,0.9419083192388598,1.0626515794414564,Hammer,2019-05-31,36.16663,2019-07-26,37.16663,RSI(2) acum > 190,8,0.027649797617306238,0.027369515833264964,4543.304231183158,170542.01109192058
PANW,2019-08-16,33.21163,5.845193356041506,4.54166,0.8950471853903633,2.001821383611579,Hammer,2019-08-23,33.61496,2019-11-08,39.16663,RSI(2) acum > 190,11,0.16515474062738722,0.16483273626738387,28110.90630871289,198652.91740063348
PANW,2020-02-28,30.76997,2.9600674771546096,9.479989999999997,0.9374113263832555,4.021792674953395,Hammer,2020-03-06,30.8183,2020-05-15,35.49996,RSI(2) acum > 190,10,0.15191168883423156,0.15156261659199377,30108.355924764866,228761.27332539833
PANW,2020-10-30,36.86496,5.172423557897815,2.7991600000000005,0.889849097586417,1.0436605648613975,Hammer,2020-11-06,37.13163,2020-12-11,50.66661,RSI(2) acum > 190,5,0.36451348890420365,0.3641951356383171,83313.74288422384,312075.01620962215
PANW,2021-03-05,55.78828,8.936027539652002,7.96696,0.7112700452870354,1.9212619158843807,Hammer,2021-03-12,56.33327,2021-10-01,80.92992,RSI(2) acum > 190,29,0.4366274139598145,0.43641116420507764,136193.02100716665,448268.03721678874
PANW,2022-01-14,83.18491,9.220599798588125,8.566659999999999,0.752723932080881,1.4728995099319633,Hammer,2022-01-21,81.60325,2023-02-24,84.25,RSI(2) acum > 190,57,0.032434369954627895,0.03230984612462584,14483.471290579022,462751.5085073678
PANW,2023-08-18,104.845,5.182587681501502,10.300000000000011,0.5864077669902912,1.2794101081917777,Hammer,2023-08-25,118.25,2023-12-15,148.95,RSI(2) acum > 190,16,0.25961945031712474,0.259523910194072,120095.0808159424,582846.5893233102
PANW,2024-02-23,141.045,9.716663965924596,54.598600000000005,0.7985296326279429,3.9505248706216105,Hammer,2024-03-01,144.26,2024-05-31,160.05,RSI(2) acum > 190,13,0.10945515042284781,0.10938203999584127,63752.94888104903,646599.5382043592
PANW,2024-08-02,152.8,3.73867923720276,14.590000000000003,0.7926662097326933,1.3038910973376054,Hammer,2024-08-09,143.605,2026-03-19,169.74,End of data,84,0.1819922704641206,0.18191630109323886,117626.99616110642,764226.5343654656
PAYX,2015-07-02,34.27072,6.366958139286268,2.7405000000000044,0.16797664659733677,2.4289514974480397,Hammer,2015-07-10,34.15923,2015-10-16,36.39259,RSI(2) acum > 190,14,0.06538086484970518,0.06507859243425063,6507.859236917204,106507.85923691721
PAYX,2016-01-08,34.79976,6.158336954354041,3.409729999999996,0.9763940253333848,2.1852163791542636,Hammer,2016-01-15,34.88024,2016-03-18,38.90832,RSI(2) acum > 190,9,0.11548315034529577,0.11517994429735902,12267.56928187151,118775.42851878871
PAYX,2016-11-04,40.57546,1.4487644308916714,1.5655399999999986,0.8937235714194484,1.1386881149710426,Hammer,2016-11-11,41.21075,2016-12-23,46.5351,RSI(2) acum > 190,6,0.12919808545100486,0.12893978636807554,15314.878363674365,134090.30688246308
PAYX,2017-02-03,44.17487,2.522466473521149,2.499449999999996,0.9207345616035543,1.7636056327230822,Hammer,2017-02-10,44.21297,2017-10-06,46.42948,RSI(2) acum > 190,34,0.050132574219736936,0.049900753019643265,6691.207279378754,140781.51416184186
PAYX,2018-02-09,50.44629,8.843458357472826,4.371600000000001,0.5755375606185388,2.1665677180325185,Hammer,2018-02-16,50.77651,2018-06-01,51.94916,RSI(2) acum > 190,15,0.023094340276635705,0.022895144315322472,3223.213080441771,144004.7272422836
PAYX,2018-10-12,54.59665,3.0664756557515744,5.086940000000006,0.8223273716615492,2.349873248793918,Hammer,2018-10-19,54.54066,2019-02-08,58.56042,RSI(2) acum > 190,16,0.0737020784126925,0.07351198977150529,10586.074025497088,154590.8012677807
PAYX,2019-06-28,67.42063,5.521542401429798,4.596310000000003,0.8181802358848723,1.919637290165146,Hammer,2019-07-05,68.25632,2020-01-31,73.17401,RSI(2) acum > 190,30,0.07204739429257234,0.07189562112188859,11114.401665763136,165705.20293354383
PAYX,2020-02-28,64.869,5.253285276652136,11.17709,0.8404486319784491,4.0285412601758654,Hammer,2020-03-06,64.97784,2020-10-30,71.26936,RSI(2) acum > 190,34,0.09682562547477724,0.09666428860296038,16017.775543362422,181722.97847690625
PAYX,2021-01-15,75.95203,6.939379503730464,4.288789999999992,0.7154302262409699,1.0936440552220792,Hammer,2021-01-22,76.22707,2021-03-26,82.71591,RSI(2) acum > 190,9,0.08512513992732496,0.08498837825078077,15444.341216209465,197167.3196931157
PAYX,2021-09-17,95.32561,2.8163210253538864,3.3124700000000047,0.772486996108644,1.0316985025678214,Hammer,2021-09-24,94.29156,2021-10-29,108.0912,RSI(2) acum > 190,5,0.1463507444356631,0.1462369358967071,28833.144662054583,226000.4643551703
PAYX,2021-12-03,105.5473,6.829049685141186,5.885300000000001,0.6946119993883053,1.5644788191645904,Hammer,2021-12-10,106.5341,2022-01-07,119.8288,RSI(2) acum > 190,4,0.12479290668433873,0.12469318775923585,28180.718307333023,254181.1826625033
PAYX,2022-01-21,104.5517,8.932380454044022,5.127600000000001,0.9931351899524138,1.059236503628498,Hammer,2022-01-28,104.1024,2022-04-14,123.812,RSI(2) acum > 190,11,0.1893289684003443,0.1892238207850737,48097.13450697047,302278.3171694738
PAYX,2022-04-29,112.3171,9.63322319219266,5.973500000000001,0.9584498200385039,1.0285969811196387,Hammer,2022-05-06,112.4589,2022-08-19,121.4212,RSI(2) acum > 190,15,0.07969400376493097,0.07960154325076771,24061.820513873332,326340.13768334716
PAYX,2022-10-07,98.36299,6.196274682429234,7.7727900000000005,0.9284066596421628,1.108160588603793,Hammer,2022-10-14,98.88358,2023-06-16,102.92,RSI(2) acum > 190,35,0.04081992177063176,0.0407167339241802,13287.504541545673,339627.6422248928
PAYX,2023-09-15,107.1669,7.322473266980836,4.6066,0.9518516910519685,1.0520995364660857,Hammer,2023-09-22,107.1669,2023-12-15,116.2134,RSI(2) acum > 190,12,0.08441505726115062,0.08431781091872027,28636.659291252632,368264.3015161454
PAYX,2025-06-27,140.0327,5.109660118635517,15.264100000000013,0.5500357046927105,2.1572794546227643,Hammer,2025-07-03,140.0814,2026-03-19,91.71,End of data,37,-0.3453092273492413,-0.34536828700002287,-127186.81085070426,241077.49066544118
PCAR,2015-05-29,28.19201,9.797652343079278,1.4725800000000007,0.9578291162449573,1.3686783514748933,Hammer,2015-06-05,28.48919,2016-02-26,23.86819,RSI(2) acum > 190,38,-0.16220187376334683,-0.16252436022922576,-16252.436006670137,83747.56399332987
PCAR,2016-06-24,24.16438,5.358068436119851,2.1225699999999996,0.9638551378753107,1.4479026327163542,Hammer,2016-07-01,23.68546,2016-12-09,29.95828,RSI(2) acum > 190,23,0.26483842830158255,0.26436042187445913,22139.5413260954,105887.10531942527
PCAR,2017-04-13,30.67681,4.414059855936884,1.6327999999999996,0.9883757961783445,1.223823223298863,Hammer,2017-04-21,30.84295,2017-09-29,34.1396,RSI(2) acum > 190,23,0.10688504180047631,0.10654354665382966,11281.587734357574,117168.69305378286
PCAR,2017-11-17,32.01596,4.119129553766371,1.6994099999999968,0.8983294202105437,1.251017886694095,Hammer,2017-11-24,32.04476,2018-01-19,37.35848,RSI(2) acum > 190,8,0.16582180674781166,0.16548392250051178,19389.534901408922,136558.22795519177
PCAR,2018-02-09,32.95475,7.569823639014885,3.7299900000000044,0.7133504379368316,2.305238894905159,Hammer,2018-02-16,33.32227,2018-09-21,34.90759,RSI(2) acum > 190,31,0.04757539027203106,0.0472681980852316,6454.861362699356,143013.08931789114
PCAR,2018-10-12,30.71531,5.0305454441513575,3.4952100000000037,0.8811888269946586,2.0176437049278726,Hammer,2018-10-19,30.57689,2019-02-15,34.03136,RSI(2) acum > 190,17,0.11297649957206235,0.11263103751926386,16107.712612601517,159120.80193049266
PCAR,2019-05-24,35.07656,6.100887453105486,1.871680000000005,0.7420285518892109,1.214443541088918,Hammer,2019-05-31,35.15445,2019-11-08,40.90145,RSI(2) acum > 190,23,0.16347859232614925,0.16317092559752785,25963.888506855496,185084.69043734815
PCAR,2020-01-31,39.98946,5.084786096887541,2.2740300000000033,0.9170591416999758,1.4456913817469608,Hammer,2020-02-07,40.3505,2020-10-30,49.79464,RSI(2) acum > 190,38,0.23405261397008714,0.23377581742265643,43268.32475614204,228353.0151934902
PCAR,2021-07-30,46.12886,2.072133494697411,2.990400000000001,0.9498127340823961,1.2333607668498128,Hammer,2021-08-06,46.6569,2021-11-12,50.92786,RSI(2) acum > 190,14,0.09153972938622168,0.0913156129518943,20852.195530954596,249205.21072444477
PCAR,2022-03-04,50.31256,7.701286163713107,3.24071,0.8384829250380326,1.1700995687617184,Hammer,2022-03-11,50.22103,2022-11-04,55.07753,RSI(2) acum > 190,34,0.09670251685399522,0.09649379017214794,24046.75528940373,273251.9660138485
PCAR,2024-04-19,104.1578,5.365119765892601,10.678999999999988,0.926313325217718,2.266266805114807,Hammer,2024-04-26,104.9728,2024-10-25,103.5803,RSI(2) acum > 190,26,-0.013265341116937113,-0.013359967535993557,-3650.637391440793,269601.32862240775
PCAR,2024-12-20,102.3667,8.759452897619227,6.742599999999996,0.7765698691899283,1.237636826433756,Hammer,2024-12-27,102.0751,2025-12-19,110.8876,RSI(2) acum > 190,51,0.08633349367279575,0.08623130267309685,23248.07374625982,292849.40236866754
PCAR,2026-03-06,120.43,9.638558299429206,6.144999999999996,0.9194467046379162,1.0330223115920472,Hammer,2026-03-13,118.79,2026-03-19,112.85,End of data,1,-0.05000420910851089,-0.05008628309272281,-14667.738055904032,278181.66431276355
PDD,2019-03-15,24.52,9.862251784272843,6.810000000000002,0.9765051395007343,1.7346524881524228,Hammer,2019-03-22,24.99,2019-08-30,29.95,RSI(2) acum > 190,23,0.1984793917567027,0.1980396079215844,19803.960772354483,119803.96077235448
PDD,2021-03-05,156.82,7.439894309166419,39.22999999999999,0.7965842467499364,1.7279612908372617,Hammer,2021-03-12,153.15,2022-06-17,56.7165,RSI(2) acum > 190,66,-0.6296669931439765,-0.6297117299467859,-75441.95931699427,44362.0014553602
PDD,2024-02-02,124.59,2.341047454847896,14.861400000000003,0.8425451168799707,1.3749422903572701,Hammer,2024-02-09,121.8,2025-02-21,126.815,RSI(2) acum > 190,54,0.04117405582922817,0.041090267230409414,1822.846492853715,46184.84794821392
PDD,2025-04-04,104.21,8.940779450196871,26.200000000000003,0.8087786259541988,1.9896597355055812,Hammer,2025-04-11,98.545,2026-03-19,97.43,End of data,49,-0.011314627834999147,-0.011415525114155244,-527.2242911190531,45657.62365709487
PEP,2015-08-28,67.58176,8.926847602017261,12.99899,0.16064478855664993,4.806897653330117,Hammer,2015-09-04,67.15544,2015-10-23,72.59841,RSI(2) acum > 190,7,0.08105032146316082,0.08089539020292305,8089.539012202766,108089.53901220277
PEP,2016-01-15,68.87566,6.978162698935691,3.7469899999999967,0.8767117072636994,1.51877972993341,Hammer,2016-01-22,69.41094,2017-03-03,82.79777,RSI(2) acum > 190,58,0.19286340164821292,0.19270545065009562,20829.443305078188,128918.98231728096
PEP,2017-09-22,86.19056,3.915054510547236,2.6354199999999963,0.9883054693369536,1.4402247090069786,Hammer,2017-09-29,86.33698,2017-12-08,90.78458,RSI(2) acum > 190,10,0.05151442637905568,0.05139562470075407,6625.871625356251,135544.85394263722
PEP,2018-02-09,86.26863,7.8493714361025155,8.364599999999996,0.7866425172751835,3.2053759428647384,Hammer,2018-02-16,86.82731,2018-06-22,84.41551,RSI(2) acum > 190,18,-0.027776974779018304,-0.02789053982325234,-3780.419142943626,131764.4347996936
PEP,2018-10-05,84.69978,5.9653677885218315,5.313130000000001,0.8967049554593984,1.7540170378733941,Hammer,2018-10-12,84.59637,2018-11-23,93.91821,RSI(2) acum > 190,6,0.11019196213738258,0.11006724831997397,14502.948750335949,146267.38355002957
PEP,2019-11-08,109.1307,9.035784262856623,3.713300000000004,0.8763902728031663,1.1651286731898027,Hammer,2019-11-15,109.0487,2021-06-11,127.451,RSI(2) acum > 190,82,0.1687530433650286,0.1686536082682201,24668.52198299567,170935.90553302522
PEP,2021-10-01,131.095,6.818774180115739,4.020999999999987,0.6911464809748841,1.169496760401332,Hammer,2021-10-08,131.0343,2021-11-12,144.0005,RSI(2) acum > 190,5,0.09895271696036834,0.09887262828784936,16900.882231912852,187836.78776493805
PEP,2022-02-11,147.3954,4.103867863852145,4.974999999999994,0.7750552763819086,1.0965468437489834,Hammer,2022-02-18,148.1255,2023-04-14,166.1445,RSI(2) acum > 190,60,0.12164684676169868,0.12157523264958932,22836.301149837578,210673.0889147756
PEP,2023-08-18,162.1631,3.906501261940278,6.9077000000000055,0.8801048105737104,1.3400003200376551,Hammer,2023-08-25,161.7535,2023-12-08,155.5173,RSI(2) acum > 190,15,-0.038553725267150285,-0.03861435411431228,-8135.005249576137,202538.08366519946
PEP,2024-06-14,153.6348,3.220236824483024,8.281499999999994,0.7429209684235922,1.5113315467947919,Hammer,2024-06-21,153.3347,2024-08-09,168.369,RSI(2) acum > 190,7,0.09804890869450955,0.09798049689675938,19844.78205818888,222382.86572338836
PEP,2024-11-15,149.9,2.6257656240522778,8.3493,0.9354796210460751,1.3397605717548617,Hammer,2024-11-22,150.6419,2025-08-01,138.7109,RSI(2) acum > 190,36,-0.07920107221164885,-0.07926482390278179,-17627.138672933208,204755.72705045517
PEP,2026-01-09,138.6715,8.135602703963173,5.748699999999985,0.3275871066501979,1.0116954405740148,Hammer,2026-01-16,138.6715,2026-03-19,152.74,End of data,9,0.1014519926589097,0.10137622452253987,20757.36253698547,225513.08958744066
PLTR,2021-02-26,23.9,5.299219937221807,7.490000000000002,0.8397863818424568,1.3333865565902407,Hammer,2021-03-05,25.19,2021-06-25,25.1,RSI(2) acum > 190,16,-0.0035728463676062416,-0.0039690414764833645,-396.9041472514323,99603.09585274858
PLTR,2021-12-03,18.98,2.1151295110924195,3.0,0.8066666666666661,1.100929548434726,Hammer,2021-12-10,18.54,2023-02-10,8.31,RSI(2) acum > 190,61,-0.5517799352750808,-0.5521703963332434,-54997.88085803233,44605.21499471625
PLTR,2024-04-19,20.47,3.122801830095895,2.8000000000000007,0.9499999999999998,1.151327989026365,Hammer,2024-04-26,20.72,2024-07-12,27.93,RSI(2) acum > 190,11,0.347972972972973,0.3474065138721351,15496.14222633532,60101.35722105157
PLTR,2025-01-10,67.26,9.449721902997794,15.019999999999996,0.85219707057257,2.202941069704247,Hammer,2025-01-17,64.29,2025-02-21,120.94,RSI(2) acum > 190,5,0.8811634779903559,0.8809394198615755,52945.65471026083,113047.0119313124
PLTR,2025-04-04,74.01,9.195959946397707,16.4747,0.873764013912241,1.3253949680312092,Hammer,2025-04-11,66.65,2025-08-01,159.88,RSI(2) acum > 190,16,1.398799699924981,1.3985447453304325,158101.3043537424,271148.3162850547
PLTR,2025-11-21,154.85,8.675089507472677,27.00999999999999,0.7300999629766755,1.3832002103854744,Hammer,2025-11-28,157.47,2026-03-19,155.68,End of data,16,-0.011367244554518319,-0.011430385775520005,-3099.3298544215595,268048.9864306332
PYPL,2016-06-24,34.89345,6.796510810539559,3.1332400000000007,0.8507934278893411,1.3668405176048926,Hammer,2016-07-01,34.55526,2017-05-12,49.16713,RSI(2) acum > 190,45,0.422855160111659,0.42250463393504595,42250.46335125413,142250.46335125412
PYPL,2018-04-06,73.46722,8.472483935742716,5.271810000000002,0.7471684298182214,1.1767225766100071,Hammer,2018-04-13,74.20328,2018-06-15,84.00089,RSI(2) acum > 190,9,0.13203742476073832,0.13189377250085824,18761.950232630035,161012.41358388416
PYPL,2018-10-05,82.73765,5.882898684666927,6.445539999999994,0.867284975347295,1.433355767186813,Hammer,2018-10-12,82.18063,2019-04-18,108.0026,RSI(2) acum > 190,27,0.3142099300041872,0.31406913836396955,50569.02994962457,211581.44353350875
PYPL,2019-08-02,106.5205,5.2342100415609,8.405100000000004,0.8508881512415087,1.5273967495020995,Hammer,2019-08-09,103.2082,2020-01-31,113.0257,RSI(2) acum > 190,25,0.09512325571030211,0.09502176078253549,20104.841293359765,231686.2848268685
PYPL,2020-03-20,86.21904,3.5736766227907566,16.914539999999988,0.9688327320754805,2.078273692244803,Hammer,2020-03-27,85.83111,2020-05-15,142.1998,RSI(2) acum > 190,7,0.656739613410569,0.6565848568859893,152121.70601337432,383807.99084024277
PYPL,2020-09-18,175.1337,9.092988425366258,18.719899999999996,0.7640799363244456,1.3555186791154215,Hammer,2020-09-25,173.9102,2021-06-25,281.7723,RSI(2) acum > 190,39,0.620217215551474,0.6201418852406229,238015.41077206848,621823.4016123113
PYPL,2021-10-01,263.2426,9.807541268204204,19.784200000000027,0.6098553391089873,1.2236025286587564,Hammer,2021-10-08,260.4453,2022-08-12,95.83761,RSI(2) acum > 190,44,-0.6320240372930515,-0.6320502990397784,-393023.6665459699,228799.73506634135
PYPL,2023-05-12,61.36193,4.0428784700570475,14.989849999999997,0.9747849378079169,2.2346611774000853,Hammer,2023-05-19,61.42162,2023-07-28,72.65157,RSI(2) acum > 190,10,0.18283382952126637,0.1826561513558781,41791.67899667077,270591.41406301217
PYPL,2023-08-18,59.104,6.039931103894418,6.1173,0.6536592941330323,1.1098485566164122,Hammer,2023-08-25,59.14379,2024-08-30,71.68673,RSI(2) acum > 190,53,0.21207535059893856,0.21188835815576257,57335.1703995226,327926.58446253475
PYPL,2025-02-07,76.89886,8.02698698422111,12.413629999999998,0.9935909157917546,2.2057426155855953,Hammer,2025-02-14,77.74435,2026-03-19,44.19,End of data,57,-0.4315985663266848,-0.43169942899844177,-141565.71912431982,186360.86533821494
QCOM,2015-06-26,47.60535,1.6972489920880207,2.2304600000000008,0.9769016256736263,1.1786940723304302,Hammer,2015-07-02,46.67047,2015-10-30,45.21529,RSI(2) acum > 190,17,-0.031179887410604623,-0.031390792636903274,-3139.079260551248,96860.92073944875
QCOM,2015-11-06,39.65524,9.468912987991061,8.358629999999998,0.6891655689987477,3.3579076843164946,Hammer,2015-11-13,39.25439,2016-08-05,47.64809,RSI(2) acum > 190,38,0.21382831321541373,0.21354636432201318,20684.297448107667,117545.21818755641
QCOM,2017-01-27,42.1157,3.7041398113787665,4.014339999999997,0.8568656366924591,1.4894192967619928,Hammer,2017-02-03,42.23216,2017-06-02,45.33406,RSI(2) acum > 190,17,0.0734487651117064,0.07320331196510371,8604.699268385175,126149.9174559416
QCOM,2017-06-30,43.70369,8.079385460924911,2.48451,0.7865695851495862,1.327883785227576,Hammer,2017-07-07,43.94903,2017-11-17,51.98185,RSI(2) acum > 190,19,0.18277582008067084,0.18252751795455385,23025.83130037904,149175.74875632062
QCOM,2018-03-23,43.67332,3.102170480734273,5.453060000000001,0.9985072601438463,1.9155043847373148,Hammer,2018-03-29,44.4221,2018-08-10,54.16283,RSI(2) acum > 190,19,0.21927666634400445,0.2190269002478217,32673.50180957125,181849.25056589185
QCOM,2018-10-12,53.35311,4.8995389643741305,6.912909999999997,0.8775508432772884,2.35883220176408,Hammer,2018-10-19,53.30332,2019-03-29,48.01638,RSI(2) acum > 190,23,-0.09918594188879792,-0.09936422682237976,-18069.31016263974,163779.9404032521
QCOM,2019-05-24,56.18884,7.47824736041251,11.151210000000006,0.9764079413803523,2.2335729117660947,Hammer,2019-05-31,56.55376,2019-09-13,67.69009,RSI(2) acum > 190,15,0.19691581956708104,0.19672160422187482,32219.052583271747,195998.99298652387
QCOM,2020-02-28,68.11282,8.109462935902087,9.995109999999997,0.5683199084352248,1.9835948324194281,Hammer,2020-03-06,68.73479,2020-10-23,115.5958,RSI(2) acum > 190,33,0.6817655222340824,0.6815704557724134,133587.122847172,329586.11583369586
QCOM,2021-03-05,116.3105,3.1417259761175416,12.581699999999998,0.6900736784377309,1.3328328542064014,Hammer,2021-03-12,115.6382,2021-11-19,150.7142,RSI(2) acum > 190,36,0.30332537171972596,0.30322578413603235,99939.00831408257,429525.1241477785
QCOM,2022-03-11,138.9954,9.91422097231981,13.941500000000019,0.708116056378439,1.084998572420928,Hammer,2022-03-18,137.5903,2023-02-10,122.7774,RSI(2) acum > 190,47,-0.10765947890221916,-0.10772824362460064,-46271.98717080672,383253.1369769718
QCOM,2023-03-10,107.5763,2.6981175739264955,9.941100000000006,0.9380048485580057,1.1290377470300272,Hammer,2023-03-17,106.2409,2023-11-24,122.5859,RSI(2) acum > 190,36,0.15384847078667452,0.15374710930021762,58924.061881525704,442177.1988584975
QCOM,2024-04-19,150.9956,6.348041540103608,17.280700000000024,0.9284924800499976,1.9981273674405762,Hammer,2024-04-26,151.3884,2024-05-31,208.0824,RSI(2) acum > 190,5,0.37449368643832703,0.37441526513044854,165557.8929796855,607735.0918381829
QCOM,2024-07-19,179.1037,9.409061203935053,24.363400000000013,0.9822356485547988,1.933482387412696,Hammer,2024-07-26,183.711,2025-02-07,164.1286,RSI(2) acum > 190,28,-0.10659350828202996,-0.1066450390820615,-64811.93255581132,542923.1592823716
QCOM,2025-04-04,124.5419,1.4361738109084001,28.121100000000013,0.9728993531547484,2.471366676886562,Hammer,2025-04-11,121.7376,2025-09-26,164.9428,RSI(2) acum > 190,24,0.35490431879715056,0.3548076022690495,192633.26416868228,735556.4234510539
QCOM,2025-10-10,151.8344,8.367759480227974,18.417,0.9871151653363753,1.8763386260757149,Hammer,2025-10-17,154.1674,2026-03-19,131.28,End of data,22,-0.14845810463171838,-0.14851815240600777,-109243.48089207814,626312.9425589758
REGN,2016-01-08,488.3806,6.99383537058155,41.6386,0.9835417136983462,1.1374114331350091,Hammer,2016-01-15,491.728,2017-05-19,437.4249,RSI(2) acum > 190,70,-0.1104332069762145,-0.11045242031753005,-11045.242020707763,88954.75797929225
REGN,2017-10-27,406.474,9.632456069537582,31.169399999999996,0.9139572786129991,1.0861513769124291,Hammer,2017-11-03,404.7953,2018-07-06,342.6353,RSI(2) acum > 190,35,-0.15355909517724153,-0.1535819019896972,-13661.840907831054,75292.9170714612
REGN,2018-10-26,333.5665,6.229711209918605,68.7158,0.9028622238262519,2.6030108266640837,Hammer,2018-11-02,341.1254,2019-11-15,338.0562,RSI(2) acum > 190,54,-0.008997277833899253,-0.009026460262703116,-679.628523328917,74613.28854813227
REGN,2020-09-04,576.4655,3.3306903283313574,56.72670000000005,0.7222912667227246,1.3219963332201357,Hammer,2020-09-11,573.9029,2021-07-02,561.745,RSI(2) acum > 190,42,-0.021184594118621836,-0.021211115070130876,-1582.6310478569794,73030.6575002753
REGN,2021-10-01,566.9597,2.7672247279256936,80.11869999999999,0.8172586424892071,2.3376930727981944,Hammer,2021-10-08,561.5761,2023-08-25,819.4639,RSI(2) acum > 190,98,0.4592214661556999,0.4591877923322354,33534.78636287621,106565.44386315151
REGN,2023-10-27,769.9782,4.999833532281528,41.32079999999996,0.8560095641904323,1.1875515579589258,Hammer,2023-11-03,774.2991,2024-01-19,924.9612,RSI(2) acum > 190,11,0.19457868412865253,0.19455809041077773,20733.16924288441,127298.61310603592
REGN,2024-04-05,936.3741,5.2970610708110115,35.093000000000075,0.7783746046220039,1.0012274731143227,Hammer,2024-04-12,932.8578,2024-06-28,1052.887,RSI(2) acum > 190,11,0.12866827076967136,0.12865154891999184,16377.163736091883,143675.7768421278
REGN,2024-09-27,1035.693,6.008722547551969,145.17000000000007,0.7654474064889444,2.696427586250872,Hammer,2024-10-04,1033.746,2025-11-21,691.6398,RSI(2) acum > 190,59,-0.33093835429592955,-0.3309499711577554,-47549.49415672457,96126.28268540322
ROP,2015-04-17,156.7115,8.403918607908068,5.205600000000004,0.8072076225603186,1.2153800874050296,Hammer,2015-04-24,157.3681,2015-05-29,165.5282,RSI(2) acum > 190,5,0.051853584049117885,0.05178839331499468,5178.839326320629,105178.83932632064
ROP,2016-01-15,159.6398,6.138886514046135,11.787200000000013,0.7298170897244454,1.6308694855821777,Hammer,2016-01-22,162.0425,2016-09-09,172.2702,RSI(2) acum > 190,33,0.06311739204221123,0.06305373424458886,6631.918576404214,111810.75790272486
ROP,2016-10-28,159.0212,3.9497518473481534,6.979799999999983,0.9443680334680095,1.2133517305697115,Hammer,2016-11-04,159.6368,2017-02-24,197.0011,RSI(2) acum > 190,16,0.2340581870846823,0.23398821611883622,26162.399758391257,137973.15766111613
ROP,2017-12-15,240.8057,7.18050002653824,8.359800000000007,0.9555372138089423,1.2656931838624013,Hammer,2017-12-22,242.1974,2018-01-26,262.6115,RSI(2) acum > 190,5,0.08428703198300225,0.08424400418823273,11623.411260243352,149596.5689213595
ROP,2018-10-12,267.6953,3.3292344031380168,21.1053,0.7019516424784307,1.9649820218739344,Hammer,2018-10-19,267.5323,2019-02-15,289.2979,RSI(2) acum > 190,17,0.08135690531573192,0.08131800687231286,12164.89480745664,161761.46372881613
ROP,2019-08-09,341.8703,8.692032773197255,15.60080000000005,0.41790164606943264,1.1778857482427814,Hammer,2019-08-16,339.9346,2020-01-24,365.0362,RSI(2) acum > 190,23,0.0738424391044632,0.07381193600274882,11939.926796522424,173701.39052533856
ROP,2020-02-28,339.6382,6.8920874866138035,39.970399999999984,0.7446235214058406,2.57406680814968,Hammer,2020-03-06,341.9462,2020-06-05,380.0772,RSI(2) acum > 190,13,0.11151169394483706,0.11148081948535347,19364.37334214578,193065.76386748435
ROP,2021-03-05,366.0459,8.106175764501444,22.33529999999996,0.4908687145460316,1.0445435677142543,Hammer,2021-03-12,367.4054,2021-04-16,408.9561,RSI(2) acum > 190,5,0.11309224088704206,0.11306348432161961,21828.687944244142,214894.45181172848
ROP,2021-10-01,435.7682,2.1829056951107333,25.3236,0.6855067999810464,1.7268204639357374,Hammer,2021-10-08,440.1494,2023-05-12,448.6741,RSI(2) acum > 190,83,0.019367741953073114,0.01934480264198198,4157.090754997704,219051.54256672616
ROP,2024-04-26,521.0562,4.691132726649428,16.938900000000103,0.9848219187786671,1.00537916845412,Hammer,2024-05-03,516.7139,2025-03-14,582.9763,RSI(2) acum > 190,45,0.12823808300879858,0.12821748923834625,28086.23877360612,247137.78134033227
ROP,2025-10-24,477.8212,7.889910716106272,61.988000000000056,0.6487965412660519,2.776015899612766,Hammer,2025-10-31,475.5458,2026-03-19,353.26,End of data,20,-0.25714831252846726,-0.2571666370869316,-63555.592060863084,183582.1892794692
ROST,2015-04-17,45.08364,5.372899182335885,2.4068600000000018,0.9216406438263959,1.4805999309213065,Hammer,2015-04-24,45.41144,2016-03-24,53.3535,RSI(2) acum > 190,48,0.17489117279698685,0.1746517340416817,17465.173386702998,117465.173386703
ROST,2016-05-13,49.24659,7.332932543364265,4.197569999999999,0.902808053230798,1.6742674807015758,Hammer,2016-05-20,49.1106,2016-07-15,52.86086,RSI(2) acum > 190,8,0.07636355491482494,0.07615217975551568,8945.228989811792,126410.4023765148
ROST,2017-04-07,57.7197,3.157557289825519,3.2844200000000043,0.8245139172213044,1.5450733098812657,Hammer,2017-04-13,57.63736,2017-10-06,59.17206,RSI(2) acum > 190,25,0.026626826766527945,0.02645103358016571,3343.685794799767,129754.08817131456
ROST,2018-03-23,69.1766,3.8141210536494867,3.6141099999999966,0.9897706489287829,1.0263960094228866,Hammer,2018-03-29,69.87908,2018-08-31,88.62565,RSI(2) acum > 190,22,0.26827156281965925,0.26810927467314427,34788.274430698075,164542.36260201264
ROST,2018-11-23,74.64467,6.260699392390947,14.73388,0.964568735458684,3.0149332857455446,Hammer,2018-11-30,75.67572,2022-04-29,98.67632,RSI(2) acum > 190,178,0.3039363219801543,0.30378410776218845,49985.35476214955,214527.71736416218
ROST,2022-05-13,88.04169,8.746727153655243,8.980130000000003,0.4568686644848121,1.2718095441453634,Hammer,2022-05-20,87.53482,2022-12-02,111.4661,RSI(2) acum > 190,28,0.27339154864315707,0.2732616996470865,58622.20860971855,273149.9259738807
ROST,2023-03-10,100.6114,6.128950843058519,9.407299999999992,0.9650909400146692,1.464330358657788,Hammer,2023-03-17,99.70544,2023-06-30,104.8515,RSI(2) acum > 190,15,0.051612630163409445,0.05150975163683959,14069.884832465828,287219.8108063465
ROST,2023-09-22,108.8448,7.116818008088146,6.918599999999998,0.9816870465123002,1.4476969013808663,Hammer,2023-09-29,107.909,2023-12-01,127.4535,RSI(2) acum > 190,9,0.18112020313412236,0.18101914487462245,51992.2844912234,339212.0952975699
ROST,2024-04-12,133.2312,5.724683550117177,6.877499999999998,0.9359069429298442,1.3843392023450651,Hammer,2024-04-19,135.3278,2025-05-23,150.4986,RSI(2) acum > 190,57,0.11210409095544316,0.1120260572455458,38000.59356818651,377212.6888657564
SBUX,2015-08-21,42.51365,4.819370841126727,4.4082599999999985,0.9563773461637934,2.4498518988019407,Hammer,2015-08-28,38.65974,2015-11-06,50.69616,RSI(2) acum > 190,10,0.3113424973887564,0.3110436020001686,31104.360168912506,131104.36016891254
SBUX,2016-04-29,45.53596,6.361646033193992,2.737180000000002,0.721892604797637,1.1221638671031942,Hammer,2016-05-06,45.58455,2018-11-16,58.12276,RSI(2) acum > 190,132,0.27505393823126467,0.27480442338211264,36028.05806307077,167132.41823198332
SBUX,2018-12-21,52.41546,5.236896535480213,3.8592200000000005,0.9977897088012603,1.5115510168437047,Hammer,2018-12-28,52.49231,2019-02-08,58.08477,RSI(2) acum > 190,6,0.1065386529950767,0.10633801998616685,17772.530412516506,184904.94864449985
SBUX,2019-09-13,78.31197,9.067228321383269,5.735520000000008,0.8224293525260128,1.747311984084689,Hammer,2019-09-20,77.91383,2020-01-24,80.74756,RSI(2) acum > 190,18,0.03637005137598792,0.036239378851042614,6700.8404786597675,191605.7891231596
SBUX,2020-02-28,68.53978,9.032978830260234,9.028490000000005,0.7376903557516272,2.440510295285728,Hammer,2020-03-06,68.09409,2020-12-11,90.56279,RSI(2) acum > 190,40,0.3299654933342968,0.32979442162883543,63190.52034141852,254796.3094645781
SBUX,2022-02-25,83.9733,4.602629078895049,6.15876999999999,0.21502183065774508,1.1990428434669016,Hammer,2022-03-04,82.80322,2022-08-05,76.90112,RSI(2) acum > 190,22,-0.07127862901949933,-0.07139508613999895,-18191.20444418618,236605.1050203919
SBUX,2023-05-26,91.94429,5.382918591860488,7.437280000000001,0.89962459393757,1.5260439103799135,Hammer,2023-06-02,92.28023,2025-02-07,102.3259,RSI(2) acum > 190,88,0.10886047856621084,0.10874622081995146,25729.910971945428,262335.0159923373
SBUX,2025-03-14,95.47562,9.600583293337664,9.79964000000001,0.783516537342187,1.6601574575590112,Hammer,2025-03-21,95.08636,2026-03-19,95.83,End of data,52,0.007820680063891361,0.0077151068193785765,2023.942668820327,264358.95866115764
SHOP,2015-08-21,2.777,7.807386273948083,0.7690000000000001,0.9401820546163846,1.2656507355016602,Hammer,2015-08-28,2.551,2016-03-24,2.848,RSI(2) acum > 190,30,0.11642493139945098,0.11228482003129871,11228.481991901386,111228.4819919014
SHOP,2016-11-04,3.915,8.305505938776548,0.6429999999999998,0.9377916018662519,1.858395866228849,Hammer,2016-11-11,4.047,2017-01-27,5.01,RSI(2) acum > 190,11,0.2379540400296516,0.2351924975320831,26160.104450217514,137388.58644211892
SHOP,2017-10-06,9.792,6.419740714481648,2.7380000000000013,0.8316289262235208,2.8927629570326374,Hammer,2017-10-13,9.651999,2018-02-02,12.97,RSI(2) acum > 190,16,0.34376308990500326,0.3425495850211852,47062.40322533267,184450.9896674516
SHOP,2018-03-29,12.459,8.366128550418907,2.9250000000000007,0.7941880341880342,2.397902279475089,Hammer,2018-04-06,12.471,2018-05-25,14.873,RSI(2) acum > 190,7,0.19260684788709792,0.19172811798653414,35364.441074329705,219815.43074178128
SHOP,2018-10-19,12.707,6.645936887982273,2.030000000000001,0.9571428571428564,1.2948612772716641,Hammer,2018-10-26,12.839,2019-02-08,17.062,RSI(2) acum > 190,15,0.32891969779577845,0.32801308003737145,72102.33640525086,291917.76714703214
SHOP,2019-09-13,33.831,9.907772225220796,4.893000000000001,0.9341917024320452,1.6888502778775274,Hammer,2019-09-20,32.851,2019-12-20,38.974,RSI(2) acum > 190,13,0.1863870201820339,0.18605429754078393,54312.55505190263,346230.3221989348
SHOP,2020-03-13,39.09,7.912330831544693,8.748999999999995,0.6812207109383926,1.8039606419628773,Hammer,2020-03-20,33.9,2020-07-10,105.249,RSI(2) acum > 190,16,2.1046902654867257,2.1040849432237136,728498.0070977758,1074728.3292967104
SHOP,2020-09-18,90.134,8.803227670696984,11.36,0.4547535211267603,1.0233079705691448,Hammer,2020-09-25,88.306,2020-12-31,122.986,RSI(2) acum > 190,14,0.39272529612936835,0.39258982459716235,421927.4058662695,1496655.7351629802
SHOP,2021-03-26,106.521,6.492698536716958,17.986000000000004,0.6660180140108972,1.2546167587499004,Hammer,2021-04-01,105.36,2021-07-02,148.378,RSI(2) acum > 190,13,0.4082953682611996,0.4081810848004554,610906.5609407418,2107562.2961037224
SHOP,2022-01-21,88.212,2.5706870820209105,25.373999999999995,0.94730826830614,1.5830095622687217,Hammer,2022-01-28,83.4,2023-02-03,49.58,RSI(2) acum > 190,53,-0.4055155875299761,-0.40561117439002453,-854850.8171679166,1252711.4789358058
SHOP,2023-10-27,46.4,2.338055179016436,7.069899999999997,0.9165476173637539,1.1924532850523832,Hammer,2023-11-03,47.09,2023-12-08,73.0,RSI(2) acum > 190,5,0.5502229772775535,0.5499522242276249,688931.4634672923,1941642.942403098
SHOP,2024-08-02,54.43,2.3644287325416116,9.454999999999998,0.8006345848757273,1.5641396867378634,Hammer,2024-08-09,48.5859,2024-12-13,118.59,RSI(2) acum > 190,18,1.4408315992911525,1.4404775379752182,2796893.042502879,4738535.984905977
SHOP,2025-03-07,100.13,9.451763059556754,19.8485,0.7596795727636851,1.8835800604185458,Hammer,2025-03-14,96.07,2026-03-19,122.37,End of data,53,0.27375871760174886,0.2736403851157951,1296654.81049807,6035190.795404046
SNPS,2015-08-21,47.52,9.361852881659232,5.170000000000002,0.9922630560928422,2.9442241690499533,Hammer,2015-08-28,45.37,2015-11-06,50.09,RSI(2) acum > 190,10,0.10403350231430464,0.10380165289256199,10380.165278876037,110380.16527887603
SNPS,2016-01-08,42.35,7.370793208930607,3.7239000000000004,0.9798598243776678,1.635952274563425,Hammer,2016-01-15,42.63,2016-03-24,47.58,RSI(2) acum > 190,10,0.11611541168191408,0.11586724522106248,12789.445665119489,123169.61094399552
SNPS,2016-11-04,57.65,6.349611711024409,1.8900000000000006,0.9470899470899463,1.0362981924412178,Hammer,2016-11-11,58.66,2017-02-17,65.57,RSI(2) acum > 190,14,0.11779747698602105,0.11761697775504973,14486.837376011212,137656.44832000672
SNPS,2017-12-22,85.82,6.507630479910574,4.200000000000003,0.8857142857142882,1.4090471305091636,Hammer,2017-12-29,85.65,2018-09-07,101.54,RSI(2) acum > 190,36,0.18552247518972553,0.18539489813787854,25520.80318878899,163177.2515087957
SNPS,2018-10-05,93.2,3.408021429637685,6.655000000000001,0.9173553719008268,1.8401948523288307,Hammer,2018-10-12,92.97,2019-02-08,95.0,RSI(2) acum > 190,17,0.021835000537807847,0.021726270502823317,3545.233102642097,166722.4846114378
SNPS,2020-03-13,129.88,6.120080210050872,18.86500000000001,0.38271932149483145,1.8849403489651817,Hammer,2020-03-20,112.59,2020-06-12,180.71,RSI(2) acum > 190,12,0.6050270894395595,0.6049114081442338,100852.33283475786,267574.81744619564
SNPS,2021-03-05,227.8,9.468248323517216,39.41460000000001,0.7466776270722018,2.0147054969923635,Hammer,2021-03-12,226.63,2021-06-25,265.29,RSI(2) acum > 190,15,0.17058641839121047,0.17053853111831835,45631.81628589457,313206.6337320902
SNPS,2021-10-01,302.49,4.773867543469663,23.09499999999997,0.7124918813596018,1.5630534965852851,Hammer,2021-10-08,299.45,2021-11-26,360.0,RSI(2) acum > 190,7,0.20220404074135923,0.20216727054148376,63320.13019378277,376526.763925873
SNPS,2022-01-28,296.35,3.4713202083586197,29.329999999999984,0.42311626321172774,1.3533303589359116,Hammer,2022-02-04,296.36,2022-08-12,375.0,RSI(2) acum > 190,27,0.2653529491159401,0.2653147301469472,99898.09666419818,476424.8605900712
SNPS,2022-09-02,330.56,8.5671338789802,29.855000000000018,0.8013733043041366,1.1924663920799505,Hammer,2022-09-09,330.73,2023-02-03,354.27,RSI(2) acum > 190,21,0.07117588365131677,0.07114457193825854,33895.04273353008,510319.9033236013
SNPS,2023-08-11,428.46,8.357933975371125,23.535000000000025,0.8714680263437444,1.1100267871551956,Hammer,2023-08-18,426.11,2023-12-08,540.15,RSI(2) acum > 190,16,0.26763042406890225,0.2676038158713024,136563.55330790626,646883.4566315075
SNPS,2024-01-05,484.81,6.616871311775952,31.850000000000023,0.7751962323390889,1.1234608445892584,Hammer,2024-01-12,490.39,2025-07-25,587.59,RSI(2) acum > 190,80,0.19820958828687374,0.19818717564412383,128204.00511250249,775087.4617440101
SNPS,2025-09-12,425.45,0.33937230897490167,234.95250000000004,0.8101318351581702,4.4891090651885355,Hammer,2025-09-19,431.5,2026-03-19,428.25,End of data,26,-0.007531865585168052,-0.007554953013290686,-5855.7493488109885,769231.7123951992
STX,2015-06-26,30.61574,0.3218382252842673,2.746000000000002,0.8775054624908964,1.488742808124916,Hammer,2015-07-02,29.94912,2016-03-24,23.28555,RSI(2) acum > 190,38,-0.22249635381607202,-0.22279305818364886,-22279.30579608558,77720.69420391442
STX,2016-04-15,16.38827,2.9003321048483457,6.5642700000000005,0.9951220775501314,2.570679675820011,Hammer,2016-04-22,16.33703,2016-07-29,20.90826,RSI(2) acum > 190,14,0.27980789653933424,0.2791103675614352,21692.651504691807,99413.34570860623
STX,2017-04-28,29.2053,8.050115066294794,6.765819999999998,0.9047122152229884,3.0684473806023,Hammer,2017-05-05,29.17064,2017-11-03,26.50232,RSI(2) acum > 190,26,-0.09147279593454238,-0.09179987139956476,-9126.132342324392,90287.21336628182
STX,2018-08-03,40.06139,8.175363929157214,3.1302499999999966,0.536816548199025,1.1662414016201734,Hammer,2018-08-10,40.00191,2019-04-18,38.66905,RSI(2) acum > 190,36,-0.03331990897434656,-0.03356570152506164,-3030.5536523516175,87256.65971393022
STX,2020-02-28,38.64153,1.7141007948630573,5.520219999999995,0.7445246747412239,2.038865398383574,Hammer,2020-03-06,39.49575,2020-10-16,42.673,RSI(2) acum > 190,32,0.08044536437464789,0.08018202186034444,6996.415389646572,94253.0751035768
STX,2021-01-08,50.12629,6.8666106630344785,3.287950000000002,0.9431499870740125,1.1374868135268115,Hammer,2021-01-15,49.63352,2021-02-19,61.61285,RSI(2) acum > 190,5,0.24135564030115142,0.24112987252641707,22727.231962221056,116980.30706579785
STX,2021-06-18,73.66425,9.498533113773235,10.371719999999996,0.975020536613021,1.811561192145622,Hammer,2021-06-25,74.6085,2021-11-19,94.19264,RSI(2) acum > 190,21,0.26249207529973106,0.2623404611765965,30688.66767353261,147668.97473933047
STX,2022-01-21,83.71928,4.7746200431299,11.464079999999996,0.9793581342768025,1.6953496136891975,Hammer,2022-01-28,82.11537,2023-02-03,62.18349,RSI(2) acum > 190,53,-0.24273019776930915,-0.2428371913083198,-35859.51903321872,111809.45570611175
STX,2023-04-21,52.18259,7.212467879854316,9.637409999999996,0.7984645252199504,1.956048178671809,Hammer,2023-04-28,52.20109,2023-12-01,72.30122,RSI(2) acum > 190,31,0.38505192132961197,0.38482349473021255,43026.90544568193,154836.36115179368
STX,2024-12-20,85.64799,4.421648840094079,10.084299999999999,0.9571988139979973,1.5372869963024172,Hammer,2024-12-27,85.79514,2025-05-23,104.7447,RSI(2) acum > 190,21,0.2208698534672242,0.22074043235826885,34178.64527124935,189015.00642304306
STX,2026-03-06,352.8,5.93409494164554,57.59989999999999,0.9531266547337753,1.4341359668601548,Hammer,2026-03-13,342.42,2026-03-19,434.6,End of data,1,0.269201565329128,0.26916843104329413,50876.8726716518,239891.87909469483
TEAM,2017-12-08,46.46,8.590377638337458,4.890000000000001,0.314928425357873,1.4642781579138928,Hammer,2017-12-15,46.83,2018-03-16,61.64,RSI(2) acum > 190,13,0.3162502669229128,0.31600298921746567,31600.298890146267,131600.29889014625
TEAM,2018-10-19,70.18,5.628841921980893,14.489999999999995,0.9572118702553482,1.9515283968075727,Hammer,2018-10-26,71.03,2019-03-08,111.58,RSI(2) acum > 190,19,0.5708855413205687,0.5707045822481874,75104.89352673263,206705.1924168789
TEAM,2019-09-06,132.21,7.19596005929121,11.439999999999998,0.47027972027972,1.0542169908748165,Hammer,2019-09-13,132.31,2020-02-07,146.9,RSI(2) acum > 190,21,0.11027133247675924,0.11019158825529994,22777.173430256094,229482.36584713502
TEAM,2020-03-13,127.94,3.0555370642353665,20.103700000000018,0.46707819953540924,1.6264541790068043,Hammer,2020-03-20,118.48,2020-05-22,187.77,RSI(2) acum > 190,9,0.5848244429439569,0.5847153648141115,134181.8651305311,363664.23097766616
TEAM,2021-03-19,219.09,8.451602128688918,25.819999999999993,0.8501161890007743,1.2600111402565701,Hammer,2021-03-26,220.62,2021-08-13,336.28,RSI(2) acum > 190,20,0.5242498413561778,0.5241926345609063,190630.1111411187,554294.3421187849
TEAM,2021-11-26,391.54,7.961647597277917,52.170000000000016,0.7034694268736817,1.7966461028937506,Hammer,2021-12-03,395.6,2022-08-19,282.23,RSI(2) acum > 190,37,-0.286577350859454,-0.28659900658485105,-158860.20764798712,395434.1344707977
TEAM,2022-11-04,123.73,6.602587725875992,96.93,0.9105540080470442,2.68903153073682,Hammer,2022-11-11,122.89,2023-02-17,172.79,RSI(2) acum > 190,14,0.40605419480836513,0.40595630416208967,160528.9796087708,555963.1140795685
TEAM,2024-03-15,194.43,7.564283327513422,23.819999999999993,0.9819479429051214,1.277780614046852,Hammer,2024-03-22,196.12,2024-10-25,190.3,RSI(2) acum > 190,31,-0.02967570874974501,-0.02972594008922875,-16526.526204423775,539436.5878751448
TEAM,2025-01-10,242.39,6.3471132940320985,22.150000000000006,0.890293453724606,1.2232930329663319,Hammer,2025-01-17,238.39,2025-02-14,319.84,RSI(2) acum > 190,4,0.3416670162339024,0.3416179030600473,184281.1957994927,723717.7836746374
TEAM,2025-03-07,238.86,3.7182948244330873,58.06990000000002,0.8334765515353046,2.2904237208893603,Hammer,2025-03-14,230.58,2026-03-19,74.6,End of data,53,-0.6764680371237748,-0.676496736561355,-489592.71835771605,234125.06531692148
TMUS,2015-07-17,36.50719,7.696196231895925,2.572009999999999,0.6156702345636282,1.5934461326616705,Hammer,2015-07-24,36.56477,2016-06-10,41.80476,RSI(2) acum > 190,46,0.14330706852524977,0.14301402497199184,14301.402482897782,114301.40248289777
TMUS,2017-06-30,58.17733,6.1463899595063225,4.030760000000001,0.7547633696871066,1.464577917189723,Hammer,2017-07-07,58.2925,2020-02-28,92.25166,RSI(2) acum > 190,138,0.5825648239481924,0.5823433251854712,66562.65872869089,180864.06121158868
TMUS,2020-03-20,71.54603,4.0615730848061276,17.754550000000002,0.40270240586215916,2.9106024413786162,Hammer,2020-03-27,71.9587,2020-08-21,111.5128,RSI(2) acum > 190,21,0.5496778012943537,0.5495006510226684,99384.91928298681,280248.98049457546
TMUS,2021-01-15,122.3775,9.318400738448616,11.191699999999997,0.7096240964286039,1.779552496070425,Hammer,2021-01-22,123.7332,2023-07-28,135.1556,RSI(2) acum > 190,131,0.09231475464951999,0.09223020861787229,25847.4219101133,306096.40240468876
TMUS,2023-08-04,129.4156,8.940612955568625,5.903500000000008,0.9771999661217912,1.0405107588858082,Hammer,2023-08-11,130.2424,2023-12-08,146.2281,RSI(2) acum > 190,17,0.12273806379489338,0.12265657510245898,37544.73633259848,343641.1387372872
TMUS,2024-12-20,215.8875,7.980411408325111,15.22799999999998,0.837838192802733,1.6717761132971247,Hammer,2024-12-27,215.4759,2025-02-21,264.58,RSI(2) acum > 190,8,0.22788673814565796,0.227835042456199,78293.49335561291,421934.63209290017
TMUS,2025-10-03,228.0383,1.9837853087490487,13.705900000000014,0.7716749720923105,1.1837673172999392,Hammer,2025-10-10,226.3498,2026-03-19,206.59,End of data,23,-0.0872976251801415,-0.08733987527545245,-36851.71810453609,385082.9139883641
TRI,2015-06-12,30.62904,0.7246363009624872,0.9054900000000004,0.5304310373388988,1.0209834477924093,Hammer,2015-06-19,30.45581,2015-10-23,32.8567,RSI(2) acum > 190,18,0.07883192074024614,0.07849069016877745,7849.069009028677,107849.06900902867
TRI,2015-11-06,31.86442,7.747418561336914,1.333639999999999,0.7916679163792344,1.2503241317348268,Hammer,2015-11-13,31.8406,2016-03-24,31.74417,RSI(2) acum > 190,19,-0.0030285233318466664,-0.0033420629537518434,-360.43837777126237,107488.6306312574
TRI,2016-06-24,32.57716,5.510074970204158,1.9230099999999979,0.8686486289722892,1.6164653332151266,Hammer,2016-07-01,31.77863,2016-12-02,35.67355,RSI(2) acum > 190,22,0.12256412564040664,0.1222302172533471,13138.358661185011,120626.9892924424
TRI,2017-02-10,36.65919,8.485272434820644,1.6689599999999984,0.2878439267567805,1.6481363155909097,Hammer,2017-02-17,36.76686,2017-10-27,40.45119,RSI(2) acum > 190,36,0.10020790461845253,0.09992233191358814,12053.330049762943,132680.31934220536
TRI,2017-12-22,37.08683,6.073164852587055,1.1787199999999984,0.7971019410886397,1.2182314729708674,Hammer,2017-12-29,37.11246,2018-09-14,39.33661,RSI(2) acum > 190,37,0.059930007334463964,0.05965251932648403,7914.715305890262,140595.0346480956
TRI,2020-02-28,67.1715,6.0743710280367935,8.333310000000012,0.8679648303015249,3.3045539482787003,Hammer,2020-03-06,67.34285,2020-10-16,75.86048,RSI(2) acum > 190,32,0.12648157896495316,0.1263237059534935,17760.485797646776,158355.52044574235
TRI,2021-10-01,102.6495,4.570553017600687,5.343999999999994,0.8029565868263476,1.5431555827685428,Hammer,2021-10-08,102.3606,2022-08-05,105.5785,RSI(2) acum > 190,43,0.03143690052617898,0.03133767593801036,4962.493977761154,163318.01442350348
TRI,2022-10-07,96.64365,6.929102498886692,5.62581999999999,0.9225588447550778,1.2690294596825946,Hammer,2022-10-14,96.8899,2022-12-09,111.5165,RSI(2) acum > 190,8,0.1509610392827323,0.1508500447391969,24636.52975786577,187954.54418136927
TRI,2023-05-05,114.343,6.923970249978154,13.199699999999993,0.9330893883951906,2.843891398127709,Hammer,2023-05-12,115.4696,2023-12-08,135.1497,RSI(2) acum > 190,30,0.1704353353609953,0.17034135645414655,32016.43197555883,219970.9761569281
TRI,2024-04-19,145.5058,7.308021644128431,5.182099999999991,0.8654213542772257,1.1117865044215267,Hammer,2024-04-26,146.455,2024-05-24,165.7893,RSI(2) acum > 190,4,0.1320152948004505,0.13194250990031398,29023.522670343693,248994.4988272718
TRI,2024-08-02,152.9817,2.527325095484372,8.002299999999991,0.7152443672444186,1.4560280879401446,Hammer,2024-08-09,148.2007,2025-05-23,187.7733,RSI(2) acum > 190,41,0.2670203312130104,0.2669438489882641,66467.5498273882,315462.04865466006
TRI,2025-08-08,177.2167,5.664042458094016,25.140900000000016,0.9443774884749548,2.9227184611989454,Hammer,2025-08-15,177.2167,2026-03-19,93.26,End of data,31,-0.47375162724506215,-0.47379468767086647,-149464.24266488213,165997.80598977793
TSLA,2015-08-07,16.16732,9.588467508903435,2.3253299999999992,0.8168001961011984,1.951929745669244,Hammer,2015-08-14,15.87665,2017-01-20,15.77998,RSI(2) acum > 190,75,-0.0060888159655846374,-0.006716556529076089,-671.6556522359533,99328.34434776405
TSLA,2017-10-27,21.39131,7.584228331312616,2.2193299999999994,0.873538410240928,1.3099237242239472,Hammer,2017-11-03,21.27865,2018-11-09,22.69998,RSI(2) acum > 190,53,0.06679606084032597,0.06631052474552068,6586.514629217492,105914.85897698154
TSLA,2019-04-26,15.67599,8.344018598797945,2.5699999999999985,0.8959766536964977,1.2872823092272085,Hammer,2019-05-03,15.72398,2019-07-19,16.53332,RSI(2) acum > 190,11,0.05147170118506894,0.05081956999118827,5382.547583505002,111297.40656048653
TSLA,2020-03-20,28.50197,7.8583264790361795,9.62398,0.4664722910895492,1.3791730285935824,Hammer,2020-03-27,28.90664,2020-06-19,61.18594,RSI(2) acum > 190,12,1.116674231249291,1.1161352313462674,124222.95649540525,235520.3630558918
TSLA,2021-02-26,225.1664,6.585290550958675,49.83330000000001,0.6220739946983241,1.8411412271239096,Hammer,2021-03-05,230.0364,2021-10-01,257.7064,RSI(2) acum > 190,30,0.12028531136811393,0.12023922650444667,28318.786251568097,263839.14930745994
TSLA,2022-01-28,282.1164,6.025669538112652,65.22649999999999,0.7223015185545755,1.6418180747994962,Hammer,2022-02-04,290.903,2023-02-10,193.01,RSI(2) acum > 190,53,-0.3365142332667591,-0.3365428245355921,-88793.1724422072,175045.9768652527
TSLA,2023-08-18,215.49,3.456809115507525,28.299999999999983,0.8893992932862191,1.174193273613954,Hammer,2023-08-25,221.5512,2023-12-22,253.78,RSI(2) acum > 190,17,0.14546885776290086,0.1454204395995239,25455.262880417875,200501.2397456706
TSLA,2024-01-12,218.89,3.48645182299191,24.09989999999999,0.9278046796874685,1.0751919937604537,Hammer,2024-01-19,215.1,2024-07-12,247.71,RSI(2) acum > 190,25,0.15160390516039057,0.15155389228516308,30386.743261070274,230887.9830067409
TSLA,2025-02-28,292.98,0.8908258245207463,68.79729999999995,0.7183028985149125,1.6286718927514967,Hammer,2025-03-07,300.34,2025-09-26,431.11,RSI(2) acum > 190,29,0.43540653925551065,0.43536599577152957,100520.776532889,331408.7595396299
TSLA,2026-03-13,391.2,3.9326916514420844,34.97990000000004,0.752715130689338,1.0451593398323515,Hammer,2026-03-19,396.22,2026-03-19,380.3,End of data,0,-0.04017969814749389,-0.04020442930153324,-13324.100029495781,318084.65951013414
TTWO,2015-08-21,28.88,6.047468651794333,3.210000000000001,0.8753894080996889,1.9383095352012638,Hammer,2015-08-28,25.6,2017-02-03,53.51,RSI(2) acum > 190,75,1.0902343749999996,1.0896309314586996,108963.09303690685,208963.09303690685
TTWO,2017-12-08,106.81,9.597887795574565,11.519999999999996,0.3975694444444444,1.8852699504168482,Hammer,2017-12-15,107.0,2018-02-09,119.86,RSI(2) acum > 190,8,0.12018691588785035,0.12008784636231941,25093.9277869172,234057.02082382404
TTWO,2018-03-29,97.78,9.748806451946166,8.659999999999997,0.7413394919168597,1.0997519578999218,Hammer,2018-04-06,96.32,2018-05-18,116.9399,RSI(2) acum > 190,6,0.21407703488372087,0.21396210744874108,50079.33338855993,284136.354212384
TTWO,2018-10-19,122.45,8.689824503155037,11.625900000000001,0.9642264254810373,1.3138130382461026,Hammer,2018-10-26,122.69,2020-08-14,175.1,RSI(2) acum > 190,94,0.4271741788246801,0.4270752679408288,121347.6094856365,405483.9636980205
TTWO,2020-09-04,161.71,9.090947894209052,16.919999999999987,0.7358156028368793,1.647380327640635,Hammer,2020-09-11,157.06,2020-12-24,203.96,RSI(2) acum > 190,15,0.29861199541576466,0.2985388215070195,121052.7045413494,526536.6682393699
TTWO,2021-02-26,184.46,7.294066790382374,14.288000000000011,0.765677491601343,1.1073722327615607,Hammer,2021-03-05,186.0,2021-11-19,185.19,RSI(2) acum > 190,37,-0.0043548387096774555,-0.0044084836429127945,-2321.2282870058343,524215.439952364
TTWO,2021-12-03,165.78,7.617640559247917,12.272500000000008,0.48828682012629887,1.1088455617943604,Hammer,2021-12-10,165.5,2023-02-03,113.1,RSI(2) acum > 190,60,-0.31661631419939584,-0.31666717017612767,-166001.81976634706,358213.62018601695
TTWO,2023-10-27,134.43,8.598853642021666,12.0625,0.8315025906735752,1.738747607456754,Hammer,2023-11-03,135.18,2023-12-08,157.35,RSI(2) acum > 190,5,0.16400355082112728,0.16392351222398913,58719.63468864233,416933.25487465924
TTWO,2024-02-16,153.38,8.87578730969804,8.379899999999992,0.7947588873375581,1.0899005022867456,Hammer,2024-02-23,153.03,2024-06-07,160.25,RSI(2) acum > 190,15,0.04718029144612168,0.04711340543013033,19643.145454570542,436576.4003292298
TTWO,2024-08-02,143.68,5.205175259939267,9.287499999999994,0.9440107671601604,1.2801792389840037,Hammer,2024-08-09,141.16,2024-11-08,164.22,RSI(2) acum > 190,13,0.16336072541796542,0.1632841001664718,71285.98461038966,507862.38493961946
TTWO,2025-08-08,217.37,1.6238736262814228,22.794999999999987,0.9548146523360386,1.7869871870095455,Hammer,2025-08-15,219.36,2025-09-26,249.39,RSI(2) acum > 190,6,0.1368982494529538,0.13684954299911092,69500.73521592474,577363.1201555441
TTWO,2025-11-07,232.0,7.104733322197617,30.5,0.8442622950819673,2.3190675475809344,Hammer,2025-11-14,231.97,2026-03-19,201.75,End of data,18,-0.13027546665517087,-0.1303157667852138,-75239.51764133375,502123.60251421033
TXN,2015-04-24,40.471,9.714072044585606,3.65296,0.8380573562261845,2.260946577760258,Hammer,2015-05-01,40.90729,2015-10-30,44.1223,RSI(2) acum > 190,26,0.07859259315393419,0.0783385628132769,7833.856273493833,107833.85627349385
TXN,2016-01-08,37.97194,8.208281893497727,3.18947,0.9716285150824445,1.5175483754332781,Hammer,2016-01-15,38.32632,2016-03-24,43.22734,RSI(2) acum > 190,10,0.12787609141707312,0.12759852778354602,13759.441291960873,121593.2975654547
TXN,2017-04-13,60.65241,6.923223061912864,2.279139999999998,0.9965820441043551,1.2177571582381712,Hammer,2017-04-21,61.01085,2017-10-06,70.89783,RSI(2) acum > 190,24,0.1620528151959857,0.1618756437876389,19682.993303986936,141276.2908694416
TXN,2018-02-09,80.21583,7.970117994154691,9.678740000000005,0.7113405257295894,2.4921392229813666,Hammer,2018-02-16,81.06197,2018-06-01,88.84976,RSI(2) acum > 190,15,0.09607205450348677,0.09594277422728395,13554.439265000496,154830.73013444213
TXN,2018-09-14,85.0781,8.627896336360436,5.838220000000007,0.5698483441870966,1.4263206092660192,Hammer,2018-09-21,85.02158,2019-12-27,108.0106,RSI(2) acum > 190,66,0.2703904114696527,0.270256900842066,41844.07323940453,196674.80337384663
TXN,2020-01-31,101.749,7.465775359949049,7.052999999999997,0.9174819225861345,1.5177877419371162,Hammer,2020-02-07,102.0947,2020-09-04,122.0772,RSI(2) acum > 190,30,0.19572514537973085,0.19561761689799287,38473.05630140015,235147.85967524676
TXN,2022-02-11,145.995,9.368334032843464,12.03309999999999,0.9446443559847421,1.2386235133325139,Hammer,2022-02-18,145.5865,2022-04-01,162.6548,RSI(2) acum > 190,6,0.11723820546547925,0.11716549386468285,27551.215082522212,262699.07475776895
TXN,2022-04-29,151.1901,6.522282130320349,14.546199999999999,0.4047586311201548,1.522783909774234,Hammer,2022-05-06,151.4565,2022-08-12,164.2453,RSI(2) acum > 190,14,0.08443876624641389,0.08436995540120745,22163.909199087517,284862.9839568565
TXN,2023-04-28,152.7564,6.5666558734693865,14.919299999999993,0.6264570053554784,1.6740201865856605,Hammer,2023-05-05,153.6792,2023-12-29,158.063,RSI(2) acum > 190,34,0.028525656041936465,0.028459659483538294,8107.103514769662,292970.0874716262
TXN,2024-04-19,150.5781,3.434401716486576,9.646899999999988,0.9442826192870254,1.2346189950369435,Hammer,2024-04-26,151.1251,2024-05-31,195.6579,RSI(2) acum > 190,5,0.2946750738295625,0.29459915662068653,86308.7405979211,379278.82806954725
TXN,2025-04-04,146.7558,3.272488547702565,28.349799999999988,0.9851251155210976,2.2316401380994546,Hammer,2025-04-11,146.2856,2025-07-11,210.2163,RSI(2) acum > 190,13,0.4370266109582899,0.4369433169321887,165723.34901313792,545002.177082685
TXN,2025-07-25,180.8572,8.714470578324736,35.00020000000001,0.950000285712653,2.518835427817,Hammer,2025-08-01,183.6777,2026-01-23,189.0013,RSI(2) acum > 190,25,0.02898337686066399,0.028928146199941513,15765.902642168425,560768.0797248535
TXN,2026-03-06,193.23,6.834984317639595,20.31989999999999,0.8976422128061663,1.5467092577547539,Hammer,2026-03-13,192.75,2026-03-19,188.29,End of data,1,-0.02313878080415055,-0.023190059920624662,-13004.245357388736,547763.8343674648
VRSK,2015-09-04,69.41235,6.643664498334189,2.983940000000004,0.4281151765786149,1.0631454058266927,Hammer,2015-09-11,70.51822,2015-10-16,77.27737,RSI(2) acum > 190,5,0.09584969671667842,0.09570110383502078,9570.110373931966,109570.11037393198
VRSK,2016-01-15,68.69735,7.822473394305263,4.442540000000008,0.6051493064778249,1.3200281411087103,Hammer,2016-01-22,69.31702,2016-07-22,81.48158,RSI(2) acum > 190,26,0.17549167578179214,0.17533476375904794,19211.44939825472,128781.55977218671
VRSK,2017-03-10,76.20963,3.6320627361754703,4.023080000000007,0.9454969824114836,1.6693843106103747,Hammer,2017-03-17,76.36217,2017-11-03,80.95724,RSI(2) acum > 190,33,0.06017469121162988,0.060039805062829986,7732.019736677259,136513.57950886394
VRSK,2018-02-09,88.57439,7.871684412047529,8.303560000000004,0.7347872478792238,2.963960814957059,Hammer,2018-02-16,89.21313,2018-09-07,113.3897,RSI(2) acum > 190,29,0.2709978901087766,0.27087061788898725,36977.517594825855,173491.09710368977
VRSK,2018-10-12,109.4238,4.89263708639119,8.132000000000005,0.7502951303492369,2.297251391578939,Hammer,2018-10-19,109.2332,2019-02-15,116.7264,RSI(2) acum > 190,17,0.06859819175854964,0.0685035088458067,11884.74889322657,185375.84599691632
VRSK,2019-10-25,142.721,4.962722211124444,9.670000000000016,0.8800723888314361,1.7083750713649328,Hammer,2019-11-01,142.7401,2020-01-24,153.2749,RSI(2) acum > 190,12,0.07380406767264414,0.07373142755863414,13668.025746574127,199043.87174349045
VRSK,2020-02-28,148.9069,9.848970522729743,19.622600000000006,0.6868865491830844,3.0246732719426253,Hammer,2020-03-06,148.7245,2020-07-31,174.4956,RSI(2) acum > 190,21,0.17328079771658333,0.17320773619221477,34475.93839314759,233519.81013663803
VRSK,2021-02-26,158.2951,5.589856451953622,27.408200000000022,0.9404302362066828,2.752807249165471,Hammer,2021-03-05,161.4446,2021-04-30,182.8406,RSI(2) acum > 190,8,0.13252843390240354,0.13246239073989644,30932.592304893187,264452.4024415312
VRSK,2021-05-14,169.3506,8.2029790149071,9.783600000000007,0.6290833639968944,1.094890184812198,Hammer,2021-05-21,169.4184,2021-07-23,181.1909,RSI(2) acum > 190,9,0.06948772978613893,0.06942665534985142,18360.045782388348,282812.44822391955
VRSK,2022-01-14,192.5928,6.759902489446787,13.330399999999997,0.9033862449738936,1.3969442697423307,Hammer,2022-01-21,189.1909,2022-08-05,184.9223,RSI(2) acum > 190,28,-0.022562395971476357,-0.022614654968738688,-6395.705931052507,276416.7422928671
VRSK,2022-10-07,166.6558,8.19237162561258,10.953399999999988,0.942008873956945,1.1067363082469943,Hammer,2022-10-14,167.4277,2023-05-26,217.5841,RSI(2) acum > 190,32,0.2995705011775234,0.2995018296903772,82787.31999097986,359204.06228384696
VRSK,2024-04-05,224.5714,5.882040840125441,9.287599999999998,0.8263491106421442,1.1500516884120089,Hammer,2024-04-12,224.1966,2024-05-24,247.655,RSI(2) acum > 190,6,0.1046331657125934,0.10458622953627465,37567.79847081292,396771.86075465987
VRSK,2025-01-10,266.1406,2.799193860862559,12.09680000000003,0.9819787051120943,1.2786287150699933,Hammer,2025-01-17,264.922,2025-03-07,292.8904,RSI(2) acum > 190,7,0.10557220615879381,0.10553246743442525,41872.31343211513,438644.17418677505
VRSK,2025-08-01,270.177,1.56999339010072,30.38239999999996,0.9499578703459899,2.3497940090799476,Hammer,2025-08-08,270.3161,2026-03-19,201.69,End of data,32,-0.25387352066710045,-0.2539058179328214,-111374.30771698582,327269.86646978924
VRTX,2015-09-25,103.28,8.055240844562135,25.78,0.9115593483320403,2.1818741740874255,Hammer,2015-10-02,103.72,2016-08-12,102.69,RSI(2) acum > 190,45,-0.009930582337061344,-0.010026512412629566,-1002.6512402603053,98997.3487597397
VRTX,2016-09-16,92.71,4.867774227449587,9.89,0.5399393326592521,1.3893231981509524,Hammer,2016-09-23,93.21,2018-01-19,158.28,RSI(2) acum > 190,69,0.6981010621177985,0.6979563374993296,69095.8268933959,168093.1756531356
VRTX,2018-05-04,149.39,9.692024454519412,12.009999999999991,0.6994171523730235,1.247592849248555,Hammer,2018-05-11,150.54,2018-07-13,174.37,RSI(2) acum > 190,9,0.15829679819317133,0.15822511541399603,26596.562091425927,194689.73774456154
VRTX,2018-10-26,169.48,7.03408814343554,25.610000000000014,0.3565013666536517,2.368222235678815,Hammer,2018-11-02,173.49,2019-11-08,202.13,RSI(2) acum > 190,53,0.16508156089688164,0.16501916481742976,32127.537889004445,226817.27563356597
VRTX,2020-10-16,218.08,9.089059525024481,67.81990000000002,0.9276038448891841,3.359308094727159,Hammer,2020-10-23,219.0782,2021-12-23,215.92,RSI(2) acum > 190,61,-0.014415856986226938,-0.014461172741679955,-3280.0438004541893,223537.2318331118
VRTX,2022-05-13,246.72,9.106657732125896,17.99000000000001,0.2379099499722067,1.258504486657586,Hammer,2022-05-20,245.85,2023-04-14,320.48,RSI(2) acum > 190,47,0.3035590807402888,0.3035122328201582,67846.28428425884,291383.51611737063
VRTX,2024-08-09,468.45,8.34191752553616,21.680000000000007,0.7084870848708491,1.1072905965324666,Hammer,2024-08-16,466.96,2025-02-14,470.58,RSI(2) acum > 190,26,0.007752270001713191,0.0077307721135416885,2252.619558493275,293636.1356758639
VRTX,2025-05-09,424.99,7.400386864195738,82.21000000000004,0.9806592871913389,2.7153186382239145,Hammer,2025-05-16,425.3,2025-10-31,422.0,RSI(2) acum > 190,24,-0.007759228779684935,-0.007782650098164914,-2285.267297857261,291350.8683780066
WBD,2015-05-08,31.33,6.588513700853895,2.719999999999999,0.9558823529411774,1.6891039939643206,Hammer,2015-05-15,31.35,2017-02-24,28.62,RSI(2) acum > 190,93,-0.08708133971291865,-0.08738638175729543,-8738.638166990906,91261.3618330091
WBD,2017-05-12,26.07,6.402159350643942,1.607099999999999,0.8275776242922027,1.0475301883378445,Hammer,2017-05-19,26.04,2017-12-29,23.63,RSI(2) acum > 190,32,-0.09254992319508448,-0.09291610673833743,-8479.650428682256,82781.71140432685
WBD,2018-03-23,21.08,4.723155598300352,2.1950000000000003,0.977220956719819,1.1314123732699106,Hammer,2018-03-29,21.37,2019-02-22,29.34,RSI(2) acum > 190,47,0.37295273748245195,0.3723976608187133,30827.715654713407,113609.42705904024
WBD,2019-03-15,27.43,2.7698977679562518,2.1700000000000017,0.6866359447004612,1.0355439379520104,Hammer,2019-03-22,27.3,2019-07-05,31.06,RSI(2) acum > 190,15,0.13772893772893768,0.13733748397729348,15602.8328527876,129212.25991182786
WBD,2019-08-02,29.43,8.793554715834262,2.8200000000000003,0.7517730496453904,1.4867304794347656,Hammer,2019-08-09,28.83,2020-12-04,27.27,RSI(2) acum > 190,69,-0.054110301768990565,-0.05444771978498351,-7035.312913428348,122176.94699839952
WBD,2021-05-21,31.47,1.816948993784834,8.340000000000003,0.9868105515587531,1.3114796348968505,Hammer,2021-05-28,31.32,2023-02-10,15.2,RSI(2) acum > 190,89,-0.5146871008939975,-0.514924181963288,-62911.86442501102,59265.08257338849
WBD,2023-05-05,12.89,5.106151486970333,2.0699999999999985,0.39130434782608664,1.3081589729362675,Hammer,2023-05-12,13.0,2024-11-29,10.205,RSI(2) acum > 190,81,-0.21499999999999997,-0.21568627450980388,-12782.664855987401,46482.41771740109
WBD,2025-01-10,9.7,9.16192733494475,1.4799999999999986,0.8445945945945954,1.5381845928151392,Hammer,2025-01-17,9.655,2025-07-03,11.41,RSI(2) acum > 190,24,0.1817711030554119,0.18064182194616984,8396.66861653759,54879.08633393868
WDAY,2015-05-29,78.92,9.57349030173053,15.16000000000001,0.9696569920844322,2.6727765029123014,Hammer,2015-06-05,79.09,2015-10-30,79.91,RSI(2) acum > 190,21,0.010367935263623673,0.01024084961122688,1024.084960098603,101024.08496009861
WDAY,2016-01-08,71.07,3.9086488554386563,7.950000000000003,0.9534591194968566,1.6178503552196575,Hammer,2016-01-15,71.23,2017-02-03,84.11,RSI(2) acum > 190,55,0.18082268707005467,0.1806696146557169,18251.982482435444,119276.06744253405
WDAY,2018-10-26,120.65,4.925319619427029,11.799999999999983,0.8279661016949149,1.1006231151551955,Hammer,2018-11-02,126.0,2019-02-08,186.05,RSI(2) acum > 190,14,0.47658730158730167,0.47648902821316635,56833.737407947396,176109.80485048145
WDAY,2019-08-02,195.83,9.708965799993166,22.110000000000014,0.9574853007688817,1.5463829182001196,Hammer,2019-08-09,190.7,2020-01-31,182.0,RSI(2) acum > 190,25,-0.04562139486103822,-0.04567263574630956,-8043.398960246301,168066.40589023515
WDAY,2020-03-06,158.68,4.995098631640488,22.980000000000018,0.7697998259355955,1.775602276866567,Hammer,2020-03-13,148.75,2021-09-10,276.53,RSI(2) acum > 190,78,0.8590252100840334,0.8589291116265003,144357.12856120136,312423.5344514365
WDAY,2021-12-03,266.99,7.294351188415305,24.94999999999999,0.7146292585170337,1.4697881293236426,Hammer,2021-12-10,266.02,2023-02-17,187.84,RSI(2) acum > 190,62,-0.2938876776182241,-0.2939197443849262,-91827.44529397393,220596.0891574626
WDAY,2023-09-29,214.85,5.6339687914367715,31.189999999999998,0.6088489900609173,2.1396197071512404,Hammer,2023-10-06,214.85,2023-12-08,269.27,RSI(2) acum > 190,9,0.2532929951128693,0.25324055758534825,55863.87656351915,276459.96572098177
WDAY,2024-03-08,264.32,4.787152050992319,16.80000000000001,0.8952380952380958,1.0606767363242475,Hammer,2024-03-15,263.94,2026-03-19,133.38,End of data,105,-0.4946578767901796,-0.49468639299854156,-136760.98311425193,139698.98260672987
WDC,2015-06-26,53.65766,1.8238460907951861,5.1084299999999985,0.9278623765031525,1.5801264987496315,Hammer,2015-07-02,52.93333,2016-09-23,36.73769,RSI(2) acum > 190,64,-0.30596299155938234,-0.3061229925462326,-30612.29922401096,69387.70077598905
WDC,2018-04-27,56.12405,7.279128329142466,6.619969999999995,0.9706509243999603,1.5171151938569407,Hammer,2018-05-04,55.99915,2019-03-08,37.32491,RSI(2) acum > 190,44,-0.3334736330819307,-0.3336224190528737,-23149.29256225314,46238.408213735915
WDC,2019-05-10,33.1125,8.64308690763805,4.079489999999996,0.7097333245087016,1.1214564263420288,Hammer,2019-05-17,31.79117,2019-07-19,40.41561,RSI(2) acum > 190,9,0.27128413329864864,0.2709269701350823,12527.231828689342,58765.64004242526
WDC,2020-02-28,41.26155,6.152409264438887,9.77326,0.7127662622297987,2.3329539658989904,Hammer,2020-03-06,42.59089,2020-12-11,39.07484,RSI(2) acum > 190,40,-0.08255403913841663,-0.08277911319613218,-4864.56756425051,53901.07247817475
WDC,2021-07-16,48.30259,3.2243961848299847,6.188299999999998,0.9665643229966225,1.4770435091473093,Hammer,2021-07-23,47.32074,2022-01-14,49.17534,RSI(2) acum > 190,25,0.039192117452093944,0.03897667527227253,2100.884596708159,56001.95707488291
WDC,2022-01-28,37.5436,5.190011725718762,6.662299999999995,0.8554478183210008,1.5591943026329043,Hammer,2022-02-04,37.25017,2023-02-03,33.03686,RSI(2) acum > 190,52,-0.11310847708882943,-0.113361715971233,-6348.47794540758,49653.47912947532
WDC,2023-10-27,29.32012,3.5574896942907372,5.917440000000003,0.5740624324032015,2.328755441551275,Hammer,2023-11-03,32.46506,2025-06-06,51.20896,RSI(2) acum > 190,83,0.5773560868207235,0.5769592048798186,28648.031809410713,78301.51093888603
WDC,2026-03-06,245.25,9.461653605997014,39.661,0.9715892186278712,1.409618914289928,Hammer,2026-03-13,239.19,2026-03-19,316.93,End of data,1,0.3250135875245621,0.3249649867263113,25445.249437459963,103746.760376346
WMT,2015-04-17,21.17841,2.609668392530608,0.9327499999999986,0.9037898686679183,1.485286057603686,Hammer,2015-04-24,21.3171,2016-07-15,20.77016,RSI(2) acum > 190,64,-0.02565733612921084,-0.02612031647914593,-2612.0316453025616,97387.96835469744
WMT,2016-10-07,19.50153,8.749249888934742,1.249010000000002,0.8795445993226643,1.8747964117535987,Hammer,2016-10-14,19.51573,2017-04-28,21.62296,RSI(2) acum > 190,28,0.10797597630219302,0.10743604363156492,10462.97800688176,107850.94636157919
WMT,2018-05-11,24.75509,9.077393613702696,1.6227000000000018,0.653583533616812,1.312474121594185,Hammer,2018-05-18,24.9065,2018-08-17,26.93545,RSI(2) acum > 190,13,0.0814626703872483,0.08104489894225553,8740.769039960036,116591.71540153922
WMT,2018-12-21,26.16068,5.761014806916435,2.059709999999999,0.8556835671041076,1.5840418732515165,Hammer,2018-12-28,25.98353,2021-08-13,45.81163,RSI(2) acum > 190,137,0.7631026269332921,0.762571026525933,88909.46400926175,205501.17941080095
WMT,2021-10-01,43.18818,3.130944427529897,2.404379999999996,0.8519119273991632,1.6856893341626558,Hammer,2021-10-08,43.20078,2022-12-02,48.89523,RSI(2) acum > 190,60,0.13181359225458422,0.13156688757846743,27037.150541746167,232538.32995254712
WMT,2023-10-06,50.84326,6.660551283541139,3.0555999999999983,0.4936182746432777,2.0281976446821828,Hammer,2023-10-13,50.41093,2024-02-09,55.46939,RSI(2) acum > 190,17,0.10034450862144384,0.10013620694887507,23285.506308388547,255823.83626093567
WMT,2025-04-04,82.62754,9.202462200415482,7.444320000000005,0.9279517806864833,1.6111224489830036,Hammer,2025-04-11,79.69748,2025-12-12,114.3369,RSI(2) acum > 190,35,0.4346363272715774,0.43448359448790047,111151.25982318417,366975.09608411987
XEL,2015-06-05,22.92087,9.390330444796348,1.6012699999999995,0.8628338756112324,1.8811128572484996,Hammer,2015-06-12,22.94921,2015-10-30,26.36571,RSI(2) acum > 190,20,0.14887222697426172,0.14840414895568158,14840.414880727745,114840.41488072774
XEL,2016-04-22,28.71235,6.238679184420249,2.191110000000002,0.7919501987577069,1.9805996862665063,Hammer,2016-04-29,28.63883,2016-07-08,33.18967,RSI(2) acum > 190,10,0.15890453625375067,0.1585276829250838,18205.384858991696,133045.79973971946
XEL,2016-08-26,30.6771,3.9307061048703815,1.1488200000000006,0.9612907156908824,1.1072687038402762,Hammer,2016-09-02,30.77345,2017-03-10,32.89329,RSI(2) acum > 190,27,0.06888535409581964,0.06854926092769452,9120.19123257163,142165.9909722911
XEL,2017-12-22,37.21757,4.050157971609977,2.1134899999999988,0.9525571448173391,2.069373332968476,Hammer,2017-12-29,37.16358,2019-02-22,43.04436,RSI(2) acum > 190,60,0.15824040633329717,0.15795007503649586,22455.128919256043,164621.11989154713
XEL,2019-11-08,49.27147,3.2050084591234906,2.927749999999996,0.8263308001024677,1.7165921038571132,Hammer,2019-11-15,49.29608,2020-01-31,55.4175,RSI(2) acum > 190,11,0.12417660795746821,0.12396117894374711,20406.62808038949,185027.74797193665
XEL,2020-02-28,51.43906,9.460848087872336,8.988620000000004,0.9017457629758517,4.29416521207178,Hammer,2020-03-06,51.35653,2020-08-14,60.40405,RSI(2) acum > 190,23,0.1761707810087636,0.1759589326875583,32557.28501816721,217585.03299010388
XEL,2020-12-04,55.33054,7.418354169041578,3.172559999999997,0.9098141563910542,1.0002259129041031,Hammer,2020-12-11,55.35578,2021-04-09,57.16148,RSI(2) acum > 190,17,0.032619899855082846,0.03243632044201669,7057.657846396125,224642.6908365
XEL,2021-06-18,57.21358,1.4241181776581726,2.6287300000000045,0.9542516728610387,1.1513289426030668,Hammer,2021-06-25,57.35104,2022-01-07,58.92062,RSI(2) acum > 190,28,0.02736794310966295,0.0271912077612053,6108.306072463176,230750.99690896316
XEL,2022-06-17,56.44977,3.368477506677138,5.817500000000003,0.9483781693167163,2.063497992369109,Hammer,2022-06-24,56.5116,2022-12-02,61.58397,RSI(2) acum > 190,23,0.08975803197927501,0.08957315195889341,20669.09409012361,251420.09099908677
XEL,2023-03-03,58.27359,3.3061743970212234,3.4239099999999993,0.4248388538250137,1.2241053851615782,Hammer,2023-03-10,57.93344,2024-08-09,58.51012,RSI(2) acum > 190,74,0.009954181902541936,0.009780725887683622,2459.070990259469,253879.16198934623
XEL,2025-01-10,60.91746,5.730530725746377,3.7875099999999975,0.7994935986967694,1.551805591835847,Hammer,2025-01-17,61.35004,2025-08-01,70.49283,RSI(2) acum > 190,28,0.1490266347014606,0.14885150429369778,37790.29513314727,291669.45712249354
XEL,2025-12-19,71.58473,6.146871800064218,3.5659399999999977,0.9337033152548858,1.1772796285359162,Hammer,2025-12-26,71.62414,2026-02-27,81.35914,RSI(2) acum > 190,9,0.13591786232965597,0.13576876673376229,39599.6024478273,331269.0595703208
ZS,2019-08-23,71.28,6.439820135420405,10.579999999999998,0.8667296786389417,1.408066580395425,Hammer,2019-08-30,72.1,2020-05-29,79.0,RSI(2) acum > 190,39,0.09570041608876578,0.09555509326676379,9555.509317120868,109555.50931712087
ZS,2021-03-05,175.37,5.781450905942307,46.43000000000001,0.788929571397803,2.18859042010179,Hammer,2021-03-12,175.76,2021-09-10,293.44,RSI(2) acum > 190,26,0.6695493855257169,0.669473444656217,73344.50413025469,182900.0134473756
ZS,2022-01-07,261.53,7.125109898644354,71.20000000000002,0.8710674157303374,2.2525424577162276,Hammer,2022-01-14,254.5,2023-06-09,142.275,RSI(2) acum > 190,73,-0.4409626719056974,-0.44099330072100745,-80657.68055141713,102242.33289595848
ZS,2024-03-01,219.23,7.892598500217602,36.55000000000001,0.8842681258549935,1.8384935981211539,Hammer,2024-03-08,220.12,2025-02-21,213.26,RSI(2) acum > 190,50,-0.031164819189533066,-0.031209540034071732,-3190.9361785023693,99051.3967174561
ZS,2025-04-04,174.67,9.762591359555245,35.31,0.9484565278957804,2.0801545696849004,Hammer,2025-04-11,166.88,2025-05-23,248.48,RSI(2) acum > 190,6,0.488974113135187,0.4888995416005033,48426.18240162771,147477.57911908382
ZS,2025-08-01,280.27,5.07019791431739,19.33359999999999,0.6912163280506477,1.0963899927513499,Hammer,2025-08-08,281.94,2025-10-10,307.4,RSI(2) acum > 190,9,0.0903029013265233,0.09026583198850821,13312.186365522957,160789.7654846068
ZS,2025-11-21,275.01,6.496359202835521,35.710000000000036,0.8342201064127692,1.5729456220198792,Hammer,2025-11-28,279.0,2026-03-19,155.4,End of data,16,-0.443010752688172,-0.44303865522123254,-71236.08140240145,89553.68408220533
