ticker,signal_date,signal_close,rsi_at_signal,signal_range,signal_body_percentile,signal_atr_mult,pattern,entry_date,entry_price,exit_date,exit_price,exit_reason,bars_held,gross_return,net_return,pnl,equity_after
A,2011-08-12,22.911645889282227,1.3851431906370522,3.2649574279785156,0.28875940688570595,1.4114268990151186,Hammer,2011-08-19,23.234346389770508,2011-09-30,20.27310562133789,Time stop (5 bars),6,-0.12745100373197393,-0.1278538870499602,-12785.388692210632,87214.61130778937
A,2025-03-07,125.4020767211914,4.6947765680286295,7.967529296875,0.34782537919411677,1.0257699282778592,Hammer,2025-03-14,123.92733764648438,2025-04-25,101.02080535888672,Time stop (5 bars),6,-0.1848384119486285,-0.184911643908201,-16126.997133611112,71087.61417417825
A,2026-02-27,121.1036605834961,1.7807091888852682,11.309196472167969,0.39214838371497635,1.3851228389300836,Hammer,2026-03-06,118.57942199707031,2026-04-17,114.94000244140625,Time stop (5 bars),6,-0.03069183079467175,-0.030774864811115212,-2187.7117137673413,68899.90246041091
AAPL,2008-07-25,4.853126525878906,9.292470115599443,0.6537890434265137,0.28617273055477555,1.5624758997147503,Hammer,2008-08-01,4.859712600708008,2008-09-12,4.926468849182129,Time stop (5 bars),6,0.013736665922259528,0.011666927346511964,1166.6927334845036,101166.69273348451
AAPL,2008-09-19,4.218197345733643,2.658660505627992,0.8085553646087646,0.2510179643543663,1.8737880112252343,Hammer,2008-09-26,4.189159870147705,2008-11-07,3.1710567474365234,Time stop (5 bars),6,-0.2430327689249263,-0.24512730905390478,-24798.719130843565,76367.97360264094
ABBV,2015-08-28,41.15253448486328,4.340900047664363,7.236110687255859,0.3511112587201349,3.0952910889378944,Hammer,2015-09-04,41.25544738769531,2015-10-16,35.89107894897461,Time stop (5 bars),6,-0.130028124245252,-0.1302547301104506,-13025.472998019592,86974.5270019804
ABT,1993-01-22,3.003448009490967,4.448726859021036,0.18855738639831543,0.3571422249253035,1.038548392603052,Hammer,1993-01-29,3.016916275024414,1993-03-12,2.7340803146362305,Time stop (5 bars),6,-0.09375001975681108,-0.09690406144221105,-9690.406134530698,90309.59386546932
ABT,1997-10-31,7.350193977355957,6.575659766030313,0.6968073844909668,0.3225808879834614,1.810851086169487,Hammer,1997-11-07,7.492552280426025,1997-11-28,7.837209701538086,RSI > 90,3,0.046000002163810505,0.04463555685843702,4031.019007813493,94340.61287328282
ABT,2002-03-22,13.789704322814941,6.444713429407074,0.744694709777832,0.2068951386212028,1.1327314971657356,Hammer,2002-03-28,13.751184463500977,2002-05-10,13.862229347229004,Time stop (5 bars),6,0.00807529591525502,0.007345415001967083,692.9709524012096,95033.58382568404
ABT,2010-04-30,17.326465606689453,0.9520139205720568,0.7992668151855469,0.2923712432525307,1.4009702865232283,Hammer,2010-05-07,17.424680709838867,2010-06-18,16.066604614257812,Time stop (5 bars),6,-0.07793979804830597,-0.07849117366841898,-7459.29752493472,87574.28630074933
ABT,2011-08-12,17.58615493774414,2.713515141999892,1.3606853485107422,0.2161465451624705,2.1669901441187376,Hammer,2011-08-19,17.72080421447754,2011-09-30,18.124759674072266,Time stop (5 bars),6,0.022795548932519782,0.022224969588288766,1946.3358478039117,89520.62214855324
ABT,2021-06-04,99.4908218383789,0.5071309860538946,5.40740966796875,0.33838393814549356,1.132521062166492,Hammer,2021-06-11,100.11895751953125,2021-07-09,107.41986083984375,RSI > 90,4,0.07292228665972922,0.07281876886348862,6518.781486232418,96039.40363478566
ABT,2022-01-28,115.39311981201172,5.9951370370431505,6.011299133300781,0.2327718923282139,1.2084166150581157,Hammer,2022-02-04,115.54961395263672,2022-03-18,105.773193359375,Time stop (5 bars),6,-0.08460799009911912,-0.08469086831334101,-8133.660477991776,87905.74315679389
ABT,2022-05-13,101.55510711669922,7.967729181413617,6.072235107421875,0.20091343133559492,1.0163999306476215,Hammer,2022-05-20,101.11148071289062,2022-07-01,101.57359313964844,Time stop (5 bars),6,0.004570325975840506,0.004471204135768297,393.04452196739805,88298.78767876128
ACGL,1997-10-31,2.403657913208008,7.785631027921269,0.198103666305542,0.3333333333333333,2.0534777683881376,Hammer,1997-11-07,2.350830316543579,1997-12-19,2.324416399002075,Time stop (5 bars),6,-0.011235994940009264,-0.01545693562299064,-1545.69356075337,98454.30643924663
ACGL,2010-05-07,7.710723400115967,9.118315556484916,1.1051549911499023,0.3040150529970082,3.660483058296969,Hammer,2010-05-14,7.947391033172607,2010-06-25,8.253791809082031,Time stop (5 bars),6,0.038553630321007226,0.03727190660934778,3669.579711222129,102123.88615046875
ACGL,2016-01-22,20.701040267944336,1.5468532276754985,2.2599658966064453,0.2538567424525666,2.543982675600739,Hammer,2016-01-29,20.789791107177734,2016-03-11,21.873815536499023,Time stop (5 bars),6,0.052142151103530265,0.0516487241341206,5274.568418015331,107398.45456848409
ACN,2002-06-28,13.007673263549805,4.518712393253807,1.5746126174926758,0.3478254813000537,1.0085579011353258,Hammer,2002-07-05,13.007673263549805,2002-08-16,11.241368293762207,Time stop (5 bars),6,-0.13578946318840512,-0.13650576893859762,-13650.576880209184,86349.42311979081
ACN,2011-08-12,41.123878479003906,5.251809468462184,3.0649032592773438,0.2629000580001643,1.3280035026971153,Hammer,2011-08-19,41.357322692871094,2011-09-30,38.32254409790039,Time stop (5 bars),6,-0.07337947423501423,-0.07361236982698459,-6356.38566268443,79993.03745710637
ACN,2015-09-04,78.14715576171875,3.489495438988911,3.5246963500976562,0.3497659035171833,1.1326456436878667,Hammer,2015-09-11,79.65300750732422,2015-10-16,86.6196517944336,RSI > 90,5,0.08746241360024953,0.08733138707329252,6985.902910349041,86978.9403674554
ACN,2019-10-04,169.43028259277344,8.859480719252758,9.394424438476562,0.35425623667109,1.459733622988812,Hammer,2019-10-11,168.22413635253906,2019-11-22,177.14794921875,RSI > 90,6,0.053047161125022724,0.05298614175567809,4608.678459459985,91587.61882691538
ACN,2020-03-13,149.9819793701172,1.2166865990884048,24.9144287109375,0.3376719141201084,2.554858567943666,Hammer,2020-03-20,133.57052612304688,2020-05-01,159.45339965820312,Time stop (5 bars),6,0.1937768330066516,0.1936947155373561,17740.037757683138,109327.65658459852
ACN,2022-03-11,288.31597900390625,6.2432809796764985,19.76519775390625,0.3342710594658358,1.0610444975048916,Hammer,2022-03-18,285.993408203125,2022-04-08,316.4554443359375,RSI > 90,3,0.10651307078790095,0.10647624343134296,11640.798164639178,120968.45474923769
ACN,2026-02-27,206.96487426757812,1.4296174109441324,25.077346801757812,0.20956890577187645,1.3066710387690026,Hammer,2026-03-06,203.51414489746094,2026-04-17,180.97999572753906,Time stop (5 bars),6,-0.1107252234544952,-0.11077163861552333,-13399.87393996097,107568.58080927673
ADBE,2005-07-08,27.93000030517578,4.633159349609969,2.440000534057617,0.31147543546557666,1.262085260432839,Hammer,2005-07-15,27.75,2005-08-26,26.200000762939453,Time stop (5 bars),6,-0.055855828362542215,-0.05620606150461342,-5620.606144840736,94379.39385515926
ADBE,2016-02-12,76.66999816894531,2.0643046582830067,7.060005187988281,0.23512782468399093,1.311952719044871,Hammer,2016-02-19,77.12999725341797,2016-03-24,92.69000244140625,RSI > 90,5,0.20173740103820315,0.2015946812949325,19026.383806013357,113405.77766117263
ADBE,2019-10-04,276.9599914550781,5.244038774343537,15.799896240234375,0.17024864263488182,1.083959614761189,Hammer,2019-10-11,276.32000732421875,2019-11-15,291.95001220703125,RSI > 90,5,0.056564868516643774,0.05652765572710249,6410.562750684534,119816.34041185716
ADBE,2021-10-08,576.8599853515625,1.7112043318693821,34.0050048828125,0.3398009110848659,1.2809672321333918,Hammer,2021-10-15,574.5,2021-11-12,666.5599975585938,RSI > 90,4,0.1602436859157419,0.16022488500290463,19197.55934476113,139013.89975661828
ADI,1993-10-22,2.245789051055908,5.389376883677386,0.35526609420776367,0.32142871523541466,1.6644773224659408,Hammer,1993-10-29,2.258477210998535,1993-12-10,2.3346056938171387,Time stop (5 bars),6,0.033707881774439175,0.0292154400748001,2921.5440045584664,102921.54400455847
ADI,1997-10-31,9.306702613830566,8.383516369178295,1.7319221496582031,0.19780215544488813,1.9877130694687586,Hammer,1997-11-07,9.382830619812012,1997-12-19,7.8412299156188965,Time stop (5 bars),6,-0.16430017407945086,-0.16527787590443188,-17010.654160867285,85910.88984369118
ADI,2020-03-13,89.55719757080078,8.299326276914556,14.682388305664062,0.24449842812232067,1.9807486647066688,Hammer,2020-03-20,80.62750244140625,2020-05-01,95.6778564453125,RSI > 90,6,0.18666526369018643,0.18652966915960129,16024.929843725735,101935.81968741692
ADM,1990-08-24,4.359854698181152,1.254952939920102,0.3963503837585449,0.2499990976976854,1.3583093552191339,Hammer,1990-08-31,4.558029651641846,1990-09-14,4.929608345031738,RSI > 90,2,0.08152178063520199,0.07924092565556544,7924.092557632452,107924.09255763245
ADM,1992-04-24,4.998600482940674,2.7147363821208472,0.4187307357788086,0.24999943061600516,1.0780158343166353,Hammer,1992-05-01,5.129453659057617,1992-06-12,5.449207782745361,Time stop (5 bars),6,0.06233687736375604,0.060328545986837616,6510.903574439944,114434.99613207241
ADM,1993-04-16,5.406792163848877,4.951089984603172,0.3861994743347168,0.35714312171957935,1.1961107352882714,Hammer,1993-04-23,5.461963653564453,1993-06-04,5.2741379737854,Time stop (5 bars),6,-0.03438794025230807,-0.03618565849620574,-4140.905685908891,110294.09044616351
ADM,1997-10-31,9.706804275512695,2.0357356721071227,1.3087825775146484,0.2500003643364195,2.313397664716074,Hammer,1997-11-07,9.65227222442627,1997-12-19,9.01780891418457,Time stop (5 bars),6,-0.06573201578754806,-0.06673347248218275,-7360.307642376121,102933.78280378738
ADM,2008-07-18,18.591108322143555,2.486946852876372,2.2244720458984375,0.22346398414081203,1.1683044930246915,Hammer,2008-07-25,18.70295524597168,2008-09-05,15.938474655151367,Time stop (5 bars),6,-0.14780982761618588,-0.1483048550384859,-15265.579722013103,87668.20308177429
ADM,2011-08-12,18.00413703918457,8.747631561783066,1.2803535461425781,0.3402068305937665,1.0178026235933095,Hammer,2011-08-19,18.103134155273438,2011-09-30,16.945016860961914,Time stop (5 bars),6,-0.06397330342791296,-0.06450787719458898,-5655.289672614092,82012.9134091602
ADM,2018-12-28,32.687583923339844,4.283209704303459,1.867635726928711,0.33905751655213195,1.112479862388436,Hammer,2019-01-04,32.735679626464844,2019-02-15,33.52922439575195,Time stop (5 bars),6,0.024240974323489484,0.023931841923457108,1962.7200774274775,83975.63348658769
ADM,2019-08-09,31.273719787597656,5.622169351962853,2.5191822052001953,0.3818767286226214,1.6852409620246531,Hammer,2019-08-16,31.00467872619629,2019-09-20,34.09498596191406,RSI > 90,5,0.09967228697992381,0.0993337358608492,8341.613387162572,92317.24687375025
ADP,1998-05-29,14.105761528015137,4.549707796747526,0.6789608001708984,0.3469397788022058,1.0269047918397567,Hammer,1998-06-05,14.105761528015137,1998-06-26,15.285734176635742,RSI > 90,3,0.08365182172384578,0.08291350160639975,8291.350152348623,108291.35015234863
ADP,2000-02-04,21.542682647705078,3.472977579353909,2.244029998779297,0.2499995750171268,1.5937065206309835,Hammer,2000-02-11,21.542682647705078,2000-03-24,24.05950927734375,RSI > 90,6,0.11682976864103733,0.11633857202299482,12598.4610265679,120889.81117891654
ADP,2002-07-05,19.663576126098633,1.4917176734602435,2.0568599700927734,0.16222283836878598,1.3702278252889315,Hammer,2002-07-12,19.663576126098633,2002-08-23,17.7484130859375,Time stop (5 bars),6,-0.0973964770131115,-0.09788014281352043,-11832.711971059158,109057.09920785739
ADP,2011-08-12,29.26028060913086,2.314869876850622,2.110799789428711,0.25219962283143893,1.6446270284637157,Hammer,2011-08-19,29.309799194335938,2011-09-30,29.537473678588867,Time stop (5 bars),6,0.0077678623024113325,0.007425412768817009,809.7939761783737,109866.89318403577
ADP,2025-09-19,285.5804443359375,9.614261980612312,12.381683349609375,0.23143622619373316,1.1763080283064773,Hammer,2025-09-26,283.09625244140625,2025-11-07,254.5773468017578,Time stop (5 bars),6,-0.10073925526637317,-0.10077279910852079,-11071.594344440553,98795.29883959523
ADSK,1998-08-28,6.148478984832764,6.759586553998375,1.3729615211486816,0.39130430252536286,1.2663390045568754,Hammer,1998-09-04,6.476795673370361,1998-10-16,5.760096549987793,Time stop (5 bars),6,-0.11065643560894001,-0.11211385856671165,-11211.38584545978,88788.61415454022
ADSK,1999-04-23,6.452834129333496,4.024883740571909,1.5456790924072266,0.36893202086426014,1.3893236080115514,Hammer,1999-04-30,6.542873382568359,1999-06-11,6.032649517059326,Time stop (5 bars),6,-0.07798161995131692,-0.07944928606804834,-7054.19199849544,81734.42215604478
ADSK,2001-04-06,7.236032009124756,3.9434412634602722,1.4646239280700684,0.16676916685739623,1.3339987129973478,Hammer,2001-04-12,7.234810829162598,2001-04-27,8.861543655395508,RSI > 90,2,0.22484801118444708,0.2233114737916311,18252.234252921473,99986.65640896626
ADSK,2013-03-01,37.36000061035156,7.961609029266356,2.479999542236328,0.35887078787356735,1.224979637357678,Hammer,2013-03-08,37.34000015258789,2013-03-28,41.0,RSI > 90,3,0.09801820654675186,0.09773730974691607,9772.426798229179,109759.08320719542
ADSK,2016-01-22,49.029998779296875,3.510911974637807,4.770000457763672,0.1802936117022425,1.204963852663097,Hammer,2016-01-29,48.810001373291016,2016-03-11,55.869998931884766,RSI > 90,6,0.14464243720462178,0.14442276677781957,15851.710459928367,125610.79366712378
ADSK,2020-03-13,158.02999877929688,1.785868399573431,30.800003051757812,0.2818179160954942,2.3600094065342647,Hammer,2020-03-20,140.98919677734375,2020-04-24,178.19000244140625,RSI > 90,5,0.26385571741933966,0.2637754355435902,33133.04177538857,158743.83544251235
AEE,2001-07-27,13.357466697692871,2.1564848938350565,0.7202720642089844,0.17535418266557212,1.0810586531732782,Hammer,2001-08-03,13.449633598327637,2001-09-10,14.276065826416016,RSI > 90,6,0.061446449231980615,0.0606803761783493,6068.037611766893,106068.0376117669
AEE,2001-09-28,13.312310218811035,7.335056251368769,0.8736200332641602,0.25793591446820446,1.4309274267390957,Hammer,2001-10-05,13.381644248962402,2001-11-16,14.66434097290039,RSI > 90,6,0.095854941296728,0.09507212564019815,10084.113788151051,116152.15139991793
AEE,2002-10-11,15.092361450195312,7.321101151424386,1.3030967712402344,0.36440680446956814,1.506927207976009,Hammer,2002-10-18,15.096041679382324,2002-11-29,15.140214920043945,Time stop (5 bars),6,0.0029261472377855036,0.002262972408603998,262.8491135551594,116415.0005134731
AEE,2004-05-14,16.88258934020996,4.672620068741068,0.6796474456787109,0.15384572209546743,1.3740424921840828,Hammer,2004-05-21,16.88258934020996,2004-07-02,17.883092880249023,Time stop (5 bars),6,0.059262446054772155,0.05865274907417593,6828.059806758742,123243.06032023185
AEE,2005-08-19,23.326169967651367,9.83673931146015,0.759796142578125,0.3446323854279632,1.197499796851718,Hammer,2005-08-26,23.326169967651367,2005-09-23,24.441072463989258,RSI > 90,4,0.04779620905978277,0.04735735489775423,5836.465340434086,129079.52566066594
AEE,2011-08-12,16.434043884277344,7.816074376690565,1.5354442596435547,0.3398433569560816,2.29060985240303,Hammer,2011-08-19,16.54200553894043,2011-09-23,18.243160247802734,RSI > 90,5,0.10283848018656072,0.10220306658400947,13192.323342537078,142271.849003203
AEE,2014-08-08,26.37967300415039,6.479496365898541,1.3698348999023438,0.25252580104373784,1.3656945106570042,Hammer,2014-08-15,26.441938400268555,2014-09-12,27.86711883544922,RSI > 90,4,0.05389848556511989,0.05351018003529259,7612.9922465023665,149884.84124970538
AEE,2016-08-19,37.839351654052734,6.856031531014224,1.503997802734375,0.3880597772051214,1.140911717280178,Hammer,2016-08-26,37.93662643432617,2016-10-07,36.958438873291016,Time stop (5 bars),6,-0.025784779854596263,-0.026044944666397726,-3903.742392776642,145981.09885692873
AEE,2023-10-06,67.99415588378906,7.67166148838831,4.493125915527344,0.12270025113639643,1.363836100443994,Hammer,2023-10-13,67.99415588378906,2023-11-24,70.54853057861328,Time stop (5 bars),6,0.03756756241212811,0.037417739408009236,5462.28271006111,151443.38156698985
AEP,2004-04-23,12.840553283691406,3.30453208304381,0.4965963363647461,0.28571456006022444,1.0200442276927741,Hammer,2004-04-30,12.903149604797363,2004-06-04,13.413823127746582,RSI > 90,5,0.03957743175816164,0.03878739697618169,3878.7396937394296,103878.73969373944
AEP,2011-08-12,20.7450008392334,8.136551566638843,1.827371597290039,0.31428634054540955,2.326024105627744,Hammer,2011-08-19,20.890031814575195,2011-09-09,21.60357666015625,RSI > 90,3,0.03415719286187047,0.03367043667721544,3497.642523469357,107376.3822172088
AEP,2012-11-16,25.528854370117188,8.522033033111882,0.7070846557617188,0.30434618414095965,1.0394221313224072,Hammer,2012-11-23,25.633378982543945,2013-01-04,25.89776611328125,Time stop (5 bars),6,0.010314173988429376,0.009922122257046999,1065.4015908131514,108441.78380802194
AEP,2021-06-11,70.75617218017578,2.839374344068105,3.6396484375,0.35321220150254895,1.3704279503319075,Hammer,2021-06-18,70.73113250732422,2021-07-23,73.1195297241211,RSI > 90,5,0.03376726954781262,0.033623512234721174,3646.193640977821,112087.97744899975
AES,2007-01-12,13.205652236938477,1.0480387394621573,0.9144315719604492,0.2965518104481301,1.5525612602406043,Hammer,2007-01-19,12.839879989624023,2007-02-16,14.302969932556152,RSI > 90,4,0.11394887990498814,0.11312600383233803,11312.600371921202,111312.60037192122
AES,2008-09-19,8.33078670501709,2.0941227419648953,1.87931489944458,0.2248320248938841,2.0338516344723527,Hammer,2008-09-26,8.387544631958008,2008-11-07,4.919011116027832,Time stop (5 bars),6,-0.413533837151156,-0.4144790011225264,-46136.735368368136,65175.86500355308
AES,2011-08-12,6.6280517578125,2.763042548194832,0.9838018417358398,0.21794878008823265,1.9377304813387666,Hammer,2011-08-19,6.684809684753418,2011-09-23,6.855082988739014,RSI > 90,5,0.025471675637071867,0.023957827133837754,1561.4721054919987,66737.33710904508
AES,2014-10-17,8.610929489135742,9.977154871110884,0.7386350631713867,0.2719301756583152,1.7741691161904212,Hammer,2014-10-24,8.617408752441406,2014-12-05,8.974835395812988,Time stop (5 bars),6,0.04147727624853803,0.04029345550026381,2689.0779203203347,69426.41502936542
AES,2019-08-16,11.840527534484863,2.0896101248198136,0.6971893310546875,0.3575430609966952,1.126612199742301,Hammer,2019-08-23,11.840527534484863,2019-09-27,12.526032447814941,RSI > 90,5,0.05789479491801219,0.057026157033828774,3959.121641801242,73385.53667116666
AES,2020-03-20,9.386638641357422,1.3066526496945698,3.629711627960205,0.2505446293951819,2.841986897145072,Hammer,2020-03-27,9.473625183105469,2020-05-08,10.280299186706543,Time stop (5 bars),6,0.08514945314066624,0.08404953125702791,6168.019952088969,79553.55662325563
AES,2021-05-14,20.854755401611328,5.6373107848506265,1.6687088012695312,0.3866992652740249,1.1189508673479185,Hammer,2021-05-21,20.66568946838379,2021-07-02,21.55347442626953,Time stop (5 bars),6,0.0429593679535325,0.042465199780990996,3378.257671916672,82931.8142951723
AES,2022-02-25,17.692617416381836,0.6985979796317991,1.3208694458007812,0.14593886639442266,1.2140982407215632,Hammer,2022-03-04,17.60042381286621,2022-03-25,19.80466651916504,RSI > 90,3,0.125238047091087,0.12463447228661752,10336.1629001144,93267.97719528669
AFL,1995-07-21,1.9828674793243408,4.502905610379202,0.08852088451385498,0.3999989226561374,1.1380956860047724,Hammer,1995-07-28,1.9946701526641846,1995-09-08,1.9357110261917114,Time stop (5 bars),6,-0.02955833393993701,-0.03448525067026584,-3448.5250635780585,96551.47493642193
AFL,1998-09-04,4.134618282318115,1.4151410716097246,0.6037275791168213,0.2424239312823506,1.6485156991982135,Hammer,1998-09-11,4.427334308624268,1998-10-23,5.232304096221924,Time stop (5 bars),6,0.18181816223581926,0.17935691043223764,17317.174224955095,113868.64916137702
AFL,2008-07-18,19.39594078063965,3.9487390350034133,1.4030818939208984,0.2906178334164833,1.4980545954570548,Hammer,2008-07-25,19.386308670043945,2008-09-05,18.5517520904541,Time stop (5 bars),6,-0.04304876156642523,-0.04355335650422249,-4959.361866620327,108909.28729475668
AIG,1993-10-29,162.07080078125,7.565881727029989,8.328643798828125,0.18919032805326239,1.3134929497419485,Hammer,1993-11-05,162.07080078125,1993-12-17,159.10336303710938,Time stop (5 bars),6,-0.01830951491469357,-0.01837064959598253,-1837.0649577611875,98162.93504223882
AIG,2002-06-14,753.9970092773438,5.3163120716483405,51.70135498046875,0.3981902428946669,1.1521231650481216,Hammer,2002-06-21,769.7880859375,2002-08-02,687.791259765625,Time stop (5 bars),6,-0.10651869997703811,-0.10653798914459313,-10458.081698558773,87704.85334368005
AIG,2007-10-26,753.5656127929688,8.114028768454261,71.90093994140625,0.37773986120837844,1.939666732435746,Hammer,2007-11-02,753.6868286132812,2007-12-14,751.6595458984375,Time stop (5 bars),6,-0.0026898210740577966,-0.0027125941602043264,-237.90767279466672,87466.94567088538
AIG,2017-09-08,47.46649932861328,1.5324981402752655,2.2073745727539062,0.32374146720815694,1.45887996936653,Hammer,2017-09-15,47.927032470703125,2017-10-13,49.6815299987793,RSI > 90,4,0.03660768125271807,0.03639523379573864,3183.379933907663,90650.32560479305
AIZ,2008-09-19,38.351985931396484,0.6807292931851094,15.112836837768555,0.25558671891475954,4.455941426852071,Hammer,2008-09-26,37.9931640625,2008-11-07,17.856786727905273,Time stop (5 bars),6,-0.5300000100404832,-0.5301934404372179,-53019.343990702444,46980.65600929756
AIZ,2009-02-06,18.192768096923828,9.088957468966115,4.216350555419922,0.39057270890652324,1.082558877431299,Hammer,2009-02-13,18.29924201965332,2009-03-27,15.802087783813477,Time stop (5 bars),6,-0.13646216784049903,-0.13697121318369293,-6434.997443324244,40545.658565973325
AIZ,2020-03-20,81.5361099243164,1.2296316499330828,21.384765625,0.3810718301899717,2.609911059397229,Hammer,2020-03-27,82.02863311767578,2020-05-08,91.45834350585938,Time stop (5 bars),6,0.11495632719682192,0.11482741931801534,4655.753333024346,45201.41189899767
AJG,1992-06-26,2.03422474861145,9.397107610376636,0.10124087333679199,0.3071414273434832,1.2585361365326684,Hammer,1992-07-02,2.0459158420562744,1992-07-24,2.326498508453369,RSI > 90,3,0.13714281918609683,0.13193260340014987,13193.260326821724,113193.26032682174
AJG,1994-01-28,2.964510679244995,3.3621968158154374,0.15730047225952148,0.23076969713504486,1.0397088534759458,Hammer,1994-02-04,2.9524106979370117,1994-03-18,2.8072102069854736,Time stop (5 bars),6,-0.049180315954347575,-0.052478504612092046,-5940.213028178638,107253.04729864308
AJG,1996-05-03,3.432417631149292,2.8634122757832614,0.12903809547424316,0.09999907616979999,1.0903930381152585,Hammer,1996-05-10,3.4453213214874268,1996-06-21,3.3808021545410156,Time stop (5 bars),6,-0.01872660368251422,-0.021597746993107788,-2316.424177479492,104936.62312116359
AJG,2006-06-30,14.157954216003418,6.430407469401672,0.48319053649902344,0.31777397949717956,1.1133748337211178,Hammer,2006-07-07,14.152366638183594,2006-08-04,15.2027587890625,RSI > 90,4,0.07422024723730036,0.07348768859830762,7711.549874774488,112648.17299593808
AJG,2007-11-09,15.317749977111816,0.992114747047097,1.4091386795043945,0.3263600365189508,1.6803527453414027,Hammer,2007-11-16,15.335437774658203,2007-12-28,14.851967811584473,Time stop (5 bars),6,-0.0315263228985001,-0.032167919216029406,-3623.6573251429836,109024.5156707951
AJG,2014-10-17,35.86444854736328,7.632720950597474,1.3262290954589844,0.23636395014712525,1.290802468277583,Hammer,2014-10-24,35.735843658447266,2014-11-07,38.500831604003906,RSI > 90,2,0.07737295842190228,0.07708234231637977,8403.865029409873,117428.38070020496
AJG,2015-08-28,36.08625411987305,1.3849409267349984,3.57818603515625,0.3747132196162047,2.6829457931844347,Hammer,2015-09-04,36.020450592041016,2015-10-16,35.27589797973633,Time stop (5 bars),6,-0.02067027480409145,-0.02094498749923724,-2459.535963361928,114968.84473684304
AJG,2016-01-22,31.50874900817871,8.896765045487541,1.7818126678466797,0.2078340111091724,1.295702246673837,Hammer,2016-01-29,31.45016860961914,2016-02-26,33.20762634277344,RSI > 90,4,0.055880709415871754,0.055553914043236736,6386.969311773839,121355.81404861688
AKAM,2006-05-26,31.670000076293945,9.533003266306068,5.340002059936523,0.3876405999359217,1.8945969205408457,Hammer,2006-06-02,31.200000762939453,2006-07-07,36.11000061035156,RSI > 90,5,0.15737178613291558,0.15702610888033003,15702.610872330391,115702.61087233039
ALB,1997-03-21,5.976619720458984,8.281074902720917,0.3538789749145508,0.33333288418057017,1.0788776472718757,Hammer,1997-03-27,5.897979736328125,1997-05-09,5.819340229034424,Time stop (5 bars),6,-0.013333295604480933,-0.01501606159143582,-1501.6061576419756,98498.39384235801
ALB,1999-04-01,6.7876434326171875,9.898900522392822,0.7722468376159668,0.1842102500804251,1.3417649250552188,Hammer,1999-04-09,6.8282880783081055,1999-05-21,7.478600978851318,Time stop (5 bars),6,0.09523805865911061,0.09370494748726468,9229.786813348284,107728.18065570631
ALB,1999-07-23,6.2854533195495605,5.127984864049978,0.7346634864807129,0.3333333333333333,1.149748629111599,Hammer,1999-07-30,6.244638442993164,1999-09-10,5.816084861755371,Time stop (5 bars),6,-0.06862744499141571,-0.07017263242315744,-7559.570015208808,100168.6106404975
ALB,2002-07-26,9.736113548278809,9.34858467842372,1.14111328125,0.3577979581193838,1.736380142774902,Hammer,2002-08-02,9.701217651367188,2002-09-13,10.207216262817383,Time stop (5 bars),6,0.05215825782229366,0.05110112190615583,5118.728378391592,105287.33901888909
ALB,2007-08-10,28.636974334716797,9.524891306034903,4.837379455566406,0.2480375998548999,2.593899384583808,Hammer,2007-08-17,28.857200622558594,2007-09-28,32.23106002807617,Time stop (5 bars),6,0.11691568595465651,0.11654895790892675,12271.129631384276,117558.46865027337
ALB,2012-03-09,51.081382751464844,9.93426891978045,4.739513397216797,0.3777783143584976,1.2974549954344876,Hammer,2012-03-16,51.03277587890625,2012-04-27,50.93586349487305,Time stop (5 bars),6,-0.0018990223902999315,-0.0020947696523232425,-246.2579122559281,117312.21073801743
ALB,2014-10-17,46.05268096923828,1.3748250075413893,3.703449249267578,0.2619595256464267,1.3979618240888765,Hammer,2014-10-24,45.993629455566406,2014-11-14,51.55302047729492,RSI > 90,3,0.12087306628191508,0.120642529732089,14152.84185774552,131465.05259576294
ALGN,2011-08-12,18.56999969482422,4.191529969481479,2.530000686645508,0.2924907026203043,1.4076867997487688,Hammer,2011-08-19,18.81999969482422,2011-09-30,15.0600004196167,Time stop (5 bars),6,-0.19978742487661016,-0.2002655689946199,-20026.556879435433,79973.44312056457
ALGN,2018-11-23,218.8699951171875,8.168761515597012,35.37998962402344,0.14358403959523225,1.12049075783329,Hammer,2018-11-30,221.9199981689453,2019-01-11,187.41000366210938,Time stop (5 bars),6,-0.15550646535497825,-0.15554802204191892,-12439.710880846014,67533.73223971855
ALL,1994-02-18,6.174858093261719,3.094600849259521,0.44106149673461914,0.3333340540750919,1.2706855398137946,Hammer,1994-02-25,6.174858093261719,1994-04-08,5.6277055740356445,Time stop (5 bars),6,-0.08860973174803022,-0.09015619951428529,-9015.619942412908,90984.38005758708
ALL,1998-08-07,21.506067276000977,8.281999728247257,2.0282669067382812,0.19047654871750505,1.3860147635587603,Hammer,1998-08-14,21.634845733642578,1998-09-25,21.15741539001465,Time stop (5 bars),6,-0.02206765647908071,-0.02252466813430842,-2049.392964153545,88934.98709343355
ALL,2002-07-19,19.59404754638672,7.693974923540424,1.4969234466552734,0.335820106292024,1.3619362724287531,Hammer,2002-07-26,19.32594108581543,2002-08-16,21.113311767578125,RSI > 90,3,0.09248557024084914,0.09194434320980296,8177.068968500983,97112.05606193452
ALL,2013-06-07,35.95186996459961,9.294945773249339,2.1021156311035156,0.3279279638948421,1.7782641685427343,Hammer,2013-06-14,35.989742279052734,2013-07-12,37.36085510253906,RSI > 90,4,0.0380973226441903,0.037814212223945556,3672.215893757475,100784.271955692
ALL,2015-08-28,46.33914566040039,8.743999812306797,4.866794586181641,0.22164114936420334,2.3280556495450417,Hammer,2015-09-04,46.10203552246094,2015-10-16,47.8487434387207,RSI > 90,6,0.037887869732102564,0.03766687440604866,3796.2285100638755,104580.50046575587
ALL,2016-01-15,46.163997650146484,9.711499631395412,2.6365814208984375,0.36746994924504167,1.339948638898991,Hammer,2016-01-22,46.870792388916016,2016-02-12,49.92827224731445,RSI > 90,3,0.06523209236636385,0.06501180466698682,6798.967061456478,111379.46752721236
ALL,2017-09-08,73.51277923583984,8.686454670647962,3.95416259765625,0.2925310642895732,2.092729817041947,Hammer,2017-09-15,75.01404571533203,2017-10-13,76.50711059570312,RSI > 90,4,0.019903804229371547,0.019769178163086005,2201.880535053233,113581.34806226559
ALLE,2018-12-28,70.95038604736328,3.9469240289466967,4.561408996582031,0.3722763864566555,1.1347822744761642,Hammer,2019-01-04,71.21232604980469,2019-02-08,78.1854248046875,RSI > 90,5,0.09791982851404057,0.09777253852543231,9777.253842765978,109777.25384276599
ALLE,2019-07-26,95.61039733886719,8.695556894484127,9.846260070800781,0.3523988256342745,2.4198771235358345,Hammer,2019-08-02,95.67398071289062,2019-09-13,90.16044616699219,Time stop (5 bars),6,-0.05762835940153965,-0.05772986401760729,-6337.425930231811,103439.82791253418
ALLE,2021-10-08,122.45679473876953,5.289339570838138,5.496345520019531,0.26949114193585105,1.006523763111548,Hammer,2021-10-15,122.00963592529297,2021-11-26,124.82302856445312,Time stop (5 bars),6,0.02305877415192681,0.022975871852591735,2376.6202281959067,105816.44814073009
AMAT,2000-10-20,18.245275497436523,0.532142956924929,4.606479644775391,0.21568599847129877,1.0923952950303857,Hammer,2000-10-27,18.696889877319336,2000-12-08,14.225894927978516,Time stop (5 bars),6,-0.23913041038790395,-0.23960118355606047,-23960.11833164593,76039.88166835406
AMAT,2007-11-09,13.849411010742188,4.206259920041049,1.339787483215332,0.3756905448123633,1.4008886515661267,Hammer,2007-11-16,13.953042030334473,2007-12-28,13.300826072692871,Time stop (5 bars),6,-0.046743638858369185,-0.04744332738090591,-3607.5849963894834,72432.29667196459
AMAT,2014-10-17,17.214916229248047,8.429079257371384,1.4807605743408203,0.3274845590555745,1.5204782693051913,Hammer,2014-10-24,17.085025787353516,2014-11-14,19.42306900024414,RSI > 90,3,0.1368475085721712,0.13622233470316694,9866.896550700549,82299.19322266514
AMCR,2023-08-18,40.65828323364258,9.849201832681445,2.2092323303222656,0.3846171113225368,1.1166856843996567,Hammer,2023-08-25,40.57331466674805,2023-10-06,39.08151626586914,Time stop (5 bars),6,-0.03676796961579065,-0.037009876166926164,-3700.9876129916292,96299.01238700836
AMD,1990-08-10,2.749241352081299,0.8328716185700813,0.4998619556427002,0.3750000596211055,1.0280589376753928,Hammer,1990-08-17,2.749241352081299,1990-09-28,2.749241352081299,Time stop (5 bars),6,0.0,-0.003630763873486721,-363.07638698559566,99636.9236130144
AMD,2002-02-08,15.25,9.182788695310947,2.8500003814697266,0.2105264214597439,1.0375219086818754,Hammer,2002-02-15,15.010000228881836,2002-03-28,14.649999618530273,Time stop (5 bars),6,-0.023984050956832093,-0.024642064915847042,-2455.2595372319347,97181.66407578245
AME,1990-08-10,0.845089316368103,0.6564698485460667,0.09054529666900635,0.3333333333333333,1.6084297291614151,Hammer,1990-08-17,0.845089316368103,1990-09-28,0.8078759908676147,Time stop (5 bars),6,-0.04403478399232175,-0.05553925286604131,-5553.925281050206,94446.07471894979
AME,2002-07-26,4.019235134124756,2.5625178932892965,0.5299816131591797,0.1291868654696739,1.6450644259359852,Hammer,2002-08-02,3.9938771724700928,2002-09-13,4.279153823852539,Time stop (5 bars),6,0.07142849894054493,0.06883848628249023,6501.524812473948,100947.59953142374
AME,2021-01-29,109.29413604736328,7.564391365641015,10.093742370605469,0.3977053787319341,1.7167701166501903,Hammer,2021-02-05,110.00822448730469,2021-03-19,117.23529052734375,Time stop (5 bars),6,0.06569568842439666,0.06560180445280817,6622.344677818504,107569.94420924225
AME,2022-01-28,131.05685424804688,7.633781363688669,6.9319610595703125,0.3417376010636307,1.2951389673032294,Hammer,2022-02-04,130.717041015625,2022-03-18,124.04546356201172,Time stop (5 bars),6,-0.0510383145286758,-0.0511128605528325,-5498.2075525447635,102071.7366566975
AMGN,1992-04-10,4.950979232788086,9.069108276827876,0.5034894943237305,0.3333336490215874,1.0986517230593071,Hammer,1992-04-16,4.971958160400391,1992-05-29,4.9300007820129395,RSI > 90,6,-0.00843880359284288,-0.010439585126685346,-1043.9585116245762,98956.04148837543
AMGN,1993-01-08,5.832086086273193,7.703647265925184,0.4615316390991211,0.3636359879409279,1.237138012450731,Hammer,1993-01-15,5.811107158660889,1993-02-26,3.692255973815918,Time stop (5 bars),6,-0.364620910782385,-0.36602681600782644,-36220.56475450787,62735.47673386756
AMGN,1998-09-04,10.709639549255371,2.7956673916151544,1.4370431900024414,0.3138688747180374,1.7188045692536158,Hammer,1998-09-11,11.496341705322266,1998-10-02,12.922895431518555,RSI > 90,3,0.12408762393830575,0.12316421531418162,7726.76575656113,70462.24249042869
AMGN,2002-06-14,26.973608016967773,5.713355667828196,3.7728118896484375,0.38612060423449474,1.2127300617647156,Hammer,2002-06-21,27.9872989654541,2002-08-02,29.40378189086914,Time stop (5 bars),6,0.050611633768712805,0.05024535237891015,3540.4001997994055,74002.64269022808
AMGN,2004-03-19,40.916908264160156,7.732040600214958,2.416748046875,0.3888871350641479,1.2974729550284823,Hammer,2004-03-26,40.84977340698242,2004-05-07,38.60085678100586,Time stop (5 bars),6,-0.05505334395789219,-0.055291375709612775,-4091.7079163979224,69910.93477383014
AMGN,2013-06-07,68.98764038085938,2.664860947802538,4.9571075439453125,0.3436631380648815,1.365952222896988,Hammer,2013-06-14,69.08538818359375,2013-07-19,72.7857666015625,RSI > 90,5,0.05356238873747121,0.05341377454939619,3734.2069048126996,73645.14167864283
AMGN,2021-10-15,178.93267822265625,9.28503343834086,8.109817504882812,0.2176223223609321,1.007464319782207,Hammer,2021-10-22,177.65853881835938,2021-12-03,175.78170776367188,Time stop (5 bars),6,-0.010564260334294473,-0.010620249192585312,-782.1297556683078,72863.01192297453
AMGN,2025-04-11,275.20281982421875,5.446725704503521,28.426788330078125,0.3710220947321976,1.7576652375086559,Hammer,2025-04-17,275.9630126953125,2025-05-30,265.7132263183594,Time stop (5 bars),6,-0.03714188462013135,-0.037177447765588054,-2708.8608171009446,70154.15110587359
AMP,2010-05-28,28.478649139404297,9.83189289863168,2.984569549560547,0.2877699910658025,1.251279096564485,Hammer,2010-06-04,28.18520164489746,2010-07-16,27.805866241455078,Time stop (5 bars),6,-0.013458672682977069,-0.013811018748525224,-1381.1018734714207,98618.89812652857
AMP,2011-03-25,44.02598571777344,8.995571239931095,2.5680618286132812,0.3746483224945856,1.132951391026594,Hammer,2011-04-01,43.960880279541016,2011-05-13,44.662654876708984,Time stop (5 bars),6,0.015963615667053954,0.015734351109759834,1551.7043676287321,100170.6024941573
AMP,2011-08-12,32.24645233154297,3.0137819134539257,4.726467132568359,0.3657413348506677,1.7239378843417592,Hammer,2011-08-19,32.54550552368164,2011-09-30,29.34347152709961,Time stop (5 bars),6,-0.09838636533858969,-0.0986784673511495,-9884.681517879995,90285.9209762773
AMP,2014-10-17,87.96463012695312,2.2787324103038173,7.809501647949219,0.3089261796763797,1.9870791409810578,Hammer,2014-10-24,87.57298278808594,2014-11-14,101.18890380859375,RSI > 90,3,0.15548084108835702,0.15535778043016016,14026.620272940661,104312.54124921795
AMP,2015-08-28,91.16637420654297,3.7918591606358234,15.862663269042969,0.0624370235735644,3.120481090412492,Hammer,2015-09-04,90.87883758544922,2015-10-16,88.5785140991211,Time stop (5 bars),6,-0.02531198183697314,-0.025420619856153834,-2651.689454674046,101660.85179454391
AMP,2016-01-29,72.82504272460938,7.208934128163563,10.700828552246094,0.3055556941890617,1.959881012088918,Hammer,2016-02-05,71.69229888916016,2016-03-18,74.4917984008789,RSI > 90,6,0.03904881772653046,0.03890661928605085,3955.2800531106795,105616.13184765459
AMP,2020-03-13,102.09314727783203,1.997283288851051,24.789161682128906,0.22529080548387048,2.262710049526337,Hammer,2020-03-20,81.77180480957031,2020-05-01,98.06671905517578,Time stop (5 bars),6,0.1992730169470145,0.1991385489262801,21032.24321831637,126648.37506597096
AMP,2022-03-11,255.38748168945312,4.256710032976443,19.769088745117188,0.3490139990598856,1.1004755703900366,Hammer,2022-03-18,259.9434509277344,2022-04-29,259.8401184082031,Time stop (5 bars),6,-0.00039751922644115645,-0.0004359807459009397,-55.216252973187736,126593.15881299776
AMT,1999-03-19,16.67255973815918,5.158164546279352,2.2409353256225586,0.3599996765669798,1.1458167075573658,Hammer,1999-03-26,16.762195587158203,1999-05-07,15.28317928314209,Time stop (5 bars),6,-0.08823523722329141,-0.08880532801540972,-8880.53279266044,91119.46720733955
AMT,2016-11-18,81.86141967773438,6.875722647361968,5.281379699707031,0.309736060129348,1.3730413973874758,Hammer,2016-11-25,82.85850524902344,2017-01-06,83.59375,Time stop (5 bars),6,0.008873497642358563,0.008752281825358964,797.5032559776869,91916.97046331722
AMZN,1999-02-19,2.546875,7.822487960837506,0.6062500476837158,0.2731960121079268,1.0625055677606066,Hammer,1999-02-26,2.543750047683716,1999-04-09,4.315625190734863,RSI > 90,6,0.696560239739191,0.691270273698406,69127.02730071355,169127.02730071355
AMZN,2008-02-08,3.674999952316284,2.068956250837104,0.4720001220703125,0.3347461650987618,1.2214398519630956,Hammer,2008-02-15,3.6570000648498535,2008-03-28,3.690999984741211,Time stop (5 bars),6,0.009297216102935213,0.006553773748319406,1108.4202705462958,170235.44757125987
AMZN,2012-10-26,11.91200065612793,8.420549191064183,0.8015003204345703,0.04429140182334365,1.258210945484172,Hammer,2012-11-02,11.816000938415527,2012-12-07,12.626999855041504,RSI > 90,5,0.06863565100010294,0.06776066771324886,11535.267584357069,181770.71515561696
ANET,2014-10-17,4.795000076293945,7.256173840675572,0.5824999809265137,0.3111589721928207,1.0699698722660054,Hammer,2014-10-24,4.838749885559082,2014-12-05,4.625,Time stop (5 bars),6,-0.04417460927191219,-0.04619352585197665,-4619.352580578312,95380.6474194217
AON,1990-09-28,4.613907337188721,9.497117849088909,0.37511444091796875,0.300000508471129,1.255864928762142,Hammer,1990-10-05,4.613907337188721,1990-11-16,4.671401500701904,Time stop (5 bars),6,0.012461057258296604,0.010282553869567553,1028.2553859285,101028.25538592851
AON,1998-08-14,29.14207649230957,8.014178729743321,1.893411636352539,0.3623184609944867,1.3236964813523013,Hammer,1998-08-21,29.14207649230957,1998-10-02,29.85553550720215,Time stop (5 bars),6,0.02448209258804379,0.024134805254934777,2438.2972665469024,103466.55265247542
AON,1999-09-03,23.227846145629883,7.728936003000214,1.7641410827636719,0.2619042985432222,1.113331064771607,Hammer,1999-09-10,23.311851501464844,1999-10-22,18.06143569946289,Time stop (5 bars),6,-0.22522517362775896,-0.22560575134560837,-23342.649326959014,80123.90332551641
AON,2002-07-26,16.411630630493164,1.1215295676159087,2.021670341491699,0.20357143699510585,1.1515946913528596,Hammer,2002-08-02,16.7509822845459,2002-09-13,15.089600563049316,Time stop (5 bars),6,-0.0991811520826058,-0.09974835811554328,-7992.227794536553,72131.67553097985
AON,2006-06-16,27.372459411621094,3.2549451665911846,1.5917949676513672,0.3567824443808047,1.1119866528170006,Hammer,2006-06-23,27.43644905090332,2006-08-04,27.629764556884766,Time stop (5 bars),6,0.007045937527220936,0.006680241471264818,481.8570097920124,72613.53254077185
AON,2010-05-28,33.52577590942383,9.893768953357224,1.4949378967285156,0.3806817746861994,1.0916746992365287,Hammer,2010-06-04,33.33890914916992,2010-07-16,30.136672973632812,Time stop (5 bars),6,-0.0960510183824308,-0.09633652014725091,-6995.335033581792,65618.19750719007
AON,2019-08-09,179.16603088378906,5.134738625553425,8.720428466796875,0.2386115884108892,1.4701711998563465,Hammer,2019-08-16,177.84188842773438,2019-09-27,181.27520751953125,Time stop (5 bars),6,0.019305457910676616,0.019248687014211684,1263.064144989563,66881.26165217963
AOS,1998-09-04,2.1533493995666504,4.587420632751375,0.38295722007751465,0.29508186515207263,1.785042629131982,Hammer,1998-09-11,2.203573226928711,1998-10-23,1.8080600500106812,Time stop (5 bars),6,-0.179487194745639,-0.18360866281166735,-18360.866262805866,81639.13373719415
AOS,2005-09-23,3.1105635166168213,3.857880407049606,0.2684783935546875,0.36123366013071895,1.5726100229184763,Hammer,2005-09-30,3.1342179775238037,2005-10-21,3.6510684490203857,RSI > 90,3,0.16490571976902535,0.16145755889700375,13181.255230492134,94820.38896768629
AOS,2006-05-05,5.521609306335449,6.5771990038505805,0.4070568084716797,0.39411709579926435,1.0978767883633025,Hammer,2006-05-12,5.503651142120361,2006-06-23,5.249838829040527,Time stop (5 bars),6,-0.04611707874021409,-0.04789054639214061,-4541.000232236798,90279.3887354495
AOS,2014-02-07,19.213470458984375,0.5344786001584367,0.9419708251953125,0.1333282037160028,1.0721519486287872,Hammer,2014-02-14,19.20525360107422,2014-03-28,18.687524795532227,Time stop (5 bars),6,-0.026957665662536878,-0.027471204519261685,-2480.0835493453797,87799.3051861041
AOS,2022-02-25,64.04618072509766,0.5801574755886065,6.008659362792969,0.37019961476293445,1.5431688553706107,Hammer,2022-03-04,63.0585823059082,2022-04-14,57.76062774658203,Time stop (5 bars),6,-0.08401639183108922,-0.0841683007092492,-7389.918313577235,80409.38687252685
APA,1995-10-27,7.049306392669678,2.0691461792756343,0.640845775604248,0.38888917825129043,1.3937001089232142,Hammer,1995-11-03,7.0137038230896,1995-11-17,7.58334493637085,RSI > 90,2,0.08121830172040512,0.07973567875028216,7973.5678670546495,107973.56786705465
APA,1996-08-02,8.427907943725586,8.236526768897335,0.7172684669494629,0.34999910252549327,1.3551171304761793,Hammer,1996-08-09,8.392044067382812,1996-09-20,8.607224464416504,Time stop (5 bars),6,0.02564099941634357,0.024434836281339373,2638.3164509052494,110611.88431795989
APA,2002-07-26,16.120037078857422,5.4574123958312555,1.6057519912719727,0.196721253057901,1.385655368240192,Hammer,2002-08-02,16.271398544311523,2002-08-23,18.61421775817871,RSI > 90,3,0.14398388727846845,0.14332526986951244,15853.47815479341,126465.36247275332
APA,2010-05-28,65.11929321289062,8.678378434862239,6.552650451660156,0.3351826646438514,1.2126511113083709,Hammer,2010-06-04,63.926578521728516,2010-07-16,63.0902214050293,Time stop (5 bars),6,-0.01308308900678834,-0.013238483019961176,-1674.2095520345706,124791.15292071876
APA,2011-08-12,75.55369567871094,5.67291297935337,7.988853454589844,0.3510540867048987,1.3372478795958962,Hammer,2011-08-19,76.4470443725586,2011-09-30,61.201568603515625,Time stop (5 bars),6,-0.19942531322395352,-0.19954307166334861,-24901.209945309667,99889.94297540908
APD,1992-06-12,9.784585952758789,7.766793453595554,0.6701774597167969,0.1599998292378887,1.392967953038584,Hammer,1992-06-19,9.784585952758789,1992-07-31,8.917734146118164,Time stop (5 bars),6,-0.0885936115054734,-0.0895698562607257,-8956.98561711558,91043.01438288443
APD,2000-03-10,12.417015075683594,7.990046492562712,1.5248966217041016,0.36734710469864973,1.0187157710135764,Hammer,2000-03-17,12.26141357421875,2000-04-28,14.531818389892578,Time stop (5 bars),6,0.18516664509609693,0.1842759337924731,16777.03647391055,107820.05085679499
APD,2008-09-19,49.189815521240234,3.22346799402834,9.130622863769531,0.2989027122193172,2.5148788867442597,Hammer,2008-09-26,49.03066635131836,2008-11-07,34.33490753173828,Time stop (5 bars),6,-0.29972586369275256,-0.2998992348593771,-32335.150722116785,75484.90013467822
APD,2011-08-12,52.297080993652344,2.2176389565740067,4.484066009521484,0.32005723663110364,1.5572371677595602,Hammer,2011-08-19,52.74995040893555,2011-09-30,49.26730728149414,Time stop (5 bars),6,-0.06602173273041534,-0.06620503100406337,-4997.480148757519,70487.41998592069
APD,2022-02-25,215.5724639892578,0.329552799808809,12.106781005859375,0.1155552474698461,1.0575126400075692,Hammer,2022-03-04,212.82826232910156,2022-04-14,226.72666931152344,Time stop (5 bars),6,0.0653033898333033,0.06525487055188973,4599.6474621182915,75087.06744803899
APH,1998-07-02,0.5377391576766968,0.05457859415484734,0.08793216943740845,0.38461501962031025,2.118124871433362,Hammer,1998-07-10,0.5360481142997742,1998-08-21,0.4692534804344177,Time stop (5 bars),6,-0.1246056689381485,-0.1413685153836836,-14136.851524231513,85863.14847576848
APH,1998-08-28,0.44980695843696594,3.5991183112244443,0.05326661467552185,0.253968067470435,1.2351355974927267,Hammer,1998-09-04,0.42951491475105286,1998-10-16,0.4024588465690613,Time stop (5 bars),6,-0.06299215056984298,-0.08154676144964805,-7001.861679067343,78861.28679670114
APH,2002-07-05,0.9510204195976257,1.0585059247635087,0.104977548122406,0.34278297395401286,1.152626465586556,Hammer,2002-07-12,0.9537259936332703,2002-08-23,1.1279670000076294,RSI > 90,6,0.18269503771264395,0.17131172771475323,13509.86327744167,92371.1500741428
APH,2004-02-27,1.673417091369629,4.14122165669211,0.09090840816497803,0.23809623719012057,1.1228568859879844,Hammer,2004-03-05,1.669358730316162,2004-04-16,1.721306324005127,Time stop (5 bars),6,0.031118292758517185,0.02505293096960413,2314.168044076275,94685.31811821909
APH,2020-03-20,16.54222869873047,1.7389435998090477,2.5484094619750977,0.36700607476757924,1.5949068560755364,Hammer,2020-03-27,16.282428741455078,2020-05-08,20.002304077148438,Time stop (5 bars),6,0.22845948812430872,0.22777538398377842,21566.984670436577,116252.30278865567
APO,2020-03-13,30.839365005493164,0.224045382029189,6.682579040527344,0.17201555202140886,2.119307406880651,Hammer,2020-03-20,25.735214233398438,2020-05-01,33.79033660888672,Time stop (5 bars),6,0.31300001245121045,0.3125507154889789,31255.07151764282,131255.0715176428
APO,2025-02-28,146.40098571777344,3.8730120889611612,11.239730834960938,0.29581174221803486,1.0745879027247456,Hammer,2025-03-07,147.98985290527344,2025-04-17,125.53980255126953,Time stop (5 bars),6,-0.1516999301862535,-0.1517623749278621,-19919.58135492428,111335.4901627185
APO,2026-02-06,131.93292236328125,1.8564047207193113,14.400260925292969,0.24449117363922412,1.5337543139060539,Hammer,2026-02-13,133.23211669921875,2026-03-27,113.99969482421875,Time stop (5 bars),6,-0.14435274580541713,-0.14442238282924982,-16079.336766682973,95256.15339603553
APTV,2014-10-03,41.83837127685547,3.3628249618001007,2.1431808471679688,0.27469198429395786,1.2375638721089466,Hammer,2014-10-10,41.9772834777832,2014-11-14,46.069984436035156,RSI > 90,5,0.09749799460982378,0.09724818709331276,9724.818699606458,109724.81869960645
APTV,2022-03-11,89.92074584960938,7.436033719353361,11.750350952148438,0.23005411189357863,1.051474848990341,Hammer,2022-03-18,89.734375,2022-04-29,89.90380096435547,Time stop (5 bars),6,0.0018880831827876587,0.0017765441798036398,194.93098784586442,109919.7496874523
APTV,2022-05-13,83.12691497802734,0.9748070597284197,10.732887268066406,0.21231307502731414,1.0527520618077209,Hammer,2022-05-20,81.39881134033203,2022-07-01,82.93208312988281,Time stop (5 bars),6,0.018836537835179135,0.018712536482871932,2056.8773241577246,111976.62701161003
ARE,2012-11-16,40.9569206237793,1.7358515829373005,1.9746475219726562,0.22429980565719165,1.1699735054254452,Hammer,2012-11-23,41.48595428466797,2013-01-04,42.184410095214844,Time stop (5 bars),6,0.016835958641669757,0.01659291338115305,1659.291336456014,101659.29133645601
ARE,2014-09-26,49.393489837646484,8.245296770707114,1.4146194458007812,0.07422997891239747,1.0367265704988469,Hammer,2014-10-03,49.51308822631836,2014-10-24,53.20065689086914,RSI > 90,3,0.0744766443913849,0.07426717783898994,7549.948661120319,109209.23999757633
ARE,2018-12-28,86.51161193847656,7.8710289365973125,5.1963348388671875,0.14903963329584463,1.2739055082376307,Hammer,2019-01-04,86.55716705322266,2019-01-25,94.1119384765625,RSI > 90,3,0.08728071493715284,0.08716014952237679,9518.69367789519,118727.9336754715
ARES,2015-08-28,11.110136985778809,6.014763326635986,1.5954008102416992,0.2730923982858499,1.8747015993782785,Hammer,2015-09-04,11.148579597473145,2015-09-25,12.013556480407715,RSI > 90,3,0.07758628580188098,0.07665493176094496,7665.493168429002,107665.49316842899
ARES,2020-03-13,25.86943244934082,4.877569494347455,5.07861328125,0.1430845741995962,2.234143234709827,Hammer,2020-03-20,21.98574447631836,2020-05-01,27.799007415771484,Time stop (5 bars),6,0.26441055683671766,0.2638957014712534,28412.460815518556,136077.95398394755
ARES,2025-02-28,162.47341918945312,4.364219485179575,10.816360473632812,0.3361152609608936,1.0375413281584498,Hammer,2025-03-07,165.98065185546875,2025-04-17,135.10252380371094,Time stop (5 bars),6,-0.186034502856668,-0.18608914509462243,-25322.630097775538,110755.32388617202
ATO,1993-12-23,5.110516548156738,0.5632322921028106,0.31636524200439453,0.3076932352223023,1.611563765780744,Hammer,1993-12-31,5.061845302581787,1994-02-11,5.353874683380127,Time stop (5 bars),6,0.057692276895422,0.055661731108039354,5566.173105237762,105566.17310523777
ATO,1996-02-02,6.962141513824463,8.63597356718067,0.281705379486084,0.2857142857142857,1.184080554046553,Hammer,1996-02-09,6.881654262542725,1996-03-22,7.239734649658203,Time stop (5 bars),6,0.05203405655883242,0.0505441937180913,5335.7570981729405,110901.93020341072
ATO,2004-05-14,11.413265228271484,3.776752724930688,0.39076709747314453,0.3292674295727384,1.01201127145877,Hammer,2004-05-21,11.31795597076416,2004-07-02,12.182570457458496,Time stop (5 bars),6,0.07639316577372757,0.07547627041038991,8370.464064696353,119272.39426810709
ATO,2007-01-12,16.923450469970703,9.086931342207706,0.7028923034667969,0.27692541476942784,1.5118606483027297,Hammer,2007-01-19,16.869382858276367,2007-02-16,17.372220993041992,RSI > 90,4,0.029807737425256553,0.02920629091474609,3483.5042416091255,122755.89850971622
AVB,1995-04-21,4.76833963394165,8.885104137368657,0.26863861083984375,0.375,1.4336631816021017,Hammer,1995-04-28,4.76833963394165,1995-05-19,5.171298027038574,RSI > 90,3,0.0845070661973435,0.08232357704084704,8232.357695852344,108232.35769585235
AVB,2002-10-25,15.612184524536133,0.38085292221958866,0.7655858993530273,0.1666668742798418,1.0558185922585308,Hammer,2002-11-01,15.640996932983398,2002-12-13,16.320146560668945,Time stop (5 bars),6,0.0434211214665845,0.042768104234694536,4628.8927508740635,112861.25044672641
AVB,2008-10-10,42.984703063964844,3.8750666327840264,9.19854736328125,0.2643683356667485,1.6814553838548938,Hammer,2008-10-17,43.04814147949219,2008-11-28,25.8669490814209,Time stop (5 bars),6,-0.3991157761423052,-0.39930169570227736,-45065.68863739158,67795.56180933483
AVB,2017-09-08,138.2413330078125,7.27493868677459,4.3968353271484375,0.265992483107815,1.0791437994102786,Hammer,2017-09-15,138.56703186035156,2017-10-27,135.3824920654297,Time stop (5 bars),6,-0.022981944205395566,-0.023053279597871745,-1562.9100403224816,66232.65176901234
AVB,2018-12-28,134.45623779296875,4.828087538597671,8.15325927734375,0.32422164496979405,1.5007136959237135,Hammer,2019-01-04,134.82223510742188,2019-02-01,145.0386199951172,RSI > 90,4,0.07577670611642984,0.0756997269844147,5013.793651354252,71246.4454203666
AVGO,2011-03-18,2.1692912578582764,9.759469783704503,0.20959258079528809,0.3002121499951655,1.3486631795037547,Hammer,2011-03-25,2.2036335468292236,2011-05-06,2.413980722427368,Time stop (5 bars),6,0.0954546984006528,0.0907109175651924,9071.091747448147,109071.09174744814
AVGO,2020-03-20,16.756256103515625,0.5056916736475472,5.41120719909668,0.369280420270346,2.4414403947554035,Hammer,2020-03-27,16.81409454345703,2020-05-08,22.59592628479004,Time stop (5 bars),6,0.3438681593224968,0.34317137146829135,37430.076105085536,146501.16785253366
AVGO,2021-05-14,39.892059326171875,2.5611209099830177,2.6550140380859375,0.2351665814171346,1.1332612787136211,Hammer,2021-05-21,39.93903350830078,2021-07-02,42.4238395690918,Time stop (5 bars),6,0.06221497724211544,0.0619568391929354,9076.749289139916,155577.91714167356
AVGO,2025-03-07,192.5049285888672,7.497362141126743,26.116928100585938,0.3440449544548694,1.2526788908015742,Hammer,2025-03-14,187.21241760253906,2025-04-25,165.38607788085938,Time stop (5 bars),6,-0.11658596155741152,-0.11663626173948219,-18146.026646473678,137431.89049519988
AVY,1991-09-20,4.598528861999512,7.413614370917173,0.37648773193359375,0.2857139238454212,1.3967322430138829,Hammer,1991-09-27,4.57163667678833,1991-11-08,4.813664436340332,Time stop (5 bars),6,0.05294116235895441,0.05069831318024311,5069.83131295448,105069.83131295448
AVY,1994-03-31,6.49293327331543,3.16137593400434,0.5240931510925293,0.33333363661094545,1.7334054652315265,Hammer,1994-04-08,6.434700965881348,1994-05-20,6.667631149291992,Time stop (5 bars),6,0.03619906886826718,0.034618095559369386,3637.3174571613636,108707.14877011583
AVY,1996-07-26,12.723819732666016,0.05671733682196134,0.7739553451538086,0.3599995564049579,1.6096400540662907,Hammer,1996-08-02,12.692861557006836,1996-09-13,12.8610200881958,Time stop (5 bars),6,0.013248275846523772,0.012455524930628353,1354.0046002896984,110061.15337040552
AVY,2022-02-25,166.1129608154297,0.7561240086035639,13.237808227539062,0.16422973582017467,1.2725001408607768,Hammer,2022-03-04,162.75051879882812,2022-04-14,162.76144409179688,Time stop (5 bars),6,6.712908228734271e-05,5.685171080990573e-06,0.6257164856561812,110061.77908689118
AVY,2024-08-09,199.5519561767578,4.65787204432263,9.494705200195312,0.3286149346318572,1.0742294789091316,Hammer,2024-08-16,198.98553466796875,2024-09-06,211.91714477539062,RSI > 90,3,0.06498768932626087,0.06493580274550546,7146.949969458814,117208.72905634998
AVY,2025-04-11,165.0579376220703,8.268968200204,15.126419067382812,0.3247592868131037,1.7485674825386144,Hammer,2025-04-17,167.1591033935547,2025-05-23,176.6240692138672,RSI > 90,5,0.05662249693950838,0.05656098186374781,6629.440791799701,123838.16984814967
AWK,2024-10-11,132.912353515625,5.693721885913774,8.087478637695312,0.37633225853315244,1.4814091205719713,Hammer,2024-10-18,133.26649475097656,2024-11-29,133.08395385742188,Time stop (5 bars),6,-0.0013697433394326275,-0.0014447267505663117,-144.47267491215848,99855.52732508784
AXON,2011-08-12,3.890000104904175,2.3136889536296223,0.4700000286102295,0.36170226796927746,1.4585874959657734,Hammer,2011-08-19,3.930000066757202,2011-09-23,4.449999809265137,RSI > 90,5,0.13231545386130406,0.1296060314754253,12960.603134581928,112960.60313458194
AXP,1990-10-19,2.6965394020080566,0.3314129180925107,0.3214418888092041,0.38888909492109996,1.099918397973713,Hammer,1990-10-26,2.714397430419922,1990-11-23,3.142986536026001,RSI > 90,4,0.1578947507107593,0.1539271534655535,15392.715331162635,115392.71533116265
AXP,1997-10-31,15.673240661621094,8.73063436218645,1.594954490661621,0.2440949731259466,1.6531093959688115,Hammer,1997-11-07,15.87417984008789,1997-12-12,17.494251251220703,RSI > 90,5,0.10205701506805176,0.10139512414035987,11700.258684196186,127092.97401535882
AXP,2002-07-26,18.8967342376709,4.509035923504101,3.0690746307373047,0.33673486509984907,1.524375351991869,Hammer,2002-08-02,19.416597366333008,2002-09-13,21.063879013061523,Time stop (5 bars),6,0.08483884254533614,0.084302110472474,10714.205925003844,137807.17994036266
AXP,2011-08-12,36.589839935302734,3.2182262995809907,3.863574981689453,0.3966250433199416,1.8085412473236047,Hammer,2011-08-19,36.80991744995117,2011-09-30,38.18743896484375,Time stop (5 bars),6,0.03742256463263005,0.03714585308392127,5118.965254855249,142926.1451952179
AXP,2014-10-17,70.16921997070312,3.5151863747840792,5.811943054199219,0.3903565713595604,2.198412254271404,Hammer,2014-10-24,70.34765625,2014-11-14,78.35194396972656,RSI > 90,3,0.1137818677466822,0.11363164016606069,16240.932284904211,159167.07748012213
AXP,2020-03-13,91.81503295898438,2.238219206884878,19.870208740234375,0.1746694475715973,2.666285089618151,Hammer,2020-03-20,75.99629974365234,2020-05-01,77.37321472167969,Time stop (5 bars),6,0.018118184473084886,0.017985415810491023,2862.6860689579516,162029.76354908006
AXP,2022-03-11,159.22430419921875,7.820274372374016,15.732757568359375,0.26582300579402596,1.2470124253317145,Hammer,2022-03-18,162.47706604003906,2022-04-29,171.1645965576172,Time stop (5 bars),6,0.05346927249066202,0.05340608184684084,8653.374805073065,170683.1383541531
AZO,2022-02-25,1864.6300048828125,9.680403806776695,168.6400146484375,0.37375488509220783,1.6689180961728727,Hammer,2022-03-04,1829.68994140625,2022-04-01,2025.0,RSI > 90,4,0.10674489386089103,0.10672382641193338,10672.38263158829,110672.38263158829
AZO,2023-10-27,2446.169921875,5.220445297978145,113.829833984375,0.377844790422244,1.0254355770202517,Hammer,2023-11-03,2455.429931640625,2023-11-17,2702.340087890625,RSI > 90,2,0.10055679173260867,0.10053781177804627,11126.759163824303,121799.1417954126
BA,1998-05-29,30.20547866821289,4.721040338554161,2.174478530883789,0.2727267942806168,1.0790813395216357,Hammer,1998-06-05,30.047334671020508,1998-07-17,30.64037322998047,Time stop (5 bars),6,0.01973681078381717,0.019400774194165592,1940.077417476482,101940.07741747648
BA,1998-09-04,21.547412872314453,2.7742372751956026,3.8094863891601562,0.1770833959188251,1.6797495901936155,Hammer,1998-09-11,23.96802520751953,1998-10-23,20.75377082824707,Time stop (5 bars),6,-0.13410593286025285,-0.13449509819316088,-13710.44070837148,88229.636709105
BA,2008-09-19,44.490352630615234,8.073433414277886,6.551456451416016,0.36818201668195116,1.6273717537955699,Hammer,2008-09-26,44.17022705078125,2008-11-07,38.638710021972656,Time stop (5 bars),6,-0.1252317997471275,-0.12544399652860627,-11067.878229989285,77161.75847911573
BA,2011-08-12,50.2072868347168,4.568946448978664,4.9021759033203125,0.22404978382601495,1.4822521046990407,Hammer,2011-08-19,50.4593391418457,2011-09-30,49.43486404418945,Time stop (5 bars),6,-0.020302982858660945,-0.020499130975410975,-1581.748991774673,75580.00948734104
BA,2016-01-22,111.75440979003906,5.43204525433805,6.636566162109375,0.35270293883669707,1.014349327875319,Hammer,2016-01-29,111.74544525146484,2016-03-11,109.34001159667969,Time stop (5 bars),6,-0.021526010741396373,-0.021614532714834874,-1633.6265860180365,73946.38290132301
BA,2020-01-24,321.1393127441406,8.21915228832151,23.738677978515625,0.1675012116436058,1.2948596354554696,Hammer,2020-01-31,314.3397521972656,2020-03-13,238.0034942626953,Time stop (5 bars),6,-0.24284633871781214,-0.24287428818490206,-17959.675093047364,55986.70780827565
BA,2021-12-03,198.49000549316406,9.437805175317905,16.279998779296875,0.35565071991871977,1.097293700354719,Hammer,2021-12-10,199.77000427246094,2022-01-21,224.5,RSI > 90,6,0.12379233718096372,0.12373918257473782,6927.749452318971,62914.457260594616
BA,2024-01-19,215.02000427246094,4.424643611974616,15.660003662109375,0.32503161862000557,1.0528577289671752,Hammer,2024-01-26,213.07000732421875,2024-03-08,199.5,Time stop (5 bars),6,-0.06368802204793611,-0.06373345938012884,-4009.7560022312027,58904.70125836341
BAC,1997-10-31,14.292567253112793,7.90516258531342,1.672694206237793,0.31250032070524364,1.7975540429293018,Hammer,1997-11-07,14.755545616149902,1997-12-19,14.93716812133789,Time stop (5 bars),6,0.012308762407891027,0.011627111195687123,1162.7111184060013,101162.71111840599
BAC,2002-07-26,17.301223754882812,4.575625330527345,2.0598697662353516,0.18119939072099558,1.8158551499407436,Hammer,2002-08-02,17.736209869384766,2002-09-06,19.279706954956055,RSI > 90,5,0.0870251929210415,0.08643700721998554,8744.201982590766,109906.91310099677
BAC,2003-10-31,22.26010513305664,7.829514668589582,0.9993972778320312,0.2852938706648447,1.1053288219873914,Hammer,2003-11-07,22.26598358154297,2003-12-19,22.783138275146484,Time stop (5 bars),6,0.023226222713655487,0.022771993511046355,2502.799509452235,112409.712610449
BAC,2010-05-28,12.083934783935547,6.650717374102328,1.0748100280761719,0.32857180884101433,1.0259758390286642,Hammer,2010-06-04,11.961099624633789,2010-07-16,11.577058792114258,Time stop (5 bars),6,-0.03210748547972986,-0.03292976365568165,-3701.625265163557,108708.08734528546
BAC,2011-08-12,5.541675090789795,1.300039753422567,1.0790462493896484,0.3714282936590005,1.5978211932929278,Hammer,2011-08-19,5.749776840209961,2011-09-30,5.000602722167969,Time stop (5 bars),6,-0.1302962078115426,-0.13192068765159878,-14340.845621539276,94367.24172374618
BAC,2011-10-07,4.553018093109131,6.928721538911802,0.9260375499725342,0.3583332282034138,1.1997763450343601,Hammer,2011-10-14,4.73822546005249,2011-11-04,5.471338272094727,RSI > 90,3,0.15472307475088254,0.15245170572900285,14386.446951339785,108753.68867508597
BALL,1991-11-29,1.1395732164382935,2.6244112497870447,0.056328773498535156,0.3846144078557521,1.1448989941555925,Hammer,1991-12-06,1.1222412586212158,1992-01-10,1.3215582370758057,RSI > 90,5,0.17760617596564798,0.1679471692565198,16794.716908857263,116794.71690885726
BALL,1992-04-03,1.218682885169983,4.14279580477519,0.06988859176635742,0.3749991471477208,1.225652618898636,Hammer,1992-04-10,1.223050832748413,1992-05-22,1.223050832748413,Time stop (5 bars),6,0.0,-0.008142985398755614,-951.0576734895625,115843.6592353677
BALL,1992-07-10,1.1894577741622925,2.170426007082341,0.06608092784881592,0.26666750852835963,1.2089393303470979,Hammer,1992-07-17,1.1850523948669434,1992-08-28,1.1498092412948608,Time stop (5 bars),6,-0.029739742921695567,-0.03801778288689641,-4404.119081229703,111439.54015413798
BALL,2016-01-29,29.90032196044922,4.223269653159974,2.5770721435546875,0.3333333333333333,1.572592307914752,Hammer,2016-02-05,29.730304718017578,2016-03-11,30.371017456054688,RSI > 90,5,0.021550829838915764,0.02121090548821375,2363.7335514956885,113803.27370563366
BALL,2017-12-15,35.83966827392578,1.4175598165483052,1.5372848510742188,0.32544231866795703,1.2378290547236832,Hammer,2017-12-22,36.057979583740234,2018-02-02,34.7208137512207,Time stop (5 bars),6,-0.03708377030427146,-0.037355921448235865,-4251.226148848511,109552.04755678515
BAX,1990-08-24,2.3930206298828125,3.46983576999763,0.20808863639831543,0.24999914068380946,1.278026624812236,Hammer,1990-08-31,2.445042610168457,1990-10-12,2.6580326557159424,RSI > 90,6,0.08711097494240017,0.08285163886742697,8285.163878457533,108285.16387845753
BAX,1996-07-26,5.9358625411987305,4.462983397221322,0.49895668029785156,0.3793105425520935,1.570475595780941,Hammer,1996-08-02,5.918657302856445,1996-09-13,6.149720668792725,Time stop (5 bars),6,0.03903982848014609,0.03731872973638774,4041.064761199548,112326.22863965709
BAX,2001-11-09,16.279205322265625,2.720367827155755,1.182882308959961,0.35362343611681296,1.0649399100147956,Hammer,2001-11-16,16.286062240600586,2001-12-28,18.501392364501953,RSI > 90,6,0.1360261364087525,0.13537055419291463,15205.663806144756,127531.89244580183
BAX,2002-07-05,14.995318412780762,1.0638572969344011,1.5258874893188477,0.35454488068504614,1.3943672423984341,Hammer,2002-07-12,14.90861988067627,2002-08-23,11.773612976074219,Time stop (5 bars),6,-0.21028149685843645,-0.21088152505999358,-26894.119945863647,100637.77249993818
BAX,2011-08-12,21.89789581298828,4.807832691539872,1.647787094116211,0.24438862619586418,1.571427861927221,Hammer,2011-08-19,22.1608829498291,2011-09-30,22.28866958618164,Time stop (5 bars),6,0.005766315206927386,0.0053138707183079895,534.7761119083864,101172.54861184656
BAX,2013-10-04,28.363693237304688,6.937811499147941,1.5248584747314453,0.367667127391443,1.2716292773248823,Hammer,2013-10-11,28.464040756225586,2013-11-22,30.222318649291992,Time stop (5 bars),6,0.061771900487524345,0.06140979276528982,6212.985237576724,107385.53384942329
BAX,2015-10-02,28.444318771362305,4.007250706984394,1.831289291381836,0.36574063948056657,1.11470710078595,Hammer,2015-10-09,28.68170928955078,2015-11-06,31.801679611206055,RSI > 90,4,0.10877909298076349,0.10841153965289732,11641.831049422468,119027.36489884576
BBY,1990-08-10,0.19480344653129578,2.5922828433237157,0.02996976673603058,0.3333331675978515,1.4142056707899266,Hammer,1990-08-17,0.19480344653129578,1990-09-28,0.12986895442008972,Time stop (5 bars),6,-0.33333338432887594,-0.34653470345107634,-34653.47031045416,65346.52968954583
BBY,2002-06-28,13.054827690124512,1.0815090629834572,1.4745121002197266,0.31707324960643873,1.0914706254045636,Hammer,2002-07-05,13.097984313964844,2002-08-16,7.645885467529297,Time stop (5 bars),6,-0.4162548004140312,-0.41685914563861415,-27240.29850959211,38106.23117995373
BBY,2006-12-22,27.53557777404785,4.0983416285575345,2.205934524536133,0.2550000216161066,1.0821853173499913,Hammer,2006-12-29,27.386676788330078,2007-02-09,28.237699508666992,RSI > 90,6,0.031074333221019046,0.030703586598072857,1169.9979677898955,39276.229147743616
BDX,1996-03-15,10.078534126281738,8.976598415815872,0.39345645904541016,0.3846168762073738,1.0011678119699987,Hammer,1996-03-22,10.04826831817627,1996-05-03,9.442951202392578,Time stop (5 bars),6,-0.06024093869873437,-0.06120567921888645,-6120.567915768077,93879.43208423191
BDX,1997-04-04,11.141008377075195,0.8721607179417248,0.550929069519043,0.22222260689538179,1.0697759566674983,Hammer,1997-04-11,11.079793930053711,1997-05-16,11.691937446594238,RSI > 90,5,0.05524863733070884,0.054321579664910476,5099.679043760478,98979.11112799238
BDX,1997-10-31,11.338104248046875,8.75638598596501,1.5537967681884766,0.33663337167351837,2.143069589997925,Hammer,1997-11-07,11.353487968444824,1997-11-28,12.799596786499023,RSI > 90,3,0.12737132606943558,0.12643485841107324,12514.409888607192,111493.52101659957
BDX,2005-10-14,27.726802825927734,3.727857412506168,1.170114517211914,0.2119834973438287,1.1627023680532522,Hammer,2005-10-21,27.6351375579834,2005-11-11,31.220964431762695,RSI > 90,3,0.12975607109809384,0.1293708059982675,14424.006663078257,125917.52767967783
BDX,2020-03-27,149.53640747070312,2.674170774758366,17.7030029296875,0.2656009736386642,1.5143202859770974,Hammer,2020-04-03,151.9322509765625,2020-04-24,180.8273468017578,RSI > 90,3,0.1901840829676955,0.1901120076843502,23938.43396589486,149855.96164557268
BDX,2025-09-26,142.36428833007812,8.98003829633889,7.742889404296875,0.35358408317863466,1.0691025369267155,Hammer,2025-10-03,142.36428833007812,2025-11-14,136.36431884765625,Time stop (5 bars),6,-0.04214518649867216,-0.0422139462303694,-6326.011500880493,143529.95014469218
BEN,1991-09-27,0.8991664052009583,4.535955347808994,0.04058736562728882,0.23076821407959255,1.0185198874451125,Hammer,1991-10-04,0.8991664052009583,1991-10-25,1.0302947759628296,RSI > 90,3,0.14583326290150378,0.13396690041248493,13396.690027851804,113396.6900278518
BEN,2000-03-03,4.426873207092285,8.523092870236184,0.5769855976104736,0.12068991877450617,1.1965328651818683,Hammer,2000-03-10,4.74521017074585,2000-04-20,4.9535136222839355,Time stop (5 bars),6,0.043897623928708995,0.041746247936425396,4733.886332338792,118130.5763601906
BEN,2001-03-23,6.195973873138428,8.481188945070059,1.065783977508545,0.32932324166450794,1.8706023964422989,Hammer,2001-03-30,6.195973873138428,2001-05-04,7.2402024269104,RSI > 90,5,0.16853340171414288,0.16678485910932095,19702.391515034877,137832.96787522547
BEN,2002-07-26,5.1097412109375,2.489780071282283,0.48910951614379883,0.3245032596074822,1.025830630645365,Hammer,2002-08-02,5.376970291137695,2002-09-13,5.457948684692383,Time stop (5 bars),6,0.015060227074000343,0.0131881801115784,1817.7660038341073,139650.73387905955
BEN,2006-06-16,14.535794258117676,6.936385096729808,1.1674432754516602,0.2855051615280116,1.424168195232816,Hammer,2006-06-23,14.580236434936523,2006-08-04,15.473429679870605,RSI > 90,6,0.06126054600828357,0.06055392032031375,8456.399403529515,148107.1332825891
BEN,2022-02-25,24.242536544799805,2.9944133360048824,2.0703659057617188,0.027132075749814827,1.1530198208359277,Hammer,2022-03-04,23.66476058959961,2022-04-14,21.188526153564453,Time stop (5 bars),6,-0.10463805144614191,-0.10503842768598151,-15556.940393524317,132550.19288906478
BF.B,1993-01-15,1.3295711278915405,0.942578006398918,0.03693258762359619,0.3333333333333333,1.1237771036201198,Hammer,1993-01-22,1.3254674673080444,1993-03-05,1.2803276777267456,Time stop (5 bars),6,-0.03405575066506561,-0.04144392173140773,-4144.392168996381,95855.60783100362
BF.B,1994-06-03,1.490871548652649,6.79585246950181,0.09639251232147217,0.3333333333333333,2.3619467715453437,Hammer,1994-06-10,1.484445333480835,1994-07-22,1.4316710233688354,Time stop (5 bars),6,-0.03555153492129648,-0.04214609875294719,-4039.9399096293173,91815.6679213743
BF.B,1999-12-31,3.381173610687256,3.5301168395566265,0.199326753616333,0.31481501416803326,1.0494798435973023,Hammer,2000-01-07,3.3664088249206543,2000-02-18,3.0674185752868652,Time stop (5 bars),6,-0.08881578714398608,-0.0916501871116331,-8414.9231363586,83400.74478501572
BF.B,2011-08-12,13.155421257019043,6.891467138233992,1.4093027114868164,0.18929989355518248,2.277301735486809,Hammer,2011-08-19,13.219215393066406,2011-09-30,13.109495162963867,Time stop (5 bars),6,-0.008300056156138269,-0.009053106482620477,-755.0358225135658,82645.70896250215
BF.B,2014-10-17,27.735624313354492,6.373363624032081,2.0222530364990234,0.3871999154910714,1.969154070651223,Hammer,2014-10-24,28.149782180786133,2014-11-14,30.197921752929688,RSI > 90,3,0.07275862949808287,0.07239052886491366,5982.766574228499,88628.47553673064
BG,2005-02-18,33.383365631103516,8.376187964370303,3.052776336669922,0.3562498516120245,1.9143789251635333,Hammer,2005-02-25,33.19892501831055,2005-04-08,34.865230560302734,Time stop (5 bars),6,0.050191551114174615,0.0498828238251594,4988.282377527657,104988.28237752765
BG,2011-08-12,41.98454284667969,7.365760812818834,3.5630340576171875,0.18489809727331516,1.2591136481021212,Hammer,2011-08-19,42.334529876708984,2011-09-30,39.088584899902344,Time stop (5 bars),6,-0.07667369842678817,-0.07690082970424619,-8073.686015981881,96914.59636154576
BG,2013-04-12,48.646236419677734,5.717268825874584,2.1498756408691406,0.22222163076207865,1.0752622993377914,Hammer,2013-04-19,48.14740753173828,2013-05-31,50.13262176513672,Time stop (5 bars),6,0.04123200677190786,0.041020051429339954,3975.441723028888,100890.03808457465
BG,2014-02-07,53.427825927734375,1.4567350244753925,2.160137176513672,0.3190791623032951,1.2281038748569493,Hammer,2014-02-14,53.34966278076172,2014-03-28,56.001075744628906,Time stop (5 bars),6,0.04969877644331255,0.049506694002002194,4994.732238308652,105884.77032288331
BG,2014-10-17,59.26450729370117,4.814567160417042,3.027587890625,0.30166166034997177,1.614927631846954,Hammer,2014-10-24,58.96965408325195,2014-11-07,63.70161056518555,RSI > 90,2,0.08024392470156139,0.08006755707744916,8477.934882982121,114362.70520586542
BIIB,2005-03-18,35.24131774902344,7.565929298925994,5.158166885375977,0.2928576578975101,1.0129932281611218,Hammer,2005-03-24,34.9834098815918,2005-05-06,33.50965118408203,Time stop (5 bars),6,-0.04212735986852023,-0.042407148610957644,-4240.714856855049,95759.28514314495
BIIB,2011-08-12,83.8017578125,4.425747749524547,9.247848510742188,0.287848538197922,1.6295014162591512,Hammer,2011-08-19,84.13334655761719,2011-09-23,91.77848815917969,RSI > 90,5,0.09086933914279594,0.09074508727520599,8689.684679036342,104448.9698221813
BKNG,2025-03-14,176.81613159179688,5.323470899782663,12.0279541015625,0.3874057422386409,1.1269479178468327,Hammer,2025-03-21,177.1586456298828,2025-05-02,193.2295684814453,Time stop (5 bars),6,0.09071486629637948,0.09065586110773431,9065.586101707846,109065.58610170786
BKR,1998-08-07,10.362688064575195,1.046964200471649,1.7904119491577148,0.18181798812495906,1.2783276936431787,Hammer,1998-08-14,10.362688064575195,1998-09-25,9.386099815368652,Time stop (5 bars),6,-0.09424082275958934,-0.09515990865673943,-9515.99085615795,90484.00914384206
BKR,2002-07-05,15.297523498535156,3.2754766966885427,1.4424705505371094,0.1273890277281923,1.0909171638304112,Hammer,2002-07-12,15.021892547607422,2002-08-23,13.481080055236816,Time stop (5 bars),6,-0.10257112993502371,-0.10320247432776944,-9338.173621402842,81145.83552243923
BKR,2011-08-12,31.456789016723633,6.984209535755525,3.407480239868164,0.24813140322899344,1.1864558674445262,Hammer,2011-08-19,31.787860870361328,2011-09-30,25.522987365722656,Time stop (5 bars),6,-0.19708383430355247,-0.19736737534332358,-16015.540561089321,65130.29496134991
BKR,2014-11-07,27.693769454956055,5.384973128058334,2.208087921142578,0.3165467998763037,1.1423182725796868,Hammer,2014-11-14,28.03795623779297,2014-11-28,34.45041275024414,RSI > 90,2,0.22870627438271285,0.2283089007507241,14869.826033326397,80000.1209946763
BKR,2017-10-20,26.220449447631836,4.488712443809575,2.2231407165527344,0.3546105497243399,1.3169631824366768,Hammer,2017-10-27,26.094314575195312,2017-12-08,24.34235954284668,Time stop (5 bars),6,-0.06713933900429037,-0.06750962854875835,-5400.778446805543,74599.34254787076
BKR,2020-01-24,19.150999069213867,6.659278538010611,1.3990440368652344,0.38922184261256276,1.0787614256764742,Hammer,2020-01-31,18.07029914855957,2020-03-13,11.257894515991211,Time stop (5 bars),6,-0.37699456863232916,-0.3774435253599684,-28157.038812647195,46442.30373522357
BKR,2025-03-14,41.8494873046875,4.028435242585303,2.569580078125,0.1653726247030879,1.0087538483400542,Hammer,2025-03-21,42.103477478027344,2025-05-02,35.65607833862305,Time stop (5 bars),6,-0.15313222388267145,-0.15335152268979177,-7121.99798789634,39320.30574732723
BLDR,2013-08-16,5.565000057220459,4.338400868285746,0.6599998474121094,0.37121203363870187,1.1251854410159843,Hammer,2013-08-23,5.539999961853027,2013-10-04,5.789999961853027,Time stop (5 bars),6,0.045126354101341803,0.04328223654663415,4328.2236503351905,104328.2236503352
BLDR,2018-04-06,19.700000762939453,7.351860505731395,1.6400012969970703,0.25609740496119593,1.2293274790010074,Hammer,2018-04-13,19.8799991607666,2018-05-25,19.850000381469727,RSI > 90,6,-0.0015089929860800932,-0.0020115052041739614,-209.85676460501747,104118.3668857302
BLK,2014-02-07,220.16851806640625,7.420579784351872,11.174728393554688,0.19382478524524577,1.1053096784268883,Hammer,2014-02-14,218.66339111328125,2014-03-28,222.9937744140625,Time stop (5 bars),6,0.01980387882367496,0.019757694647979874,1975.769462822218,101975.76946282222
BLK,2022-02-25,671.5996704101562,2.653577105606047,47.43157958984375,0.15840045089619478,1.209883990937429,Hammer,2022-03-04,661.9487915039062,2022-04-14,659.5768432617188,Time stop (5 bars),6,-0.003583280568876912,-0.003602857932516788,-367.4042096015619,101608.36525322066
BLK,2022-10-14,503.351318359375,9.592460234794416,72.68319702148438,0.3988364530460183,1.5296154833392603,Hammer,2022-10-21,517.10107421875,2022-11-04,601.1619873046875,RSI > 90,2,0.16256186126269223,0.16254057795734786,16515.482398644133,118123.8476518648
BMY,1991-11-29,5.339213848114014,8.887804956264816,0.3655829429626465,0.27906970677581217,1.4993259968670811,Hammer,1991-12-06,5.296704292297363,1992-01-03,5.828006267547607,RSI > 90,4,0.10030803041485248,0.09832724469518651,9832.724459685927,109832.72445968594
BMY,2003-08-29,10.543939590454102,8.1458919225214,0.644190788269043,0.374192984871566,1.0222125446232142,Hammer,2003-09-05,10.597968101501465,2003-09-26,11.325279235839844,RSI > 90,3,0.0686274130448965,0.0676519185450348,7430.39452129553,117263.11898098147
BMY,2012-11-16,20.33384895324707,4.3257469625177265,1.0324039459228516,0.33540313000552396,1.3137283952993237,Hammer,2012-11-23,20.46209716796875,2013-01-04,20.73783302307129,Time stop (5 bars),6,0.013475444517689672,0.012983563468805855,1522.4931463172124,118785.61212729868
BMY,2015-08-28,42.114410400390625,0.9606460615469956,6.413398742675781,0.3315273186242962,2.7564257398113616,Hammer,2015-09-04,42.13525390625,2015-10-16,42.63912582397461,Time stop (5 bars),6,0.011958440284843608,0.011719718605002552,1392.1339470627854,120177.74607436146
BMY,2018-10-26,38.082340240478516,2.1770773443845144,3.7455596923828125,0.29637143590433007,1.6111899192532555,Hammer,2018-11-02,38.648704528808594,2018-12-14,40.21187210083008,Time stop (5 bars),6,0.04044553604264545,0.040181596847047536,4828.933737917909,125006.67981227937
BMY,2021-12-03,46.78668975830078,7.16412920952834,2.88262939453125,0.24495675326600183,1.476613426656989,Hammer,2021-12-10,46.95283889770508,2021-12-23,51.0400276184082,RSI > 90,2,0.08704880932988468,0.0868265835143104,10853.902913713631,135860.582725993
BMY,2022-09-02,58.32243347167969,8.712316678906674,3.3662338256835938,0.32828255356183667,1.21073657190097,Hammer,2022-09-09,58.60295104980469,2022-10-21,60.59954833984375,Time stop (5 bars),6,0.03406991037605289,0.033896378468355824,4605.181726406443,140465.76445239945
BNY,1994-11-25,3.6504430770874023,7.51031018092246,0.25394392013549805,0.24999953056844407,1.3954761732297112,Hammer,1994-12-02,3.6504430770874023,1995-01-13,3.7774150371551514,Time stop (5 bars),6,0.034782616078773865,0.03199939312444454,3199.9393092445143,103199.93930924451
BNY,1997-10-31,13.13839340209961,9.08803985888973,1.7622547149658203,0.37623778450508644,2.068111725122257,Hammer,1997-11-07,13.43501091003418,1997-12-05,15.110025405883789,RSI > 90,4,0.12467533573780676,0.12388490656704214,12784.91482626526,115984.85413550977
BNY,2001-03-23,26.588764190673828,3.8390627168747216,3.469888687133789,0.16949177697487,1.3458869897634154,Hammer,2001-03-30,27.25921630859375,2001-04-27,30.63299560546875,RSI > 90,4,0.12376655508659584,0.12337707634070987,14309.872188733018,130294.72632424277
BNY,2007-03-16,26.662538528442383,9.852016961571621,1.2572803497314453,0.21195672785913344,1.2722133839216614,Hammer,2007-03-23,26.874364852905273,2007-05-04,28.09609603881836,Time stop (5 bars),6,0.04546083945053714,0.04508035039310513,5873.731911196872,136168.45823543964
BNY,2014-02-07,23.661344528198242,4.944596853347477,0.8782768249511719,0.1949160640215432,1.0445417565509645,Hammer,2014-02-14,23.631572723388672,2014-03-14,24.837339401245117,RSI > 90,4,0.05102354769063133,0.0505896811627525,6888.718879665752,143057.1771151054
BNY,2014-10-17,27.31657600402832,1.3738887671377285,1.5701770782470703,0.37799143612013725,1.5777476291194008,Hammer,2014-10-24,27.376676559448242,2014-11-21,29.7994384765625,RSI > 90,4,0.08849729848885235,0.08811593080781299,12605.616307630062,155662.7934227355
BNY,2015-07-10,31.75615882873535,3.208558853860623,0.9783420562744141,0.38132270686424935,1.0320132560845818,Hammer,2015-07-17,31.862747192382812,2015-08-14,34.39457702636719,RSI > 90,4,0.0794605003359421,0.07913423621570452,12318.256252392908,167981.04967512842
BR,2008-09-19,12.064224243164062,2.750850036314546,2.1481380462646484,0.14193473344562407,1.8723897740522404,Hammer,2008-09-26,11.890987396240234,2008-11-07,8.384671211242676,Time stop (5 bars),6,-0.2948717434606152,-0.29558842556515325,-29558.842526956483,70441.15747304351
BR,2014-10-17,32.123931884765625,1.7580202446495008,1.3921184539794922,0.18023184918978832,1.278262918095254,Hammer,2014-10-24,32.06727600097656,2014-11-07,35.596134185791016,RSI > 90,2,0.11004546144508764,0.10971650982011097,7728.557937902602,78169.71541094611
BRK.B,2002-03-08,47.939998626708984,2.101074683834625,3.05999755859375,0.26797397028024333,1.6930148656181185,Hammer,2002-03-15,47.13999938964844,2002-04-26,46.79999923706055,Time stop (5 bars),6,-0.007212561667163553,-0.007423908306693973,-742.3908299270065,99257.60917007299
BRK.B,2002-07-26,42.23999786376953,9.44868046899721,5.5,0.3200003884055398,2.324395625937884,Hammer,2002-08-02,43.20000076293945,2002-08-23,49.779998779296875,RSI > 90,3,0.15231476620718687,0.15206568453513508,15093.676268674375,114351.28543874735
BRK.B,2016-10-14,144.17999267578125,9.987737806515767,3.7599945068359375,0.3989367530385731,1.0935540205315986,Hammer,2016-10-21,144.5,2016-11-18,157.47999572753906,RSI > 90,4,0.0898269600521735,0.08975465020268544,10263.559614518646,124614.84505326599
BRK.B,2020-03-13,196.39999389648438,2.645518710860898,27.860000610351562,0.2821249259926839,2.948008276295555,Hammer,2020-03-20,174.0,2020-05-01,187.77999877929688,Time stop (5 bars),6,0.07919539528331532,0.07913565000601631,9861.476753827734,134476.32180709371
BRK.B,2023-10-06,346.3399963378906,7.875037373791557,10.489990234375,0.34890439174250004,1.0563648101926,Hammer,2023-10-13,344.239990234375,2023-11-24,359.3500061035156,Time stop (5 bars),6,0.04389384237099536,0.04386415575390054,5898.69031905932,140375.01212615301
BRO,2011-08-12,8.355472564697266,0.780458518047979,0.7861447334289551,0.31147504192786285,1.5740641653259115,Hammer,2011-08-19,8.415614128112793,2011-09-30,7.60798978805542,Time stop (5 bars),6,-0.0959673682470139,-0.09709794649391171,-9709.794639681375,90290.20536031864
BRO,2012-08-03,11.079615592956543,4.302747184291462,0.5296688079833984,0.33606530812138324,1.0273885544697765,Hammer,2012-08-10,11.081793785095215,2012-09-21,11.55660343170166,RSI > 90,6,0.042845919696236745,0.04192462271926824,3785.3827911912267,94075.58815150986
BRO,2017-01-27,19.959747314453125,3.0091399355214605,0.8443470001220703,0.39617693101804685,1.399792521444419,Hammer,2017-02-03,19.904382705688477,2017-03-17,19.954483032226562,Time stop (5 bars),6,0.0025170500024482845,0.002014142132424299,189.48160553907059,94265.06975704894
BSX,2012-07-27,5.21999979019165,1.5583447328000233,0.5799999237060547,0.2586208881011026,1.6980309356714514,Hammer,2012-08-03,5.179999828338623,2012-09-14,5.630000114440918,Time stop (5 bars),6,0.08687264498358549,0.08486023156596317,8486.023148110296,108486.02314811028
BSX,2016-11-18,21.34000015258789,0.38327479167590184,1.0939998626708984,0.3427788364474494,1.1903011263684558,Hammer,2016-11-25,21.389999389648438,2017-01-06,21.719999313354492,Time stop (5 bars),6,0.015427766859392955,0.014956762460151457,1622.5996768501782,110108.62282496045
BSX,2017-08-04,26.829999923706055,5.495013874770876,0.9099998474121094,0.3516480752543481,1.0836461563038993,Hammer,2017-08-11,26.799999237060547,2017-09-15,29.049999237060547,RSI > 90,5,0.08395522627062513,0.08356650116605789,9201.392348493693,119310.01517345413
BSX,2017-12-08,25.770000457763672,7.38180822478418,1.6899986267089844,0.2721890285605939,1.5036044197990384,Hammer,2017-12-15,25.639999389648438,2018-01-19,27.479999542236328,RSI > 90,5,0.07176287817427762,0.07135894701274842,8513.837042338888,127823.85221579303
BSX,2025-03-14,97.16000366210938,4.103199662149692,5.2740020751953125,0.2664008772208994,1.1991245352342221,Hammer,2025-03-21,96.76000213623047,2025-05-02,102.5,Time stop (5 bars),6,0.059322010510996837,0.05921560210067022,7569.1663642161075,135393.01858000914
BX,2008-01-11,7.427596569061279,8.6104443362334,1.484778881072998,0.3117206686220437,1.4928654449416079,Hammer,2008-01-18,7.709001064300537,2008-02-29,5.809520721435547,Time stop (5 bars),6,-0.24639772741260302,-0.24753436341898288,-24753.43631714485,75246.56368285517
BX,2014-10-17,16.155576705932617,3.9026939976620127,1.9408750534057617,0.22159098447047032,1.8089432587043544,Hammer,2014-10-24,16.19968605041504,2014-11-28,18.632638931274414,RSI > 90,5,0.15018518712571227,0.14952174163209522,11250.997242439873,86497.56092529505
BX,2015-10-02,19.208545684814453,9.528553113202648,2.1298084259033203,0.18610501391235976,1.250786928825322,Hammer,2015-10-09,19.452463150024414,2015-11-20,18.898584365844727,Time stop (5 bars),6,-0.02847345243160082,-0.028980077198757486,-2506.705990612574,83990.85493468249
BX,2017-11-17,22.520353317260742,9.598143309277702,1.8070125579833984,0.13333298149135261,1.7259474210495787,Hammer,2017-11-24,22.54161262512207,2018-01-05,22.945533752441406,Time stop (5 bars),6,0.017918909974931285,0.017471410622472826,1467.438713628947,85458.29364831145
BX,2020-03-13,37.60054016113281,2.2806949345992535,10.711971282958984,0.3042823937645629,2.8672026442584992,Hammer,2020-03-20,30.582630157470703,2020-05-01,39.37110900878906,Time stop (5 bars),6,0.28736831351869574,0.28699440937807696,24526.052487529356,109984.3461358408
BXP,1998-08-07,8.65876293182373,2.860597782057468,0.4098825454711914,0.04166656972077256,1.094422703992249,Hammer,1998-08-14,8.692919731140137,1998-09-25,7.446194648742676,Time stop (5 bars),6,-0.14341845098734674,-0.14448570707064085,-14448.570692615514,85551.42930738447
BXP,2001-07-27,12.651241302490234,8.132680621548602,0.5282077789306641,0.39024421069356124,1.3607313099480838,Hammer,2001-08-03,12.577163696289062,2001-08-24,13.237424850463867,RSI > 90,3,0.052496824412774146,0.05168118694613624,4421.399407122697,89972.82871450718
BXP,2002-07-26,12.235445976257324,0.5015021751166131,1.3176631927490234,0.2727272069307432,2.422504506920947,Hammer,2002-08-02,12.21833324432373,2002-09-13,12.998663902282715,Time stop (5 bars),6,0.0638655569753348,0.06302132508059619,5670.206881167549,95643.03559567474
BXP,2008-10-10,38.86825942993164,1.5866907350249164,9.38287353515625,0.33768352100124244,1.9050557323166868,Hammer,2008-10-17,39.96522521972656,2008-11-28,22.9597225189209,Time stop (5 bars),6,-0.42550749075753647,-0.42570444893085024,-40715.66572161474,54927.36987406
BXP,2015-07-02,78.79395294189453,4.8267744977990645,4.0868072509765625,0.37500046670873266,1.2716749790392574,Hammer,2015-07-10,78.27017211914062,2015-08-21,78.83921813964844,Time stop (5 bars),6,0.007270279406587088,0.007142060571350874,392.2946022732352,55319.66447633323
BXP,2018-12-28,79.59846496582031,5.2098530266087835,4.540809631347656,0.2170662983703898,1.1706654070510742,Hammer,2019-01-04,79.80469512939453,2019-02-01,87.66996002197266,RSI > 90,4,0.09855641801306891,0.0984249454886711,5444.834955089838,60764.49943142307
BXP,2021-12-03,86.62020111083984,7.999907995103044,5.74481201171875,0.3105338227638303,1.2452914900900598,Hammer,2021-12-10,88.66350555419922,2022-01-14,99.73350524902344,RSI > 90,5,0.12485407187128672,0.12473425175823809,7579.414362463025,68343.9137938861
C,1990-08-24,11.003124237060547,2.0353080867752595,1.4960384368896484,0.2903226217720292,1.7383446458284182,Hammer,1990-08-31,11.4857177734375,1990-10-12,7.383675575256348,Time stop (5 bars),6,-0.35714286900447434,-0.35785773171513696,-35785.77313572792,64214.22686427208
C,1998-10-09,92.5557861328125,2.8408691657127036,22.52680206298828,0.19565215182516757,1.424583538756976,Hammer,1998-10-16,96.63673400878906,1998-11-27,121.94420623779297,Time stop (5 bars),6,0.26188252830132064,0.2617655041941117,16809.069454752185,81023.29631902426
C,1999-06-04,172.9145965576172,7.30366199338404,16.326705932617188,0.13636333899383823,1.1167305279760356,Hammer,1999-06-11,172.9145965576172,1999-07-23,197.65200805664062,Time stop (5 bars),6,0.14306144184178593,0.14299947485005976,11586.288812654959,92609.58513167923
C,2002-06-28,211.95877075195312,3.058282443110926,24.8880615234375,0.39560434170578224,1.4233210620760295,Hammer,2002-07-05,213.05276489257812,2002-08-16,185.6053466796875,Time stop (5 bars),6,-0.12882920447772506,-0.12887311676593635,-11934.885866384931,80674.6992652943
C,2015-07-10,40.28190612792969,9.999923832595414,1.83099365234375,0.2782259408646955,1.268985278882654,Hammer,2015-07-17,40.63629150390625,2015-08-28,36.30371856689453,Time stop (5 bars),6,-0.10661831522188092,-0.10685125340060442,-8620.192725593322,72054.50653970099
C,2016-02-12,27.799135208129883,8.66174531103745,3.450824737548828,0.3519311573015201,1.3798885075720475,Hammer,2016-02-19,28.57668113708496,2016-03-24,32.16080093383789,RSI > 90,5,0.12542113549014244,0.12504932021355036,9010.367052102061,81064.87359180306
C,2020-03-13,40.90185546875,0.9838808169489681,10.32162857055664,0.3618013174151521,2.384093948546745,Hammer,2020-03-20,32.447418212890625,2020-05-01,35.396453857421875,Time stop (5 bars),6,0.09088660383338798,0.09056445733106627,7341.596278111534,88406.46986991458
CAG,2003-01-31,8.085779190063477,7.989973235961955,0.34877681732177734,0.34788184371060843,1.010129825274076,Hammer,2003-02-07,8.10226058959961,2003-03-21,6.816710472106934,Time stop (5 bars),6,-0.15866560983521805,-0.15980121807786357,-15980.121791806236,84019.87820819375
CAH,1996-07-26,9.089774131774902,8.598653153501473,0.4635953903198242,0.2857142857142857,1.1532765181064122,Hammer,1996-08-02,9.089774131774902,1996-08-30,9.934179306030273,RSI > 90,4,0.09289616683692992,0.09174556312950798,9174.55630377624,109174.55630377623
CAH,2016-01-15,60.971771240234375,7.867139713791914,4.180362701416016,0.3788158491482009,1.4195028419511218,Hammer,2016-01-22,61.692264556884766,2016-03-04,62.10504913330078,Time stop (5 bars),6,0.006691026490612817,0.006528402503884844,712.7354460213542,109887.2917497976
CAH,2020-03-13,40.497310638427734,5.2549957990488,6.344181060791016,0.2949060453168772,1.7789403714286791,Hammer,2020-03-20,36.21966552734375,2020-05-01,43.5835075378418,Time stop (5 bars),6,0.20331060221797936,0.2030064847651137,22307.832796177056,132195.12454597466
CASY,1993-09-17,3.7864327430725098,8.3951131072524,0.2652914524078369,0.363636445336758,1.2831664131658456,Hammer,1993-09-24,3.7864327430725098,1993-10-08,4.148193836212158,RSI > 90,2,0.09554140207600681,0.09277788028348025,9277.788019070238,109277.78801907023
CASY,2000-12-01,9.568289756774902,9.814536383068983,0.9017229080200195,0.0555553792866397,1.0862167297203835,Hammer,2000-12-08,9.618385314941406,2000-12-22,10.119343757629395,RSI > 90,2,0.052083424221921026,0.051017227994156984,5575.049820491013,114852.83783956124
CASY,2008-01-25,21.63469886779785,8.090340785583436,4.202970504760742,0.38585847401054746,2.240422016303155,Hammer,2008-02-01,21.54129981994629,2008-03-14,18.948719024658203,Time stop (5 bars),6,-0.12035396271154775,-0.120790150375554,-13873.09153982663,100979.74629973462
CASY,2016-03-11,97.6544189453125,2.6521261034496035,7.8837432861328125,0.2641507425450337,1.2439083689103057,Hammer,2016-03-18,97.84965515136719,2016-04-08,106.48645782470703,RSI > 90,3,0.0882660512188751,0.08815934878106124,8902.308664959073,109882.05496469369
CAT,1990-08-24,2.383244037628174,0.15889417218794222,0.2580149173736572,0.31578932778164337,1.5662054723464394,Hammer,1990-08-31,2.4307732582092285,1990-10-12,2.294975757598877,Time stop (5 bars),6,-0.05586596781568787,-0.05985676216740365,-5985.676210754689,94014.32378924532
CAT,1993-09-24,4.47352933883667,9.115130485773818,0.2791481018066406,0.35897378957869275,1.5377258487788426,Hammer,1993-10-01,4.487844467163086,1993-10-29,5.155880928039551,RSI > 90,4,0.14885463740207383,0.14646321849907437,13769.640433417324,107783.96422266265
CAT,2008-07-11,43.96503829956055,2.9981507250188173,3.1929931640625,0.3826437473716405,1.0928655019339568,Hammer,2008-07-18,44.58222579956055,2008-08-29,44.35512924194336,Time stop (5 bars),6,-0.005093881104954345,-0.005317589362546208,-573.150861030341,107210.81336163232
CAT,2012-07-13,57.79194641113281,2.3757067679410255,4.295490264892578,0.3737701336634587,1.0219475723626377,Hammer,2012-07-20,57.63702392578125,2012-08-31,62.1156005859375,Time stop (5 bars),6,0.07770312127710266,0.07752289659207488,8311.29278947477,115522.10615110709
CAT,2013-03-01,65.51099395751953,9.811034581653473,3.3415260314941406,0.38626605522391977,1.0746408509686411,Hammer,2013-03-08,64.97319030761719,2013-04-19,60.40549087524414,Time stop (5 bars),6,-0.07030129520725636,-0.07044978339195787,-8138.507347189752,107383.59880391734
CB,2002-07-12,18.0655574798584,6.035480516838064,2.32708740234375,0.39473666955176123,1.2614557094428565,Hammer,2002-07-19,17.851219177246094,2002-08-30,20.33140754699707,RSI > 90,6,0.13893663761141473,0.13833770437241835,13833.770423408063,113833.77042340807
CB,2003-03-14,16.47821617126465,9.221109312106307,2.143406867980957,0.1300577301698535,1.3506495084170382,Hammer,2003-03-21,16.41626739501953,2003-05-02,20.56770133972168,Time stop (5 bars),6,0.2528853755124405,0.25219940977017524,28708.809683988336,142542.5801073964
CB,2004-10-22,22.199188232421875,7.897760944778071,2.531545639038086,0.30203072648217116,1.6387307982449402,Hammer,2004-10-29,22.61682891845703,2004-12-10,26.2149600982666,RSI > 90,6,0.1590908784243057,0.15861366438334398,22609.200938881302,165151.78104627773
CB,2007-03-16,36.85732650756836,3.7816230474930563,1.8841018676757812,0.24911015456382388,1.3763057776946692,Hammer,2007-03-23,36.93107986450195,2007-04-20,39.395381927490234,RSI > 90,4,0.06672705136242074,0.06644728059912589,10973.88672565353,176125.66777193127
CB,2008-07-18,33.793888092041016,0.9214518646007832,3.8597946166992188,0.26785738993617453,1.5045307261517327,Hammer,2008-07-25,32.93232727050781,2008-09-05,36.530208587646484,Time stop (5 bars),6,0.10925074585787664,0.10893055431219745,19185.466599816937,195311.1343717482
CBOE,2018-12-28,86.83556365966797,5.347653726993229,8.206283569335938,0.13418103520407879,1.4701872810955068,Hammer,2019-01-04,86.62798309326172,2019-02-15,85.7885971069336,Time stop (5 bars),6,-0.009689547838421464,-0.009804418086512742,-980.4418076708325,99019.55819232916
CBRE,2006-05-26,25.503334045410156,5.8808442283608855,3.4966659545898438,0.2373689493034267,1.8580502044681706,Hammer,2006-06-02,25.503334045410156,2006-07-14,25.059999465942383,Time stop (5 bars),6,-0.017383396958154163,-0.017772018300400982,-1777.2018282628965,98222.7981717371
CBRE,2008-10-10,9.25,3.9691443014564243,3.390000343322754,0.38643076311098096,1.1307247998422927,Hammer,2008-10-17,9.720000267028809,2008-11-28,3.7100000381469727,Time stop (5 bars),6,-0.6183127637628102,-0.6190231427850719,-60802.185156610314,37420.613015126786
CBRE,2011-06-17,23.979999542236328,4.186842210106576,2.1999988555908203,0.30454564764490005,1.2784072346626851,Hammer,2011-06-24,23.829999923706055,2011-08-05,22.110000610351562,Time stop (5 bars),6,-0.07217789839954802,-0.07258230832356115,-2716.0744688045224,34704.53854632227
CBRE,2016-01-22,28.75,2.580387713461519,2.4099998474121094,0.269709402358781,1.1783143290419935,Hammer,2016-01-29,28.540000915527344,2016-03-11,27.670000076293945,Time stop (5 bars),6,-0.030483560312714264,-0.03082854478924569,-1069.8904198955088,33634.648126426764
CBRE,2022-01-28,98.33000183105469,6.240527460005097,6.459999084472656,0.3900924148926747,1.1446085464585212,Hammer,2022-02-04,97.72000122070312,2022-03-18,88.58999633789062,Time stop (5 bars),6,-0.09343025755998657,-0.0935278052560021,-3145.7748166768233,30488.873309749943
CCI,2013-06-14,42.480995178222656,6.66656435113272,1.9688377380371094,0.19018482171747214,1.0401587385575752,Hammer,2013-06-21,42.722572326660156,2013-07-19,46.87766647338867,RSI > 90,4,0.09725758353121483,0.0970121614923148,9701.216139530265,109701.21613953025
CCL,1991-11-22,3.153268814086914,5.153278796284894,0.34079861640930176,0.3474167368003509,1.306464148931506,Hammer,1991-11-29,3.1361312866210938,1992-01-10,3.5645647048950195,Time stop (5 bars),6,0.1366120800177104,0.1332110568113292,13321.105667811815,113321.10566781182
CCL,1998-10-09,13.965743064880371,9.298694073617767,4.167197227478027,0.3873874244986352,1.7248796779913906,Hammer,1998-10-16,15.317266464233398,1998-11-27,20.423023223876953,Time stop (5 bars),6,0.3333334163485213,0.33257199720018743,37687.426399190226,151008.53206700206
CCL,2002-07-26,15.808424949645996,5.309905486983581,1.8884220123291016,0.2575249197789667,1.3847723598910013,Hammer,2002-08-02,16.105266571044922,2002-09-13,15.219600677490234,Time stop (5 bars),6,-0.05499231506959312,-0.05559596978764296,-8395.465778077894,142613.06628892416
CCL,2005-02-25,35.87610626220703,9.508007279659452,4.128208160400391,0.07142863743260164,2.791146152639058,Hammer,2005-03-04,35.81058120727539,2005-04-15,33.41883850097656,Time stop (5 bars),6,-0.06678871511342332,-0.06705859922806295,-9563.432447390707,133049.63384153348
CCL,2007-07-13,32.83481979370117,6.343700578880089,1.5065631866455078,0.23287794366942532,1.1303787224029826,Hammer,2007-07-20,32.73851013183594,2007-08-31,31.56939697265625,Time stop (5 bars),6,-0.03571064029706117,-0.03601059124181237,-4791.195974349072,128258.4378671844
CCL,2014-10-17,29.30287742614746,4.607828549798086,2.274076461791992,0.33210402668520833,1.412737786982126,Hammer,2014-10-24,29.672101974487305,2014-11-21,34.841224670410156,RSI > 90,4,0.17420817373731623,0.17384186300798604,22296.685763028676,150555.1236302131
CCL,2016-01-22,42.80294418334961,9.440837136871622,3.7993316650390625,0.38409111902744253,1.597051961567969,Hammer,2016-01-29,42.785675048828125,2016-03-11,41.3254508972168,Time stop (5 bars),6,-0.034128809465899135,-0.03435851736233809,-5172.8508240647825,145382.27280614828
CCL,2022-03-11,17.026525497436523,7.612019916882758,3.2549266815185547,0.3100305358451913,1.135931262491144,Hammer,2022-03-18,17.11556625366211,2022-04-29,18.53032112121582,Time stop (5 bars),6,0.0826589577339285,0.08205072465130843,11928.720823269956,157310.99362941826
CDNS,1998-09-04,22.8125,2.7327157577007313,4.3125,0.34782608695652173,1.1896445933535578,Hammer,1998-09-11,23.0625,1998-10-23,25.0,Time stop (5 bars),6,0.08401084010840099,0.08355911997398933,8355.911989043023,108355.91198904303
CDNS,2020-03-13,62.470001220703125,6.390337177224694,8.669998168945312,0.28719704609492835,1.7836976203525663,Hammer,2020-03-20,55.7599983215332,2020-04-24,77.7300033569336,RSI > 90,5,0.39401014520683897,0.393795493524129,42670.069795312214,151025.98178435524
CDNS,2026-02-06,283.5199890136719,5.2082209211666,33.59100341796875,0.38165002589237856,1.506461934676149,Hammer,2026-02-13,283.489990234375,2026-03-27,289.20001220703125,Time stop (5 bars),6,0.02014188214524082,0.020106252911008423,3036.566582853032,154062.54836720825
CDW,2014-10-17,25.30365562438965,9.66141881063487,1.472055435180664,0.13609560224986103,1.1239717243776253,Hammer,2014-10-24,25.30365562438965,2014-11-14,28.570049285888672,RSI > 90,3,0.12908781679555492,0.1286671923561548,12866.719222748761,112866.71922274877
CDW,2016-02-12,30.180137634277344,5.422688023602163,4.925846099853516,0.30177320041106465,2.2652348445384356,Hammer,2016-02-19,30.619953155517578,2016-04-01,35.91767883300781,Time stop (5 bars),6,0.17301547296899145,0.17266069438991324,19487.646095023527,132354.36531777232
CDW,2020-03-13,93.44149780273438,2.452700177155762,13.162979125976562,0.2957245646838981,1.7328115804707769,Hammer,2020-03-20,81.22860717773438,2020-05-01,96.64229583740234,Time stop (5 bars),6,0.18975689963440634,0.18962211817044644,25097.315075563747,157451.68039333608
CF,2006-06-16,1.9520270824432373,2.570325254192909,0.2272346019744873,0.3734942413683478,1.3289746894919543,Hammer,2006-06-23,1.9547648429870605,2006-08-04,2.1573596000671387,RSI > 90,6,0.10364149826354296,0.09827442193856616,9827.442184029172,109827.44218402916
CF,2013-03-01,28.55565071105957,4.300483920543314,1.9018192291259766,0.12965787818886954,1.1449367544683737,Hammer,2013-03-08,28.48479461669922,2013-04-19,25.583879470825195,Time stop (5 bars),6,-0.10184083069264471,-0.10217396036150417,-11221.50471309488,98605.93747093428
CF,2016-01-22,22.327451705932617,2.5109563019178722,4.501262664794922,0.36092718599229306,1.3484442388787619,Hammer,2016-01-29,21.977188110351562,2016-02-26,25.11097526550293,RSI > 90,4,0.14259272566699788,0.14210537820301666,14012.434023357699,112618.37149429198
CFG,2016-07-01,13.520244598388672,3.2985779580230314,1.2247352600097656,0.31460768648557735,1.08932876256007,Hammer,2016-07-08,13.286306381225586,2016-08-05,15.391899108886719,RSI > 90,4,0.1584784113240436,0.15766642251368365,15766.642235601721,115766.64223560173
CFG,2020-03-13,17.98786163330078,0.7201158866779167,4.097827911376953,0.34693885150262377,1.9643140623803819,Hammer,2020-03-20,14.91639232635498,2020-05-01,15.843914985656738,Time stop (5 bars),6,0.062181433620713156,0.0614904185369605,7118.539276567179,122885.18151216891
CHD,2003-01-31,3.6307101249694824,6.582122739887808,0.23787403106689453,0.2578950322536674,1.0071284326719603,Hammer,2003-02-07,3.636970043182373,2003-03-21,3.5962889194488525,Time stop (5 bars),6,-0.011185443721148824,-0.013915854093416823,-1391.5854079500969,98608.41459204991
CHD,2014-02-07,26.93354606628418,2.586335705777387,1.6046390533447266,0.22572040894195006,1.958011212219929,Hammer,2014-02-14,26.929332733154297,2014-03-07,28.663442611694336,RSI > 90,3,0.06439483279157066,0.06401160539677227,6312.082917355538,104920.49750940544
CHD,2014-08-01,27.91034698486328,2.147479667566003,1.2010135650634766,0.3610613060346813,1.677814336075632,Hammer,2014-08-08,27.906095504760742,2014-09-05,29.2506103515625,RSI > 90,4,0.04817997009192432,0.04781305866601083,5016.569897667676,109937.0674070731
CHD,2014-10-17,29.20789337158203,8.735244211551915,0.8927211761474609,0.35885164397288283,1.3746195686487432,Hammer,2014-10-24,29.186538696289062,2014-11-14,31.528303146362305,RSI > 90,3,0.08023440101758239,0.0798780932493176,8781.563313117138,118718.63072019025
CHRW,2019-05-03,70.90547943115234,7.1851953558892205,8.214553833007812,0.3641977601890224,2.180688277143586,Hammer,2019-05-10,69.98429870605469,2019-06-21,71.2268295288086,Time stop (5 bars),6,0.01775442271662575,0.01761027536410046,1761.0275346490184,101761.02753464902
CHRW,2026-05-15,163.03167724609375,9.959515416274769,21.780410766601562,0.3962481461061047,1.5395868519341895,Hammer,2026-05-22,164.45680236816406,2026-06-18,192.22000122070312,RSI > 90,4,0.16881757672988496,0.1687516399121711,17172.34025844728,118933.36779309629
CHTR,2020-03-13,454.19000244140625,5.2302327723259765,64.95999145507812,0.3760775229269443,2.4650939767543605,Hammer,2020-03-20,414.9800109863281,2020-05-01,511.80999755859375,RSI > 90,6,0.23333650780460302,0.23330959916394536,23330.959893063577,123330.95989306357
CI,1990-10-12,2.31404185295105,3.455628858722818,0.22734451293945312,0.32142872124435795,1.4928748027409087,Hammer,1990-10-19,2.3302807807922363,1990-11-30,2.3952362537384033,Time stop (5 bars),6,0.02787452631527243,0.023532704674391874,2353.270465085917,102353.27046508591
CI,2002-07-26,23.54319190979004,9.719633765556424,2.83087158203125,0.28542668334016086,1.723980437884131,Hammer,2002-08-02,23.68544578552246,2002-09-13,21.964160919189453,Time stop (5 bars),6,-0.07267268186208808,-0.07307945498395903,-7479.921213934309,94873.3492511516
CI,2004-07-30,18.457902908325195,4.255469954137823,1.0001373291015625,0.32440498893889697,1.07866635027729,Hammer,2004-08-06,18.440044403076172,2004-09-10,20.67547035217285,RSI > 90,5,0.12122671183610412,0.1206516992024988,11446.630784736928,106319.98003588853
CI,2007-08-10,42.450531005859375,2.6590070688656198,6.260112762451172,0.3719597989337321,2.4712194375717327,Hammer,2007-08-17,41.97587203979492,2007-09-14,46.78520202636719,RSI > 90,4,0.1145736765638321,0.11432182690304375,12154.694341843224,118474.67437773175
CI,2011-08-12,39.467308044433594,3.899071049303288,3.6682357788085938,0.13267908062137715,1.4003257396760647,Hammer,2011-08-19,39.692626953125,2011-09-30,38.51194381713867,Time stop (5 bars),6,-0.029745653704922437,-0.029993811403192665,-3553.5070357868417,114921.16734194489
CI,2014-10-17,80.4194564819336,8.657966354852093,4.8952484130859375,0.39298817075261444,1.4066249601013958,Hammer,2014-10-24,80.65428924560547,2014-11-07,89.99320220947266,RSI > 90,2,0.11578941493649109,0.115658258969539,13291.582120224808,128212.7494621697
CI,2016-02-12,117.72340393066406,5.269627423733596,7.923515319824219,0.22919047788697908,1.226563703087577,Hammer,2016-02-19,119.06055450439453,2016-04-01,124.95081329345703,Time stop (5 bars),6,0.04947279822088424,0.049386733329709366,6332.008860825004,134544.7583229947
CI,2021-12-03,183.12648010253906,7.379523146206594,12.058151245117188,0.3829784003148399,1.1574597341582904,Hammer,2021-12-10,186.671875,2021-12-31,209.58338928222656,RSI > 90,3,0.12273683050661255,0.12267997459367448,16505.947516271117,151050.7058392658
CI,2024-12-20,268.30120849609375,5.819978819655134,21.939895629882812,0.34246338116622493,1.1208936890305101,Hammer,2024-12-27,267.3226318359375,2025-01-31,285.8184814453125,RSI > 90,5,0.06918923954304912,0.06915053817077915,10445.237589416047,161495.94342868184
CI,2025-05-16,312.47882080078125,6.940716898969924,31.1514892578125,0.22862892007225905,1.6607574276314359,Hammer,2025-05-23,312.09906005859375,2025-07-03,318.8854064941406,Time stop (5 bars),6,0.021744206580669667,0.02171181763631866,3506.3704692224046,165002.31389790427
CIEN,2003-03-14,34.15999984741211,6.474849364992664,7.489999771118164,0.3831774391972125,1.034280280705385,Hammer,2003-03-21,32.970001220703125,2003-05-02,29.75,Time stop (5 bars),6,-0.09766457693308073,-0.09795302808586985,-9795.302798791683,90204.69720120833
CIEN,2008-01-25,24.790000915527344,0.2488543856524501,5.130001068115234,0.39571155243274275,1.323077343350116,Hammer,2008-02-01,24.610000610351562,2008-03-14,26.889999389648438,Time stop (5 bars),6,0.09264521425236594,0.09222013906196096,8318.689711618823,98523.38691282715
CIEN,2010-10-29,13.8100004196167,7.555303753134353,1.390000343322754,0.38848908523444947,1.0574501985287998,Hammer,2010-11-05,13.800000190734863,2010-12-03,15.229999542236328,RSI > 90,4,0.1036231399809362,0.1028612337473554,10134.237120687212,108657.62403351437
CIEN,2012-05-11,13.100000381469727,1.8648000483009923,1.6599998474121094,0.2469878825900418,1.0968329920180884,Hammer,2012-05-18,12.899999618530273,2012-06-22,15.449999809265137,RSI > 90,5,0.19767443923578898,0.19682295744415823,21386.31488974543,130043.93892325979
CIEN,2016-01-22,17.989999771118164,6.91704823448471,1.7499008178710938,0.22281274660690695,1.01095976870332,Hammer,2016-01-29,17.920000076293945,2016-03-04,20.75,RSI > 90,5,0.15792410221302466,0.15732217080632221,20458.79475115321,150502.73367441303
CIEN,2022-05-13,52.36000061035156,3.099415400505279,4.489997863769531,0.3674829612939731,1.061969549460508,Hammer,2022-05-20,52.22999954223633,2022-07-01,47.130001068115234,Time stop (5 bars),6,-0.09764500323223102,-0.09782709905049834,-14723.245819814332,135779.4878545987
CINF,1996-05-10,6.969113349914551,2.633642198425946,0.26577138900756836,0.3333339313876235,1.0732954168449476,Hammer,1996-05-17,6.969113349914551,1996-06-28,6.953110218048096,Time stop (5 bars),6,-0.002296293812849459,-0.0037285215427095677,-372.8521538981046,99627.14784610189
CINF,2001-06-29,15.557817459106445,6.7477303139312,2.698000907897949,0.19708037195406672,2.9966622061093666,Hammer,2001-07-06,15.628714561462402,2001-08-17,15.691733360290527,RSI > 90,6,0.004032244531710694,0.0033913116821780143,337.86671001469483,99965.01455611657
CINF,2011-03-18,19.985788345336914,8.704932058472977,0.7969799041748047,0.3615390322295003,1.1604411202314289,Hammer,2011-03-25,20.221647262573242,2011-05-06,19.706485748291016,Time stop (5 bars),6,-0.025475744265191502,-0.025963844005623783,-2595.476041359446,97369.53851475712
CINF,2011-08-12,16.055843353271484,5.856577262520219,1.5546045303344727,0.2510120414374148,1.9763080037482896,Hammer,2011-08-19,16.206897735595703,2011-09-23,17.243335723876953,RSI > 90,5,0.06395042439275045,0.063313870160157,6164.842312912897,103534.38082767001
CL,2002-06-28,14.548761367797852,7.441862207062059,1.7295722961425781,0.3025213003173819,2.144231804054561,Hammer,2002-07-05,14.606898307800293,2002-08-16,15.611157417297363,Time stop (5 bars),6,0.068752385916234,0.0680444859766306,6804.44859085861,106804.4485908586
CL,2011-08-05,29.829557418823242,8.483759205076552,1.2158699035644531,0.33527748930923373,1.3278450016212715,Hammer,2011-08-12,29.343917846679688,2011-09-09,30.81146812438965,RSI > 90,4,0.05001207696183685,0.049662828637303764,5304.211022765319,112108.65961362392
CL,2015-08-28,49.19826126098633,4.18818977553191,9.82412338256836,0.12569199735180084,4.581364148482957,Hammer,2015-09-04,48.833255767822266,2015-10-16,51.5125617980957,RSI > 90,6,0.054866422239225665,0.05465604756573121,6127.416226245181,118236.07583986911
CL,2022-02-25,70.56084442138672,2.122181022271178,3.9190521240234375,0.3824886407438123,1.5867789313983787,Hammer,2022-03-04,69.6488037109375,2022-04-14,72.57454681396484,RSI > 90,6,0.0420070833545112,0.04186050075782858,4949.421337348098,123185.4971772172
CLX,1992-06-12,4.2881598472595215,1.3830883281261777,0.2464456558227539,0.2999996130285546,1.2014305683885884,Hammer,1992-06-19,4.263514995574951,1992-07-10,4.670151233673096,RSI > 90,3,0.0953758198388388,0.09292136457511016,9292.13644821888,109292.13644821887
CLX,2005-05-13,31.07689094543457,6.005200049119054,1.2168998718261719,0.3511111180772595,1.0078479224685233,Hammer,2005-05-20,30.990354537963867,2005-07-01,30.070920944213867,Time stop (5 bars),6,-0.029668379321820093,-0.029986222374440236,-3277.258304036697,106014.87814418218
CLX,2014-08-01,63.35665512084961,9.680128192201508,2.3581199645996094,0.21988071184647515,1.3983352702534073,Hammer,2014-08-08,63.17908477783203,2014-09-19,63.29273223876953,Time stop (5 bars),6,0.0017988146130500926,0.0016404045623505678,173.90728961084864,106188.78543379303
CLX,2025-04-11,134.1773681640625,9.044744184136206,9.021675109863281,0.1987384237823777,1.3189926541118304,Hammer,2025-04-17,135.1165313720703,2025-05-30,125.8860092163086,Time stop (5 bars),6,-0.0683152687685834,-0.06838674829932945,-7261.9057344104,98926.87969938264
CLX,2025-11-21,101.50206756591797,6.316571622863464,7.2375946044921875,0.2982450777212996,1.3036602349394175,Hammer,2025-11-28,101.09184265136719,2026-01-09,97.92723083496094,Time stop (5 bars),6,-0.03130432420071683,-0.031401691023664434,-3106.471307148764,95820.40839223386
CMCSA,1991-06-28,0.9133642911911011,0.27690285430909967,0.08736526966094971,0.36363667374838476,1.2332746623619983,Hammer,1991-07-05,0.9371911883354187,1991-08-16,0.8815951347351074,Time stop (5 bars),6,-0.05932199778687375,-0.069620746205662,-6962.074613604127,93037.92538639586
CMCSA,1998-09-04,3.855527639389038,7.607118699382312,0.8548784255981445,0.36498764509345666,2.115085639067677,Hammer,1998-09-11,3.972735643386841,1998-10-09,4.55260705947876,RSI > 90,4,0.14596274913413732,0.14326528135155353,13329.104543517744,106367.0299299136
CMCSA,2002-07-05,5.065281867980957,3.781866712517015,0.6549386978149414,0.3750001820159504,1.0884099926736506,Hammer,2002-07-12,5.027497291564941,2002-08-23,4.383053779602051,Time stop (5 bars),6,-0.12818376114177688,-0.13004349014947608,-13832.339795087406,92534.69013482619
CMCSA,2007-08-17,7.950582027435303,6.1982793561123515,0.5163941383361816,0.39024356461059856,1.1033697281788688,Hammer,2007-08-24,7.922243118286133,2007-10-05,7.616815090179443,Time stop (5 bars),6,-0.03855322584101217,-0.03979038152356867,-3681.9906209479486,88852.69951387825
CMCSA,2020-03-13,30.76654815673828,5.441430324037725,4.130369186401367,0.2935608955517494,1.9765422812305062,Hammer,2020-03-20,27.097715377807617,2020-05-01,29.581464767456055,Time stop (5 bars),6,0.09165899615591089,0.09127311987617322,8109.8630859419445,96962.56259982019
CME,2007-03-02,53.092628479003906,5.518350144288789,4.029243469238281,0.2621955953275859,1.4057179830215873,Hammer,2007-03-09,53.16633605957031,2007-04-20,54.29960250854492,Time stop (5 bars),6,0.02131548895347679,0.021125413281249228,2112.5413260123814,102112.54132601239
CME,2008-01-11,61.0589485168457,7.407558738161256,5.4053192138671875,0.20647479272702637,1.3281214863637252,Hammer,2008-01-18,61.48698806762695,2008-02-29,51.92783737182617,Time stop (5 bars),6,-0.15546623759301847,-0.15561621922642882,-15890.367600866153,86222.17372514625
CME,2008-03-20,46.762664794921875,2.279714555769175,7.668281555175781,0.10361736230433481,1.4159364238670455,Hammer,2008-03-28,46.99845886230469,2008-05-09,48.090248107910156,Time stop (5 bars),6,0.023230320143138528,0.023015098713789,1984.4118376172937,88206.58556276355
CME,2020-03-20,123.79914093017578,9.545014240181558,28.65019989013672,0.27414100673752057,2.254948920794727,Hammer,2020-03-27,123.33805084228516,2020-05-08,136.41273498535156,Time stop (5 bars),6,0.10600689773981653,0.1059215258083068,9342.976119805906,97549.56168256946
CMG,2014-05-02,10.035399436950684,3.7818994902060297,0.6513996124267578,0.09855762895985898,1.017521586111972,Hammer,2014-05-09,10.087800025939941,2014-06-06,10.960000038146973,RSI > 90,4,0.08646087451815476,0.08542723624673564,8542.72361613084,108542.72361613082
CMG,2020-03-20,11.319999694824219,1.2949627830931831,3.639799118041992,0.17028401674157614,2.547642352691483,Hammer,2020-03-27,11.226200103759766,2020-04-24,16.143999099731445,RSI > 90,4,0.4380644341378397,0.4369790361342366,47430.89469773079,155973.61831386163
CMI,1997-10-31,7.8407368659973145,2.0641146323593205,1.0373897552490234,0.302325741738694,1.5656920925295053,Hammer,1997-11-07,7.816611289978027,1997-12-12,8.642058372497559,RSI > 90,5,0.10560165420760637,0.10425563893265549,10425.563882839986,110425.56388283998
CMI,2015-10-02,81.04850769042969,5.812425907819659,5.112449645996094,0.2760636861120521,1.1644931068282771,Hammer,2015-10-09,81.64908599853516,2015-11-20,74.03671264648438,Time stop (5 bars),6,-0.09323280547423829,-0.09334956430946416,-10308.178266781833,100117.38561605813
CMI,2021-12-03,195.4728546142578,1.115212076017059,10.728363037109375,0.33341772223913163,1.0502169327507809,Hammer,2021-12-10,197.0400390625,2022-01-14,212.11727905273438,RSI > 90,5,0.07651866119175899,0.07646596971901054,7655.57296920843,107772.95858526658
CMS,1993-10-08,9.477091789245605,9.12557523428515,0.3144054412841797,0.28571211909802896,1.1372570274671965,Hammer,1993-10-15,9.387261390686035,1993-11-26,8.818633079528809,Time stop (5 bars),6,-0.06057446229434016,-0.061606921601546516,-6160.692153993959,93839.30784600605
CMS,2023-10-06,48.61726379394531,9.001412456831233,3.0019149780273438,0.08702254572810426,1.263320883190199,Hammer,2023-10-13,48.59893035888672,2023-11-24,52.91083908081055,RSI > 90,6,0.08872435442677107,0.08850948246693117,8305.66856419936,102144.9764102054
CNC,2008-03-14,4.324999809265137,3.904560130651646,0.7400000095367432,0.2601352864325332,1.3709479186887357,Hammer,2008-03-20,4.207499980926514,2008-05-02,4.212500095367432,RSI > 90,6,0.0011883813341853067,-0.0011869164585686588,-118.69164573817426,99881.30835426183
CNC,2015-10-02,27.985000610351562,7.991456287220927,3.8349990844726562,0.34289411750662974,1.5408411960876038,Hammer,2015-10-09,28.170000076293945,2015-11-13,30.68000030517578,RSI > 90,5,0.08910188931785235,0.0887311525150732,8862.583596124477,108743.89195038631
CNC,2016-02-12,26.915000915527344,4.8504651632106714,4.840000152587891,0.3316114652141393,1.7642965297400548,Hammer,2016-02-19,27.110000610351562,2016-04-01,32.189998626708984,Time stop (5 bars),6,0.18738465149343075,0.18698129825679863,20333.074074047196,129076.96602443351
CNP,1999-07-02,7.270534992218018,5.997271972184279,0.404818058013916,0.3600007067429164,1.0116148303033419,Hammer,1999-07-09,7.205764293670654,1999-08-20,6.978611469268799,Time stop (5 bars),6,-0.03152376557770287,-0.032888722296750085,-3288.8722263861364,96711.12777361386
CNP,2008-09-19,7.498348236083984,3.528892465484816,0.8646106719970703,0.33918112529091893,1.9872914155967767,Hammer,2008-09-26,7.518572807312012,2008-11-07,5.941037654876709,Time stop (5 bars),6,-0.20981843135190603,-0.21100814640783538,-20406.835788114753,76304.2919854991
CNP,2010-05-07,7.621135234832764,9.312424779268355,2.648108959197998,0.18837515960692805,5.654112322726137,Hammer,2010-05-14,7.859468936920166,2010-06-25,7.924098014831543,Time stop (5 bars),6,0.00822308459134935,0.006946314919614889,530.0336413194896,76834.32562681861
CNP,2014-08-08,16.126697540283203,9.103737186997336,0.6694602966308594,0.14851420268383714,1.322039423020634,Hammer,2014-08-15,16.146583557128906,2014-09-12,16.747474670410156,RSI > 90,4,0.03721475265372476,0.03658409784967771,2810.914484134618,79645.24011095324
CNP,2014-10-17,15.50915241241455,9.435624949177765,2.0616397857666016,0.3181818181818182,3.5117071925073526,Hammer,2014-10-24,15.502458572387695,2014-12-05,16.115602493286133,Time stop (5 bars),6,0.03955139876913094,0.03889379540064573,3097.705670413012,82742.94578136624
CNP,2023-03-03,26.123632431030273,7.97187670411185,1.6735305786132812,0.3571435084088205,1.2913354829004418,Hammer,2023-03-10,26.14202308654785,2023-04-21,28.073020935058594,Time stop (5 bars),6,0.07386566227555647,0.07346908449777054,6079.048469126594,88821.99425049285
COF,1995-10-27,6.1097283363342285,9.278268762455028,0.6691603660583496,0.30434801198006745,1.5141932591957736,Hammer,1995-11-03,6.1097283363342285,1995-12-15,5.953221797943115,Time stop (5 bars),6,-0.025615957007511625,-0.027230406525457163,-2723.0406498226757,97276.95935017733
COF,1999-05-28,36.03500747680664,5.599788500702772,4.7528533935546875,0.37106920762930884,1.4177265305641933,Hammer,1999-06-04,36.49833679199219,1999-07-16,38.11251449584961,Time stop (5 bars),6,0.044226061945145334,0.04394605657555483,4274.938754825902,101551.89810500323
COF,2006-07-28,56.535091400146484,1.9214707924095507,3.187328338623047,0.3538805489630047,1.227122468636174,Hammer,2006-08-04,56.535091400146484,2006-09-15,52.48530960083008,Time stop (5 bars),6,-0.07163306362508004,-0.07180359456061819,-7291.791311101071,94260.10679390216
COF,2020-03-13,65.42831420898438,0.865441819413121,15.51272201538086,0.3190504423018236,2.6714480849478535,Hammer,2020-03-20,54.80205154418945,2020-05-01,51.09229278564453,Time stop (5 bars),6,-0.06769379346234095,-0.06787007608949344,-6397.440613908477,87862.66617999368
COF,2022-03-11,120.46376037597656,4.497128584692504,11.649116516113281,0.39109736042224863,1.078325859681245,Hammer,2022-03-18,123.11212921142578,2022-04-29,124.01036071777344,Time stop (5 bars),6,0.007296043956847464,0.007214524185520194,633.8873295259643,88496.55350951964
COHR,1992-05-14,0.1796875,7.772357022122421,0.03125,0.25,1.3107107163303302,Hammer,1992-05-21,0.15625,1992-07-01,0.15625,Time stop (5 bars),6,0.0,-0.019801980198019802,-1980.1980178217823,98019.8019821782
COHR,1998-01-23,2.5,5.676889131318035,0.5625,0.3888888888888889,1.8142701904156973,Hammer,1998-01-30,2.53125,1998-03-06,2.859375,RSI > 90,5,0.12962962962962954,0.1254312469196649,12294.745973148507,110314.54795532672
COHR,2011-08-12,19.84000015258789,5.056147239304309,3.2900009155273438,0.2887539509353542,1.3188080595283111,Hammer,2011-08-19,20.290000915527344,2011-09-30,17.600000381469727,Time stop (5 bars),6,-0.13257764478458145,-0.1330377143265805,-14675.995302270625,95638.5526530561
COHR,2020-03-13,24.84000015258789,2.9038148823231182,8.790000915527344,0.33560869802963744,2.2757958134154417,Hammer,2020-03-20,21.549999237060547,2020-05-01,31.100000381469727,Time stop (5 bars),6,0.443155521230163,0.44258879527152084,42328.55175789946,137967.10441095557
COIN,2025-03-07,217.4499969482422,9.38484015080985,40.30999755859375,0.39568340149506614,1.0161738394135225,Hammer,2025-03-14,205.0749969482422,2025-04-25,175.10000610351562,Time stop (5 bars),6,-0.14616599434738398,-0.14621119217343345,-14621.119202722228,85378.88079727779
COO,1992-11-06,0.45717450976371765,3.326449136714004,0.1828697919845581,0.25,1.3462167820145454,Hammer,1992-11-13,0.45717450976371765,1992-12-24,0.4114570617675781,Time stop (5 bars),6,-0.09999999348119337,-0.11782177578849645,-11782.177567067469,88217.82243293253
COO,1995-03-24,0.7771967053413391,2.948850996270238,0.1828697919845581,0.2499998370298229,1.287583087369265,Hammer,1995-03-31,0.7314792275428772,1995-04-28,0.7771967053413391,RSI > 90,4,0.0625000356497234,0.04849760381922311,4278.352997868582,92496.1754308011
COO,2000-03-03,3.5131754875183105,4.611953604851209,0.31313085556030273,0.17073154017996506,1.2103698355187886,Hammer,2000-03-10,3.4979007244110107,2000-04-14,4.341387748718262,RSI > 90,5,0.24114092730555714,0.23794194865382498,22008.720203022145,114504.89563382325
COO,2001-11-16,5.595765590667725,8.034662526697403,0.5812830924987793,0.24472555841117472,1.1867905959289218,Hammer,2001-11-23,5.579823017120361,2002-01-04,6.083176612854004,RSI > 90,6,0.09020959879717005,0.08833826859351848,10115.164215658315,124620.05984948158
COO,2002-07-12,5.173464298248291,3.8525995496973025,0.45959043502807617,0.34492042692131714,1.0084170890175157,Hammer,2002-07-19,5.167320251464844,2002-08-30,5.646572589874268,Time stop (5 bars),6,0.09274678461695185,0.09072375947265214,11306.000323945882,135926.06017342745
COO,2003-04-25,6.878615856170654,7.651572457715574,0.6125807762145996,0.365462081849495,1.1737853856045268,Hammer,2003-05-02,6.92781925201416,2003-05-23,8.093936920166016,RSI > 90,3,0.1683239163338195,0.1667601052509734,22667.044078203857,158593.10425163133
COO,2003-08-08,8.362251281738281,9.073076485403675,0.7436399459838867,0.36092761518563976,1.4322896273276469,Hammer,2003-08-15,8.386876106262207,2003-09-05,9.209311485290527,RSI > 90,3,0.09806218294010982,0.09681212743620732,15353.735803958909,173946.84005559023
COO,2005-12-16,12.091227531433105,5.936984807703283,1.458292007446289,0.28054776245315965,1.1119662355823288,Hammer,2005-12-23,11.851722717285156,2006-02-03,13.715900421142578,Time stop (5 bars),6,0.1572917075707998,0.15638197401330256,27202.150194067253,201148.99024965748
COO,2014-10-17,37.353397369384766,1.5455794497368487,1.8609352111816406,0.1796229447372359,1.247360444895216,Hammer,2014-10-24,37.35838317871094,2014-11-07,41.13263702392578,RSI > 90,2,0.10102829737464769,0.10074713596491594,20265.184649622606,221414.1748992801
COO,2019-09-13,75.32671356201172,1.2608468001123327,3.9623336791992188,0.3284984528767635,1.070984147715542,Hammer,2019-09-20,74.95196533203125,2019-11-01,70.72980499267578,Time stop (5 bars),6,-0.05633154942170804,-0.056461201712323696,-12501.310378454662,208912.86452082545
COP,2001-09-28,9.293603897094727,9.006914665712927,0.6822891235351562,0.21717228192197163,1.2265492722337945,Hammer,2001-10-05,9.293603897094727,2001-11-16,9.674212455749512,Time stop (5 bars),6,0.04095381757918126,0.03985636583257174,3985.636579271538,103985.63657927154
COP,2002-07-26,8.334226608276367,3.4295921300963244,0.7879705429077148,0.38975512165248405,1.4712866884654554,Hammer,2002-08-02,8.448297500610352,2002-09-13,9.056055068969727,Time stop (5 bars),6,0.07193846669290083,0.07071294584346696,7353.130680575334,111338.76725984688
COP,2011-08-12,30.36958122253418,2.1552381192905017,3.250762939453125,0.32531848180171047,1.686244417334452,Hammer,2011-08-19,30.833972930908203,2011-09-30,28.939611434936523,Time stop (5 bars),6,-0.061437476779800826,-0.0617517807820066,-6875.367141493551,104463.40011835334
COP,2014-02-07,43.176273345947266,2.3878562767148708,1.7610740661621094,0.15848848165838125,1.287677529273174,Hammer,2014-02-14,43.16962432861328,2014-03-28,45.45814895629883,RSI > 90,6,0.05301238227752392,0.05277462544533355,5513.016808479093,109976.41692683243
COP,2014-10-17,46.98406219482422,2.5460762807063446,4.872322082519531,0.35977373262869444,2.252332784060496,Hammer,2014-10-24,47.05307388305664,2014-12-05,45.500282287597656,Time stop (5 bars),6,-0.033000853447284095,-0.033209850435924185,-3652.300353966645,106324.1165728658
COP,2016-01-22,27.29901695251465,3.4026703068084174,5.203264236450195,0.3091925283237702,1.7146306297822276,Hammer,2016-01-29,26.66853904724121,2016-03-11,30.126291275024414,RSI > 90,6,0.12965660479781316,0.12925739706594333,13743.178539801382,120067.29511266717
COP,2018-11-16,51.151939392089844,2.0340533921695396,4.231716156005859,0.35648898107758004,1.2603684329544005,Hammer,2018-11-23,50.571720123291016,2019-01-04,48.065181732177734,Time stop (5 bars),6,-0.04956403272426724,-0.04975685226283368,-5974.170658544861,114093.12445412231
COR,1996-07-19,2.8812499046325684,9.015047424546324,0.2916243076324463,0.039999640276300506,1.5889203631938775,Hammer,1996-07-26,2.869584798812866,1996-08-09,3.2428641319274902,RSI > 90,2,0.13008130419043473,0.12637627989428235,12637.627976790609,112637.62797679061
COR,2014-02-07,55.97956085205078,6.086714593876266,2.3976783752441406,0.2070156569939399,1.3113249230264674,Hammer,2014-02-14,55.912254333496094,2014-03-28,55.119163513183594,Time stop (5 bars),6,-0.014184561680915309,-0.014362129004453253,-1617.7161421405635,111019.91183465003
COST,1990-09-28,3.636338710784912,3.8220505708048904,0.44413280487060547,0.3125001342045535,1.168942478134962,Hammer,1990-10-05,3.872284412384033,1990-11-16,4.358055114746094,RSI > 90,6,0.12544809487869935,0.12270719703781618,12270.719691510898,112270.7196915109
COST,1992-08-28,7.827844142913818,3.067368109730481,1.4156737327575684,0.29411768668553123,1.3567816524862364,Hammer,1992-09-04,7.911118984222412,1992-10-02,8.910418510437012,RSI > 90,4,0.12631582563826416,0.1249727964153102,14030.785781376762,126301.50547288767
COST,1992-11-20,8.743868827819824,5.578578731968747,1.0825738906860352,0.30769203663621286,1.1372848933931021,Hammer,1992-11-27,8.827143669128418,1993-01-08,8.244218826293945,Time stop (5 bars),6,-0.06603776540685102,-0.06713260846366925,-8478.949506804398,117822.55596608328
COST,1995-03-10,4.330296993255615,7.7855056868040435,0.45801210403442383,0.27272698879045854,1.2422218640902136,Hammer,1995-03-17,4.330296993255615,1995-03-31,4.829946517944336,RSI > 90,2,0.11538458573786481,0.11294486293567987,13307.452421013295,131130.00838709658
COST,2006-08-04,35.337806701660156,7.748290093606016,1.9859619140625,0.3848807548097609,1.245221074492744,Hammer,2006-08-11,35.38557815551758,2006-09-22,34.05478286743164,Time stop (5 bars),6,-0.03760840877707772,-0.0378856565211806,-4967.9464524051255,126162.06193469146
CPAY,2020-03-13,235.4600067138672,2.5246067966958066,33.660003662109375,0.26559719158527284,1.5870395563693853,Hammer,2020-03-20,210.0,2020-05-01,224.36000061035156,Time stop (5 bars),6,0.06838095528738841,0.06833170929430994,6833.170922597825,106833.17092259781
CPRT,2000-07-14,0.5963541865348816,2.770806722607773,0.1171875,0.3777776082356771,1.269606549759166,Hammer,2000-07-21,0.6015625,2000-08-25,0.6692708730697632,RSI > 90,5,0.11255417860947636,0.0951400277296456,9514.002763450557,109514.00276345055
CPRT,2001-08-24,1.0241667032241821,9.978841482849063,0.12416672706604004,0.23489947061500444,1.1141807860426909,Hammer,2001-08-31,1.03041672706604,2001-10-05,1.1787500381469727,RSI > 90,5,0.143954680843827,0.13360158037326123,14631.24382756745,124145.246591018
CPRT,2003-02-07,0.6262500286102295,3.258955971602205,0.08312499523162842,0.3533829626432125,1.0705797211711208,Hammer,2003-02-14,0.6324999928474426,2003-03-28,0.4881249964237213,Time stop (5 bars),6,-0.22826086649228494,-0.2419705852841836,-30039.497947838427,94105.74864317958
CPRT,2008-12-05,1.6018749475479126,5.404194511218833,0.31062495708465576,0.3903422136990633,1.2769251296380195,Hammer,2008-12-12,1.611875057220459,2009-01-23,1.6256250143051147,Time stop (5 bars),6,0.008530411227013035,0.0023192621272185485,218.25589856341878,94324.00454174301
CPRT,2014-02-07,4.238749980926514,1.9427677905937628,0.19000005722045898,0.13157940967577592,1.1399965244049997,Hammer,2014-02-14,4.230000019073486,2014-03-07,4.53249979019165,RSI > 90,3,0.07151294793242613,0.06906724198366247,6514.698840037943,100838.70338178096
CPRT,2015-10-02,4.247499942779541,5.674719378920116,0.1887502670288086,0.08609330079476958,1.1143504157454065,Hammer,2015-10-09,4.284999847412109,2015-10-30,4.449999809265137,RSI > 90,3,0.03850641020505008,0.03613052852356847,3643.3556451717413,104482.05902695269
CPRT,2026-02-20,36.47999954223633,3.4774531597602873,4.259998321533203,0.3732396194972299,1.8336712560019384,Hammer,2026-02-27,36.41999816894531,2026-04-10,33.310001373291016,Time stop (5 bars),6,-0.08539255771589072,-0.08565537275206501,-8949.449702907441,95532.60932404526
CPT,1997-08-01,7.309667587280273,7.345119960339687,0.543694019317627,0.2777780213978315,2.4517321130144074,Hammer,1997-08-08,7.324770450592041,1997-09-19,7.445591449737549,Time stop (5 bars),6,0.01649485126673733,0.015119300105306403,1511.9300090187103,101511.93000901872
CPT,1998-08-07,7.412978172302246,6.701642195002364,0.43605756759643555,0.07407387157058828,1.7258263707890633,Hammer,1998-08-14,7.380677700042725,1998-09-25,7.154573440551758,Time stop (5 bars),6,-0.030634620380410094,-0.0319678530637209,-3245.118459497912,98266.81154952082
CPT,2013-06-21,39.354225158691406,2.879061013027737,2.5910720825195312,0.3651171761130921,1.5940087358298254,Hammer,2013-06-28,38.91434860229492,2013-07-19,44.3667106628418,RSI > 90,3,0.14011186763705274,0.13983692574510243,13741.328816116988,112008.14036563781
CPT,2016-01-22,48.347660064697266,8.883526690377948,2.6133880615234375,0.38717879851229925,1.1157636714410204,Hammer,2016-01-29,48.20023727416992,2016-03-11,52.730106353759766,RSI > 90,6,0.09398022366203906,0.09376302939622184,10502.222547217218,122510.36291285504
CPT,2018-12-28,68.29436492919922,4.53043214586414,3.9657821655273438,0.38461686446596116,1.416059182265251,Hammer,2019-01-04,68.4273452758789,2019-02-08,75.89740753173828,RSI > 90,5,0.1091677928720205,0.10901368681410516,13355.306320709034,135865.66923356408
CRL,2002-07-26,32.13999938964844,4.901651498549128,3.6000022888183594,0.11666714350352171,1.196555163481266,Hammer,2002-08-02,32.70000076293945,2002-08-16,38.0,RSI > 90,2,0.16207948359032764,0.16174894094651884,16174.894078476991,116174.894078477
CRL,2011-08-12,30.84000015258789,2.4254977032973244,3.3799972534179688,0.39349085713382825,1.4284462894716603,Hammer,2011-08-19,31.049999237060547,2011-09-30,29.81999969482422,Time stop (5 bars),6,-0.039613512800613204,-0.03992914418611642,-4638.7640918275465,111536.12998664944
CRM,2011-08-12,32.949951171875,4.200304455400698,3.315145492553711,0.32839247197068505,1.233609564351405,Hammer,2011-08-19,33.525001525878906,2011-09-30,29.620059967041016,Time stop (5 bars),6,-0.11647849011501321,-0.11675936118930041,-11675.936107254107,88324.06389274588
CRM,2018-11-16,130.2958221435547,6.937682354563478,10.183822631835938,0.39671894361311766,1.19957755096671,Hammer,2018-11-23,129.3619842529297,2019-01-04,133.68714904785156,Time stop (5 bars),6,0.03343458914842623,0.03335599743505781,2946.137245714175,91270.20113846006
CRM,2020-03-20,136.98019409179688,0.9913031971263848,30.38433074951172,0.39437092203834995,2.4452977887485376,Hammer,2020-03-27,136.40020751953125,2020-05-08,152.93417358398438,Time stop (5 bars),6,0.1212165755839163,0.12113882134659064,11056.364578922941,102326.565717383
CRWD,2022-05-13,156.2899932861328,4.186811166012802,30.600006103515625,0.1408500639771976,1.0851915404737267,Hammer,2022-05-20,154.0,2022-07-01,185.02000427246094,Time stop (5 bars),6,0.20142859917182432,0.2013571265378457,20135.712633648858,120135.71263364887
CSCO,1996-07-26,3.6736538410186768,4.811285454765127,0.4916081428527832,0.03636356582154597,1.4311433160308569,Hammer,1996-08-02,3.6825921535491943,1996-09-13,3.8345437049865723,Time stop (5 bars),6,0.04126211785112588,0.038494373978085916,3849.437393959154,103849.43739395915
CSCO,2012-07-27,10.332605361938477,4.6271115615279825,0.7836704254150391,0.3865550820334462,1.317811977304085,Hammer,2012-08-03,10.345776557922363,2012-08-24,12.512396812438965,RSI > 90,3,0.20942074694794122,0.20835347400731477,21637.391033099142,125486.82842705828
CSCO,2022-01-28,49.15143966674805,6.01004952591245,3.142120361328125,0.3909975621837395,1.2706743705233186,Hammer,2022-02-04,48.99234390258789,2022-03-18,48.37364196777344,Time stop (5 bars),6,-0.01262854326881413,-0.012831347267810735,-1610.1650714736038,123876.66335558466
CSGP,1999-10-15,1.8000000715255737,1.6000541543681805,0.5562500953674316,0.3370785938942566,1.3775783079110395,Hammer,1999-10-22,1.7625000476837158,1999-12-03,2.299999952316284,Time stop (5 bars),6,0.30496447664722215,0.29844406811974317,29844.40678212991,129844.40678212991
CSGP,1999-12-10,2.1875,8.501845490330126,0.3500000238418579,0.39285725233505436,1.0733325789330395,Hammer,1999-12-17,2.2125000953674316,1999-12-23,2.8125,RSI > 90,1,0.2711863858848449,0.26606533450218767,34547.09548917842,164391.50227130833
CSGP,2012-02-03,5.922000408172607,2.8427254640986632,0.4369997978210449,0.29290581643397656,1.0321666921172787,Hammer,2012-02-10,5.895999908447266,2012-03-23,6.675000190734863,RSI > 90,6,0.13212352347080514,0.13031694530053725,21422.998387940235,185814.50065924856
CSGP,2014-01-31,17.20400047302246,6.521974293296452,1.2700004577636719,0.34960636543585155,1.4775888215388628,Hammer,2014-02-07,17.204999923706055,2014-02-28,19.860000610351562,RSI > 90,3,0.154315646522456,0.15368975586119138,28557.785213231313,214372.28587247987
CSGP,2016-01-22,17.833999633789062,5.266187001167822,1.4489994049072266,0.12491361642137021,1.2013850641704258,Hammer,2016-01-29,17.7810001373291,2016-03-11,18.275999069213867,Time stop (5 bars),6,0.027838643949255282,0.027268577990554137,5845.627390481457,220217.91326296135
CSGP,2018-10-12,38.82999801635742,2.368325616709484,2.2900047302246094,0.23580943877423535,1.2348146420977524,Hammer,2018-10-19,38.9109992980957,2018-11-30,36.044002532958984,Time stop (5 bars),6,-0.07368088244593163,-0.0739283795104164,-16280.353450415812,203937.5598125455
CSGP,2021-03-05,79.86900329589844,6.461676635260702,8.694000244140625,0.3601330361373888,1.4146710375104383,Hammer,2021-03-12,79.81800079345703,2021-04-16,88.69100189208984,RSI > 90,5,0.11116541394707746,0.11103317352809039,22643.834444917848,226581.39425746334
CSGP,2022-02-25,61.70000076293945,3.8441669654210244,16.12999725341797,0.21264705979734091,2.863021696084915,Hammer,2022-03-04,61.2599983215332,2022-04-14,63.29999923706055,Time stop (5 bars),6,0.033300701459703985,0.03313475836355077,7507.719740889759,234089.11399835307
CSX,1994-04-22,1.183459997177124,1.445216135047275,0.07195436954498291,0.36842131422124363,1.2929032072863464,Hammer,1994-04-29,1.1815664768218994,1994-06-10,1.1772891283035278,Time stop (5 bars),6,-0.003620065905962866,-0.012032489369337247,-1203.2489357304758,98796.75106426951
CSX,1997-10-31,1.8011692762374878,6.421702756083192,0.17602336406707764,0.13953491522026074,1.7162077490744332,Hammer,1997-11-07,1.8216370344161987,1997-12-19,1.7329524755477905,Time stop (5 bars),6,-0.04868398983600486,-0.0540252699409154,-5337.52114019506,93459.22992407446
CSX,1998-06-05,1.5791385173797607,3.3615998278709327,0.09778594970703125,0.27659553717718655,1.0282122134026606,Hammer,1998-06-12,1.5791385173797607,1998-07-24,1.4792720079421997,Time stop (5 bars),6,-0.06324113327516567,-0.06935410523272004,-6481.781260641457,86977.448663433
CSX,2013-06-28,6.266936302185059,1.4462180486516871,0.31618404388427734,0.32478592520427213,1.0728437432555973,Hammer,2013-07-05,6.304770469665527,2013-07-26,6.864173412322998,RSI > 90,3,0.08872693230450746,0.0870717794409079,7573.281218782047,94550.72988221505
CTAS,1996-07-26,3.0596163272857666,2.4859470727335236,0.13498306274414062,0.22222163346050586,1.0672467458939112,Hammer,1996-08-02,3.0146219730377197,1996-09-13,3.329582452774048,Time stop (5 bars),6,0.10447760367743708,0.1009929330423899,10099.293294139698,110099.29329413969
CTAS,1999-04-09,7.778587341308594,0.4712772514097452,0.6760692596435547,0.39325866471061205,1.1297921368000445,Hammer,1999-04-16,7.702624797821045,1999-05-28,7.778587341308594,Time stop (5 bars),6,0.009861903634334812,0.008558089582434869,942.2396140317785,111041.53290817146
CTAS,1999-12-17,5.6820149421691895,8.697477670267276,1.2154045104980469,0.2250000784655897,1.876517703076245,Hammer,1999-12-23,5.719996452331543,2000-01-21,6.540394306182861,RSI > 90,4,0.143426287181859,0.14155429799808497,15718.406223729053,126759.93913190052
CTAS,2022-05-13,90.60113525390625,2.99044358968969,4.889030456542969,0.27553974235933926,1.014133015968644,Hammer,2022-05-20,90.20352172851562,2022-07-01,91.4710693359375,Time stop (5 bars),6,0.014052085585270158,0.013940452446460513,1767.0909018173975,128527.03003371792
CTSH,2008-09-19,11.636209487915039,3.0037656516258124,1.813094139099121,0.29468584295856176,1.3872362230461537,Hammer,2008-09-26,11.618691444396973,2008-11-07,8.408552169799805,Time stop (5 bars),6,-0.2762909480779123,-0.2770324117773608,-27703.241150032845,72296.75884996714
CTSH,2011-03-18,32.49116897583008,8.701136555622625,2.526945114135742,0.36568449036001893,1.5829784578395316,Hammer,2011-03-25,32.885318756103516,2011-05-06,36.54654312133789,Time stop (5 bars),6,0.11133309646131528,0.11101213072180427,8025.817236189496,80322.57608615662
CTSH,2011-08-12,28.291271209716797,2.3889891185809233,3.1838645935058594,0.32599795598294334,1.4673266865272079,Hammer,2011-08-19,28.16426658630371,2011-09-30,27.498592376708984,Time stop (5 bars),6,-0.02363541786379919,-0.02398621943260839,-1926.634933468301,78395.94115268833
CTSH,2012-05-11,26.841672897338867,5.4215978133869385,2.5882568359375,0.10321505211526671,1.2819649484074709,Hammer,2012-05-18,26.491317749023438,2012-06-29,25.322002410888672,Time stop (5 bars),6,-0.0441395686395355,-0.04450865019454373,-3489.2975179477426,74906.6436347406
CTSH,2026-02-27,63.97886657714844,0.7641896363977878,5.009674072265625,0.16451933210280403,1.0228097493890371,Hammer,2026-03-06,62.71775817871094,2026-04-17,57.534305572509766,Time stop (5 bars),6,-0.08264728773358254,-0.08280013119646105,-6202.279914240795,68704.36372049981
CVS,1990-08-24,4.835761070251465,2.541603908180136,0.4470033645629883,0.24242453335381478,1.4479325716545466,Hammer,1990-08-31,4.8899431228637695,1990-10-12,3.914663791656494,Time stop (5 bars),6,-0.1994459458326191,-0.2012851439693219,-20128.51437680368,79871.48562319632
CVS,1996-07-19,5.089770317077637,6.612832541415912,0.3460540771484375,0.24436290180343048,1.30115705399513,Hammer,1996-07-26,5.089770317077637,1996-08-16,5.63510274887085,RSI > 90,3,0.10714283706741479,0.10507489022592086,8392.487575646082,88263.97319884239
CVS,2002-07-26,8.266046524047852,8.18108675093923,0.8925933837890625,0.30357112330546865,1.2587389113703014,Hammer,2002-08-02,8.368057250976562,2002-08-23,9.61449909210205,RSI > 90,3,0.14895235581472943,0.1476691015078488,13033.861604752037,101297.83480359442
CVS,2007-06-29,23.97260856628418,5.957970090601464,1.2496013641357422,0.32631561273660575,1.19908716273989,Hammer,2007-07-06,23.97260856628418,2007-08-17,25.198322296142578,Time stop (5 bars),6,0.05112976030411143,0.050702042553478724,5136.007125651096,106433.84192924551
CVS,2008-10-10,20.473905563354492,3.6491875140212358,3.9383087158203125,0.19696940345058717,2.0931173156363587,Hammer,2008-10-17,21.083879470825195,2008-11-28,17.765987396240234,Time stop (5 bars),6,-0.15736629870115182,-0.15780317200773228,-16795.597848608915,89638.2440806366
CVS,2011-08-12,22.79466438293457,4.5249901738124265,1.6453304290771484,0.24583278751998255,1.390857700759628,Hammer,2011-08-19,22.91120719909668,2011-09-30,23.452795028686523,Time stop (5 bars),6,0.023638554916966426,0.023197024925258877,2079.340580115626,91717.58466075223
CVX,2001-07-20,17.340883255004883,7.756313070430281,0.9923019409179688,0.24361655505408916,1.1737396092312349,Hammer,2001-07-27,17.370126724243164,2001-08-31,18.278738021850586,RSI > 90,5,0.05230884679380554,0.051718258627351986,5171.825857563374,105171.82585756337
CVX,2011-08-12,52.218345642089844,7.724978909148945,5.3111724853515625,0.2841027600532072,1.8473090109711445,Hammer,2011-08-19,52.8393440246582,2011-09-30,49.77588653564453,Time stop (5 bars),6,-0.05797682665371595,-0.05816057604158242,-6116.853969104024,99054.97188845935
CVX,2013-10-11,68.95486450195312,8.852311272731583,2.3791732788085938,0.26354607927707213,1.1198721891089962,Hammer,2013-10-18,68.75563049316406,2013-11-29,73.13851165771484,RSI > 90,6,0.06374577810011561,0.06359571070229667,6299.471329543119,105354.44321800246
CVX,2014-10-17,67.79228210449219,2.7564638176938416,4.814582824707031,0.35138505713430007,1.8730196500350835,Hammer,2014-10-24,67.6285629272461,2014-12-05,66.93994140625,Time stop (5 bars),6,-0.010182406533418509,-0.010329509355400984,-1088.2597057651583,104266.18351223732
CVX,2017-02-03,75.89131164550781,2.8205774052547383,2.3855972290039062,0.3165262164798439,1.0294918921459102,Hammer,2017-02-10,75.69752502441406,2017-03-24,72.36756134033203,Time stop (5 bars),6,-0.04399039047852682,-0.044119580991583786,-4600.1803235513125,99666.003188686
CVX,2020-03-13,63.37274932861328,6.934255875223528,11.509124755859375,0.3815143146545895,2.308663623310761,Hammer,2020-03-20,55.130191802978516,2020-05-01,65.90249633789062,Time stop (5 bars),6,0.19539755227788125,0.195198460057424,19454.650323055168,119120.65351174117
CVX,2020-10-30,54.34542465209961,8.723636676691754,5.262432098388672,0.3551168345396752,1.0319097711762892,Hammer,2020-11-06,55.28376007080078,2020-11-20,67.43524169921875,RSI > 90,2,0.2198020108049057,0.21960126457656162,26159.046122205757,145279.6996339469
D,1997-10-31,5.38030481338501,6.363481441941019,0.37978601455688477,0.142856784130958,2.142884047746284,Hammer,1997-11-07,5.416475296020508,1997-12-05,5.7374267578125,RSI > 90,4,0.05925467102707849,0.05735550653901129,5735.5506481655775,105735.55064816558
D,2002-07-26,10.212796211242676,2.637103835894351,1.6592540740966797,0.3505621736076705,2.5291545749524778,Hammer,2002-08-02,10.486852645874023,2002-08-30,12.082718849182129,RSI > 90,4,0.1521778036936552,0.1511521612850476,15982.156989152685,121717.70763731825
D,2004-05-14,12.565729141235352,8.341806641352207,0.4325380325317383,0.23720921003022827,1.2176694461875377,Hammer,2004-05-21,12.545611381530762,2004-07-02,12.98776912689209,Time stop (5 bars),6,0.03524401736309635,0.034433202672284405,4191.130491690508,125908.83812900877
D,2013-06-07,32.377037048339844,9.41778105632605,1.2305831909179688,0.309615921138287,1.2383370091948696,Hammer,2013-06-14,32.4759635925293,2013-07-26,34.762840270996094,RSI > 90,6,0.07041751577135247,0.07009880331846087,8826.058871235255,134734.89700024403
D,2022-10-14,53.644439697265625,1.0710723610355615,3.5284690856933594,0.38297906844244173,1.0140212714819226,Hammer,2022-10-21,54.35347366333008,2022-12-02,50.96680450439453,Time stop (5 bars),6,-0.062308237738637584,-0.06248647046222943,-8419.108153218167,126315.78884702588
DAL,2014-07-11,32.28044128417969,6.597194300640979,3.2341156005859375,0.3404831777156041,1.5134618905299266,Hammer,2014-07-18,32.58391189575195,2014-08-29,35.38569259643555,Time stop (5 bars),6,0.08598662768446985,0.08566658222938427,8566.658214371768,108566.65821437177
DAL,2018-10-12,48.39591979980469,7.836202726799584,3.021839141845703,0.2707695570448787,1.1126903773319143,Hammer,2018-10-19,48.349430084228516,2018-11-16,52.957183837890625,RSI > 90,4,0.09530109756485317,0.09508443684794311,10322.999546453655,118889.65776082542
DAL,2021-12-03,34.816650390625,9.875840307563465,4.141517639160156,0.39718276388676527,1.2580077936383998,Hammer,2021-12-10,36.045589447021484,2022-01-21,38.60990524291992,Time stop (5 bars),6,0.07114090337369516,0.07085364858325434,8423.766022745134,127313.42378357056
DD,2020-03-13,13.759899139404297,1.1655352999824231,1.9694089889526367,0.2391714586637289,1.1700160556453076,Hammer,2020-03-20,12.20217514038086,2020-05-01,15.669965744018555,Time stop (5 bars),6,0.28419446235955736,0.2832588673361012,28325.88670528424,128325.88670528424
DD,2022-03-11,27.881526947021484,5.149405405575877,2.4346790313720703,0.21958944685864878,1.2826465782691872,Hammer,2022-03-18,28.13922882080078,2022-04-29,25.708391189575195,Time stop (5 bars),6,-0.08638607854912816,-0.08672604414804987,-11129.196504610933,117196.6902006733
DE,1996-07-19,10.220271110534668,0.8930377050180311,0.7375450134277344,0.380952504098933,1.0529182657129998,Hammer,1996-07-26,10.150028228759766,1996-08-30,11.273907661437988,RSI > 90,5,0.11072672975369158,0.10968747772887877,10968.74776191913,110968.74776191913
DE,2019-08-16,135.82388305664062,6.712217546283767,11.918609619140625,0.39022504218420734,1.4197999624201456,Hammer,2019-08-23,136.69764709472656,2019-09-20,149.39443969726562,RSI > 90,4,0.09288230538262776,0.09280575667088507,10298.53859256695,121267.28635448609
DECK,1995-02-17,0.6666679978370667,2.55096724126129,0.1111113429069519,0.3749999329449145,1.28275559218787,Hammer,1995-02-24,0.6944458484649658,1995-04-07,0.8611128330230713,RSI > 90,6,0.23999997253423522,0.22398729637459955,22398.729615061224,122398.72961506124
DECK,2015-08-28,10.691688537597656,8.077646330348088,0.9433345794677734,0.37985842504433065,1.2337480132927074,Hammer,2015-09-04,10.665021896362305,2015-10-16,10.173354148864746,Time stop (5 bars),6,-0.04610095996757957,-0.04701656213738324,-5754.76747072853,116643.96214433272
DECK,2020-03-20,17.316701889038086,0.8524603217780111,6.420012474060059,0.3457942078806917,2.178021105208016,Hammer,2020-03-27,17.43170166015625,2020-05-08,23.390045166015625,Time stop (5 bars),6,0.3418107779734665,0.34113926026799224,39791.83492085352,156435.79706518626
DECK,2021-10-15,59.71178436279297,7.9658976250070594,5.629177093505859,0.12301994707435003,1.199945431879183,Hammer,2021-10-22,59.20845031738281,2021-11-12,70.32847595214844,RSI > 90,3,0.18781146230238233,0.18762672290191043,29351.535918537666,185787.3329837239
DECK,2022-02-25,47.92509460449219,0.8821737651510801,5.593029022216797,0.39001308844281635,1.065083031088623,Hammer,2022-03-04,47.410091400146484,2022-04-14,42.78175354003906,Time stop (5 bars),6,-0.09762347473755606,-0.09782408349619034,-18174.47555615985,167612.85742756404
DELL,2018-12-28,20.94077491760254,3.071178584307802,2.272554397583008,0.2814549721227422,1.3983570943136303,Hammer,2019-01-04,20.973041534423828,2019-02-15,23.90926742553711,RSI > 90,6,0.14000000363771492,0.1394899464905484,13948.994635105842,113948.99463510585
DG,2015-10-16,58.39476776123047,7.934752188476722,3.5636863708496094,0.3923864187394763,1.1942752688962,Hammer,2015-10-23,58.29910659790039,2015-12-04,56.525089263916016,Time stop (5 bars),6,-0.030429580100087894,-0.030598485048197628,-3059.848501759914,96940.1514982401
DG,2016-08-19,79.70142364501953,7.644466562868757,4.017974853515625,0.3930131170202262,1.2919775593338838,Hammer,2016-08-26,79.93829345703125,2016-10-07,60.9856071472168,Time stop (5 bars),6,-0.23709145504841156,-0.23720171498822112,-22994.370163606152,73945.78133463395
DG,2022-02-25,184.61203002929688,2.657552906761609,13.248199462890625,0.0672261164616912,1.276068059677974,Hammer,2022-03-04,183.6100616455078,2022-04-14,228.241943359375,RSI > 90,6,0.2430797164048506,0.24301863536671842,17970.2028530983,91915.98418773225
DG,2023-01-20,215.92311096191406,6.607195121667246,13.205673217773438,0.25099399501067077,1.0987362335473665,Hammer,2023-01-27,216.26954650878906,2023-03-10,204.96824645996094,Time stop (5 bars),6,-0.052255623740205315,-0.052300653180971726,-4807.266005983,87108.71818174925
DGX,1998-09-04,3.0623137950897217,2.869551845737604,0.25335693359375,0.3913044296555047,1.3937406126149223,Hammer,1998-09-11,3.172469139099121,1998-10-23,2.632708787918091,Time stop (5 bars),6,-0.1701388815824083,-0.17301831335391002,-17301.83131808917,82698.16868191083
DGX,2004-07-30,29.09687614440918,1.4832819655139247,1.4817848205566406,0.3636356615290353,1.3897543873420222,Hammer,2004-08-06,29.064970016479492,2004-09-10,30.787811279296875,RSI > 90,5,0.059275521765222994,0.058921328843696365,4872.6859868056545,87570.85466871648
DGX,2010-05-07,40.31415939331055,2.290044459667868,12.41232681274414,0.18355211740549637,5.213531830099617,Hammer,2010-05-14,41.142635345458984,2010-06-25,39.52267074584961,Time stop (5 bars),6,-0.039374351837386024,-0.03961259464668744,-3468.908765386933,84101.94590332956
DHI,2004-04-16,17.7804012298584,7.856602881988238,1.4103450775146484,0.15079379032683415,1.1111152578547796,Hammer,2004-04-23,17.85315704345703,2004-06-04,16.252840042114258,Time stop (5 bars),6,-0.08963775972212551,-0.0901726307717049,-9017.263068153228,90982.73693184677
DHI,2007-08-03,12.913389205932617,2.543776378605912,1.7887325286865234,0.3596497588533297,1.3840068166002342,Hammer,2007-08-10,12.803555488586426,2007-09-21,11.24174690246582,Time stop (5 bars),6,-0.12198241242542829,-0.12271552303624164,-11164.994138695361,79817.74279315141
DHI,2013-06-07,20.56938362121582,6.387932809760372,2.1302757263183594,0.39754118175843733,1.2667606024169658,Hammer,2013-06-14,20.691612243652344,2013-07-26,19.443130493164062,Time stop (5 bars),6,-0.06033757716831778,-0.060806171351751453,-4853.411340336977,74964.33145281444
DHI,2018-10-26,33.096099853515625,6.841125206937889,2.5338497161865234,0.39130516602971693,1.0464154509435395,Hammer,2018-11-02,33.702022552490234,2018-12-14,33.613346099853516,Time stop (5 bars),6,-0.0026311908283429553,-0.0029274746080894653,-219.45617662106054,74744.87527619339
DHI,2020-03-20,29.413570404052734,2.72209826505825,8.81094741821289,0.3755319328564248,1.906370696164573,Hammer,2020-03-27,28.916784286499023,2020-05-08,42.94868850708008,Time stop (5 bars),6,0.4852511981123855,0.4848215477191917,36237.926079244105,110982.80135543748
DHR,1998-05-01,5.541479587554932,8.917455964735368,0.500272274017334,0.30769282092976485,2.118171600202552,Hammer,1998-05-08,5.541479587554932,1998-06-19,5.46451473236084,Time stop (5 bars),6,-0.013888863791349126,-0.015679288785128014,-1567.9288769448722,98432.07112305514
DHR,2005-04-08,16.108610153198242,3.6786095847990907,0.6058197021484375,0.3846151424325618,1.06135247287072,Hammer,2005-04-15,16.124143600463867,2005-05-27,16.636760711669922,RSI > 90,6,0.031791896916082196,0.031162045776044756,3067.3447031001924,101499.41582615534
DHR,2011-08-12,27.715993881225586,1.46400412758031,2.6485843658447266,0.37914664980581453,1.4854269719439381,Hammer,2011-08-19,27.948213577270508,2011-09-30,27.119747161865234,Time stop (5 bars),6,-0.029642911276413053,-0.02999534966123015,-3044.5104650716166,98454.90536108371
DIS,2011-08-12,28.467241287231445,4.628332501313878,4.430530548095703,0.32233001015121787,2.3503802800200426,Hammer,2011-08-19,28.759740829467773,2011-09-30,25.860538482666016,Time stop (5 bars),6,-0.10080766596586221,-0.1011377910216195,-10113.779092048171,89886.22090795184
DIS,2014-10-17,75.37507629394531,2.000295670659412,7.058258056640625,0.3261138854659835,2.6178672620421355,Hammer,2014-10-24,75.73473358154297,2014-12-05,83.28752136230469,Time stop (5 bars),6,0.09972686802455955,0.09958825340520902,8951.611736466093,98837.83264441794
DIS,2016-02-12,84.01631927490234,7.660385111448406,6.40606689453125,0.29496365178120565,1.2457976195378666,Hammer,2016-02-19,85.2330093383789,2016-04-01,89.86934661865234,Time stop (5 bars),6,0.05439602938184396,0.05427551999610582,5364.47475669939,104202.30740111733
DIS,2022-05-13,104.860595703125,0.48878352736718966,11.010704040527344,0.30257311035584245,1.1865725274632832,Hammer,2022-05-20,104.98760223388672,2022-07-01,95.96019744873047,Time stop (5 bars),6,-0.08598543630937872,-0.08607658628199423,-8969.378894825782,95232.92850629156
DLR,2007-08-03,16.383527755737305,8.366750234371167,1.2709684371948242,0.2075459947310249,1.132494897093387,Hammer,2007-08-10,16.748031616210938,2007-09-21,17.852210998535156,Time stop (5 bars),6,0.06592890481860869,0.06531232121984697,6531.232115453464,106531.23211545347
DLR,2023-09-29,111.3117904663086,9.555222082811554,6.948936462402344,0.38848454838599883,1.0994460493160898,Hammer,2023-10-06,110.69554138183594,2023-11-17,117.6214828491211,Time stop (5 bars),6,0.06256748357546438,0.06247432380145459,6655.466683493292,113186.69879894677
DLR,2026-06-12,182.97999572753906,9.057740712295896,9.476806640625,0.39308324960713087,1.0382324098485955,Hammer,2026-06-18,184.83999633789062,2026-06-22,195.5399932861328,End of data,1,0.05788788768791364,0.05783222245681574,6545.838337547451,119732.53713649421
DLTR,1996-07-19,2.617284059524536,1.4527688393497584,0.5679011344909668,0.3913041835470938,1.5879354406774124,Hammer,1996-07-26,2.617284059524536,1996-08-16,3.2592592239379883,RSI > 90,3,0.24528295355532603,0.24100179464464264,24100.17944036409,124100.17944036408
DLTR,2006-06-09,8.453333854675293,3.8856721412435746,0.7266669273376465,0.33027479590611386,1.5480901831793574,Hammer,2006-06-16,8.470000267028809,2006-07-28,8.430000305175781,Time stop (5 bars),6,-0.0047225455244358505,-0.005899700327744909,-732.1538685853641,123368.02557177872
DLTR,2012-08-17,48.900001525878906,3.5703176367586025,12.369998931884766,0.15117211749021886,3.7417101133525117,Hammer,2012-08-24,48.86000061035156,2012-10-05,48.310001373291016,Time stop (5 bars),6,-0.011256635902375023,-0.011460129541918386,-1413.813552969471,121954.21201880924
DLTR,2016-10-07,77.97000122070312,0.12652457500755077,5.370002746582031,0.3575413755919171,1.2913208882339702,Hammer,2016-10-14,78.08999633789062,2016-11-25,81.97000122070312,RSI > 90,6,0.049686324302333995,0.04955509397898299,6043.452431681457,127997.6644504907
DOC,1992-03-06,1.125488042831421,8.018867717372387,0.051895737648010254,0.25000172281908334,1.1343019883733931,Hammer,1992-03-13,1.125488042831421,1992-04-24,1.1060271263122559,Time stop (5 bars),6,-0.01729109131200246,-0.026060352169119012,-2606.0352143058662,97393.96478569413
DOC,1993-11-26,1.6371835470199585,2.792186805680714,0.11694169044494629,0.2500005096954264,1.3799738358764386,Hammer,1993-12-03,1.6518012285232544,1994-01-14,1.6079481840133667,Time stop (5 bars),6,-0.02654862083441678,-0.03250422777504116,-3165.7156121428243,94228.24917355132
DOC,1998-12-11,2.5169970989227295,1.5966265789297012,0.18644404411315918,0.33333375958915756,1.348834389558011,Hammer,1998-12-18,2.5377132892608643,1999-01-29,2.4859232902526855,Time stop (5 bars),6,-0.020408136422402245,-0.024300812548999733,-2289.8230176970865,91938.42615585423
DOC,2004-05-14,5.9258198738098145,3.6688378366548307,0.6410660743713379,0.36974798666778735,1.6231232100462651,Hammer,2004-05-21,5.979691028594971,2004-07-02,6.593821048736572,Time stop (5 bars),6,0.10270263416702008,0.1009458996721896,9280.807133467068,101219.23328932132
DOC,2005-01-14,7.198706150054932,4.919913110981213,0.5088305473327637,0.26229529704478044,1.5300014850811536,Hammer,2005-01-21,7.173681259155273,2005-03-04,7.090627193450928,Time stop (5 bars),6,-0.011577607465950601,-0.012962557097192554,-1312.0600895348207,99907.1731997865
DOC,2005-08-12,7.560678958892822,5.1884885673630095,0.5392160415649414,0.32432451552769764,1.588241306633282,Hammer,2005-08-19,7.560678958892822,2005-09-30,7.782195091247559,Time stop (5 bars),6,0.029298444433246473,0.027957323262589276,2793.13713460479,102700.31033439128
DOC,2015-05-08,20.0181884765625,9.491990154434191,1.2161178588867188,0.34310597933487663,1.307691624096289,Hammer,2015-05-15,19.61098861694336,2015-06-26,19.027835845947266,Time stop (5 bars),6,-0.029736021084233677,-0.030238229771593454,-3105.4755783998025,99594.83475599147
DOC,2022-02-25,24.589895248413086,0.869731062572427,1.5504684448242188,0.25564035566840365,1.2843192911068884,Hammer,2022-03-04,24.20907974243164,2022-04-08,27.28670310974121,RSI > 90,5,0.12712682183930224,0.12668758837586594,12617.429417312003,112212.26417330347
DOV,1990-09-28,2.6795995235443115,1.545166469549784,0.2809257507324219,0.15384608856238882,1.9320842162790681,Hammer,1990-10-05,2.657989740371704,1990-11-16,2.971330165863037,RSI > 90,6,0.11788624340119314,0.11390972368109546,11390.972356718576,111390.97235671859
DOV,1994-11-25,5.042096138000488,2.864253403586602,0.2922954559326172,0.33333278954889817,1.4319038313644592,Hammer,1994-12-02,5.029917240142822,1995-01-13,5.3587493896484375,Time stop (5 bars),6,0.06537526042799824,0.0633242085815439,7053.745160564093,118444.71751728268
DOV,1996-07-19,8.566710472106934,2.670734046804469,0.5727739334106445,0.3913039858673953,1.1756480942838916,Hammer,1996-07-26,8.5169038772583,1996-09-06,8.698823928833008,Time stop (5 bars),6,0.021359880796643305,0.020173901753749605,2389.492092054794,120834.20960933747
DOV,1998-06-19,14.76640796661377,0.7876140372256373,0.9181194305419922,0.3888885426469641,1.2589911071861304,Hammer,1998-06-26,14.715400695800781,1998-08-07,11.88453483581543,Time stop (5 bars),6,-0.19237436468808988,-0.19298835124751407,-23319.594863482962,97514.61474585452
DOV,2003-01-31,11.316736221313477,6.303056543450623,1.4745912551879883,0.24633412688095685,1.5078522760281994,Hammer,2003-02-07,11.321060180664062,2003-03-21,10.428967475891113,Time stop (5 bars),6,-0.07879939604036457,-0.07964752883028195,-7766.798081577486,89747.81666427702
DOV,2006-06-16,21.017871856689453,8.6907038165661,0.8749809265136719,0.13089056593902454,1.0124149381655236,Hammer,2006-06-23,21.072843551635742,2006-08-04,21.613407135009766,Time stop (5 bars),6,0.025652142391199284,0.025171625459419877,2259.0984246147646,92006.91508889178
DOV,2014-02-07,45.97690200805664,3.4274823420883536,2.8143653869628906,0.28107036213232056,1.4791634339634125,Hammer,2014-02-14,45.8692741394043,2014-03-07,50.530548095703125,RSI > 90,3,0.1016208353795276,0.10139177226356508,9328.744172037339,101335.65926092911
DOV,2014-10-17,48.98905563354492,0.3328336164905039,3.8986778259277344,0.23942114352529073,1.8248316695556492,Hammer,2014-10-24,49.02192687988281,2014-12-05,49.516632080078125,Time stop (5 bars),6,0.010091508671363991,0.009886509945501065,1001.8560021152268,102337.51526304433
DPZ,2010-07-02,9.075539588928223,5.942609584938211,0.9627971649169922,0.31147542607417444,1.0274387714661353,Hammer,2010-07-09,9.138673782348633,2010-07-30,10.440815925598145,RSI > 90,3,0.14248699256172181,0.14131542463204685,14131.542449073142,114131.54244907314
DRI,1996-08-02,2.57601261138916,0.04550277521083501,0.3122439384460449,0.24999961821744196,1.3143368065325165,Hammer,1996-08-09,2.57601261138916,1996-09-20,2.57601261138916,Time stop (5 bars),6,0.0,-0.0038744483292616583,-387.44483253872096,99612.55516746128
DRI,2001-09-21,8.12893295288086,3.619590611418218,0.8543248176574707,0.16917264486514938,1.2566697974331955,Hammer,2001-09-28,8.832304954528809,2001-10-19,9.654837608337402,RSI > 90,3,0.09312774615949326,0.09194348933180128,9158.725894194216,108771.28106165549
DRI,2022-03-11,111.93476104736328,5.8638026725378865,14.625274658203125,0.23079202322005005,1.5929778040952562,Hammer,2022-03-18,112.04756164550781,2022-04-29,116.44588470458984,Time stop (5 bars),6,0.03925407206091003,0.03916307663688253,4259.818011849686,113031.09907350517
DTE,1992-09-18,5.709653377532959,4.555789542639616,0.2227182388305664,0.20198726540119982,1.4889448222081902,Hammer,1992-09-25,5.731870174407959,1992-11-06,5.665220737457275,Time stop (5 bars),6,-0.011627869250818823,-0.013360845656332727,-1336.084564297188,98663.91543570282
DTE,2003-02-14,13.552129745483398,2.737013846818769,0.8686008453369141,0.2689400676772135,1.1402638254366726,Hammer,2003-02-21,13.617932319641113,2003-04-04,12.895215034484863,Time stop (5 bars),6,-0.0530709999280784,-0.05378557772762628,-5306.695687272244,93357.21974843057
DTE,2011-08-12,23.694486618041992,6.949921460889854,2.361879348754883,0.36111135786417725,2.5528148326276825,Hammer,2011-08-19,23.835796356201172,2011-09-30,25.00519561767578,Time stop (5 bars),6,0.049060633175378454,0.04863089488086835,4540.045135416009,97897.26488384657
DUK,2012-11-16,34.85931396484375,4.641247953328062,1.1333580017089844,0.35858607957509686,1.145695230262919,Hammer,2012-11-23,35.06538009643555,2013-01-04,35.95832824707031,Time stop (5 bars),6,0.025465235174380263,0.02517646367695079,2517.646365177432,102517.64636517744
DUK,2019-11-15,68.58445739746094,1.3312981154043655,2.121826171875,0.16760513749856173,1.0430867182818317,Hammer,2019-11-22,68.83222198486328,2020-01-03,70.14846801757812,RSI > 90,6,0.019122527135682077,0.018975867925089592,1945.361315471287,104463.00768064872
DVA,2000-03-03,1.0,0.6155354132883986,0.47916674613952637,0.34782619512372304,1.3091790711731888,Hammer,2000-03-10,1.0833333730697632,2000-04-20,0.9166666865348816,Time stop (5 bars),6,-0.15384616654300076,-0.16232773055242605,-16232.773039009833,83767.22696099016
DVN,1992-12-04,3.9008066654205322,6.522112044267814,0.2862975597381592,0.3749998959043786,1.2880023356084715,Hammer,1992-12-11,3.9008066654205322,1992-12-24,4.437614917755127,RSI > 90,2,0.1376146777776086,0.1348782204195134,13487.822028463517,113487.82202846352
DVN,1994-10-07,5.882619857788086,9.6020087874073,0.3608970642089844,0.30000026425105963,1.0019922523908402,Hammer,1994-10-14,5.954799175262451,1994-11-25,5.305184841156006,Time stop (5 bars),6,-0.10909088870789907,-0.1106772753089282,-12560.522910294381,100927.29911816913
DVN,1995-07-28,5.583454608917236,3.034388678324831,0.5075869560241699,0.2857141515114792,1.523798223706984,Hammer,1995-08-04,5.619710445404053,1995-09-08,6.526115417480469,RSI > 90,5,0.16129033352914068,0.1593690876672359,16084.691565096145,117011.99068326526
DVN,1997-02-14,9.721453666687012,8.107824196937784,1.0598573684692383,0.379310220715334,1.61337405400705,Hammer,1997-02-21,9.721453666687012,1997-04-04,8.89445686340332,Time stop (5 bars),6,-0.08506925318356473,-0.08605364626887549,-10069.308445405353,106942.68223785992
DVN,1997-12-05,10.935726165771484,0.8836204751508063,1.0642147064208984,0.37931015942145874,1.3380934365721644,Hammer,1997-12-12,10.935726165771484,1998-01-23,10.58330249786377,Time stop (5 bars),6,-0.03222681901187241,-0.033126107208639635,-3542.594753448234,103400.08748441169
DVN,1999-02-05,7.616769313812256,4.784137788581674,0.7394924163818359,0.3000003868901,1.074300408356805,Hammer,1999-02-12,7.653744220733643,1999-03-26,7.72406005859375,Time stop (5 bars),6,0.009187116244311566,0.00787542136435645,814.3192572367425,104214.40674164843
DVN,2001-07-20,14.993785858154297,6.086782306947725,1.3674240112304688,0.3632386417528218,1.002070597627822,Hammer,2001-07-27,15.065597534179688,2001-09-07,13.464784622192383,Time stop (5 bars),6,-0.10625618455262076,-0.10688447543861651,-11138.90218658881,93075.50455505963
DVN,2001-09-28,10.30495834350586,2.8851876280299678,1.8542938232421875,0.3780287476444788,1.3054035320480273,Hammer,2001-10-05,10.334914207458496,2001-11-16,11.323471069335938,Time stop (5 bars),6,0.09565215946969552,0.09463877961110918,8808.552153970526,101884.05670903015
DVN,2002-07-26,12.010696411132812,2.524863671405015,1.9481678009033203,0.06172795992954775,1.8075094715965434,Hammer,2002-08-02,12.311339378356934,2002-08-23,13.982914924621582,RSI > 90,3,0.1357752795933187,0.134908230052874,13744.997747476904,115629.05445650704
DVN,2003-07-18,15.275135040283203,4.0116905258468165,1.0445051193237305,0.3323709898168717,1.2702232563306435,Hammer,2003-07-25,15.305323600769043,2003-09-05,15.356642723083496,Time stop (5 bars),6,0.003353024323633047,0.0026987752442004815,312.05682936547373,115941.11128587252
DVN,2014-10-17,38.96073532104492,1.3693149136972238,4.387016296386719,0.2625957583715207,1.870259182856023,Hammer,2014-10-24,39.067901611328125,2014-12-05,39.309017181396484,Time stop (5 bars),6,0.0061717051626455355,0.005914983544538134,685.7897647056107,116626.90105057813
DXCM,2014-05-02,7.961249828338623,6.437983102577448,1.4750003814697266,0.3635596288753112,1.494759288015309,Hammer,2014-05-09,7.752500057220459,2014-06-13,9.137499809265137,RSI > 90,5,0.1786520144240087,0.17724779141507932,17724.779123783155,117724.77912378314
DXCM,2016-02-12,14.029999732971191,3.945874501887374,3.017500877380371,0.3206297946416635,1.5493768560361048,Hammer,2016-02-19,14.207500457763672,2016-04-01,14.9350004196167,Time stop (5 bars),6,0.05120534495253071,0.05048372480164733,5943.1853456766,123667.96446945975
DXCM,2020-03-20,52.375,7.308022169988803,10.732498168945312,0.3610529383748125,1.6133662172962004,Hammer,2020-03-27,52.38750076293945,2020-04-24,80.71749877929688,RSI > 90,4,0.5407778115729267,0.5405353362401429,66846.90468978658,190514.8691592463
DXCM,2022-01-28,103.34750366210938,2.309329666642057,11.382499694824219,0.3110031522990066,1.0060411219905465,Hammer,2022-02-04,103.75,2022-03-18,97.0999984741211,Time stop (5 bars),6,-0.06409640024943519,-0.0641896923124563,-12229.090820050802,178285.77833919547
EA,1990-10-12,0.4700651168823242,3.9601874883811803,0.12882816791534424,0.23540491297681387,1.2447813365343807,Hammer,1990-10-19,0.4625440835952759,1990-11-23,0.5610454678535461,RSI > 90,5,0.21295566790658293,0.19024345291042374,19024.34527201803,119024.34527201802
EA,1995-12-08,7.278427600860596,3.8558786605165523,1.6982994079589844,0.35714281703238326,1.6116977408312434,Hammer,1995-12-15,7.278427600860596,1996-01-26,6.398951053619385,Time stop (5 bars),6,-0.12083331668191932,-0.12212334576321075,-14535.651257358782,104488.69401465925
EA,1998-08-07,11.963915824890137,6.454309428309273,1.167581558227539,0.37662317507665616,1.0965748791571361,Hammer,1998-08-14,12.009405136108398,1998-09-25,10.250452041625977,Time stop (5 bars),6,-0.14646463122422426,-0.14723601164122269,-15384.498552934027,89104.19546172523
EA,2001-09-21,23.63062858581543,2.119210907638248,5.75480842590332,0.349915500482736,1.832278570194371,Hammer,2001-09-28,24.03822135925293,2001-11-09,27.080604553222656,Time stop (5 bars),6,0.12656440543171188,0.12612216760225134,11238.014262849458,100342.20972457468
EA,2011-08-12,19.341209411621094,5.851990358283814,2.3485069274902344,0.16942176279588791,1.531027196541129,Hammer,2011-08-19,19.360618591308594,2011-09-30,20.874530792236328,Time stop (5 bars),6,0.07819544575953596,0.07765887745009595,7792.463360280108,108134.6730848548
EA,2014-10-17,33.26241683959961,1.103269471350231,2.9210758209228516,0.1677731091065208,1.636596834706015,Hammer,2014-10-24,33.13140106201172,2014-11-07,39.94401168823242,RSI > 90,2,0.2056239823202648,0.20529117249306117,22199.093802544616,130333.76688739943
EA,2017-12-08,102.16000366210938,2.0825386439627493,6.569999694824219,0.16691420588682715,1.2545524753927022,Hammer,2017-12-15,102.4899673461914,2018-01-26,112.88356018066406,RSI > 90,6,0.10141083174868326,0.101308318869946,13203.894802145976,143537.6616895454
EA,2018-08-03,127.00370788574219,7.255535038910537,8.432304382324219,0.3602261592289089,1.1685525011686215,Hammer,2018-08-10,126.17882537841797,2018-09-21,111.00086975097656,Time stop (5 bars),6,-0.12028924490239778,-0.12036372793338304,-17276.728042517694,126260.9336470277
EA,2021-09-24,126.68767547607422,6.880359207835525,7.460823059082031,0.34379106354911776,1.0834538770488393,Hammer,2021-10-01,126.0732650756836,2021-11-12,136.52816772460938,Time stop (5 bars),6,0.08292719826562389,0.08284459373434258,10460.035742046759,136720.96938907445
EBAY,2001-08-24,5.492143630981445,6.158543982516477,0.815305233001709,0.38812821708028744,1.159669832839188,Hammer,2001-08-31,5.4167561531066895,2001-10-12,4.876010894775391,Time stop (5 bars),6,-0.09982824462592121,-0.10158060281182502,-10158.060271024442,89841.93972897556
EBAY,2022-02-25,50.28413391113281,7.381888397086513,6.649295806884766,0.29778443014148004,1.633558157978407,Hammer,2022-03-04,50.026268005371094,2022-04-14,50.270565032958984,Time stop (5 bars),6,0.004883375021331959,0.004683011982881088,420.73087989534224,90262.67060887089
ECL,1992-06-05,2.689230442047119,8.594462032065778,0.17122435569763184,0.17647148922186623,1.2575945781205178,Hammer,1992-06-12,2.6791584491729736,1992-07-24,2.642975330352783,Time stop (5 bars),6,-0.013505404591266257,-0.017205809453767578,-1720.5809436561772,98279.41905634383
ECL,1993-12-03,3.725280284881592,7.002633743455036,0.13489866256713867,0.38461416103752877,1.085537633249048,Hammer,1993-12-10,3.735656976699829,1993-12-31,3.868558645248413,RSI > 90,3,0.035576518234281984,0.03285563720868447,3229.0329343664716,101508.4519907103
ECL,1999-07-16,15.351286888122559,3.874776597732506,1.896066665649414,0.1325299144439359,2.318428261371871,Hammer,1999-07-23,15.214221954345703,1999-09-03,13.912103652954102,Time stop (5 bars),6,-0.08558559913868435,-0.08621454535111361,-8751.505028922926,92756.94696178738
ECL,2000-09-22,13.326642036437988,4.660893185592954,0.8126001358032227,0.37142944325192795,1.006994450781625,Hammer,2000-09-29,13.326642036437988,2000-11-10,14.696454048156738,RSI > 90,6,0.1027874844970984,0.10199883915290535,9461.100904008825,102218.0478657962
ECL,2008-10-31,30.301280975341797,5.110393425266224,3.2854862213134766,0.26980199600473953,1.065588360061395,Hammer,2008-11-07,30.179296493530273,2008-12-19,29.404539108276367,Time stop (5 bars),6,-0.025671817281095244,-0.025998862866395158,-2657.553006275899,99560.49485952029
ECL,2011-08-12,39.80720138549805,1.4054507844993935,3.2143516540527344,0.14473613941228758,1.606302831433427,Hammer,2011-08-19,40.29780960083008,2011-09-30,42.039180755615234,Time stop (5 bars),6,0.04321255105511468,0.042959068410692046,4277.02610539546,103837.52096491575
ECL,2014-10-17,94.7979507446289,4.0876310199825525,5.6436767578125,0.3009606233642636,1.8853262626536966,Hammer,2014-10-24,94.87703704833984,2014-12-05,93.66448974609375,Time stop (5 bars),6,-0.012780197822032546,-0.012884918371042567,-1337.9379801464224,102499.58298476932
ECL,2025-04-11,232.2694854736328,2.387738311194056,17.416259765625,0.22357524846853666,1.6044024113190243,Hammer,2025-04-17,234.94435119628906,2025-05-09,251.91151428222656,RSI > 90,3,0.07221779540365247,0.07217369615875463,7397.773751344024,109897.35673611335
ED,2003-07-18,15.227646827697754,8.168043829661372,0.728327751159668,0.3589753662071973,1.1432388898850439,Hammer,2003-07-25,15.220176696777344,2003-09-05,14.86454963684082,Time stop (5 bars),6,-0.023365501401296007,-0.024014634918090357,-2401.4634894075725,97598.53651059243
ED,2022-10-14,72.00105285644531,7.760326501499918,4.5357818603515625,0.32558190387442515,1.0459595457584976,Hammer,2022-10-21,72.98555755615234,2022-11-25,83.12628173828125,RSI > 90,5,0.13894151831788104,0.13879499652177935,13546.188521972243,111144.72503256466
ED,2025-05-16,100.93657684326172,4.536053727496906,7.66448974609375,0.17793947839936294,1.6413599024563574,Hammer,2025-05-23,100.99464416503906,2025-07-03,95.64730072021484,Time stop (5 bars),6,-0.05294680216988468,-0.05304319128164472,-5895.470903952662,105249.254128612
EFX,1992-05-29,3.271897792816162,6.289476983893593,0.23041534423828125,0.2999993791596305,1.1561945826467162,Hammer,1992-06-05,3.271897792816162,1992-07-17,2.857150077819824,Time stop (5 bars),6,-0.12676059622246316,-0.12961884741339783,-12961.8847283779,87038.1152716221
EFX,1997-04-04,11.322382926940918,3.287761698794071,0.8123683929443359,0.3125001467428947,1.0676129831037373,Hammer,1997-04-11,11.220836639404297,1997-05-23,12.540935516357422,RSI > 90,6,0.11764709881946978,0.11670389646990677,10157.687183437509,97195.80245505962
EFX,2006-06-16,28.51280975341797,6.444722496796132,1.242532730102539,0.28947340143834094,1.1383004309274352,Hammer,2006-06-23,28.488285064697266,2006-08-04,26.779804229736328,Time stop (5 bars),6,-0.059971347207490866,-0.06031178332224352,-5862.052171639089,91333.75028342052
EFX,2007-03-09,30.55889892578125,4.140606412225694,1.4762744903564453,0.25000096900101165,1.1930148866400783,Hammer,2007-03-16,30.501489639282227,2007-04-27,32.806121826171875,RSI > 90,6,0.07555802074406093,0.07521783771328854,6869.927199694419,98203.67748311495
EFX,2011-08-12,26.22251319885254,1.5273480546005374,1.8215961456298828,0.1441854328767037,1.2971101607732656,Hammer,2011-08-19,26.400436401367188,2011-09-30,26.060443878173828,Time stop (5 bars),6,-0.012878291783682494,-0.01325456310864968,-1301.6468393997798,96902.03064371517
EFX,2016-02-12,88.13409423828125,8.971687217772768,6.8538818359375,0.24142874953247725,1.516694802541511,Hammer,2016-02-19,89.49042510986328,2016-03-18,98.0181655883789,RSI > 90,4,0.09529221107226293,0.09517514965775477,9222.665259433266,106124.69590314844
EFX,2023-10-20,172.56036376953125,1.8644702625014418,15.899002075195312,0.3618469860080598,1.4527128487481011,Hammer,2023-10-27,172.7169189453125,2023-11-24,200.77743530273438,RSI > 90,4,0.16246535966929043,0.16240276004751467,17234.943506639538,123359.63940978798
EFX,2026-02-06,194.4230499267578,6.163376654878562,37.32023620605469,0.21171803800690076,2.3805749648794854,Hammer,2026-02-13,193.3297882080078,2026-03-27,181.8833465576172,Time stop (5 bars),6,-0.05920681834128505,-0.05925701089068715,-7309.923488667122,116049.71592112086
EG,2015-08-28,136.6312255859375,7.403283815836772,6.1118316650390625,0.23258809871550012,1.3381562084113854,Hammer,2015-09-04,136.17822265625,2015-10-16,138.154296875,Time stop (5 bars),6,0.014510941472177574,0.014436978215097198,1443.697820066022,101443.69782006602
EG,2016-01-22,135.5269317626953,6.396422289866692,6.818084716796875,0.3809882953248439,1.4597529646704857,Hammer,2016-01-29,135.3383026123047,2016-02-19,147.41029357910156,RSI > 90,3,0.08919862842804194,0.08912144697214046,9040.809126888045,110484.50694695406
EG,2020-03-27,164.24122619628906,3.1917492072955014,24.320785522460938,0.24616487868964362,1.6058454244696307,Hammer,2020-04-03,163.9549102783203,2020-05-15,151.84222412109375,Time stop (5 bars),6,-0.07387815428439914,-0.0739368918697774,-8168.881035253731,102315.62591170032
EIX,1993-10-15,6.9509124755859375,2.6648257511615725,0.5020103454589844,0.23076923076923078,2.1131200257046134,Hammer,1993-10-22,6.873680114746094,1993-12-03,6.3330535888671875,Time stop (5 bars),6,-0.0786516853932584,-0.08004828203865844,-8004.828195861013,91995.17180413898
EIX,2000-12-15,8.966936111450195,4.2706821753771465,1.7933874130249023,0.2812502825042023,1.960513257448016,Hammer,2000-12-22,8.938915252685547,2001-02-02,5.9854302406311035,Time stop (5 bars),6,-0.3304075414706632,-0.33134090924716797,-30481.763841451073,61513.40796268792
EIX,2002-07-26,5.577434062957764,0.20583346475294206,1.2777886390686035,0.38947396310879095,1.9682984546985207,Hammer,2002-08-02,5.626752853393555,2002-09-13,4.949748992919922,Time stop (5 bars),6,-0.12031874832841194,-0.12198757267191888,-7503.871316641915,54009.536646046
EIX,2004-05-14,10.24462604522705,4.673922660228499,0.4608945846557617,0.37623918076985946,1.0577047688420484,Hammer,2004-05-21,10.075782775878906,2004-06-04,11.02951431274414,RSI > 90,2,0.09465582556508023,0.0936168904584847,5056.204870850199,59065.741516896196
EIX,2018-11-16,38.77730178833008,1.2755086756418592,7.519096374511719,0.15230994487302937,2.562803295234277,Hammer,2018-11-23,38.293033599853516,2019-01-04,41.17103576660156,Time stop (5 bars),6,0.07515733009878467,0.0748864079214505,4423.221208994022,63488.96272589022
EIX,2023-10-06,54.720985412597656,7.222748242080016,3.8884849548339844,0.2653052014876249,1.3397501406001093,Hammer,2023-10-13,54.56227111816406,2023-11-24,57.80708312988281,Time stop (5 bars),6,0.05946988542121989,0.05928117615986039,3763.700379796608,67252.66310568684
EIX,2025-01-17,58.29057693481445,0.6220416057362996,8.432140350341797,0.18081554083246057,2.1009172876992612,Hammer,2025-01-24,57.955894470214844,2025-03-07,50.80670166015625,Time stop (5 bars),6,-0.12335574966809915,-0.12351763849568576,-8306.890121053479,58945.77298463335
EL,1998-08-14,10.991046905517578,5.6682624786393205,0.9473075866699219,0.3855418775746886,1.4090576907447012,Hammer,1998-08-21,10.991046905517578,1998-10-02,10.197151184082031,Time stop (5 bars),6,-0.07223112850487479,-0.07310770209903063,-7310.770202592294,92689.2297974077
EL,2001-12-21,11.837760925292969,7.248323852400688,1.3933334350585938,0.3039994086307063,1.5643913048103184,Hammer,2001-12-28,11.882347106933594,2002-01-25,12.725778579711914,RSI > 90,4,0.07098189147211165,0.07011080481465888,6498.5164922486,99187.7462896563
EL,2014-10-17,62.11045837402344,4.457954002801955,2.112506866455078,0.1832980907615104,1.163318361271309,Hammer,2014-10-24,62.0760383605957,2014-12-05,63.61965560913086,Time stop (5 bars),6,0.024866555426239945,0.024703472896622482,2450.28179969331,101638.02808934961
ELV,2002-07-12,25.448240280151367,6.153281067236335,4.1444854736328125,0.2986643680530755,1.9956906598016866,Hammer,2002-07-19,25.388919830322266,2002-08-30,25.50756072998047,Time stop (5 bars),6,0.004672940024668115,0.004278224881551251,427.8224877273026,100427.82248772732
ELV,2006-04-28,56.15618133544922,2.0392937117616583,4.587409973144531,0.19827584773175935,1.6766196403225195,Hammer,2006-05-05,56.353912353515625,2006-06-16,58.093963623046875,Time stop (5 bars),6,0.03087720438317887,0.03069703082059788,3082.835959068463,103510.65844679579
ELV,2011-08-12,48.09075927734375,0.973104780072461,4.022163391113281,0.29108979064593044,1.2148952485752968,Hammer,2011-08-19,48.61642837524414,2011-09-23,53.075965881347656,RSI > 90,5,0.09172902360664459,0.09151391998942227,9472.666105679818,112983.32455247562
ELV,2025-05-16,393.2590026855469,5.127070610243393,65.12869262695312,0.3136696472625703,2.333319336456436,Hammer,2025-05-23,395.18975830078125,2025-07-03,373.1710205078125,Time stop (5 bars),6,-0.05571687355371735,-0.05574147260375045,-6297.856883924609,106685.46766855102
EME,2007-08-10,29.419282913208008,2.520270887345177,5.994524002075195,0.26153846643356665,2.5938643634204244,Hammer,2007-08-17,29.98184585571289,2007-09-28,30.452186584472656,Time stop (5 bars),6,0.015687517407142693,0.015351422119377876,1535.1422104026456,101535.14221040264
EME,2008-09-19,27.003028869628906,9.457295074116743,4.352947235107422,0.26271208720715733,1.4832117838663,Hammer,2008-09-26,26.79091453552246,2008-11-07,16.360441207885742,Time stop (5 bars),6,-0.3893287522457214,-0.3896292964286076,-39561.065982656735,61974.07622774591
EME,2013-05-03,35.131099700927734,7.4953386507619655,2.5880126953125,0.36363555964341304,1.4157844968379656,Hammer,2013-05-10,35.12168502807617,2013-06-21,36.69331741333008,Time stop (5 bars),6,0.04474820567400295,0.04445715227627436,2755.1909412831437,64729.267169029044
EME,2017-01-13,66.54540252685547,9.614746885740033,3.03326416015625,0.25874549771615996,1.0349278181690558,Hammer,2017-01-20,66.07256317138672,2017-03-03,59.76155471801758,Time stop (5 bars),6,-0.09551632554346212,-0.09566043525204171,-6192.029864742981,58537.23730428606
EMR,1991-11-22,4.861755847930908,8.602032631388994,0.29305124282836914,0.39515240663029455,1.384465832217924,Hammer,1991-11-29,4.798451900482178,1992-01-03,5.355527877807617,RSI > 90,5,0.11609493830071749,0.11389225678943986,11389.225667554758,111389.22566755477
EMR,1997-04-04,10.928926467895508,5.0148316736330685,0.5493373870849609,0.15789327490963886,1.0584071534728947,Hammer,1997-04-11,10.957839012145996,1997-05-09,11.998689651489258,RSI > 90,4,0.09498685262573692,0.09403135795400777,10474.080140491515,121863.30580804628
EMR,2002-07-26,12.819623947143555,9.150491454340994,1.1130485534667969,0.25761106865127376,1.0608355093592285,Hammer,2002-08-02,13.085504531860352,2002-09-13,11.775420188903809,Time stop (5 bars),6,-0.10011722052953886,-0.10084289262829045,-12289.048250640288,109574.25755740599
EMR,2017-11-17,49.02756118774414,9.363604644915384,2.9968605041503906,0.3494422798109492,1.5528745066575498,Hammer,2017-11-24,49.0439453125,2017-12-15,54.622520446777344,RSI > 90,3,0.11374645939945438,0.11353098621792809,12440.073512149487,122014.33106955548
EMR,2021-12-03,82.4918441772461,3.3673181320926204,4.9935455322265625,0.3485823068719691,1.2445384031659605,Hammer,2021-12-10,83.3873062133789,2022-01-14,86.99655151367188,RSI > 90,5,0.043282910363566796,0.043160400086351566,5266.187339964385,127280.51840951986
EOG,1993-10-29,3.4410345554351807,9.70389538684249,0.3018453121185303,0.26666645603464684,1.2713725507537799,Hammer,1993-11-05,3.4510960578918457,1993-12-17,3.1291277408599854,Time stop (5 bars),6,-0.09329451039057413,-0.0960529775420521,-9605.297744599913,90394.7022554001
EOG,1993-12-23,3.05869722366333,4.005787889411721,0.34209108352661133,0.14705882352941177,1.4938063752321205,Hammer,1993-12-31,3.01845121383667,1994-01-14,3.496164321899414,RSI > 90,2,0.15826431312617983,0.15469510667884395,13983.61809461784,104378.32035001794
EOG,1996-09-20,3.9415719509124756,1.4447871033114694,0.26549458503723145,0.2307696452384908,1.0059333967432744,Hammer,1996-09-27,3.9619946479797363,1996-11-08,4.089388847351074,Time stop (5 bars),6,0.03215405640093372,0.029592729456069042,3088.839392108147,107467.1597421261
EOG,1998-08-14,2.478722333908081,1.1783780352396747,0.25820016860961914,0.35999981532267744,1.1170685499122075,Hammer,1998-08-21,2.478722333908081,1998-10-02,3.098402976989746,RSI > 90,6,0.25000002404651944,0.2454705321759324,26380.02086695561,133847.18060908173
EOG,2008-07-11,40.91014862060547,2.0184247754173725,3.5851593017578125,0.18768115016790307,1.0233912417139386,Hammer,2008-07-18,41.38633346557617,2008-08-29,35.71160888671875,Time stop (5 bars),6,-0.13711590526803918,-0.13734093837747993,-18382.697365648623,115464.4832434331
EQIX,2010-06-11,64.25907135009766,8.93968497864499,6.475246429443359,0.3048059821602677,1.1713967283208442,Hammer,2010-06-18,64.60826110839844,2010-07-30,67.44734954833984,Time stop (5 bars),6,0.043943117973381796,0.04378495051031687,4378.495046653192,104378.49504665319
EQIX,2023-09-29,684.8156127929688,7.980885832187468,35.39300537109375,0.3073123875843064,1.0351250898234077,Hammer,2023-10-06,681.65673828125,2023-11-17,717.111083984375,Time stop (5 bars),6,0.0520120226384333,0.05199236330129129,5426.884630378903,109805.37967703209
EQR,1997-10-31,6.124741077423096,9.534829965100613,0.5002880096435547,0.24242456013267505,2.091382350633677,Hammer,1997-11-07,6.124741077423096,1997-12-19,6.297033309936523,Time stop (5 bars),6,0.028130533247932465,0.026476197030765123,2647.6197004288924,102647.61970042888
EQR,1998-08-07,5.3240885734558105,8.595644787150192,0.3001713752746582,0.15789390076329815,1.393467573863856,Hammer,1998-08-14,5.3240885734558105,1998-09-25,4.893817901611328,Time stop (5 bars),6,-0.08081583653391367,-0.08261650482551006,-8480.387559827217,94167.23214060166
EQR,2018-12-28,50.02817916870117,7.959284962394719,3.2249488830566406,0.28103113197169155,1.5952681978490972,Hammer,2019-01-04,50.08909606933594,2019-02-08,54.536048889160156,RSI > 90,5,0.08878085589064155,0.08857237015881027,8340.614933647372,102507.84707424902
EQT,1994-01-14,2.6330463886260986,2.76564939642185,0.12052679061889648,0.07692383774523961,1.086868406507631,Hammer,1994-01-21,2.6515889167785645,1994-02-11,2.7906582355499268,RSI > 90,3,0.05244754112953487,0.04858460334460565,4858.460329602105,104858.4603296021
EQT,1999-01-22,2.4296748638153076,2.710346578590972,0.2029428482055664,0.3611108500429979,1.3085056428192325,Hammer,1999-01-29,2.4409494400024414,1999-03-12,2.4175117015838623,Time stop (5 bars),6,-0.009601894260683919,-0.013670658056834551,-1433.4841540986572,103424.97617550343
EQT,2001-06-29,6.461086273193359,2.7889875768484558,0.4752230644226074,0.3836727321984919,1.128133346969306,Hammer,2001-07-06,6.439749717712402,2001-08-03,7.041051387786865,RSI > 90,4,0.09337345338446856,0.09174936125903557,9489.175492844235,112914.15166834767
EQT,2015-10-02,34.00931167602539,9.841906537117595,3.358633041381836,0.2207405228375862,1.297220007252352,Hammer,2015-10-09,34.38249588012695,2015-11-20,31.102529525756836,Time stop (5 bars),6,-0.09539640070940669,-0.09567333329064635,-10802.873254993545,102111.27841335411
ERIE,2002-11-29,19.879777908325195,7.568556630345967,1.8653278350830078,0.301369470811447,1.645137029608082,Hammer,2002-12-06,19.925771713256836,2003-01-17,18.566572189331055,Time stop (5 bars),6,-0.06821314343481566,-0.06869776763410858,-6869.776756541081,93130.22324345892
ERIE,2003-10-03,20.58350372314453,9.004724507670517,1.169576644897461,0.3670039710043298,1.6481552181314278,Hammer,2003-10-10,20.625213623046875,2003-11-21,20.870254516601562,Time stop (5 bars),6,0.011880647543009104,0.011393042158909789,1061.0365586203716,94191.25980207931
ERIE,2008-10-10,20.4709415435791,3.343141446530268,13.720967292785645,0.3569873995280757,4.9147175198568,Hammer,2008-10-17,21.707441329956055,2008-11-28,20.30965805053711,Time stop (5 bars),6,-0.06439189484253116,-0.06483763193762383,-6107.138228681184,88084.12157339814
ERIE,2018-02-09,95.91688537597656,7.017730512657181,8.625953674316406,0.28794529731890706,2.119774963371361,Hammer,2018-02-16,96.40522766113281,2018-03-23,100.84239196777344,RSI > 90,5,0.04602617943331233,0.045920069001407576,4044.828936533988,92128.95050993212
ERIE,2019-08-16,193.4489288330078,4.052371756547927,16.974258422851562,0.2119333887677821,1.3941680527495772,Hammer,2019-08-23,195.4833984375,2019-10-04,161.63092041015625,Time stop (5 bars),6,-0.17317316098413893,-0.1732198856709647,-15958.566258357838,76170.38425157429
ES,1996-06-28,5.169278144836426,0.1078921452558319,0.5797324180603027,0.08333367604687335,1.6207802547238714,Hammer,1996-07-05,5.169278144836426,1996-08-16,4.686168193817139,Time stop (5 bars),6,-0.09345791375181933,-0.0953002403845214,-9530.024028922115,90469.97597107787
ES,2002-06-21,8.101286888122559,5.570845426985713,0.3809800148010254,0.31034590655754324,1.2316697153171734,Hammer,2002-06-28,8.057496070861816,2002-08-09,7.164165496826172,Time stop (5 bars),6,-0.11086950166394505,-0.11204105603230212,-10136.351636880212,80333.62433419767
ES,2004-11-19,8.509429931640625,9.703017098522238,0.6095037460327148,0.34883768234312973,1.8346926216830068,Hammer,2004-11-26,8.48108196258545,2005-01-07,8.966389656066895,Time stop (5 bars),6,0.057222379835779824,0.05601026428651569,4499.507525552572,84833.13185975022
ES,2014-08-08,28.705371856689453,1.550727001554833,1.2345714569091797,0.16577600417753924,1.3625113003500824,Hammer,2014-08-15,28.731779098510742,2014-09-05,30.197418212890625,RSI > 90,3,0.051011081122221524,0.050654219437394,4297.156072488013,89130.28793223825
ES,2022-02-18,68.804931640625,4.862773910102575,4.394805908203125,0.2797741807803679,1.473512026395961,Hammer,2022-02-25,68.92955017089844,2022-04-08,74.90663146972656,RSI > 90,6,0.08671290156411904,0.08656154691711045,7715.255592866748,96845.543525105
ES,2025-04-11,53.1949577331543,2.7847647132031454,4.8831329345703125,0.21856846894422555,1.560819364842224,Hammer,2025-04-17,53.57276153564453,2025-05-16,59.258731842041016,RSI > 90,4,0.10613547152340352,0.1059389221145483,10259.712482387484,107105.25600749248
ESS,1998-08-07,10.085501670837402,9.367713552490159,0.37741947174072266,0.3333341756095342,1.0040924066131567,Hammer,1998-08-14,10.064534187316895,1998-09-25,9.729049682617188,Time stop (5 bars),6,-0.03333333649186443,-0.034309879511096264,-3430.987947678639,96569.01205232136
ESS,1999-12-17,11.518694877624512,2.85635528916994,1.0720367431640625,0.14893622699517486,2.168995452647744,Hammer,1999-12-23,11.587122917175293,2000-01-07,12.569781303405762,RSI > 90,2,0.08480607250432293,0.08390683856443101,8102.800496497921,104671.81254881929
ESS,2005-01-14,36.48198318481445,7.070440610237583,1.9684715270996094,0.3488933632803189,1.2693375408891818,Hammer,2005-01-21,36.48198318481445,2005-03-04,35.50016784667969,Time stop (5 bars),6,-0.026912334594338727,-0.027182717001046873,-2845.2642556559176,101826.54829316337
ESS,2008-10-10,56.608375549316406,6.990730223905203,10.691719055175781,0.38868869011727686,1.8809846610168182,Hammer,2008-10-17,58.763206481933594,2008-11-28,39.02888488769531,Time stop (5 bars),6,-0.33582785514445135,-0.33596944293864145,-34210.60867220817,67615.9396209552
ETN,1995-10-06,5.155681610107422,4.7428088337186125,0.2830085754394531,0.39130464084972166,1.2617770153439245,Hammer,1995-10-13,5.14337682723999,1995-11-24,5.220742702484131,Time stop (5 bars),6,0.015041844656296766,0.013084876555210314,1308.4876542125435,101308.48765421256
ETN,1999-02-05,7.167067050933838,3.9347586591780583,0.8788862228393555,0.3604384431502888,1.9697866053671276,Hammer,1999-02-12,7.167067050933838,1999-03-26,7.234111785888672,Time stop (5 bars),6,0.009354556679652903,0.00795373698401311,805.7810642439649,102114.26871845653
ETN,1999-09-17,10.285185813903809,5.147377392444028,0.5616245269775391,0.1325287906728748,1.1800122992596482,Hammer,1999-09-24,10.285185813903809,1999-11-05,8.10634994506836,Time stop (5 bars),6,-0.2118421493066306,-0.21271101498264064,-21720.82972159217,80393.43899686437
ETN,2001-06-29,9.20322322845459,4.944709725489901,0.8034763336181641,0.37908572757938813,1.390315057734035,Hammer,2001-07-06,9.216351509094238,2001-08-10,9.893006324768066,RSI > 90,5,0.0734189462073076,0.07229469725954621,5812.019328120088,86205.45832498444
ETN,2011-08-12,28.354785919189453,2.006794304942204,2.75341796875,0.31527157408228407,1.2450392429573227,Hammer,2011-08-19,28.646404266357422,2011-09-30,23.743146896362305,Time stop (5 bars),6,-0.1711648458355921,-0.1714839986312391,-14782.856682624115,71422.60164236033
ETN,2014-10-03,46.69218063354492,1.0034164658427045,3.342021942138672,0.3871675430976919,1.6148354476203015,Hammer,2014-10-10,46.780906677246094,2014-11-07,50.55177307128906,RSI > 90,4,0.08060695403060869,0.08038460000331761,5741.277258476153,77163.87890083648
ETR,1995-03-24,2.857961893081665,4.951844409595097,0.13690829277038574,0.2500004353618292,1.0638558516026961,Hammer,1995-03-31,2.857961893081665,1995-05-12,3.0734527111053467,RSI > 90,6,0.0754001719005859,0.0717756036223358,7177.560355056019,107177.56035505602
ETR,1996-03-15,3.9813036918640137,2.015777167131702,0.16512298583984375,0.3333323707434274,1.1864630089772714,Hammer,1996-03-22,3.999650716781616,1996-05-03,3.816180467605591,Time stop (5 bars),6,-0.04587156783621793,-0.04831139164404077,-5177.897088588032,101999.663266468
ETR,1997-02-07,4.1296796798706055,5.2608182754811565,0.15438079833984375,0.375,1.038596233459077,Hammer,1997-02-14,4.141456604003906,1997-03-27,3.925551176071167,Time stop (5 bars),6,-0.05213272734139107,-0.05448156088613115,-5557.10085905985,96442.56240740816
ETR,1999-01-22,5.2724690437316895,6.632173005711564,0.25159120559692383,0.26087088367685385,1.158866849420096,Hammer,1999-01-29,5.283408164978027,1999-03-12,5.183775424957275,Time stop (5 bars),6,-0.018857664770476124,-0.020730763700650825,-1999.3279699539207,94443.23443745424
ETR,2000-01-28,4.30458927154541,2.880093397706247,0.42134904861450195,0.351351748972707,1.6832729654373402,Hammer,2000-02-04,4.30458927154541,2000-03-17,3.322326421737671,Time stop (5 bars),6,-0.22818968032578235,-0.23024534063124674,-21745.11466162323,72698.11977583102
ETR,2001-09-28,6.926023483276367,4.483126785889965,0.6154732704162598,0.3797454330496978,1.3655703286471106,Hammer,2001-10-05,6.927970886230469,2001-11-16,7.614255428314209,Time stop (5 bars),6,0.09905996335056044,0.09754613904796643,7091.420893087508,79789.54066891853
ETR,2002-07-26,7.292697906494141,3.0496265079459306,1.0754485130310059,0.17810753758015838,2.1959403749434454,Hammer,2002-08-02,7.3824849128723145,2002-08-23,8.426009178161621,RSI > 90,3,0.141351357653273,0.13990204751395735,11162.720098617156,90952.26076753568
ETR,2003-11-21,10.932629585266113,8.100809058736758,0.4018115997314453,0.3854152327154487,1.1193182098175138,Hammer,2003-11-28,10.945185661315918,2003-12-26,11.75090217590332,RSI > 90,4,0.07361378230751114,0.07266694275316772,6609.222719856476,97561.48348739215
ETR,2011-08-12,16.775117874145508,4.477362946737927,1.47174072265625,0.3415066561605773,2.0981231175274035,Hammer,2011-08-19,16.845979690551758,2011-09-30,17.99066734313965,Time stop (5 bars),6,0.06795019782850042,0.06733659843077874,6569.458429332119,104130.94191672427
ETR,2022-10-14,43.78229522705078,8.291206831103182,3.651073455810547,0.3920857333610558,1.3622467173840358,Hammer,2022-10-21,44.517765045166016,2022-11-11,48.41399383544922,RSI > 90,3,0.08752076359471861,0.08728633062975373,9089.20781584167,113220.14973256594
EVRG,1993-10-08,7.015583038330078,5.084110051168551,0.19762182235717773,0.25000060321926054,1.1751573255280388,Hammer,1993-10-15,6.990880489349365,1993-11-26,6.719150066375732,Time stop (5 bars),6,-0.038869270242513076,-0.04027090276950041,-4027.090272922952,95972.90972707704
EVRG,2002-06-14,5.451891899108887,2.825550006145619,0.3663330078125,0.3627449704265245,1.2864378177592877,Hammer,2002-06-21,5.459074974060059,2002-08-02,4.0224761962890625,Time stop (5 bars),6,-0.2631579131258128,-0.2647472416902265,-25408.563101820197,70564.34662525683
EVRG,2005-04-01,8.978973388671875,0.6526479664018296,0.3165130615234375,0.35526442655353613,1.1879430318709063,Hammer,2005-04-08,8.920668601989746,2005-04-29,9.570352554321289,RSI > 90,3,0.07282906487375085,0.07166790308447485,5057.198750100999,75621.54537535783
EVRG,2014-08-08,23.45989418029785,7.12234508068984,1.1954078674316406,0.14130306443840968,1.690403889980418,Hammer,2014-08-15,23.57683563232422,2014-09-26,22.996990203857422,Time stop (5 bars),6,-0.024593861428622743,-0.02501270205014403,-1891.4991811537739,73730.04619420406
EW,2008-08-15,4.90416145324707,9.502643277789616,0.31333303451538086,0.29255357194490395,1.1127948335428857,Hammer,2008-08-22,4.919161319732666,2008-10-03,4.83999490737915,Time stop (5 bars),6,-0.016093477568208336,-0.018107938908540077,-1810.7938890432138,98189.20611095677
EXC,1996-03-01,3.19661021232605,4.3601682859871715,0.18306565284729004,0.3846161860717109,1.543364032710473,Hammer,1996-03-08,3.182528257369995,1996-04-19,2.8023147583007812,Time stop (5 bars),6,-0.11946900964311247,-0.12241883602662593,-12241.883590420708,87758.1164095793
EXC,2001-07-27,8.179352760314941,4.438828852335249,1.1371979713439941,0.39130403790216434,1.9305593847603186,Hammer,2001-08-03,8.200542449951172,2001-09-10,7.870746612548828,Time stop (5 bars),6,-0.04021634415224662,-0.04141052702790723,-3634.109847863003,84124.00656171629
EXC,2010-05-07,15.657919883728027,5.078313546604647,10.339353561401367,0.09733869490457034,7.32412617259327,Hammer,2010-05-14,16.125320434570312,2010-06-25,15.875822067260742,Time stop (5 bars),6,-0.01547245949759124,-0.016087613904644877,-1353.3545363233493,82770.65202539295
EXC,2011-08-12,16.553150177001953,8.532279600764497,1.066819190979004,0.34294291019192036,1.6942480143086411,Hammer,2011-08-19,16.687297821044922,2011-09-30,17.382431030273438,Time stop (5 bars),6,0.0416564273427098,0.04104487090834963,3397.3107239848705,86167.96274937782
EXC,2012-09-14,15.390484809875488,3.2035657899243404,0.663752555847168,0.09677512051092321,1.2710591911472067,Hammer,2012-09-21,15.42474365234375,2012-10-26,15.79301929473877,RSI > 90,5,0.02387564102817752,0.02321980523251253,2000.8033103221446,88168.76605969998
EXPD,2002-07-26,10.700350761413574,7.56477817537575,1.6982841491699219,0.38041026965711655,1.8215350112783961,Hammer,2002-08-02,10.824143409729004,2002-09-13,10.348315238952637,Time stop (5 bars),6,-0.04395989158353919,-0.04486302862513533,-4486.302858027231,95513.69714197276
EXPD,2012-07-13,31.389368057250977,7.795556387014415,1.8665294647216797,0.3303569695043629,1.0361973325339946,Hammer,2012-07-20,31.314376831054688,2012-08-24,31.781005859375,RSI > 90,5,0.014901431085083905,0.014579760982585866,1392.5668735004906,96906.26401547327
EXPD,2022-02-25,99.89996337890625,0.6347405713680558,6.884422302246094,0.24242454466368557,1.1128745397107747,Hammer,2022-03-04,98.8473892211914,2022-04-14,92.50347900390625,Time stop (5 bars),6,-0.06417883433511173,-0.06427674907348674,-6228.819609542814,90677.44440593047
EXPE,2008-09-19,13.940855979919434,6.265498234677537,2.679973602294922,0.15838515726529062,1.5782345435916507,Hammer,2008-09-26,13.72446060180664,2008-11-07,8.18140983581543,Time stop (5 bars),6,-0.40388113797795033,-0.4044624131308183,-40446.24127263558,59553.758727364424
EXR,2008-07-18,7.611232757568359,0.15321389210964753,0.6620655059814453,0.2977092474208687,1.259235819348865,Hammer,2008-07-25,7.479830265045166,2008-09-05,8.106518745422363,RSI > 90,6,0.0837837836114872,0.08239177891009614,8239.177882770437,108239.17788277044
EXR,2008-10-10,6.516958236694336,9.016794381117975,1.848783016204834,0.35277788309489966,2.345636389858553,Hammer,2008-10-17,7.086999893188477,2008-11-28,3.533228874206543,Time stop (5 bars),6,-0.5014492835533364,-0.5025057914065627,-54390.81368878646,53848.36419398399
EXR,2024-02-16,127.02334594726562,4.752981839631573,7.4202423095703125,0.33373501160822794,1.0130577149083984,Hammer,2024-02-23,126.42217254638672,2024-03-15,135.8343048095703,RSI > 90,3,0.07445001200030865,0.07436797069659928,4004.593566433414,57852.9577604174
EXR,2025-04-11,126.5263671875,6.125740675422875,16.804649353027344,0.2778401530178392,2.096550120162569,Hammer,2025-04-17,126.93278503417969,2025-05-30,139.1818389892578,Time stop (5 bars),6,0.0965003166973748,0.0964177368604832,5578.051252366524,63431.00901278392
F,2002-10-11,3.6152453422546387,2.968733104302345,0.803870439529419,0.23243240678155114,1.3858828202559563,Hammer,2002-10-18,3.6195905208587646,2002-11-29,4.565037250518799,RSI > 90,6,0.2612026758860344,0.258083423293399,25808.342303531565,125808.34230353155
F,2018-12-28,5.338161945343018,3.4993570769203046,0.4306068420410156,0.36507915415348907,1.103667000546104,Hammer,2019-01-04,5.365501880645752,2019-02-15,5.848408222198486,Time stop (5 bars),6,0.0900020822459604,0.088056265887737,11078.212829696993,136886.55513322857
F,2022-05-13,10.176614761352539,5.331736440778272,1.5227231979370117,0.3316828365663738,1.2098084880309323,Hammer,2022-05-20,10.169075965881348,2022-07-01,9.136338233947754,Time stop (5 bars),6,-0.10155669358735953,-0.10248967428888917,-14029.45843610321,122857.09669712535
FANG,2019-08-09,74.1617660522461,5.9940094787672535,8.90679931640625,0.2797935982566865,1.3679964190039777,Hammer,2019-08-16,73.88487243652344,2019-09-27,74.48368072509766,Time stop (5 bars),6,0.008104612877130934,0.007968727907603992,796.8727899635264,100796.87278996351
FAST,1996-07-19,0.765563428401947,7.107624090463247,0.1319124698638916,0.19642866825356375,2.00566483558947,Hammer,1996-07-26,0.7773413062095642,1996-09-06,0.8762756586074829,RSI > 90,6,0.12727273284927798,0.11367717860738404,11367.717849370685,111367.71784937067
FAST,2012-04-27,8.260388374328613,3.963617600325236,0.4364891052246094,0.1746043190617271,1.0660543483902825,Hammer,2012-05-04,8.24300479888916,2012-06-15,7.081822872161865,Time stop (5 bars),6,-0.14086876752562094,-0.14199578628822201,-15813.746647332504,95553.97120203817
FAST,2022-02-25,23.096416473388672,6.052259895529517,1.2385940551757812,0.11272752471588285,1.0218482525749373,Hammer,2022-03-04,22.970306396484375,2022-03-25,26.06454086303711,RSI > 90,3,0.1347058421051932,0.13424127684428513,12827.287088876368,108381.25829091453
FCX,2002-07-26,4.181436061859131,2.2605051344715434,0.9891257286071777,0.39358602972405293,2.1458758581653536,Hammer,2002-08-02,4.181436061859131,2002-09-13,4.325623512268066,Time stop (5 bars),6,0.034482758620689724,0.03205290811233473,3205.2908080281823,103205.29080802819
FCX,2006-06-16,15.924073219299316,7.149819231844802,2.175961494445801,0.21212134493248558,1.1135933596159542,Hammer,2006-06-23,15.792197227478027,2006-08-04,17.749513626098633,Time stop (5 bars),6,0.12394199302519637,0.12326974023172901,12722.089375723597,115927.3801837518
FCX,2008-07-11,38.460323333740234,8.933486166637095,4.258899688720703,0.3781296884306885,1.0967140714302601,Hammer,2008-07-18,38.95294952392578,2008-08-29,32.69877243041992,Time stop (5 bars),6,-0.16055721504900167,-0.1607932955932077,-18640.345490591826,97287.03469315998
FCX,2008-09-12,26.373201370239258,8.408648082255056,4.890537261962891,0.22773736861605662,1.138890838169142,Hammer,2008-09-19,24.91318130493164,2008-10-31,9.038424491882324,Time stop (5 bars),6,-0.6372031182507736,-0.6374765725741595,-62018.20537008076,35268.829323079226
FCX,2014-02-07,27.573505401611328,6.424100474101351,1.6535587310791016,0.05154791387187825,1.0811666843694703,Hammer,2014-02-14,27.616125106811523,2014-03-28,27.488271713256836,Time stop (5 bars),6,-0.0046296644826233635,-0.0049908681497079724,-176.0220767700206,35092.80724630921
FCX,2014-10-03,28.036020278930664,0.42110637671744655,1.3445491790771484,0.3096771173348881,1.0509389884086036,Hammer,2014-10-10,28.15746307373047,2014-11-21,24.73638153076172,Time stop (5 bars),6,-0.12149821644125502,-0.1218317280695953,-4275.4173453556505,30817.38990095356
FCX,2018-10-26,10.480998992919922,3.2091813926480626,1.3762006759643555,0.3973511677688453,1.1442150076306254,Hammer,2018-11-02,10.645049095153809,2018-12-14,9.89770793914795,Time stop (5 bars),6,-0.0702055151954244,-0.07111151781924456,-2191.471368892795,28625.91853206077
FDS,1997-03-07,3.0949976444244385,1.8577561748172116,0.19210338592529297,0.0,1.1588763130051396,Hammer,1997-03-14,3.1376872062683105,1997-04-04,3.3297905921936035,RSI > 90,3,0.06122451770894144,0.05794511956585277,5794.511950790766,105794.51195079075
FDS,2001-09-21,12.024900436401367,1.2688997062641079,3.0062255859375,0.08620683091728591,1.5499243127239133,Hammer,2001-09-28,12.05081558227539,2001-10-12,13.94266414642334,RSI > 90,2,0.1569892553106964,0.156094670767415,16513.959495444076,122308.47144623483
FDS,2007-08-10,48.16707229614258,2.8308396681462256,11.2052001953125,0.35247649602910897,3.6610778641910176,Hammer,2007-08-17,48.86689376831055,2007-09-28,52.29301452636719,Time stop (5 bars),6,0.07011128585951631,0.06989949630868847,8549.30053982812,130857.77198606296
FDS,2011-08-12,71.38824462890625,3.646325623787675,5.631690979003906,0.10644618963174501,1.293170904410202,Hammer,2011-08-19,72.0805892944336,2011-09-30,77.20752716064453,Time stop (5 bars),6,0.07112785725528004,0.07098419970336646,9288.834210107452,140146.60619617038
FDS,2016-01-22,130.17601013183594,8.412899416108814,9.914695739746094,0.3825387310423158,1.4295032299445745,Hammer,2016-01-29,129.78335571289062,2016-03-11,138.5615997314453,RSI > 90,6,0.06763767179802382,0.0675580175925121,9468.026877463719,149614.6330736341
FDS,2022-01-28,392.695068359375,3.561148286699833,24.529144287109375,0.3449216256869183,1.2038221088980545,Hammer,2022-02-04,393.5239562988281,2022-03-18,393.9843444824219,Time stop (5 bars),6,0.0011699114532284227,0.0011444854981695043,171.23177769549392,149785.8648513296
FDX,2011-08-12,53.60561752319336,3.619029418810399,4.515983581542969,0.23156377815207824,1.2833545126183283,Hammer,2011-08-19,54.08518600463867,2011-09-30,45.437068939208984,Time stop (5 bars),6,-0.15989807384018195,-0.16006816956937783,-16006.816940930967,83993.18305906904
FDX,2015-08-28,104.01854705810547,5.005209548882519,16.188209533691406,0.3048461675136593,2.925043525637083,Hammer,2015-09-04,103.64340209960938,2015-10-16,106.01124572753906,Time stop (5 bars),6,0.02284606236346831,0.022748480248289103,1910.7172638994457,85903.90032296849
FDX,2022-02-25,161.961669921875,0.7468540194005726,11.982391357421875,0.15243009481992364,1.2315641366376293,Hammer,2022-03-04,159.36404418945312,2022-04-14,146.96946716308594,Time stop (5 bars),6,-0.07777524151955151,-0.07783554886368649,-6686.377224483291,79217.5230984852
FE,1993-05-21,4.787223815917969,8.567073445690838,0.27570390701293945,0.2727272727272727,1.5956077726602012,Hammer,1993-05-28,4.762159824371338,1993-07-09,4.9889044761657715,Time stop (5 bars),6,0.04761382653182311,0.04546620205313045,4546.620200766425,104546.62020076643
FE,1993-10-15,5.036802768707275,7.629057870851838,0.18080806732177734,0.28571240196000863,1.2759770204952552,Hammer,1993-10-22,5.01097297668457,1993-12-03,4.701015472412109,Time stop (5 bars),6,-0.06185575250847575,-0.06378772488601896,-6668.79104046081,97877.82916030561
FE,1999-02-05,9.035737037658691,4.693513068827826,0.44066619873046875,0.16666666666666666,1.1891304422802427,Hammer,1999-02-12,9.054329872131348,1999-03-26,8.55234432220459,Time stop (5 bars),6,-0.055441491199899606,-0.05651472649227026,-5531.538739120288,92346.29042118533
FE,2002-07-12,10.567903518676758,3.045253776812558,1.1310138702392578,0.3750002108007562,1.6837871541129394,Hammer,2002-07-19,10.30282211303711,2002-08-30,12.09402084350586,RSI > 90,6,0.1738551545214182,0.1728006858224619,15957.502301983564,108303.79272316891
FE,2002-09-27,10.859936714172363,6.633047805139867,0.8656463623046875,0.3966944880224216,1.0434612142186364,Hammer,2002-10-04,10.709700584411621,2002-11-15,11.563549041748047,RSI > 90,6,0.07972664133852958,0.07875613981823314,8529.588634021242,116833.38135719016
FE,2003-02-14,10.708919525146484,1.6451021409809243,1.025477409362793,0.21428524929530704,1.4183809235622011,Hammer,2003-02-21,10.75653076171875,2003-03-28,11.63184928894043,RSI > 90,5,0.08137554259937008,0.08040849823148011,9394.396728843069,126227.77808603323
FE,2017-09-29,21.534292221069336,2.3628297847933055,0.9219989776611328,0.22727263324044825,1.2282421235354086,Hammer,2017-10-06,21.597156524658203,2017-11-17,23.9135684967041,RSI > 90,6,0.10725541435981034,0.10676767245034995,13477.04605134801,139704.82413738122
FE,2024-12-20,37.44170379638672,8.689129823618188,1.4773406982421875,0.3757965895123891,1.187551172763538,Hammer,2024-12-27,37.4040641784668,2025-02-07,37.357017517089844,Time stop (5 bars),6,-0.0012577954404227043,-0.0015249422200139771,-213.0417844536786,139491.78235292752
FFIV,2020-03-20,100.13999938964844,3.45670932188915,25.209999084472656,0.38952796713398347,2.5070725210295346,Hammer,2020-03-27,100.7699966430664,2020-05-08,132.13999938964844,RSI > 90,6,0.3113030047792551,0.3111883283673588,31118.83280561705,131118.83280561704
FICO,2002-05-03,25.488134384155273,9.988281046094968,2.708301544189453,0.22380962441810512,1.366626215871949,Hammer,2002-05-10,25.40645408630371,2002-06-21,23.484994888305664,Time stop (5 bars),6,-0.07562878280735286,-0.07600742529090712,-7600.74252148997,92399.25747851002
FICO,2006-05-26,35.212406158447266,8.71704562713198,2.0678749084472656,0.3915097559220854,1.0784308438287473,Hammer,2006-06-02,35.22216033935547,2006-07-14,34.256500244140625,Time stop (5 bars),6,-0.027416265382673388,-0.0276962459027628,-2559.1125537983953,89840.14492471161
FIS,2007-08-17,19.762107849121094,5.438103343565615,3.0017356872558594,0.3890406119303026,2.5097587129119794,Hammer,2007-08-24,19.762107849121094,2007-10-05,18.405189514160156,Time stop (5 bars),6,-0.06866263180631749,-0.06915115480698487,-6915.115473783373,93084.88452621661
FIS,2011-08-12,21.371665954589844,7.03295386437685,1.956024169921875,0.24902683516654966,1.9029224553692232,Hammer,2011-08-19,21.249889373779297,2011-09-30,18.49284553527832,Time stop (5 bars),6,-0.12974391489787962,-0.1301838739238271,-12118.150859256839,80966.73366695979
FIS,2014-10-17,43.211273193359375,2.2349924105992187,2.4109649658203125,0.3187921268314294,1.7855518083622053,Hammer,2014-10-24,42.903831481933594,2014-11-21,47.75003433227539,RSI > 90,4,0.11295501317597911,0.11270879870914309,9125.663277880507,90092.39694484028
FISV,1992-04-10,1.0534979104995728,9.509011389567519,0.06584358215332031,0.375,1.1904718656424178,Hammer,1992-04-16,1.0534979104995728,1992-05-08,1.1522632837295532,RSI > 90,3,0.09374994695826744,0.08385975290974952,8385.975282588977,108385.97528258897
FISV,1993-04-23,1.3271604776382446,6.4255701592814916,0.11728394031524658,0.2631582692059452,1.459184136473454,Hammer,1993-04-30,1.3456790447235107,1993-06-11,1.3981481790542603,Time stop (5 bars),6,0.03899082365626794,0.031442802416056716,3407.958802074093,111793.93408466308
FISV,2003-03-14,7.340000152587891,6.694851257171763,0.7600002288818359,0.2993419649198537,1.0538468686733873,Hammer,2003-03-21,7.34499979019165,2003-05-02,7.190000057220459,Time stop (5 bars),6,-0.021102755261909523,-0.02244894390219958,-2509.6557523631436,109284.27833229993
FISV,2007-08-10,11.760000228881836,0.6008369115496919,1.0625,0.32235268985523896,1.5784327937026825,Hammer,2007-08-17,11.824999809265137,2007-09-28,12.3774995803833,Time stop (5 bars),6,0.04672302579533816,0.045857969557470714,5011.55510386121,114295.83343616115
FISV,2011-03-18,15.005000114440918,9.044896470155408,0.5900001525878906,0.1567791678789642,1.0226230410053205,Hammer,2011-03-25,15.102499961853027,2011-05-06,15.302499771118164,Time stop (5 bars),6,0.013242827993399153,0.012576522240270905,1437.4440897427357,115733.27752590389
FISV,2011-08-12,13.7524995803833,4.007235035702152,1.2799997329711914,0.2695315148449124,1.8572067352966595,Hammer,2011-08-19,13.792499542236328,2011-09-30,12.454999923706055,Time stop (5 bars),6,-0.09697296812912637,-0.09766259563230018,-11302.812272910312,104430.46525299357
FISV,2016-10-28,49.165000915527344,9.493021235029843,3.9850006103515625,0.30740233036326253,2.2590653448484463,Hammer,2016-11-04,49.2400016784668,2016-11-25,51.255001068115234,RSI > 90,3,0.04092200083188913,0.0407147795981325,4251.863371854204,108682.32862484778
FITB,1994-07-15,4.3723320960998535,1.7658778702036528,0.20163631439208984,0.2631567745505626,1.5941749555301736,Hammer,1994-07-22,4.351107120513916,1994-09-02,4.3723320960998535,Time stop (5 bars),6,0.004878063214272421,0.0025768364448791412,257.68364423023047,100257.68364423024
FITB,1999-06-04,21.062015533447266,9.652156795110841,1.4325275421142578,0.2702710979326469,1.0654562141146258,Hammer,1999-06-11,21.21688461303711,1999-07-23,21.128562927246094,Time stop (5 bars),6,-0.004162801815717265,-0.0046330327199411644,-464.49712828473173,99793.1865159455
FITB,2003-03-14,24.650516510009766,6.415381047435488,2.2547988891601562,0.31808277024169235,1.3373401835719476,Hammer,2003-03-21,24.512969970703125,2003-05-02,24.01947784423828,Time stop (5 bars),6,-0.020131878228327516,-0.020535636802984623,-2049.316631654643,97743.86988429085
FITB,2007-03-16,21.86903953552246,6.32871955531445,1.2893562316894531,0.38793095796708255,1.8718754097482924,Hammer,2007-03-23,21.86903953552246,2007-05-04,23.029306411743164,RSI > 90,6,0.05305522788671402,0.05258593751523231,5139.953029092361,102883.8229133832
FITB,2016-02-12,10.394489288330078,0.6844766061400236,1.0415458679199219,0.30872415624370503,1.2968366327306193,Hammer,2016-02-19,10.42944049835205,2016-03-11,11.932341575622559,RSI > 90,3,0.14410179314105864,0.14307437734742814,14720.038887735322,117603.86180111853
FITB,2018-10-26,19.327600479125977,4.82021598383524,1.7414264678955078,0.24463504740917122,1.5790370257923325,Hammer,2018-11-02,19.581714630126953,2018-12-14,19.006221771240234,Time stop (5 bars),6,-0.02938929862665396,-0.029892346416593635,-3515.4553733727835,114088.40642774574
FIX,1997-10-31,13.617111206054688,2.485093406857729,1.6020126342773438,0.03125014882440625,1.59379325911556,Hammer,1997-11-07,13.516985893249512,1997-12-19,14.117740631103516,Time stop (5 bars),6,0.04444443033369039,0.04368845985477053,4368.845981108207,104368.8459811082
FIX,1999-08-20,11.214092254638672,0.6385784721772012,1.4017620086669922,0.28571409133152,1.1425643400775833,Hammer,1999-08-27,11.314217567443848,1999-10-08,9.311700820922852,Time stop (5 bars),6,-0.1769911825173972,-0.1777964540861344,-18556.410713946527,85812.43526716168
FIX,2008-10-31,7.741497993469238,0.5223358176640716,2.0411667823791504,0.11788619310630638,1.5587725671262918,Hammer,2008-11-07,7.666821002960205,2008-12-19,8.313525199890137,RSI > 90,6,0.08435102328334465,0.08299257721005966,7121.795152371367,92934.23041953305
FIX,2014-02-07,15.145217895507812,2.4743167876575143,1.0127229690551758,0.3873880915363442,1.0269123237901134,Hammer,2014-02-14,15.145217895507812,2014-03-28,14.96668529510498,Time stop (5 bars),6,-0.01178805096332003,-0.012444217086721554,-1156.4937369715776,91777.73668256146
FLEX,1997-02-28,2.05717134475708,5.099763735748041,0.40916121006011963,0.38888871084141124,1.2592188204248322,Hammer,1997-03-07,2.034440040588379,1997-04-18,1.761665940284729,Time stop (5 bars),6,-0.13407822047424955,-0.1386528138488786,-13865.281371022578,86134.71862897743
FLEX,2000-10-13,25.458913803100586,4.486355621936596,8.024105072021484,0.2549576390641944,2.1472011231322496,Hammer,2000-10-20,26.072656631469727,2000-12-01,21.82192611694336,Time stop (5 bars),6,-0.1630340388633712,-0.1633862495675569,-14073.22862027217,72061.49000870527
FLEX,2004-10-29,8.765140533447266,6.9793618723832935,1.2365751266479492,0.39411773325425736,1.3711640934538825,Hammer,2004-11-05,8.656030654907227,2004-11-19,10.365415573120117,RSI > 90,2,0.197479073996095,0.19621047262429928,14139.21899848006,86200.70900718533
FLEX,2006-06-16,7.455824851989746,8.084729386295422,0.7201237678527832,0.36363642383272776,1.2787895578946908,Hammer,2006-06-23,7.49946928024292,2006-08-04,8.146852493286133,RSI > 90,6,0.08632387024355448,0.08493381600231972,7321.355150764428,93522.06415794975
FLEX,2014-10-03,7.4340033531188965,2.264572527853872,0.5237255096435547,0.3749995447642425,1.4409612571815882,Hammer,2014-10-10,7.441276550292969,2014-11-21,8.066839218139648,RSI > 90,6,0.08406657965454212,0.08266717784238908,7731.2051022013475,101253.26926015111
FOX,2022-05-13,29.51970672607422,0.681342560516299,2.8415088653564453,0.2417945332464295,1.3634618684913324,Hammer,2022-05-20,29.47245979309082,2022-07-01,28.744861602783203,Time stop (5 bars),6,-0.024687392752951953,-0.025022447506840576,-2502.2447481818135,97497.75525181818
FOXA,2022-05-13,32.08062744140625,0.8986153795286356,3.008747100830078,0.22712986148530856,1.2861210562865548,Hammer,2022-05-20,32.033172607421875,2022-07-01,31.2169189453125,Time stop (5 bars),6,-0.02548151168517898,-0.025789662607597283,-2578.9662581807625,97421.03374181925
FOXA,2026-02-27,56.064979553222656,8.836416181883038,4.045158386230469,0.1869618846978633,1.0550858541609929,Hammer,2026-03-06,55.547515869140625,2026-04-17,61.02000045776367,Time stop (5 bars),6,0.09851897970586432,0.09833010266340518,9579.420239828727,107000.45398164798
FRT,1994-08-26,5.032349109649658,5.174915315169898,0.36143970489501953,0.30769240917474283,1.4258263747864546,Hammer,1994-09-02,5.087954998016357,1994-10-14,4.527529716491699,Time stop (5 bars),6,-0.11014745251150049,-0.11200281207016988,-11200.281195816708,88799.71880418329
FRT,2002-07-26,10.630073547363281,8.267660399340585,1.886580467224121,0.14223219525806746,3.510360501940659,Hammer,2002-08-02,10.6094331741333,2002-09-13,11.228660583496094,Time stop (5 bars),6,0.05836573916809451,0.057396132169114884,5096.760391968379,93896.47919615167
FRT,2002-10-11,10.767345428466797,4.5961349910007385,0.9624204635620117,0.2838428769752599,1.9084527886067453,Hammer,2002-10-18,10.779953956604004,2002-11-15,11.389347076416016,RSI > 90,4,0.05653021545965742,0.0555767898707609,5218.464888670329,99114.94408482201
FRT,2011-10-07,49.259605407714844,6.91848882825289,3.6564598083496094,0.34488413896855463,1.3425299436208373,Hammer,2011-10-14,50.02589416503906,2011-11-04,52.952266693115234,RSI > 90,3,0.05849715586135962,0.058291433258334566,5777.552142246412,104892.49622706843
FRT,2013-06-07,67.59534454345703,4.258329815624364,2.4419937133789062,0.39690761910415306,1.1179137110666617,Hammer,2013-06-14,67.64569854736328,2013-07-26,67.09322357177734,Time stop (5 bars),6,-0.008167185607509286,-0.008314400112101357,-872.1181815168109,104020.37804555161
FSLR,2011-10-28,53.9900016784668,6.679749185971588,18.490001678466797,0.3785829834808563,1.455764958979035,Hammer,2011-11-04,52.20000076293945,2011-12-16,45.0,Time stop (5 bars),6,-0.13793104708249837,-0.1381093890924308,-13810.93889543214,86189.06110456785
FTNT,2011-12-23,4.165999889373779,9.423061781715603,0.818000078201294,0.3447433226044983,1.5306636393644093,Hammer,2011-12-30,4.1519999504089355,2012-02-10,5.084000110626221,RSI > 90,6,0.22447017614378617,0.22179460457452865,22179.46043527341,122179.4604352734
FTNT,2016-01-22,5.550000190734863,4.2431719220135875,1.0120000839233398,0.18774707654555067,1.667247303594205,Hammer,2016-01-29,5.51800012588501,2016-03-11,5.6519999504089355,Time stop (5 bars),6,0.02428412857320006,0.022451533894190513,2743.116294393333,124922.57672966673
FTV,2020-03-13,36.6501579284668,1.2860749756578826,7.114658355712891,0.36826223214740506,2.563428032369901,Hammer,2020-03-20,32.729270935058594,2020-05-01,37.33738708496094,Time stop (5 bars),6,0.14079495259902863,0.14046795662639106,14046.79564859231,114046.79564859232
GD,1997-10-31,11.391783714294434,5.602476845014138,0.8574466705322266,0.11224471637129657,1.5525072248998315,Hammer,1997-11-07,11.46177864074707,1997-11-28,12.144235610961914,RSI > 90,3,0.05954197787319693,0.05864393054778915,5864.393048914522,105864.39304891453
GD,2005-12-09,35.86323165893555,4.695439638528086,1.0652732849121094,0.3194034126515192,1.0017811890766994,Hammer,2005-12-16,35.85369110107422,2006-01-27,36.85542678833008,Time stop (5 bars),6,0.02793954141100552,0.02765677320626327,2927.8675062446755,108792.26055515921
GD,2007-08-10,50.35999298095703,8.559226020535519,6.377239227294922,0.31562878531842287,2.893517485118755,Hammer,2007-08-17,51.71491241455078,2007-09-28,53.85151672363281,RSI > 90,6,0.04131505226103527,0.041117709017692294,4473.288508410711,113265.54906356992
GD,2012-08-03,46.39098358154297,8.127406171428433,2.2423553466796875,0.34098363444591884,1.097864597643124,Hammer,2012-08-10,46.63359832763672,2012-08-31,48.70685577392578,RSI > 90,3,0.044458448857470634,0.04423926790841038,5010.784964805685,118276.33402837561
GDDY,2019-06-07,73.19999694824219,3.5700732692790353,4.525001525878906,0.2707194895978931,1.0610345023960857,Hammer,2019-06-14,73.62999725341797,2019-07-26,72.87999725341797,Time stop (5 bars),6,-0.010186065842412995,-0.010321179172241,-1032.1179161919822,98967.88208380801
GDDY,2020-03-20,48.709999084472656,2.3406005824699605,11.979999542236328,0.3322203417624985,1.9799777065577717,Hammer,2020-03-27,48.400001525878906,2020-05-08,65.2699966430664,Time stop (5 bars),6,0.3485536071350599,0.34831101302979184,34471.60323155255,133439.48531536057
GE,1990-09-28,9.463715553283691,1.1478404977827523,0.9984645843505859,0.26086902535516915,1.6339393297087998,Hammer,1990-10-05,9.463715553283691,1990-11-16,9.463715553283691,Time stop (5 bars),6,0.0,-0.0010561094526207477,-105.61094515646384,99894.38905484354
GE,1994-04-22,18.47051239013672,0.5588374478150229,0.6253032684326172,0.3846156192521329,1.0051050799912358,Hammer,1994-04-29,18.446462631225586,1994-06-10,19.04771614074707,RSI > 90,6,0.03259451535730773,0.0320437203997531,3200.9878691765753,103095.3769240201
GE,1996-07-19,33.62912368774414,4.867715620546207,2.4569225311279297,0.3124998544407224,1.7526919444253017,Hammer,1996-07-26,33.424381256103516,1996-09-06,33.6803092956543,Time stop (5 bars),6,0.007656926768212058,0.0073566434767882395,758.4359313766815,103853.81285539678
GE,1997-10-31,54.15462112426758,6.56191321068124,7.1228485107421875,0.3382352941176471,1.9610704838393864,Hammer,1997-11-07,55.41159439086914,1997-11-28,60.387115478515625,RSI > 90,3,0.08979205782366662,0.0896035049108799,9305.665620896481,113159.47847629327
GE,2001-01-12,119.77009582519531,5.7031289748915555,10.649871826171875,0.38461566014757503,1.023826884784687,Hammer,2001-01-19,119.77009582519531,2001-03-02,123.21082305908203,Time stop (5 bars),6,0.028727765559346752,0.028643076511444862,3241.235596750431,116400.7140730437
GE,2001-03-23,105.21176147460938,2.1264773567363733,14.943809509277344,0.37147823956011977,1.4909889360801467,Hammer,2001-03-30,106.55354309082031,2001-04-27,125.62793731689453,RSI > 90,4,0.17901229440879574,0.1789100495661389,20825.257503516958,137225.97157656067
GE,2011-08-12,57.50489044189453,5.637066153259568,4.7437896728515625,0.35114462074888464,1.2237741249171932,Hammer,2011-08-19,58.5550422668457,2011-09-30,56.30154800415039,Time stop (5 bars),6,-0.038485059107732145,-0.03865253806308841,-5304.132084303168,131921.8394922575
GE,2017-05-19,123.13001251220703,7.286712394822331,5.179801940917969,0.19491639012736273,1.368952206960934,Hammer,2017-05-26,123.92015075683594,2017-06-23,128.19700622558594,RSI > 90,4,0.034512994397031704,0.03443090803353038,4542.188718629886,136464.02821088742
GEN,2004-12-23,9.019186973571777,8.002284115204404,0.8603239059448242,0.23966900007205288,1.0139814724603209,Hammer,2004-12-31,9.17560863494873,2005-02-11,8.340169906616211,Time stop (5 bars),6,-0.09104995227787283,-0.0920896164894891,-9208.961639739951,90791.03836026006
GEN,2011-08-12,5.968945503234863,2.186618484621576,0.526148796081543,0.2635130603744379,1.3972215854510521,Hammer,2011-08-19,5.993831157684326,2011-09-30,5.844518184661865,Time stop (5 bars),6,-0.024911107619545736,-0.026557335726708407,-2411.16808429872,88379.87027596135
GEN,2013-06-07,7.888677597045898,3.1273164365533006,0.4088320732116699,0.32173952597613903,1.0073868739361596,Hammer,2013-06-14,7.881567478179932,2013-07-12,8.256913185119629,RSI > 90,4,0.047623230782308124,0.046325059406454545,4094.2027367744536,92474.07301273581
GEN,2016-01-22,7.440931797027588,9.409546785234397,0.6993789672851562,0.3661202260306101,1.7837122479960188,Hammer,2016-01-29,7.42946720123291,2016-03-11,8.040273666381836,Time stop (5 bars),6,0.08221403347033607,0.08081365468251583,7473.167796063819,99947.24080879963
GEN,2022-05-06,22.572355270385742,1.6593482847608527,1.8368606567382812,0.38805911256391196,1.1603826400399573,Hammer,2022-05-13,22.19767189025879,2022-06-24,20.2074031829834,Time stop (5 bars),6,-0.08966114631817756,-0.09009135103928594,-9004.381948109232,90942.8588606904
GEV,2025-11-07,574.0662231445312,7.079742670189958,54.06982421875,0.3348715401634533,1.0759571160118084,Hammer,2025-11-14,585.2355346679688,2025-12-19,687.20654296875,RSI > 90,5,0.1742392631005123,0.17421752070786195,17421.752055106772,117421.75205510677
GILD,1994-06-10,0.16085568070411682,5.7865623573740805,0.02949020266532898,0.36363636363636365,1.105617061586587,Hammer,1994-06-17,0.17157939076423645,1994-07-15,0.17157939076423645,RSI > 90,4,0.0,-0.019801980198019802,-1980.1980178217825,98019.8019821782
GILD,2014-10-17,69.14649200439453,9.342176356101206,8.812313079833984,0.2975081111382865,2.0968386250151614,Hammer,2014-10-24,69.4210205078125,2014-12-05,68.63175964355469,Time stop (5 bars),6,-0.011369191326840111,-0.011512410741846632,-1128.444220124864,96891.35776205335
GILD,2016-01-22,63.77608108520508,4.895267414307767,4.819843292236328,0.200288406821407,1.1092791129389683,Hammer,2016-01-29,63.56772994995117,2016-03-11,60.49803161621094,Time stop (5 bars),6,-0.04829019907045762,-0.04844370119333851,-4693.775978947997,92197.58178310534
GIS,2000-07-21,7.839108943939209,2.817408925744857,0.5549812316894531,0.2,1.2016112057559183,Hammer,2000-07-28,7.755861759185791,2000-09-08,6.992762565612793,Time stop (5 bars),6,-0.09838999420911654,-0.09961512233586113,-9961.512223624602,90038.48777637539
GIS,2003-10-17,10.764477729797363,4.344683448381005,0.39226722717285156,0.398772737660519,1.1216300196058522,Hammer,2003-10-24,10.757258415222168,2003-12-05,10.82945442199707,Time stop (5 bars),6,0.0067113760763375385,0.005779085055877416,520.3400786419124,90558.82785501731
GIS,2016-09-23,45.078399658203125,4.707813107385874,1.6873893737792969,0.3801654387245981,1.0457092361353002,Hammer,2016-09-30,44.93894577026367,2016-11-11,42.880741119384766,Time stop (5 bars),6,-0.045800020797124086,-0.04601742493751624,-4167.28405908043,86391.54379593689
GIS,2021-01-15,46.28471755981445,1.0420045080122122,2.2302894592285156,0.15867081040678552,1.0462560683725268,Hammer,2021-01-22,46.597450256347656,2021-03-05,45.379432678222656,Time stop (5 bars),6,-0.026139146486004905,-0.026350922995894123,-2276.496915786651,84115.04688015023
GIS,2023-10-06,55.92072677612305,0.05692155105406016,2.7157363891601562,0.2882497043182182,1.1275681913195335,Hammer,2023-10-13,56.019161224365234,2023-11-03,58.39058303833008,RSI > 90,3,0.0423323334754504,0.042150061015779096,3545.4543547979974,87660.50123494821
GL,1998-10-09,10.424854278564453,2.88905150903382,1.317220687866211,0.3571429605721377,1.5314749161555543,Hammer,1998-10-16,10.349584579467773,1998-11-06,13.214097023010254,RSI > 90,3,0.2767755963099523,0.27567619170379143,27567.619142811527,127567.61914281151
GL,1999-04-01,11.074050903320312,6.746525951931517,0.8337602615356445,0.3333329520589389,1.091280501610576,Hammer,1999-04-09,11.13818645477295,1999-05-21,12.113448143005371,Time stop (5 bars),6,0.08756018694717582,0.08662348890509432,11050.35223041628,138617.97137322777
GL,2001-12-14,13.542659759521484,5.939086834624632,0.7735633850097656,0.36529698942229455,1.135374233895157,Hammer,2001-12-21,13.454353332519531,2002-02-01,13.620485305786133,Time stop (5 bars),6,0.01234782298046655,0.011600258155744192,1608.0042513469962,140225.97562457476
GL,2002-06-28,13.555368423461914,2.2104641771155684,0.7203502655029297,0.26108305906463564,1.269110765947743,Hammer,2002-07-05,13.484396934509277,2002-08-16,12.876582145690918,Time stop (5 bars),6,-0.04507541507198143,-0.04580003033625881,-6422.353931114658,133803.6216934601
GL,2003-02-14,12.703897476196289,5.41515998186361,0.7327795028686523,0.2682921750447373,1.0996049561887693,Hammer,2003-02-21,12.703897476196289,2003-04-04,12.725343704223633,Time stop (5 bars),6,0.0016881612959744885,0.0009006468144685386,120.50980552205851,133924.13149898214
GL,2011-08-12,21.10359764099121,3.369372031644488,2.615327835083008,0.36830405816866435,2.141785200531993,Hammer,2011-08-19,21.25537872314453,2011-09-30,20.321334838867188,Time stop (5 bars),6,-0.0439438834021002,-0.04440390721965988,-5946.7547036075775,127977.37679537457
GL,2014-10-17,46.53948974609375,0.8235158159505716,1.8049774169921875,0.28140560144051535,1.4233486545889107,Hammer,2014-10-24,46.46692657470703,2014-11-14,48.42610168457031,RSI > 90,3,0.04216278661584005,0.04194306656793847,5367.763628750776,133345.14042412536
GLW,1993-08-13,5.407942295074463,1.1265732063873486,0.42249536514282227,0.1999995485515842,1.4630427955369383,Hammer,1993-08-20,5.407942295074463,1993-09-24,5.7984819412231445,RSI > 90,5,0.07221594182030833,0.0703018109938021,7030.181092350027,107030.18109235003
GLW,1995-10-06,4.777357578277588,6.79620866000171,0.7777090072631836,0.3714283612123798,2.551506149231243,Hammer,1995-10-13,4.777357578277588,1995-11-24,4.888458728790283,Time stop (5 bars),6,0.023255774492968007,0.021140441478470055,2262.6652775502134,109292.84636990023
GLW,1997-01-31,7.31946325302124,6.344618733534318,0.4622817039489746,0.3333329895046288,1.208093746925906,Hammer,1997-02-07,7.29378080368042,1997-03-14,8.618857383728027,RSI > 90,5,0.18167211432772667,0.18017756875017793,19692.119321023216,128984.96569092345
GLW,2006-06-16,14.417608261108398,5.577697858365838,1.641770362854004,0.309523961659486,1.1365466646121525,Hammer,2006-06-23,14.463213920593262,2006-08-04,12.52826976776123,Time stop (5 bars),6,-0.13378383002943672,-0.13442876664020736,-17339.289835621013,111645.67585530244
GLW,2007-08-10,15.277584075927734,9.081877770858597,1.035879135131836,0.3647797178783242,1.0840076919523236,Hammer,2007-08-17,15.694540977478027,2007-09-28,15.66858959197998,Time stop (5 bars),6,-0.0016535294364637965,-0.0022899641173981353,-255.66459131564136,111390.0112639868
GLW,2012-08-03,7.898536682128906,0.6865338971494026,0.647763729095459,0.22580585796111624,1.1299757855265185,Hammer,2012-08-10,7.947292804718018,2012-09-21,9.19740104675293,RSI > 90,6,0.15729988472209921,0.15594348353209123,17370.546369814438,128760.55763380123
GLW,2018-10-26,25.01483154296875,3.2234533015877815,3.040250778198242,0.32439630180549534,2.157651852194141,Hammer,2018-11-02,25.50387954711914,2018-12-14,25.674625396728516,Time stop (5 bars),6,0.006694897115316012,0.006301564492962239,811.3929572677869,129571.95059106902
GLW,2023-10-27,25.019075393676758,0.21830858482013582,1.8724327087402344,0.33165833752676493,1.321400270713277,Hammer,2023-11-03,25.179031372070312,2023-12-15,27.743206024169922,Time stop (5 bars),6,0.10183770035506234,0.10142040463514719,13141.239645170277,142713.1902362393
GM,2014-02-07,26.805967330932617,6.358755315133337,1.5626277923583984,0.16864587491013308,1.1206719144988362,Hammer,2014-02-14,26.657499313354492,2014-03-28,25.9804744720459,Time stop (5 bars),6,-0.025397162477630686,-0.025767458377935336,-2576.745835216788,97423.25416478323
GM,2014-10-17,23.036466598510742,9.273535271724356,1.6378440856933594,0.3395357178625414,1.248648183601561,Hammer,2014-10-24,23.021230697631836,2014-11-28,24.56766128540039,RSI > 90,5,0.06717410585384709,0.0667252321035144,6500.5892399242475,103923.84340470748
GNRC,2014-10-03,41.099998474121094,1.293159932551987,3.2699966430664062,0.38226338936783283,1.1832620918321135,Hammer,2014-10-10,41.189998626708984,2014-11-21,42.060001373291016,Time stop (5 bars),6,0.021121698848950432,0.020876387310386893,2087.6387289510503,102087.63872895106
GOOG,2014-12-19,25.521791458129883,7.950626912062617,1.6854686737060547,0.1979469734776857,1.5719418699840175,Hammer,2014-12-26,25.508447647094727,2015-02-06,26.281984329223633,Time stop (5 bars),6,0.03032472586457091,0.02992683280951456,2992.683277958773,102992.68327795877
GOOG,2018-11-02,52.42726516723633,2.4156578292320035,5.016273498535156,0.38780717057063724,1.732509031282963,Hammer,2018-11-09,52.28898239135742,2018-12-21,51.42212677001953,Time stop (5 bars),6,-0.01657816965818726,-0.01676781115608455,-1726.9618619362777,101265.7214160225
GOOGL,2008-09-12,10.855841636657715,6.775833389719409,1.1548871994018555,0.3281785849063615,1.2148579774646389,Hammer,2008-09-19,10.51701545715332,2008-10-31,8.304720878601074,Time stop (5 bars),6,-0.21035383922037665,-0.2112042685739864,-21120.42683627821,78879.57316372178
GOOGL,2014-12-19,25.773460388183594,6.47080705220516,1.396615982055664,0.18914164830947694,1.2821973473528951,Hammer,2014-12-26,25.80171012878418,2015-02-06,26.481185913085938,Time stop (5 bars),6,0.026334525150088384,0.025941926768691052,2046.2881085125903,80925.86127223438
GOOGL,2018-11-02,53.10361862182617,3.067523923264446,5.036834716796875,0.3674112525523033,1.663632058165501,Hammer,2018-11-09,53.1551628112793,2018-12-21,51.890377044677734,Time stop (5 bars),6,-0.023794222418093702,-0.023980095228961308,-1940.6098578532824,78985.2514143811
GPC,2022-02-25,108.369873046875,2.392882287506822,9.620307922363281,0.28557765436142346,1.6190898245506422,Hammer,2022-03-04,106.77232360839844,2022-04-14,116.70217895507812,Time stop (5 bars),6,0.0930002739576854,0.09290226624391111,9290.226615100884,109290.2266151009
GPC,2023-06-02,139.60232543945312,5.1101030642624465,11.352035522460938,0.28012129570263195,1.5606687221686641,Hammer,2023-06-09,139.72976684570312,2023-07-21,150.6539764404297,Time stop (5 bars),6,0.07818097633262089,0.07810661470368481,8536.289612567794,117826.51622766869
GPC,2023-10-06,131.97116088867188,3.0010071198316552,5.9316558837890625,0.39227549731566586,1.036618882014421,Hammer,2023-10-13,132.3009490966797,2023-11-24,125.7509536743164,Time stop (5 bars),6,-0.04950830260164529,-0.049582014014877725,-5842.07597308241,111984.44025458627
GPC,2025-04-11,110.35557556152344,5.436955007301563,10.858406066894531,0.13932996213550417,1.6013205993265067,Hammer,2025-04-17,111.49504089355469,2025-05-30,122.11406707763672,Time stop (5 bars),6,0.09524213901334067,0.09514818200120757,10655.115891991616,122639.55614657789
GPN,2011-08-12,21.006080627441406,8.63527321210401,1.8294696807861328,0.3897436218226402,1.5480477340227965,Hammer,2011-08-19,21.212574005126953,2011-09-30,18.870742797851562,Time stop (5 bars),6,-0.11039825750092302,-0.11084354915915921,-11084.354904831565,88915.64509516842
GRMN,2022-02-25,101.36492919921875,5.695099699220066,7.237754821777344,0.3525357159045271,1.0502852267124605,Hammer,2022-03-04,99.7061767578125,2022-04-14,103.96626281738281,Time stop (5 bars),6,0.04272640069148492,0.042623968523541854,4262.396848091788,104262.39684809178
GS,2008-09-19,95.55473327636719,1.9358802929798884,47.917236328125,0.3318481268055577,3.281168703932488,Hammer,2008-09-26,97.74851989746094,2008-11-07,67.93419647216797,Time stop (5 bars),6,-0.30501048462491764,-0.3050971817339912,-30509.71814288941,69490.28185711057
GS,2011-03-18,120.9705810546875,8.269229011965933,5.475288391113281,0.077347535103817,1.0333458764573635,Hammer,2011-03-25,122.2259521484375,2011-05-06,115.1020278930664,Time stop (5 bars),6,-0.05828487428528628,-0.05836430241259711,-4055.7518209892596,65434.530036121316
GS,2020-03-13,153.0823974609375,0.21507633700058193,30.582794189453125,0.3338041605089923,2.550274916763751,Hammer,2020-03-20,129.8050994873047,2020-05-01,154.75001525878906,Time stop (5 bars),6,0.19217207852395712,0.1920876408689832,12569.164493440003,78003.69452956133
GWW,1996-01-12,19.8433780670166,7.7897086405262,0.8091487884521484,0.3333333333333333,1.3735931413556557,Hammer,1996-01-19,19.8433780670166,1996-02-09,20.9222412109375,RSI > 90,3,0.05436892550639705,0.05385140993949024,5385.140988563884,105385.14098856387
GWW,1997-04-04,23.125484466552734,6.309917913306521,0.9798927307128906,0.3199985985292343,1.0898916671323897,Hammer,1997-04-11,23.360658645629883,1997-05-16,24.541881561279297,RSI > 90,5,0.05056462377914972,0.050125824972987364,5282.517126663832,110667.65811522769
GWW,1998-07-24,29.912992477416992,3.8429748225278644,1.9888973236083984,0.3600001917996078,1.4125539333660428,Hammer,1998-07-31,29.912992477416992,1998-09-11,26.82352066040039,Time stop (5 bars),6,-0.10328193741729508,-0.1035989236027844,-11465.050246913484,99202.6078683142
GWW,1999-10-22,28.239486694335938,5.829796517266132,2.30609130859375,0.33333360903051634,1.063264953480825,Hammer,1999-10-29,28.158571243286133,1999-12-03,30.13616371154785,RSI > 90,5,0.07023056856030063,0.06986303161857611,6930.594923218647,106133.20279153285
GWW,2008-10-10,55.2055778503418,4.426076025352174,8.713920593261719,0.36449383662930734,1.8309967937968192,Hammer,2008-10-17,55.497039794921875,2008-11-28,48.47264862060547,Time stop (5 bars),6,-0.12657235773788345,-0.12674112880009877,-13451.441911517228,92681.76088001562
GWW,2011-08-12,107.58594512939453,2.8706242439339746,10.31982421875,0.18112062337355098,1.8811252006379824,Hammer,2011-08-19,109.30459594726562,2011-09-23,123.63197326660156,RSI > 90,5,0.13107753791293675,0.13098005893501866,12139.46249012629,104821.2233701419
HAL,2002-06-28,5.431897163391113,7.1743823347922415,0.6883583068847656,0.3366338965580302,1.0140028996138626,Hammer,2002-07-05,5.384189128875732,2002-08-16,4.610637664794922,Time stop (5 bars),6,-0.14367093086166072,-0.14539320208349626,-14539.320193810305,85460.6798061897
HAL,2007-11-30,27.0601806640625,9.816226702534493,2.1012821197509766,0.19924896317160112,1.1618043087385364,Hammer,2007-12-07,27.030614852905273,2008-01-18,26.71278190612793,Time stop (5 bars),6,-0.01175825812719844,-0.012125966010427659,-1036.2932975216045,84424.3865086681
HAL,2010-06-04,17.674646377563477,3.816384718454316,2.3250064849853516,0.33881554390458196,1.0146060978977482,Hammer,2010-06-11,17.728181838989258,2010-07-23,22.018739700317383,Time stop (5 bars),6,0.2420190575827681,0.24138690395181248,20378.94125697962,104803.32776564771
HAL,2016-01-22,24.652280807495117,5.0371173108545975,2.735513687133789,0.2388054081831157,1.0770212931490226,Hammer,2016-01-29,24.60328483581543,2016-03-11,28.483110427856445,RSI > 90,6,0.1576954304245215,0.15725702209073858,16481.05921314432,121284.38697879204
HAL,2018-07-27,35.562957763671875,2.8812177036783453,3.045818328857422,0.34916205665276046,1.2600794580231445,Hammer,2018-08-03,35.99686050415039,2018-09-14,31.527851104736328,Time stop (5 bars),6,-0.12414997688197815,-0.12441049814349761,-15089.050985971204,106195.33599282084
HAS,2001-09-21,6.835090637207031,4.150534294263238,1.479236125946045,0.37931063383430313,2.229529820294467,Hammer,2001-09-28,6.911602973937988,2001-10-26,8.722392082214355,RSI > 90,4,0.26199263978333565,0.2603574493232887,26035.74490629312,126035.74490629313
HAS,2007-08-10,15.368165969848633,9.512723297153741,1.6404533386230469,0.16891880893415653,1.760089044023996,Hammer,2007-08-17,15.551054000854492,2007-09-28,15.811532020568848,Time stop (5 bars),6,0.016749862723133946,0.016101642466694748,2029.3825004752932,128065.12740676841
HAS,2011-07-22,24.712778091430664,8.819791096586187,1.5437850952148438,0.3162055775474803,1.2208978041518677,Hammer,2011-07-29,24.560230255126953,2011-09-09,21.832111358642578,Time stop (5 bars),6,-0.11107871824267124,-0.11146318874470589,-14274.547453480889,113790.57995328751
HAS,2012-06-29,21.37815284729004,6.171584530560139,1.2308063507080078,0.11282091811987348,1.1200130551922782,Hammer,2012-07-06,21.554885864257812,2012-08-10,23.09705924987793,RSI > 90,5,0.07154634894993062,0.07106593213279333,8086.633624224889,121877.2135775124
HBAN,2005-10-14,10.335737228393555,2.1329785035932787,0.43323421478271484,0.18681250949306483,1.053007843181191,Hammer,2005-10-21,10.283369064331055,2005-11-11,11.140316009521484,RSI > 90,3,0.08333328696359255,0.08232081682671423,8232.081674439341,108232.08167443934
HBAN,2014-02-07,5.625044345855713,5.063385268499019,0.3145790100097656,0.2871278724307282,1.4219775642654089,Hammer,2014-02-14,5.61258602142334,2014-03-07,5.917820930480957,RSI > 90,3,0.05438400549987654,0.052555476308097954,5688.18859852893,113920.27027296828
HBAN,2016-02-05,5.584053993225098,1.3248780779266838,0.44255924224853516,0.3529415567484167,1.0046248246539164,Hammer,2016-02-12,5.531988143920898,2016-03-11,6.228367805480957,RSI > 90,4,0.12588234888487793,0.12396263884249781,14121.857306565846,128042.12757953414
HCA,2011-08-12,15.787732124328613,3.975168548910929,3.4521713256835938,0.09698292532537134,1.7965695851497354,Hammer,2011-08-19,15.936532974243164,2011-09-30,14.708929061889648,Time stop (5 bars),6,-0.07703080176457355,-0.07763393359679531,-7763.393351916138,92236.60664808385
HCA,2012-03-30,19.861116409301758,9.490190811219904,2.30401611328125,0.3763063259953906,1.4024025485485105,Hammer,2012-04-05,19.829004287719727,2012-05-04,21.98048973083496,RSI > 90,4,0.10850194048561823,0.1079704033562774,9958.823614049088,102195.43026213294
HCA,2015-10-02,72.30884552001953,1.9984406473105594,7.073997497558594,0.14042016688901998,1.119153746980177,Hammer,2015-10-09,73.032958984375,2015-11-20,61.5586051940918,Time stop (5 bars),6,-0.1571119936786085,-0.15723815328328175,-16069.02071233917,86126.40954979377
HD,1996-04-12,5.652496814727783,8.451495369597993,0.472353458404541,0.36666676761589223,1.3791830842198671,Hammer,1996-04-19,5.699732303619385,1996-05-24,6.50273323059082,RSI > 90,5,0.14088397212295778,0.13900756157625735,13900.756143724975,113900.75614372498
HD,2011-08-12,21.52754783630371,3.9583698684339765,1.7740154266357422,0.2103161505007553,1.4252802347734896,Hammer,2011-08-19,21.583864212036133,2011-09-30,23.928102493286133,Time stop (5 bars),6,0.10861068519615436,0.10812232910097348,12315.215028306346,126215.97117203132
HD,2014-02-07,56.99908447265625,2.321936089787883,2.0652427673339844,0.10108590648902549,1.083438657967619,Hammer,2014-02-14,57.08109664916992,2014-03-07,60.19014358520508,RSI > 90,3,0.05446718999012723,0.054287245370457864,6851.917389834782,133067.88856186613
HIG,2002-07-26,29.03046989440918,0.7749268577934316,4.43504524230957,0.30107502835189986,1.8886329862325175,Hammer,2002-08-02,29.507356643676758,2002-09-13,26.963722229003906,Time stop (5 bars),6,-0.0862033982030016,-0.0865276346956855,-8652.763460915787,91347.2365390842
HIG,2003-03-14,21.21660041809082,4.1116138673468186,2.283184051513672,0.15957448585935713,1.0889603796032343,Hammer,2003-03-21,21.210529327392578,2003-05-02,24.392412185668945,Time stop (5 bars),6,0.1500143070058646,0.1495075993310696,13657.106026828737,105004.34256591293
HIG,2004-10-22,34.40696716308594,1.6199423322732969,2.288379669189453,0.37158455370612703,1.2215487093138622,Hammer,2004-10-29,34.35694885253906,2004-11-26,39.952850341796875,RSI > 90,4,0.16287539132987527,0.1625606717834649,17069.576450626308,122073.91901653925
HIG,2011-08-12,14.603164672851562,1.5829154777003254,2.564925193786621,0.26361033329751526,1.8407398925685083,Hammer,2011-08-19,14.845693588256836,2011-09-30,12.115324020385742,Time stop (5 bars),6,-0.18391660528618592,-0.1845280526182317,-22526.06252907165,99547.85648746761
HIG,2013-03-01,17.971885681152344,9.545260197448698,1.2977256774902344,0.3918357628508691,1.3671107891825316,Hammer,2013-03-08,17.75937843322754,2013-03-22,19.75335121154785,RSI > 90,2,0.11227717151348138,0.11168264545689774,11117.767950966216,110665.62443843382
HIG,2016-01-22,30.95423698425293,5.182439643484159,2.5028858184814453,0.306709250567544,1.357740235644732,Hammer,2016-01-29,30.914255142211914,2016-02-26,33.82495880126953,RSI > 90,4,0.09415409317377321,0.0938154443150699,10382.144716714181,121047.76915514801
HIG,2017-09-08,43.950050354003906,4.539064411195682,2.1739463806152344,0.2509532591548851,1.6772966457888776,Hammer,2017-09-15,44.784915924072266,2017-10-13,45.99174118041992,RSI > 90,4,0.026947136808154193,0.0267208640975463,3234.500985671366,124282.27014081937
HIG,2020-03-20,27.298595428466797,1.5831180942397793,15.783773422241211,0.32356197878418796,3.8229120421700435,Hammer,2020-03-27,27.438274383544922,2020-05-08,30.755661010742188,Time stop (5 bars),6,0.12090361736402588,0.12051720144518853,14978.151371648313,139260.42151246767
HII,2014-10-17,76.08145904541016,2.7365355747046465,4.568595886230469,0.3142105658675885,1.266479818471739,Hammer,2014-10-24,75.62984466552734,2014-11-21,86.83157348632812,RSI > 90,4,0.14811254565364207,0.1479705401695855,14797.054002161494,114797.05400216149
HLT,2014-10-17,44.215187072753906,8.10473756943604,4.86541748046875,0.16733048987016244,1.9231340693653558,Hammer,2014-10-24,44.273338317871094,2014-12-05,50.65071487426758,Time stop (5 bars),6,0.14404553166080625,0.14380342167959267,14380.342153578928,114380.34215357894
HLT,2018-06-29,77.1703109741211,7.479617500571365,3.665496826171875,0.3696809617770229,1.106173897582637,Hammer,2018-07-06,76.51715087890625,2018-08-17,73.88291931152344,Time stop (5 bars),6,-0.0344266813011852,-0.0345551129576483,-3952.4256392989564,110427.91651427998
HLT,2018-10-26,66.68412017822266,1.7762259700388512,7.042518615722656,0.3744801354599887,1.9283600254021087,Hammer,2018-11-02,67.31902313232422,2018-12-07,75.3564682006836,RSI > 90,5,0.11939337046767218,0.119235968007758,13166.97950749308,123594.89602177305
HON,1990-08-03,3.363847494125366,3.134528292807971,0.16378283500671387,0.3846147127541105,1.0396127093998613,Hammer,1990-08-10,3.1244723796844482,1990-09-21,3.0259361267089844,Time stop (5 bars),6,-0.03153692559939203,-0.034681965458473775,-3468.1965423791808,96531.80345762082
HON,1991-12-20,4.116015911102295,7.688951166209051,0.23169612884521484,0.3529415396520286,1.071433408245205,Hammer,1991-12-27,4.129645347595215,1992-01-10,4.633925437927246,RSI > 90,2,0.12211220283739022,0.11954594621265732,11539.985772415563,108071.78923003637
HON,1994-11-25,7.39257287979126,3.0583997259322473,0.6328272819519043,0.3636367061376574,1.5300989817207356,Hammer,1994-12-02,7.3638081550598145,1995-01-13,7.881576061248779,Time stop (5 bars),6,0.07031251972978092,0.06890773860631773,7446.982595533427,115518.7718255698
HON,1995-10-27,10.21125316619873,9.280790798694625,0.671025276184082,0.08695590381753814,1.5346831976443527,Hammer,1995-11-03,10.26960277557373,1995-11-24,10.548713684082031,RSI > 90,3,0.027178354860245113,0.026191855236298717,3025.650945704697,118544.42277127449
HON,1997-10-31,17.2991886138916,1.1558261696466303,3.1835317611694336,0.33962269803110984,2.4402509226868654,Hammer,1997-11-07,17.53945541381836,1997-12-19,17.754182815551758,Time stop (5 bars),6,0.0122425352821518,0.011669065633815649,1383.3026484574898,119927.72541973197
HON,2008-09-19,27.09870719909668,1.8506865230309444,3.2886791229248047,0.3036367274382835,1.5035359222392335,Hammer,2008-09-26,26.835613250732422,2008-11-07,18.183399200439453,Time stop (5 bars),6,-0.32241536533758264,-0.3227278739637812,-38704.0198153182,81223.70560441379
HON,2011-03-18,36.181156158447266,9.523528428437345,1.8006362915039062,0.28777016520276427,1.2621597514228935,Hammer,2011-03-25,36.75114059448242,2011-04-08,38.506439208984375,RSI > 90,2,0.047761745244050635,0.04748318474883483,3856.7602153425896,85080.46581975638
HON,2011-08-12,30.537120819091797,1.3535972506321343,2.8009719848632812,0.26046566738122023,1.3887825695693992,Hammer,2011-08-19,30.680423736572266,2011-09-30,28.213838577270508,Time stop (5 bars),6,-0.08039605907924574,-0.08070884666813487,-6866.746263433462,78213.71955632293
HON,2019-08-09,135.77406311035156,5.777905675102346,5.5229339599609375,0.36727347071841215,1.2296780707489743,Hammer,2019-08-16,134.7557830810547,2019-09-27,136.51348876953125,Time stop (5 bars),6,0.013043638263890323,0.012968948743978062,1014.349718987477,79228.06927531042
HPQ,1990-08-24,0.7695439457893372,0.11282035161998749,0.09268230199813843,0.21212115365693196,1.3361961467864798,Hammer,1990-08-31,0.7892038226127625,1990-10-12,0.6705376505851746,Time stop (5 bars),6,-0.15036188197204625,-0.16200648796212466,-16200.64878001182,83799.35121998817
HPQ,1997-10-31,6.003136157989502,3.4776575629473,0.6210136413574219,0.39215654657698334,1.3983616404017156,Hammer,1997-11-07,6.064019680023193,1997-12-19,5.942252159118652,Time stop (5 bars),6,-0.02008033075909732,-0.02171150002005568,-1819.409613874017,81979.94160611414
HPQ,1999-10-29,7.362028121948242,0.6871283681580138,1.0605788230895996,0.3274852249915138,1.1894132781193407,Hammer,1999-11-05,7.362028121948242,1999-11-26,9.290916442871094,RSI > 90,3,0.26200501940114873,0.2604697972043839,21353.298743618485,103333.24034973262
HPQ,2010-05-28,12.977391242980957,9.552423069709405,0.823603630065918,0.369863283353269,1.1172515222914545,Hammer,2010-06-04,12.93226146697998,2010-07-16,12.719718933105469,Time stop (5 bars),6,-0.016435063149411122,-0.017201672428319676,-1777.5045496754215,101555.73580005718
HPQ,2023-09-01,26.860164642333984,6.553934941605348,3.546567916870117,0.3715711809523707,2.2657038360438726,Hammer,2023-09-08,26.683277130126953,2023-10-20,23.825883865356445,Time stop (5 bars),6,-0.10708554465914333,-0.1074401787267737,-10911.166394175987,90644.5694058812
HPQ,2025-11-21,23.01969337463379,4.086954451255863,1.916707992553711,0.350877245357033,1.065784136770318,Hammer,2025-11-28,23.10616111755371,2026-01-09,21.495281219482422,Time stop (5 bars),6,-0.06971646609213278,-0.0701340746069298,-6357.272987067825,84287.29641881338
HRL,1990-08-10,0.9326022267341614,8.46046657345346,0.09546321630477905,0.30769283600783465,1.5720791980304993,Hammer,1990-08-17,0.9252589344978333,1990-09-28,0.8811990022659302,Time stop (5 bars),6,-0.04761902921349881,-0.05811277938554336,-5811.277932743058,94188.72206725695
HRL,1996-08-09,1.427627444267273,2.16174857770838,0.19202005863189697,0.3043480150312178,2.1511755814482045,Hammer,1996-08-16,1.4359761476516724,1996-09-27,1.4777196645736694,Time stop (5 bars),6,0.02906978433469276,0.02202917582898838,2074.8999174524215,96263.62198470937
HRL,1998-04-17,2.359440803527832,3.4158553546040196,0.13609695434570312,0.362630336070858,1.007851180548606,Hammer,1998-04-24,2.359440803527832,1998-06-05,2.3334176540374756,Time stop (5 bars),6,-0.011029371642402142,-0.015235378038058084,-1466.612670783154,94797.00931392623
HRL,1998-08-21,2.0221221446990967,4.808586158684918,0.15688872337341309,0.19444440223147869,1.1441359376781668,Hammer,1998-08-28,2.013406276702881,1998-10-09,1.9741839170455933,Time stop (5 bars),6,-0.019480598680519434,-0.02438674523827457,-2311.7905131772704,92485.21880074896
HRL,2000-02-18,2.5791780948638916,9.293622046582527,0.24179792404174805,0.3333333333333333,1.3469890197334775,Hammer,2000-02-25,2.632910966873169,2000-04-07,2.3194692134857178,Time stop (5 bars),6,-0.11904760826747318,-0.12261283926911336,-11339.875256245137,81145.34354450383
HRL,2007-08-10,5.5076069831848145,1.1477982142183691,0.7432575225830078,0.17763119064054958,3.2727780560110666,Hammer,2007-08-17,5.509236812591553,2007-09-28,5.726020812988281,Time stop (5 bars),6,0.03934918896593098,0.03750002174816741,3042.952144638459,84188.29568914228
HRL,2011-08-12,9.785262107849121,8.38424002685862,0.6575355529785156,0.236557907744432,1.5647139843945668,Hammer,2011-08-19,9.848895072937012,2011-09-30,9.516592025756836,Time stop (5 bars),6,-0.03374013477849758,-0.03473784170082003,-2924.519685786735,81263.77600335554
HRL,2018-12-28,34.201751708984375,6.734750629637517,1.7274398803710938,0.31775601870867726,1.122677445650033,Hammer,2019-01-04,34.27439880371094,2019-02-15,35.0013313293457,Time stop (5 bars),6,0.0212091984398588,0.020914384459891848,1699.581852297129,82963.35785565266
HRL,2019-04-26,32.56205368041992,7.460330016914071,1.5490226745605469,0.38947513587659177,1.085137190827402,Hammer,2019-05-03,32.49683380126953,2019-06-14,34.26597595214844,Time stop (5 bars),6,0.054440446773919016,0.05412439684588481,4490.341699756158,87453.69955540884
HRL,2021-01-15,37.898345947265625,4.016154210328452,1.8666229248046875,0.35746662742886104,1.11418287525202,Hammer,2021-01-22,38.02504348754883,2021-02-12,41.488006591796875,RSI > 90,3,0.09107058892337583,0.09079566541591151,7940.416836276132,95394.11639168496
HSIC,2002-07-05,8.717108726501465,1.9658979498154139,0.7251195907592773,0.02702727584787392,1.2882749786914496,Hammer,2002-07-12,8.658315658569336,2002-08-16,9.399112701416016,RSI > 90,5,0.08555902464857534,0.08435535211323052,8435.535202887517,108435.5352028875
HSIC,2011-08-12,24.73244285583496,2.676709925016752,1.9323444366455078,0.30425967693378275,1.514719149518458,Hammer,2011-08-19,24.85395050048828,2011-09-30,24.720685958862305,Time stop (5 bars),6,-0.005361905811446688,-0.005763096942614893,-624.9245007736461,107810.61070211386
HSIC,2014-02-07,44.43608856201172,8.493494332124683,2.404651641845703,0.39934799679550737,1.7473889464157144,Hammer,2014-02-14,44.30282211303711,2014-03-14,46.909332275390625,RSI > 90,4,0.05883395318932716,0.058601620177343876,6317.876453134884,114128.48715524873
HST,1990-04-12,1.3753604888916016,7.1150359718163685,0.09075987339019775,0.3846146773687231,1.0909890476721713,Hammer,1990-04-20,1.382341980934143,1990-06-01,1.3544158935546875,Time stop (5 bars),6,-0.020202010620110067,-0.02733723040221032,-2733.723037487309,97266.27696251268
HST,1992-04-10,0.8692111968994141,1.7599356778132744,0.10865139961242676,0.1333332967609284,1.4299395199749518,Hammer,1992-04-16,0.883698046207428,1992-05-29,0.9778625965118408,Time stop (5 bars),6,0.10655738202493414,0.09470545216520958,9211.646730949626,106477.9236934623
HST,1997-12-19,6.019852161407471,8.462543634813699,0.4158449172973633,0.2857147771445608,1.0389793362444593,Hammer,1997-12-26,5.940643787384033,1998-02-06,5.604007244110107,Time stop (5 bars),6,-0.05666667710136575,-0.05830092680786698,-6207.761629698429,100270.16206376388
HST,2011-03-18,10.163491249084473,9.167484493553886,0.6221351623535156,0.2710283955386323,1.1088977715660389,Hammer,2011-03-25,10.3262939453125,2011-05-06,10.32085132598877,Time stop (5 bars),6,-0.0005270641483338112,-0.0014947420338124458,-149.87802582401594,100120.28403793987
HST,2013-06-14,10.36734390258789,5.410689567290902,0.7013912200927734,0.25321906502307395,1.4608100397015875,Hammer,2013-06-21,10.43356990814209,2013-07-26,11.23090648651123,RSI > 90,5,0.07642030344253703,0.07542571303325926,7551.643805102418,107671.92784304229
HST,2020-03-20,8.547651290893555,1.7211084437826543,2.936246395111084,0.37209307612920617,2.6315205401429242,Hammer,2020-03-27,8.467315673828125,2020-05-08,9.159936904907227,Time stop (5 bars),6,0.08179938693202904,0.08057079756692617,8675.213093207229,116347.1409362495
HSY,1994-01-07,5.825000762939453,2.457662002922305,0.2552189826965332,0.3529416160812207,1.2404680566290354,Hammer,1994-01-14,5.8400139808654785,1994-02-25,6.206898212432861,RSI > 90,6,0.06282249199564616,0.061057891860600455,6105.789179954256,106105.78917995427
HSY,1994-04-22,5.466903209686279,5.808330920121989,0.30203866958618164,0.19999968425423217,1.4053547920369986,Hammer,1994-04-29,5.451801300048828,1994-06-10,5.322599411010742,Time stop (5 bars),6,-0.023698935806213073,-0.025509796194492177,-2706.7370543296493,103399.05212562461
HSY,1999-09-10,13.918355941772461,0.16761078949552655,0.9737815856933594,0.3620691343709235,1.1399799986108048,Hammer,1999-09-17,13.431465148925781,1999-10-29,13.767251968383789,Time stop (5 bars),6,0.02500001420059994,0.024246467790976643,2507.06178447441,105906.11391009903
HSY,2002-06-07,18.70916748046875,8.489486750622717,0.9214267730712891,0.32615666134678,1.4082668063648882,Hammer,2002-06-14,18.740354537963867,2002-07-26,16.273773193359375,Time stop (5 bars),6,-0.1316187129548556,-0.13211707143702278,-13992.005603086018,91914.10830701301
HSY,2003-03-14,18.013492584228516,4.125766619593364,0.7623100280761719,0.2716991518002352,1.0907282815888923,Hammer,2003-03-21,18.03650665283203,2003-05-02,18.5859432220459,Time stop (5 bars),6,0.030462471463541307,0.029899751700016186,2748.209013359875,94662.3173203729
HUBB,2014-10-17,82.65345764160156,5.706364378516852,9.738563537597656,0.22341128110474887,2.0755227685339523,Hammer,2014-10-24,82.16822814941406,2014-12-05,84.02825927734375,Time stop (5 bars),6,0.02263686548707633,0.022513793964207145,2251.379394169335,102251.37939416934
HUBB,2018-02-09,111.5643539428711,9.438742674286345,6.3256378173828125,0.2830431038433798,1.3436395169423114,Hammer,2018-02-16,112.45111846923828,2018-03-29,101.9632568359375,Time stop (5 bars),6,-0.09326596103328044,-0.09335073783622015,-9545.241701671745,92706.1376924976
HUM,1990-11-02,8.147111892700195,9.962209205348017,1.1220569610595703,0.3478261239101722,2.0791410754044297,Hammer,1990-11-09,8.147111892700195,1990-12-21,8.488607406616211,Time stop (5 bars),6,0.041916143832760655,0.04066375906994762,4066.375902928386,104066.37590292838
HUM,1992-09-04,6.581266403198242,3.5923490134086506,0.5419864654541016,0.28571441139933207,1.320724886297189,Hammer,1992-09-11,6.581266403198242,1992-10-16,6.96428108215332,RSI > 90,5,0.058197716896697615,0.05663522489371896,5893.822597242823,109960.1985001712
HUM,2002-07-26,11.358948707580566,2.1740316685337433,2.2438507080078125,0.29571991050845614,1.7221256004124998,Hammer,2002-08-02,12.162195205688477,2002-09-13,11.524836540222168,Time stop (5 bars),6,-0.052404903447710205,-0.05320525022592329,-5850.459870243343,104109.73862992787
HWM,1997-10-31,21.436134338378906,2.647763354379876,2.3491649627685547,0.26562491119556947,1.7936113869700723,Hammer,1997-11-07,21.729780197143555,1997-12-19,20.036643981933594,Time stop (5 bars),6,-0.07791777918823717,-0.07835994658155293,-7835.994650319299,92164.00534968071
HWM,2002-07-26,32.4979248046875,4.770720545275594,4.633493423461914,0.21917807091386973,1.385223217938797,Hammer,2002-08-02,32.94223403930664,2002-09-13,28.842449188232422,Time stop (5 bars),6,-0.12445375884897059,-0.12473838763433591,-11496.389413745092,80667.61593593562
HWM,2004-03-26,45.8293342590332,8.001088462309752,3.042938232421875,0.12608689111532329,1.0890920225872518,Hammer,2004-04-02,46.080711364746094,2004-05-14,38.73945999145508,Time stop (5 bars),6,-0.15931289157370554,-0.159512594155473,-12867.500669410965,67800.11526652465
HWM,2008-09-19,39.21391677856445,7.128077354362361,7.672695159912109,0.2937920830327476,1.5542769947611899,Hammer,2008-09-26,38.93580627441406,2008-11-07,17.316186904907227,Time stop (5 bars),6,-0.5552631738799709,-0.555448678106044,-37659.48436256904,30140.630903955607
HWM,2011-08-12,19.01422119140625,3.541124362427439,2.031698226928711,0.3206107801857876,1.159755279935109,Hammer,2011-08-19,19.35542106628418,2011-09-30,15.88137149810791,Time stop (5 bars),6,-0.17948716053652924,-0.17995732408132784,-5424.027278174797,24716.60362578081
HWM,2018-12-28,12.580429077148438,3.931021044770219,1.2235145568847656,0.32515425410850635,1.027129486287945,Hammer,2019-01-04,12.595441818237305,2019-02-15,13.028434753417969,Time stop (5 bars),6,0.03437695488805481,0.03356969075230709,829.7287393350853,25546.332365115893
IBKR,2008-03-20,4.798030853271484,3.1384825766657514,1.6587986946105957,0.2849460711927521,2.5792369760906793,Hammer,2008-03-28,4.806949138641357,2008-05-09,5.630997180938721,RSI > 90,6,0.1714284920706013,0.1691722042031409,16917.220403396874,116917.22040339687
IBKR,2013-04-19,3.204317331314087,6.125097876013541,0.1980445384979248,0.24719048370029098,1.8309271585590592,Hammer,2013-04-26,3.204317331314087,2013-05-10,3.493596076965332,RSI > 90,2,0.0902778082633322,0.08702123125259532,10174.280463960375,127091.50086735724
IBKR,2018-06-08,16.98581886291504,9.524287021913139,1.1541213989257812,0.303092752837585,1.1605731929371181,Hammer,2018-06-15,16.96440315246582,2018-07-27,14.863186836242676,Time stop (5 bars),6,-0.12386031488043991,-0.1244131156089814,-15811.84957451763,111279.65129283963
IBKR,2020-03-13,10.638554573059082,5.422493935319267,1.7240638732910156,0.39860173513617564,1.688705156699463,Hammer,2020-03-20,8.950660705566406,2020-05-01,9.391924858093262,Time stop (5 bars),6,0.04929961787652548,0.04815548139946862,5358.725172612967,116638.3764654526
IBM,1990-08-24,9.972023010253906,1.650635009081526,0.6209230422973633,0.38000107512843945,1.2861031029913743,Hammer,1990-08-31,10.232810974121094,1990-10-12,10.804059982299805,Time stop (5 bars),6,0.055825228241136005,0.05482119269416314,5482.119263934195,105482.1192639342
IBM,1991-12-13,9.255257606506348,2.7882375044941625,0.6573343276977539,0.2799997098358396,1.458115423376073,Hammer,1991-12-20,9.228963851928711,1992-01-24,10.12293815612793,RSI > 90,5,0.09686616163442796,0.09573075207724384,10097.88259774007,115580.00186167427
IBM,2002-02-01,53.22093963623047,3.859554039887385,4.538562774658203,0.2399565625585729,1.426383742152593,Hammer,2002-02-08,53.22093963623047,2002-03-22,52.84703063964844,Time stop (5 bars),6,-0.007025599306170305,-0.007212817645039948,-833.6574760079768,114746.3443856663
IBM,2020-10-30,84.36787414550781,9.408451317762598,6.78509521484375,0.3608017667113442,1.130429459095835,Hammer,2020-11-06,85.11589813232422,2020-12-04,95.1269302368164,RSI > 90,4,0.11761647734631997,0.1174920885931578,13481.787646819914,128228.13203248623
ICE,2008-03-20,21.229162216186523,8.52159626072509,3.8666515350341797,0.3579597669539704,1.2563527216340964,Hammer,2008-03-28,21.127140045166016,2008-04-11,25.369571685791016,RSI > 90,2,0.20080482410565015,0.20028409955541504,20028.40993551309,120028.40993551309
ICE,2008-10-03,13.298620223999023,8.955428241299217,4.194820404052734,0.31130922014064516,1.4070988384542886,Hammer,2008-10-10,12.905835151672363,2008-11-21,11.926419258117676,Time stop (5 bars),6,-0.07588938507615861,-0.07663453850439145,-9198.321793625637,110830.08814188745
ICE,2011-05-06,19.99639129638672,7.774787221251387,1.4572029113769531,0.3698877216313217,1.393539719310986,Hammer,2011-05-13,20.023597717285156,2011-06-24,20.314361572265625,Time stop (5 bars),6,0.014521059556119154,0.01401814839678775,1553.632620848412,112383.72076273586
ICE,2021-05-21,105.70091247558594,9.210925230868526,4.338813781738281,0.11302327953198275,1.0104990625203645,Hammer,2021-05-28,106.16795349121094,2021-07-02,111.694580078125,RSI > 90,5,0.05205550644217305,0.05195886904823401,5839.331024424959,118223.05178716082
IDXX,1999-12-31,4.03125,3.4454597489243355,0.671875,0.37209302325581395,1.2321500711827997,Hammer,2000-01-07,4.0,2000-02-18,4.484375,Time stop (5 bars),6,0.12109375,0.11844569288389509,11844.569276544938,111844.56927654495
IDXX,2001-03-23,5.3125,9.284844701266437,1.234375,0.16455696202531644,1.8495203830840568,Hammer,2001-03-30,5.335949897766113,2001-04-27,6.179999828338623,RSI > 90,4,0.1581817570899362,0.15616134705202103,17465.79858121254,129310.36785775749
IDXX,2006-05-19,19.15250015258789,8.006791778050783,0.8924999237060547,0.3949590427566693,1.070456383038517,Hammer,2006-05-26,19.11750030517578,2006-07-07,18.825000762939453,Time stop (5 bars),6,-0.015300093504229673,-0.015819037124264145,-2045.5655076485532,127264.80235010893
IEX,1991-01-11,1.2600140571594238,2.143855812945972,0.12292826175689697,0.3750001212183511,1.3173201653388908,Hammer,1991-01-18,1.2753801345825195,1991-02-01,1.4751384258270264,RSI > 90,2,0.15662647223989845,0.1482046511963256,14820.465104812094,114820.4651048121
IEX,2011-08-12,29.66326332092285,3.0919329612641775,2.8362979888916016,0.229226307079111,1.322372367172103,Hammer,2011-08-19,29.980213165283203,2011-09-30,25.54291534423828,Time stop (5 bars),6,-0.14800754739740374,-0.14831636502067597,-17029.753997299347,97790.71110751276
IEX,2016-01-22,61.43671417236328,9.644642609881643,3.228893280029297,0.2336954402877953,1.1812680016747577,Hammer,2016-01-29,61.085750579833984,2016-03-11,68.33320617675781,RSI > 90,6,0.11864396406903444,0.11847056269943586,11585.320560099688,109376.03166761245
IEX,2016-10-21,76.6485824584961,9.884577261263018,5.283348083496094,0.2823527543000062,1.7938500570551172,Hammer,2016-10-28,77.52765655517578,2016-12-09,85.0042724609375,RSI > 90,6,0.09643804853614624,0.0963028514371635,10533.223717939349,119909.2553855518
IFF,1997-10-03,24.944664001464844,9.741554118683993,1.2800140380859375,0.14634120900735514,1.1628858527415786,Hammer,1997-10-10,24.91344451904297,1997-11-21,24.382707595825195,Time stop (5 bars),6,-0.021303233393202503,-0.021700267960327008,-2170.026793862674,97829.97320613734
IFF,1999-03-26,19.54323387145996,5.073168359875751,1.8455657958984375,0.321410116493456,1.384875729247619,Hammer,1999-04-01,19.576189041137695,1999-05-14,20.99332046508789,RSI > 90,6,0.07239056697767965,0.07186138803899923,7030.197659380936,104860.17086551827
IFF,2002-06-28,19.12152862548828,5.424650610334879,1.2064990997314453,0.3414622964399821,1.1873366867561226,Hammer,2002-07-05,19.18626594543457,2002-08-16,17.820863723754883,Time stop (5 bars),6,-0.07116560489481738,-0.07166813411842085,-7515.132781755359,97345.0380837629
IFF,2004-07-30,22.330808639526367,8.079923726465893,0.8800315856933594,0.09722143956305945,1.111634401370388,Hammer,2004-08-06,22.361364364624023,2004-08-27,23.62030029296875,RSI > 90,3,0.05629960264573031,0.05583991693885298,5435.738835571061,102780.77691933398
IFF,2005-04-01,24.676639556884766,6.032725335091996,0.8978958129882812,0.2896553628631393,1.083129381671891,Hammer,2005-04-08,24.52182960510254,2005-05-20,22.757001876831055,Time stop (5 bars),6,-0.07196965955200407,-0.07236270471346415,-7437.4950029966985,95343.28191633729
IFF,2005-11-04,20.275224685668945,2.9834931605725927,1.038473129272461,0.391566674441969,1.192721168003046,Hammer,2005-11-11,20.375316619873047,2005-12-09,20.788204193115234,RSI > 90,4,0.020264105876002914,0.01976846487504165,1884.7903177495173,97228.0722340868
IFF,2008-02-01,27.8856258392334,6.541136828730529,3.319093704223633,0.25196863968333966,1.9921030799309045,Hammer,2008-02-08,27.8594913482666,2008-03-20,27.245328903198242,Time stop (5 bars),6,-0.022044998503053193,-0.022399922441332834,-2177.9012749859494,95050.17095910085
IFF,2008-11-21,18.126026153564453,0.8119354973565862,2.665395736694336,0.36408920629582053,1.0945735636763694,Hammer,2008-11-28,18.39190101623535,2009-01-09,20.326744079589844,Time stop (5 bars),6,0.10520081973290951,0.10462865792753946,9944.971813288936,104995.1427723898
IFF,2011-08-12,40.0970458984375,1.4316126990607927,2.837158203125,0.12781951854401513,1.4863213659105492,Hammer,2011-08-19,40.367252349853516,2011-09-23,42.19871520996094,RSI > 90,5,0.04537001538362251,0.0451167015484593,4737.034515762749,109732.17728815254
IFF,2013-06-28,55.73177719116211,2.438492171157634,2.8483810424804688,0.35731887299346715,1.3878441743899956,Hammer,2013-07-05,56.48069381713867,2013-08-16,61.76023864746094,RSI > 90,6,0.09347521203289877,0.09328990181799626,10236.904035249805,119969.08132340235
IFF,2025-04-11,71.05999755859375,4.315245610749471,8.021808624267578,0.24576233707377873,1.8815480354728522,Hammer,2025-04-17,71.64269256591797,2025-05-09,76.61505126953125,RSI > 90,3,0.06940496686439102,0.06926055153901534,8309.124731778706,128278.20605518106
INCY,1996-10-25,10.5625,6.35550537887805,1.40625,0.35555555555555557,1.2405836620894521,Hammer,1996-11-01,10.4375,1996-12-13,10.625,Time stop (5 bars),6,0.017964071856287456,0.016997845343548045,1699.78453265502,101699.78453265502
INCY,1998-04-17,21.6875,8.232665590005425,2.5625,0.34146341463414637,1.2480165529887803,Hammer,1998-04-24,21.3125,1998-06-05,18.25,Time stop (5 bars),6,-0.14369501466275658,-0.14413040928814352,-14658.031554549543,87041.75297810546
INCY,2008-03-14,9.270000457763672,4.72263289108254,1.5500001907348633,0.3935481171702579,1.2287565965017622,Hammer,2008-03-20,9.0,2008-04-11,11.329999923706055,RSI > 90,3,0.25888888041178393,0.25763463894570277,22424.970579290282,109466.72355739576
INCY,2013-06-14,21.170000076293945,4.581772792093332,2.210000991821289,0.34841634036060093,1.1044165923073277,Hammer,2013-06-21,21.350000381469727,2013-08-02,23.3700008392334,Time stop (5 bars),6,0.09461360288859244,0.09412317592407057,10303.355668921009,119770.07922631677
INCY,2016-02-12,68.36000061035156,7.95230472385721,21.334999084472656,0.3737988664796896,1.521973737641905,Hammer,2016-02-19,70.30000305175781,2016-04-01,70.4000015258789,Time stop (5 bars),6,0.0014224533396887118,0.0012801147886279927,153.319449499435,119923.39867581619
INTC,2012-05-25,18.06258773803711,3.9706300017103615,0.9543552398681641,0.39705850023083517,1.1608865397552888,Hammer,2012-06-01,18.273107528686523,2012-07-13,18.28012466430664,Time stop (5 bars),6,0.0003840143560203124,-0.00016319328328717617,-16.31932831239829,99983.68067168759
INTC,2020-03-13,48.250484466552734,8.09119151318096,8.536693572998047,0.3198338757455282,2.3689265361633822,Hammer,2020-03-20,42.116119384765625,2020-04-24,52.54896926879883,RSI > 90,5,0.24771631471362499,0.24744949888019696,24740.91165366582,124724.5923253534
INTU,1996-01-12,9.587992668151855,8.57395437014219,1.665090560913086,0.20879119620337988,1.2976005498347611,Hammer,1996-01-19,9.514801979064941,1996-03-01,9.587992668151855,Time stop (5 bars),6,0.007692297669247727,0.006637815495099277,663.781548846146,100663.78154884613
INTU,1996-07-19,5.2697367668151855,1.1698940271016625,0.9880757331848145,0.37037031674906923,1.0336022760455132,Hammer,1996-07-26,5.306332111358643,1996-09-06,5.196545600891113,Time stop (5 bars),6,-0.020689717146147424,-0.022553007034027767,-2270.2709710726904,98393.51057777344
INTU,2011-08-12,37.23068618774414,1.0950206617830816,2.9071388244628906,0.24471420004750102,1.2569191697581585,Hammer,2011-08-19,37.45904541015625,2011-09-30,41.75387954711914,Time stop (5 bars),6,0.11465412665850883,0.1143719021812123,11253.45295581373,109646.96353358717
INTU,2022-05-13,361.3926696777344,1.1793878466244365,50.131866455078125,0.3717271526936102,1.2532816627985632,Hammer,2022-05-20,359.7789306640625,2022-07-01,403.7767333984375,Time stop (5 bars),6,0.12229121547825494,0.12226172150931143,13405.626506479435,123052.5900400666
INVH,2018-12-28,16.272340774536133,9.293393698857514,0.8782682418823242,0.2777775968014976,1.1246482683450707,Hammer,2019-01-04,16.288604736328125,2019-02-01,17.54094886779785,RSI > 90,4,0.0768846780766097,0.0762473468317176,7624.734675547026,107624.73467554702
INVH,2022-05-13,32.228607177734375,7.3711142975805615,1.9204483032226562,0.2409094340072383,1.0368145951905547,Hammer,2022-05-20,32.31590270996094,2022-07-01,30.95412826538086,Time stop (5 bars),6,-0.042139452417658485,-0.04244233080028783,-4567.844586824931,103056.89008872208
IP,1992-06-12,10.55972957611084,2.0413118588540016,0.5650043487548828,0.10344839226938982,1.0634561376891483,Hammer,1992-06-19,10.540246963500977,1992-07-31,9.819379806518555,Time stop (5 bars),6,-0.0683918659096564,-0.06930773262229767,-6930.773255298995,93069.226744701
IP,1995-10-27,12.52698040008545,3.75789181107028,0.7170324325561523,0.2352941958840906,1.0958200323919196,Hammer,1995-11-03,12.569158554077148,1995-12-15,12.444087982177734,Time stop (5 bars),6,-0.009950592266086411,-0.010741917347273967,-999.741940266536,92069.48480443445
IP,2000-03-10,13.462167739868164,7.856495679422977,1.7002391815185547,0.2876712866622168,1.0219011230708934,Hammer,2000-03-17,13.136094093322754,2000-04-07,16.257081985473633,RSI > 90,3,0.23758872842859113,0.23673735763992695,21796.286530074933,113865.7713345094
IP,2007-08-17,15.114106178283691,2.7451981518123603,1.3619604110717773,0.3221475241208891,1.4985711987134458,Hammer,2007-08-24,14.762189865112305,2007-10-05,16.43036460876465,Time stop (5 bars),6,0.11300320337938241,0.11228776488950039,12785.732947785269,126651.50428229467
IP,2014-03-28,25.85131072998047,7.163915552339091,1.1119461059570312,0.30456962503001817,1.055607215287791,Hammer,2014-04-04,26.05451011657715,2014-05-16,26.48912811279297,RSI > 90,6,0.01668110412635615,0.016294166479580548,2063.680693601337,128715.18497589602
IP,2016-01-29,20.71511459350586,7.282834042170151,1.5198726654052734,0.31872457962655504,1.0899175363142253,Hammer,2016-02-05,20.60611915588379,2016-03-11,23.703533172607422,RSI > 90,5,0.1503152531193246,0.1497936135041108,19280.712651108784,147995.8976270048
IP,2020-03-13,24.0836238861084,3.582417800002773,4.06195068359375,0.17730481134768825,1.8884802352472287,Hammer,2020-03-20,20.727474212646484,2020-05-01,22.556793212890625,Time stop (5 bars),6,0.08825576051750761,0.08775214099310837,12986.956861979605,160982.8544889844
IQV,2022-01-28,238.82000732421875,5.809550807878111,14.524993896484375,0.37796850542593313,1.046890972374373,Hammer,2022-02-04,238.92999267578125,2022-03-18,215.0500030517578,Time stop (5 bars),6,-0.09994555039570796,-0.09998531130365053,-9998.531120366522,90001.46887963347
IRM,1998-09-04,2.951205253601074,7.456980594933839,0.5182604789733887,0.305555581113122,1.7034193738911174,Hammer,1998-09-11,2.9368093013763428,1998-10-23,3.1239588260650635,Time stop (5 bars),6,0.0637254603494386,0.06021788176610914,6021.788170589127,106021.78817058913
IRM,2002-07-12,4.882013320922852,7.933775712569499,0.3679652214050293,0.32394428253198543,1.2394006043924939,Hammer,2002-07-19,4.880285739898682,2002-08-30,4.9891204833984375,Time stop (5 bars),6,0.02230089574673455,0.020231108017400346,2144.9382465321887,108166.72641712133
IRM,2006-06-16,9.282045364379883,6.717811038979207,0.5027122497558594,0.2474218981203949,1.099661231882041,Hammer,2006-06-23,9.276862144470215,2006-08-04,10.170862197875977,Time stop (5 bars),6,0.09636879792793529,0.09523951548153685,10301.746604888842,118468.47302201018
ISRG,2002-07-26,1.4333304166793823,1.1189080260636075,0.2755550146102905,0.3145164465159983,1.1842367068017194,Hammer,2002-08-02,1.4333304166793823,2002-09-13,1.6888854503631592,Time stop (5 bars),6,0.17829457235396218,0.17072226995705214,17072.226978632993,117072.22697863299
ISRG,2007-01-12,10.44775676727295,7.383014198034985,0.9544429779052734,0.13038391056808213,1.144527206665159,Hammer,2007-01-19,10.524423599243164,2007-02-09,12.895529747009277,RSI > 90,3,0.22529558273734107,0.22423887931869552,26252.144950780472,143324.37192941344
IT,1996-09-06,27.801794052124023,3.52563398473373,3.769735336303711,0.3125002846044908,1.0320528609022872,Hammer,1996-09-13,27.566186904907227,1996-10-04,33.9276123046875,RSI > 90,3,0.230769145610336,0.2303645984369945,23036.45982066299,123036.45982066299
IT,1998-04-09,32.042747497558594,3.3939688107614927,3.2985191345214844,0.3214284475191601,1.1243960971813423,Hammer,1998-04-17,32.042747497558594,1998-05-29,31.218116760253906,Time stop (5 bars),6,-0.025735331758536595,-0.02604335101455325,-3204.281707493222,119832.17811316978
IT,1999-09-24,16.9375,4.885832322114965,4.25,0.36764705882352944,2.0613636180019284,Hammer,1999-10-01,17.25,1999-11-12,10.125,Time stop (5 bars),6,-0.4130434782608695,-0.41350333236742975,-49551.004925092086,70281.1731880777
IT,2000-10-27,9.8125,1.0992547695630037,2.5625,0.14634146341463414,1.5929893310938352,Hammer,2000-11-03,9.8125,2000-12-15,8.25,Time stop (5 bars),6,-0.15923566878980888,-0.16017316017316016,-11257.157598954418,59024.01558912327
IT,2002-10-11,6.760000228881836,3.023076744122605,2.049999713897705,0.14634134427624368,1.8653527965064478,Hammer,2002-10-18,6.75,2002-11-08,8.9399995803833,RSI > 90,3,0.3244443822790075,0.3227238460967137,19048.45730394579,78072.47289306908
IT,2007-08-03,21.670000076293945,2.01747305749214,2.450000762939453,0.31020407845506365,1.623423294026209,Hammer,2007-08-10,21.670000076293945,2007-09-21,22.899999618530273,Time stop (5 bars),6,0.05676047706072218,0.0562860225117437,4394.388962412397,82466.86185548146
IT,2007-11-23,18.56999969482422,7.025430810110166,2.1000003814697266,0.3714288309317396,1.0570830287740824,Hammer,2007-11-30,18.559999465942383,2008-01-11,16.09000015258789,Time stop (5 bars),6,-0.13308186338512262,-0.13358466925377882,-11016.30845434525,71450.55340113622
ITW,2002-09-20,17.69518280029297,6.3198816269381695,1.3659133911132812,0.335482843944971,1.035634489426183,Hammer,2002-09-27,17.389686584472656,2002-11-08,18.622207641601562,Time stop (5 bars),6,0.07087655382066704,0.07028129257702102,7028.129250673974,107028.12925067397
ITW,2006-06-16,29.80666732788086,5.259534059526857,1.6686286926269531,0.35555563175979205,1.3494921649468286,Hammer,2006-06-23,29.800487518310547,2006-08-04,28.442590713500977,Time stop (5 bars),6,-0.04556626142358333,-0.04589412617288088,-4911.962462965872,102116.1667877081
ITW,2011-08-12,31.838903427124023,1.9610103030571366,2.725618362426758,0.13989624977869278,1.3086831566850379,Hammer,2011-08-19,31.782411575317383,2011-09-30,30.384296417236328,Time stop (5 bars),6,-0.04399021624799704,-0.044297886751321416,-4523.5303873174125,97592.6364003907
IVZ,2014-02-07,19.43212127685547,2.18968277418368,0.9810619354248047,0.30722705347821266,1.0952527780888182,Hammer,2014-02-14,19.751258850097656,2014-03-28,21.57095718383789,RSI > 90,6,0.09213075214855171,0.09160126658956426,9160.126649796297,109160.12664979631
IVZ,2014-10-17,22.1192569732666,1.4682572279373431,1.6277446746826172,0.15185251585702952,1.713287808538761,Hammer,2014-10-24,22.00471305847168,2014-11-14,24.88039779663086,RSI > 90,3,0.13068494601669256,0.13020091313985394,14212.748154052835,123372.87480384915
IVZ,2016-07-01,16.122941970825195,4.199134454460378,1.9063644409179688,0.3472456787702454,1.3616751546877384,Hammer,2016-07-08,15.874701499938965,2016-08-05,18.598987579345703,RSI > 90,4,0.17161179877411947,0.170928029057547,21087.882308297558,144460.7571121467
J,1990-08-24,1.6639034748077393,5.314975200981621,0.36843574047088623,0.25806437000734145,1.7692986178027357,Hammer,1990-08-31,1.711443543434143,1990-10-12,1.6995584964752197,Time stop (5 bars),6,-0.006944457504613366,-0.01275022825110645,-1275.0228238356224,98724.97717616438
J,1991-01-11,2.0679943561553955,6.795978993375627,0.19016039371490479,0.1874997257364525,1.1067916658589536,Hammer,1991-01-18,2.044224262237549,1991-02-08,2.8524060249328613,RSI > 90,3,0.3953488751819725,0.3895043492330007,38453.80794959095,137178.78512575533
J,1993-04-23,4.920400142669678,7.399090669361442,0.3327808380126953,0.28571469511041825,1.1323924651445496,Hammer,1993-04-30,4.944169998168945,1993-06-11,4.611389636993408,Time stop (5 bars),6,-0.06730762924793865,-0.06926017116048873,-9501.026127896694,127677.75899785863
J,1994-05-06,4.017138481140137,2.073199781299323,0.30901050567626953,0.07692248341928455,1.3272288327435318,Hammer,1994-05-13,4.017138481140137,1994-06-24,3.9695982933044434,Time stop (5 bars),6,-0.011834341300128837,-0.01430586940392538,-1826.5413441826831,125851.21765367594
J,2001-12-14,12.375638961791992,7.662240406456576,1.3311233520507812,0.17428556280914526,1.2973367924162127,Hammer,2001-12-21,12.381342887878418,2002-02-01,12.07518482208252,Time stop (5 bars),6,-0.024727371543488474,-0.025524730637426413,-3212.3184277898836,122638.89922588604
J,2002-06-07,14.254423141479492,7.034821289600089,0.9698171615600586,0.31764718608120346,1.060582589314598,Hammer,2002-06-14,14.338093757629395,2002-07-26,11.80135440826416,Time stop (5 bars),6,-0.17692305492251492,-0.17755857922985202,-21775.588683085734,100863.3105428003
J,2003-05-30,14.847723960876465,7.787012313710164,1.3273191452026367,0.38681917954871226,1.428982129484891,Hammer,2003-06-06,15.174799919128418,2003-07-03,15.821344375610352,RSI > 90,4,0.04260645675248331,0.041933652608939075,4229.567021059764,105092.87756386006
J,2008-07-11,59.39089584350586,4.467491913487876,7.5379638671875,0.25529748506097066,1.3323649217135218,Hammer,2008-07-18,60.113502502441406,2008-08-29,57.299129486083984,Time stop (5 bars),6,-0.046817651595714604,-0.04698009595702629,-4937.273467412888,100155.60409644718
J,2008-09-12,49.14505386352539,5.451687186162857,8.53439712524414,0.2522280791385461,1.418204159196177,Hammer,2008-09-19,46.88594436645508,2008-10-31,22.575841903686523,Time stop (5 bars),6,-0.5184944612134423,-0.5186524347367742,-51945.947865208815,48209.65623123836
J,2011-08-12,26.797401428222656,5.8414489105556555,2.882831573486328,0.36411579996215515,1.2501036685906324,Hammer,2011-08-19,27.078838348388672,2011-09-30,26.029155731201172,Time stop (5 bars),6,-0.03876394561991847,-0.03912601321705008,-1886.2516450066214,46323.40458623174
J,2016-01-22,28.45560073852539,8.706212175294922,2.4416580200195312,0.3115264675830305,1.2734705192819744,Hammer,2016-01-29,28.235013961791992,2016-03-11,30.866836547851562,RSI > 90,6,0.09321130811626266,0.09284069723219072,4300.697175653919,50624.101761885664
J,2022-05-13,105.94151306152344,4.366283298358837,6.8462371826171875,0.35813896472948126,1.138371007918962,Hammer,2022-05-20,105.83006286621094,2022-07-01,100.77660369873047,Time stop (5 bars),6,-0.04775069607460203,-0.047842926817942416,-2422.0051933959603,48202.0965684897
JBHT,1992-06-26,3.315507411956787,2.145891801073745,0.5904326438903809,0.38461526036825233,1.627363994961372,Hammer,1992-07-02,3.315507411956787,1992-08-07,4.097196102142334,RSI > 90,5,0.23576743860276883,0.23240083350116295,23240.083326876214,123240.0833268762
JBHT,1999-03-26,4.050726890563965,6.830523260451969,0.8296668529510498,0.35294083839218365,1.7580265501904102,Hammer,1999-04-01,3.9531188011169434,1999-05-14,4.232533931732178,Time stop (5 bars),6,0.07068219921351382,0.06806645887920483,8388.516055650081,131628.59938252627
JBHT,2000-10-13,2.3745973110198975,4.257077398756024,0.3215601444244385,0.11538487203802714,1.288279454493936,Hammer,2000-10-20,2.3251266479492188,2000-12-01,2.646686553955078,Time stop (5 bars),6,0.13829780252593027,0.1337094300346584,17599.984982097994,149228.58436462426
JBHT,2008-10-10,23.071941375732422,1.7788694975032087,4.872594833374023,0.27692284205660045,1.6407495638199459,Hammer,2008-10-17,23.76326560974121,2008-11-28,20.152952194213867,Time stop (5 bars),6,-0.151928336568665,-0.15231710529369008,-22730.065974764722,126498.51838985954
JBHT,2011-08-12,35.89326858520508,2.2283824387339735,2.910736083984375,0.3044774006856855,1.354414181182197,Hammer,2011-08-19,36.25819396972656,2011-09-30,31.7661075592041,Time stop (5 bars),6,-0.12389162058852365,-0.1241503000061417,-15704.828992728664,110793.68939713089
JBHT,2015-01-16,71.62382507324219,9.605671143809914,3.1495895385742188,0.3390314977605414,1.176930068713876,Hammer,2015-01-23,72.09042358398438,2015-03-06,76.70367431640625,Time stop (5 bars),6,0.06399255966428741,0.06384941655914568,7074.112419367899,117867.80181649879
JBL,1996-07-19,1.0781711339950562,3.291182747101331,0.33919984102249146,0.28571408488991673,1.8309800222361,Hammer,1996-07-26,1.0660568475723267,1996-09-06,1.1750853061676025,Time stop (5 bars),6,0.10227264975930739,0.09245863916535825,9245.86390728996,109245.86390728995
JBL,2000-10-13,38.281131744384766,9.485463521349047,9.497596740722656,0.15306108514229208,1.530838588994128,Hammer,2000-10-20,38.329586029052734,2000-12-01,36.052101135253906,Time stop (5 bars),6,-0.05941845790018607,-0.059671568960343195,-6518.872095257248,102726.9918120327
JBL,2016-01-22,17.7614803314209,2.3898767936584164,1.2699966430664062,0.1709109040556046,1.003586975047587,Hammer,2016-01-29,17.56751823425293,2016-03-11,20.02349090576172,RSI > 90,6,0.13980191389357222,0.13919306492685948,14298.884826734346,117025.87663876705
JBL,2023-01-06,67.4217529296875,8.954656903946201,4.339073181152344,0.25942668853992484,1.0300732129839374,Hammer,2023-01-13,68.22509765625,2023-01-20,76.26850128173828,RSI > 90,1,0.1178950840937556,0.1177398816862518,13778.612855899719,130804.48949466676
JCI,1993-05-21,2.1589231491088867,8.770781036080322,0.1366407871246338,0.20000069794263958,1.0639816275699774,Hammer,1993-05-28,2.1589231491088867,1993-07-09,2.20524525642395,Time stop (5 bars),6,0.021456116830366634,0.016785303734109625,1678.5303717324323,101678.53037173244
JCI,1997-10-31,8.55088996887207,3.4486619188572973,1.4063963890075684,0.3600000949336939,2.6335052880584255,Hammer,1997-11-07,8.986872673034668,1997-12-19,8.986872673034668,Time stop (5 bars),6,0.0,-0.0011121153917124029,-113.07825852002239,101565.45211321242
JCI,2002-02-08,13.520445823669434,0.38677596629156596,5.294150352478027,0.3264957391207387,1.8750623008286769,Hammer,2002-02-15,13.800990104675293,2002-03-28,15.158465385437012,Time stop (5 bars),6,0.09836071690985815,0.0976007711540664,9912.86643894807,111478.31855216049
JCI,2011-08-12,13.446760177612305,1.6510312955184219,1.2790660858154297,0.2150264166812059,1.5634208576015627,Hammer,2011-08-19,13.744987487792969,2011-09-23,15.146657943725586,RSI > 90,5,0.10197684480814928,0.10121248889630781,11282.99806735661,122761.3166195171
JCI,2017-11-17,29.816614151000977,4.580090909897578,1.7616329193115234,0.1255820953374989,1.1258640101733282,Hammer,2017-11-24,30.1033935546875,2017-12-29,31.444459915161133,RSI > 90,5,0.04454867714622868,0.044209145800354475,5427.172939648539,128188.48955916564
JCI,2022-02-25,59.67473220825195,4.524203722200895,3.693756103515625,0.15802502540545452,1.0492497324226313,Hammer,2022-03-04,58.88125228881836,2022-04-14,58.861385345458984,Time stop (5 bars),6,-0.00033740694341766186,-0.0005071972183403299,-65.0168452626404,128123.47271390299
JKHY,1992-07-10,0.5773532390594482,0.9234744945048021,0.08247900009155273,0.3333333333333333,1.1591257017639736,Hammer,1992-07-17,0.5636067390441895,1992-08-28,0.591099739074707,Time stop (5 bars),6,0.04878046716961282,0.030764672363754998,3076.467233299032,103076.46723329904
JKHY,1996-01-12,2.637014150619507,9.465464932025355,0.3682980537414551,0.3599997151650036,1.735475739115945,Hammer,1996-01-19,2.7106735706329346,1996-03-01,2.6455283164978027,Time stop (5 bars),6,-0.02403286579428321,-0.027670945045732438,-2852.223257468635,100224.24397583042
JKHY,1999-09-03,6.39314079284668,3.304577828764536,1.0249876976013184,0.27382504750983344,1.3274014496124376,Hammer,1999-09-10,6.438806056976318,1999-10-22,7.203699588775635,Time stop (5 bars),6,0.11879431140352015,0.11715025640506975,11741.295868031506,111965.53984386192
JKHY,2005-04-22,13.18093204498291,0.2910704786499565,1.9014616012573242,0.20799999197523156,2.459802250829664,Hammer,2005-04-29,13.279807090759277,2005-06-10,13.793987274169922,Time stop (5 bars),6,0.03871894974803025,0.037951637533475774,4249.275580144911,116214.81542400684
JKHY,2006-05-19,14.75717830657959,9.610176981960805,1.240035057067871,0.36645976108057476,1.3019168514775425,Hammer,2006-05-26,14.672454833984375,2006-07-07,15.0575590133667,Time stop (5 bars),6,0.026246744920307652,0.025556486708703915,2970.042382768067,119184.85780677492
JKHY,2015-05-08,56.64231872558594,9.437721617911933,6.510215759277344,0.3342243764553672,2.8738205457485657,Hammer,2015-05-15,56.43342971801758,2015-06-26,58.05672073364258,RSI > 90,6,0.028764706021521924,0.028584973460201925,3406.8959938577054,122591.75380063262
JNJ,1991-01-11,3.6458303928375244,9.819775450896358,0.18799853324890137,0.2857139233731927,1.0991807931507767,Hammer,1991-01-18,3.5988306999206543,1991-02-01,4.021827697753906,RSI > 90,2,0.11753734284932538,0.11459944493018075,11459.94448155813,111459.94448155812
JNJ,2001-03-30,22.347265243530273,6.181312653454853,2.2303829193115234,0.20160377915155517,1.5639540664557638,Hammer,2001-04-06,22.354928970336914,2001-05-04,24.50100326538086,RSI > 90,4,0.09600004982756172,0.09553135423094135,10647.919428180867,122107.863909739
JNJ,2002-05-17,31.92759132385254,9.447108625715543,1.39617919921875,0.34153142076502735,1.0526827969681771,Hammer,2002-05-24,31.92759132385254,2002-07-05,26.853042602539062,Time stop (5 bars),6,-0.15893929077958258,-0.15922756376854066,-19442.937667885315,102664.92624185368
JNJ,2015-08-28,70.83406829833984,4.348320694180458,10.874073028564453,0.36413380748361823,4.003859902979231,Hammer,2015-09-04,70.61822509765625,2015-10-16,70.75963592529297,Time stop (5 bars),6,0.002002469297991638,0.0018607310478246475,191.0318155898127,102855.9580574435
JNJ,2018-12-28,103.40099334716797,5.83248569225006,6.296516418457031,0.19096761529485748,1.2190035270971964,Hammer,2019-01-04,104.14031982421875,2019-02-15,107.49575805664062,Time stop (5 bars),6,0.03222035651595467,0.032122789944555016,3304.020331921198,106159.9783893647
JNJ,2025-04-11,146.7729949951172,4.04964862349982,11.695022583007812,0.19106654750177768,1.8427345843342477,Hammer,2025-04-17,146.63275146484375,2025-05-30,148.80203247070312,Time stop (5 bars),6,0.014793973271240768,0.01472527356897627,1563.2347222967692,107723.21311166146
JPM,1990-09-28,1.7764478921890259,4.869823354594544,0.41545963287353516,0.3793103151448096,1.847045921794258,Hammer,1990-10-05,1.7764478921890259,1990-11-16,1.289357304573059,Time stop (5 bars),6,-0.27419356895166225,-0.2790373997440625,-27903.73994650251,72096.2600534975
JPM,1995-03-10,5.351072311401367,9.811285587792668,0.3087153434753418,0.05555564136584582,1.2958732559307313,Hammer,1995-03-17,5.333921432495117,1995-04-28,5.673171520233154,Time stop (5 bars),6,0.06360237810614722,0.06166977579667495,4446.160188831804,76542.4202423293
JPM,1998-09-11,13.972417831420898,7.680940944955054,2.999513626098633,0.3987342053873531,1.5717397851510995,Hammer,1998-09-18,14.238198280334473,1998-10-30,16.91251564025879,RSI > 90,6,0.18782695024117158,0.18705892507323502,14317.942838716004,90860.3630810453
JPM,2000-10-20,18.45435333251953,1.5043989157019553,3.9974403381347656,0.27819554253486717,1.61891533672728,Hammer,2000-10-27,18.364185333251953,2000-12-08,17.973459243774414,Time stop (5 bars),6,-0.021276527239683873,-0.021815125832071725,-1982.1302517785975,88878.2328292667
JPM,2002-02-08,15.609258651733398,3.30455472963412,2.03140926361084,0.30370308818372205,1.2221196135286199,Hammer,2002-02-15,15.659416198730469,2002-03-22,18.06199836730957,RSI > 90,5,0.1534273141532494,0.15273995137929297,13575.25694744442,102453.48977671113
JPM,2008-01-11,25.786483764648438,4.904230876402366,2.2719364166259766,0.3555550145279894,1.1945129569731199,Hammer,2008-01-18,26.045230865478516,2008-02-08,30.185205459594727,RSI > 90,3,0.15895326923761366,0.15853888648600079,16242.862169561784,118696.3519462729
JPM,2008-06-13,25.182283401489258,7.81130774623503,2.487691879272461,0.19181578618488393,1.0050776615566532,Hammer,2008-06-20,25.1186580657959,2008-08-01,25.35494041442871,Time stop (5 bars),6,0.009406646963937781,0.009006743685183336,1069.0676172773246,119765.41956355024
JPM,2010-05-28,26.150352478027344,7.725990750300937,2.074586868286133,0.28980831696057946,1.13033136145719,Hammer,2010-06-04,25.97857093811035,2010-07-16,25.709762573242188,Time stop (5 bars),6,-0.010347311463303921,-0.01073017890929046,-1285.1043777780255,118480.31518577223
JPM,2013-08-23,37.21542739868164,5.594440500191197,1.6288871765136719,0.2751081374135545,1.0309556042933532,Hammer,2013-08-30,37.10161590576172,2013-10-11,37.468101501464844,Time stop (5 bars),6,0.009877887708017896,0.009607062972502746,1138.2478478534395,119618.56303362567
JPM,2016-01-22,43.326698303222656,5.30472347380298,2.518199920654297,0.3081570173192897,1.006628469177967,Hammer,2016-01-29,42.9691276550293,2016-03-11,45.2971305847168,Time stop (5 bars),6,0.05417850109449507,0.05393949932608398,6452.165393687221,126070.7284273129
JPM,2025-03-14,226.6099395751953,2.5034502687118874,12.9468994140625,0.3817767605434608,1.0510588579481133,Hammer,2025-03-21,225.38153076171875,2025-05-02,239.89454650878906,Time stop (5 bars),6,0.0643931013247665,0.0643473045973765,8112.3115548131245,134183.03998212604
KDP,2011-08-12,4.137704849243164,3.794141619188707,0.3758537769317627,0.2764701591238515,1.8994024826105438,Hammer,2011-08-19,4.144338130950928,2011-09-30,4.144964694976807,Time stop (5 bars),6,0.00015118554666182504,-0.002259019554035026,-225.90195517760068,99774.09804482239
KEY,1997-04-04,8.866181373596191,5.908608199495291,0.5085344314575195,0.30434872298808974,1.1355760226533447,Hammer,1997-04-11,8.866181373596191,1997-05-23,9.374715805053711,Time stop (5 bars),6,0.05735664656849382,0.05619707347449092,5619.707341829384,105619.70734182937
KEY,2004-04-16,13.816977500915527,2.7447145138945217,0.746098518371582,0.34810140335224665,1.4360902523605148,Hammer,2004-04-23,13.873642921447754,2004-05-28,14.893625259399414,RSI > 90,5,0.0735194313221681,0.07277241324444315,7686.200981750551,113305.90832357993
KEY,2005-10-14,15.736946105957031,9.895312090639194,0.560603141784668,0.33035800862486925,1.101685931510578,Hammer,2005-10-21,15.706913948059082,2005-11-18,16.627906799316406,RSI > 90,4,0.05863614293061903,0.05798102346212636,6569.592522337434,119875.50084591736
KEY,2014-02-07,7.968429088592529,8.027011455159965,0.3877887725830078,0.2096779350066154,1.2118944499986515,Hammer,2014-02-14,7.98093843460083,2014-03-14,8.718316078186035,RSI > 90,4,0.09239234829683096,0.09108230041364726,10918.536369365735,130794.0372152831
KEY,2016-02-12,6.825532913208008,0.8954683125732572,0.5986170768737793,0.33695717111242635,1.1991464008651036,Hammer,2016-02-19,7.033748149871826,2016-03-11,7.496262550354004,RSI > 90,3,0.06575646307304961,0.06428904555853698,8408.623808909691,139202.66102419278
KEY,2016-07-01,7.229147434234619,4.502417771622433,0.5936341285705566,0.2111104060353061,1.1403499569123738,Hammer,2016-07-08,7.209360122680664,2016-08-12,8.172839164733887,RSI > 90,5,0.13364279570694704,0.13216404862513767,18397.587241952388,157600.24826614515
KEY,2020-03-13,9.41342830657959,0.9890539030425458,2.196220874786377,0.25925955679013174,2.1692658050828015,Hammer,2020-03-20,7.394680976867676,2020-05-01,8.126753807067871,Time stop (5 bars),6,0.09899992068492125,0.09758161635041894,15378.88694765887,172979.135213804
KEYS,2021-05-14,139.85000610351562,8.64512622578738,7.540008544921875,0.39787753317872193,1.0263228728585054,Hammer,2021-05-21,139.85000610351562,2021-06-11,148.8800048828125,RSI > 90,3,0.06456916971896987,0.06449535866181721,6449.5358597321865,106449.53585973219
KEYS,2022-02-25,159.97999572753906,6.6289290430338355,14.360000610351562,0.14972207965810114,1.3346875194552725,Hammer,2022-03-04,158.27999877929688,2022-04-14,148.74000549316406,Time stop (5 bars),6,-0.06027289208812303,-0.06033416533330958,-6422.543889792605,100026.9919699396
KHC,2018-02-16,46.66670227050781,3.5021157822553164,3.3813552856445312,0.38596483311183866,1.6541722187277663,Hammer,2018-02-23,46.65351867675781,2018-04-06,41.208560943603516,Time stop (5 bars),6,-0.1167105480484778,-0.11691236429826042,-11691.236418134806,88308.7635818652
KIM,2002-01-18,4.808706760406494,3.8273818957153196,0.35196971893310547,0.27631703728591284,2.06850531358464,Hammer,2002-01-25,4.708364963531494,2002-03-08,4.816425800323486,Time stop (5 bars),6,0.022950820004178585,0.020804846972537403,2080.484695173256,102080.48469517325
KIM,2002-07-26,4.652764320373535,4.351093939004016,0.6278047561645508,0.1776649283534432,2.8172704873050565,Hammer,2002-08-02,4.716500759124756,2002-09-06,5.0909528732299805,RSI > 90,5,0.07939193339061656,0.07718988785523025,7879.581157948389,109960.06585312165
KIM,2008-10-10,12.573407173156738,9.190366145961036,3.4874534606933594,0.2288135176080025,1.7728020207775759,Hammer,2008-10-17,12.940729141235352,2008-11-28,4.90185546875,Time stop (5 bars),6,-0.6212071657438263,-0.6217396938151362,-68366.53760704552,41593.52824607613
KIM,2011-03-18,8.685566902160645,6.314439319806169,0.48635292053222656,0.2929283223982211,1.100283770537508,Hammer,2011-03-25,8.79855728149414,2011-05-06,9.778809547424316,RSI > 90,6,0.1114105681839368,0.1102113878408825,4584.080468614917,46177.60871469105
KIM,2013-06-07,11.929302215576172,8.116122964905173,0.5714006423950195,0.13207723518209752,1.232516304269801,Hammer,2013-06-14,11.956255912780762,2013-07-26,12.47742748260498,RSI > 90,6,0.04358986405326992,0.04273561016933225,1973.4282826095682,48151.036997300616
KIM,2022-05-13,19.09697723388672,6.358714429950709,1.4456195831298828,0.31249958768789887,1.2273397151712875,Hammer,2022-05-20,19.080549240112305,2022-07-01,16.63770294189453,Time stop (5 bars),6,-0.12802809119782943,-0.12851850724120634,-6188.299390820874,41962.737606479735
KKR,2014-10-17,15.409111976623535,0.6890407412021347,1.482224464416504,0.1675130692145603,1.651012550589337,Hammer,2014-10-24,15.431684494018555,2014-11-28,17.639333724975586,RSI > 90,5,0.14305951056819066,0.14236536555557522,14236.536541320984,114236.53654132098
KKR,2020-03-13,23.85883331298828,2.3639381482713873,4.197553634643555,0.2623378547180091,1.9127084526473215,Hammer,2020-03-20,20.38589096069336,2020-05-01,22.494125366210938,Time stop (5 bars),6,0.1034163485708095,0.10290057504413391,11755.00528939714,125991.54183071812
KLAC,1990-08-24,0.10330839455127716,0.5434480009409555,0.014758341014385223,0.3333333333333333,1.132171907541335,Hammer,1990-08-31,0.10658802092075348,1990-10-12,0.08691023290157318,Time stop (5 bars),6,-0.1846153803138012,-0.20076161040659715,-20076.161020583557,79923.83897941644
KLAC,1995-10-06,1.0363636016845703,8.881670682244007,0.17054080963134766,0.2692303928421641,1.5921911378660827,Hammer,1995-10-13,1.0298042297363281,1995-11-10,1.2200229167938232,RSI > 90,4,0.18471344510422028,0.1741572771725291,13919.318163911496,93843.15714332793
KMB,1998-09-04,14.90729808807373,0.8386884188620911,1.6882362365722656,0.3698998556131245,1.4393753489964263,Hammer,1998-09-11,15.101530075073242,1998-10-02,16.631105422973633,RSI > 90,3,0.10128611738655047,0.10059062804950734,10059.062794891674,110059.06279489167
KMB,2000-03-10,18.998613357543945,3.4432597883919556,3.6280155181884766,0.36610001971479267,1.8895357830003572,Hammer,2000-03-17,18.54864501953125,2000-04-28,23.598278045654297,RSI > 90,6,0.2722372993178699,0.27162495675743864,29894.788142531892,139953.85093742356
KMB,2002-10-11,23.117748260498047,2.0915104624167924,1.7080821990966797,0.38725465563852346,1.3864870498239998,Hammer,2002-10-18,23.117748260498047,2002-11-29,21.28825569152832,Time stop (5 bars),6,-0.07913800895980139,-0.07955337091621759,-11133.800603644082,128820.05033377948
KMB,2017-05-05,92.46851348876953,8.19300194797087,3.624237060546875,0.3968267668134626,1.3776424084137995,Hammer,2017-05-12,92.28874206542969,2017-06-23,94.80306243896484,Time stop (5 bars),6,0.027244063764056747,0.02713423811291313,3495.4339159787933,132315.48424975827
KMB,2022-01-28,116.62789154052734,9.616477105023506,12.022117614746094,0.3945536225942607,2.716941064822243,Hammer,2022-02-04,115.70441436767578,2022-03-18,99.7801513671875,Time stop (5 bars),6,-0.13762882848951208,-0.1377093047058029,-18221.073319624753,114094.41093013351
KMB,2025-11-07,99.97799682617188,3.6785623772189524,6.9219207763671875,0.35605056929028844,1.1723846497793748,Hammer,2025-11-14,99.93949127197266,2025-12-26,97.70459747314453,Time stop (5 bars),6,-0.022362469233970228,-0.022461406029065066,-2562.720886986008,111531.6900431475
KMI,2018-02-09,10.848841667175293,6.4181696079158,0.6292839050292969,0.32000054557688695,1.2390224393663927,Hammer,2018-02-16,10.918063163757324,2018-03-29,9.502176284790039,Time stop (5 bars),6,-0.1296829719457333,-0.13053910405813385,-13053.910392759477,86946.08960724053
KMI,2018-12-28,9.973118782043457,4.667481354945281,0.6652450561523438,0.34317191352715176,1.1043026128839877,Hammer,2019-01-04,9.986165046691895,2019-01-25,11.669005393981934,RSI > 90,3,0.1685171774571772,0.16743196008396652,14557.554190018924,101503.64379725944
KMI,2020-03-20,8.552120208740234,1.577823239729426,3.08845853805542,0.3430494550921751,2.696005279516709,Hammer,2020-03-27,8.323602676391602,2020-05-08,10.097262382507324,Time stop (5 bars),6,0.21308798306127574,0.2117593760493609,21494.3482557499,122997.99205300934
KR,1991-05-17,1.8510979413986206,3.2031441022061955,0.17422103881835938,0.3125,1.3143389829376404,Hammer,1991-05-24,1.8402091264724731,1991-06-21,1.9599859714508057,RSI > 90,4,0.06508871369849945,0.05949290159224147,5949.2901532748565,105949.29015327485
KR,1992-06-19,1.3611013889312744,2.609084858346435,0.10888814926147461,0.3,1.0403268224449402,Hammer,1992-06-26,1.3611013889312744,1992-08-07,1.2848796844482422,Time stop (5 bars),6,-0.05600001961858325,-0.06311515761687714,-6687.006140733185,99262.28401254166
KR,1994-04-15,2.0470964908599854,7.929883547413013,0.13066577911376953,0.25,1.1014951774253205,Hammer,1994-04-22,2.057985305786133,1994-06-03,2.0797629356384277,Time stop (5 bars),6,0.01058201425980343,0.005709022657244183,566.6906278707168,99828.97464041236
KR,1998-05-01,7.458835601806641,8.827851701978929,0.45733022689819336,0.11904814037458385,1.0530647514641496,Hammer,1998-05-08,7.469724655151367,1998-06-12,7.774610996246338,RSI > 90,5,0.04081627572238711,0.039451130937879254,3938.3659459947694,103767.34058640714
KR,2000-10-13,7.447947025299072,9.79504856377578,0.6751065254211426,0.22580645161290322,1.1957912749977844,Hammer,2000-10-20,7.360836505889893,2000-11-10,7.992387294769287,RSI > 90,3,0.08579877957811566,0.08438291949358205,8756.191138009712,112523.53172441685
KR,2011-08-12,8.584050178527832,2.1726709606081727,0.734776496887207,0.3225814406549777,1.9424867548248657,Hammer,2011-08-19,8.599157333374023,2011-09-30,8.300810813903809,Time stop (5 bars),6,-0.03469485531010208,-0.03583692249259462,-4032.497080968441,108491.03464344841
KR,2015-04-24,28.769254684448242,5.84815330546995,1.159597396850586,0.2733570957443134,1.1023621810331132,Hammer,2015-05-01,28.83345603942871,2015-06-12,28.63888931274414,Time stop (5 bars),6,-0.006747950242888212,-0.0070935394878589185,-769.5854375523859,107721.44920589602
L,1992-04-10,6.801942348480225,8.796118101756974,0.2714390754699707,0.29411733705285387,1.4211345023708704,Hammer,1992-04-16,6.777991771697998,1992-04-24,7.12128210067749,RSI > 90,1,0.050647793703870514,0.049136183589392625,4913.618354025644,104913.61835402563
L,1993-02-26,6.5723772048950195,4.407040910658395,0.34633874893188477,0.2790706639589715,1.3254806430589978,Hammer,1993-03-05,6.580431938171387,1993-04-16,6.250202178955078,Time stop (5 bars),6,-0.050183599240762766,-0.05166400054098528,-5420.257229978846,99493.36112404677
L,2006-02-17,28.407800674438477,7.487319355208356,0.8930454254150391,0.35666673074006916,1.068811713133941,Hammer,2006-02-24,28.407800674438477,2006-03-24,29.834007263183594,RSI > 90,4,0.050204752035888145,0.04984396311269672,4959.143416866058,104452.50454091284
L,2011-08-12,33.637142181396484,1.6188497330042821,2.875764846801758,0.36774247892028344,1.9653488509202477,Hammer,2011-08-19,33.87833786010742,2011-09-30,32.27252960205078,Time stop (5 bars),6,-0.04739926334897082,-0.047687399179140916,-4981.068274322472,99471.43626659036
L,2012-11-16,38.08632278442383,7.199653262542313,1.6648712158203125,0.35393047319652826,1.2596546438638472,Hammer,2012-11-23,38.479156494140625,2013-01-04,37.59261703491211,Time stop (5 bars),6,-0.023039472275425577,-0.02329632609629932,-2317.319014216425,97154.11725237392
L,2021-12-03,54.04356384277344,9.009521811469924,2.3933982849121094,0.33333439589426456,1.0401843679657143,Hammer,2021-12-10,55.097450256347656,2022-01-14,59.98274612426758,RSI > 90,5,0.08866645997574274,0.08847693424228988,8595.898434910108,105750.01568728403
LDOS,2020-10-30,77.04397583007812,3.6098899684467085,5.643707275390625,0.3667774275007705,1.0009010700405045,Hammer,2020-11-06,78.85404968261719,2020-11-20,92.08147430419922,RSI > 90,2,0.16774566017625747,0.16760821585826866,16760.821569066044,116760.82156906606
LEN,1994-04-22,2.4582245349884033,6.150781886722584,0.2663078308105469,0.2692304937617281,1.5599571531718606,Hammer,1994-04-29,2.4582245349884033,1994-06-10,2.261251211166382,Time stop (5 bars),6,-0.08012828812765493,-0.08402535817669428,-8402.535809266894,91597.46419073311
LEN,1996-07-19,2.875526189804077,3.879377547028639,0.2176074981689453,0.2142866534021685,1.422605307213396,Hammer,1996-07-26,2.875526189804077,1996-09-06,2.7853782176971436,Time stop (5 bars),6,-0.03135007861398609,-0.03476724928293242,-3184.5918680191025,88412.872322714
LEN,1998-08-07,8.854005813598633,5.893462780776545,0.919917106628418,0.28539824155637084,1.006841829497233,Hammer,1998-08-14,8.915634155273438,1998-09-25,6.245052814483643,Time stop (5 bars),6,-0.29953913476925187,-0.30049224014025594,-26567.382034919385,61845.490287794615
LH,2001-03-23,24.286741256713867,9.403091551307412,5.796163558959961,0.3133804497016808,1.6524815148368062,Hammer,2001-03-30,23.77651596069336,2001-05-04,29.572677612304688,RSI > 90,5,0.24377674429648866,0.24330499624897034,24330.499600566538,124330.49960056653
LH,2002-06-28,37.266883850097656,9.428145620872257,3.0123748779296875,0.3631438716638216,1.190078129599406,Hammer,2002-07-05,36.89952087402344,2002-08-16,27.76443862915039,Time stop (5 bars),6,-0.24756641898036058,-0.24780384701621042,-30809.576071658223,93520.9235289083
LH,2014-10-17,80.55034637451172,1.1419465043745447,4.106292724609375,0.39165025454275204,1.4445821964329157,Hammer,2014-10-24,80.22380065917969,2014-11-07,85.54647827148438,RSI > 90,2,0.06634786146467175,0.06621908303071243,6192.869794076816,99713.7933229851
LHX,1996-06-21,7.1563029289245605,3.7900335291712963,0.3892545700073242,0.34615337499969373,1.089059365050411,Hammer,1996-06-28,7.186245441436768,1996-08-09,7.1563029289245605,Time stop (5 bars),6,-0.004166642060338566,-0.005554324746316382,-555.4324740762058,99444.56752592379
LHX,2008-01-25,30.517818450927734,1.957239242252868,3.1370487213134766,0.21906686682268134,1.2669532149473441,Hammer,2008-02-01,30.346012115478516,2008-03-14,30.315793991088867,Time stop (5 bars),6,-0.0009957856826345868,-0.0013250999418612157,-131.77399051524137,99312.79353540853
LHX,2011-08-12,26.522140502929688,4.082469948893404,2.0523948669433594,0.2535216895931958,1.1096320736611363,Hammer,2011-08-19,26.45709991455078,2011-09-23,29.076005935668945,RSI > 90,5,0.09898688932560695,0.0985902868458144,9791.276792323795,109104.07032773233
LII,2001-03-23,6.994635581970215,6.6781692640279715,1.1367955207824707,0.31764702921478016,1.5527696668076458,Hammer,2001-03-30,6.954513072967529,2001-05-11,7.423218727111816,Time stop (5 bars),6,0.0673958980631102,0.06591059594758335,6591.059588167274,106591.05958816728
LII,2004-01-09,11.782205581665039,9.44628668337927,1.5139141082763672,0.3429945056675658,2.0828499018485473,Hammer,2004-01-16,11.782205581665039,2004-02-27,13.530155181884766,Time stop (5 bars),6,0.1483550416858972,0.14744373364651428,15716.183783301283,122307.24337146858
LII,2006-06-16,18.633832931518555,1.0792231053452497,1.7323112487792969,0.38495645376171234,1.1131201643774382,Hammer,2006-06-23,18.70281982421875,2006-08-04,17.438079833984375,Time stop (5 bars),6,-0.0676229575070082,-0.06813941989029225,-8333.944603378717,113973.29876808985
LIN,2020-03-13,161.6715545654297,4.173689271006367,21.415756225585938,0.2275449357785484,1.9792137124112297,Hammer,2020-03-20,136.2254638671875,2020-05-01,167.29571533203125,Time stop (5 bars),6,0.22807961582818015,0.22799783971318416,22799.783948518634,122799.78394851863
LIN,2022-01-28,296.28924560546875,6.467084759580587,12.803985595703125,0.2894930653707089,1.117608641556537,Hammer,2022-02-04,291.6982116699219,2022-03-18,272.6551513671875,Time stop (5 bars),6,-0.06528343178285578,-0.06531659419744044,-8020.863647677888,114778.92030084075
LIN,2023-01-06,302.0227355957031,2.3582015557322364,18.94329833984375,0.29450295939967847,1.2290156552539466,Hammer,2023-01-13,307.8594970703125,2023-02-24,308.4995422363281,Time stop (5 bars),6,0.0020790171234166266,0.0020465015356147245,234.89523641697542,115013.81553725772
LIN,2024-04-26,430.4882507324219,3.7133120199687397,15.15325927734375,0.37179533654756297,1.1201095452572167,Hammer,2024-05-03,433.00408935546875,2024-06-14,421.68707275390625,Time stop (5 bars),6,-0.026136050166195912,-0.026158842574003895,-3008.6282914660196,112005.18724579169
LLY,1993-01-08,6.248567581176758,4.425151863409084,0.3214282989501953,0.2799992285827879,1.2190054469881517,Hammer,1993-01-15,6.248567581176758,1993-02-26,5.069925308227539,Time stop (5 bars),6,-0.18862599429984106,-0.1900742668116408,-19007.426662156657,80992.57333784334
LLY,2002-06-14,31.085403442382812,8.41355823778349,2.2317733764648438,0.35483876481507437,1.1779710401634975,Hammer,2002-06-21,31.033977508544922,2002-08-02,28.437101364135742,Time stop (5 bars),6,-0.0836784825178839,-0.0839871784981162,-6802.337707144878,74190.23563069846
LLY,2006-04-28,29.729028701782227,8.924323252303353,1.2976951599121094,0.17315827069547862,1.135399616365082,Hammer,2006-05-05,29.498703002929688,2006-06-16,29.596904754638672,Time stop (5 bars),6,0.003329019302958258,0.0029895146280528237,221.7927944548661,74412.02842515333
LLY,2010-05-07,22.944290161132812,7.375796486156872,1.3188667297363281,0.396985535080539,1.5160724008778144,Hammer,2010-05-14,23.507627487182617,2010-06-25,23.361539840698242,Time stop (5 bars),6,-0.006214478537403534,-0.006638460400457676,-493.98130352413,73918.04712162919
LLY,2011-08-12,25.070999145507812,4.813379885319804,1.718496322631836,0.33479950321147806,1.7563865889375705,Hammer,2011-08-19,25.365867614746094,2011-09-23,26.804248809814453,RSI > 90,5,0.05670538129877234,0.056300053145922055,4161.589977228905,78079.6370988581
LLY,2013-06-14,40.420989990234375,7.271897553685548,1.55316162109375,0.3900017683813416,1.0302751245234627,Hammer,2013-06-21,40.70832443237305,2013-08-02,41.33735656738281,Time stop (5 bars),6,0.01545217455596215,0.015204657041406881,1187.1741028184729,79266.81120167657
LLY,2023-02-03,330.0013122558594,1.6194875683221994,29.975341796875,0.2831174305052167,1.6532748203519356,Hammer,2023-02-10,332.8236999511719,2023-03-24,321.4028625488281,Time stop (5 bars),6,-0.03431497637944436,-0.03434450636024092,-2722.3794987496176,76544.43170292694
LMT,1992-06-26,5.664609432220459,9.496220713598518,0.30663108825683594,0.31578939183767407,1.4759811895572479,Hammer,1992-07-02,5.664609432220459,1992-07-31,5.922825336456299,RSI > 90,4,0.045584061412442756,0.043780071132453316,4378.007108867325,104378.00710886731
LMT,1997-10-31,23.136615753173828,1.3823222324941327,2.1296024322509766,0.20714269720785472,1.8512981187081177,Hammer,1997-11-07,23.456056594848633,1997-12-19,24.091522216796875,Time stop (5 bars),6,0.027091750029619277,0.026659737996863136,2782.69031937443,107160.69742824174
LMT,1998-06-26,25.340707778930664,0.7017905450786515,1.1385612487792969,0.3513520757738712,1.0226433692421952,Hammer,1998-07-02,25.417638778686523,1998-08-14,23.325145721435547,Time stop (5 bars),6,-0.08232444702950126,-0.08270160605883435,-8862.361774838031,98298.3356534037
LMT,1998-12-04,26.240150451660156,8.292078497120102,2.3741817474365234,0.28758109025470874,1.4573973069745703,Hammer,1998-12-11,26.240150451660156,1999-01-22,20.265899658203125,Time stop (5 bars),6,-0.22767593518424567,-0.22801358309906336,-22413.35570259363,75884.97995081008
LMT,2001-03-23,18.203393936157227,9.97409457411051,2.680959701538086,0.35797651528356317,1.7191167162806948,Hammer,2001-03-30,18.385948181152344,2001-05-11,18.64674186706543,Time stop (5 bars),6,0.01418440231330731,0.013636800204249743,1034.8283090578666,76919.80825986795
LMT,2005-01-07,29.89862632751465,3.7921342889786445,1.692270278930664,0.28064429233677135,1.3371116495143158,Hammer,2005-01-14,29.86041259765625,2005-02-18,32.507999420166016,RSI > 90,5,0.0886654467298813,0.08831576707286996,6793.2318627750865,83713.04012264303
LMT,2018-11-02,243.2466278076172,2.915431535390951,21.3677978515625,0.38874075237795996,1.6682006031866272,Hammer,2018-11-09,245.45736694335938,2018-12-21,234.32015991210938,Time stop (5 bars),6,-0.045373284859769436,-0.04541310006116828,-3801.668663712514,79911.3714589305
LNT,1991-06-21,2.4513065814971924,2.114976213916947,0.1922593116760254,0.375000310022148,1.9965698729646177,Hammer,1991-06-28,2.4513065814971924,1991-07-26,2.5834848880767822,RSI > 90,4,0.05392157291841437,0.04974065839335023,4974.0658343609575,104974.06583436095
LNT,2002-10-11,3.6142473220825195,1.8129892552524467,0.488903284072876,0.3677692821986054,1.464955122386331,Hammer,2002-10-18,3.616267681121826,2002-11-29,3.3217709064483643,Time stop (5 bars),6,-0.08143666361061641,-0.08408568531424661,-8826.816257078266,96147.24957728268
LNT,2007-01-19,9.017251968383789,0.4933649381986669,0.46437549591064453,0.21163897291824543,1.5826328575985402,Hammer,2007-01-26,9.017251968383789,2007-02-16,9.738746643066406,RSI > 90,3,0.08001269979061432,0.07885998719342696,7582.170862765566,103729.42044004824
LNT,2020-12-24,41.87092590332031,2.4951482107527028,2.678668975830078,0.2468751646617687,1.1355944344402988,Hammer,2020-12-31,42.14716339111328,2021-02-12,41.922447204589844,Time stop (5 bars),6,-0.005331703688766343,-0.0055683070011281945,-577.5972574816935,103151.82318256654
LOW,2004-01-16,18.552490234375,2.6719773122544836,1.1326828002929688,0.32826697561008467,1.1712743786174824,Hammer,2004-01-23,18.59809112548828,2004-02-27,20.09589958190918,RSI > 90,5,0.08053560154720318,0.07997641071501481,7997.641063503841,107997.64106350383
LOW,2011-08-12,14.910276412963867,0.8445066601349254,1.5361175537109375,0.2835821636816958,1.6492531012442413,Hammer,2011-08-19,14.6962890625,2011-09-30,15.162474632263184,Time stop (5 bars),6,0.03172131194348471,0.031030310867556542,3351.200371812113,111348.84143531596
LOW,2014-02-07,36.929080963134766,9.288483349552465,1.7554740905761719,0.2602746274883906,1.0759863469436473,Hammer,2014-02-14,36.96114730834961,2014-03-07,38.957096099853516,RSI > 90,3,0.05400126719153597,0.05372344526299434,5982.04338196599,117330.88481728196
LRCX,2004-03-12,2.1108055114746094,3.715496062719481,0.23330843448638916,0.26909157425683383,1.0073235712448108,Hammer,2004-03-19,2.0904440879821777,2004-04-30,2.1303188800811768,Time stop (5 bars),6,0.01907479483820529,0.01425702182670366,1425.7021812446637,101425.70218124468
LRCX,2013-11-22,4.376019477844238,7.3611178869449105,0.27912187576293945,0.37993819198750856,1.3754723606227328,Hammer,2013-11-29,4.394683837890625,2014-01-03,4.586421012878418,RSI > 90,5,0.04362934446720601,0.04130687151259603,4189.578443885926,105615.2806251306
LUV,1997-04-04,3.797177314758301,4.419504669897549,0.269744873046875,0.1538458818870913,1.1286938480504236,Hammer,1997-04-11,3.8179268836975098,1997-05-02,4.295167922973633,RSI > 90,3,0.12500004683534804,0.12222076264880344,12222.07625265827,112222.07625265825
LUV,1999-09-10,9.27628231048584,4.623908460517626,1.0189857482910156,0.13793093766495335,1.0802307726192901,Hammer,1999-09-17,9.27628231048584,1999-10-29,8.96004581451416,Time stop (5 bars),6,-0.03409086586489596,-0.03514993780580325,-3944.598996774448,108277.47725588382
LUV,2002-07-26,10.257575035095215,1.3208446176942488,1.5390596389770508,0.3241759773853482,1.2018438959042428,Hammer,2002-08-02,10.925627708435059,2002-09-13,11.825668334960938,Time stop (5 bars),6,0.08237884820393515,0.08142630508209908,8816.634887741006,117094.1121436248
LUV,2017-08-25,47.143611907958984,1.3381473964688837,3.21270751953125,0.38997283279822176,1.2430428230964146,Hammer,2017-09-01,47.080970764160156,2017-10-06,50.13259506225586,RSI > 90,5,0.06481651182134751,0.06459725155355318,7563.957810017739,124658.06995364255
LUV,2021-07-09,48.73774719238281,1.3247695900785317,3.6045989990234375,0.2993859823647193,1.116115723964075,Hammer,2021-07-16,48.608619689941406,2021-08-27,44.39341354370117,Time stop (5 bars),6,-0.0867172565920955,-0.0869140412334791,-10834.536621202275,113823.53333244029
LUV,2022-03-11,37.1159553527832,6.579015250263794,4.740955352783203,0.3210112864928191,1.337797885404205,Hammer,2022-03-18,37.43878173828125,2022-04-29,42.71470642089844,Time stop (5 bars),6,0.14092137718312947,0.14063549241431153,16007.628642536914,129831.1619749772
LVS,2015-10-02,30.6297664642334,0.6347917485264389,3.814668655395508,0.14734760510703832,1.2483515329107566,Hammer,2015-10-09,30.974512100219727,2015-11-20,34.15964889526367,Time stop (5 bars),6,0.1028308947930563,0.10249150421647292,10249.150411398143,110249.15041139815
LVS,2020-03-13,45.37855529785156,1.4285827055084752,13.379310607910156,0.3114187926573843,2.765457098216125,Hammer,2020-03-20,37.51763153076172,2020-05-01,42.19469451904297,Time stop (5 bars),6,0.1246630663357946,0.12437994879050825,13712.783668653963,123961.9340800521
LVS,2025-10-17,47.81429672241211,2.6438961743052403,4.13720703125,0.38333345627286675,1.2928489260313965,Hammer,2025-10-24,49.14411163330078,2025-11-07,59.240867614746094,RSI > 90,2,0.20545199914863455,0.20522763578520242,25440.414633169792,149402.3487132219
LYB,2012-11-16,23.76959800720215,9.953651067871562,1.5480995178222656,0.344823507669562,1.0019408602821658,Hammer,2012-11-23,24.220951080322266,2012-12-14,27.187713623046875,RSI > 90,3,0.12248745034355335,0.1220493896368124,12204.938951476302,112204.93895147632
LYB,2016-07-01,42.33356857299805,4.1795096244385235,3.378070831298828,0.33724807772875565,1.0784612336414539,Hammer,2016-07-08,41.87446594238281,2016-08-19,43.26692581176758,Time stop (5 bars),6,0.033253197098697784,0.03301044648675159,3703.9351291030025,115908.87408057932
LYB,2018-09-21,65.03186798095703,5.8339921782779385,4.036346435546875,0.24197054353825334,1.2355728779823698,Hammer,2018-09-28,65.13694763183594,2018-11-09,57.81846618652344,Time stop (5 bars),6,-0.11235530234971536,-0.11250018938228604,-13039.77027211295,102869.10380846637
LYV,2007-05-25,19.899999618530273,8.612734729194628,1.7099990844726562,0.3274852431368875,1.1767358655035138,Hammer,2007-06-01,19.989999771118164,2007-06-22,23.6200008392334,RSI > 90,3,0.18159085090935867,0.18104531680686273,18104.531662581743,118104.53166258174
LYV,2010-05-28,12.229999542236328,3.544211965003612,1.8299999237060547,0.3442623719705205,1.3523034383099115,Hammer,2010-06-04,12.0600004196167,2010-07-16,11.359999656677246,Time stop (5 bars),6,-0.05804317898702871,-0.058847968358546374,-6950.2117353303365,111154.3199272514
LYV,2014-10-17,22.5,9.241758815228494,1.6000003814697266,0.1499998211861083,1.3078409456137454,Hammer,2014-10-24,22.530000686645508,2014-11-07,26.0,RSI > 90,2,0.15401683122945076,0.15353890427901895,17066.512470443195,128220.8323976946
LYV,2020-03-20,33.970001220703125,0.7887901721481967,17.529998779296875,0.30005697021184735,2.3327103813243966,Hammer,2020-03-27,33.56999969482422,2020-05-08,39.56999969482422,Time stop (5 bars),6,0.1787310114550007,0.17840655411601952,22875.43685108493,151096.2692487795
LYV,2022-05-13,91.25,2.959905375870676,10.980003356933594,0.12841559481117948,1.0398828372557134,Hammer,2022-05-20,91.08000183105469,2022-07-01,87.33999633789062,Time stop (5 bars),6,-0.04106286141826654,-0.041170394881471416,-6220.693063868686,144875.57618491084
MA,2016-01-22,82.76527404785156,5.544996610221887,5.849998474121094,0.27974193077202975,1.3925589533961806,Hammer,2016-01-29,82.79348754882812,2016-03-11,84.35474395751953,Time stop (5 bars),6,0.01885723690248753,0.018735323006674437,1873.5322987939117,101873.5322987939
MA,2018-11-02,189.50067138671875,7.457372183924392,17.81719970703125,0.2485209837042721,1.9701909428171167,Hammer,2018-11-09,189.96070861816406,2018-12-21,185.4561004638672,Time stop (5 bars),6,-0.023713367817296827,-0.023765384748314435,-2421.063688329611,99452.46861046428
MA,2020-03-13,260.57281494140625,3.9656969135037343,38.54405212402344,0.39734594657293304,2.0801263640612895,Hammer,2020-03-20,226.2942657470703,2020-05-01,251.51327514648438,Time stop (5 bars),6,0.11144343103948295,0.11139677946454149,11078.684701925438,110531.15331238972
MA,2025-11-21,538.663818359375,8.177988020787183,24.53594970703125,0.3621768321654142,1.0322848172913415,Hammer,2025-11-28,541.6940307617188,2026-01-02,577.7378540039062,RSI > 90,5,0.0665390814654232,0.06652000685974627,7352.5330692032985,117883.68638159301
MAA,1997-04-04,5.870869159698486,9.630875230350341,0.25977325439453125,0.29999963288202297,1.573529875047713,Hammer,1997-04-11,5.844891548156738,1997-05-23,5.590977191925049,Time stop (5 bars),6,-0.04344209882076677,-0.04511440153362291,-4511.44014885085,95488.55985114916
MAA,2004-04-16,12.994712829589844,4.752813671643011,1.482879638671875,0.3289478761499043,2.7294233480391052,Hammer,2004-04-23,13.014225006103516,2004-06-04,14.019964218139648,RSI > 90,6,0.07727999258998919,0.07648221853215698,7303.176894553364,102791.73674570252
MAA,2008-10-10,21.47705078125,7.382248507348294,4.803136825561523,0.12026556779829618,1.9097874026172235,Hammer,2008-10-17,22.251222610473633,2008-11-28,13.635429382324219,Time stop (5 bars),6,-0.38720538547369376,-0.38756770989926076,-39838.75796726086,62952.978778441655
MAA,2018-12-28,73.01353454589844,4.577023378975284,4.644432067871094,0.3553712084500333,1.5413157623655374,Hammer,2019-01-04,73.04424285888672,2019-02-15,80.47957611083984,RSI > 90,6,0.10179218732292639,0.101648325996986,6399.064902953314,69352.04368139496
MAR,2015-12-04,64.31766510009766,6.276880711885639,3.7391815185546875,0.3970948904513754,1.044981095937071,Hammer,2015-12-11,64.05510711669922,2016-01-22,54.7207145690918,Time stop (5 bars),6,-0.1457244077447486,-0.1458691370993903,-14586.91369535212,85413.08630464788
MAR,2020-03-20,71.64488220214844,0.2875584617751912,42.75945281982422,0.3705449502164931,3.5187326874765223,Hammer,2020-03-27,72.06756591796875,2020-05-08,78.57113647460938,Time stop (5 bars),6,0.09024268370661148,0.09009767411405123,7695.520407255975,93108.60671190386
MAR,2021-05-07,140.91697692871094,9.262988240438531,9.202972412109375,0.36221287094239013,1.0239023836408765,Hammer,2021-05-14,139.17205810546875,2021-06-25,134.26931762695312,Time stop (5 bars),6,-0.03522790813943544,-0.035298493482975646,-3286.5935439424875,89822.01316796138
MAS,1992-06-26,5.322280406951904,1.4838327309821153,0.4174337387084961,0.31250071394139056,1.354792657362799,Hammer,1992-07-02,5.322280406951904,1992-08-14,5.746461868286133,Time stop (5 bars),6,0.07969919449944185,0.07774726120925357,7774.726113150631,107774.72611315064
MAS,1994-03-04,7.56318998336792,4.004895281051844,0.6234889030456543,0.3478258209431219,1.529066717337362,Hammer,1994-03-11,7.56318998336792,1994-04-22,6.486761093139648,Time stop (5 bars),6,-0.14232471914568157,-0.14355201079991914,-15471.278631482051,92303.44748166858
MAS,2002-10-11,9.855948448181152,2.2752520664441676,1.1091899871826172,0.3285717970543475,1.0677526560782848,Hammer,2002-10-18,9.797847747802734,2002-11-29,10.11475944519043,Time stop (5 bars),6,0.032345031842198724,0.03130842233640608,2889.875313972483,95193.32279564106
MAS,2011-08-12,5.932055950164795,0.9274053662134065,0.9286155700683594,0.3805965550813167,1.392022010963753,Hammer,2011-08-19,5.994425296783447,2011-09-30,4.989579200744629,Time stop (5 bars),6,-0.16763009734694823,-0.16915721853940263,-16102.637691531512,79090.68510410954
MAS,2012-08-03,9.0598783493042,7.9038044315835805,1.325836181640625,0.3655915525376913,1.438445299896504,Hammer,2012-08-10,9.116903305053711,2012-09-21,11.262476921081543,RSI > 90,6,0.23534017464444212,0.23411491490429231,18516.308994354476,97606.99409846401
MAS,2014-10-17,16.008338928222656,7.055876137256618,1.7286357879638672,0.21794918476491856,1.945298381212906,Hammer,2014-10-24,16.037887573242188,2014-12-05,17.788684844970703,Time stop (5 bars),6,0.10916632653352476,0.10850897407222246,10591.234781306568,108198.22887977058
MAS,2022-02-25,52.24839782714844,0.7611663865720999,3.5488739013671875,0.21226658468735354,1.1954299676161972,Hammer,2022-03-04,51.53797149658203,2022-04-14,45.67006301879883,Time stop (5 bars),6,-0.11385602318811405,-0.11403899129434132,-12338.816868944494,95859.41201082608
MCD,2002-07-26,12.506768226623535,0.051054226484936294,1.4535322189331055,0.3626368723587547,1.6730472127853242,Hammer,2002-08-02,13.017900466918945,2002-09-13,11.154397964477539,Time stop (5 bars),6,-0.14314923571407956,-0.14386215322773288,-14386.215308387076,85613.78469161292
MCD,2011-01-14,48.7996711730957,2.7908540863743525,1.5484657287597656,0.18297895403292758,1.0385885354859814,Hammer,2011-01-21,49.18843460083008,2011-03-04,49.49764633178711,Time stop (5 bars),6,0.006286268987137245,0.006082350894685922,520.7330793957467,86134.51777100866
MCD,2020-03-20,128.45867919921875,3.1721414388086373,32.60560607910156,0.35632786903658253,2.9094677481214846,Hammer,2020-03-27,123.66602325439453,2020-05-08,156.85125732421875,Time stop (5 bars),6,0.2683456069542931,0.2682538980985214,23105.92012980352,109240.43790081218
MCHP,2004-12-03,7.618711471557617,9.914801905774581,0.7123851776123047,0.31679406685497796,1.1742218792738317,Hammer,2004-12-10,7.586082935333252,2005-01-21,6.75678014755249,Time stop (5 bars),6,-0.10931897197144613,-0.11056430221229241,-11056.43021017281,88943.5697898272
MCHP,2008-10-24,6.743571758270264,2.8539978537102115,1.208298683166504,0.2817955584600704,1.3542666472698424,Hammer,2008-10-31,6.6381096839904785,2008-12-12,5.591411113739014,Time stop (5 bars),6,-0.15768021621815764,-0.1590668558127301,-14147.973977079968,74795.59581274724
MCK,1996-01-26,19.082731246948242,6.577296718757694,1.0737075805664062,0.1363628289029581,1.6270967167762025,Hammer,1996-02-02,18.98512077331543,1996-02-16,20.595684051513672,RSI > 90,2,0.08483292244640195,0.08428399678465046,8428.399670036644,108428.39967003666
MCK,1999-03-12,48.497352600097656,7.57888745351427,7.5236968994140625,0.20270274381278228,1.1342417169147867,Hammer,1999-03-19,48.39567947387695,1999-04-30,51.852516174316406,Time stop (5 bars),6,0.07142862210056133,0.07121463454453762,7721.688849029035,116150.0885190657
MCK,2002-03-08,27.895828247070312,6.139434188966334,3.2553482055664062,0.22564128103870537,1.7353522601196107,Hammer,2002-03-15,27.945911407470703,2002-04-26,32.97083282470703,Time stop (5 bars),6,0.17980882226274542,0.17941888706698653,20839.51959398322,136989.60811304892
MCK,2002-07-05,27.21376609802246,5.228240102021658,3.2439136505126953,0.18814401923862778,1.4032669473111778,Hammer,2002-07-12,26.98802947998047,2002-08-23,28.718673706054688,RSI > 90,6,0.06412636488921875,0.06374402055724575,8732.268386954962,145721.87650000385
MCK,2008-09-26,48.10330581665039,8.54479588110216,5.774829864501953,0.20783082987137982,1.89235488104194,Hammer,2008-10-03,47.69454574584961,2008-11-14,33.44879913330078,Time stop (5 bars),6,-0.2986871221808103,-0.2988654585623436,-43551.23539918763,102170.64110081621
MCK,2015-08-28,185.12318420410156,1.2720900739503662,41.244140625,0.2908490493441303,4.060444728357935,Hammer,2015-09-04,185.12318420410156,2015-10-16,174.97274780273438,Time stop (5 bars),6,-0.054830714180975626,-0.05488324992247228,-5607.456824667859,96563.18427614834
MCK,2016-01-15,152.34317016601562,3.808608082406451,13.359115600585938,0.3994755015117024,1.2830805009931674,Hammer,2016-01-22,153.71888732910156,2016-03-04,144.81155395507812,Time stop (5 bars),6,-0.05794560140780525,-0.05800876837659372,-5601.511384779915,90961.67289136843
MCO,1996-07-26,6.126703262329102,3.8764852274553334,0.28739309310913086,0.31818113942595655,1.24599278558479,Hammer,1996-08-02,6.100576400756836,1996-09-13,6.100464344024658,Time stop (5 bars),6,-1.8368220446207673e-05,-0.001656200179711702,-165.6200178055502,99834.37998219444
MCO,1996-11-08,5.219223976135254,7.649526769250116,0.41281986236572266,0.2857142857142857,1.315126487211964,Hammer,1996-11-15,5.248711109161377,1996-12-27,5.664463520050049,Time stop (5 bars),6,0.07921038179506512,0.07723158020263507,7710.366916864828,107544.74689905928
MCO,2006-05-12,45.886451721191406,3.7994821447510105,3.228313446044922,0.14250670284053915,1.3501916129824536,Hammer,2006-05-19,45.56917190551758,2006-06-30,42.20879364013672,Time stop (5 bars),6,-0.0737423596888751,-0.07395369184915046,-7953.331064214577,99591.4158348447
MCO,2007-03-16,50.3568000793457,2.197050770829648,5.282680511474609,0.3137252919687209,1.9754197334691097,Hammer,2007-03-23,51.20935821533203,2007-05-04,53.73516845703125,Time stop (5 bars),6,0.04932321610199342,0.0491231429889531,4892.243355635121,104483.65919047981
MCO,2011-08-12,26.921302795410156,4.571816136007314,2.847606658935547,0.19881229713201773,1.3450634628650968,Hammer,2011-08-19,27.056501388549805,2011-09-30,25.99821662902832,Time stop (5 bars),6,-0.0391138804061838,-0.03947618220375209,-4124.615963393502,100359.0432270863
MCO,2014-10-17,81.22642517089844,6.791493148257189,4.5885162353515625,0.36750489669552033,1.5434829370037433,Hammer,2014-10-24,80.96016693115234,2014-11-07,88.23788452148438,RSI > 90,2,0.08989257144838803,0.08976351023288862,9008.579994668893,109367.6232217552
MCO,2020-03-13,202.17205810546875,2.9364642614501406,36.62571716308594,0.3764245597326671,2.3272828709988453,Hammer,2020-03-20,172.69119262695312,2020-05-01,236.0176239013672,Time stop (5 bars),6,0.3667033061217637,0.3666347839595168,40097.97487197608,149465.5980937313
MCO,2022-01-28,323.6681213378906,1.171100749668355,21.63653564453125,0.3983096986400296,1.2871431510410978,Hammer,2022-02-04,323.8989562988281,2022-03-18,295.0566711425781,Time stop (5 bars),6,-0.08904716917222855,-0.08907666792940136,-13313.89743495077,136151.70065878052
MDLZ,2005-01-28,12.64191722869873,4.062658295633085,0.6461591720581055,0.37647277605833984,1.5197078276711313,Hammer,2005-02-04,12.679927825927734,2005-03-18,12.716401100158691,Time stop (5 bars),6,0.0028764575580924046,0.002086986587093279,208.69865850062922,100208.69865850064
MDLZ,2012-11-16,19.020143508911133,1.25631628267179,1.2427082061767578,0.3652701228019284,1.7833391274452421,Hammer,2012-11-23,19.213619232177734,2013-01-04,18.729087829589844,Time stop (5 bars),6,-0.025218122454328085,-0.025731890341003136,-2578.559242516607,97630.13941598403
MDLZ,2018-12-28,33.406131744384766,4.378697968965497,1.7181663513183594,0.3392354026469393,1.1129684859670144,Hammer,2019-01-04,33.5150032043457,2019-02-15,39.23482894897461,RSI > 90,6,0.17066463367926055,0.17034084721950896,16630.400645647096,114260.54006163111
MDT,2011-03-18,25.72774314880371,8.485336462850626,1.1660118103027344,0.2941180319502197,1.0253201541178114,Hammer,2011-03-25,25.94036865234375,2011-04-21,28.124971389770508,RSI > 90,4,0.08421633349568358,0.08381467870298752,8381.467861917285,108381.46786191729
MDT,2014-02-07,40.97554016113281,7.522207389610784,2.3955841064453125,0.3046156932935024,1.755805991111526,Hammer,2014-02-14,41.05662155151367,2014-03-07,43.260555267333984,RSI > 90,3,0.05368034759155815,0.05343027461952324,5790.851585738421,114172.31944765571
MDT,2015-08-28,55.72929000854492,8.014221437932392,13.879287719726562,0.33078585697119484,4.856442298498595,Hammer,2015-09-04,55.85050964355469,2015-10-16,55.21019744873047,Time stop (5 bars),6,-0.011464751152868158,-0.011642758234133544,-1329.2807110300382,112843.03873662568
MDT,2016-11-18,62.88998031616211,8.152139736251812,4.5304412841796875,0.2212696231479891,1.9963003661700454,Hammer,2016-11-25,63.11533737182617,2017-01-06,54.916629791259766,Time stop (5 bars),6,-0.1299004001557662,-0.13004853779869652,-14675.072173784767,98167.96656284091
MET,2002-02-08,14.505868911743164,9.669892313120528,0.8197908401489258,0.37125776366806923,1.0538607732992855,Hammer,2002-02-15,14.535323143005371,2002-03-08,15.831277847290039,RSI > 90,3,0.08915898817896606,0.08844058633616257,8844.058624772199,108844.05862477221
MET,2011-03-18,24.37816619873047,8.038373973050355,2.1099681854248047,0.27296559217740235,1.5082381111657046,Hammer,2011-03-25,24.749208450317383,2011-05-06,26.017406463623047,RSI > 90,6,0.05124196258039926,0.05082764071535207,5532.286700248353,114376.34532502056
MET,2013-03-01,20.516128540039062,8.279685739738,1.330179214477539,0.37554649647188043,1.244829530823981,Hammer,2013-03-08,20.428998947143555,2013-03-22,23.008037567138672,RSI > 90,2,0.12624400376484068,0.12572373262034633,14379.821043355463,128756.16636837604
MET,2014-10-17,29.47322654724121,1.9177491886182736,2.4249343872070312,0.32587048241101685,1.7372734129653022,Hammer,2014-10-24,29.364646911621094,2014-11-28,33.99991989135742,RSI > 90,5,0.15785216126341073,0.1574848003333054,20277.139131928416,149033.30550030447
MET,2016-02-12,23.588478088378906,7.14040608800812,2.111177444458008,0.27462698703093874,1.0888381007685868,Hammer,2016-02-19,24.080036163330078,2016-03-18,27.602867126464844,RSI > 90,4,0.1462967471992196,0.1458511807627309,21736.683558455523,170769.98905876
MET,2016-07-01,25.11532974243164,5.874984866522496,2.4167709350585938,0.25526326589239545,1.3089469403851777,Hammer,2016-07-08,24.670133590698242,2016-08-19,25.732460021972656,Time stop (5 bars),6,0.04306123545577223,0.042647243525810376,7282.869303006042,178052.85836176603
META,2016-11-18,116.00132751464844,4.751544553141514,5.527961730957031,0.3783739395302811,1.0752514924691847,Hammer,2016-11-25,117.17105865478516,2017-01-06,115.01995086669922,Time stop (5 bars),6,-0.018358695507084466,-0.01844325379173928,-1844.3253773296028,98155.67462267038
META,2018-04-06,155.83155822753906,8.392533543965968,10.968673706054688,0.39539092680877463,1.0819992713405666,Hammer,2018-04-13,156.4461669921875,2018-05-11,175.80616760253906,RSI > 90,4,0.12374864135417485,0.12368076878146783,12139.969285455518,110295.64390812592
META,2019-06-07,171.84097290039062,4.464550094530864,14.086318969726562,0.11963460328155111,1.3639106248467507,Hammer,2019-06-14,173.22879028320312,2019-07-05,193.51068115234375,RSI > 90,3,0.11708152458943322,0.11702041983841657,12906.842543570547,123202.48645169646
META,2020-03-13,168.79769897460938,2.1635395314679755,23.741500854492188,0.3628386494704429,1.8622665632157065,Hammer,2020-03-20,150.99404907226562,2020-05-01,190.9799041748047,RSI > 90,6,0.264817423919812,0.26474242949309745,32616.92555019562,155819.41200189208
META,2021-09-24,349.887451171875,9.584833701108636,20.162841796875,0.39675735890636543,1.1433122900103105,Hammer,2021-10-01,346.7599182128906,2021-11-12,341.42181396484375,Time stop (5 bars),6,-0.015394236668292205,-0.015422852679588235,-2403.1798335220647,153416.23216837004
MGM,1991-11-22,2.7031493186950684,9.309302103286186,0.17629241943359375,0.1666662158653222,1.0845422935367666,Hammer,1991-11-29,2.7031493186950684,1992-01-10,2.7031493186950684,Time stop (5 bars),6,0.0,-0.003692558579014593,-369.25585753220344,99630.7441424678
MGM,1993-07-23,6.963547706604004,6.207323392552624,0.705169677734375,0.25,1.259051419813779,Hammer,1993-07-30,7.081075668334961,1993-08-13,8.843998908996582,RSI > 90,2,0.24896263268941365,0.24737574402356205,24646.229435217887,124276.97357768568
MGM,1993-11-05,9.284729957580566,2.653325073476452,1.2634286880493164,0.39534918829318516,1.4253427613578091,Hammer,1993-11-12,9.402257919311523,1993-12-23,9.16720199584961,Time stop (5 bars),6,-0.0249999442133072,-0.02604966564793078,-3237.373606198066,121039.59997148762
MGM,1995-07-21,5.876411437988281,7.079293876624163,0.5582590103149414,0.1578948267526739,1.3218784306356168,Hammer,1995-07-28,5.93517541885376,1995-09-08,5.788265228271484,Time stop (5 bars),6,-0.024752459736168575,-0.026415076915784638,-3197.270339905379,117842.32963158225
MGM,1998-10-02,5.773574352264404,5.163999216473684,0.6904783248901367,0.34042545844791366,1.5565757018267234,Hammer,1998-10-09,5.729501247406006,1998-11-20,6.434670448303223,Time stop (5 bars),6,0.12307689106734676,0.12122574761173452,14285.524495611488,132127.85412719374
MGM,2005-10-14,38.20224380493164,4.516404042511297,3.3441123962402344,0.3954797813010829,1.2160632754768663,Hammer,2005-10-21,37.98497009277344,2005-12-02,38.49509048461914,Time stop (5 bars),6,0.013429532538785649,0.013164537656238727,1739.4021093560573,133867.25623654982
MGM,2011-08-12,10.891984939575195,6.380973879131503,1.747629165649414,0.31351328933568057,1.1666571166133073,Hammer,2011-08-19,11.05257797241211,2011-09-30,9.909533500671387,Time stop (5 bars),6,-0.10341881094110617,-0.10427640434618592,-13959.196126077753,119908.06011047206
MGM,2011-10-07,8.511429786682129,9.63836217465284,2.2388553619384766,0.32067506953880753,1.4203798215451722,Hammer,2011-10-14,8.719255447387695,2011-11-04,11.128150939941406,RSI > 90,3,0.27627307252196864,0.27496850671331635,32970.94019849613,152879.00030896818
MGM,2014-09-19,21.84065055847168,1.5414090572538584,1.6248226165771484,0.3488363903154806,1.173807050070861,Hammer,2014-09-26,21.53835678100586,2014-11-07,21.944562911987305,Time stop (5 bars),6,0.018859662095469965,0.01839110473864351,2811.6137042097344,155690.6140131779
MGM,2016-01-22,18.269817352294922,7.5418737502129005,2.597827911376953,0.34909068215358185,1.563717742209606,Hammer,2016-01-29,18.326496124267578,2016-03-11,18.430410385131836,Time stop (5 bars),6,0.005670165216506096,0.005123109441129234,797.6200537484988,156488.2340669264
MKC,2011-08-12,17.129472732543945,6.0222506616946845,1.0247745513916016,0.10948914619460726,1.5635400509073571,Hammer,2011-08-19,17.241674423217773,2011-09-30,17.567060470581055,Time stop (5 bars),6,0.01887206772244321,0.018286774576013486,1828.6774557726712,101828.67745577267
MKC,2016-01-22,33.58745193481445,8.445985735404875,1.7885360717773438,0.25517111936764963,1.3688678072060476,Hammer,2016-01-29,33.57511901855469,2016-03-04,38.39387893676758,RSI > 90,5,0.1435217523890202,0.1432025870889801,14582.13003693382,116410.80749270649
MLM,1996-09-20,14.644248962402344,0.38993979234354015,1.2131338119506836,0.1428577043747047,2.2505346155011705,Hammer,1996-09-27,14.557596206665039,1996-11-01,17.157167434692383,RSI > 90,5,0.17857146132664115,0.17782345889959802,17782.34587217746,117782.34587217747
MLM,1999-02-12,37.046165466308594,6.975008017740038,2.9529571533203125,0.37878827024932177,1.173212091295132,Hammer,1999-02-19,36.95668411254883,1999-03-19,39.20252990722656,RSI > 90,4,0.06076967803275246,0.060490906958393896,7124.760918370495,124907.10679054796
MLM,2008-10-10,66.10468292236328,4.464339809026654,12.659034729003906,0.3554833674351889,1.1378031755565958,Hammer,2008-10-17,69.38786315917969,2008-11-28,52.432918548583984,Time stop (5 bars),6,-0.24435029180391532,-0.24447679254392435,-30536.88880355771,94370.21798699025
MLM,2010-02-12,65.48214721679688,3.5425818662892112,5.096305847167969,0.30213343752760174,1.0217916804637235,Hammer,2010-02-19,65.77503204345703,2010-03-26,72.8675537109375,RSI > 90,5,0.10782999942583826,0.10766978135251536,10160.82072668763,104531.03871367789
MLM,2016-01-22,114.22714233398438,2.9954154865586275,12.00494384765625,0.22170914489371546,1.2544611927923122,Hammer,2016-01-29,113.46932220458984,2016-03-04,132.2659149169922,RSI > 90,5,0.16565352068034134,0.1655580958530057,17305.959709667375,121836.99842334526
MMM,1991-01-11,6.110072612762451,8.526829293539862,0.36492013931274414,0.3076926092359397,1.578507459234257,Hammer,1991-01-18,6.054305553436279,1991-02-22,6.757320404052734,RSI > 90,5,0.11611816490124793,0.11437199271514563,11437.199260077363,111437.19926007735
MMM,1992-04-10,6.875066757202148,9.488158388155611,0.2640495300292969,0.29629689825048033,1.1320341950880857,Hammer,1992-04-16,6.8848466873168945,1992-04-24,7.236912727355957,RSI > 90,1,0.05113636599746374,0.049647844946789886,5532.616784636231,116969.81604471359
MMM,2006-07-28,32.825626373291016,2.71769685898596,2.1598262786865234,0.2521558747089072,1.4138743411329928,Hammer,2006-08-04,32.630123138427734,2006-09-15,33.5073127746582,Time stop (5 bars),6,0.026882817221042687,0.026572280194933802,3108.1547231818386,120077.97076789543
MNST,1998-10-02,0.03906245902180672,2.221407752626945,0.009114570915699005,0.3571427987545541,1.1821902399505109,Hammer,1998-10-09,0.03906245902180672,1998-11-06,0.055989526212215424,RSI > 90,4,0.4333333746592638,0.4049505355571,40495.05351521495,140495.05351521494
MNST,1999-04-01,0.04101558402180672,7.38879637700488,0.007812488824129105,0.3333330154414398,1.1269695801700303,Hammer,1999-04-09,0.04166662320494652,1999-04-30,0.04947911575436592,RSI > 90,3,0.18750001676382388,0.1639851649467183,23039.104501851434,163534.1580170664
MNST,2001-03-30,0.035156212747097015,1.4753824498819625,0.0058593712747097015,0.33333354526109393,1.3778462574574448,Hammer,2001-04-06,0.034830693155527115,2001-05-18,0.03166663274168968,Time stop (5 bars),6,-0.09084115552076932,-0.10884430095600164,-17799.76109399615,145734.39692307025
MNST,2003-02-13,0.03833329305052757,1.8073913978470557,0.00874999538064003,0.39285740134681024,3.0748176558602727,Hammer,2003-02-20,0.03781246021389961,2003-04-04,0.043541617691516876,Time stop (5 bars),6,0.15151506792227343,0.12871278934955518,18757.880713385723,164492.27763645595
MNST,2016-02-12,20.39497947692871,4.068264856944211,1.7566642761230469,0.18690702911406973,1.0718078274987433,Hammer,2016-02-19,20.559978485107422,2016-04-01,21.988309860229492,Time stop (5 bars),6,0.06947144308330278,0.06896828879005083,11344.750896419562,175837.02853287553
MO,1993-02-26,0.7976449131965637,5.2755667127371595,0.08021008968353271,0.12962973971949213,1.9654789317883867,Hammer,1993-03-05,0.7991303205490112,1993-04-16,0.5581075549125671,Time stop (5 bars),6,-0.30160633308326834,-0.3121667710092825,-31216.67706971158,68783.32293028841
MO,1998-01-30,1.8640503883361816,6.511435737632482,0.16563093662261963,0.33898272148022224,1.4006529053610075,Hammer,1998-02-06,1.897737979888916,1998-03-20,1.9800794124603271,Time stop (5 bars),6,0.04338925259652071,0.03801965028082031,2615.1178803471757,71398.44081063558
MO,2004-05-28,3.018218994140625,1.6356991371764593,0.2925729751586914,0.30752725850351226,1.8779958803278012,Hammer,2004-06-04,3.0389821529388428,2004-07-09,3.158153533935547,RSI > 90,5,0.039214241808382955,0.03586465869758911,2560.6807086527824,73959.12151928835
MO,2011-08-12,10.043237686157227,1.349295429326105,0.8967180252075195,0.20888950809176446,2.4309073917265924,Hammer,2011-08-19,10.138887405395508,2011-09-30,10.480131149291992,Time stop (5 bars),6,0.033656922130813616,0.03265451701684881,2415.0993897876906,76374.22090907604
MO,2012-11-16,13.326051712036133,2.5772886915659967,0.6654491424560547,0.2115384064181239,1.4344029416656159,Hammer,2012-11-23,13.471085548400879,2012-12-07,14.473525047302246,RSI > 90,2,0.0744141587773055,0.07364449382106623,5624.5408342026585,81998.76174327871
MO,2013-08-23,15.200895309448242,4.393121637019519,0.5276870727539062,0.025213258150798813,1.0664310334815206,Hammer,2013-08-30,15.240804672241211,2013-09-27,15.908758163452148,RSI > 90,4,0.043826655191474995,0.04315636369190193,3538.768380539782,85537.53012381848
MOS,1993-03-05,12.192174911499023,4.126101956981458,0.7670574188232422,0.05263216787390062,1.0732741916177362,Hammer,1993-03-12,12.192174911499023,1993-04-23,11.630249977111816,Time stop (5 bars),6,-0.046088982356808916,-0.046889951036778114,-4688.995098988817,95311.00490101118
MOS,1998-08-07,16.713136672973633,4.455723391514439,1.3017778396606445,0.35483911142238206,1.0435789027267992,Hammer,1998-08-14,16.461179733276367,1998-09-25,13.235568046569824,Time stop (5 bars),6,-0.19595264367267373,-0.19650044753050527,-18728.65509890222,76582.34980210898
MOS,2000-10-20,8.681387901306152,3.288939350469022,1.5784339904785156,0.3888888217566467,1.6566671874927665,Hammer,2000-10-27,8.593696594238281,2000-12-08,8.944459915161133,Time stop (5 bars),6,0.04081634917830623,0.039629648190074154,3034.9315771918427,79617.28137930082
MOS,2001-09-28,6.383532524108887,5.782298271279544,0.9575300216674805,0.2592593145911081,1.2161310650027177,Hammer,2001-10-05,6.206212043762207,2001-11-02,7.518383026123047,RSI > 90,4,0.2114286416751887,0.20964845076712257,16691.639678768857,96308.92105806967
MOS,2006-04-13,10.204434394836426,8.640612594445884,0.9217844009399414,0.32812517782116185,1.307269601337709,Hammer,2006-04-21,10.204434394836426,2006-05-12,12.235239028930664,RSI > 90,3,0.19901197415918048,0.1979350232287395,19062.908507700944,115371.82956577062
MOS,2015-05-01,35.62062454223633,0.7497152371044535,1.6471977233886719,0.20673084716873202,1.0938677811837243,Hammer,2015-05-08,35.61270523071289,2015-05-22,36.95896911621094,RSI > 90,2,0.03780290985412171,0.037516843851742476,4328.3869103804755,119700.2164761511
MOS,2020-03-20,8.402192115783691,1.025430391672316,3.5615124702453613,0.2792125834763349,1.6422336034996738,Hammer,2020-03-27,8.130587577819824,2020-05-08,9.532413482666016,Time stop (5 bars),6,0.1724138497284453,0.17107871945730727,20478.159733024244,140178.37620917533
MPC,2022-07-08,76.37317657470703,7.521645528501395,6.933845520019531,0.34523834411822635,1.0194321461941727,Hammer,2022-07-15,75.46517181396484,2022-08-05,82.5641098022461,RSI > 90,3,0.09406906282253491,0.09393032794142298,9393.032784749266,109393.03278474926
MPWR,2011-08-12,10.560589790344238,5.175275772017457,1.7002897262573242,0.3216083164178468,1.4878166529697499,Hammer,2011-08-19,10.637487411499023,2011-09-30,9.484025001525879,Time stop (5 bars),6,-0.1084337273787288,-0.10932241354742349,-10932.241343810107,89067.7586561899
MPWR,2018-10-26,106.02838897705078,4.5579997601371645,14.443443298339844,0.30769238895776363,1.8160186266821305,Hammer,2018-11-02,108.30695343017578,2018-11-23,119.73741149902344,RSI > 90,3,0.10553761976341369,0.10544042192175901,9391.342042942724,98459.10069913261
MPWR,2021-03-12,318.5859680175781,9.512555086840948,41.59906005859375,0.3396580486795714,1.2521630354767914,Hammer,2021-03-19,320.02008056640625,2021-04-16,361.9681701660156,RSI > 90,4,0.13107955452471942,0.13104625901627445,12902.696799825288,111361.7974989579
MRK,1997-10-31,15.762859344482422,3.211348786186633,1.556417465209961,0.1773052078954818,1.4643837205530121,Hammer,1997-11-07,15.972589492797852,1997-12-12,18.52177619934082,RSI > 90,5,0.15959758483071362,0.1589217639924688,15892.176383354705,115892.17638335472
MRK,2002-04-12,20.61726951599121,1.379050521435488,1.7181053161621094,0.33333259323565523,1.436125580964923,Hammer,2002-04-19,20.808170318603516,2002-05-31,21.5717716217041,Time stop (5 bars),6,0.036697186317140584,0.036207905454316736,4196.212961187293,120088.38934454201
MRK,2010-04-23,19.653823852539062,5.958744799001892,1.585165023803711,0.32867114355605875,1.576784576896093,Hammer,2010-04-30,19.720335006713867,2010-06-11,18.395668029785156,Time stop (5 bars),6,-0.06717264065127304,-0.06766257589411953,-8125.489749902159,111962.89959463985
MRK,2011-08-12,18.34250259399414,2.5225302264829566,1.4339237213134766,0.32653044936810727,1.6768202171462343,Hammer,2011-08-19,18.52393913269043,2011-09-30,18.52147674560547,Time stop (5 bars),6,-0.00013292999222913604,-0.000672590427099797,-75.30517438238533,111887.59442025746
MRK,2022-02-25,66.50787353515625,9.91155475028954,3.8473854064941406,0.21970732790716352,1.1035143716928766,Hammer,2022-03-04,66.08087921142578,2022-03-25,70.04474639892578,RSI > 90,3,0.05998508547105752,0.05982922879561842,6694.148479266794,118581.74289952427
MRSH,1994-07-01,6.6089935302734375,7.7676732199726075,0.3391714096069336,0.22857074571133737,1.8902795038145837,Hammer,1994-07-08,6.626585960388184,1994-08-19,6.714549541473389,Time stop (5 bars),6,0.01327434392476401,0.011756400588169503,1175.6400576413102,101175.64005764131
MRSH,1996-07-19,7.626827716827393,6.388598264555213,0.34667396545410156,0.3333324163581045,1.3685598289557035,Hammer,1996-07-26,7.605816841125488,1996-09-06,7.752890586853027,Time stop (5 bars),6,0.019337008607976935,0.018010385558991936,1822.212284793697,102997.852342435
MRSH,1996-12-20,8.925568580627441,9.733356737301207,0.4028158187866211,0.2631568978865153,1.2791557866589713,Hammer,1996-12-27,8.893767356872559,1997-01-24,9.195286750793457,RSI > 90,4,0.033902325282648915,0.03275952524995014,3374.160741128475,106372.01308356346
MRSH,2002-02-01,29.253150939941406,5.931629118130445,2.405355453491211,0.1437127457876027,1.4306776071103586,Hammer,2002-02-08,29.440393447875977,2002-03-22,32.3210563659668,RSI > 90,6,0.09784729688450033,0.09749107014557123,10370.321378684985,116742.33446224844
MRSH,2007-08-17,17.46962547302246,1.377368084952522,1.5719356536865234,0.3907555326901633,1.479736168732346,Hammer,2007-08-24,17.529067993164062,2007-10-05,16.875194549560547,Time stop (5 bars),6,-0.03730223671095989,-0.0378619179452445,-4420.088683725851,112322.2457785226
MRSH,2011-08-12,21.12474822998047,2.5593570694704084,2.2089767456054688,0.3481228521594971,2.1811849974384194,Hammer,2011-08-19,21.32076644897461,2011-09-30,20.333133697509766,Time stop (5 bars),6,-0.04632257258801986,-0.04678062820634568,-5254.505213812341,107067.74056471027
MRVL,2011-08-12,10.710445404052734,5.678542544499905,1.3755865097045898,0.31918037003425526,1.1956136799589032,Hammer,2011-08-19,10.787070274353027,2011-09-16,11.493721008300781,RSI > 90,4,0.06550905074085422,0.06455209392060027,6455.209385604818,106455.20938560482
MRVL,2014-10-17,10.878762245178223,1.737557185085464,0.7118206024169922,0.37107012612573986,1.1027327702259953,Hammer,2014-10-24,10.887716293334961,2014-12-05,12.750088691711426,RSI > 90,6,0.1710526200537148,0.1700560584240952,18103.35328872435,124558.56267432917
MRVL,2022-05-13,56.66952896118164,4.556633605787312,7.500812530517578,0.1745406203449842,1.0250874533348653,Hammer,2022-05-20,56.256099700927734,2022-07-01,48.26310348510742,Time stop (5 bars),6,-0.14208230322246274,-0.14224741888023112,-17718.13402213669,106840.42865219247
MS,1992-04-10,3.2977166175842285,5.7860368938894595,0.3591573238372803,0.3636368464201432,1.3511865230138602,Hammer,1992-04-16,3.314042091369629,1992-05-29,3.313232421875,Time stop (5 bars),6,-0.00024431478910225124,-0.003256864238852718,-325.68642355958536,99674.31357644041
MS,2001-04-06,24.98839569091797,0.5106932439381922,5.215509414672852,0.3599219434843618,1.108712834491896,Hammer,2001-04-12,24.98839569091797,2001-04-27,32.37690734863281,RSI > 90,2,0.29567771173081736,0.29521845486549986,29425.696814390358,129100.01039083076
MS,2002-07-26,19.082590103149414,6.326268263640628,2.6350231170654297,0.13904775278662276,1.1754506362557462,Hammer,2002-08-02,19.770204544067383,2002-08-23,22.094045639038086,RSI > 90,3,0.11754259242947684,0.1170071889681091,15105.629296479157,144205.63968730991
MS,2008-09-19,18.373811721801758,3.745341073117146,15.733546257019043,0.33433473842815226,3.3481869428510604,Hammer,2008-09-26,20.77098274230957,2008-11-07,12.22407341003418,Time stop (5 bars),6,-0.41148314638313743,-0.41186544282449467,-59393.3195882101,84812.3200990998
MS,2016-02-12,17.30901336669922,4.7150155095834805,2.012763023376465,0.2793301224571021,1.2241198408788425,Hammer,2016-02-19,18.04365348815918,2016-04-01,18.725818634033203,Time stop (5 bars),6,0.03780637587180902,0.0372418444575379,3158.5672300550223,87970.88732915484
MS,2020-03-13,30.902345657348633,1.9021037603110926,7.235271453857422,0.3576311908737517,2.3549234843286566,Hammer,2020-03-20,25.603622436523438,2020-05-01,31.84177589416504,Time stop (5 bars),6,0.24364339355133224,0.24320532949710358,21394.98861764469,109365.87594679951
MSCI,2008-09-19,22.557004928588867,1.9357489669393004,7.659051895141602,0.3360001334811255,1.9085520608400974,Hammer,2008-09-26,22.9421443939209,2008-11-07,15.002989768981934,Time stop (5 bars),6,-0.3460511139944985,-0.34641149628381795,-34641.14959374065,65358.85040625935
MSCI,2016-01-22,59.636253356933594,7.501379621969761,3.8457794189453125,0.33796327523339825,1.4873990309936662,Hammer,2016-01-29,59.59174728393555,2016-03-11,61.91801834106445,Time stop (5 bars),6,0.03903679893870149,0.038865729468313896,2540.219395709454,67899.0698019688
MSFT,2000-12-22,14.120389938354492,1.8574118938788757,2.964712142944336,0.36538472673371664,1.233527595294541,Hammer,2000-12-29,14.253421783447266,2001-01-26,18.472434997558594,RSI > 90,4,0.29600002569284367,0.2951948874873102,29519.488719211542,129519.48871921154
MSFT,2008-11-21,14.30683422088623,8.7488850986567,1.8929004669189453,0.19073431241655542,1.0017102023808941,Hammer,2008-11-28,14.459498405456543,2009-01-09,14.684861183166504,Time stop (5 bars),6,0.015585794983380419,0.014889059521671178,1928.423374828336,131447.91209403987
MSFT,2011-08-12,19.302288055419922,9.26297902215292,1.2227344512939453,0.37735799021940053,1.3632489368398626,Hammer,2011-08-19,19.409950256347656,2011-09-23,20.73969268798828,RSI > 90,5,0.06850828642416329,0.06797557625516658,8935.247563195593,140383.15965723546
MSFT,2014-10-17,36.793460845947266,5.284489847979344,2.074535369873047,0.3780485338168204,1.5335810738016054,Hammer,2014-10-24,36.312774658203125,2014-11-14,41.026859283447266,RSI > 90,3,0.12981890449341416,0.12952568458600808,18183.22484076707,158566.3844980025
MSFT,2018-11-02,98.46253967285156,2.7515917285899434,7.9671478271484375,0.2956917272352936,1.7365759770239477,Hammer,2018-11-09,98.65731048583984,2018-12-21,98.18927764892578,Time stop (5 bars),6,-0.004744025907550298,-0.004845141316477461,-768.2765401674465,157798.10795783508
MSI,1997-10-31,51.87177276611328,8.551983841437348,6.274810791015625,0.2000001215876428,1.2670559174356277,Hammer,1997-11-07,52.656124114990234,1997-12-19,46.94601058959961,Time stop (5 bars),6,-0.10844158436198037,-0.10862118159309048,-10862.11814844693,89137.88185155306
MSI,2002-10-11,26.08034324645996,3.458215028309965,5.336399078369141,0.14215690129065234,1.17188672424221,Hammer,2002-10-18,25.89723014831543,2002-11-29,27.728349685668945,Time stop (5 bars),6,0.07070715774878455,0.07030744175022136,6267.056429749124,95404.93828130218
MSI,2008-09-19,23.688583374023438,3.7481009542878923,4.939054489135742,0.35668763735828757,1.5306833135735072,Hammer,2008-09-26,23.62566566467285,2008-11-07,16.799074172973633,Time stop (5 bars),6,-0.28894811213327765,-0.2893101526936553,-27601.61723429068,67803.32104701152
MTB,1993-11-12,6.40286922454834,5.227271750885961,0.15106582641601562,0.3846178126814979,1.0963693219293276,Hammer,1993-11-19,6.40286922454834,1993-12-31,6.625045299530029,Time stop (5 bars),6,0.03469945538320163,0.03311179856306216,3311.1798529950356,103311.17985299503
MTB,1994-09-30,7.145989418029785,7.984895009197899,0.28300952911376953,0.1250012636601664,1.6046830808497836,Hammer,1994-10-07,7.169573783874512,1994-11-18,6.97500467300415,Time stop (5 bars),6,-0.02713816981812467,-0.02851306809752912,-2945.718703438807,100365.46114955621
MTB,1998-09-04,21.991668701171875,9.185014370785083,2.0216541290283203,0.12195062122085536,1.717121550863291,Hammer,1998-09-11,22.238210678100586,1998-10-23,22.755952835083008,Time stop (5 bars),6,0.023281646373297216,0.022826837560924323,2291.026076097154,102656.48722565337
MTB,1999-09-24,21.88347053527832,1.587600764901154,1.8588523864746094,0.2642139026897906,1.5429966783274396,Hammer,1999-10-01,22.0078067779541,1999-11-05,24.84271240234375,RSI > 90,5,0.12881363658778855,0.1283300967879662,13173.916928406798,115830.40415406018
MTB,2000-01-07,20.296066284179688,0.38906004442871733,1.5458908081054688,0.25806423752486146,1.3328774749002574,Hammer,2000-01-14,20.22126579284668,2000-02-25,18.700305938720703,Time stop (5 bars),6,-0.07521585788482243,-0.07569167090978417,-8767.396823809024,107063.00733025114
MTB,2007-03-16,64.68162536621094,6.34744320329618,3.1504364013671875,0.300883434156548,1.725366864394682,Hammer,2007-03-23,65.23921966552734,2007-05-04,62.958641052246094,Time stop (5 bars),6,-0.03495717185112679,-0.03510776318613109,-3758.742703586732,103304.26462666442
MTB,2008-07-18,39.68461608886719,0.1310824458589792,10.055593490600586,0.1362853414825076,2.2664752961988417,Hammer,2008-07-25,40.32646179199219,2008-08-15,43.77277374267578,RSI > 90,3,0.0854603106134133,0.08520177047899309,8801.706235420519,112105.97086208493
MTB,2013-04-19,68.72657775878906,1.5147487941101616,3.3336715698242188,0.35908145306910844,1.475121394536748,Hammer,2013-04-26,68.82401275634766,2013-05-17,71.80274200439453,RSI > 90,3,0.043280377425714,0.04313194580541319,4835.348654851328,116941.31951693626
MTB,2015-09-04,86.43721008300781,0.9142020254955554,5.1422271728515625,0.25330340266052626,1.4437163791848133,Hammer,2015-09-11,88.32752227783203,2015-10-23,86.57750701904297,Time stop (5 bars),6,-0.019812796891148343,-0.019924883988405636,-2330.0422224959884,114611.27729444027
MTB,2020-03-13,92.10179138183594,0.4085956299837221,14.826141357421875,0.381266942898957,1.7349643965874098,Hammer,2020-03-20,78.44377136230469,2020-05-01,86.83300018310547,Time stop (5 bars),6,0.10694576095855757,0.10681147295605804,12241.799332952578,126853.07662739286
MTD,1998-08-14,19.75,5.9090133412541945,3.25,0.3076923076923077,1.9649576849268118,Hammer,1998-08-21,19.625,1998-10-02,20.625,Time stop (5 bars),6,0.05095541401273884,0.050433010697911285,5043.301064747828,105043.30106474784
MTD,2001-03-02,46.20000076293945,8.626892945215303,5.349998474121094,0.3084108750989326,1.268877282688211,Hammer,2001-03-09,46.209999084472656,2001-04-20,38.439998626708984,Time stop (5 bars),6,-0.16814543630611156,-0.16834362462159175,-17683.370025773387,87359.93103897446
MTD,2014-10-17,240.9199981689453,7.577330637971372,14.009994506835938,0.12205511245873536,1.5362590958346802,Hammer,2014-10-24,240.02999877929688,2014-11-14,277.5,RSI > 90,3,0.1561054926936698,0.15606058037872303,13633.441526154133,100993.37256512861
MTD,2016-02-12,307.07000732421875,5.7456783986242925,23.81500244140625,0.3388623345336187,1.356072413196174,Hammer,2016-02-19,310.260009765625,2016-04-01,339.05999755859375,Time stop (5 bars),6,0.09282533000216397,0.09279160358661377,9371.33698256727,110364.7095476959
MU,1994-10-07,8.055249214172363,6.33251709498704,1.029618740081787,0.3529410675011474,1.0480544888344856,Hammer,1994-10-14,8.29751205444336,1994-11-04,9.569393157958984,RSI > 90,3,0.153284634619425,0.15198786767678216,15198.786752479427,115198.78675247943
MU,1995-11-10,31.434223175048828,9.246219599240234,4.556362152099609,0.3543568735699162,1.0976437101055339,Hammer,1995-11-17,31.37342071533203,1995-12-29,20.878881454467773,Time stop (5 bars),6,-0.3345041446416338,-0.3347695333733466,-38565.04404773815,76633.74270474128
MU,2016-01-22,10.796428680419922,1.3286615388845178,2.204148292541504,0.22123928648846042,1.2412403284457785,Hammer,2016-01-29,10.786676406860352,2016-03-11,11.176791191101074,Time stop (5 bars),6,0.03616635648702782,0.035222959798820556,2699.267235822993,79333.00994056428
MU,2020-03-20,35.217620849609375,0.9449609637871248,7.812051773071289,0.37827707400204846,1.4382206420544572,Hammer,2020-03-27,36.07587432861328,2020-05-08,43.097938537597656,Time stop (5 bars),6,0.1946470969773526,0.19434296810882948,15417.812605438721,94750.822546003
NCLH,2013-10-18,30.059999465942383,9.989211632148027,2.25,0.33777787950303817,1.1900563767968282,Hammer,2013-10-25,31.170000076293945,2013-12-06,34.04999923706055,RSI > 90,6,0.09239650797938115,0.09206091912567471,9206.091903361379,109206.09190336139
NCLH,2016-01-22,47.97999954223633,5.840817483072982,6.630001068115234,0.2699850116368386,1.6328277963055027,Hammer,2016-01-29,47.849998474121094,2016-03-11,49.130001068115234,Time stop (5 bars),6,0.02675031629700908,0.02653855677544166,2898.172067303284,112104.26397066467
NDAQ,2006-05-26,8.437865257263184,0.8574985026716746,1.4252614974975586,0.14842338047300258,1.274931875387029,Hammer,2006-06-02,8.697004318237305,2006-07-14,7.480640411376953,Time stop (5 bars),6,-0.1398601015190576,-0.14092890120614948,-14092.89010652206,85907.10989347793
NDAQ,2022-01-28,54.68046951293945,4.135641050697572,3.2480812072753906,0.26987838607576353,1.0926084402553438,Hammer,2022-02-04,54.89335250854492,2022-03-18,52.16447830200195,Time stop (5 bars),6,-0.04971228904480163,-0.049889916206805406,-4285.898509868539,81621.21138360939
NDAQ,2022-05-13,46.32271194458008,1.7694326685903121,2.961711883544922,0.33510004572414814,1.0013946158988185,Hammer,2022-05-20,46.263038635253906,2022-07-01,50.388526916503906,Time stop (5 bars),6,0.08917460683410994,0.08894883817517626,7260.111915762414,88881.32329937181
NDSN,2000-09-22,9.743898391723633,4.802767683370092,2.4746408462524414,0.3482144818446083,2.695935955530478,Hammer,2000-09-29,9.5892333984375,2000-11-10,10.572443962097168,Time stop (5 bars),6,0.10253275969066267,0.1014370323550982,10143.703225366116,110143.7032253661
NDSN,2006-06-02,19.481725692749023,7.300207426827129,1.6826114654541016,0.28793671989507724,1.4109567561657665,Hammer,2006-06-09,19.34695816040039,2006-07-21,16.826026916503906,Time stop (5 bars),6,-0.13030116791467306,-0.13078424534192565,-14405.061091089468,95738.64213427663
NDSN,2008-10-10,16.193233489990234,6.498680060415552,5.517724990844727,0.3773167680478638,2.0009094095391826,Hammer,2008-10-17,17.174890518188477,2008-11-28,11.10498332977295,Time stop (5 bars),6,-0.3534175185563716,-0.353896736535002,-33881.59297773134,61857.049156545276
NEE,1996-03-15,2.023660659790039,4.566726659505065,0.07018482685089111,0.2499995753737136,1.1674994562686885,Hammer,1996-03-22,2.0704503059387207,1996-05-03,1.9885681867599487,Time stop (5 bars),6,-0.039547976082259795,-0.04427093191094928,-4427.093186667835,95572.90681333217
NEE,1999-02-05,2.7913215160369873,0.3596131538523224,0.16209745407104492,0.3399996469996441,1.134002157020493,Hammer,1999-02-12,2.8334670066833496,1999-03-19,2.9139959812164307,RSI > 90,5,0.028420650158669902,0.02484755833589607,2374.753375000677,97947.66018833285
NEE,2008-01-25,8.841216087341309,9.391841535554036,0.9250917434692383,0.39593146184289335,1.6794025998661493,Hammer,2008-02-01,8.747114181518555,2008-03-14,8.775483131408691,Time stop (5 bars),6,0.0032432353461300245,0.002098801444904121,205.57269052267813,98153.23287885555
NEE,2008-08-08,8.813210487365723,7.57192353607924,0.6663103103637695,0.3281945734581216,1.2293957024679467,Hammer,2008-08-15,8.89393138885498,2008-09-26,8.276424407958984,Time stop (5 bars),6,-0.06943014892939203,-0.07051486897425516,-6921.26234893079,91231.97052992476
NEE,2011-08-12,8.645221710205078,5.377963880906506,0.7268610000610352,0.3386007565251276,2.1793325764166056,Hammer,2011-08-19,8.689522743225098,2011-09-30,9.002496719360352,Time stop (5 bars),6,0.03601739536032267,0.03484653328112062,3179.1178941941207,94411.08842411889
NEE,2024-11-08,73.10880279541016,9.871722218591131,5.822486877441406,0.30179450053396056,1.4967299083231762,Hammer,2024-11-15,73.1183090209961,2024-12-27,68.2153549194336,Time stop (5 bars),6,-0.06705508055656217,-0.06718725078691153,-6343.221468673333,88067.86695544556
NEE,2025-04-11,63.44560623168945,4.504888202377543,5.851924896240234,0.37726549447311586,1.4650675259859585,Hammer,2025-04-17,64.09153747558594,2025-05-16,68.35755920410156,RSI > 90,4,0.0665613885474452,0.06640018160320624,5847.722353400868,93915.58930884642
NEM,1992-10-30,22.376401901245117,7.665383123835753,1.3413658142089844,0.3636368807073324,1.0594632408446687,Hammer,1992-11-06,22.254459381103516,1992-12-18,19.9548397064209,Time stop (5 bars),6,-0.10333298308002248,-0.10375901926186493,-10375.901915810591,89624.0980841894
NEM,2013-06-28,22.688703536987305,9.023563615642786,2.410533905029297,0.2520426265257388,1.1490811455364518,Hammer,2013-07-05,22.961421966552734,2013-08-16,23.02202606201172,Time stop (5 bars),6,0.002639387732487286,0.0022033948314928273,197.47727429843184,89821.57535848784
NI,1999-07-02,3.4511866569519043,5.8226352491098226,0.15428829193115234,0.31578874170957394,1.0548437168487224,Hammer,1999-07-09,3.4511866569519043,1999-08-20,3.2223401069641113,Time stop (5 bars),6,-0.066309525602394,-0.06910695911268802,-6910.695904358106,93089.30409564188
NI,2001-09-28,3.3726806640625,3.9616659889905605,0.2459697723388672,0.3470589489682767,1.07787008718661,Hammer,2001-10-05,3.3422961235046387,2001-11-16,3.024231195449829,Time stop (5 bars),6,-0.0951635990054931,-0.0980089349583221,-9123.58354130165,83965.72055434022
NI,2002-06-28,3.286243438720703,5.820706347961405,0.2769896984100342,0.39130419813062556,1.3612357658155527,Hammer,2002-07-05,3.286243438720703,2002-08-16,2.9501757621765137,Time stop (5 bars),6,-0.10226499734755401,-0.10514800347880209,-8828.82786811906,75136.89268622117
NI,2002-09-13,2.852346181869507,8.549545546513656,0.22623109817504883,0.3851353487578013,1.0035237532748662,Hammer,2002-09-20,2.8278887271881104,2002-11-01,2.5298140048980713,Time stop (5 bars),6,-0.10540539287287565,-0.10874931984915275,-8171.085967034247,66965.8067191869
NI,2012-11-16,6.164525985717773,7.968878230092585,0.31738710403442383,0.390244122300029,1.5142923337574117,Hammer,2012-11-23,6.208392143249512,2013-01-04,6.3348307609558105,Time stop (5 bars),6,0.02036575892580772,0.018739943499752044,1254.935433077943,68220.74215226484
NI,2023-10-06,22.54909324645996,7.98348243988589,1.6597747802734375,0.060774534589749483,1.5194886327806019,Hammer,2023-10-13,22.530752182006836,2023-11-24,24.053659439086914,Time stop (5 bars),6,0.06759238416799418,0.06713364811883332,4579.907293475901,72800.64944574072
NKE,1998-09-04,2.964268207550049,0.7147344917382981,0.4096078872680664,0.2894739292906951,1.4826505606887534,Hammer,1998-09-11,3.125955581665039,1998-10-02,3.5040667057037354,RSI > 90,3,0.1209585722383475,0.1175714935703225,11757.149345275102,111757.1493452751
NKE,2001-09-21,3.90718412399292,4.629701621801445,0.42488837242126465,0.38315795144073517,1.2490636128153234,Hammer,2001-09-28,3.9984235763549805,2001-11-02,4.440307140350342,RSI > 90,5,0.11051444539504951,0.10787855837842183,12056.200147794068,123813.34949306917
NKE,2011-03-25,15.608963966369629,5.815027720454154,1.734781265258789,0.15140760286962976,1.9591282078455505,Hammer,2011-04-01,15.613035202026367,2011-05-06,16.855073928833008,RSI > 90,5,0.07955139476310413,0.07888564155923962,9767.095498592022,133580.44499166118
NOC,1994-11-04,9.18075942993164,7.134339381897732,0.44719982147216797,0.3529406746949926,1.2680086522032048,Hammer,1994-11-11,9.15445327758789,1994-12-23,9.053805351257324,Time stop (5 bars),6,-0.01099442241700821,-0.012080188956398634,-1208.0188944318447,98791.98110556816
NOC,1997-10-31,24.821247100830078,1.834463056045962,2.342966079711914,0.18787859546120977,1.9824204208224572,Hammer,1997-11-07,25.218841552734375,1997-12-19,26.19647789001465,Time stop (5 bars),6,0.03876610807978498,0.03836197334403965,3789.8553419868194,102581.83644755499
NOC,2000-01-28,11.915005683898926,7.158420390184062,1.785019874572754,0.3583333912120825,1.6333035426448728,Hammer,2000-02-04,11.92988109588623,2000-03-17,11.284923553466797,Time stop (5 bars),6,-0.05406236132913622,-0.054877592592454734,-5629.444222325303,96952.39222522968
NOC,2010-05-28,35.980777740478516,9.841166775463435,1.8608665466308594,0.3308118856533727,1.0341014723888464,Hammer,2010-06-04,35.790435791015625,2010-07-16,32.37615966796875,Time stop (5 bars),6,-0.09539632719152169,-0.09566236720901553,-9274.69533756773,87677.69688766194
NOC,2018-12-07,227.8567657470703,9.438354660269695,17.60638427734375,0.39849218097294975,1.2128019798547307,Hammer,2018-12-14,230.57290649414062,2019-01-25,236.1468048095703,RSI > 90,6,0.024174125226509746,0.024130231729600087,2115.683141301236,89793.38002896316
NOW,2025-03-14,168.8660125732422,1.0442516478416621,14.26800537109375,0.36234904841145243,1.002875644059426,Hammer,2025-03-21,167.8000030517578,2025-05-02,191.97000122070312,RSI > 90,6,0.14404051090207726,0.1439766260216533,14397.662587767667,114397.66258776767
NRG,2005-04-01,12.922552108764648,5.130351583831327,0.8783760070800781,0.1822030217883185,1.3474301827538648,Hammer,2005-04-08,12.933717727661133,2005-05-20,11.820859909057617,Time stop (5 bars),6,-0.08604315031736498,-0.08678277416957665,-8678.277408279388,91321.72259172061
NRG,2006-03-03,16.410003662109375,2.6837253628056885,0.9379281997680664,0.2658738430221385,1.029388733777021,Hammer,2006-03-10,16.37650489807129,2006-04-21,17.641963958740234,Time stop (5 bars),6,0.07727284109431576,0.07663881117642361,6998.788247013827,98320.51083873444
NRG,2008-09-19,22.77078628540039,4.865050081680565,6.059307098388672,0.2960688386066327,2.2682512677047324,Hammer,2008-09-26,22.904775619506836,2008-11-07,16.94223976135254,Time stop (5 bars),6,-0.2603184574781998,-0.2606981385303879,-25631.97412938292,72688.53670935152
NRG,2011-10-07,15.185486793518066,8.2753908813269,1.8535232543945312,0.2971886641009282,1.5275483404653536,Hammer,2011-10-14,15.431134223937988,2011-11-25,15.103605270385742,Time stop (5 bars),6,-0.021225202813942023,-0.02186615823985342,-1589.4190443206558,71099.11766503086
NRG,2022-03-04,33.61552429199219,6.511743671820014,2.0763587951660156,0.3103443841228723,1.001185800389207,Hammer,2022-03-11,33.543922424316406,2022-04-22,35.12804412841797,Time stop (5 bars),6,0.04722529715109314,0.0469201867109934,3335.983872494153,74435.10153752501
NSC,1992-06-12,9.705316543579102,6.991988514286092,0.4795112609863281,0.3199994431229664,1.0595726826480403,Hammer,1992-06-19,9.724496841430664,1992-07-31,8.995638847351074,Time stop (5 bars),6,-0.07495071528784214,-0.07594000040509243,-7594.000032915243,92405.99996708475
NSC,1994-04-22,9.970354080200195,0.0509517294581201,0.4642066955566406,0.3043496125368768,1.1774669628758694,Hammer,1994-04-29,9.990537643432617,1994-06-10,10.513567924499512,Time stop (5 bars),6,0.05235256597133331,0.051325931567470166,4742.824025991418,97148.82399307618
NSC,2004-03-05,13.510863304138184,7.201882532315167,0.6990509033203125,0.27433670573854585,1.1175125191299131,Hammer,2004-03-12,13.510863304138184,2004-04-23,13.671707153320312,Time stop (5 bars),6,0.011904779551197509,0.01116050420071529,1084.229857185047,98233.05385026123
NSC,2024-05-10,221.0883331298828,0.24892321126554862,16.277542114257812,0.3919204323351441,1.4721044224973643,Hammer,2024-05-17,221.67396545410156,2024-06-28,216.2593231201172,Time stop (5 bars),6,-0.02442615362111844,-0.02447071296490483,-2403.832862031949,95829.22098822928
NTAP,1997-04-25,1.3076086044311523,7.480934461459924,0.5276315212249756,0.36956512898280064,2.0444770542938753,Hammer,1997-05-02,1.3076086044311523,1997-05-30,1.915531873703003,RSI > 90,4,0.4649122583101346,0.45552289330830187,45552.289285277904,145552.2892852779
NTAP,2013-10-18,30.60175323486328,9.255547533396552,1.4752998352050781,0.3346878143253495,1.2448348529387527,Hammer,2013-10-25,30.631343841552734,2013-12-06,29.958208084106445,Time stop (5 bars),6,-0.02197539098931567,-0.02229821420530408,-3245.5561213099563,142306.73316396796
NTAP,2020-03-13,34.605369567871094,1.922555943812398,6.488502502441406,0.35424846054081255,1.681409354519133,Hammer,2020-03-20,30.6444149017334,2020-05-01,36.57940673828125,Time stop (5 bars),6,0.19367287173142067,0.19331500635637783,27510.026998637804,169816.7601626058
NTRS,1990-07-13,2.31260085105896,5.480489705621736,0.23517990112304688,0.16666700459035538,2.204939921837797,Hammer,1990-07-20,2.3713958263397217,1990-08-31,1.9206346273422241,Time stop (5 bars),6,-0.1900826483671657,-0.1938907625953845,-19389.076240149378,80610.92375985062
NTRS,1997-04-04,10.48603630065918,3.5020522964596665,0.8170928955078125,0.125,1.2454705028117685,Hammer,1997-04-11,10.520082473754883,1997-05-02,11.439312934875488,RSI > 90,3,0.08737863637608045,0.08638701534053006,6963.737100492777,87574.66086034339
NTRS,2001-03-23,33.74993896484375,1.2414533862609147,4.796041488647461,0.1185178645356724,1.2991179479460557,Hammer,2001-03-30,34.3538818359375,2001-05-11,37.76582717895508,Time stop (5 bars),6,0.09931760723029415,0.09901210869613729,8670.951831460727,96245.61269180411
NTRS,2002-07-05,24.593481063842773,1.0929343957212012,3.5232391357421875,0.31587566425146923,1.7496883513152455,Hammer,2002-07-12,24.564647674560547,2002-08-23,24.87026596069336,RSI > 90,6,0.012441386914305852,0.012031848809899645,1158.012659365933,97403.62535117003
NTRS,2015-08-28,52.403709411621094,3.5207309667386113,3.8701324462890625,0.2548258704506117,1.7208614326503688,Hammer,2015-09-04,51.9927864074707,2015-10-16,51.48085021972656,Time stop (5 bars),6,-0.009846292593977624,-0.010037661673789083,-977.7046360978454,96425.92071507219
NTRS,2016-07-01,49.75788497924805,4.445181581747065,3.7987823486328125,0.3152612700185173,1.2459242519503546,Hammer,2016-07-08,49.26205825805664,2016-08-12,52.86250686645508,RSI > 90,5,0.07308766088371055,0.07287726800313464,7027.2576593740705,103453.17837444626
NUE,2000-01-28,6.37333345413208,7.4999488030307475,0.6208305358886719,0.2531644208495395,1.3189678821931483,Hammer,2000-02-04,6.271171569824219,2000-03-17,5.909675121307373,Time stop (5 bars),6,-0.05764416496852098,-0.05919156995372741,-5919.156989453584,94080.84301054642
NUE,2002-07-26,7.2505059242248535,8.720855241965666,0.8749709129333496,0.2686573508662648,1.436706730574447,Hammer,2002-08-02,7.371957302093506,2002-09-13,6.568812370300293,Time stop (5 bars),6,-0.10894595544729135,-0.1102276858187116,-10370.31359455573,83710.52941599069
NUE,2011-08-12,23.332651138305664,6.563557705688268,2.1981029510498047,0.24223581465049343,1.2654244479025183,Hammer,2011-08-19,23.469179153442383,2011-09-30,21.864973068237305,Time stop (5 bars),6,-0.0683537363925989,-0.06876517703360716,-5756.369369111211,77954.16004687948
NUE,2015-01-09,36.634788513183594,9.52320333652618,2.0931968688964844,0.28205146896681177,1.1566491568216104,Hammer,2015-01-16,36.420101165771484,2015-02-27,36.81113815307617,Time stop (5 bars),6,0.010736845170331133,0.010460835388502579,815.4656352839249,78769.62568216342
NUE,2020-03-13,31.789016723632812,2.8856993053216655,5.321819305419922,0.2933330848415471,1.697125556737964,Hammer,2020-03-20,28.16130828857422,2020-05-01,34.17934799194336,Time stop (5 bars),6,0.21369886802492122,0.21330589872888422,16802.02578186964,95571.65146403306
NVR,1991-06-21,30.0,0.15467868792521244,11.25,0.3333333333333333,1.3311265679094013,Hammer,1991-06-28,30.0,1991-08-09,22.5,Time stop (5 bars),6,-0.25,-0.2502916180636562,-25029.161781336457,74970.83821866356
NVR,1996-03-15,9.5,3.9078300151091696,0.75,0.3333333333333333,1.2883200680032425,Hammer,1996-03-22,9.5,1996-05-03,9.625,Time stop (5 bars),6,0.013157894736842035,0.012098895318253672,907.0643226222776,75877.90254128583
NVR,1997-04-25,12.75,4.914470903803959,0.875,0.2857142857142857,1.1105219571346414,Hammer,1997-05-02,12.875,1997-05-23,14.75,RSI > 90,3,0.14563106796116498,0.1447981366459627,10986.978889595168,86864.88143088101
NVR,2008-10-10,535.0,8.156079942878577,93.90997314453125,0.36119681195044134,1.3903737357357404,Hammer,2008-10-17,545.0,2008-11-28,351.8800048828125,Time stop (5 bars),6,-0.354348614893922,-0.35436755985026597,-30782.096042641722,56082.78538823929
NVR,2011-08-12,601.8200073242188,0.964008474508276,70.14996337890625,0.3408408499856874,1.8809077745036495,Hammer,2011-08-19,603.2100219726562,2011-09-30,610.4199829101562,Time stop (5 bars),6,0.011952654423614373,0.011916779731552233,668.3261997477312,56751.11158798702
NVR,2014-04-25,1070.989990234375,4.004326907429501,59.1920166015625,0.25682562007502563,1.1411660811729716,Hammer,2014-05-02,1077.3399658203125,2014-06-13,1144.3399658203125,RSI > 90,6,0.06219021119204893,0.06215387375028058,3527.3014223957725,60278.41301038279
NVR,2022-02-25,4917.490234375,8.702170657053486,468.72998046875,0.14840008792042161,1.383152731911666,Hammer,2022-03-04,4875.0,2022-04-14,4268.52001953125,Time stop (5 bars),6,-0.12440614983974363,-0.12443726535453328,-7500.88086948674,52777.53214089605
NWS,2019-05-10,11.213513374328613,2.3433345440935938,0.8948440551757812,0.3229171107264961,1.570738871442689,Hammer,2019-05-17,10.980481147766113,2019-06-28,12.947274208068848,RSI > 90,6,0.1791172020456373,0.17812538513168782,17812.538495356246,117812.53849535623
NWS,2019-10-11,12.913647651672363,8.601763007821319,0.9337987899780273,0.3618084499044588,1.4524500582888555,Hammer,2019-10-18,12.819798469543457,2019-11-29,12.228548049926758,Time stop (5 bars),6,-0.04612010251341769,-0.04688186103232411,-5523.271052081354,112289.26744327489
NWS,2020-03-13,10.053234100341797,2.8142148158286773,1.6297416687011719,0.2848842652734963,1.6937000301486411,Hammer,2020-03-20,8.9920072555542,2020-05-01,8.688799858093262,Time stop (5 bars),6,-0.03371965667328081,-0.034812398007968995,-3909.0586663495014,108380.2087769254
NWSA,2019-05-10,11.069121360778809,1.8602135566832914,0.9627342224121094,0.34299554234769686,1.6730221971144899,Hammer,2019-05-17,10.845878601074219,2019-06-28,12.557406425476074,RSI > 90,6,0.15780444234663848,0.15681014293473036,15681.014277792023,115681.01427779201
NWSA,2019-10-11,12.645405769348145,9.809760142626558,0.908595085144043,0.3711341396469728,1.4218383329910742,Hammer,2019-10-18,12.673505783081055,2019-11-29,11.980350494384766,Time stop (5 bars),6,-0.05469325540701142,-0.05546042260237171,-6415.717932501624,109265.29634529038
NWSA,2020-03-13,9.90489673614502,2.828557522335771,1.6271648406982422,0.39022310318918113,1.7068879902933567,Hammer,2020-03-20,9.990038871765137,2020-05-01,8.391253471374512,Time stop (5 bars),6,-0.16003795589917824,-0.1609583935621564,-17587.166554243733,91678.12979104665
NXPI,2011-05-27,25.089984893798828,4.179449867976913,3.050050735473633,0.32463784429415204,1.0419934997053464,Hammer,2011-06-03,25.638111114501953,2011-07-15,22.490812301635742,Time stop (5 bars),6,-0.12275860724723875,-0.12312463954815,-12312.463942502538,87687.53605749745
NXPI,2016-07-01,68.93115234375,3.3251119900152304,5.1364593505859375,0.3321861548379047,1.0006597009714548,Hammer,2016-07-08,68.48027801513672,2016-08-19,76.60490417480469,RSI > 90,6,0.11864183959463648,0.11848716096143265,10389.847188766285,98077.38324626374
NXPI,2018-04-27,93.1812744140625,5.133468927769741,5.370735168457031,0.1489701727245995,1.5678667227475804,Hammer,2018-05-04,93.49954223632812,2018-06-01,105.20465850830078,RSI > 90,4,0.12518902223485728,0.12507538128376502,12267.066092573321,110344.44933883705
O,2004-04-16,6.042272567749023,4.489727609576136,0.6418476104736328,0.25837337636287455,2.7602499025937224,Hammer,2004-04-23,6.034595012664795,2004-06-04,6.189813137054443,Time stop (5 bars),6,0.025721382141451476,0.024044348020874098,2404.4347996829747,102404.43479968297
O,2005-01-14,7.476953506469727,3.7531040606416184,0.5707111358642578,0.2584278299695539,1.6785721177287158,Hammer,2005-01-21,7.531459808349609,2005-03-04,7.768388748168945,Time stop (5 bars),6,0.03145856790693746,0.030110814041351734,3083.4808901795013,105487.91568986248
O,2005-10-14,7.383919715881348,8.942207009571433,0.501624584197998,0.3333333333333333,1.389552414861723,Hammer,2005-10-21,7.414017200469971,2005-12-02,7.797650337219238,RSI > 90,6,0.051744300879818406,0.05036154070725146,5312.533954825585,110800.44964468807
O,2022-06-17,52.39393997192383,9.896893747331845,2.8309059143066406,0.2624817242842994,1.1865927277632136,Hammer,2022-06-24,52.507015228271484,2022-08-05,59.87555694580078,RSI > 90,6,0.14033442360977766,0.14013062887686697,15526.536673023234,126326.98631771129
O,2023-03-03,53.90492630004883,6.951943137758775,2.2582473754882812,0.3633616335521448,1.013020326814645,Hammer,2023-03-10,54.1138916015625,2023-04-21,51.21305847167969,Time stop (5 bars),6,-0.0536060712698595,-0.05378589700825978,-6794.610268653652,119532.37604905764
ODFL,1994-11-25,0.6944798827171326,6.498145512106817,0.04208970069885254,0.25,1.012539340626441,Hammer,1994-12-02,0.6944798827171326,1995-01-13,0.6997410655021667,Time stop (5 bars),6,0.007575716613201111,-0.006774772701908008,-677.4772695133236,99322.52273048669
ODFL,1999-11-26,0.5050762891769409,9.613658087183495,0.12100788950920105,0.34782608695652173,2.0236825274781776,Hammer,1999-11-30,0.5366435647010803,2000-01-14,0.4892926514148712,Time stop (5 bars),6,-0.08823531371811821,-0.10568544247719315,-10496.944752225616,88825.57797826108
ODFL,2001-04-27,0.39985203742980957,3.5442961197287275,0.060609132051467896,0.3472224339321583,1.7205641575619866,Hammer,2001-05-04,0.4049028158187866,2001-05-18,0.4322611391544342,RSI > 90,2,0.06756762923548476,0.04642767618131686,4123.96516686905,92949.54314513013
OKE,1994-09-23,0.8377410173416138,3.764400453550266,0.056266188621520996,0.22222163370374687,1.2922646368717556,Hammer,1994-09-30,0.8439927697181702,1994-10-21,0.8940072059631348,RSI > 90,3,0.05925931837267484,0.047131657267526265,4713.165722039461,104713.16572203947
OKE,1996-01-26,1.1209543943405151,1.8039710333100487,0.07383525371551514,0.3636359233097881,1.4177031418724608,Hammer,1996-02-02,1.123132586479187,1996-03-15,1.184394359588623,Time stop (5 bars),6,0.054545450685818286,0.04543949330408062,4758.113187917583,109471.27890995707
OKE,2008-07-11,8.094822883605957,3.634298864744366,0.43714380264282227,0.12062302224035377,1.132008447496715,Hammer,2008-07-18,8.149253845214844,2008-08-29,7.4944167137146,Time stop (5 bars),6,-0.08035547105760577,-0.08153255271668902,-8925.472809763967,100545.8061001931
OKE,2014-08-08,30.86467933654785,6.20726458442455,1.8708839416503906,0.3593755416043928,1.7007010902960986,Hammer,2014-08-15,31.11802864074707,2014-09-05,34.21180725097656,RSI > 90,3,0.09942077777312619,0.09908350006117758,9962.430374917203,110508.2364751103
OKE,2014-10-17,27.946298599243164,1.8884777399300674,3.210704803466797,0.1957514076232049,2.0222397386375763,Hammer,2014-10-24,27.946298599243164,2014-12-05,26.6225643157959,Time stop (5 bars),6,-0.04736707005210039,-0.04771636203991528,-5273.051014765882,105235.18546034442
OKE,2015-01-16,21.10613250732422,7.8001652683786915,2.0225276947021484,0.1824814902483716,1.0340222519148097,Hammer,2015-01-23,21.19963264465332,2015-02-27,23.535860061645508,RSI > 90,5,0.11020131603937955,0.10970373578147026,11544.692969110954,116779.87842945538
OKE,2018-12-28,32.85291290283203,4.445843024390385,2.2881717681884766,0.26287259484137604,1.0228053948751261,Hammer,2019-01-04,33.00173568725586,2019-01-25,38.90509033203125,RSI > 90,3,0.17888012620666682,0.1785500602245517,20851.05430574403,137630.9327351994
OKE,2023-05-19,50.14789962768555,1.9330632856714658,3.6933975219726562,0.39443215362083534,1.100872633800968,Hammer,2023-05-26,49.916526794433594,2023-07-07,52.98435974121094,Time stop (5 bars),6,0.061459262969382866,0.06125279299587237,8430.279024227726,146061.2117594271
OMC,1992-07-31,1.9102234840393066,9.84769392693893,0.0726320743560791,0.30000065651045,1.0068552399070667,Hammer,1992-08-07,1.9174867868423462,1992-09-11,2.062750816345215,RSI > 90,5,0.07575751264606345,0.07035888643221189,7035.888636185302,107035.8886361853
OMC,1993-06-18,2.3824992179870605,5.323660812044977,0.11987423896789551,0.24999950277352925,1.1483072142150086,Hammer,1993-06-25,2.3824992179870605,1993-08-06,2.3525307178497314,Time stop (5 bars),6,-0.012578598100296157,-0.016740738525153155,-1791.85982267393,105244.02881351137
OMC,1996-07-26,5.1865057945251465,7.762149072090054,0.36931800842285156,0.17391377324677604,1.293834972005119,Hammer,1996-08-02,5.202563285827637,1996-09-13,5.716396808624268,Time stop (5 bars),6,0.09876545359791611,0.09675034082981036,10182.395647827212,115426.42446133857
OMC,1998-10-09,10.562567710876465,7.887624611545789,1.1423463821411133,0.3333333333333333,1.0506600595466402,Hammer,1998-10-16,10.59567928314209,1998-11-13,13.873717308044434,RSI > 90,4,0.309374976092166,0.3082857180765197,35584.3181144846,151010.74257582315
OMC,2001-03-23,22.123178482055664,5.880980833546289,1.9078712463378906,0.3404257233518016,1.1084989733118806,Hammer,2001-03-30,22.09611701965332,2001-04-27,24.491104125976562,RSI > 90,4,0.10838950138583292,0.10791251429520075,16295.948900646446,167306.69147646963
OMC,2002-07-05,12.265030860900879,0.4015638125224683,2.4184961318969727,0.32049856919049347,1.1362651639697552,Hammer,2002-07-12,12.434846878051758,2002-08-16,15.132715225219727,RSI > 90,5,0.21696031914392666,0.21606924695434224,36149.83080159343,203456.52227806306
OMC,2005-10-21,22.163442611694336,8.96162124210582,0.9240684509277344,0.32307762168767207,1.1574946475295083,Hammer,2005-10-28,22.228837966918945,2005-12-09,24.19355010986328,Time stop (5 bars),6,0.08838573324742516,0.08791609194295168,17887.102301104285,221343.62457916737
OMC,2011-08-12,25.569625854492188,4.934197832275231,2.319427490234375,0.2332449048063892,1.5762599532334114,Hammer,2011-08-19,25.58828353881836,2011-09-30,22.942773818969727,Time stop (5 bars),6,-0.10338754124852878,-0.10375807058210859,-22966.18739901881,198377.43718014858
OMC,2020-03-13,50.020721435546875,2.8414926400314613,7.060630798339844,0.1824326733668233,2.1623766798399737,Hammer,2020-03-20,45.218223571777344,2020-05-01,41.79127502441406,Time stop (5 bars),6,-0.07578689025506491,-0.07599963637948615,-15076.613076509035,183300.82410363958
ON,2005-10-14,4.809999942779541,2.7095060549682444,0.5,0.23999977111816406,1.0105269890965551,Hammer,2005-10-21,4.800000190734863,2005-11-25,5.489999771118164,RSI > 90,5,0.14374990686774614,0.14151915783364497,14151.915769212581,114151.91576921257
ON,2006-05-19,6.039999961853027,8.636684250912793,0.820000171661377,0.3414635990149244,1.2683001287226943,Hammer,2006-05-26,5.96999979019165,2006-07-07,5.820000171661377,Time stop (5 bars),6,-0.025125565125934113,-0.02677817977381748,-3056.7805189368646,111095.13525027572
ON,2014-10-17,7.440000057220459,1.7121748051438601,0.8449997901916504,0.3136093873177085,1.3488181211607082,Hammer,2014-10-24,7.389999866485596,2014-11-28,8.600000381469727,RSI > 90,5,0.16373484937010718,0.16227187784310526,18027.616198268384,129122.7514485441
ON,2016-07-01,8.779999732971191,5.38202090850308,0.7399997711181641,0.22972990388506417,1.0522806304601535,Hammer,2016-07-08,8.8100004196167,2016-08-05,10.039999961853027,RSI > 90,4,0.1396140163055568,0.13840039525368256,17870.639818850876,146993.39126739497
ON,2020-02-28,18.65999984741211,9.259968666293986,2.879301071166992,0.3924567248041346,1.6303503576088727,Hammer,2020-03-06,18.790000915527344,2020-04-17,13.90999984741211,Time stop (5 bars),6,-0.2597126572826607,-0.2601756227676157,-38244.09707747419,108749.29418992078
ON,2021-05-14,37.45000076293945,3.9560203619759733,3.5900001525878906,0.350974447904945,1.0635941920459269,Hammer,2021-05-21,36.970001220703125,2021-07-02,37.86000061035156,Time stop (5 bars),6,0.024073555863180163,0.023799847480619044,2588.216612756869,111337.51080267764
ORCL,1990-08-03,0.32148805260658264,2.6249076689752826,0.049082159996032715,0.3999996356844639,1.0159617684789761,Hammer,1990-08-10,0.3141257166862488,1990-09-21,0.14970053732395172,Time stop (5 bars),6,-0.5234374985175958,-0.5328743797350691,-53287.437920219476,46712.56207978052
ORCL,1992-08-28,0.3411208987236023,7.87746437044801,0.03435748815536499,0.07142844751163642,1.052999822609043,Hammer,1992-09-04,0.33866679668426514,1992-09-18,0.39265716075897217,RSI > 90,2,0.15942030515923755,0.13646148723529228,6374.465687603301,53087.02776738381
ORCL,1996-04-12,2.5915372371673584,4.7087005146795065,0.2797682285308838,0.10526293363148982,1.1456657825574752,Hammer,1996-04-19,2.5915372371673584,1996-05-31,2.9706966876983643,Time stop (5 bars),6,0.14630677309712925,0.14217375558755044,7547.582103121949,60634.60987050576
ORCL,1999-04-09,5.1435017585754395,5.671395342968097,1.1305761337280273,0.14285720310924974,1.480516212179163,Hammer,1999-04-16,5.0441107749938965,1999-05-28,5.205621719360352,Time stop (5 bars),6,0.032019706063384445,0.030007451038076772,1819.490085082598,62454.09995558836
ORCL,2011-08-12,22.275663375854492,4.11455362962559,1.8136100769042969,0.2914800800122837,1.1837341046953371,Hammer,2011-08-19,22.30006217956543,2011-09-30,23.63383674621582,Time stop (5 bars),6,0.059810351913394566,0.05934861584305078,3706.5643823811442,66160.6643379695
ORCL,2019-08-16,48.60483169555664,8.505945003004413,2.0679092407226562,0.285087347119482,1.029010618673405,Hammer,2019-08-23,49.17622756958008,2019-10-04,49.203433990478516,Time stop (5 bars),6,0.0005532433503554479,0.00034985749133828686,23.146804027409665,66183.81114199692
ORCL,2025-03-14,147.25830078125,2.5812866467250046,14.620269775390625,0.21929773293228438,1.070465859716026,Hammer,2025-03-21,148.37306213378906,2025-05-02,138.26283264160156,Time stop (5 bars),6,-0.06814060009808942,-0.06820569932408412,-4514.113118358897,61669.69802363802
ORLY,1994-04-22,0.21875108778476715,8.601487293931541,0.029166802763938904,0.35714289363532653,1.9552455454968856,Hammer,1994-04-29,0.21875108778476715,1994-06-10,0.22291778028011322,Time stop (5 bars),6,0.01904764240279233,-0.0011315188329066351,-113.15188317751165,99886.84811682248
ORLY,2011-08-05,3.890019178390503,3.9151448702707654,0.22466778755187988,0.3768551189876104,1.3241312661440356,Hammer,2011-08-12,3.827352285385132,2011-09-02,4.291354656219482,RSI > 90,3,0.12123325375773697,0.11846571949184088,11833.16731809844,111720.01543492093
ORLY,2017-02-03,17.322751998901367,2.8557401203087522,0.6956710815429688,0.39626355790004714,1.0483615110776454,Hammer,2017-02-10,17.270084381103516,2017-03-24,18.3327579498291,Time stop (5 bars),6,0.06153262168703333,0.060935943669083455,6807.764560443711,118527.77999536463
OXY,1996-07-19,4.613601207733154,7.127390520486358,0.4987678527832031,0.3499998087939487,1.861759914722397,Hammer,1996-07-26,4.613601207733154,1996-09-06,4.688416004180908,Time stop (5 bars),6,0.016216138560557036,0.01403342560497136,1403.3425590937936,101403.3425590938
OXY,1998-08-14,4.762142181396484,9.412075689129821,0.29679059982299805,0.22727280030204927,1.0768000181555195,Hammer,1998-08-21,4.748651504516602,1998-10-02,4.919647693634033,RSI > 90,6,0.036009420559666605,0.033867899017095415,3434.3181623530045,104837.66072144681
OXY,2002-07-26,6.43060827255249,1.277470978728914,0.552670955657959,0.10280362542977563,1.4317081149726039,Hammer,2002-08-02,6.520998477935791,2002-08-23,7.437811851501465,RSI > 90,3,0.14059401741432231,0.1389539664515068,14567.608776174762,119405.26949762156
OXY,2003-07-18,8.683414459228516,6.185691858376018,0.7641410827636719,0.3496505503831465,2.248563568815184,Hammer,2003-07-25,8.723492622375488,2003-09-05,9.172358512878418,Time stop (5 bars),6,0.05145483694817399,0.050279688543001876,6003.659754729955,125408.92925235152
OXY,2011-08-12,52.88359451293945,4.283139685170127,4.914348602294922,0.25284432497300635,1.1146891058862476,Hammer,2011-08-19,53.22529602050781,2011-09-30,45.5135498046875,Time stop (5 bars),6,-0.14488874261683693,-0.14506299594586866,-18192.1949775174,107216.73427483412
OXY,2014-10-17,59.86506652832031,1.922355194118083,6.741252899169922,0.3909547363340103,2.592341931383861,Hammer,2014-10-24,59.71601104736328,2014-12-05,54.60297393798828,Time stop (5 bars),6,-0.08562254945863068,-0.08578282617003988,-9197.354469620099,98019.37980521402
OXY,2017-05-05,47.26155471801758,7.989762001302452,3.442890167236328,0.2727268698208265,1.5263724333827935,Hammer,2017-05-12,47.152008056640625,2017-06-23,48.86552429199219,RSI > 90,6,0.036340260064708696,0.036124349392680964,3540.886319796562,101560.26612501059
PANW,2016-02-12,20.62331199645996,1.5694814963710115,2.5083141326904297,0.15946950715508346,1.0123473729497379,Hammer,2016-02-19,21.22831153869629,2016-03-18,26.09164047241211,RSI > 90,4,0.22909636147230272,0.22857145598184014,22857.145575326867,122857.14557532687
PANW,2018-10-12,35.3249626159668,5.803630225434048,2.751659393310547,0.2943669411130258,1.4071848392963424,Hammer,2018-10-19,35.304962158203125,2018-11-30,28.08830451965332,Time stop (5 bars),6,-0.20440915943236637,-0.2046634206565108,-25144.363640396943,97712.78193492992
PANW,2022-05-13,81.83491516113281,3.1372679897771576,8.249160766601562,0.17759337941648154,1.0257668184613804,Hammer,2022-05-20,81.96991729736328,2022-07-01,85.70323944091797,Time stop (5 bars),6,0.045545027574094954,0.045420261054346205,4438.140059392781,102150.92199432269
PAYX,1996-12-20,4.338285446166992,0.7300987107351915,0.7682380676269531,0.3529413225151324,1.8846218068856802,Hammer,1996-12-27,4.349583148956299,1997-02-07,4.414502143859863,Time stop (5 bars),6,0.014925337136994843,0.012611768572320735,1261.1768559708967,101261.17685597089
PAYX,1999-05-28,9.204816818237305,4.452740702675271,1.087489128112793,0.2500002192376668,1.2272723717455352,Hammer,1999-06-04,9.088299751281738,1999-07-16,10.253466606140137,RSI > 90,6,0.12820515242073438,0.12703494731882928,12863.70825447721,114124.8851104481
PAYX,2006-06-02,19.095470428466797,0.6416402383755297,0.9636974334716797,0.3915349674916626,1.091257380129014,Hammer,2006-06-09,19.57986831665039,2006-07-21,18.718149185180664,Time stop (5 bars),6,-0.044010466134592696,-0.044509828576617075,-5079.679067512485,109045.2060429356
PAYX,2011-08-12,16.489835739135742,1.9037061557950494,1.051487922668457,0.2823525143642325,1.3545126836957868,Hammer,2011-08-19,16.60735511779785,2011-09-30,16.279537200927734,Time stop (5 bars),6,-0.019739321195028747,-0.02033534164630229,-2217.471517557051,106827.73452537855
PAYX,2015-07-02,33.83552169799805,6.366886728099303,2.7057018280029297,0.1679779664971764,2.3545022174851455,Hammer,2015-07-10,33.72544860839844,2015-08-21,34.490074157714844,Time stop (5 bars),6,0.022672064594153385,0.022372235782494615,2389.975262521534,109217.7097879001
PCAR,1994-06-17,0.8957364559173584,3.1420605351476496,0.06815385818481445,0.35714323195432696,1.1110352818729068,Hammer,1994-06-24,0.8908683657646179,1994-07-29,0.9784947037696838,RSI > 90,5,0.09836058992829733,0.08664926787409488,8664.92677874456,108664.92677874456
PCAR,2015-10-02,23.107728958129883,3.4023277398930105,1.4026203155517578,0.34810036212718104,1.1068977320177318,Hammer,2015-10-09,23.320785522460938,2015-11-20,22.282751083374023,Time stop (5 bars),6,-0.04451112669799018,-0.044930295619744036,-4882.347278784486,103782.57949996008
PCAR,2016-07-01,24.0292911529541,4.932989497642396,1.9839000701904297,0.3528042033005331,1.3222462478328687,Hammer,2016-07-08,23.94585609436035,2016-07-29,25.42914581298828,RSI > 90,3,0.06194348252920756,0.06151302954781825,6383.98087294586,110166.56037290594
PCG,1992-09-18,12.151346206665039,4.418646526967663,0.3827199935913086,0.3750009344373815,1.0618873641160262,Hammer,1992-09-25,12.199186325073242,1992-11-06,12.151346206665039,Time stop (5 bars),6,-0.003921582729651152,-0.004739367039109575,-473.9367034370209,99526.06329656298
PCG,1994-05-13,9.878881454467773,0.07482040283949232,0.6759233474731445,0.23077020756056024,1.1185263292742136,Hammer,1994-05-20,9.878881454467773,1994-07-01,9.86133098602295,Time stop (5 bars),6,-0.0017765643332916525,-0.0027874138891427922,-277.420330887124,99248.64296567584
PCG,2008-09-26,26.682058334350586,9.65550952218075,1.835103988647461,0.39040642412664495,1.2706481948257504,Hammer,2008-10-03,26.41078758239746,2008-11-14,25.443944931030273,Time stop (5 bars),6,-0.03660786897591717,-0.036979501304671286,-3670.165318365899,95578.47764730995
PCG,2017-10-20,57.03322219848633,5.707875889774229,9.531818389892578,0.229576153125474,3.189956573510017,Hammer,2017-10-27,56.91493606567383,2017-12-08,53.50437545776367,Time stop (5 bars),6,-0.059923823932170106,-0.06009424543210198,-5743.7164880204,89834.76115928956
PCG,2021-01-29,11.26667308807373,2.577187737323129,1.1483526229858398,0.30901269375942064,1.291150855809245,Hammer,2021-02-05,11.26667308807373,2021-03-19,11.444100379943848,Time stop (5 bars),6,0.01574797550999607,0.014853810127554818,1334.388483779935,91169.1496430695
PCG,2025-01-17,16.825590133666992,6.225065880437597,1.5233049392700195,0.3051948255213012,1.5712234851921956,Hammer,2025-01-24,16.954179763793945,2025-03-07,16.123287200927734,Time stop (5 bars),6,-0.04900812510202357,-0.049583327411943975,-4520.469792100361,86648.67985096913
PEG,1994-05-13,3.0082383155822754,9.672295482146566,0.2423698902130127,0.3529416972514517,1.6680129023852412,Hammer,1994-05-20,2.99398136138916,1994-07-01,2.9370789527893066,Time stop (5 bars),6,-0.01900559881022501,-0.022308377591537837,-2230.837756922946,97769.16224307707
PEG,2001-09-28,8.064003944396973,2.8746702127199057,0.5287566184997559,0.16129023530886485,1.1441632759743448,Hammer,2001-10-05,8.111383438110352,2001-11-16,7.978720188140869,Time stop (5 bars),6,-0.016355194028453868,-0.01757719445579776,-1718.5075748084982,96050.65466826857
PEP,1990-08-03,5.066858291625977,9.140108910865521,0.4075455665588379,0.34688920479474894,1.7321092924979062,Hammer,1990-08-10,4.742379665374756,1990-09-21,4.8614726066589355,Time stop (5 bars),6,0.025112485648018712,0.022979611696080312,2297.96116731007,102297.96116731007
PEP,1998-09-04,15.169365882873535,0.5025184763879622,2.635486602783203,0.3720933682840795,1.74811554387201,Hammer,1998-09-11,16.150012969970703,1998-10-16,15.878056526184082,RSI > 90,5,-0.016839394760381654,-0.01745318585077762,-1785.4253266232695,100512.53584068682
PEP,2002-07-05,24.909652709960938,3.620995172679642,1.3878974914550781,0.38432890176429035,1.3342564642514343,Hammer,2002-07-12,25.142696380615234,2002-08-23,22.786376953125,Time stop (5 bars),6,-0.09371784918450243,-0.09409686643561836,-9457.914650648498,91054.6211900383
PEP,2005-07-08,29.062950134277344,6.954956153253022,0.9446964263916016,0.23563224192548654,1.167868334148681,Hammer,2005-07-15,29.399566650390625,2005-08-26,29.899059295654297,Time stop (5 bars),6,0.016989796183170425,0.01664682398089923,1515.7702500822547,92570.39144012057
PEP,2014-02-07,54.99195098876953,8.650370806735594,1.5286979675292969,0.13004474233852956,1.0742447749363142,Hammer,2014-02-14,54.957672119140625,2014-03-14,56.2992057800293,RSI > 90,4,0.024410307226630845,0.02422614493710111,2242.6237176699215,94813.01515779049
PEP,2015-08-28,66.87812042236328,8.926806675128404,12.8636474609375,0.16064455441786313,4.668582001972488,Hammer,2015-09-04,66.45624542236328,2015-10-16,71.30210876464844,RSI > 90,6,0.07291810290345513,0.07276215351597903,6898.799157325202,101711.81431511568
PEP,2017-10-06,84.18746185302734,1.6319151692067067,3.6603240966796875,0.22499927047769122,1.8602143244678893,Hammer,2017-10-13,84.33234405517578,2017-11-24,87.50463104248047,RSI > 90,6,0.03761649249579935,0.03749569093894911,3813.754750585603,105525.56906570129
PEP,2026-01-09,137.22775268554688,8.135655136391605,5.6887969970703125,0.3275834783984808,1.0116883302171582,Hammer,2026-01-16,137.22775268554688,2026-02-13,166.25045776367188,RSI > 90,4,0.2114929707012665,0.21141239616904206,22309.413390972237,127834.98245667353
PFE,1999-05-28,12.541435241699219,4.7419158055201365,1.179422378540039,0.335403334966694,1.1368466176483039,Hammer,1999-06-04,12.658644676208496,1999-07-16,13.23004150390625,Time stop (5 bars),6,0.045138862991523476,0.04433137868693226,4433.1378642600885,104433.13786426009
PFE,2001-03-23,13.406801223754883,5.906552169391361,1.4682111740112305,0.2822385518706671,1.266238978395619,Hammer,2001-03-30,13.664007186889648,2001-05-04,15.367988586425781,RSI > 90,5,0.12470583308614391,0.12392863478489365,12942.25618887808,117375.39405313818
PFE,2015-08-28,19.30167007446289,8.008488864218506,3.0435867309570312,0.32038846511534635,3.4592172686318015,Hammer,2015-09-04,19.331218719482422,2015-10-16,19.638532638549805,Time stop (5 bars),6,0.01589728632875409,0.015376011379506272,1804.7653928303198,119180.15944596851
PFE,2016-01-29,18.1646671295166,3.9875600657265124,0.8489570617675781,0.36491289558703927,1.0245246165102468,Hammer,2016-02-05,18.07530403137207,2016-03-18,18.21490478515625,Time stop (5 bars),6,0.007723286620345826,0.007168062747136495,854.2908602681437,120034.45030623667
PFG,2014-02-07,27.879840850830078,3.6255607857348906,1.5962467193603516,0.08031970634238786,1.3659607325388687,Hammer,2014-02-14,27.886249542236328,2014-03-14,30.486873626708984,RSI > 90,4,0.09325829493613935,0.0928830413477753,9288.304125489227,109288.30412548922
PFG,2014-10-17,32.24837112426758,4.084782955922705,2.2082557678222656,0.15088766084912097,1.6730635060642327,Hammer,2014-10-24,31.862905502319336,2014-11-28,35.090354919433594,RSI > 90,5,0.10129174870381252,0.10096206093243539,11033.972409286202,120322.27653477542
PFG,2016-01-22,25.779308319091797,9.70910093701093,2.458650588989258,0.21760905975837852,1.249981816551568,Hammer,2016-01-29,25.65061378479004,2016-03-11,26.652278900146484,Time stop (5 bars),6,0.03905033710929762,0.03865294838295224,4650.810739567169,124973.0872743426
PG,1991-10-25,4.365673542022705,4.0791689973233645,0.20725250244140625,0.32257960611080433,1.4673678576864075,Hammer,1991-11-01,4.372359275817871,1991-12-13,4.4459004402160645,Time stop (5 bars),6,0.016819561193181398,0.01451586684904248,1451.5866834526614,101451.58668345265
PG,1994-03-31,6.0174431800842285,2.916953071866743,0.3936643600463867,0.35714303018263654,1.380872144170733,Hammer,1994-04-08,5.862789154052734,1994-05-20,6.179535388946533,Time stop (5 bars),6,0.05402654377820215,0.052276287855697184,5303.512343577875,106755.09902703052
PG,1996-07-19,10.149477005004883,8.057775186243987,0.5756168365478516,0.2650742737475521,1.2751525638976315,Hammer,1996-07-26,10.104961395263672,1996-08-09,10.713335990905762,RSI > 90,2,0.060205533880341555,0.059186635066916994,6318.475081326966,113073.5741083575
PG,2007-03-16,35.567317962646484,3.53259059575295,1.1430511474609375,0.39899013496015273,1.1705020527085397,Hammer,2007-03-23,35.630821228027344,2007-05-04,36.77958297729492,Time stop (5 bars),6,0.03224067561945376,0.03195553547035839,3613.3266045664905,116686.90071292398
PG,2010-05-07,37.92038345336914,7.547823712918969,14.756946563720703,0.10779706057601957,7.152755412292141,Hammer,2010-05-14,38.712615966796875,2010-06-25,38.80693054199219,Time stop (5 bars),6,0.0024362749155522057,0.0021776799291469457,254.10672142279023,116941.00743434676
PG,2013-08-30,54.310482025146484,6.918412599626549,4.441623687744141,0.32810120711644747,2.408769192089227,Hammer,2013-09-06,54.575443267822266,2013-10-18,54.39415740966797,Time stop (5 bars),6,-0.003321747791669938,-0.0035046593010554673,-409.8383889697416,116531.16904537701
PGR,1996-04-12,1.7725940942764282,7.799595202116009,0.08995258808135986,0.29411710136937647,1.1967110693751792,Hammer,1996-04-19,1.7725940942764282,1996-05-31,1.9895384311676025,Time stop (5 bars),6,0.12238805126998398,0.11641821806086233,11641.821794444411,111641.8217944444
PGR,1998-09-04,4.413492202758789,0.25455135636006787,0.5117092132568359,0.2916668219753022,1.4852796840564975,Hammer,1998-09-11,4.456134796142578,1998-10-23,5.445488452911377,Time stop (5 bars),6,0.22202058555886284,0.21953016474992393,24508.747507007283,136150.56930145167
PH,1995-09-29,10.239789962768555,9.526585885807279,0.8084049224853516,0.12500088477409949,1.6168893579197134,Hammer,1995-10-06,10.239789962768555,1995-11-17,9.53243637084961,Time stop (5 bars),6,-0.06907891611945682,-0.07002130785754912,-7002.13077875278,92997.86922124721
PH,1996-07-19,9.913435935974121,4.458586783205249,1.264817237854004,0.378378398756802,2.1071172045203608,Hammer,1996-07-26,9.708330154418945,1996-09-06,10.648577690124512,RSI > 90,6,0.09684956328742,0.09577019630928156,8906.424182757317,101904.29340400452
PH,2000-06-16,17.140949249267578,9.389310117841504,3.03452205657959,0.3963962718189324,1.582101384863737,Hammer,2000-06-23,17.113611221313477,2000-08-04,15.801385879516602,Time stop (5 bars),6,-0.07667729065637618,-0.07723905430778413,-7870.991244557283,94033.30215944724
PH,2002-10-11,16.877229690551758,5.070365160705322,1.6936254501342773,0.2895452715391394,1.154077626790262,Hammer,2002-10-18,16.845447540283203,2002-10-25,18.89323616027832,RSI > 90,1,0.12156332534936554,0.12093379805631373,11371.804362547118,105405.10652199434
PH,2006-06-16,35.63558578491211,6.4559236143484355,2.0204505920410156,0.22037802393660708,1.0722485332708755,Hammer,2006-06-23,35.764854431152344,2006-08-04,34.496089935302734,Time stop (5 bars),6,-0.035475175728507224,-0.03574978193749415,-3768.2095694914306,101636.89695250292
PH,2012-07-13,58.608787536621094,6.128341467955465,4.584014892578125,0.3979230605356537,1.0887293233125215,Hammer,2012-07-20,57.47467803955078,2012-08-31,65.31269073486328,Time stop (5 bars),6,0.13637332061118856,0.13618748333847971,13841.673196452102,115478.57014895501
PH,2022-02-25,282.15081787109375,3.3777399467153657,20.69805908203125,0.19304694250067087,1.1734040370947418,Hammer,2022-03-04,277.691162109375,2022-04-14,259.3412780761719,Time stop (5 bars),6,-0.06608018740609256,-0.0661150081936379,-7634.866603952883,107843.70354500214
PHM,1990-08-24,0.6298931837081909,2.2294102996086878,0.08165282011032104,0.14285714285714285,1.173793508517472,Hammer,1990-08-31,0.6648872494697571,1990-10-12,0.6559367775917053,Time stop (5 bars),6,-0.013461638623976757,-0.02828904698970138,-2828.904696141233,97171.09530385876
PHM,1991-06-21,1.2745311260223389,8.921110525343352,0.15341579914093018,0.2307689916818512,1.221282080487732,Hammer,1991-06-28,1.2627298831939697,1991-08-09,1.2627298831939697,Time stop (5 bars),6,0.0,-0.007888115703958636,-766.4968420707328,96404.59846178802
PHM,2004-04-23,19.86272430419922,3.0966855690224833,1.4225845336914062,0.3815020299151029,1.0152267426768329,Hammer,2004-04-30,19.920284271240234,2004-06-10,21.42098617553711,Time stop (5 bars),6,0.07533536589452705,0.07481458653257571,7212.470166545185,103617.0686283332
PKG,2006-05-26,11.08285903930664,9.422984320546192,0.5051860809326172,0.30927687143919685,1.0045544745551378,Hammer,2006-06-02,11.08285903930664,2006-07-14,11.599711418151855,Time stop (5 bars),6,0.04663529302431235,0.04571237576599904,4571.237572028667,104571.23757202868
PKG,2007-08-10,13.577176094055176,6.252064633282586,1.9568719863891602,0.20505582795506083,2.255115348442192,Hammer,2007-08-17,13.71459674835205,2007-09-28,15.442580223083496,RSI > 90,6,0.1259959374991526,0.125221134865921,13094.529030008744,117665.76660203742
PKG,2008-01-25,13.666748046875,1.7309228442637306,3.225935935974121,0.21391316070086108,2.872250368092624,Hammer,2008-02-01,13.33012866973877,2008-03-14,12.830810546875,Time stop (5 bars),6,-0.03745786220333269,-0.03819371642206647,-4494.092917689184,113171.67368434824
PKG,2011-03-18,17.439472198486328,8.77803141265386,1.0480308532714844,0.21341474511802283,1.125186594410657,Hammer,2011-03-25,17.65674591064453,2011-05-06,18.2574462890625,Time stop (5 bars),6,0.03402101278785641,0.03344518607653393,3785.0476811807575,116956.72136552898
PKG,2014-08-15,46.31382751464844,7.688505555547678,2.4913291931152344,0.30762210853990357,1.2226225623191065,Hammer,2014-08-22,46.524757385253906,2014-09-12,49.54813003540039,RSI > 90,3,0.06498416800137363,0.06476226869606404,7574.382607310699,124531.10397283967
PKG,2020-03-13,70.13682556152344,7.256690216599097,15.61446762084961,0.29130329306449,2.780924201268335,Hammer,2020-03-20,61.723060607910156,2020-05-01,71.8993911743164,Time stop (5 bars),6,0.16487080300587187,0.1646954475207259,20509.705878547175,145040.80985138688
PLD,2000-10-27,9.05318546295166,7.668237278329684,0.2420644760131836,0.10000275782730485,1.0362261173854896,Hammer,2000-11-03,9.004773139953613,2000-12-15,9.633649826049805,RSI > 90,6,0.06983814875978434,0.06868948601511367,6868.948594642417,106868.94859464242
PLD,2004-05-14,14.05224323272705,7.693304059277423,0.9580001831054688,0.30693175754776336,1.310590800180877,Hammer,2004-05-21,13.957391738891602,2004-06-04,15.626777648925781,RSI > 90,2,0.11960586485385494,0.11884682374381722,12701.035084613497,119569.98367925592
PLD,2011-08-12,17.601688385009766,4.011397688613414,2.016331672668457,0.18867915604246746,1.270300490919082,Hammer,2011-08-19,17.677776336669922,2011-09-30,16.56525421142578,Time stop (5 bars),6,-0.06293337488020923,-0.06348110182880579,-7590.434302021058,111979.54937723486
PLD,2013-06-14,26.1173152923584,4.144152734561132,1.4999809265136719,0.32579200480149334,1.2564515399944114,Hammer,2013-06-21,26.415952682495117,2013-07-26,27.38652801513672,RSI > 90,5,0.03674201511137487,0.036356574427311265,4071.192817199024,116050.74219443387
PLD,2016-01-22,28.526691436767578,6.172132504755794,2.099397659301758,0.32746488790203226,1.5669585644926618,Hammer,2016-01-29,28.56365203857422,2016-03-11,30.44867515563965,Time stop (5 bars),6,0.06599377119283534,0.06563218714462685,7616.664022361263,123667.40621679515
PLD,2018-12-28,47.52272415161133,1.3703374432888467,3.087474822998047,0.136842183297235,1.2601153837824797,Hammer,2019-01-04,47.62022399902344,2019-02-01,53.43767166137695,RSI > 90,4,0.12216338298771579,0.12194058473032258,15080.075811078255,138747.4820278734
PLD,2025-04-11,92.32903289794922,5.967720406533161,13.259765625,0.2127344095227574,1.9426028112023683,Hammer,2025-04-17,93.68186950683594,2025-05-23,104.39905548095703,RSI > 90,5,0.11439978760606473,0.11428694362916915,15857.025641351705,154604.50766922507
PLTR,2021-03-05,23.950000762939453,6.520330806888509,5.719999313354492,0.34090893176125997,1.016958655303781,Hammer,2021-03-12,23.770000457763672,2021-04-23,22.149999618530273,Time stop (5 bars),6,-0.06815316819669137,-0.06855944512510513,-6855.944505654568,93144.05549434543
PM,2012-11-16,44.24501419067383,4.620040153744739,2.1411399841308594,0.3114360389604605,1.3106168044242776,Hammer,2012-11-23,44.588844299316406,2013-01-04,43.54930877685547,Time stop (5 bars),6,-0.023313802786247062,-0.023535434967579646,-2353.543494404421,97646.45650559559
PNC,1994-10-07,9.190439224243164,2.4271501770213177,0.5828084945678711,0.3846157622328875,1.3946435834465392,Hammer,1994-10-14,9.235270500183105,1994-11-25,7.454164505004883,Time stop (5 bars),6,-0.1928591041424189,-0.19383696561077188,-19383.69654169349,80616.30345830652
PNC,2001-03-23,28.654428482055664,3.278563036256344,4.265016555786133,0.36847775387203685,1.9173210905086746,Hammer,2001-03-30,29.264047622680664,2001-05-11,30.188926696777344,Time stop (5 bars),6,0.03160461895161304,0.03125756211444812,2519.8691102653456,83136.17256857187
PNC,2002-06-28,25.221309661865234,6.425646930606504,1.6740245819091797,0.22766617559427166,1.2026996045874083,Hammer,2002-07-05,25.250255584716797,2002-08-16,20.947925567626953,Time stop (5 bars),6,-0.17038758291594924,-0.17074980701044448,-14195.485407475171,68940.68716109669
PNC,2016-01-22,61.507137298583984,6.500558526875821,3.7590103149414062,0.38931319400610104,1.1659581039954072,Hammer,2016-01-29,61.4569206237793,2016-03-11,62.066680908203125,Time stop (5 bars),6,0.00992175133792661,0.00975824182415458,672.7398961686306,69613.42705726532
PNC,2020-03-13,85.07633972167969,0.9767555820793064,14.386161804199219,0.35268131540610187,1.9518027294749216,Hammer,2020-03-20,72.51131439208984,2020-05-01,82.20150756835938,Time stop (5 bars),6,0.1336369814491547,0.13348986717567463,9292.687122225172,78906.1141794905
PNR,1994-04-15,3.218888282775879,4.869996850512877,0.18660211563110352,0.3750003194210557,1.109684349791877,Hammer,1994-04-22,3.2357704639434814,1994-06-03,3.259218215942383,Time stop (5 bars),6,0.007246420059822567,0.004149553986781779,414.95539826322243,100414.95539826322
PNR,1995-10-06,4.267446994781494,6.066668311263825,0.15583372116088867,0.23076923076923078,1.243640879714858,Hammer,1995-10-13,4.267446994781494,1995-10-27,4.698987007141113,RSI > 90,2,0.1011236959445152,0.0986647728747722,9907.418757692602,110322.37415595583
PNR,1997-04-04,5.669557094573975,7.886313464750174,0.4190540313720703,0.2941171115814388,1.2477762962451995,Hammer,1997-04-11,5.718857288360596,1997-05-09,6.06672477722168,RSI > 90,4,0.06082814648462853,0.05902793725275684,6512.102172740821,116834.47632869665
PNR,1998-06-19,7.920337677001953,8.217164443192175,0.9554691314697266,0.2894732114161149,1.7704147876691287,Hammer,1998-06-26,7.895193576812744,1998-08-07,8.013774871826172,Time stop (5 bars),6,0.015019428448427963,0.013744130945362679,1605.7883399886946,118440.26466868535
PNR,1998-09-04,6.1081366539001465,1.503957030422896,1.1105704307556152,0.36363644170225007,1.777126261318036,Hammer,1998-09-11,6.1333770751953125,1998-10-23,6.713902473449707,Time stop (5 bars),6,0.09465020512144329,0.09294401293134011,11008.313479949324,129448.57814863467
PNR,1999-03-19,7.111454963684082,8.97734227948331,0.7124180793762207,0.30357170347157286,1.4044580856638562,Hammer,1999-03-26,7.111454963684082,1999-04-23,8.956108093261719,RSI > 90,4,0.2593918036460454,0.2578043617138081,33372.40803099636,162820.98617963103
PNR,2002-06-07,9.923413276672363,6.485380656958654,0.9367046356201172,0.3828310965316848,1.5512713060600478,Hammer,2002-06-14,9.888640403747559,2002-07-26,8.562911033630371,Time stop (5 bars),6,-0.13406588934255992,-0.1350088860730408,-21982.279951443677,140838.70622818737
PNR,2011-08-12,17.124847412109375,2.217534666136018,1.7886180877685547,0.18658897724449242,1.5312626050943607,Hammer,2011-08-19,17.24478530883789,2011-09-30,16.676389694213867,Time stop (5 bars),6,-0.032960434383182635,-0.033530597875191186,-4722.406019077129,136116.30020911025
PNR,2012-06-29,20.293062210083008,4.50674511405937,1.261688232421875,0.22268884696321023,1.0384591247877792,Hammer,2012-07-06,20.399085998535156,2012-08-03,23.822856903076172,RSI > 90,4,0.16783942696191745,0.16730820017059808,22773.373179093665,158889.67338820393
PNW,1996-03-15,7.504192352294922,3.1807514962781056,0.38039684295654297,0.363636477593231,1.4916659811108703,Hammer,1996-03-22,7.504192352294922,1996-05-03,7.504841327667236,Time stop (5 bars),6,8.648170807035171e-05,-0.0012452770136894122,-124.52770124441352,99875.47229875559
PNW,1998-08-07,12.773268699645996,6.170125596752612,0.6396036148071289,0.20588274762812875,1.428547520568681,Hammer,1998-08-14,12.698020935058594,1998-09-25,13.017823219299316,Time stop (5 bars),6,0.025185206881945366,0.024388079483181162,2435.770954406539,102311.24325316212
PNW,1999-09-24,11.30408000946045,8.778285240854515,0.5826845169067383,0.13333300599519796,1.2533406430770766,Hammer,1999-10-01,11.28465747833252,1999-11-12,11.334894180297852,Time stop (5 bars),6,0.004451770207628325,0.0035640321278616566,364.6405576310983,102675.88381079322
PNW,2001-07-27,14.006628036499023,8.933194585664339,1.1304759979248047,0.32551312226355883,1.2276595268801866,Hammer,2001-08-03,14.048439025878906,2001-09-10,14.750860214233398,Time stop (5 bars),6,0.04999994569222599,0.04927058687054631,5058.9010477509055,107734.78485854412
PNW,2001-09-28,13.279119491577148,1.272317800583906,0.9198389053344727,0.254546038914653,1.1997991760698508,Hammer,2001-10-05,13.279119491577148,2001-11-16,14.58734130859375,RSI > 90,6,0.09851721101285338,0.09772735165772516,10528.63519511167,118263.4200536558
PNW,2003-02-14,10.703822135925293,3.357510767712583,0.8644838333129883,0.3775936951516696,1.08225694728015,Hammer,2003-02-21,10.721757888793945,2003-03-28,11.66515827178955,RSI > 90,5,0.08798933838840162,0.08701607630864043,10290.818773618892,128554.23882727469
PNW,2014-08-08,33.8693962097168,3.3912966982844353,1.1805381774902344,0.18716454853605022,1.0619586551778488,Hammer,2014-08-15,33.88201904296875,2014-09-05,36.0095100402832,RSI > 90,3,0.06279115169070648,0.06248678866174315,8032.9415451382265,136587.1803724129
PNW,2023-10-06,64.44406127929688,7.796508026843895,3.3620262145996094,0.25827636483289557,1.0770543707573195,Hammer,2023-10-13,64.07891082763672,2023-11-24,64.44085693359375,Time stop (5 bars),6,0.005648443478239118,0.00549195736358304,750.1309702671867,137337.31134268007
PODD,2008-08-01,13.859999656677246,1.398881848109383,2.2300004959106445,0.3677132135182235,1.0519627377135574,Hammer,2008-08-08,13.859999656677246,2008-09-19,15.75,Time stop (5 bars),6,0.1363636645122297,0.1355932484583484,13559.324832275513,113559.32483227552
PODD,2012-11-09,20.309999465942383,9.684475816676482,2.5799999237060547,0.2984497986564281,1.9436963317611031,Hammer,2012-11-16,20.309999465942383,2012-11-30,22.1299991607666,RSI > 90,2,0.0896110163801902,0.08909671387679041,10117.762662504992,123677.08749478053
PODD,2016-11-04,35.22999954223633,9.637606591573586,6.690000534057617,0.32137538927442927,2.0107583793693413,Hammer,2016-11-11,35.90999984741211,2016-12-23,37.61000061035156,Time stop (5 bars),6,0.04734059510339894,0.04705556926408359,5819.695751171075,129496.7832459516
PODD,2020-03-06,179.3000030517578,8.802973418385065,13.160003662109375,0.37385993919675714,1.0016630693159299,Hammer,2020-03-13,169.77000427246094,2020-04-24,199.2100067138672,Time stop (5 bars),6,0.17341109560295753,0.1733470870315865,22447.890133198576,151944.67337915016
PODD,2025-10-03,309.114990234375,5.839417139210212,31.58001708984375,0.3320142557019909,1.4984344662116043,Hammer,2025-10-10,310.8999938964844,2025-11-21,331.42999267578125,Time stop (5 bars),6,0.0660340919341813,0.06600086580188215,10028.479986979626,161973.1533661298
PPG,1991-03-22,4.931306838989258,3.2953550011500568,0.40123462677001953,0.32258007011705986,1.2283799622906946,Hammer,1991-03-28,4.983078956604004,1991-05-10,5.026607990264893,Time stop (5 bars),6,0.008735369043912256,0.006721832984719945,672.1832977998113,100672.1832977998
PPG,1998-09-04,13.41478443145752,5.113909377389021,1.3526182174682617,0.3294122706886936,1.3242624449986797,Hammer,1998-09-11,13.49435043334961,1998-10-16,14.401400566101074,RSI > 90,5,0.06721702813570074,0.06645135535820589,6689.80302031873,107361.98631811854
PPG,2004-03-12,17.398359298706055,5.6315735081616225,1.0344314575195312,0.3965021941955231,1.5778409542189409,Hammer,2004-03-19,17.383281707763672,2004-04-30,18.719297409057617,RSI > 90,6,0.07685635680041125,0.0762591568033945,8187.334541169962,115549.32085928849
PPG,2005-09-30,18.628990173339844,1.8156736284090584,0.8497772216796875,0.34074177156093444,1.0993253409948103,Hammer,2005-10-07,18.660465240478516,2005-11-18,19.00124740600586,RSI > 90,6,0.01826225451164598,0.017721613753832393,2047.7204317382386,117597.04129102672
PPG,2021-07-23,146.87327575683594,7.255442055791974,14.234664916992188,0.33058486433990114,2.001689644341408,Hammer,2021-07-30,148.0452423095703,2021-09-10,135.251953125,Time stop (5 bars),6,-0.0864147269104324,-0.08647935312256283,-10169.716049805585,107427.32524122113
PPG,2022-03-11,109.6010513305664,0.33115243266365724,11.016624450683594,0.2627220352763317,1.316534358987932,Hammer,2022-03-18,111.18722534179688,2022-04-29,120.76808166503906,Time stop (5 bars),6,0.08616867894481595,0.08607486983754534,9246.793027886964,116674.11826910809
PPL,1990-07-27,1.7434430122375488,3.7113363107139605,0.05251336097717285,0.20000045401508237,1.2870878266658239,Hammer,1990-08-03,1.7434430122375488,1990-09-14,1.6854643821716309,Time stop (5 bars),6,-0.03325524818359715,-0.03887952286127027,-3887.9522822390754,96112.04771776093
PPL,1999-12-03,3.4848270416259766,2.238851703952065,0.19940447807312012,0.3809530072468533,1.018456664961137,Hammer,1999-12-10,3.456340789794922,2000-01-21,3.524092674255371,Time stop (5 bars),6,0.019602200298214578,0.016684830523108,1603.6132257960967,97715.66094355701
PPL,2008-09-12,16.26115608215332,8.622154442293578,1.1724214553833008,0.26760633265900585,1.1127149311620401,Hammer,2008-09-19,16.10841178894043,2008-10-31,11.943012237548828,Time stop (5 bars),6,-0.2585853655821888,-0.2591257274426152,-25320.64169921451,72395.01924434249
PPL,2011-08-12,12.303836822509766,3.3473053697777004,0.7003717422485352,0.3243236250890191,1.5876347774956596,Hammer,2011-08-19,12.389017105102539,2011-09-30,13.73508071899414,Time stop (5 bars),6,0.10864975021603707,0.10779907777774093,7804.116302437813,80199.13554678031
PPL,2012-11-16,14.373780250549316,6.481905180938497,0.4583091735839844,0.12087886934736106,1.2122293701728355,Hammer,2012-11-23,14.439252853393555,2013-01-04,14.333020210266113,Time stop (5 bars),6,-0.007357211914359896,-0.008046982028574312,-645.3610018067754,79553.77454497354
PPL,2013-06-14,15.218929290771484,4.102574638674582,0.5328969955444336,0.3333333333333333,1.1303574300587715,Hammer,2013-06-21,15.255500793457031,2013-08-02,16.326520919799805,Time stop (5 bars),6,0.07020550428617378,0.06952721543697234,5531.15241608155,85084.92696105508
PPL,2014-08-08,18.066328048706055,3.6372091344690034,0.7992973327636719,0.17123241906925468,1.3735577978685414,Hammer,2014-08-15,18.142972946166992,2014-09-05,18.903947830200195,RSI > 90,3,0.04194322982739007,0.04138064820026171,3520.8694261995142,88605.7963872546
PPL,2018-12-28,20.66970443725586,8.773716490930653,1.0207271575927734,0.2571423232521419,1.030386489944195,Hammer,2019-01-04,20.69157600402832,2019-02-01,22.39400291442871,RSI > 90,4,0.08227632878563496,0.08177328027935551,7245.58661510489,95851.38300235948
PPL,2022-10-14,21.58832359313965,2.968462622544763,1.418661117553711,0.357143913512874,1.0491674103604374,Hammer,2022-10-21,21.92316246032715,2022-11-18,24.055561065673828,RSI > 90,4,0.09726692529900904,0.09678871219540465,9277.331913669539,105128.71491602903
PRU,2003-03-14,13.962959289550781,1.6593762617079193,1.4370841979980469,0.20462050365918724,1.6407102890134801,Hammer,2003-03-21,13.88707447052002,2003-05-02,14.968443870544434,Time stop (5 bars),6,0.07786876943160226,0.07712090820546177,7712.090812834087,107712.09081283408
PRU,2004-10-22,21.307096481323242,4.609482051051629,1.3605365753173828,0.32155449290844274,1.441965768622729,Hammer,2004-10-29,21.249404907226562,2004-11-12,23.874332427978516,RSI > 90,2,0.12352946034075796,0.12302990990177616,13251.8088147831,120963.89962761718
PRU,2011-03-18,32.79021453857422,6.147554048396756,3.174640655517578,0.279386407085686,1.7132621843414544,Hammer,2011-03-25,33.33103942871094,2011-05-06,34.51003646850586,Time stop (5 bars),6,0.03537234541744749,0.03506706434922538,4241.848847933043,125205.74847555024
PRU,2014-02-07,49.14158630371094,3.1077286438090397,3.091838836669922,0.26294282467640623,1.5119519557100278,Hammer,2014-02-14,49.100341796875,2014-03-14,52.2264518737793,RSI > 90,4,0.06366778646545512,0.06345765985692818,7945.263790948307,133151.01226649855
PRU,2014-10-17,48.660888671875,4.244699545120682,4.208152770996094,0.2624820739306454,1.7464518495481536,Hammer,2014-10-24,48.450782775878906,2014-12-05,51.30207443237305,Time stop (5 bars),6,0.05884923819876131,0.05863679201378042,7807.548204887455,140958.56047138598
PRU,2016-01-22,43.475120544433594,4.6374666253909,4.032047271728516,0.259259189178194,1.3507561053997994,Hammer,2016-01-29,43.2573356628418,2016-03-11,44.525028228759766,Time stop (5 bars),6,0.029305840188555976,0.02907130525082126,4097.849335082161,145056.40980646812
PSA,1998-03-06,10.233548164367676,5.676898776527807,0.4575977325439453,0.18181799235556223,1.0625394934311727,Hammer,1998-03-13,10.191947937011719,1998-04-09,10.874229431152344,RSI > 90,4,0.06694318871694227,0.06592967800693118,6592.96779410015,106592.96779410016
PSA,1998-08-07,8.551538467407227,4.232821759517435,0.9924006462097168,0.3617021787753788,2.2028621502140795,Hammer,1998-08-14,8.551538467407227,1998-09-25,8.418578147888184,Time stop (5 bars),6,-0.01554811687111024,-0.0167077282552511,-1780.9263380436314,104812.04145605651
PSA,2018-08-03,154.3839111328125,7.9010764993845015,12.265289306640625,0.23941240430047597,1.9639032448155238,Hammer,2018-08-10,154.3839111328125,2018-09-21,150.6775665283203,Time stop (5 bars),6,-0.02400732419133822,-0.024071318187452072,-2522.96399724219,102289.07745881432
PSA,2025-04-11,266.4796142578125,9.963139709859291,27.699249267578125,0.18531172292372933,1.8755709566070593,Hammer,2025-04-17,268.2096252441406,2025-05-23,292.249267578125,RSI > 90,5,0.08963005079367314,0.08959109635468818,9164.190585480606,111453.26804429493
PSKY,2002-07-26,14.723166465759277,2.4786332602842975,3.1075096130371094,0.37517262756025854,1.5165713408103487,Hammer,2002-08-02,15.66613483428955,2002-08-23,18.2164363861084,RSI > 90,3,0.16279073165110436,0.16210067609529386,16210.06759331932,116210.06759331931
PSKY,2004-08-13,14.101215362548828,8.025741501194446,1.405808448791504,0.19938647185361616,1.6928559282074662,Hammer,2004-08-20,14.351327896118164,2004-10-01,14.428264617919922,Time stop (5 bars),6,0.0053609479456300235,0.004662523890935734,541.8322159792756,116751.89980929859
PSKY,2016-09-23,41.12978744506836,9.019911876543219,2.4802284240722656,0.33876159876464407,1.2339868305468933,Hammer,2016-09-30,41.68722915649414,2016-10-14,44.76530075073242,RSI > 90,2,0.07383727958227149,0.07358857169095241,8591.605540579858,125343.50534987845
PSKY,2017-05-05,52.97040939331055,8.80788786768288,4.809581756591797,0.3040546381948647,2.256703536008497,Hammer,2017-05-12,53.067901611328125,2017-06-23,50.65855026245117,Time stop (5 bars),6,-0.04540129297975937,-0.0455854357953655,-5713.838309779099,119629.66704009935
PSX,2022-03-18,67.52737426757812,5.074200181391063,6.104557037353516,0.31039203935828447,1.1072379158748669,Hammer,2022-03-25,68.59052276611328,2022-05-06,74.31783294677734,Time stop (5 bars),6,0.08350002230182163,0.08334815378779296,8334.815370444481,108334.81537044447
PTC,1994-01-28,21.40625,2.8210096645038902,2.34375,0.2,1.0267681574543328,Hammer,1994-02-04,21.09375,1994-03-18,18.4375,Time stop (5 bars),6,-0.12592592592592589,-0.1263700456188163,-12637.004549244622,87362.99545075538
PTC,1997-04-04,56.40625,0.5021413325484758,7.65625,0.30612244897959184,1.3154976601122788,Hammer,1997-04-11,53.4375,1997-05-23,58.59375,Time stop (5 bars),6,0.09649122807017552,0.09629508350095904,8412.626933411768,95775.62238416713
PTC,2005-11-18,15.075000762939453,3.9117550721365717,1.3999996185302734,0.3571422732604635,1.1880751226992892,Hammer,2005-11-25,15.149999618530273,2006-01-06,15.34999942779541,Time stop (5 bars),6,0.013201307874655788,0.012537104193181207,1200.7489557963327,96976.37133996346
PTC,2011-08-12,17.969999313354492,1.5791604716726084,1.7700004577636719,0.21468981346781754,1.2536968064393588,Hammer,2011-08-19,18.09000015258789,2011-09-30,15.40999984741211,Time stop (5 bars),6,-0.14814816376838946,-0.1486598663991205,-14416.494392853972,82559.87694710947
PTC,2021-10-08,120.04000091552734,6.373824792081933,8.294998168945312,0.3562389973897256,1.0092817780404901,Hammer,2021-10-15,119.83000183105469,2021-10-29,128.5,RSI > 90,2,0.07235248298809949,0.07226601607729194,5966.273388832784,88526.15033594225
PWR,2014-10-17,30.87242317199707,1.802216006655712,2.9911346435546875,0.3409836400087743,1.8674685140338527,Hammer,2014-10-24,30.627248764038086,2014-12-05,29.215042114257812,Time stop (5 bars),6,-0.04610948442220053,-0.04642841146713096,-4642.841142070254,95357.15885792974
PWR,2014-12-05,29.440603256225586,4.45041182339024,2.324258804321289,0.19409214487998747,1.2759493295798303,Hammer,2014-12-12,29.303302764892578,2015-01-23,25.90027618408203,Time stop (5 bars),6,-0.11613116132723489,-0.1164525495791895,-11104.584258529128,84252.5745994006
QCOM,1995-09-29,1.689732313156128,8.227875329229775,0.23481297492980957,0.19607829201006827,1.3733808601915933,Hammer,1995-10-06,1.689732313156128,1995-11-17,1.735774040222168,RSI > 90,6,0.027247941409158427,0.021266914418430448,2126.6914397163537,102126.69143971636
QCOM,2006-05-26,28.961942672729492,5.784277896167239,1.8594284057617188,0.3469230958603966,1.1502068989988061,Hammer,2006-06-02,28.697681427001953,2006-07-14,24.00387191772461,Time stop (5 bars),6,-0.16356058315083566,-0.16388049044268913,-16736.572263693328,85390.11917602303
QCOM,2008-10-03,26.480365753173828,3.5804781912541728,9.524377822875977,0.31972795927199205,2.9307442034968116,Hammer,2008-10-10,25.787094116210938,2008-11-21,20.88236427307129,Time stop (5 bars),6,-0.19020095172554985,-0.19055179548412957,-16271.24050932375,69118.87866669927
RCL,2008-01-18,27.532487869262695,4.705217746116148,2.5190505981445312,0.29712472401166645,1.0301912081804945,Hammer,2008-01-25,26.41380500793457,2008-03-07,28.345346450805664,Time stop (5 bars),6,0.07312620965782357,0.07273385159904032,7273.385152630646,107273.38515263064
RCL,2014-10-17,49.85472869873047,3.123806906127797,5.589328765869141,0.16692499158823076,1.6862310682805162,Hammer,2014-10-24,50.70997619628906,2014-12-05,63.73733901977539,RSI > 90,6,0.25689940719080173,0.25667689901112156,27534.59981986833,134807.98497249896
RCL,2022-03-11,66.54689025878906,6.659804042333079,9.258026123046875,0.27941239488803987,1.0262684985324064,Hammer,2022-03-18,66.24542236328125,2022-04-29,77.8665771484375,Time stop (5 bars),6,0.17542577842476947,0.17526159639386146,23626.66262929319,158434.64760179215
REG,1995-11-22,3.5951879024505615,5.445691393721262,0.16218900680541992,0.33333382333485234,1.583619258810043,Hammer,1995-12-01,3.5951879024505615,1996-01-05,3.6762824058532715,RSI > 90,5,0.02255640194701214,0.019747442447189394,1974.744242744195,101974.74424274419
REG,2000-11-17,6.898407936096191,7.194542928756661,0.2815675735473633,0.21428474656641094,1.080835079700793,Hammer,2000-11-24,6.898407936096191,2000-12-15,7.401207447052002,RSI > 90,3,0.07288631168430793,0.07138496167654892,7279.463202464709,109254.2074452089
REG,2005-10-14,23.104427337646484,6.683821674356793,1.0065975189208984,0.2777789357400421,1.0066032638224256,Hammer,2005-10-21,23.117332458496094,2005-12-02,25.515243530273438,RSI > 90,6,0.10372784472786623,0.1032729321777366,11283.00234433842,120537.20978954733
REG,2007-11-30,31.025012969970703,8.687597030698186,2.3441524505615234,0.18326605701657675,1.1508724534311967,Hammer,2007-12-07,31.309860229492188,2008-01-18,26.579524993896484,Time stop (5 bars),6,-0.1510813271258229,-0.15137654138820902,-18246.505908280138,102290.7038812672
REG,2008-10-10,24.432491302490234,7.5607176103948035,5.869987487792969,0.3451401823000269,1.7514060048092999,Hammer,2008-10-17,25.148107528686523,2008-11-28,13.499424934387207,Time stop (5 bars),6,-0.463203148825876,-0.46350863729274266,-47412.62471630901,54878.07916495818
REG,2013-06-07,31.52813148498535,5.487607549623377,1.3226451873779297,0.35813984341990085,1.120536436359913,Hammer,2013-06-14,31.780357360839844,2013-07-26,32.9369010925293,Time stop (5 bars),6,0.03639177868762933,0.03607144379952811,1979.5315464453124,56857.6107114035
REG,2022-05-13,57.05509948730469,4.676178400458852,3.8700637817382812,0.11509156108244933,1.1544449348002492,Hammer,2022-05-20,57.1307373046875,2022-07-01,51.890018463134766,Time stop (5 bars),6,-0.09173203583218481,-0.09189903008606062,-5225.159272163633,51632.451439239856
REG,2024-02-16,55.026947021484375,7.230516938221612,2.732799530029297,0.3211909205499262,1.1242703342440081,Hammer,2024-02-23,54.93645477294922,2024-04-05,55.527950286865234,Time stop (5 bars),6,0.010766903622752011,0.010583911844327729,546.4733137929736,52178.924753032836
REGN,1999-04-09,6.322777271270752,8.077187021433858,1.301748275756836,0.23809544741249336,1.3162257670314899,Hammer,1999-04-16,6.260789394378662,1999-05-28,7.066633701324463,Time stop (5 bars),6,0.12871289164739186,0.12701421271193541,12701.421258492119,112701.42125849213
REGN,2000-11-24,22.873577117919922,8.88753456641858,5.206993103027344,0.34523825222603666,1.0346513928677918,Hammer,2000-12-01,23.446941375732422,2000-12-15,32.729671478271484,RSI > 90,2,0.3959036683627608,0.3953928569911185,44561.33689379344,157262.7581522856
REGN,2002-02-08,23.317411422729492,7.543148622195673,6.010356903076172,0.3778877479326648,1.771113833947507,Hammer,2002-02-15,23.555444717407227,2002-03-28,24.477827072143555,Time stop (5 bars),6,0.039157925728088516,0.038725175423460094,6090.027890934411,163352.78604322
REGN,2016-02-12,375.9052429199219,5.143397358400733,43.024658203125,0.3372522399832037,1.019046408622515,Hammer,2016-02-19,383.2347106933594,2016-04-01,369.9246520996094,Time stop (5 bars),6,-0.0347308274077498,-0.03475646761566347,-5677.565812362014,157675.22023085796
REGN,2017-12-01,370.4106140136719,0.6126585152795769,30.611358642578125,0.3411725766718873,1.120454196025424,Hammer,2017-12-08,372.4239807128906,2018-01-19,365.8979187011719,Time stop (5 bars),6,-0.01752320567334742,-0.017549821174516658,-2767.171915936917,154908.04831492103
RF,2005-01-21,16.567899703979492,2.709914126984259,0.8770360946655273,0.33333514563866906,1.6351687865150768,Hammer,2005-01-28,16.567899703979492,2005-03-11,17.214889526367188,Time stop (5 bars),6,0.03905080510792169,0.03843562887397073,3843.56288355351,103843.56288355352
RF,2006-06-16,18.099628448486328,2.4477056703922955,0.7610759735107422,0.3309859331416986,1.264411910963366,Hammer,2006-06-23,18.115705490112305,2006-07-28,19.251956939697266,RSI > 90,5,0.0627218989735252,0.06215273738649459,6454.161686725276,110297.72457027879
RF,2008-01-11,11.852827072143555,5.964212896996742,1.5865535736083984,0.32116851063522844,1.2746414320726585,Hammer,2008-01-18,11.974425315856934,2008-02-29,13.335155487060547,Time stop (5 bars),6,0.11363636544642253,0.11275417105490684,12436.528490727687,122734.25306100647
RF,2016-01-15,5.626267433166504,4.554333234732823,1.2487568855285645,0.38461520837716645,2.7881068202875676,Hammer,2016-01-22,5.701742172241211,2016-03-04,5.290063381195068,Time stop (5 bars),6,-0.07220228109408222,-0.07389133385020913,-9068.997658717883,113665.2554022886
RJF,1992-06-19,1.009713053703308,7.165348682993823,0.11520218849182129,0.29411746445002307,1.1282829938649421,Hammer,1992-06-26,1.0164896249771118,1992-08-07,1.1384683847427368,Time stop (5 bars),6,0.12000000469101835,0.1096230025519193,10962.300244229631,110962.30024422963
RJF,2001-03-23,6.125267028808594,1.483140934151848,1.0797085762023926,0.36538455593374236,1.4272231296941926,Hammer,2001-03-30,6.125267028808594,2001-05-11,6.5758376121521,Time stop (5 bars),6,0.07355933728674446,0.07186809012936742,7974.648586939575,118936.9488311692
RJF,2001-09-21,5.45454740524292,7.112278411368351,0.7210030555725098,0.20579701901983594,1.4012902683384,Hammer,2001-09-28,5.663534164428711,2001-10-19,6.167191505432129,RSI > 90,3,0.08892986717847795,0.08708730099947622,10357.897852461436,129294.84668363062
RJF,2002-07-26,5.341061592102051,1.298286289913122,0.6004743576049805,0.14035096078253867,1.1717735906415796,Hammer,2002-08-02,5.4253387451171875,2002-08-23,5.975246906280518,RSI > 90,3,0.10135923063942287,0.09942439809096625,12855.062294928677,142149.9089785593
RJF,2006-06-16,14.067524909973145,2.2156836599191223,1.2397994995117188,0.14741035550112921,1.5532246676805719,Hammer,2006-06-23,14.067524909973145,2006-08-04,14.289772033691406,Time stop (5 bars),6,0.01579859464550859,0.015082376835435039,2143.958492193464,144293.86747075277
RJF,2007-03-16,14.31617259979248,4.231918318099062,0.8720264434814453,0.22857195976316347,1.1840441018901195,Hammer,2007-03-23,14.415833473205566,2007-05-04,15.47927474975586,Time stop (5 bars),6,0.07376897621125345,0.07304995779249701,10540.660917913985,154834.52838866675
RJF,2007-11-23,15.218168258666992,9.34463306122646,1.5746393203735352,0.2939297898589389,1.0944261709027854,Hammer,2007-11-30,15.218168258666992,2008-01-11,15.0676851272583,Time stop (5 bars),6,-0.009888386621234035,-0.010542032294580029,-1632.2705969571225,153202.25779170965
RJF,2016-02-05,24.866897583007812,0.6223692758070882,2.446582794189453,0.26463654407763537,1.2835097209366102,Hammer,2016-02-12,24.528844833374023,2016-03-18,27.015535354614258,RSI > 90,5,0.10137821565314131,0.10094995456525946,15465.760947902494,168668.01873961216
RL,1998-10-09,14.235906600952148,9.156515209350673,2.9502038955688477,0.3968252275002562,1.628582522639296,Hammer,1998-10-16,14.610535621643066,1998-11-27,15.266136169433594,Time stop (5 bars),6,0.04487176683785399,0.04417221267173442,4417.22126275622,104417.22126275623
RL,2004-10-15,26.52199935913086,7.407172918264919,1.4528427124023438,0.3229163931585332,1.0719077916146567,Hammer,2004-10-22,26.219324111938477,2004-11-12,29.435258865356445,RSI > 90,3,0.12265513556673469,0.12225042444310265,12765.049605776265,117182.27086853248
RL,2006-05-26,42.90512466430664,5.5136618344236155,2.8176956176757812,0.3675677797904804,1.3902008100093812,Hammer,2006-06-02,42.98127746582031,2006-07-14,39.987586975097656,Time stop (5 bars),6,-0.0696510356888137,-0.06987556652494466,-8188.1775554300475,108994.09331310244
RMD,2002-06-07,5.674868583679199,2.266153134004128,0.6613106727600098,0.031250247860468434,1.0842234468413225,Hammer,2002-06-14,5.674868583679199,2002-07-26,5.207818508148193,Time stop (5 bars),6,-0.0823014786411499,-0.08398963259498354,-8398.96325109939,91601.0367489006
RMD,2003-03-07,6.400243759155273,2.5813411861312403,0.4463844299316406,0.3472219848398096,1.1727444295659981,Hammer,2003-03-14,6.365111351013184,2003-04-17,6.871427059173584,RSI > 90,5,0.07954545965324011,0.07791319190699236,7136.929147959623,98737.96589686023
RMD,2024-06-28,187.87350463867188,4.910488076744812,14.893844604492188,0.3060958955334741,1.1581624879643184,Hammer,2024-07-05,187.37295532226562,2024-08-16,212.58700561523438,Time stop (5 bars),6,0.1345661130743374,0.13450915423653265,13281.160270541117,112019.12616740134
ROK,1998-08-07,6.621345520019531,7.8899328020746395,0.5690217018127441,0.34545408836653885,1.0324408861535324,Hammer,1998-08-14,6.517886638641357,1998-09-25,6.580794334411621,Time stop (5 bars),6,0.009651548002893362,0.008111086195617713,811.1086187506626,100811.10861875066
ROK,2002-07-26,10.257601737976074,1.1604472093097797,1.066115379333496,0.2937848811569519,1.0638247899588258,Hammer,2002-08-02,10.408183097839355,2002-09-13,11.09356689453125,Time stop (5 bars),6,0.0658504745976436,0.06485853464269067,6538.460774178831,107349.56939292948
ROK,2002-10-11,9.768417358398438,1.1663817801079261,0.9665079116821289,0.16981085531995932,1.0332435815241363,Hammer,2002-10-18,9.72586727142334,2002-11-15,10.74708366394043,RSI > 90,4,0.10500003382913103,0.10391842415595694,11155.59807397818,118505.16746690767
ROK,2003-03-14,12.742369651794434,9.230243662630016,1.6993951797485352,0.31999977552618064,1.643180656893946,Hammer,2003-03-21,12.742369651794434,2003-05-02,13.434486389160156,Time stop (5 bars),6,0.0543161716602889,0.0535103912413571,6341.257868935516,124846.42533584319
ROK,2008-09-19,26.780250549316406,2.815786914357986,5.4039306640625,0.1999999294088414,1.8270025791732614,Hammer,2008-09-26,26.53399658203125,2008-11-07,18.81800079345703,Time stop (5 bars),6,-0.2907965923911918,-0.2911186097293994,-36345.11773711082,88501.30759873237
ROK,2018-10-26,140.1977081298828,2.897495304145849,9.97686767578125,0.33362239310905967,1.3177970986551988,Hammer,2018-11-02,142.2660675048828,2018-12-14,141.20635986328125,Time stop (5 bars),6,-0.0074487729940605485,-0.007518799572969087,-665.4235931151311,87835.88400561725
ROL,1992-06-26,0.6292593479156494,0.4665185423464919,0.034958839416503906,0.3333333333333333,1.5889074414003672,Hammer,1992-07-02,0.6234328746795654,1992-08-07,0.6787844300270081,RSI > 90,5,0.08878510838218534,0.07216610902249043,7216.610895032432,107216.61089503243
ROL,1993-04-30,0.802029550075531,3.354949410613571,0.03987991809844971,0.2222220561552235,1.068102739081425,Hammer,1993-05-07,0.802029550075531,1993-06-04,0.8460456728935242,RSI > 90,4,0.05488092404307032,0.04214978598343715,4519.157198575915,111735.76809360835
ROL,1996-07-26,0.812737762928009,4.788592054583148,0.06142783164978027,0.23076923076923078,1.8784574319091485,Hammer,1996-08-02,0.8080125451087952,1996-09-13,0.7706530094146729,Time stop (5 bars),6,-0.0462363312553421,-0.05825191256770183,-6508.8221871650585,105226.9459064433
ROL,2008-10-10,2.353715181350708,6.611782877251429,1.390831470489502,0.3373625412911819,4.2271666836083295,Hammer,2008-10-17,2.420964241027832,2008-11-28,2.4427082538604736,Time stop (5 bars),6,0.008981550600437593,0.004840966999441878,509.4001720757474,105736.34607851904
ROL,2011-03-18,4.524151802062988,9.177869519164744,0.24564409255981445,0.33980778525991306,1.2104952361891088,Hammer,2011-03-25,4.571850299835205,2011-04-08,4.922430038452148,RSI > 90,2,0.07668224364861209,0.0744135631067519,7868.218253723018,113604.56433224207
ROL,2011-08-12,4.334072113037109,3.967141744463376,0.43725109100341797,0.34615292339435233,1.73609798230132,Hammer,2011-08-19,4.377316474914551,2011-09-30,4.497440338134766,Time stop (5 bars),6,0.027442352845314932,0.02512914433510001,2854.7854913762803,116459.34982361835
ROL,2012-10-26,5.474785804748535,1.887341533283319,0.3264894485473633,0.28358341925929387,1.4724473079340306,Hammer,2012-11-02,5.472349643707275,2012-12-14,5.494970798492432,Time stop (5 bars),6,0.004133718833402522,0.0023042448640568066,268.35085843411673,116727.70068205245
ROL,2014-02-07,7.122328281402588,2.8065580672490427,0.5126886367797852,0.2835025753683549,2.1075668235810916,Hammer,2014-02-14,7.099733829498291,2014-03-14,7.636983394622803,RSI > 90,4,0.07567178967925847,0.07421102292888346,8662.482063089159,125390.18274514162
ROL,2026-06-05,47.099998474121094,1.243866771909552,3.4324989318847656,0.22141365556468096,1.1358496094653667,Hammer,2026-06-12,47.09000015258789,2026-06-22,44.40999984741211,End of data,2,-0.05691230190043861,-0.057118596378812475,-7162.11123092317,118228.07151421843
ROP,1995-01-27,4.5961761474609375,4.941464395513989,0.5050740242004395,0.2999999055906391,1.12474979061463,Hammer,1995-02-03,4.646683692932129,1995-03-17,4.798205852508545,Time stop (5 bars),6,0.03260866665120554,0.030423857020082417,3042.385698965856,103042.38569896585
ROP,1998-07-31,9.54135513305664,4.212199599654653,1.585892677307129,0.22950829530304662,1.5977490397275513,Hammer,1998-08-07,9.437362670898438,1998-09-18,7.227511882781982,Time stop (5 bars),6,-0.23415978225896417,-0.2350948449542276,-24224.733665387364,78817.65203357849
ROP,2002-07-12,15.527417182922363,9.742980162851183,2.2785253524780273,0.3195348917025607,1.6914342251232921,Hammer,2002-07-19,15.527417182922363,2002-08-30,15.307201385498047,Time stop (5 bars),6,-0.014182384283879412,-0.014821633665456455,-1168.206363644913,77649.44566993359
ROP,2011-08-12,66.50080871582031,5.7675782163271805,5.786659240722656,0.2104423516320377,1.5060792260524214,Hammer,2011-08-19,66.92198944091797,2011-09-30,64.50477600097656,Time stop (5 bars),6,-0.03611986822471025,-0.0362665863236552,-2816.080321556541,74833.36534837703
ROP,2012-07-13,88.6045913696289,7.754637179876227,4.87249755859375,0.3080789417644775,1.171518586595026,Hammer,2012-07-20,88.1716537475586,2012-08-10,95.4026107788086,RSI > 90,3,0.08200999668161746,0.08189193765418802,6128.249283434119,80961.61463181116
ROP,2019-10-25,321.7209167480469,1.6823966006108009,19.1318359375,0.38310799601858,1.2210066297835076,Hammer,2019-11-01,321.58624267578125,2019-11-29,344.28668212890625,RSI > 90,4,0.07058896321013108,0.07055677034091633,5712.390044294081,86674.00467610524
ROST,1997-01-24,1.0668084621429443,6.835732401362975,0.11087614297866821,0.21621627433282462,1.2897379884522888,Hammer,1997-01-31,1.0638118982315063,1997-03-14,1.3317065238952637,RSI > 90,6,0.2518251827311846,0.24129093818143188,24129.0937940141,124129.09379401409
ROST,1999-09-03,2.0202815532684326,1.691959371308613,0.15802645683288574,0.24910570283233077,1.0340031441552204,Hammer,1999-09-10,2.0141963958740234,1999-10-22,2.068963050842285,Time stop (5 bars),6,0.027190325174073493,0.02217053034550621,2752.007837968368,126881.10163198246
ROST,2022-02-25,88.1962661743164,4.040165521770746,8.902374267578125,0.29700853235885954,1.3541048290831748,Hammer,2022-03-04,86.7410659790039,2022-04-14,94.64622497558594,Time stop (5 bars),6,0.09113513775004223,0.09101460576313619,11548.033432279266,138429.1350642617
RSG,2000-10-20,4.992250919342041,9.773897523633693,0.7057108879089355,0.3703704704716203,1.1002836667310443,Hammer,2000-10-27,4.966113567352295,2000-11-24,6.325260162353516,RSI > 90,4,0.2736841549368465,0.2713972587272435,27139.725845584624,127139.72584558463
RSG,2006-05-26,17.6647891998291,3.085477295469417,0.7363929748535156,0.23529457472764853,1.211750187673526,Hammer,2006-06-02,17.62147331237793,2006-07-14,17.279434204101562,Time stop (5 bars),6,-0.01941035815865111,-0.019972180596622903,-2539.257563053883,124600.46828253075
RSG,2014-10-17,31.093238830566406,3.614550601129352,1.1721000671386719,0.2916659886284861,1.6078822038174154,Hammer,2014-10-24,30.99556541442871,2014-10-31,31.91533660888672,RSI > 90,1,0.029674283471204044,0.029346922622081183,3656.6402977058706,128257.10858023661
RSG,2022-01-28,120.05562591552734,6.882157302398582,5.282905578613281,0.23698481170236887,1.1325830177762164,Hammer,2022-02-04,119.1925277709961,2022-03-18,120.7669677734375,Time stop (5 bars),6,0.013209217321629163,0.013124768874796107,1683.3449049818896,129940.4534852185
RTX,1996-07-19,4.337331771850586,8.09847604412235,0.32128381729125977,0.18750009276011048,1.515536529723101,Hammer,1996-07-26,4.317251682281494,1996-08-16,4.7088165283203125,RSI > 90,3,0.09069771114939762,0.08827918272390135,8827.918263562216,108827.91826356221
RTX,2003-02-14,10.964110374450684,9.693086563196118,0.9819440841674805,0.38719245408359987,1.3753844281653647,Hammer,2003-02-21,11.026054382324219,2003-04-04,10.194232940673828,Time stop (5 bars),6,-0.07544144195260605,-0.0763137785812475,-8305.069649518518,100522.8486140437
RTX,2011-03-18,33.12153625488281,5.4645121979373386,1.7271442413330078,0.25598081104690007,1.5414203715843942,Hammer,2011-03-25,33.59257507324219,2011-05-06,37.19974899291992,RSI > 90,6,0.10738009550661065,0.10706647464395717,10762.627011511227,111285.47562555493
RTX,2011-08-12,30.100337982177734,1.3860796556957098,2.5841808319091797,0.2266877267309048,1.5021055247564647,Hammer,2011-08-19,30.416091918945312,2011-09-30,29.221778869628906,Time stop (5 bars),6,-0.03926582851271909,-0.03958809409357187,-4405.5798759067875,106879.89574964815
RVTY,1990-10-19,4.852907657623291,3.8881479961975742,0.7182302474975586,0.29729763822184807,2.558760819649504,Hammer,1990-10-26,4.814084529876709,1990-11-23,5.435256481170654,RSI > 90,4,0.1290322069417118,0.12682324775688897,12682.324763006574,112682.32476300659
RVTY,1995-01-13,4.781580448150635,6.836606171233271,0.3441781997680664,0.35724874410150265,1.3352334582210603,Hammer,1995-01-20,4.781580448150635,1995-02-17,4.99892520904541,RSI > 90,4,0.04545458625062704,0.04331793085706653,4881.165148016271,117563.48991102286
RVTY,1998-09-04,9.02602767944336,6.8891673889752525,2.274463176727295,0.21052622751653863,2.462460059455436,Hammer,1998-09-11,9.02602767944336,1998-10-23,8.906318664550781,Time stop (5 bars),6,-0.013262646553279911,-0.014362597424856178,-1688.5170757646451,115874.97283525822
SATS,2015-11-27,31.786558151245117,4.544336962327364,2.2860240936279297,0.21628488112570762,1.112194015779728,Hammer,2015-12-04,31.810880661010742,2016-01-15,28.616819381713867,Time stop (5 bars),6,-0.10040782313869423,-0.1007063520710065,-10070.635197030017,89929.36480296997
SATS,2017-08-18,46.159820556640625,9.447249900708314,4.6289520263671875,0.2802105068844915,1.9299377149637862,Hammer,2017-08-25,46.094970703125,2017-10-06,46.53273391723633,Time stop (5 bars),6,0.009496984322449054,0.009279034402560612,834.4576689727242,90763.8224719427
SBAC,2008-09-19,27.74920654296875,2.584159630301343,5.20240592956543,0.20157767439677748,1.9662918607669604,Hammer,2008-09-26,27.420921325683594,2008-11-07,19.0131778717041,Time stop (5 bars),6,-0.3066178322062594,-0.30692655149187337,-30692.65511849468,69307.34488150533
SBAC,2011-03-25,35.01707458496094,1.4836869420881698,2.170330047607422,0.205883231770014,1.2212624321063237,Hammer,2011-04-01,35.50038146972656,2011-05-13,35.09002685546875,Time stop (5 bars),6,-0.011559160698251914,-0.011839180339921828,-820.5421541127573,68486.80272739258
SBAC,2011-08-12,31.643033981323242,1.9688871279673634,2.097379684448242,0.15652159679019598,1.2097981832227767,Hammer,2011-08-19,31.706867218017578,2011-09-30,32.554935455322266,Time stop (5 bars),6,0.026747146965776736,0.02642759038889165,1809.9411677144176,70296.74389510699
SBAC,2013-02-15,62.63861846923828,3.584480888752907,2.6809959411621094,0.3163258191793764,1.2778956799634362,Hammer,2013-02-22,62.91218185424805,2013-03-15,66.69657897949219,RSI > 90,3,0.060153646141404726,0.05998992666244633,4217.096506659143,74513.84040176612
SBUX,1993-11-26,0.5186983346939087,0.7191892402145754,0.07492309808731079,0.3846154458111012,1.5085695390081624,Hammer,1993-12-03,0.5302249193191528,1994-01-14,0.4783551096916199,Time stop (5 bars),6,-0.09782605029981906,-0.11519149893632946,-11519.149882113796,88480.8501178862
SBUX,1997-01-03,1.3831955194473267,2.9486794491208457,0.1671360731124878,0.27586179842358166,1.2322519494024224,Hammer,1997-01-10,1.3889588117599487,1997-01-31,1.590674877166748,RSI > 90,3,0.14522825565374764,0.13753352236049737,12169.082965995036,100649.93308388123
SBUX,1997-04-04,1.4177753925323486,8.312964788778388,0.14984619617462158,0.23076910837779763,1.1295840032459976,Hammer,1997-04-11,1.4177753925323486,1997-05-23,1.3428523540496826,Time stop (5 bars),6,-0.05284549222486001,-0.05968829579735307,-6007.622971886873,94642.31011199436
SBUX,2020-03-13,60.746856689453125,2.6261688044018,11.720176696777344,0.37286866768173405,2.5251440654334747,Hammer,2020-03-20,52.6756591796875,2020-05-01,66.61997985839844,Time stop (5 bars),6,0.2647203831117517,0.26450543511960645,25033.4053918644,119675.71550385877
SBUX,2022-02-25,83.48397827148438,4.602637743339912,6.122886657714844,0.2150225721117603,1.1990429813625958,Hammer,2022-03-04,82.32072448730469,2022-04-14,72.93350982666016,Time stop (5 bars),6,-0.11403221629921645,-0.11414675934122707,-13660.59508294753,106015.12042091125
SBUX,2024-07-12,71.13301849365234,4.005374154139801,4.154090881347656,0.37070810031497653,1.09002935155481,Hammer,2024-07-19,71.19004821777344,2024-08-23,90.23069763183594,RSI > 90,5,0.267462235112081,0.2673029921385966,28338.15887210505,134353.2792930163
SCHW,1993-04-23,0.7449468374252319,6.855973906024133,0.0710827112197876,0.31999966458991924,1.0506966237372217,Hammer,1993-04-30,0.7477901577949524,1993-06-11,0.84220290184021,RSI > 90,6,0.12625566552474732,0.11213316642252139,11213.316631038822,111213.31663103883
SCHW,2000-09-22,24.445940017700195,9.219449672038564,3.8267135620117188,0.32941185266410805,1.2290585364369986,Hammer,2000-09-29,24.806100845336914,2000-11-10,25.30132293701172,Time stop (5 bars),6,0.01996372161680937,0.019556653076358708,2174.9602486495005,113388.27687968835
SCHW,2003-02-21,5.862163066864014,2.4662616124931986,1.1477346420288086,0.33544317470816054,1.2751591212651427,Hammer,2003-02-28,5.883955955505371,2003-04-11,6.036502838134766,Time stop (5 bars),6,0.0259259049154954,0.024205798736893696,2744.6538065282593,116132.9306862166
SCHW,2004-03-19,8.254729270935059,1.1718447244709438,1.3429441452026367,0.23369543218582298,1.9667024652240903,Hammer,2004-03-26,8.247430801391602,2004-05-07,7.502957820892334,Time stop (5 bars),6,-0.09026726000218777,-0.09142433286105728,-10617.375700569384,105515.55498564722
SCHW,2006-06-16,11.522956848144531,5.595146873875848,1.5368900299072266,0.3719806943146519,1.7410739203439722,Hammer,2006-06-23,11.604626655578613,2006-08-04,11.775391578674316,Time stop (5 bars),6,0.014715244890158852,0.013847553230185257,1461.132262815157,106976.68724846239
SCHW,2014-10-17,22.410232543945312,3.841497311052464,2.697206497192383,0.199356769932813,1.924663142522012,Hammer,2014-10-24,22.323505401611328,2014-12-05,24.40418243408203,Time stop (5 bars),6,0.09320565901448963,0.09273692955379233,9920.689499338041,116897.37674780044
SCHW,2024-01-19,61.658477783203125,9.587603884704862,5.036701202392578,0.21113257862930865,1.2842115452757885,Hammer,2024-01-26,61.72615051269531,2024-03-08,64.68236541748047,RSI > 90,6,0.047892422907162224,0.0477265510251466,5579.1086104805745,122476.48535828103
SHW,2005-09-23,11.143754005432129,4.97529857162759,1.299260139465332,0.3996100920966578,2.62905177040462,Hammer,2005-09-30,11.202005386352539,2005-11-11,10.629622459411621,Time stop (5 bars),6,-0.05109646953377245,-0.05196597189558976,-5196.597184362379,94803.40281563763
SHW,2020-03-20,130.1343536376953,5.537605753306792,41.49668884277344,0.33685416618404596,3.1386511024396566,Hammer,2020-03-27,129.5415496826172,2020-05-08,165.29617309570312,Time stop (5 bars),6,0.27600892146717726,0.27592107625142115,26158.256911029486,120961.65972666712
SHW,2021-10-01,273.0256042480469,3.902054061605938,18.531982421875,0.3266563031077503,1.7425492709776047,Hammer,2021-10-08,272.9681396484375,2021-10-29,295.017822265625,RSI > 90,3,0.08077749529885003,0.0807393820709701,9766.369650843684,130728.02937751081
SHW,2022-02-25,257.0234680175781,0.8809132286120729,15.905044555664062,0.12975642608598048,1.0821807053188097,Hammer,2022-03-04,254.58087158203125,2022-04-14,252.03244018554688,Time stop (5 bars),6,-0.010010301954926026,-0.010049384832653658,-1313.7362743153226,129414.29310319548
SHW,2024-04-26,300.4481201171875,9.031205558383206,17.098419189453125,0.33600818160887125,1.2392619103055829,Hammer,2024-05-03,301.4873352050781,2024-06-14,285.7995300292969,Time stop (5 bars),6,-0.05203470708018321,-0.052067012466845856,-6738.215605653908,122676.07749754157
SJM,1999-09-10,10.16384220123291,5.201582653887684,0.4419059753417969,0.31250053952332035,1.0170753523985285,Hammer,1999-09-17,10.16384220123291,1999-10-29,8.700028419494629,Time stop (5 bars),6,-0.14402169502008955,-0.1449342759551909,-14493.427581025662,85506.57241897435
SJM,2002-02-08,15.116517066955566,5.361867729252168,0.9650840759277344,0.11707234644710682,1.1228853933129388,Hammer,2002-02-15,15.06473159790039,2002-03-01,16.656349182128906,RSI > 90,2,0.10565190450856377,0.1049532683414797,8974.194231074587,94480.76665004894
SJM,2002-10-11,16.324386596679688,5.677639948680849,1.3005952835083008,0.22426459535421217,1.1563553742224884,Hammer,2002-10-18,16.281352996826172,2002-11-08,18.074453353881836,RSI > 90,3,0.11013214672055849,0.10948432453865815,10344.162908231025,104824.92955827995
SJM,2004-06-25,22.99409294128418,4.075078234479335,0.7949562072753906,0.23125056983679873,1.0188503945076346,Hammer,2004-07-02,23.053714752197266,2004-08-13,21.69732093811035,Time stop (5 bars),6,-0.058836236531365715,-0.059257154128970244,-6211.627001181818,98613.30255709813
SLB,2001-09-28,13.940252304077148,7.30365895120174,1.8363304138183594,0.19269064341698813,1.2130382639392243,Hammer,2001-10-05,13.78773307800293,2001-11-02,16.218887329101562,RSI > 90,4,0.17632733657843414,0.17553839673443422,17553.839655889584,117553.83965588959
SLB,2002-07-26,12.485847473144531,1.3502978119347517,1.7634334564208984,0.28846180886423295,1.427226699206996,Hammer,2002-08-02,12.562920570373535,2002-09-13,13.079442977905273,Time stop (5 bars),6,0.04111483509255209,0.04030280146150576,4737.749055951252,122291.58871184084
SLB,2002-10-11,11.354714393615723,7.470960431978568,1.3810195922851562,0.2668164717451233,1.057579941720544,Hammer,2002-10-18,11.357810974121094,2002-11-29,13.44482421875,Time stop (5 bars),6,0.1837513627744105,0.18279044237903141,22353.733577518215,144645.32228935906
SLB,2006-06-16,37.801448822021484,7.417824472077854,3.7314720153808594,0.2608693874254613,1.2129819661031507,Hammer,2006-06-23,37.704105377197266,2006-08-04,42.454429626464844,Time stop (5 bars),6,0.12598957598236726,0.1257076825835826,18183.02824336772,162828.3505327268
SLB,2011-08-12,53.64331817626953,9.504166355118144,4.498359680175781,0.31651399486778525,1.0673818710928578,Hammer,2011-08-19,54.276119232177734,2011-09-30,42.62477493286133,Time stop (5 bars),6,-0.21466796934164145,-0.21483242173834152,-34980.808837624456,127847.54169510234
SLB,2015-08-28,55.8603515625,7.8292425212666075,6.499656677246094,0.33220373202742504,2.1232541846968696,Hammer,2015-09-04,55.542457580566406,2015-10-16,56.66617202758789,Time stop (5 bars),6,0.020231629927276673,0.020049782573867525,2563.315411026949,130410.85710612929
SMCI,2021-05-14,3.625999927520752,4.231168324626282,0.31599998474121094,0.12025350837483025,1.3046848303801002,Hammer,2021-05-21,3.5919997692108154,2021-07-02,3.5930001735687256,Time stop (5 bars),6,0.0002785090262213963,-0.00250197281610181,-250.19728135998372,99749.80271864001
SNA,1992-06-26,8.344902038574219,7.077973300064315,0.48276329040527344,0.35714342155689094,1.0517826842372333,Hammer,1992-07-02,8.310419082641602,1992-08-14,8.86214828491211,Time stop (5 bars),6,0.0663900576834846,0.06514755262321825,6514.755255807071,106514.75525580706
SNA,1992-11-20,7.861930847167969,7.232308122870734,0.4211750030517578,0.3333325785605275,1.2020917896396854,Hammer,1992-11-27,7.8268327713012695,1992-12-24,8.809574127197266,RSI > 90,4,0.12556054084858226,0.12420354012926338,13229.509665543788,119744.26492135086
SNA,1996-07-26,13.443329811096191,6.628831282209816,0.6198654174804688,0.375,1.1886563210153047,Hammer,1996-08-02,13.482071876525879,1996-09-13,14.466968536376953,Time stop (5 bars),6,0.07305232228927028,0.07228378915573752,8655.569189528134,128399.83411087898
SNA,2011-08-12,35.9351806640625,1.4779281978282057,3.4808387756347656,0.237113978263657,1.529797407402709,Hammer,2011-08-19,36.22226333618164,2011-09-30,32.4830207824707,Time stop (5 bars),6,-0.10323050547688684,-0.10349229305340381,-13288.39324652313,115111.44086435586
SNA,2014-10-03,92.36082458496094,6.735092858140774,3.2162017822265625,0.21852716377972928,1.1972752571604282,Hammer,2014-10-10,92.43721771240234,2014-11-07,100.66490173339844,RSI > 90,4,0.08900834776956068,0.08889535781759572,10232.872714303052,125344.31357865891
SNA,2015-10-02,117.2362289428711,9.545734110583155,5.0130157470703125,0.25966189089071723,1.0548990427250309,Hammer,2015-10-09,118.89431762695312,2015-11-13,131.54693603515625,RSI > 90,5,0.10641903381709472,0.1063304538708066,13327.91773961559,138672.2313182745
SNPS,1995-10-13,14.125,8.858512126391716,3.875,0.3225806451612903,2.200361368277571,Hammer,1995-10-20,14.0,1995-11-10,17.5,RSI > 90,3,0.25,0.24919671545876468,24919.6715209568,124919.67152095679
SNPS,1996-06-21,20.0625,6.586608583717506,3.0,0.3958333333333333,1.3703534747884756,Hammer,1996-06-28,20.25,1996-08-09,20.0,Time stop (5 bars),6,-0.012345679012345734,-0.012836336706985986,-1603.5109633655784,123316.16055759123
SNPS,1997-02-21,18.625,5.114047831108948,2.875,0.391304347826087,1.304900460657003,Hammer,1997-02-28,18.25,1997-04-11,13.875,Time stop (5 bars),6,-0.23972602739726023,-0.24020816214735685,-29621.548260985815,93694.6122966054
SNPS,2020-03-13,129.8800048828125,6.12008668916414,18.865005493164062,0.38271927476084594,1.8849406072217072,Hammer,2020-03-20,112.58999633789062,2020-04-24,151.91000366210938,RSI > 90,5,0.34923180214178706,0.34912747993038556,32711.363841456994,126405.97613806238
SO,1994-09-16,2.4583065509796143,3.125596773968752,0.1558082103729248,0.3333338434018304,1.4344787257336136,Hammer,1994-09-23,2.4583065509796143,1994-11-04,2.769922971725464,RSI > 90,6,0.1267606029938264,0.12244372127614486,12244.372115370115,112244.3721153701
SO,2003-07-18,10.479978561401367,5.214060567566435,0.6020488739013672,0.22754532753360557,1.3640060176882915,Hammer,2003-07-25,10.454743385314941,2003-09-05,10.353890419006348,Time stop (5 bars),6,-0.009646622838228147,-0.010598057927905538,-1189.5723565705052,111054.79975879959
SO,2004-04-16,11.037775993347168,6.92594447566178,0.44823455810546875,0.2916673758744532,1.510354628403055,Hammer,2004-04-23,10.996687889099121,2004-06-04,11.05872631072998,Time stop (5 bars),6,0.005641555189754621,0.004730039804384989,525.293622801833,111580.09338160143
SO,2018-01-26,31.386756896972656,0.46570252580569615,1.1900196075439453,0.31547507424913407,1.1565916718594669,Hammer,2018-02-02,31.287586212158203,2018-03-16,31.30547523498535,Time stop (5 bars),6,0.0005717610398527917,0.00025210517192987986,28.129918597790763,111608.22330019923
SPG,1994-08-19,4.581676483154297,7.010061643057412,0.17706966400146484,0.37499932676616166,1.0518562713490673,Hammer,1994-08-26,4.6038103103637695,1994-10-07,4.621846675872803,Time stop (5 bars),6,0.003917703878552725,0.0017436963050880129,174.3696303344317,100174.36963033443
SPG,1998-08-07,7.153250217437744,5.9361779085691495,0.6376538276672363,0.22875707511719887,1.9694383634228687,Hammer,1998-08-14,7.1234450340271,1998-09-25,6.4528279304504395,Time stop (5 bars),6,-0.09414224442994545,-0.09547904210915345,-9564.552846628052,90609.81678370638
SPG,2002-10-11,10.746260643005371,9.172593080548282,0.8992824554443359,0.161290014698303,1.7468023671773163,Hammer,2002-10-18,10.717251777648926,2002-11-29,11.18566608428955,Time stop (5 bars),6,0.04370656921744742,0.042753548055662415,3873.8911523030665,94483.70793600944
SPG,2004-04-16,17.929487228393555,7.002891414794291,1.5982704162597656,0.2885468653410569,2.1509984765690366,Hammer,2004-04-23,17.830917358398438,2004-06-04,18.416854858398438,RSI > 90,6,0.03286076023026485,0.03229088184403407,3050.962246096942,97534.67018210639
SPG,2008-10-10,32.924129486083984,4.55548798794554,8.496280670166016,0.2576505815021131,2.060068590454316,Hammer,2008-10-17,33.82575607299805,2008-11-28,16.52531623840332,Time stop (5 bars),6,-0.5114575945400694,-0.5116775929347621,-49906.305216559806,47628.36496554659
SPG,2022-02-25,109.39697265625,1.3026670381795924,8.645256042480469,0.06250005515593245,1.1248501828314386,Hammer,2022-03-04,107.90127563476562,2022-04-14,100.89105987548828,Time stop (5 bars),6,-0.06496879409476286,-0.06505845668364033,-3098.627915924998,44529.73704962159
SPGI,1992-07-24,3.59804368019104,0.03293542245120307,0.24147939682006836,0.23333346497663002,1.6861288021109597,Hammer,1992-07-31,3.59804368019104,1992-09-11,3.763166666030884,Time stop (5 bars),6,0.04589243503321683,0.043053318141183065,4305.331809812975,104305.33180981298
SPGI,1996-06-28,6.736669063568115,8.325763460589044,0.5337800979614258,0.34482740138178947,2.280278508746019,Hammer,1996-07-05,6.718262672424316,1996-08-16,5.945202350616455,Time stop (5 bars),6,-0.11506848712256423,-0.1164702853303069,-12148.471745212784,92156.86006460019
SPGI,2015-01-09,77.7385025024414,8.44513668728817,2.8772201538085938,0.3975148691540956,1.0036892829845259,Hammer,2015-01-16,77.99762725830078,2015-02-20,91.20423889160156,RSI > 90,5,0.16932068445576065,0.16918163012126533,15591.24779699515,107748.10786159534
SPGI,2020-03-13,235.47914123535156,9.876565538668999,43.43217468261719,0.24759597396122993,2.6099499251291776,Hammer,2020-03-20,211.2858123779297,2020-05-01,271.88775634765625,Time stop (5 bars),6,0.28682448332748,0.2867703677590462,30898.96448591211,138647.07234750746
SRE,2001-07-27,5.946628093719482,8.900542403529542,0.5208220481872559,0.24888875460863563,1.2393465201970049,Hammer,2001-08-03,5.844778060913086,2001-09-10,6.249861717224121,Time stop (5 bars),6,0.06930693553961098,0.06753823003147692,6753.822996393868,106753.82299639388
SRE,2011-08-12,15.072367668151855,1.8897262644421318,1.1640243530273438,0.18699244941699275,2.0111125101443745,Hammer,2011-08-19,15.198549270629883,2011-09-30,15.996646881103516,Time stop (5 bars),6,0.052511433575828104,0.05183642295921486,5533.736315820495,112287.55931221436
STE,1999-03-26,20.44058609008789,9.186381581996926,2.8364696502685547,0.20634955857838638,1.2855769736545997,Hammer,1999-04-01,20.44058609008789,1999-05-14,12.966715812683105,Time stop (5 bars),6,-0.36563874658315376,-0.3660384321794032,-36603.843181336466,63396.156818663534
STE,2002-07-12,13.18282699584961,2.4471040228146848,1.923396110534668,0.3295885070955516,1.4634205009288344,Hammer,2002-07-19,13.362920761108398,2002-08-23,15.747356414794922,RSI > 90,5,0.1784367127751152,0.17762191264587118,11260.54661726806,74656.70343593159
STE,2003-04-25,15.920246124267578,5.059491664741969,2.3556203842163086,0.17431166289548336,1.6713867689505122,Hammer,2003-05-02,15.905838012695312,2003-06-13,16.784692764282227,Time stop (5 bars),6,0.055253596250977255,0.054607730334106444,4076.833124785877,78733.53656071746
STE,2011-08-12,24.730892181396484,3.7300705090423776,2.363922119140625,0.2777776881269284,1.5008662867101363,Hammer,2011-08-19,24.94430160522461,2011-09-30,23.779584884643555,Time stop (5 bars),6,-0.0466926971544116,-0.047084152461207854,-3707.101835527802,75026.43472518965
STE,2022-01-28,210.436279296875,4.174270157485992,12.414642333984375,0.39398677000907073,1.09065789033321,Hammer,2022-02-04,210.82872009277344,2022-03-11,234.3927001953125,RSI > 90,5,0.11176835913138361,0.11171827776019205,8381.824065603832,83408.25879079348
STLD,1997-10-31,3.3541905879974365,6.842102122348919,0.49326348304748535,0.27999992266410556,1.300078475018246,Hammer,1997-11-07,3.3541905879974365,1997-12-19,2.703083038330078,Time stop (5 bars),6,-0.19411763660576342,-0.19680560907426045,-19680.560887745487,80319.43911225452
STLD,2000-03-17,2.0519754886627197,3.895724518896145,0.45380210876464844,0.3478257671599635,1.7250343809002093,Hammer,2000-03-24,2.1111669540405273,2000-05-05,1.7560174465179443,Time stop (5 bars),6,-0.16822426423588543,-0.1725523153196303,-13859.305170134285,66460.13394212023
STLD,2000-05-26,1.5784425735473633,6.590296318448992,0.35514962673187256,0.22222225951770452,1.4184381438209082,Hammer,2000-06-02,1.6080384254455566,2000-07-14,1.4008678197860718,Time stop (5 bars),6,-0.12883436265030912,-0.13463448993752114,-8947.826225528868,57512.30771659136
STLD,2002-06-28,2.5996949672698975,3.2575938347149247,0.2667567729949951,0.2781065353185701,1.3654019863567681,Hammer,2002-07-05,2.572861433029175,2002-08-16,2.564969301223755,Time stop (5 bars),6,-0.003067453110418006,-0.006940687957923013,-399.17498120173343,57113.13273538963
STLD,2002-09-06,1.9193861484527588,5.122198491544026,0.2588646411895752,0.15243880536805196,1.0197190790602193,Hammer,2002-09-13,1.9004448652267456,2002-10-25,2.053553819656372,Time stop (5 bars),6,0.08056479681738038,0.07510527176161393,4289.497350959069,61402.6300863487
STLD,2003-03-14,1.7694342136383057,7.736690461109589,0.37409090995788574,0.3839661680850399,1.8963866697491345,Hammer,2003-03-21,1.7362868785858154,2003-05-02,1.807316780090332,Time stop (5 bars),6,0.04090908154669104,0.035048734504955305,2152.084477650332,63554.71456399903
STLD,2007-08-17,12.386266708374023,4.3111036000011325,1.9741430282592773,0.34782581390978623,1.4989188199741637,Hammer,2007-08-24,12.44568920135498,2007-09-28,15.360687255859375,RSI > 90,5,0.2342174874644174,0.23332026103328085,14828.602577139307,78383.31714113834
STLD,2011-08-12,9.05677318572998,5.226852511489383,0.89996337890625,0.3333333333333333,1.0029774405951428,Hammer,2011-08-19,9.149626731872559,2011-09-30,7.499693393707275,Time stop (5 bars),6,-0.18032793976368133,-0.1813217935348574,-14212.603633030129,64170.71350810821
STLD,2020-03-13,19.374221801757812,3.1939892508071495,4.291589736938477,0.34504133057840586,1.9638642925146081,Hammer,2020-03-20,16.926950454711914,2020-05-01,21.27676010131836,Time stop (5 bars),6,0.25697538716405943,0.25630890299461867,16447.525167197644,80618.23867530587
STT,1990-08-10,2.3239433765411377,3.604881692900946,0.22652149200439453,0.3703704873171245,1.6659175964113488,Hammer,1990-08-17,2.307163953781128,1990-09-28,1.9547971487045288,Time stop (5 bars),6,-0.15272724961705386,-0.1567219333577161,-15672.193320099417,84327.80667990059
STT,1999-09-03,18.976234436035156,8.667597901536766,1.799142837524414,0.3999993639142175,1.057683800219535,Hammer,1999-09-10,18.976234436035156,1999-10-22,18.18569564819336,Time stop (5 bars),6,-0.04165941301508125,-0.04217527529832318,-3556.5484584720343,80771.25822142856
STT,2001-03-23,26.95257568359375,8.28674622350691,4.196027755737305,0.2350364352998986,1.3377232656364149,Hammer,2001-03-30,27.18228530883789,2001-05-11,32.654998779296875,RSI > 90,6,0.201333824889242,0.20092897869002005,16229.286405710242,97000.54462713879
STT,2002-07-26,23.96964454650879,4.570816005619605,2.8867874145507812,0.1913970722321917,1.352149083881243,Hammer,2002-08-02,24.29246711730957,2002-09-13,25.577552795410156,Time stop (5 bars),6,0.052900583209389174,0.05247813164822485,5090.407345802092,102090.95197294088
STT,2006-06-16,38.480403900146484,7.768561240555442,2.6925811767578125,0.385922385116258,1.555655182048019,Hammer,2006-06-23,38.565364837646484,2006-08-04,39.415828704833984,Time stop (5 bars),6,0.022052530055603148,0.02179040490607874,2224.603178512816,104315.5551514537
STT,2014-10-17,49.14342498779297,3.116973502686676,3.1799545288085938,0.2729370949825217,1.5287810657188403,Hammer,2014-10-24,48.70581817626953,2014-11-14,56.65570831298828,RSI > 90,3,0.16322259710221032,0.16300054965175734,17003.492809911666,121319.04796136537
STT,2015-10-02,49.80814743041992,7.835597120244657,3.1529579162597656,0.25861887483681756,1.1640820415184214,Hammer,2015-10-09,50.31275939941406,2015-11-13,54.7874755859375,RSI > 90,5,0.08893799982227857,0.08873042519805503,10764.690699470491,132083.73866083584
STT,2016-02-05,40.587764739990234,9.80707751685918,3.3263778686523438,0.3901352079725685,1.0552263077304143,Hammer,2016-02-12,39.923980712890625,2016-03-24,43.996185302734375,Time stop (5 bars),6,0.10199896195543756,0.10173574474773173,13437.637508287262,145521.3761691231
STT,2016-07-01,40.659610748291016,3.2179912263857773,3.1243247985839844,0.20643254218745993,1.0987563602639576,Hammer,2016-07-08,40.138526916503906,2016-08-05,49.78989791870117,RSI > 90,4,0.24045154976100713,0.24017249461540158,34950.23189945432,180471.60806857745
STX,2004-04-08,7.0641374588012695,8.49229477653249,1.5150713920593262,0.3251533124458076,1.695801100968758,Hammer,2004-04-16,7.01766300201416,2004-05-28,5.791121006011963,Time stop (5 bars),6,-0.1747792670651418,-0.176078788865071,-17607.87886889922,82392.12113110078
STX,2006-06-09,11.167315483093262,8.724070636403482,1.2612152099609375,0.38697295989353336,1.2016837292743079,Hammer,2006-06-16,11.167315483093262,2006-07-28,11.065837860107422,Time stop (5 bars),6,-0.009087020344278107,-0.009978023190853799,-822.1104945676484,81570.01063653314
STX,2008-09-19,6.486842155456543,3.5137502383947776,1.3680424690246582,0.31734305381714073,1.6371674774272489,Hammer,2008-09-26,6.380831241607666,2008-11-07,3.4983513355255127,Time stop (5 bars),6,-0.4517405016585121,-0.4529527631791842,-36947.361673425774,44622.648963107364
STX,2014-10-17,31.475704193115234,0.8682493616263969,2.4193801879882812,0.3832923910404178,1.3942987050533664,Hammer,2014-10-24,31.178483963012695,2014-11-07,37.40823745727539,RSI > 90,2,0.19980937821265154,0.19945665794239212,8900.284421817661,53522.93338492502
STZ,1997-04-25,2.600722074508667,5.326515049466579,0.4356539249420166,0.3333336981773306,2.1347722141673087,Hammer,1997-05-02,2.6139237880706787,1997-05-23,3.2608039379119873,RSI > 90,3,0.24747475530599417,0.24318391880753767,24318.39185643538,124318.39185643537
STZ,1998-08-07,4.85820198059082,6.3282681041130076,0.6600813865661621,0.15999959546078102,1.737170156604729,Hammer,1998-08-14,4.752588748931885,1998-09-25,4.171716690063477,Time stop (5 bars),6,-0.12222224340344101,-0.12419569871419919,-15439.809524195789,108878.58233223959
STZ,2001-11-16,8.396240234375,6.263482491781801,1.0540189743041992,0.26853682392358436,1.5204402244117192,Hammer,2001-11-23,8.398351669311523,2001-12-28,9.082725524902344,RSI > 90,5,0.08148906863374106,0.08025058121196904,8737.569504959883,117616.15183719946
STZ,2014-10-17,71.01423645019531,8.605551325935409,4.2921142578125,0.34055132106595376,1.5917042373079653,Hammer,2014-10-24,71.49583435058594,2014-11-14,78.9901351928711,RSI > 90,3,0.10482150338348672,0.10467431478614381,12311.390089030512,129927.54192622998
SWK,2011-08-12,41.551700592041016,3.9841730037408496,3.9069175720214844,0.2534723069787878,1.3518557792028025,Hammer,2011-08-19,41.958675384521484,2011-09-30,34.93180847167969,Time stop (5 bars),6,-0.1674711331672306,-0.16768948020786048,-16768.948004017097,83231.05199598291
SWKS,1997-02-14,1.8260425329208374,2.1346534443922422,0.32607901096343994,0.39999978064956243,1.218365934058325,Hammer,1997-02-21,1.8912583589553833,1997-04-04,1.6630029678344727,Time stop (5 bars),6,-0.12068969320880363,-0.1256450050678545,-12564.500494220949,87435.49950577905
SWKS,1999-03-05,7.238954544067383,4.287441523630619,2.641240119934082,0.25925920576730943,2.12969365764752,Hammer,1999-03-12,7.190042495727539,1999-04-16,10.93179988861084,RSI > 90,5,0.5204082444723692,0.51865675499474,45349.01239966253,132784.51190544158
SYK,1997-10-31,7.27742338180542,4.714058655229351,0.6604719161987305,0.35185147749998197,1.2966158310769267,Hammer,1997-11-07,7.3875017166137695,1997-12-12,7.681045055389404,RSI > 90,5,0.03973512968741311,0.038355532354954286,3835.5532316598756,103835.55323165987
SYK,1999-09-17,11.07952880859375,7.436343346127458,0.9468631744384766,0.24675331215541396,1.2661339984042637,Hammer,1999-09-24,11.067232131958008,1999-10-29,11.95261001586914,RSI > 90,5,0.07999993795688942,0.07906065131930472,8209.306460386058,112044.85969204594
SYK,2005-03-18,37.780792236328125,9.40648960732041,2.0918655395507812,0.2813684191330671,1.1069746956298803,Hammer,2005-03-24,37.62171173095703,2005-05-06,38.6239013671875,RSI > 90,6,0.026638597504478057,0.026369289012681717,2954.543284650389,114999.40297669632
SYK,2011-08-12,40.34053421020508,1.045990569196377,3.2412033081054688,0.3051283922312637,1.4250234608102426,Hammer,2011-08-19,40.73945236206055,2011-09-30,38.728240966796875,Time stop (5 bars),6,-0.04936765907871299,-0.049607033058216676,-5704.779179435376,109294.62379726095
SYK,2022-01-28,237.61715698242188,9.959859442816608,16.750595092773438,0.3752144125301635,1.243259837636497,Hammer,2022-02-04,236.2778778076172,2022-03-18,239.37734985351562,Time stop (5 bars),6,0.013117910464821803,0.013075310723165836,1429.0611650916412,110723.68496235259
SYK,2024-08-09,322.4805603027344,5.345024604549593,15.542205810546875,0.1835448381757241,1.1501497208634286,Hammer,2024-08-16,321.7870788574219,2024-08-30,347.7710266113281,RSI > 90,2,0.08074888477861863,0.08071655413685523,8937.234302558601,119660.91926491121
SYY,1999-04-09,6.786435604095459,4.847696398763688,0.5549654960632324,0.19999965631221286,1.3474193037437598,Hammer,1999-04-16,6.738867282867432,1999-05-07,7.5792436599731445,RSI > 90,3,0.12470588035503316,0.1231305929188815,12313.059279575089,112313.0592795751
SYY,2004-08-20,17.275434494018555,5.2559477760143665,1.6163520812988281,0.3523495635058305,2.0543403365794703,Hammer,2004-08-27,17.210346221923828,2004-10-08,16.805885314941406,Time stop (5 bars),6,-0.023501032563028268,-0.024075084034883072,-2703.946337666628,109609.11294190846
SYY,2011-08-12,19.332887649536133,6.56203899456213,1.3478851318359375,0.3529405105564046,1.7854586488037127,Hammer,2011-08-19,19.213956832885742,2011-09-30,17.132665634155273,Time stop (5 bars),6,-0.10832184212927054,-0.10881398074384765,-11927.003893084046,97682.10904882442
T,2002-06-28,6.190953731536865,4.466597337136889,0.7104372978210449,0.2428567113789898,1.348445689161261,Hammer,2002-07-05,6.201102256774902,2002-08-16,5.519407272338867,Time stop (5 bars),6,-0.1099312599935377,-0.11145401023338684,-11145.401012193284,88854.59898780672
T,2008-09-26,8.188167572021484,6.6766694429802556,0.6223006248474121,0.24122740810951843,1.0331775406683823,Hammer,2008-10-03,8.087179183959961,2008-11-14,7.701931476593018,Time stop (5 bars),6,-0.04763684575346616,-0.04884317294288159,-4339.940540791895,84514.65844701482
T,2012-10-26,12.146424293518066,6.837593202801926,0.8663492202758789,0.3400812167765812,1.91767005627574,Hammer,2012-11-02,12.18851375579834,2012-12-14,11.813213348388672,Time stop (5 bars),6,-0.03079131836161153,-0.03159880040537506,-2670.561820925105,81844.09662608971
T,2017-05-19,16.909578323364258,0.1694085013905493,0.5792751312255859,0.3969450819375253,1.2082773244401728,Hammer,2017-05-26,16.909578323364258,2017-07-07,16.73270034790039,Time stop (5 bars),6,-0.010460223908686839,-0.011048337823812615,-904.2412275055601,80939.85539858416
T,2021-12-03,13.7526273727417,4.328241000595867,1.1958818435668945,0.3921575663909829,2.0617156266754,Hammer,2021-12-10,13.828836441040039,2022-01-14,15.784603118896484,RSI > 90,5,0.14142669820378284,0.14065271670294238,11384.410539969766,92324.26593855393
TAP,2007-05-18,28.633567810058594,8.835142997489626,1.2443923950195312,0.25376751172557555,1.1709024030907422,Hammer,2007-05-25,28.561655044555664,2007-07-06,29.087331771850586,Time stop (5 bars),6,0.01840498131060242,0.018051701415185552,1805.1701397133852,101805.17013971339
TAP,2008-01-25,27.774473190307617,0.8634292858499748,5.054498672485352,0.3487499872642134,2.3493142642028033,Hammer,2008-02-01,27.755517959594727,2008-02-29,33.252288818359375,RSI > 90,4,0.19804245291932965,0.1976465592879287,20121.441575715093,121926.61171542847
TAP,2015-08-28,51.0931510925293,7.831744835120858,3.2494468688964844,0.3887603410567688,1.300864715392684,Hammer,2015-09-04,51.024662017822266,2015-09-25,65.26286315917969,RSI > 90,3,0.2790454768006929,0.2788221708462066,33995.84252842245,155922.45424385095
TAP,2020-03-13,36.23140335083008,1.0832891320940234,8.240598678588867,0.3553715622480729,2.5784992835138647,Hammer,2020-03-20,31.92381477355957,2020-05-01,36.78474807739258,Time stop (5 bars),6,0.15226668048014758,0.15192963904974294,23689.24216932909,179611.69641318006
TDG,2014-10-17,109.27226257324219,2.348102883525428,6.8119354248046875,0.2440354190046749,1.7562413869786728,Hammer,2014-10-24,108.68480682373047,2014-11-21,120.25885009765625,RSI > 90,4,0.10649182357840536,0.10639491974330181,10639.491963690689,110639.4919636907
TDG,2020-03-20,251.42852783203125,0.31386630744198385,134.2874755859375,0.36590943592438024,2.9427373906355565,Hammer,2020-03-27,250.23997497558594,2020-05-08,275.9471740722656,Time stop (5 bars),6,0.10273018569150572,0.10268817225675247,11361.367197805685,122000.8591614964
TDG,2021-01-29,459.85382080078125,2.7340504252925655,46.768341064453125,0.36182655195252217,1.4279891839715966,Hammer,2021-02-05,464.9902648925781,2021-03-19,516.1802368164062,Time stop (5 bars),6,0.11008826590305931,0.1100655765508743,13428.094889884022,135428.95405138042
TDY,2000-05-26,12.6875,8.031266710241184,3.125,0.38,1.1198366741395611,Hammer,2000-06-02,13.0,2000-07-07,17.125,RSI > 90,5,0.3173076923076923,0.31641676278354486,31641.676246712814,131641.6762467128
TDY,2022-05-13,400.95001220703125,2.0116930046253145,30.6400146484375,0.14164472137783213,1.2293123133169006,Hammer,2022-05-20,398.1400146484375,2022-07-01,381.4700012207031,Time stop (5 bars),6,-0.041869726263144336,-0.04189431692988268,-5515.038100345757,126126.63814636704
TECH,1993-02-26,0.7819928526878357,8.830399799138661,0.11729896068572998,0.11111105465077872,1.5300536270294705,Hammer,1993-03-05,0.7624430060386658,1993-04-16,0.7819928526878357,Time stop (5 bars),6,0.0256410597176866,0.012443720998206422,1244.3720985762702,101244.37209857628
TECH,1993-12-31,0.5734614133834839,3.1677977794898737,0.1042657196521759,0.37499989281356394,1.5827739982670264,Hammer,1994-01-07,0.5734614133834839,1994-02-18,0.5213285684585571,Time stop (5 bars),6,-0.09090907201120535,-0.10741052641956701,-10874.71129325189,90369.66080532438
TECH,1996-01-12,1.0165907144546509,6.610271696367292,0.10426568984985352,0.37499942833884414,1.281249757356936,Hammer,1996-01-19,0.9905242919921875,1996-03-01,1.107823133468628,RSI > 90,6,0.1184209639528615,0.10778123883016469,9740.153984519486,100109.81478984388
TECH,2002-03-01,5.799258708953857,3.8425482806034097,1.269956111907959,0.3760265025489141,1.6734948782686987,Hammer,2002-03-08,5.888927459716797,2002-04-19,5.793003082275391,Time stop (5 bars),6,-0.016288938537208475,-0.017971781662629353,-1799.1517318901851,98310.6630579537
TECH,2008-09-26,15.364595413208008,3.8685930048210224,1.1469230651855469,0.3309089367023771,1.2970349853582757,Hammer,2008-10-03,15.258243560791016,2008-11-14,14.77370548248291,Time stop (5 bars),6,-0.03175582277066402,-0.03240058879611275,-3185.3233648286277,95125.33969312506
TECH,2010-06-11,12.753946304321289,8.531658639947324,0.7257299423217773,0.3195261917808939,1.194658062476245,Hammer,2010-06-18,12.803330421447754,2010-07-30,12.341697692871094,Time stop (5 bars),6,-0.03605567562353518,-0.036822342417627246,-3502.737827270622,91622.60186585443
TECH,2020-09-25,58.93705368041992,2.5037695186231588,4.765140533447266,0.38424196235369085,1.1390610943652286,Hammer,2020-10-02,59.4880485534668,2020-10-16,65.22473907470703,RSI > 90,2,0.09643433699265147,0.09625814545532346,8819.421728579186,100442.02359443363
TECH,2022-05-13,90.17453002929688,1.0996494963900147,9.120506286621094,0.11129848934662714,1.1239508038679034,Hammer,2022-05-20,89.3555908203125,2022-07-01,86.36178588867188,Time stop (5 bars),6,-0.0335043941196802,-0.03361442559931951,-3376.300925783883,97065.72266864975
TECH,2023-11-03,57.87284469604492,0.6358339240274944,8.71246337890625,0.2160631720900907,1.5990213414500665,Hammer,2023-11-10,57.87284469604492,2023-12-15,67.71248626708984,RSI > 90,5,0.17002173683916677,0.1698342711734847,16485.086248872634,113550.80891752239
TEL,2016-07-01,47.49497604370117,9.523407870188848,2.4825782775878906,0.282828795023917,1.0577958986531764,Hammer,2016-07-08,47.16061782836914,2016-07-29,51.231380462646484,RSI > 90,3,0.08631699120422898,0.086095821940763,8609.582185466716,108609.58218546673
TER,1990-09-28,1.149688482284546,3.9003802334147792,0.22993779182434082,0.3750001296103705,1.4014543879718022,Hammer,1990-10-05,1.1784306764602661,1990-11-16,1.149688482284546,RSI > 90,6,-0.024390229098630645,-0.03273718938197639,-3273.7189349239197,96726.2810650761
TER,1992-04-10,3.535292148590088,0.9184498130261431,0.4886176586151123,0.2941176757614749,1.4282556197030074,Hammer,1992-04-16,3.5640344619750977,1992-05-29,3.3628389835357666,Time stop (5 bars),6,-0.05645160858737419,-0.05917440156138359,-5723.7197915603465,91002.56127351575
TER,1994-03-31,5.80592679977417,7.783793864574932,0.5748443603515625,0.3000001659013086,1.0804124657514806,Hammer,1994-04-08,5.633473873138428,1994-05-20,5.259824752807617,Time stop (5 bars),6,-0.06632659150376952,-0.06804130496347721,-6191.933017876874,84810.62825563888
TER,2018-10-26,31.203832626342773,1.7566060824463392,2.9226455688476562,0.29702970943178525,1.1140984169075274,Hammer,2018-11-02,31.74399185180664,2018-12-14,31.435420989990234,Time stop (5 bars),6,-0.009720606761019046,-0.010034046539284993,-850.9937900920856,83959.6344655468
TER,2025-01-31,115.19622802734375,9.085978243949114,24.493751525878906,0.38992663010891015,2.2156401303912463,Hammer,2025-02-07,112.002685546875,2025-03-21,86.79539489746094,Time stop (5 bars),6,-0.2250596985807487,-0.22513893155002002,-18902.582378000858,65057.05208754595
TFC,1991-09-20,1.8575586080551147,6.251189462341927,0.1092681884765625,0.3333333333333333,1.0917930489897585,Hammer,1991-09-27,1.8575586080551147,1991-10-25,2.0217339992523193,RSI > 90,4,0.08838234792984445,0.08277612877814068,8277.612869536457,108277.61286953646
TFC,1994-11-25,3.0029661655426025,2.9189695270812592,0.18261289596557617,0.33333289813482625,1.2393105215535845,Hammer,1994-12-02,2.982675790786743,1995-01-13,3.1568801403045654,Time stop (5 bars),6,0.05840539225078567,0.05496056500648022,5950.998774911659,114228.61164444813
TFC,2000-01-07,10.006047248840332,5.256420379616188,0.9351444244384766,0.2,1.1312307351224138,Hammer,2000-01-14,10.052803993225098,2000-02-25,8.954450607299805,Time stop (5 bars),6,-0.10925841055545382,-0.11019834813562439,-12587.80430045613,101640.807343992
TFC,2001-03-23,12.91623592376709,5.00826813731328,1.931218147277832,0.39637802717887005,2.373538970871683,Hammer,2001-03-30,12.885149955749512,2001-05-11,14.347488403320312,RSI > 90,6,0.11349021568183515,0.11267040744727731,11451.911165265883,113092.71850925787
TFC,2003-03-14,13.244078636169434,8.114977632481029,0.8295602798461914,0.28855662482454014,1.1994116646652802,Hammer,2003-03-21,13.211060523986816,2003-05-02,13.512937545776367,Time stop (5 bars),6,0.022850324638316932,0.0220850246001675,2497.6554678791226,115590.37397713699
TGT,1991-11-08,2.6107656955718994,7.915689502573457,0.2088613510131836,0.22499965754519263,1.3462283467855163,Hammer,1991-11-15,2.6107656955718994,1991-12-27,2.4363362789154053,Time stop (5 bars),6,-0.06681159360732469,-0.07050685654632811,-7050.685647582126,92949.31435241789
TGT,1996-07-19,4.336775302886963,3.3878388174891683,0.6386148929595947,0.17272661090256092,2.48798471868127,Hammer,1996-07-26,4.214857578277588,1996-09-06,4.79410982131958,Time stop (5 bars),6,0.13743103587350758,0.1348984491733351,12538.718345327274,105488.03269774516
TGT,2014-02-07,38.66604995727539,2.313526718727047,1.5169868469238281,0.24434391415976603,1.0521125806696243,Hammer,2014-02-14,38.67291259765625,2014-03-07,42.840850830078125,RSI > 90,3,0.10777409697025164,0.10750161922321103,11340.134312338501,116828.16701008366
TGT,2016-01-22,50.812557220458984,8.120674191902125,2.9881134033203125,0.2048764483299205,1.0773390973175934,Hammer,2016-01-29,50.84899139404297,2016-03-04,57.51719665527344,RSI > 90,5,0.13113741449769756,0.1309278795766346,15296.064166159122,132124.23117624279
TGT,2022-02-25,173.1270294189453,0.6901637239184737,16.667877197265625,0.2064648014456958,1.647387135462017,Hammer,2022-03-04,171.51065063476562,2022-04-14,202.7086181640625,Time stop (5 bars),6,0.18190105054019878,0.18183744406923044,24025.132472674988,156149.36364891776
TJX,1993-09-10,0.5463146567344666,6.618065242016641,0.05153912305831909,0.20000046259727552,1.2228947287912948,Hammer,1993-09-17,0.5463146567344666,1993-10-01,0.6158924698829651,RSI > 90,2,0.12735849622704976,0.1080649905108425,10806.499040277751,110806.49904027776
TJX,1996-07-26,0.6528927087783813,4.204337997118756,0.07533377408981323,0.14814806023620708,1.5287930072061984,Hammer,1996-08-02,0.6528927087783813,1996-09-13,0.7410808801651001,Time stop (5 bars),6,0.13507299162786857,0.11884638687044229,13168.952039531192,123975.45107980895
TJX,2022-03-11,57.75301742553711,5.6773498184502245,4.785331726074219,0.3104119268585495,1.169600880521438,Hammer,2022-03-18,57.8564338684082,2022-04-29,58.56154251098633,Time stop (5 bars),6,0.012187212301778994,0.01201333247563444,1489.358311149139,125464.8093909581
TKO,2025-08-08,160.7913818359375,3.2824957577044103,15.750259399414062,0.3122855933246077,1.50272544151951,Hammer,2025-08-15,161.69732666015625,2025-08-22,185.241455078125,RSI > 90,1,0.14560616989946973,0.14553982557981085,14553.982543427104,114553.9825434271
TMO,1991-01-11,6.651231288909912,8.111235106827905,0.5692496299743652,0.2105263598767971,1.4808166467592103,Hammer,1991-01-18,6.591310501098633,1991-02-01,7.250441551208496,RSI > 90,2,0.10000000000000009,0.09840820106963563,9840.820097122742,109840.82009712275
TMO,1996-07-19,30.239334106445312,5.452389419187483,3.539722442626953,0.17142858682403705,1.9480101919894937,Hammer,1996-07-26,30.037063598632812,1996-09-06,31.452953338623047,Time stop (5 bars),6,0.047138087760838276,0.04679737579858583,5140.26213096965,114981.0822280924
TMO,2001-03-23,17.33856773376465,1.0294461591562083,2.8722305297851562,0.38591490932852374,1.4691387851869728,Hammer,2001-03-30,17.850309371948242,2001-05-11,21.23832893371582,RSI > 90,6,0.18980172786763294,0.1891885204226507,21753.100801574838,136734.18302966724
TMO,2004-07-30,24.308902740478516,1.6665746730591309,2.2305221557617188,0.3983056789768743,1.532891546393684,Hammer,2004-08-06,24.034814834594727,2004-09-17,25.499774932861328,Time stop (5 bars),6,0.06095158661917366,0.0605229328211309,8275.553765581215,145009.73679524843
TMO,2011-08-12,50.69710922241211,5.2402139474280744,4.943061828613281,0.30783905466455314,1.5417910849342038,Hammer,2011-08-19,51.13187026977539,2011-09-30,48.41933059692383,Time stop (5 bars),6,-0.05304988177706016,-0.05324024834700769,-7720.354391992891,137289.38240325556
TMO,2022-01-28,564.5755615234375,4.531478237172038,32.83636474609375,0.18394917387093837,1.0385082030198989,Hammer,2022-02-04,566.5198364257812,2022-03-18,528.69921875,Time stop (5 bars),6,-0.06675956470367306,-0.06677662697800767,-9167.721867615524,128121.66053564003
TMO,2022-05-13,534.6637573242188,6.868048706787661,39.26385498046875,0.33199181096193214,1.0877744124537834,Hammer,2022-05-20,530.6347045898438,2022-07-01,539.3447265625,Time stop (5 bars),6,0.016414346625497567,0.016395346781260835,2100.5990525722,130222.25958821221
TMUS,2023-06-09,125.6187744140625,5.606959083249791,6.655799865722656,0.23706855542653563,1.0122737152546537,Hammer,2023-06-16,125.9343490600586,2023-07-07,132.84835815429688,RSI > 90,3,0.054901693984545474,0.054820110996015047,5482.011094119494,105482.01109411949
TPL,1994-06-10,0.3038279712200165,5.083396732811153,0.007943212985992432,0.24999812403856977,1.058237528069368,Hammer,1994-06-17,0.3018421530723572,1994-07-29,0.3117711842060089,RSI > 90,6,0.03289477971379151,0.012441417739261012,1244.1417726819595,101244.14177268195
TPL,1996-07-19,0.46333396434783936,0.5290897928305327,0.02059262990951538,0.09999942110701705,1.2161802423825996,Hammer,1996-07-26,0.4674524664878845,1996-09-06,0.47363024950027466,Time stop (5 bars),6,0.01321585285196103,-0.006847827402533236,-693.302407683629,100550.83936499832
TPL,2000-10-20,0.6143013834953308,0.55741091380699,0.0322185754776001,0.33333271666376835,1.1664037038331816,Hammer,2000-10-27,0.6185972094535828,2000-12-08,0.6035618185997009,Time stop (5 bars),6,-0.024305623472118176,-0.04014673329891689,-4036.7877269320325,96514.05163806629
TPL,2011-08-05,4.120178699493408,5.236981622699787,0.8655755519866943,0.3928569362732878,2.7750007844748072,Hammer,2011-08-12,3.7839949131011963,2011-09-23,3.8178067207336426,Time stop (5 bars),6,0.008935479145434577,0.006284465452859835,606.5392226284187,97120.59086069472
TPL,2015-08-28,11.500733375549316,0.2991205527242329,2.297422409057617,0.2510624643527539,2.091749119585701,Hammer,2015-09-04,11.394126892089844,2015-09-18,13.811033248901367,RSI > 90,2,0.21211860985060782,0.21114830807627366,20506.848419096852,117627.43927979156
TPR,2002-10-04,4.021567344665527,9.735972737616919,0.6565823554992676,0.3946075138367105,1.3465142370730536,Hammer,2002-10-11,4.023176193237305,2002-11-01,5.189897537231445,RSI > 90,3,0.2900000616317333,0.28715758410371917,28715.75838165616,128715.75838165615
TPR,2005-10-14,19.607351303100586,6.26451406442348,2.227231979370117,0.3294804964584559,1.5616014297530052,Hammer,2005-10-21,19.607351303100586,2005-12-02,23.585468292236328,RSI > 90,6,0.20288905562204462,0.20232744803568806,26042.730889295985,154758.48927095215
TPR,2006-05-26,19.246875762939453,5.0109907750393035,1.4676551818847656,0.17982413960705626,1.1035705285105266,Hammer,2006-06-02,19.22756576538086,2006-07-14,18.37143325805664,Time stop (5 bars),6,-0.04452630758209031,-0.04503468324976588,-6969.499537560121,147788.98973339205
TPR,2011-08-12,35.931793212890625,4.201514514243129,4.156139373779297,0.23529357773745374,1.4295430344018234,Hammer,2011-08-19,36.21591567993164,2011-09-30,37.88064193725586,Time stop (5 bars),6,0.04596670348022425,0.04568427457622288,6751.632779571235,154540.62251296328
TPR,2012-07-13,38.35581970214844,3.04534815570355,3.863758087158203,0.3194446227073606,1.302752906873423,Hammer,2012-07-20,38.18141555786133,2012-08-03,41.65611267089844,RSI > 90,2,0.09100493164721568,0.09073114253908653,14021.647235281187,168562.2697482445
TPR,2014-02-07,33.02665328979492,0.5484644137884658,2.492971420288086,0.09470748679262606,1.4302184938092593,Hammer,2014-02-14,33.0474853515625,2014-03-28,35.30782699584961,RSI > 90,6,0.06839678178963893,0.06808388598773649,11476.374343897187,180038.64409214165
TRMB,1998-07-17,2.40625,1.9501096107956215,0.39583349227905273,0.21052663280019948,1.3762251553289073,Hammer,1998-07-24,2.3333334922790527,1998-09-04,1.9375,Time stop (5 bars),6,-0.1696429137064448,-0.17355672046740767,-17355.672029385096,82644.3279706149
TRMB,2014-02-07,31.979999542236328,9.143542759865625,1.7900009155273438,0.26257038006299577,1.0872827187274179,Hammer,2014-02-14,31.899999618530273,2014-02-21,37.09000015258789,RSI > 90,1,0.16269594345207516,0.16235701601604466,13417.886466542484,96062.2144371574
TRMB,2016-01-22,19.43000030517578,9.891072283104137,1.6299991607666016,0.34355813145266323,1.089984898269489,Hammer,2016-01-29,19.299999237060547,2016-02-19,21.5,RSI > 90,3,0.11398968134231491,0.11344215744568517,10897.504843863677,106959.71928102107
TROW,1990-10-19,0.4072319567203522,2.0794833005624156,0.058176010847091675,0.33333350409284945,1.359805194500942,Hammer,1990-10-26,0.43308794498443604,1990-11-30,0.4977279603481293,RSI > 90,5,0.14925378577788906,0.126496285069416,12649.62849429197,112649.62849429196
TROW,2000-10-20,10.376259803771973,7.365454996717588,1.1344308853149414,0.18666674512856682,1.1341072023346597,Hammer,2000-10-27,10.421636581420898,2000-12-08,9.151074409484863,Time stop (5 bars),6,-0.12191580103657818,-0.12281641945954598,-13835.22401128176,98814.40448301019
TROW,2002-07-26,6.174560546875,1.5511554636630365,0.9979090690612793,0.18750008959430267,1.3489161410012551,Hammer,2002-08-02,6.276845932006836,2002-09-13,6.8431596755981445,Time stop (5 bars),6,0.09022266114635169,0.08855896015481958,8750.900900582223,107565.30538359242
TROW,2017-02-03,47.372314453125,1.0420149651094732,2.7635574340820312,0.3974684243218994,1.27523856290028,Hammer,2017-02-10,46.66568374633789,2017-03-24,48.914493560791016,Time stop (5 bars),6,0.04818979673965673,0.04797036672146024,5159.947140596843,112725.25252418927
TROW,2020-03-13,82.2033920288086,1.50473743478247,16.722267150878906,0.3437643858691015,2.6949230981540677,Hammer,2020-03-20,70.33969116210938,2020-05-01,78.08287811279297,Time stop (5 bars),6,0.11008275445563376,0.10993277279251194,12392.199561328034,125117.4520855173
TROW,2025-11-21,96.48367309570312,4.949026899941288,5.5210418701171875,0.2369336727220467,1.1069260278673672,Hammer,2025-11-28,96.79146575927734,2025-12-12,102.66840362548828,RSI > 90,2,0.06071752111727524,0.06061107521013624,7583.503290872404,132700.95537638973
TRV,1991-10-11,5.932180881500244,3.551914648635986,0.28906822204589844,0.3478258717957177,1.1358023813965488,Hammer,1991-10-18,5.932180881500244,1991-11-08,6.585726261138916,RSI > 90,3,0.11016949629381334,0.10839241594338239,10839.241583498999,110839.241583499
TRV,1998-08-07,18.1378173828125,9.908809438885655,1.5270671844482422,0.2040823208926049,1.5271852592905064,Hammer,1998-08-14,18.1378173828125,1998-09-25,16.143280029296875,Time stop (5 bars),6,-0.10996567621226905,-0.1104865529548135,-12246.245722440384,98592.9958610586
TRV,2002-07-26,15.093502044677734,0.12362515551662057,3.4379653930664062,0.34959367184396645,1.8343319588578515,Hammer,2002-08-02,16.07178497314453,2002-09-13,16.753787994384766,Time stop (5 bars),6,0.042434802505125546,0.041799590052537416,4121.1468049226205,102714.14266598123
TRV,2008-07-18,28.791366577148438,6.2974360149951,2.450052261352539,0.28074872346603785,1.3176049235229241,Hammer,2008-07-25,28.49657440185547,2008-09-05,29.361297607421875,Time stop (5 bars),6,0.0303448124456005,0.029988631277532513,3080.256548317725,105794.39921429896
TRV,2011-08-12,36.373992919921875,1.090436936277115,2.539703369140625,0.2745100395332909,1.644925835525118,Hammer,2011-08-19,36.452247619628906,2011-09-30,34.093868255615234,Time stop (5 bars),6,-0.06469777635175844,-0.06496319713226274,-6872.742404775065,98921.65680952389
TSCO,1995-09-29,0.20192979276180267,4.3499018947385935,0.016406789422035217,0.3846151051595717,1.1947076492376307,Hammer,1995-10-06,0.19940567016601562,1995-11-17,0.16911619901657104,Time stop (5 bars),6,-0.1518987455282842,-0.16869282977524874,-16869.282960655593,83130.7170393444
TSCO,1998-09-04,0.20697803795337677,4.485115993989496,0.049220383167266846,0.3846152914634752,2.61281314621186,Hammer,1998-09-11,0.21076421439647675,1998-10-23,0.2296951413154602,RSI > 90,6,0.08982040415728143,0.06823980209476099,5672.823673087614,88803.54071243202
TSCO,2002-12-27,0.7594579458236694,4.043563451510835,0.0922819972038269,0.1925605608967631,1.1590564925531301,Hammer,2003-01-03,0.7594579458236694,2003-02-14,0.6712146401405334,Time stop (5 bars),6,-0.11619248461141818,-0.12851368243322156,-11412.470018650682,77391.07069378134
TSCO,2008-04-25,1.452278971672058,7.963371631550203,0.1857752799987793,0.37173927551148744,1.2515501968460554,Hammer,2008-05-02,1.4538944959640503,2008-06-13,1.3416215181350708,Time stop (5 bars),6,-0.07722223183363341,-0.08381207699887891,-6486.306369526577,70904.76432425475
TSCO,2014-02-07,11.088509559631348,2.4510048400290003,0.7651271820068359,0.08496635896566596,1.3269226315071532,Hammer,2014-02-14,11.101844787597656,2014-03-14,12.139396667480469,RSI > 90,4,0.0934576099498261,0.09251519216602509,6559.767890385381,77464.53221464013
TSCO,2018-02-09,11.613081932067871,6.732327134346875,0.7980718612670898,0.3763686921857131,1.0404716116538004,Hammer,2018-02-16,11.674203872680664,2018-03-29,10.552711486816406,Time stop (5 bars),6,-0.09606585580441274,-0.09688095166409254,-7504.837593663253,69959.69462097688
TSN,2008-09-26,9.041476249694824,2.02764954436482,1.3394765853881836,0.398936166425663,1.1330072462256668,Hammer,2008-10-03,9.034351348876953,2008-11-14,5.664281845092773,Time stop (5 bars),6,-0.3730283861721969,-0.3739283244260793,-37392.8324052151,62607.1675947849
TT,1990-10-19,1.8291336297988892,0.2778726360540702,0.19216573238372803,0.18518513923361185,1.1199015068209592,Hammer,1990-10-26,1.836250901222229,1990-12-07,1.9400149583816528,Time stop (5 bars),6,0.05650864873114969,0.05092410659361129,5092.410654268719,105092.41065426871
TT,1997-04-04,5.783318996429443,4.109154189509624,0.35941553115844727,0.36363696668254286,1.260101897774006,Hammer,1997-04-11,5.783318996429443,1997-05-02,6.273430824279785,RSI > 90,3,0.08474577109665415,0.08294494967304002,8716.884704019889,113809.29535828861
TT,1997-11-14,7.508958339691162,6.155397109258118,0.7995610237121582,0.14711226913628989,1.3737852424564894,Hammer,1997-11-21,7.657161235809326,1998-01-02,7.8424153327941895,Time stop (5 bars),6,0.02419357399952715,0.02287267150759095,2603.122624637408,116412.41798292602
TT,2002-07-05,9.516091346740723,1.3580005235130983,0.7670183181762695,0.23076875255664403,1.1936223566849662,Hammer,2002-07-12,9.556127548217773,2002-08-23,7.864273548126221,Time stop (5 bars),6,-0.17704389058799086,-0.17799720707719083,-20721.085249342294,95691.33273358372
TT,2004-05-14,13.690023422241211,7.739694145364396,1.095383644104004,0.306538521478017,1.3858654454361847,Hammer,2004-05-21,13.403502464294434,2004-06-18,14.640748977661133,RSI > 90,4,0.092307702159387,0.09152748538733085,8758.387049708912,104449.71978329265
TT,2007-12-21,21.03104019165039,8.427044833705665,1.7464771270751953,0.23622054983470886,1.1949957181472481,Hammer,2007-12-28,21.118133544921875,2008-02-08,17.968978881835938,Time stop (5 bars),6,-0.14912088023248593,-0.14955899683952983,-15621.395295337847,88828.32448795481
TT,2011-08-12,14.80044937133789,1.0770792950488897,1.7581310272216797,0.3490307203447292,1.1928200861883835,Hammer,2011-08-19,14.94168472290039,2011-09-23,17.06316375732422,RSI > 90,5,0.14198392442134322,0.14126738293935842,12548.54491875296,101376.86940670777
TT,2014-10-03,36.13825988769531,1.0753332149957515,1.9539375305175781,0.37704822017402917,1.2975979198434258,Hammer,2014-10-10,36.25357437133789,2014-11-07,40.09738540649414,RSI > 90,4,0.1060257119969712,0.10573529438561838,10719.113119891525,112095.98252659928
TT,2017-08-04,59.58771514892578,6.5456739773186,2.2570037841796875,0.36227563127471857,1.1326242979088403,Hammer,2017-08-11,59.54041290283203,2017-09-22,60.96019744873047,RSI > 90,6,0.023845728920548037,0.023675787557287862,2653.9606656712567,114749.94319227054
TTD,2017-11-17,5.000999927520752,4.132566371912077,0.624000072479248,0.21794894327854547,1.0443607417282896,Hammer,2017-11-24,5.019999980926514,2018-01-05,4.568999767303467,Time stop (5 bars),6,-0.08984068034594062,-0.09174133639261177,-9174.133630087043,90825.86636991297
TTD,2020-03-20,17.0,1.1752522082176569,5.342998504638672,0.36365327155183186,1.5816956266938518,Hammer,2020-03-27,17.069000244140625,2020-05-08,27.422000885009766,RSI > 90,6,0.6065381974801409,0.6057748912366686,55020.02926669021,145845.89563660318
TTWO,2000-04-07,8.082834243774414,6.462510902634946,3.1248068809509277,0.2799999084416075,1.8942970178443943,Hammer,2000-04-14,8.249490737915039,2000-05-26,8.249490737915039,RSI > 90,6,0.0,-0.0012114617748696936,-121.14617736582319,99878.85382263418
TTWO,2011-08-12,11.479999542236328,0.7747623453231824,1.369999885559082,0.3795624096358704,1.2257156171933323,Hammer,2011-08-19,11.550000190734863,2011-09-23,13.710000038146973,RSI > 90,5,0.18701297071361167,0.1860666215424247,18584.120875723114,118462.97469835728
TTWO,2014-10-17,21.520000457763672,3.0971410365911396,2.0799999237060547,0.33173012116249234,1.479907245368576,Hammer,2014-10-24,21.459999084472656,2014-11-07,26.559999465942383,RSI > 90,2,0.2376514724625418,0.23713023985879078,28091.153576516168,146554.12827487345
TTWO,2017-12-08,106.80999755859375,9.5978783952702,11.519996643066406,0.3975697192421731,1.8852668858426256,Hammer,2017-12-15,107.0,2018-01-26,117.7699966430664,RSI > 90,6,0.10065417423426548,0.10055601741102205,14736.899459728436,161291.02773460187
TTWO,2018-10-26,120.05999755859375,5.936468208045383,14.154998779296875,0.3472272228462522,1.5339219526761632,Hammer,2018-11-02,122.3499984741211,2018-12-14,102.12000274658203,Time stop (5 bars),6,-0.1653452879430809,-0.16542026055290213,-26680.8038060224,134610.22392857948
TTWO,2022-11-11,102.25,8.400406621686216,19.389999389648438,0.36823102704480765,1.7102987900571798,Hammer,2022-11-18,102.23999786376953,2022-12-30,99.33999633789062,Time stop (5 bars),6,-0.02836464775501102,-0.028461064958465482,-3831.150323473734,130779.07360510575
TXN,2006-02-03,18.41521453857422,9.37719959978493,1.2460975646972656,0.36945787171253025,1.0185395017586447,Hammer,2006-02-10,18.445905685424805,2006-03-24,18.531843185424805,Time stop (5 bars),6,0.00465889295248334,0.004115651626791716,411.5651622676064,100411.56516226761
TXN,2014-02-07,30.06848907470703,8.035624383994389,1.5553874969482422,0.2534559782015547,1.534291918881779,Hammer,2014-02-14,30.08282470703125,2014-03-07,32.0252685546875,RSI > 90,3,0.06456986225772354,0.06422677167501098,6449.110662758338,106860.67582502594
TXT,1993-10-22,9.444205284118652,5.928865752699238,0.36241817474365234,0.35294179562815936,1.0312469874718524,Hammer,1993-10-29,9.401568412780762,1993-12-10,9.347661018371582,Time stop (5 bars),6,-0.005733872481946345,-0.006793911616307185,-679.3911609513275,99320.60883904867
TXT,1997-10-31,21.569812774658203,2.3467865611334418,2.2619152069091797,0.371134038005051,1.6641775728010257,Hammer,1997-11-07,21.919593811035156,1997-12-12,23.645179748535156,RSI > 90,5,0.07872344498606876,0.07824938296628821,7771.776349719852,107092.38518876853
TXT,1998-09-25,22.962799072265625,9.753012647832435,2.0853729248046875,0.340908924612379,1.2877293440555715,Hammer,1998-10-02,22.962799072265625,1998-10-23,25.45102882385254,RSI > 90,3,0.10835916578620375,0.10790018424444756,11555.288081490184,118647.6732702587
TXT,2003-03-14,13.956755638122559,0.17262486640170494,1.5041427612304688,0.29859219582959257,1.2689015505345853,Hammer,2003-03-21,13.960993766784668,2003-05-02,12.287369728088379,Time stop (5 bars),6,-0.11987857502508847,-0.12055168195051424,-14303.17655794158,104344.49671231712
TXT,2004-03-26,22.973461151123047,9.46817993121509,1.1334152221679688,0.18846047698220908,1.0011595881095554,Hammer,2004-04-02,23.060646057128906,2004-04-30,25.039762496948242,RSI > 90,4,0.0858222460427347,0.08537009693733422,8907.899790299965,113252.39650261708
TXT,2008-09-19,34.008941650390625,8.279846135196209,9.513236999511719,0.2515163374685926,2.1458209195590277,Hammer,2008-09-26,33.611732482910156,2008-11-07,16.701833724975586,Time stop (5 bars),6,-0.5030951250886098,-0.5033177679162064,-57001.943361856465,56250.45314076061
TXT,2015-09-04,38.053104400634766,9.318928597427316,2.7862930297851562,0.34982270231787627,1.114521659602303,Hammer,2015-09-11,38.8210563659668,2015-10-23,38.239471435546875,Time stop (5 bars),6,-0.014981172200398407,-0.015236801926102455,-857.0770119022002,55393.37612885841
TXT,2017-01-27,47.174034118652344,9.979396499275325,6.241153717041016,0.3496837870496632,2.8620797060245176,Hammer,2017-02-03,46.90740203857422,2017-03-17,47.01593017578125,Time stop (5 bars),6,0.002313667619404436,0.0021002577767392505,116.34036887813684,55509.71649773654
TYL,1990-08-10,3.5,4.822147364080621,0.375,0.3333333333333333,1.7905713522340083,Hammer,1990-08-17,3.5,1990-09-28,3.25,Time stop (5 bars),6,-0.0714285714285714,-0.0741797432239658,-7417.974314978606,92582.02568502139
TYL,1992-11-13,4.125,1.3285542105725767,0.375,0.3333333333333333,1.0553006047666602,Hammer,1992-11-20,4.25,1992-12-04,4.5,RSI > 90,2,0.05882352941176472,0.05640423031727383,5222.017894755691,97804.04357977708
TYL,1996-09-27,1.625,1.1741033288546703,0.375,0.3333333333333333,1.2369587463397445,Hammer,1996-10-04,1.5,1996-11-15,1.625,Time stop (5 bars),6,0.08333333333333326,0.07641196013289031,7473.398671379995,105277.44225115706
TYL,1998-08-21,8.375,6.180495519470185,1.5,0.3333333333333333,1.3271552424327142,Hammer,1998-08-28,8.375,1998-10-09,6.8125,Time stop (5 bars),6,-0.18656716417910446,-0.18764916467780435,-19755.224078090185,85522.21817306688
TYL,2000-10-06,1.8125,2.2482449698262315,0.75,0.25,1.1639143446143518,Hammer,2000-10-13,1.75,2000-11-03,2.375,RSI > 90,3,0.3571428571428572,0.35042735042735035,29969.324287088297,115491.54246015518
TYL,2000-12-08,1.75,2.9838289855906055,0.8125,0.3076923076923077,1.5861638575788917,Hammer,2000-12-15,1.6875,2001-01-26,1.75,Time stop (5 bars),6,0.03703703703703698,0.031019202363367835,3582.4555232465864,119073.99798340177
TYL,2001-03-09,1.350000023841858,7.512859364085713,0.48000001907348633,0.3750001241763383,1.058560173917545,Hammer,2001-03-16,1.25,2001-04-06,1.625,RSI > 90,3,0.30000000000000004,0.2908366533864541,34631.08304420687,153705.08102760863
TYL,2002-06-14,4.590000152587891,7.093710787922944,1.1800003051757812,0.37288130798823266,1.9229188375252582,Hammer,2002-06-21,4.590000152587891,2002-08-02,5.099999904632568,Time stop (5 bars),6,0.11111105339661798,0.10881387060739907,16725.24478191275,170430.32580952137
TYL,2002-08-09,4.150000095367432,2.226451336759041,1.1600000858306885,0.26724131020865116,1.6488295176132326,Hammer,2002-08-16,4.099999904632568,2002-09-27,4.349999904632568,Time stop (5 bars),6,0.060975611174411526,0.058465287594563715,9964.258003324605,180394.583812846
TYL,2011-08-12,24.280000686645508,2.3886992989743874,3.059999465942383,0.3039210980844856,2.296571533428618,Hammer,2011-08-19,24.479999542236328,2011-09-30,24.350000381469727,Time stop (5 bars),6,-0.005310423333232062,-0.005717752231324619,-1031.4515330833246,179363.13227976268
TYL,2016-02-12,137.3300018310547,3.9708956709510517,12.899993896484375,0.2868216045629715,1.2122235027858912,Hammer,2016-02-19,142.25999450683594,2016-04-01,121.69000244140625,Time stop (5 bars),6,-0.14459435441944468,-0.14465956391289786,-25946.592471695287,153416.5398080674
TYL,2018-11-23,186.17999267578125,1.9422466677200418,12.779495239257812,0.24648932499280612,1.1084263831224563,Hammer,2018-11-30,188.52999877929688,2019-01-11,180.69000244140625,Time stop (5 bars),6,-0.04158487449558912,-0.04163681220312843,-6387.775650454505,147028.7641576129
UAL,2007-08-17,38.00422286987305,8.994892054468892,7.228660583496094,0.38680492888994433,1.844476521830396,Hammer,2007-08-24,38.18190383911133,2007-10-05,43.51221466064453,Time stop (5 bars),6,0.13960306547294632,0.13932291667186947,13932.291653254659,113932.29165325465
UAL,2011-11-11,18.020000457763672,8.638390093739247,2.210000991821289,0.38461538461538464,1.0161980201533,Hammer,2011-11-18,18.1200008392334,2011-12-23,21.329999923706055,RSI > 90,5,0.17715225915014154,0.17655166545128823,20114.93581994908,134047.22747320373
UAL,2019-08-09,86.9800033569336,9.903688313838558,4.849998474121094,0.39175144211332724,1.1058503447360264,Hammer,2019-08-16,86.23999786376953,2019-09-20,88.30000305175781,RSI > 90,5,0.023886888207516055,0.023769554626535218,3186.2428927736655,137233.4703659774
UAL,2022-03-11,34.869998931884766,5.325237963702236,5.959999084472656,0.273490154111233,1.1264156462594304,Hammer,2022-03-18,34.869998931884766,2022-04-29,51.0099983215332,Time stop (5 bars),6,0.462862055751031,0.46250895723759977,63471.70921359357,200705.17957957098
UBER,2020-03-20,21.329999923706055,1.9776795181107616,10.179999351501465,0.36738703431906855,2.2565405811426413,Hammer,2020-03-27,21.06999969482422,2020-05-08,27.559999465942383,Time stop (5 bars),6,0.30802087637013176,0.30747330320054905,30747.330289307574,130747.33028930759
UDR,1993-12-03,2.309119939804077,9.28875124778952,0.16947650909423828,0.37499929660287323,1.1984432664558895,Hammer,1993-12-10,2.3303043842315674,1994-01-21,2.318267583847046,Time stop (5 bars),6,-0.005165333964940677,-0.009436371778051029,-943.6371768614658,99056.36282313854
UDR,1999-12-17,2.497802972793579,0.8967849351267461,0.19463396072387695,0.3333333333333333,1.557521829422563,Hammer,1999-12-23,2.497802972793579,2000-01-28,2.7967441082000732,RSI > 90,5,0.11968163168296408,0.11544701622436698,11435.761514533897,110492.12433767243
UDR,2007-03-09,13.340250015258789,5.707695575997718,0.5198049545288086,0.3606553467081304,1.036055735252044,Hammer,2007-03-16,13.289121627807617,2007-04-27,13.25646686553955,Time stop (5 bars),6,-0.002457255128114455,-0.003208543103656015,-354.5187431974231,110137.60559447501
UDR,2022-05-13,41.14682388305664,2.767610107041733,2.834217071533203,0.26488041961147984,1.1632714605736576,Hammer,2022-05-20,41.23117446899414,2022-07-01,38.7512321472168,Time stop (5 bars),6,-0.06014726365949774,-0.06038247615936229,-6650.381337407254,103487.22425706775
UHS,1992-10-23,1.3910917043685913,8.959723691700205,0.12519824504852295,0.33333269855718556,1.2376188701546929,Hammer,1992-10-30,1.4050025939941406,1992-11-27,1.5302008390426636,RSI > 90,4,0.08910890669077665,0.08170073270730566,8170.0732625604915,108170.0732625605
UHS,2001-09-21,20.432355880737305,7.218462617633136,2.248004913330078,0.3960395451560408,1.5931128130612273,Hammer,2001-09-28,20.58815574645996,2001-11-09,17.650171279907227,Time stop (5 bars),6,-0.14270265402756666,-0.1431536041803357,-15484.935836501569,92685.13742605892
UHS,2002-07-26,19.488637924194336,2.3325858808131557,1.8829803466796875,0.26004736513699017,1.229502488265808,Hammer,2002-08-02,19.408510208129883,2002-09-13,21.095626831054688,Time stop (5 bars),6,0.08692664222203428,0.08638914884246283,8006.990124576936,100692.12755063585
UHS,2005-09-23,21.81031036376953,2.0953821656753178,1.2853469848632812,0.3052625643278151,1.1547003792811397,Hammer,2005-09-30,21.81031036376953,2005-11-11,20.628692626953125,Time stop (5 bars),6,-0.05417702532006441,-0.054623001779310995,-5500.106256860887,95192.02129377496
UHS,2006-10-27,24.65083122253418,5.122155485496364,1.0936756134033203,0.3692947867199394,1.0881312275172268,Hammer,2006-11-03,24.655370712280273,2006-12-15,25.133729934692383,RSI > 90,6,0.019401826401006073,0.018992383686222445,1807.923390470508,96999.94468424546
UHS,2014-10-17,98.3908920288086,8.092402962995507,7.61907958984375,0.23000096129967718,1.4182309767479444,Hammer,2014-10-24,98.05755615234375,2014-12-05,100.0013427734375,Time stop (5 bars),6,0.01982291520781798,0.01971992875741001,1912.8319967332004,98912.77668097867
ULTA,2019-05-31,333.3800048828125,7.581703109837818,34.459991455078125,0.14857795666786222,1.7450144367212963,Hammer,2019-06-07,333.8900146484375,2019-06-21,355.6099853515625,RSI > 90,2,0.06505127362372476,0.06502034996234882,6502.034989732847,106502.03498973284
UNH,1993-02-26,2.1073544025421143,3.187423880908966,0.3333667516708374,0.3928570279168513,1.4312369793721875,Hammer,1993-03-05,2.119260311126709,1993-04-16,2.2278473377227783,Time stop (5 bars),6,0.051238173067252424,0.04641004969102806,4641.004964461801,104641.00496446181
UNH,2006-04-13,41.06120300292969,4.501015042629703,2.2410964965820312,0.1027387700216174,1.0841419204560354,Hammer,2006-04-21,40.700477600097656,2006-06-02,32.85663604736328,Time stop (5 bars),6,-0.1927211181599391,-0.19294311271551165,-20189.76119533281,84451.243769129
UNH,2008-02-15,36.66047286987305,1.715882974123943,3.5708236694335938,0.19569903960173918,1.619218980140326,Hammer,2008-02-22,37.00603485107422,2008-04-04,26.439485549926758,Time stop (5 bars),6,-0.28553584148291244,-0.2857674567519011,-24133.417127305416,60317.82664182359
UNH,2008-10-03,18.530696868896484,7.99097203262663,3.8429489135742188,0.3780000317647503,1.543013763072056,Hammer,2008-10-10,18.269376754760742,2008-11-21,15.164274215698242,Time stop (5 bars),6,-0.1699621492699993,-0.17046286069651975,-10281.949270080055,50035.877371743525
UNH,2022-05-20,449.2754821777344,7.176803085846814,29.81109619140625,0.31492347852792135,1.2752506929181042,Hammer,2022-05-27,449.79345703125,2022-07-08,471.215576171875,Time stop (5 bars),6,0.04762656905241891,0.04758564588532686,2380.989540743496,52416.86691248702
UNP,1994-03-04,5.2262983322143555,5.8272174007801425,0.27391481399536133,0.36000041779747616,1.0910391186250277,Hammer,1994-03-11,5.237255096435547,1994-04-22,5.085470199584961,Time stop (5 bars),6,-0.028981765076497856,-0.030861698615275615,-3086.1698584413916,96913.8301415586
UNP,1998-06-05,6.741457462310791,0.6410380345967326,0.4873342514038086,0.3518513445021301,1.0042431808788062,Hammer,1998-06-12,6.707015514373779,1998-07-24,6.235711574554443,Time stop (5 bars),6,-0.070270292175303,-0.07170781098294896,-6949.478606475028,89964.35153508358
UNP,2002-07-26,8.829017639160156,3.202407441184434,0.8860006332397461,0.3006999706147966,1.730427806144609,Hammer,2002-08-02,8.98391342163086,2002-09-13,9.185302734375,Time stop (5 bars),6,0.022416657785152783,0.021291707213864357,1915.4946306546735,91879.84616573826
UNP,2003-03-14,8.331802368164062,6.694984768396708,0.5906519889831543,0.395224943831654,1.397933962550747,Hammer,2003-03-21,8.331802368164062,2003-05-02,9.300033569335938,RSI > 90,6,0.11620909358958165,0.11493989648010539,10560.659996337305,102440.50616207556
UNP,2019-08-16,142.3689422607422,4.585240381890287,7.71575927734375,0.3773583039987343,1.1654189038686433,Hammer,2019-08-23,144.68109130859375,2019-10-04,141.32470703125,Time stop (5 bars),6,-0.023198499866059485,-0.023266813325986926,-2383.4641315091612,100057.0420305664
UNP,2020-03-13,125.3580322265625,0.910473593995917,19.171890258789062,0.1431812990419826,2.084525627414394,Hammer,2020-03-20,111.58911895751953,2020-05-01,139.33607482910156,RSI > 90,6,0.24865288059264024,0.24855212918649086,24869.390811930098,124926.43284249649
UPS,2001-09-21,23.757871627807617,0.7323313489505523,2.796449661254883,0.39316234069617945,2.6573546886979744,Hammer,2001-09-28,23.757871627807617,2001-11-09,24.666118621826172,Time stop (5 bars),6,0.0382293080898497,0.03780043961384766,3780.043957604721,103780.04395760472
UPS,2003-02-14,28.658676147460938,1.6873391151927706,1.2434959411621094,0.26562466446813404,1.2456312807387508,Hammer,2003-02-21,28.658676147460938,2003-04-04,27.420520782470703,Time stop (5 bars),6,-0.04320350872522527,-0.0435448460472785,-4519.086032394607,99260.95792521012
UPS,2004-03-12,34.1091423034668,8.824163549277088,0.836029052734375,0.3786959299142179,1.0102564252655355,Hammer,2004-03-19,34.01020431518555,2004-04-23,35.31619644165039,RSI > 90,5,0.03840000825522005,0.038100377538707465,3781.879968022383,103042.83789323251
UPS,2011-08-12,38.560394287109375,5.684733641737537,3.0812835693359375,0.33973060638324215,1.6686294823463668,Hammer,2011-08-19,38.94481658935547,2011-09-30,37.23744583129883,Time stop (5 bars),6,-0.04384077028939726,-0.044091883054616976,-4543.352753460911,98499.4851397716
UPS,2016-01-22,60.483436584472656,0.9954372855272453,2.7920570373535156,0.37349249440854954,1.1034329024891998,Hammer,2016-01-29,60.5305290222168,2016-02-19,65.87245178222656,RSI > 90,3,0.08825171110018037,0.08807922960502958,8675.758758927383,107175.24389869897
URI,2002-06-14,21.774682998657227,5.748909035144337,2.1118946075439453,0.28310548471380664,1.0302847555923844,Hammer,2002-06-21,21.842185974121094,2002-08-02,13.500689506530762,Time stop (5 bars),6,-0.38189842708387545,-0.38226874973660363,-38226.87493543348,61773.12506456652
URI,2007-06-29,31.37946128845215,4.6988712095555485,1.7261581420898438,0.3351940985896195,1.0502172361608908,Hammer,2007-07-06,31.446964263916016,2007-07-20,33.279197692871094,RSI > 90,2,0.05826423859480401,0.0579370310122626,3578.951459011215,65352.076523577736
URI,2007-08-10,30.048677444458008,8.906645898100365,3.789836883544922,0.33587791638105535,2.0697798913178054,Hammer,2007-08-17,30.347620010375977,2007-09-28,30.376550674438477,Time stop (5 bars),6,0.0009533091574431829,0.0006236912680364776,40.759519435047594,65392.83604301278
URI,2014-10-03,105.26680755615234,3.750490205372131,11.7841796875,0.3739770655506754,2.184534556980329,Hammer,2014-10-10,105.71040344238281,2014-11-21,110.2427749633789,RSI > 90,6,0.04287535922106711,0.04277873775944949,2797.4229816332972,68190.25902464607
URI,2025-03-07,621.9776611328125,2.9818916170126073,64.58721923828125,0.3339642807530167,1.242477078727569,Hammer,2025-03-14,609.1080322265625,2025-04-25,577.33447265625,Time stop (5 bars),6,-0.05216407909474763,-0.052192643818658346,-3559.029898381814,64631.22912626426
USB,1999-05-21,11.896493911743164,7.448454066354188,1.1743316650390625,0.17391276100882266,1.3322452695422011,Hammer,1999-05-28,11.922022819519043,1999-07-09,11.839159965515137,Time stop (5 bars),6,-0.006950402231091224,-0.007785920712076742,-778.5920704290822,99221.40792957091
USB,1999-09-24,9.778580665588379,6.013672925794339,1.0293245315551758,0.3500002316262479,1.195353224578157,Hammer,1999-10-01,9.881513595581055,1999-11-12,11.631364822387695,Time stop (5 bars),6,0.17708331925881904,0.17598228232693647,17461.20980567667,116682.61773524758
USB,2001-03-23,8.854686737060547,9.11013582874773,1.583939552307129,0.39353150526738523,1.6787267852345007,Hammer,2001-03-30,9.39262866973877,2001-05-11,9.490050315856934,Time stop (5 bars),6,0.010372138572031231,0.009302521858484318,1085.442600901868,117768.06033614944
USB,2003-08-08,11.169775009155273,9.719169076544418,0.6119775772094727,0.2519085872792015,1.1402655902388001,Hammer,2003-08-15,11.207147598266602,2003-09-26,11.375325202941895,Time stop (5 bars),6,0.015006280875724753,0.014107699108398096,1661.4363581406324,119429.49669429006
USB,2008-10-24,17.469802856445312,9.080100954120851,3.3159990310668945,0.35778155042295584,1.38273339551422,Hammer,2008-10-31,16.941852569580078,2008-12-12,17.4935302734375,Time stop (5 bars),6,0.03256300936344969,0.031963321899061314,3817.363443265109,123246.86013755518
USB,2020-03-13,28.3520565032959,0.7794513256490632,6.136577606201172,0.24283956841285362,2.3511749803025443,Hammer,2020-03-20,22.964401245117188,2020-05-01,26.60877227783203,Time stop (5 bars),6,0.1586965405200682,0.15822663350823882,19500.935750525176,142747.79588808035
V,2008-07-18,16.130037307739258,4.692125260750927,2.125033378601074,0.28748722657464865,1.0173551362527868,Hammer,2008-07-25,16.24211311340332,2008-09-05,16.908185958862305,Time stop (5 bars),6,0.04100900177264055,0.04038088741548477,4038.0887375103885,104038.08873751038
V,2008-09-19,15.310458183288574,9.440839641317567,2.812530517578125,0.1956182658608305,1.5415359154656012,Hammer,2008-09-26,15.167409896850586,2008-11-07,12.306465148925781,Time stop (5 bars),6,-0.18862447625410728,-0.1892214069777235,-19686.23351049873,84351.85522701165
V,2018-10-12,132.60195922851562,7.697363358562328,12.071075439453125,0.38823521976007785,2.5165052970063058,Hammer,2018-10-19,132.45046997070312,2018-11-30,127.66150665283203,Time stop (5 bars),6,-0.036156635147692295,-0.03623076735851341,-3056.1324399327304,81295.72278707892
V,2022-03-11,190.39247131347656,2.4384651689682073,13.71490478515625,0.29145991410961036,1.0213635836674817,Hammer,2022-03-18,192.04754638671875,2022-04-29,199.72286987304688,Time stop (5 bars),6,0.03996574614326298,0.039912636570270645,3244.7266350734244,84540.44942215233
V,2025-11-21,326.6279602050781,6.074595066504443,15.296661376953125,0.3502586580108171,1.120196539123471,Hammer,2025-11-28,327.88275146484375,2026-01-02,354.0245361328125,RSI > 90,5,0.07972906336541996,0.07969734932526333,6737.649722974382,91278.09914512672
VEEV,2022-05-20,164.50999450683594,1.6751087852779563,20.44000244140625,0.3899217352615344,1.023034448576122,Hammer,2022-05-27,164.77999877929688,2022-07-01,207.7100067138672,RSI > 90,5,0.26052924051826176,0.2604606502564884,26046.06499960278,126046.06499960278
VICI,2023-10-06,24.40336036682129,4.900362896379761,1.283712387084961,0.3986702028869227,1.2053288309613759,Hammer,2023-10-13,24.26688575744629,2023-11-24,24.35218048095703,Time stop (5 bars),6,0.0035148607185646608,0.0031021373560826122,310.2137352980475,100310.21373529804
VLO,1997-10-31,3.510220766067505,6.785679288235585,0.41510915756225586,0.10526312766570903,2.054488429102889,Hammer,1997-11-07,3.5830469131469727,1997-12-19,3.6143558025360107,Time stop (5 bars),6,0.008738062924646295,0.005938854732071557,593.8854726132704,100593.88547261326
VLO,2002-07-26,4.062016487121582,1.5639940838571391,0.6954662799835205,0.35398253752060765,1.8415482091686772,Hammer,2002-08-02,4.092789649963379,2002-09-13,3.9309332370758057,Time stop (5 bars),6,-0.03954672160808981,-0.04193880788612686,-4218.787633136188,96375.09783947708
VLO,2003-01-31,4.257557392120361,6.727448916683215,0.40854740142822266,0.3363640395618042,1.1280905291540373,Hammer,2003-02-07,4.257557392120361,2003-03-21,4.915502071380615,Time stop (5 bars),6,0.15453571582568437,0.15200843523140015,14649.827803202174,111024.92564267926
VLO,2007-11-30,33.451927185058594,7.545874963927716,2.9957714080810547,0.26243579875045125,1.1297869178322508,Hammer,2007-12-07,33.50331115722656,2007-12-28,36.18563461303711,RSI > 90,3,0.0800614435756144,0.07975106364721152,8854.355902501884,119879.28154518113
VMC,1991-12-13,6.6371684074401855,0.8242559920732333,0.3542976379394531,0.19999973082679243,1.492057960179437,Hammer,1991-12-20,6.613548278808594,1992-01-17,7.133184432983398,RSI > 90,4,0.07857146153145123,0.07700119916123731,7700.119908423612,107700.1199084236
VMC,2011-08-05,30.30992889404297,5.624859039287543,3.5294227600097656,0.2544527391952374,1.527552804530054,Hammer,2011-08-12,29.48370361328125,2011-09-23,29.41788673400879,Time stop (5 bars),6,-0.002232313827860266,-0.002571048231442606,-276.9022025398068,107423.2177058838
VMC,2013-03-01,47.12899398803711,4.784508947702662,3.0277137756347656,0.20957997825366606,1.0497589057059418,Hammer,2013-03-08,46.79358673095703,2013-04-19,43.75680923461914,Time stop (5 bars),6,-0.0648973012861368,-0.06510404927083965,-6993.686451362308,100429.53125452148
VMC,2022-05-13,162.41708374023438,8.103100716255511,13.881149291992188,0.2298060381548067,1.2708024541718859,Hammer,2022-05-20,159.0144500732422,2022-07-01,142.13291931152344,Time stop (5 bars),6,-0.10616350120346363,-0.10622304852606872,-10667.93096123144,89761.60029329004
VRSK,2011-08-12,30.63290786743164,3.492497559715204,1.9109916687011719,0.3333323352396922,1.5909632467945072,Hammer,2011-08-19,30.699460983276367,2011-09-30,31.64069366455078,Time stop (5 bars),6,0.030659583299757376,0.030328905033754554,3032.8905003425652,103032.89050034256
VRSK,2022-01-28,187.35801696777344,3.9355311513557325,11.447555541992188,0.3480093358410188,1.1831839306673064,Hammer,2022-02-04,187.21261596679688,2022-03-18,177.41453552246094,Time stop (5 bars),6,-0.052336646190947245,-0.05238866221902645,-5397.755292474632,97635.13520786793
VRSN,2006-08-04,14.704997062683105,1.6561489615699685,1.7983932495117188,0.24186054157704726,1.4591781295026467,Hammer,2006-08-11,14.562798500061035,2006-09-22,18.159584045410156,Time stop (5 bars),6,0.2469845026925317,0.24621328647112287,24621.32862249096,124621.32862249095
VRSN,2008-07-11,29.610746383666992,1.5131136170296173,3.036355972290039,0.2258950641518916,1.3770208513180366,Hammer,2008-07-18,30.028976440429688,2008-08-29,26.67476463317871,Time stop (5 bars),6,-0.11169917209482416,-0.1120135328708024,-13959.275276099183,110662.05334639178
VRSN,2014-03-21,51.99127960205078,9.924973594078367,4.600116729736328,0.2912265018538129,1.804518077485725,Hammer,2014-03-28,52.02083206176758,2014-05-09,47.3812141418457,Time stop (5 bars),6,-0.08918769146969752,-0.08937133219516073,-9890.015121128963,100772.03822526282
VRSN,2020-03-13,179.89100646972656,9.356644616189499,26.153244018554688,0.19849309705661505,2.3675517718420034,Hammer,2020-03-20,163.1352081298828,2020-04-24,205.3941192626953,RSI > 90,5,0.25904224855720526,0.2589730123378068,26097.238272519695,126869.27649778251
VRT,2020-03-20,7.321241855621338,0.6554084220481826,3.123464584350586,0.16878974960231316,2.7569243086366675,Hammer,2020-03-27,7.082505702972412,2020-05-08,10.345232963562012,Time stop (5 bars),6,0.46067414519981065,0.45893822127373346,45893.82208147952,145893.8220814795
VRTX,1993-02-26,3.75,0.1595051731266608,0.75,0.3333333333333333,1.330288052443131,Hammer,1993-03-05,3.875,1993-04-16,4.0,Time stop (5 bars),6,0.032258064516129004,0.029639175257732013,2963.9175228092836,102963.9175228093
VRTX,1995-07-21,7.5,7.118824658126925,1.125,0.2222222222222222,1.7340282675208532,Hammer,1995-07-28,7.125,1995-08-11,8.75,RSI > 90,2,0.22807017543859653,0.22650771388499294,23322.121547412375,126286.03907022167
VRTX,1997-04-04,20.4375,3.5237571635600347,3.375,0.35185185185185186,1.2637875775425833,Hammer,1997-04-11,20.5,1997-05-23,17.125,Time stop (5 bars),6,-0.16463414634146345,-0.1650816873933187,-20847.512403083252,105438.52666713842
VRTX,2007-11-09,25.420000076293945,6.346858684347836,3.3899993896484375,0.2625367403799844,1.0011261951745056,Hammer,2007-11-16,25.399999618530273,2007-12-28,24.90999984741211,Time stop (5 bars),6,-0.019291329861307993,-0.0196811564111762,-2075.1521330247715,103363.37453411365
VRTX,2016-01-29,90.75,3.049325145855832,14.109992980957031,0.3784549251794477,1.224679820698604,Hammer,2016-02-05,91.91999816894531,2016-03-18,86.11000061035156,Time stop (5 bars),6,-0.06320711133952817,-0.06331245770489333,-6544.189271881931,96819.18526223171
VRTX,2018-10-26,169.47999572753906,7.034086598751088,25.610000610351562,0.3565015488176971,2.3682214019799295,Hammer,2018-11-02,173.49000549316406,2018-12-14,172.97999572753906,Time stop (5 bars),6,-0.0029397068965167916,-0.002997260723136392,-290.1923409423606,96528.99292128935
VRTX,2022-05-13,246.72000122070312,9.106648074878635,17.990005493164062,0.23790980947299942,1.2585049064919842,Hammer,2022-05-20,245.85000610351562,2022-07-01,289.80999755859375,Time stop (5 bars),6,0.17880817719633768,0.1787638663602125,17255.895973211373,113784.88889450072
VST,2020-03-20,12.361008644104004,7.818059626011191,3.665285110473633,0.33413185961132663,2.2030374269096766,Hammer,2020-03-27,12.317112922668457,2020-05-08,16.81202507019043,RSI > 90,6,0.3649322837050166,0.36397265433846787,36397.26539744952,136397.26539744952
VTR,1992-06-19,1.9678661823272705,7.387958707050316,0.2990384101867676,0.09677394921937911,1.2108498774172132,Hammer,1992-06-26,1.948573350906372,1992-07-24,2.218672513961792,RSI > 90,4,0.13861380323701145,0.1331402083954234,13314.02082622832,113314.02082622831
VTR,1996-03-29,3.9936106204986572,3.5258665098055246,0.4196183681488037,0.17241351880986838,1.6547051997364615,Hammer,1996-04-04,4.022550106048584,1996-05-17,3.776566743850708,Time stop (5 bars),6,-0.061151099604203396,-0.06355808257070207,-7202.021884889649,106111.99894133866
VTR,2002-10-18,3.0960187911987305,2.7437880180394956,0.25702762603759766,0.38636355203645095,1.0897357472865212,Hammer,2002-10-25,3.0668110847473145,2002-11-22,3.595470905303955,RSI > 90,4,0.17238095400982245,0.16884496026854637,17916.476227349893,124028.47516868854
VTR,2011-08-12,22.01116943359375,6.809360384479547,2.3123321533203125,0.29258583485657347,1.9068223334596508,Hammer,2011-08-19,22.173355102539062,2011-09-23,24.743392944335938,RSI > 90,5,0.11590658382152474,0.11542956319171717,14316.552697739906,138345.02786642846
VTR,2015-05-08,37.53185272216797,4.825772260380347,2.0362319946289062,0.34399928061058177,1.2406374042993433,Hammer,2015-05-15,37.3526611328125,2015-06-26,35.91557312011719,Time stop (5 bars),6,-0.038473510831947166,-0.03873604419587959,-5358.939108355227,132986.08875807322
VTR,2017-10-27,43.74060821533203,2.630085511889874,1.6376457214355469,0.2820505055916739,1.0493390186136677,Hammer,2017-11-03,43.901573181152344,2017-12-15,44.16751480102539,Time stop (5 bars),6,0.006057678588776039,0.005829232420783018,775.2068193264815,133761.29557739972
VTR,2018-03-02,35.35672378540039,2.764253968201203,2.09814453125,0.36163311612753085,1.1308729791515273,Hammer,2018-03-09,35.35672378540039,2018-04-20,35.032981872558594,Time stop (5 bars),6,-0.009156445455941187,-0.009437942416698111,-1262.4314039800029,132498.86417341972
VTR,2018-09-28,40.311767578125,5.307350614341871,1.8188095092773438,0.3622580171564001,1.0048459676899228,Hammer,2018-10-05,40.252464294433594,2018-11-16,44.47785949707031,RSI > 90,6,0.10497233589797972,0.10471089713466077,13874.074923048269,146372.93909646798
VTR,2026-06-05,82.0199966430664,7.552574557686384,6.225006103515625,0.36626573063177453,1.5794636593982734,Hammer,2026-06-12,81.77999877929688,2026-06-22,83.04000091552734,End of data,2,0.01540721637366227,0.015284002627470747,2237.1643835038676,148610.10347997185
VTRS,1990-08-24,1.7201571464538574,3.5808008143073806,0.3807981014251709,0.27586193942710385,1.562669548438744,Hammer,1990-08-31,1.8120739459991455,1990-10-12,1.9617459774017334,Time stop (5 bars),6,0.08259708812272626,0.07686645428498899,7686.645420812254,107686.64542081224
VTRS,1993-08-06,4.951633453369141,7.6186463005336975,0.8029670715332031,0.09999976246240967,1.492171834019672,Hammer,1993-08-13,4.951633453369141,1993-09-17,5.888428688049316,RSI > 90,5,0.18918913193034737,0.18698078915845817,20135.333922475205,127821.97934328746
VTRS,1994-03-31,3.7668497562408447,2.817844419343203,0.538121223449707,0.3499998227770482,1.1532435956328437,Hammer,1994-04-08,3.632319450378418,1994-05-13,4.1973466873168945,RSI > 90,5,0.1555554913760715,0.15259238142548415,19504.660207006622,147326.63955029406
VTRS,2011-08-12,15.479997634887695,3.706105407792762,1.8022451400756836,0.3750001984346417,1.5695419491404647,Hammer,2011-08-19,15.60068416595459,2011-09-30,14.828293800354004,Time stop (5 bars),6,-0.04951003157195988,-0.05013496090786277,-7386.215307154567,139940.4242431395
VTRS,2013-04-05,23.034944534301758,7.604606643621594,0.9091682434082031,0.31858576025980456,1.0052469546999026,Hammer,2013-04-12,23.042991638183594,2013-05-24,25.223386764526367,RSI > 90,6,0.09462291878497808,0.09416851413409412,13177.98180509323,153118.40604823272
VTRS,2025-04-11,7.151689529418945,2.8438956424480324,1.0812897682189941,0.3947365287707998,1.3778687677924866,Hammer,2025-04-17,7.274994373321533,2025-05-16,8.49855899810791,RSI > 90,4,0.16818770737106914,0.16669856631121027,25524.618738573525,178643.02478680623
VZ,1994-12-02,5.194371700286865,5.610139796528799,0.2577853202819824,0.2,1.1956848011181131,Hammer,1994-12-09,5.181482315063477,1995-01-20,5.214235782623291,Time stop (5 bars),6,0.006321254337700699,0.004387071270585364,438.70712661982924,100438.70712661983
VZ,2002-06-28,10.846292495727539,7.2103935000155275,0.9995336532592773,0.2567573111774118,1.2989728285292368,Hammer,2002-07-05,10.711219787597656,2002-08-16,8.089863777160645,Time stop (5 bars),6,-0.24472992454811138,-0.24554890274669372,-24662.614303575414,75776.09282304441
VZ,2011-08-12,16.19490623474121,2.8737631109069923,1.2559318542480469,0.3609017874770301,1.9162732269657419,Hammer,2011-08-19,16.336551666259766,2011-09-30,17.04950714111328,Time stop (5 bars),6,0.04364173599291443,0.04301644600279301,3259.6182019655016,79035.71102500992
WAB,1996-07-26,4.797335624694824,4.688993207685826,0.45151376724243164,0.3750001320106918,1.0359842367601766,Hammer,1996-08-02,4.740896224975586,1996-09-13,5.253320693969727,Time stop (5 bars),6,0.10808599148292464,0.10586503479576717,10586.503468990213,110586.50346899022
WAB,2000-09-29,4.6194658279418945,8.404855143780267,0.45624351501464844,0.12499947743130312,1.0895572801025908,Hammer,2000-10-06,4.505404472351074,2000-11-17,4.509943008422852,Time stop (5 bars),6,0.0010073537458465953,-0.0012108590175674502,-133.90466481277628,110452.59880417744
WAB,2004-02-06,7.466294765472412,3.7494925872688043,0.5300145149230957,0.26086866554927884,1.1490925054444208,Hammer,2004-02-13,7.470902919769287,2004-03-26,6.6870808601379395,Time stop (5 bars),6,-0.1049166436840212,-0.10618410487008373,-11728.31032286775,98724.28848130969
WAB,2008-10-10,21.56895637512207,8.574522372989847,4.981380462646484,0.2255358432394805,1.900666132395813,Hammer,2008-10-17,22.283897399902344,2008-11-28,14.599921226501465,Time stop (5 bars),6,-0.34482191492384784,-0.3451932159477116,-34078.95459893396,64645.33388237572
WAB,2016-07-01,66.21568298339844,1.2893535539337648,4.462177276611328,0.2515856182564739,1.0943159603633699,Hammer,2016-07-08,65.83832550048828,2016-08-19,67.60257720947266,Time stop (5 bars),6,0.02679672813020262,0.026642817561992216,1722.3338351398766,66367.6677175156
WAB,2020-10-30,57.39596939086914,8.689261964553623,5.294364929199219,0.36563089475648575,1.026905006871161,Hammer,2020-11-06,58.5090446472168,2020-11-20,70.29598999023438,RSI > 90,2,0.2014550983371468,0.2012669849438916,13357.62036590479,79725.28808342038
WAT,2006-05-26,42.18000030517578,8.18227866947204,2.8400001525878906,0.3732399001194108,1.2275310364854346,Hammer,2006-06-02,41.869998931884766,2006-07-07,45.0,RSI > 90,5,0.07475522206740925,0.07450749009427625,7450.749001976876,107450.74900197689
WAT,2014-10-17,96.9800033569336,1.0836911467655028,3.7900009155273438,0.09762401789183171,1.1053488031817311,Hammer,2014-10-24,96.62999725341797,2014-10-31,108.20999908447266,RSI > 90,1,0.11983858180897422,0.11972889905210256,12864.959867465543,120315.70886944242
WBD,2013-06-14,39.01801681518555,7.186834497394841,2.0842323303222656,0.1274504959102731,1.2732482358851513,Hammer,2013-06-21,39.48799514770508,2013-07-12,41.48027038574219,RSI > 90,3,0.05045268139304082,0.05019308438428981,5019.308433409673,105019.30843340966
WBD,2023-05-05,12.890000343322754,5.106139389806728,2.0699996948242188,0.39130414751639214,1.3081588211833743,Hammer,2023-05-12,13.0,2023-06-23,12.649999618530273,Time stop (5 bars),6,-0.026923106266902086,-0.02768169023219734,-2907.111961546124,102112.19647186354
WBD,2024-05-03,7.96999979019165,7.899578393992556,0.9549999237060547,0.34031446289657374,1.0933108645966534,Hammer,2024-05-10,8.069999694824219,2024-06-21,7.21999979019165,Time stop (5 bars),6,-0.10532836886942198,-0.106501540202385,-10875.106186826903,91237.09028503665
WDAY,2016-11-18,82.75,8.97524907870205,6.55999755859375,0.28353678392988396,1.321375260503175,Hammer,2016-11-25,82.79000091552734,2017-01-06,66.75,Time stop (5 bars),6,-0.1937432146171051,-0.1938522946802376,-19385.22944863853,80614.77055136148
WDAY,2026-02-27,133.75999450683594,0.6271186010907144,24.807090759277344,0.35502342754070026,1.489339208155435,Hammer,2026-03-06,131.76499938964844,2026-04-17,114.30000305175781,Time stop (5 bars),6,-0.13254655195833964,-0.13261741230047722,-10690.922253027351,69923.84829833414
WDC,1990-09-28,1.8870277404785156,1.009127335794247,0.41514599323272705,0.3636362070089364,1.081560095027095,Hammer,1990-10-05,2.037989854812622,1990-11-16,1.471881628036499,Time stop (5 bars),6,-0.27777774528135346,-0.2819927007561975,-28199.270047420476,71800.72995257952
WDC,1991-09-20,0.9435138702392578,5.160036639757905,0.22644329071044922,0.16666657892631073,1.291668368076023,Hammer,1991-09-27,0.9057732820510864,1991-11-08,0.8302922248840332,Time stop (5 bars),6,-0.08333327849561811,-0.09385547298285642,-6738.891463474805,65061.838489104724
WEC,1999-12-03,4.219865322113037,3.559785755157762,0.1990504264831543,0.20000047911191815,1.0482861925232623,Hammer,1999-12-10,4.219865322113037,2000-01-21,4.219865322113037,Time stop (5 bars),6,0.0,-0.002366939354885417,-236.69393525184773,99763.30606474815
WEC,2001-07-27,5.0090837478637695,6.7593596679073045,0.29397153854370117,0.3464573570607118,1.2168814059483946,Hammer,2001-08-03,4.953530311584473,2001-09-07,5.627378940582275,RSI > 90,5,0.13603401748080968,0.13388011916492115,13356.32329087866,113119.6293556268
WEC,2010-02-12,14.04830551147461,6.4968359437110905,0.44727325439453125,0.3504371002132196,1.0162323045756745,Hammer,2010-02-19,14.136345863342285,2010-04-01,14.623503684997559,Time stop (5 bars),6,0.03446136833129909,0.033742037445826094,3816.8867657586416,116936.51612138544
WEC,2014-08-08,29.316162109375,4.049920317457648,1.4654693603515625,0.30414744744432065,1.3808465553902851,Hammer,2014-08-15,29.363435745239258,2014-09-05,30.87779426574707,RSI > 90,3,0.05157293355064341,0.0512236515951202,5989.915354559089,122926.43147594454
WELL,1990-04-20,1.222536325454712,1.9278791664140016,0.08891177177429199,0.2500006703796762,2.1285252889567916,Hammer,1990-04-27,1.222536325454712,1990-06-08,1.182043433189392,Time stop (5 bars),6,-0.033122036067320004,-0.04113352185045605,-4113.352180932254,95886.64781906776
WELL,1992-03-20,2.2604622840881348,2.3087850849128984,0.26511573791503906,0.3157891896947416,2.241454683829322,Hammer,1992-03-27,2.2604622840881348,1992-05-08,2.227985143661499,Time stop (5 bars),6,-0.014367477243592663,-0.018749877552577773,-1797.862903736806,94088.78491533095
WELL,1995-08-04,2.8875973224639893,6.439804755641461,0.4139261245727539,0.3574630270048591,3.1207285008673513,Hammer,1995-08-11,2.8685998916625977,1995-09-22,2.6976237297058105,Time stop (5 bars),6,-0.05960265230913464,-0.06297890060542793,-5925.608227342507,88163.17668798844
WELL,1997-04-18,4.051448822021484,3.0630324963158557,0.17519760131835938,0.125,1.4333437874079036,Hammer,1997-04-25,4.051448822021484,1997-05-30,4.275897979736328,RSI > 90,5,0.05539972675820559,0.05286623032211104,4660.854800055313,92824.03148804374
WELL,2002-10-11,7.907183647155762,1.4065185725615237,0.7086048126220703,0.2575105043430512,1.8891111855770246,Hammer,2002-10-18,7.952801704406738,2002-11-29,8.585208892822266,Time stop (5 bars),6,0.0795200499045643,0.07821345787880868,7260.088469671231,100084.11995771498
WELL,2004-04-16,11.60498046875,9.836716972464615,1.1434307098388672,0.17910396722531097,1.8907567125336107,Hammer,2004-04-23,11.60498046875,2004-06-04,11.010791778564453,Time stop (5 bars),6,-0.051201179681911846,-0.05204045707155237,-5208.423342995142,94875.69661471984
WELL,2008-11-21,15.974503517150879,9.164983638884564,3.1671199798583984,0.3625731187853173,1.4185478310932147,Hammer,2008-11-28,16.00228500366211,2009-01-09,18.405406951904297,Time stop (5 bars),6,0.15017367505279622,0.14950205157805935,14184.111274614042,109059.80788933388
WELL,2020-03-20,35.52559280395508,0.7715900898954118,18.575143814086914,0.18169524244703492,2.7458304689215707,Hammer,2020-03-27,34.16051483154297,2020-05-08,39.009483337402344,Time stop (5 bars),6,0.14194658744961175,0.1416331212837996,15446.480982531426,124506.28887186531
WFC,1990-08-17,0.8634954690933228,1.4174243545717076,0.08871525526046753,0.33333288542356027,1.230044777839234,Hammer,1990-08-24,0.8575810790061951,1990-10-05,0.7097222805023193,Time stop (5 bars),6,-0.17241378351679748,-0.18300749036339795,-18300.749018039045,81699.25098196095
WFC,1996-01-12,3.5854129791259766,5.212096268790134,0.2790205478668213,0.3500000427241974,1.7304212865519695,Hammer,1996-01-19,3.5435597896575928,1996-02-09,3.7092528343200684,RSI > 90,3,0.046758924499051835,0.04387499546048191,3584.5542623737556,85283.8052443347
WFC,2000-10-20,10.488842010498047,9.746747957788784,1.0690250396728516,0.3768120725738969,1.3312989489532576,Hammer,2000-10-27,10.581801414489746,2000-12-08,11.789386749267578,Time stop (5 bars),6,0.11411906985178111,0.11312060063190986,9647.35526376661,94931.1605081013
WFC,2007-03-16,20.23040008544922,6.276213208461968,0.9176673889160156,0.38961011967858467,1.5926669948197265,Hammer,2007-03-23,20.313825607299805,2007-04-27,21.672449111938477,RSI > 90,5,0.06688171548299837,0.06637310298849955,6300.875686921112,101232.0361950224
WFC,2022-03-11,43.51947021484375,5.874044390950218,3.7979660034179688,0.3617024268441384,1.083973050028033,Hammer,2022-03-18,44.587928771972656,2022-04-29,41.08625793457031,Time stop (5 bars),6,-0.078534054705933,-0.07874949984468127,-7971.972210644713,93260.06398437769
WFC,2025-03-14,68.95049285888672,7.272937977376202,5.401206970214844,0.2729724117765878,1.3133096146383292,Hammer,2025-03-21,68.58068084716797,2025-05-02,67.93836975097656,Time stop (5 bars),6,-0.009365773104860198,-0.009510893354619824,-886.9865219134508,92373.07746246424
WM,1993-08-20,6.696547031402588,4.9585992687121205,0.5522923469543457,0.37499967623318464,1.201990846140877,Hammer,1993-08-27,6.627510070800781,1993-10-08,6.765583515167236,Time stop (5 bars),6,0.020833381298773768,0.019309950983759604,1930.9950964449654,101930.99509644497
WM,1997-10-31,20.434823989868164,9.677143912316154,1.8639869689941406,0.25925899396888874,1.4913541955622291,Hammer,1997-11-07,20.710969924926758,1997-12-19,21.746519088745117,Time stop (5 bars),6,0.050000032232774494,0.04950524486832515,5046.11886687544,106977.11396332041
WM,2008-07-18,22.180892944335938,8.025835831682002,1.8614215850830078,0.2718129848625042,1.673314960482465,Hammer,2008-07-25,22.155908584594727,2008-09-05,22.29088020324707,Time stop (5 bars),6,0.006091901766835717,0.0056392822602597545,603.2741404238648,107580.38810374428
WM,2020-03-27,86.11050415039062,8.060051987012116,12.794593811035156,0.29660950749934556,1.8313082998121977,Hammer,2020-04-03,86.86949920654297,2020-05-15,90.3663330078125,Time stop (5 bars),6,0.0402538731454567,0.04013644778520821,4317.894625520472,111898.28272926476
WMB,1992-04-10,1.0760303735733032,4.918467942552795,0.06215333938598633,0.25,1.12429206699746,Hammer,1992-04-16,1.079914927482605,1992-05-29,0.9520795345306396,Time stop (5 bars),6,-0.11837542911825749,-0.1270471900241923,-12704.71898971451,87295.2810102855
WMB,1993-11-19,1.8090167045593262,9.30477590932992,0.1891244649887085,0.0869566861709269,1.831828314848326,Hammer,1993-11-26,1.7350115776062012,1994-01-07,1.624014973640442,Time stop (5 bars),6,-0.06397456097607224,-0.06953781545075621,-6070.323134544813,81224.95787574069
WMB,1994-12-16,1.7764534950256348,9.083318955177234,0.1793534755706787,0.23809558625108507,1.7438148375640234,Hammer,1994-12-23,1.7593721151351929,1995-02-03,1.8704005479812622,RSI > 90,6,0.06310685038766661,0.057260275187656896,4650.963435419788,85875.92131116048
WMB,1998-09-04,5.459174633026123,0.6228902593366001,1.1708307266235352,0.1927710647101706,1.8722844932215024,Hammer,1998-09-11,5.459174633026123,1998-10-23,6.460728168487549,Time stop (5 bars),6,0.18346244675932732,0.1814644666494292,15583.428243174658,101459.34955433515
WMB,2008-01-25,9.030913352966309,7.691547191994687,1.578354835510254,0.38060996057461366,2.4099459823019225,Hammer,2008-02-01,9.06208324432373,2008-02-29,10.087872505187988,RSI > 90,4,0.11319574464368198,0.11203043288481693,11366.534839417589,112825.88439375274
WMB,2012-11-16,15.281915664672852,1.7404787659928047,0.8731155395507812,0.37569031203851766,1.051074191617364,Hammer,2012-11-23,15.426630020141602,2013-01-04,15.457027435302734,Time stop (5 bars),6,0.001970450780335309,0.0013217926514897396,149.13242474036088,112975.0168184931
WMB,2016-02-12,7.5818257331848145,8.50714257607875,2.690506935119629,0.32008371611948244,1.0360434143060278,Hammer,2016-02-19,7.812601089477539,2016-04-01,9.204418182373047,Time stop (5 bars),6,0.1781502827233925,0.1767571761566893,19969.14492912218,132944.1617476153
WMB,2019-08-09,16.48455047607422,2.891554290672161,0.975743293762207,0.3521137360344273,1.054229934473983,Hammer,2019-08-16,16.42957878112793,2019-09-20,17.506940841674805,RSI > 90,5,0.06557453936581759,0.06494611603751851,8634.206946737046,141578.36869435236
WMB,2021-08-06,19.928075790405273,9.661366367422033,1.0218505859375,0.36965043005614623,1.090925393135946,Hammer,2021-08-13,19.769033432006836,2021-09-24,20.142467498779297,Time stop (5 bars),6,0.018889849524350355,0.018379359376635623,2602.1197155892005,144180.48840994158
WMT,1992-02-21,2.6303815841674805,8.241082901413051,0.16400480270385742,0.3846160555673469,1.144639080370475,Hammer,1992-02-28,2.6303815841674805,1992-04-10,2.6014132499694824,Time stop (5 bars),6,-0.011012977878328112,-0.014786600328433253,-1478.6600313646654,98521.33996863532
WMT,2000-10-13,9.56684684753418,3.735408569144468,1.1161327362060547,0.3214286324603751,1.1041986576579905,Hammer,2000-10-20,9.619996070861816,2000-12-01,9.978753089904785,Time stop (5 bars),6,0.037292844654023716,0.03623451027671343,3569.8725019992207,102091.21247063455
WMT,2002-04-05,12.675603866577148,7.893820450655028,1.4017333984375,0.18654478359313767,2.2604964841423487,Hammer,2002-04-12,12.645597457885742,2002-05-24,12.59201431274414,Time stop (5 bars),6,-0.004237296444082772,-0.005026098202339634,-513.1204589602096,101578.09201167434
WMT,2003-12-19,11.342460632324219,8.454370318293897,0.6063270568847656,0.3073138507030734,1.2737175175852973,Hammer,2003-12-26,11.288293838500977,2004-01-30,11.747626304626465,RSI > 90,5,0.04069104443036764,0.03978754759693129,4041.543166678415,105619.63517835275
WMT,2014-02-07,19.37176513671875,8.503217163418626,0.5857505798339844,0.3363247390117941,1.1197031345299742,Hammer,2014-02-14,19.32973861694336,2014-03-28,20.147077560424805,Time stop (5 bars),6,0.042284014268305414,0.04175587575691145,4410.240359587371,110029.87553794011
WRB,1993-04-30,0.9952499866485596,1.5896333141578367,0.08100873231887817,0.14285693263414567,1.830198113474718,Hammer,1993-05-06,0.9952499866485596,1993-06-18,0.8933940529823303,Time stop (5 bars),6,-0.1023420598167728,-0.11182797816475272,-11182.797805292474,88817.20219470754
WRB,2001-04-27,1.5988385677337646,4.198587927176533,0.14142823219299316,0.12362586881503997,1.114390049036627,Hammer,2001-05-04,1.6120489835739136,2001-06-08,1.6835401058197021,RSI > 90,5,0.04434798382322902,0.038026752974349876,3377.429804353599,92194.63199906115
WRB,2006-06-16,6.598646640777588,3.330175779331128,0.44469118118286133,0.2672807304428015,1.1928049839899817,Hammer,2006-06-23,6.608892917633057,2006-08-04,7.250314235687256,Time stop (5 bars),6,0.09705427611678141,0.09546893575654818,8801.723390615247,100996.3553896764
WRB,2006-12-01,7.223967552185059,9.924877783966892,0.3303203582763672,0.33540387913363323,1.022556423356998,Hammer,2006-12-08,7.182933807373047,2007-01-19,6.860424995422363,Time stop (5 bars),6,-0.044899315599934764,-0.04625930355808395,-4672.021057559148,96324.33433211726
WRB,2011-08-12,6.213763236999512,8.335392528469285,0.5090789794921875,0.2857141519048047,1.7982509557048552,Hammer,2011-08-19,6.267238140106201,2011-09-30,6.142159461975098,Time stop (5 bars),6,-0.01995754355186896,-0.021535961344863176,-2074.437138671717,94249.89719344553
WRB,2016-01-22,11.48286247253418,7.401607151160093,0.5042285919189453,0.23611273977629074,1.0055168895359108,Hammer,2016-01-29,11.452516555786133,2016-03-04,12.176177024841309,RSI > 90,5,0.0631878998410671,0.06228753548645523,5870.593810160901,100120.49100360644
WRB,2017-09-08,15.632380485534668,2.0435924081957495,0.9914150238037109,0.39119774061298185,1.9810111805554453,Hammer,2017-09-15,15.899020195007324,2017-10-13,16.414213180541992,RSI > 90,4,0.03240407139657897,0.03176511217542734,3180.3386246080836,103300.82962821452
WSM,1990-08-10,0.8066096901893616,9.807446526404618,0.13151246309280396,0.3333333333333333,2.0699014527069157,Hammer,1990-08-17,0.7803072333335876,1990-09-28,0.526049792766571,Time stop (5 bars),6,-0.32584273181832657,-0.336501982090828,-33650.1981754326,66349.8018245674
WSM,1992-07-10,0.3638511300086975,1.0338568834522448,0.07013997435569763,0.18749976099497473,1.2723057005109948,Hammer,1992-07-17,0.3638511300086975,1992-08-28,0.33316487073898315,Time stop (5 bars),6,-0.08433740268713974,-0.1024693353071963,-6798.820083928802,59550.9817406386
WSM,1996-06-28,1.8641891479492188,4.902729534503749,0.2564493417739868,0.038461306038852706,1.3395561877461195,Hammer,1996-07-05,1.8839160203933716,1996-08-16,1.9529600143432617,Time stop (5 bars),6,0.03664918881865731,0.031258136048628586,1861.4526872168253,61412.43442785542
WSM,2001-08-24,5.083219528198242,7.369230247972922,0.8127474784851074,0.18252461930646452,1.4022554589154574,Hammer,2001-08-31,5.034296989440918,2001-10-12,4.079516410827637,Time stop (5 bars),6,-0.18965519527669228,-0.1914514228144983,-11757.497937957502,49654.936489897926
WSM,2008-01-18,6.859111785888672,1.9663083437237958,1.090489387512207,0.31952642022771216,1.271710247041129,Hammer,2008-01-25,6.597781658172607,2008-03-07,7.5895304679870605,Time stop (5 bars),6,0.15031549408519518,0.1486871534816378,7383.05115561138,57037.9876455093
WSM,2011-08-12,11.534664154052734,5.500268200618422,1.2098541259765625,0.30678435848604474,1.1592026503050663,Hammer,2011-08-19,11.295548439025879,2011-09-30,11.306255340576172,Time stop (5 bars),6,0.0009478868253356421,6.25546232652636e-05,3.567989825405604,57041.55563533471
WSM,2020-03-20,16.088401794433594,0.618779818016634,6.891870498657227,0.33504514539932057,2.3065499265047893,Hammer,2020-03-27,15.924732208251953,2020-05-01,26.270660400390625,RSI > 90,5,0.6496767453821026,0.6488450688947823,37011.13205906318,94052.6876943979
WSM,2025-03-07,184.80055236816406,9.157975173876622,17.429580688476562,0.3359596941165141,1.2339404436710497,Hammer,2025-03-14,186.36009216308594,2025-04-25,135.09197998046875,Time stop (5 bars),6,-0.2751024191260426,-0.27514869650451657,-25878.474395981495,68174.21329841639
WST,2014-02-07,44.466773986816406,9.470025079235157,2.1642684936523438,0.1746717193971975,1.1921600294524222,Hammer,2014-02-14,44.419517517089844,2014-03-28,42.11348342895508,Time stop (5 bars),6,-0.051914883750089125,-0.052134141631224255,-5213.414157909012,94786.585842091
WST,2017-07-28,86.95122528076172,3.9316490128279327,14.302528381347656,0.35302062612920415,3.6312025028707153,Hammer,2017-08-04,87.25222778320312,2017-09-15,89.53402709960938,RSI > 90,6,0.02615175995363539,0.02603565772282727,2467.8311032322354,97254.41694532323
WST,2021-02-26,276.89300537109375,9.82285970724999,18.290802001953125,0.17908144282251026,1.0564233495659818,Hammer,2021-03-05,277.9190673828125,2021-04-16,292.550537109375,RSI > 90,6,0.05264651275764676,0.05260958456837375,5116.514467816349,102370.93141313958
WTW,2005-04-29,55.85696029663086,5.333004967708376,5.510555267333984,0.390909613245288,1.7436487287547027,Hammer,2005-05-06,56.00725173950195,2005-06-17,53.7529296875,Time stop (5 bars),6,-0.04025053867108386,-0.04042547802814135,-4042.5477987715885,95957.45220122841
WTW,2011-08-12,73.55097198486328,9.339932536021294,6.745201110839844,0.21257494850736391,1.8253792101619863,Hammer,2011-08-19,74.27799987792969,2011-09-30,68.17903900146484,Time stop (5 bars),6,-0.08210992334860967,-0.08223901682085788,-7891.446517772041,88066.00568345637
WTW,2019-10-11,172.47848510742188,8.899470977513602,12.9166259765625,0.2747311294453423,1.6390558566999889,Hammer,2019-10-18,172.4601287841797,2019-11-29,174.54161071777344,Time stop (5 bars),6,0.012069351613430479,0.012011018970599916,1057.7624638711923,89123.76814732757
WY,2006-05-26,13.10578727722168,6.039053188321461,0.8722324371337891,0.2930236321372575,1.420646048362623,Hammer,2006-06-02,13.081445693969727,2006-07-14,12.332948684692383,Time stop (5 bars),6,-0.05721821783217629,-0.057960505626585904,-5796.050556862539,94203.94944313745
WY,2014-02-07,18.521242141723633,3.4382512226256523,0.7934131622314453,0.18750075124345816,1.0325790953550897,Hammer,2014-02-14,18.496448516845703,2014-03-28,18.314990997314453,Time stop (5 bars),6,-0.009810397891572897,-0.010348244860770024,-974.8455347143408,93229.10390842312
WY,2016-01-22,16.91590690612793,3.7719986208070964,1.676950454711914,0.32936459642517957,1.5412872882775908,Hammer,2016-01-29,16.83605194091797,2016-03-11,18.396129608154297,RSI > 90,6,0.09266291602752474,0.09204161786771597,8580.95754750771,101810.06145593082
WY,2025-04-11,24.717430114746094,3.4957949170276095,2.546854019165039,0.3605177920818402,1.5671608099947274,Hammer,2025-04-17,24.94736099243164,2025-05-30,24.497081756591797,Time stop (5 bars),6,-0.018049173055877388,-0.018446320008733835,-1878.0209718469368,99932.04048408387
WYNN,2003-07-03,9.277565956115723,6.813246876838946,1.1583614349365234,0.31797255131192215,2.061041918319054,Hammer,2003-07-11,9.341623306274414,2003-08-22,8.27934741973877,Time stop (5 bars),6,-0.1137142712468564,-0.11472334461321683,-11472.33444984935,88527.66555015066
WYNN,2006-06-16,36.784645080566406,5.343172622947748,3.2668991088867188,0.33986884602719764,1.1861582660032517,Hammer,2006-06-23,36.72592544555664,2006-08-04,34.09425354003906,Time stop (5 bars),6,-0.07165706169661623,-0.07191955752471094,-6366.870528695561,82160.7950214551
WYNN,2007-06-29,51.11388397216797,9.96731193905454,3.6204452514648438,0.35118083023734614,1.01235904947487,Hammer,2007-07-06,51.45597457885742,2007-08-03,57.24299240112305,RSI > 90,4,0.11246542057806908,0.11226017131512118,9223.38491527172,91384.17993672682
WYNN,2013-06-28,102.50299835205078,4.965417910403048,6.295799255371094,0.39058510451367723,1.1334686201745092,Hammer,2013-07-05,103.55229949951172,2013-08-16,110.86188507080078,Time stop (5 bars),6,0.07058834624260113,0.07048837316700682,6441.522170499375,97825.7021072262
WYNN,2022-05-13,64.10509490966797,4.470953359563765,10.021556854248047,0.18243220352854164,1.1972237613582848,Hammer,2022-05-20,62.808876037597656,2022-07-01,56.63729476928711,Time stop (5 bars),6,-0.09825969922811884,-0.09841107822434834,-9627.132812798904,88198.56929442729
XEL,1995-03-24,5.574244499206543,3.9336859867909624,0.16017961502075195,0.29999910693288007,1.079244125878613,Hammer,1995-03-31,5.606280326843262,1995-04-13,5.789226531982422,RSI > 90,2,0.03263236842852835,0.030821166483488475,3082.116645266731,103082.11664526672
XEL,2002-08-02,2.7615177631378174,0.7188504427669926,0.9868247509002686,0.26612890950879226,1.0635865931263446,Hammer,2002-08-09,2.666018486022949,2002-09-20,3.7125303745269775,Time stop (5 bars),6,0.3925373713612801,0.3880586727227626,40001.909326813286,143084.02597208
XEL,2011-08-12,13.922942161560059,7.804363459065939,1.3016643524169922,0.2289716271007126,2.642801267408231,Hammer,2011-08-19,14.026345252990723,2011-09-30,15.266613960266113,Time stop (5 bars),6,0.08842422490712165,0.08768002533564379,12545.611009812274,155629.6369818923
XEL,2014-08-08,20.909717559814453,5.619889161281435,0.9442214965820312,0.3043487043575925,1.5064182023970292,Hammer,2014-08-15,20.984981536865234,2014-09-05,21.90867805480957,RSI > 90,3,0.04401702790739348,0.04353012489980467,6774.577529158456,162404.21451105076
XOM,1997-10-31,12.675806999206543,5.34978447475612,1.8697786331176758,0.2620691062197638,2.4181881336282465,Hammer,1997-11-07,12.817652702331543,1997-12-19,12.904029846191406,Time stop (5 bars),6,0.006738920601597531,0.005956423029844268,595.6423023887846,100595.64230238879
XOM,2010-05-28,33.116703033447266,5.41989971803649,1.7582626342773438,0.37694557383308963,1.1207326917987437,Hammer,2010-06-04,33.07288360595703,2010-07-16,31.9280948638916,Time stop (5 bars),6,-0.03461411940080217,-0.03491120398819769,-3511.914985230549,97083.72731715825
XOM,2011-08-12,40.67536926269531,6.178036218928,3.6775970458984375,0.16897703462440097,1.6249072927398123,Hammer,2011-08-19,41.262901306152344,2011-09-30,39.5511474609375,Time stop (5 bars),6,-0.04148408839490936,-0.04172138128473625,-4050.4671998920567,93033.26011726618
XOM,2013-04-19,51.283851623535156,6.153457836729842,2.140491485595703,0.3342457990044857,1.585351724927655,Hammer,2013-04-26,51.377681732177734,2013-05-24,54.095069885253906,RSI > 90,4,0.05289043922303471,0.05269067440247488,4901.985212537638,97935.24532980383
XOM,2014-02-07,54.60704040527344,3.723691861173336,1.7539558410644531,0.37148561622831344,1.0538559635996905,Hammer,2014-02-14,54.52866744995117,2014-03-28,57.12699508666992,Time stop (5 bars),6,0.04765067180678151,0.04746292992478835,4648.2936816071415,102583.53901141096
XOM,2014-10-17,55.74581527709961,3.938326872500454,3.434833526611328,0.2348756859291376,1.8442157526953715,Hammer,2014-10-24,55.39133071899414,2014-12-05,55.625038146972656,Time stop (5 bars),6,0.004219205874726795,0.004038307683469287,414.2638933729884,102997.80290478395
XYL,2019-08-09,70.5807113647461,6.498240801787702,3.2800445556640625,0.3501402580002884,1.0017922907000028,Hammer,2019-08-16,70.13969421386719,2019-09-27,70.99385070800781,Time stop (5 bars),6,0.012177932962412985,0.012034502446711526,1203.4502434677024,101203.4502434677
XYL,2024-07-05,130.99398803710938,8.634677959203813,5.463783264160156,0.3553590104852482,1.1728383423437234,Hammer,2024-07-12,131.53060913085938,2024-08-23,129.8036651611328,Time stop (5 bars),6,-0.01312959759814103,-0.013205123549460721,-1336.4040627602876,99867.0461807074
XYZ,2022-05-13,84.1500015258789,1.213162683595911,28.868499755859375,0.34011108256876854,1.2359206180242697,Hammer,2022-05-20,82.2699966430664,2022-07-01,70.79000091552734,Time stop (5 bars),6,-0.1395404910169834,-0.13965355449828948,-13965.355435863592,86034.6445641364
YUM,1999-05-28,6.997927665710449,3.0763418574487957,0.7508506774902344,0.18999992379249203,1.282107560412232,Hammer,1999-06-04,6.967893600463867,1999-07-16,6.577451229095459,Time stop (5 bars),6,-0.05603449101783298,-0.05742843564137693,-5742.84355839485,94257.15644160514
YUM,2008-10-10,13.981047630310059,4.099312954982608,3.6968374252319336,0.305898362275453,2.267750827705958,Hammer,2008-10-17,14.493228912353516,2008-11-28,12.547564506530762,Time stop (5 bars),6,-0.13424644139611552,-0.13488988328473628,-12714.33681844491,81542.81962316022
YUM,2013-10-25,37.706138610839844,3.358802117357726,1.8125190734863281,0.22187519073285614,1.1106649344985573,Hammer,2013-11-01,37.706138610839844,2013-11-22,41.829627990722656,RSI > 90,3,0.10935856950086587,0.10907889635293094,8894.600761105838,90437.42038426606
YUM,2014-10-17,39.5275764465332,4.566810125416751,2.034099578857422,0.27238305637186416,1.3043116943231903,Hammer,2014-10-24,39.429290771484375,2014-11-14,42.30265808105469,RSI > 90,3,0.07287392832458339,0.07261110200163315,6566.7607497197605,97004.18113398581
YUM,2025-04-11,141.56988525390625,7.197503074286942,9.626739501953125,0.3995939121696376,1.42207177495312,Hammer,2025-04-17,143.52256774902344,2025-05-30,142.54884338378906,Time stop (5 bars),6,-0.0067844686762928985,-0.006853905355342885,-664.8574759000192,96339.32365808579
ZBH,2008-04-25,64.06700897216797,7.6601852809848765,6.913402557373047,0.36894411377321834,1.959013223126321,Hammer,2008-05-02,64.1700668334961,2008-06-13,61.018245697021484,Time stop (5 bars),6,-0.049116687764292455,-0.04926868474758331,-4926.868469831463,95073.13153016852
ZBH,2016-01-22,88.43726348876953,9.164163613194859,6.315032958984375,0.39265503960257286,1.3868486775932474,Hammer,2016-01-29,87.83073425292969,2016-03-11,87.82181549072266,Time stop (5 bars),6,-0.00010154488952973661,-0.00021538798950037662,-20.477610635310256,95052.65391953322
ZBRA,1992-06-19,3.944444417953491,6.940665817472151,0.5,0.33333349227905273,1.5423148518909737,Hammer,1992-06-26,3.944444417953491,1992-08-07,3.8888888359069824,Time stop (5 bars),6,-0.014084513852861691,-0.016598684551301472,-1659.8684534702788,98340.13154652972
ZBRA,1996-01-12,13.111111640930176,9.23115372733308,2.555556297302246,0.30434769628633107,2.108188627727108,Hammer,1996-01-19,13.111111640930176,1996-03-01,13.222222328186035,Time stop (5 bars),6,0.00847454360078781,0.007708891935650544,758.0934462717632,99098.22499280148
ZBRA,2007-08-17,35.27000045776367,8.156685625841604,2.7399978637695312,0.38321169915658926,1.2389213707251603,Hammer,2007-08-24,35.2599983215332,2007-10-05,36.5,Time stop (5 bars),6,0.03516737769410305,0.03487882424527853,3456.429569086562,102554.65456188805
ZBRA,2011-08-12,34.279998779296875,4.287246608226226,4.489999771118164,0.24276173900927464,1.6781317240487188,Hammer,2011-08-19,34.58000183105469,2011-09-30,29.1200008392334,Time stop (5 bars),6,-0.1578947571633127,-0.1581610727835685,-16220.154168236346,86334.50039365172
ZBRA,2014-10-03,70.61000061035156,1.6515136355019706,7.4900054931640625,0.30173571144815786,1.875448043220137,Hammer,2014-10-10,71.0,2014-11-21,70.83000183105469,Time stop (5 bars),6,-0.0023943404076804953,-0.002535006956486484,-218.85855886383365,86115.64183478788
ZBRA,2018-10-12,157.7100067138672,8.975937732460281,16.169998168945312,0.39270201383954395,1.634625729565484,Hammer,2018-10-19,156.99000549316406,2018-11-16,180.61000061035156,RSI > 90,4,0.15045540665463575,0.15038691863490855,12950.666008850509,99066.3078436384
ZBRA,2022-02-25,418.07000732421875,4.390550140486141,38.529998779296875,0.2042563033097277,1.0773047548152905,Hammer,2022-03-04,414.25,2022-04-14,410.7799987792969,Time stop (5 bars),6,-0.008376587135070945,-0.008400625751537442,-832.2189759487853,98234.08886768961
ZBRA,2023-05-05,273.79998779296875,6.683209025893547,44.589996337890625,0.37093540935922664,1.7840257108446935,Hammer,2023-05-12,274.0,2023-06-23,281.55999755859375,Time stop (5 bars),6,0.027591231965670593,0.027554232800838546,2706.764950931817,100940.85381862144
ZTS,2016-02-12,37.13920593261719,1.5912085121732957,2.480236053466797,0.20740596051241272,1.0715132110730516,Hammer,2016-02-19,38.26908874511719,2016-04-01,39.031532287597656,Time stop (5 bars),6,0.01992322178243011,0.019659345712743085,1965.9345693083737,101965.93456930836
ZTS,2022-01-28,186.4368896484375,3.5620209291309664,13.765579223632812,0.33564487147796185,1.3375071001844843,Hammer,2022-02-04,187.10511779785156,2022-03-18,177.9598846435547,Time stop (5 bars),6,-0.04887751474642932,-0.048929653094376906,-4989.157800931034,96976.77676837731
