ticker,signal_date,signal_close,rsi_at_signal,signal_range,signal_body_percentile,signal_atr_mult,pattern,entry_date,entry_price,exit_date,exit_price,exit_reason,bars_held,gross_return,net_return,pnl,equity_after
A,2025-03-07,125.6882,4.694719665022163,7.985800000000012,0.34782989806907333,1.0257793028528968,Hammer,2025-03-14,124.2101,2025-07-11,119.9443,RSI > 90,17,-0.03434342295835846,-0.034422546051164404,-3442.2546016741862,96557.7453983258
A,2026-02-13,125.81,4.5260430985495645,8.985,0.46355036171396685,1.099410164667272,Hammer,2026-02-20,125.865,2026-03-19,111.75,End of data,4,-0.11214396377070668,-0.11221895606578211,-10835.60937783009,85722.13602049572
AAL,2017-08-25,44.00729,3.3926647295761114,3.3260700000000014,0.24561118677598573,1.1541134569634754,Hammer,2017-09-01,43.98783,2017-09-29,45.68977,Profit target (+2%),4,0.03869115616751273,0.038459448960205575,3845.9448921746116,103845.94489217461
AAL,2021-07-09,20.89,2.645828459497608,2.134999999999998,0.42154566744730654,1.089045474647665,Hammer,2021-07-16,20.72,2021-07-30,21.03,Profit target (+2%),2,0.01496138996139007,0.014475271411339146,1503.198235777997,105349.14312795262
AAP,2022-02-25,185.5,1.1117827283515709,24.50829999999999,0.4558170089316683,2.0499100661117597,Hammer,2022-03-04,182.2785,2022-03-11,186.2309,Profit target (+2%),1,0.021683303296877954,0.021627848927631955,2162.784890600411,102162.78489060041
AAPL,2015-07-10,27.52686,2.0454190892681936,1.5652399999999993,0.4208300324550867,1.4304170428784795,Hammer,2015-07-17,27.91761,2015-07-24,29.24394,Profit target (+2%),1,0.04750872298882314,0.04714208306458447,4714.20830174424,104714.20830174423
AAPL,2018-11-16,45.96059,0.5004558062279472,3.305799999999998,0.45402020690906747,1.3043391719880555,Hammer,2018-11-23,45.12226,2019-02-08,39.75746,RSI > 90,11,-0.1188947539418459,-0.11910317621765641,-12471.794791383232,92242.41351036099
AAT,2018-02-16,22.68937,1.0701286312760203,1.5065799999999996,0.2592627009518242,1.3555536828212245,Hammer,2018-02-23,22.64055,2018-03-23,23.368,Profit target (+2%),4,0.03213040319250182,0.0316817211328493,3168.1721101167586,103168.17211011675
AAT,2025-04-11,17.09359,1.9684108330940546,2.1390400000000014,0.3318778517465782,1.5756205779762897,Hammer,2025-04-17,17.22437,2025-04-25,17.56063,Profit target (+2%),1,0.019522339568878166,0.018936269869414837,1953.620347057788,105121.79245717452
ABBV,2015-08-28,41.49394,4.340941311900679,7.296129999999998,0.35111079435262316,3.2554254156772977,Hammer,2015-09-04,41.59771,2016-03-18,38.14326,RSI > 90,28,-0.08304423488696855,-0.08327462321565121,-8327.462313237658,91672.53768676236
ABBV,2023-05-19,131.3969,3.4832017710274954,7.587999999999994,0.45226673695308545,1.2060280353213915,Hammer,2023-05-26,131.7229,2023-07-28,131.0134,RSI > 90,9,-0.00538630716450994,-0.005462016778526167,-500.71693847445147,91171.8207482879
ABG,2017-04-07,58.0,2.1258400093823155,4.699999999999996,0.4893617021276594,1.16071796499741,Hammer,2017-04-13,58.05,2017-04-28,62.45,Profit target (+2%),2,0.07579672695951767,0.07561794849711491,7561.794842149697,107561.7948421497
ABR,2025-04-11,9.301661,2.377255805363518,1.3528080000000013,0.46405254847694566,1.6870982769169236,Hammer,2025-04-17,9.53155,2025-04-25,9.655337,Profit target (+2%),1,0.012987079750932384,0.011931673403903926,1193.1673391972254,101193.16733919723
ABT,2015-08-28,37.70784,2.6406331731143524,3.1192199999999985,0.42030058796750364,2.0651271918643044,Hammer,2015-09-04,37.6177,2015-10-30,35.9159,RSI > 90,8,-0.045239342118204906,-0.045499126856924116,-4549.912681142499,95450.08731885749
ABT,2021-06-04,100.115,0.5071305518331997,5.441379999999995,0.33838842352491566,1.1325293436525454,Hammer,2021-06-11,100.7471,2021-07-02,103.5044,Profit target (+2%),3,0.027368529714502987,0.027267917988806147,2602.7251504322667,98052.81246928977
ACA,2020-03-13,36.48096,2.7351571302688455,6.230610000000006,0.44724513330155485,1.958467096370283,Hammer,2020-03-20,31.83989,2020-04-03,35.79412,Profit target (+2%),2,0.12419106975558014,0.12385754825970513,12385.754813584757,112385.75481358475
ACAD,2025-04-11,14.58,4.061356135567792,2.299999999999999,0.48695652173913034,1.455799567390483,Hammer,2025-04-17,14.86,2025-05-16,17.88,RSI > 90,4,0.20323014804845219,0.2024890682811974,20248.906807870837,120248.90680787082
ACGL,2016-01-22,20.70104,1.5468480810442031,2.259969999999999,0.25385735208874394,2.546647137055814,Hammer,2016-01-29,20.78979,2016-02-05,21.27792,Profit target (+2%),1,0.02347931364386091,0.022992778479609604,2299.2778456616825,102299.2778456617
ACHC,2014-03-14,46.16,4.802365490509317,3.3900000000000006,0.36283185840708077,1.1943812607697932,Hammer,2014-03-21,46.57,2014-06-27,47.42,Profit target (+2%),14,0.018252093622503685,0.01803542673107897,1803.542671304354,101803.54267130434
ACHC,2016-12-16,35.16,2.181851263588129,4.289999999999999,0.38927738927738975,1.1040621769698962,Hammer,2016-12-23,35.34,2017-01-20,37.57,Profit target (+2%),4,0.06310130164119965,0.06280944971000127,6394.224487319034,108197.76715862336
ACI,2023-03-03,18.55441,3.1572406199014296,0.97485,0.4834179617377042,1.10698706390689,Hammer,2023-03-10,18.6191,2023-04-06,19.27515,Profit target (+2%),4,0.03523532286737807,0.03468892456548229,3468.8924530793365,103468.89245307934
ACI,2026-01-09,16.51454,4.032341071977953,1.5959399999999988,0.46583831472361104,1.5959647832948012,Hammer,2026-01-16,16.52445,2026-01-23,17.13904,Profit target (+2%),1,0.03719276587117881,0.03657653460943948,3784.533522025895,107253.42597510525
ACIW,2016-01-15,19.04,3.980572147535085,2.299900000000001,0.21305274142354094,1.3570053057688456,Hammer,2016-01-22,19.11,2016-03-11,20.14,RSI > 90,7,0.053898482469911135,0.05336123463248766,5336.123457912641,105336.12345791265
ACM,2016-01-22,24.98482,4.734942665551031,2.1476599999999983,0.22532896268496933,1.1774475691718194,Hammer,2016-01-29,24.8021,2016-02-05,25.97537,Profit target (+2%),1,0.04730526850548955,0.0468926234827932,4689.262343590059,104689.26234359006
ACM,2024-05-31,85.84129,2.4779855480238098,4.520870000000002,0.45219393612291325,1.2804650848005674,Hammer,2024-06-07,86.0182,2024-06-28,88.70135,Profit target (+2%),3,0.03119281733400614,0.031074756577295568,3253.193340330503,107942.45568392056
ACN,2015-09-04,78.80987,3.489507009503228,3.5545800000000014,0.3497656544514387,1.1637476654590786,Hammer,2015-09-11,80.32849,2015-10-09,83.4158,Profit target (+2%),4,0.0384335619902727,0.03830668877948666,3830.668874117997,103830.66887411798
ACN,2020-03-13,151.2539,1.2166754975149843,25.125700000000023,0.33767019426324474,2.5548574504349157,Hammer,2020-03-20,134.7032,2020-04-03,149.0829,Profit target (+2%),2,0.1067509903253967,0.1066727934899285,11075.907487654025,114906.57636177201
ACN,2026-02-27,208.72,1.4296162630472793,25.29000000000002,0.20956899960458708,1.3066706069874132,Hammer,2026-03-06,205.24,2026-03-13,212.84,Profit target (+2%),1,0.03702981874878186,0.036980194401812425,4249.267527655766,119155.84388942776
ADAM,2015-08-28,7.061028,0.8445229161841752,1.3306490000000002,0.3064512129043801,3.619957722397585,Hammer,2015-09-04,7.028835,2016-04-29,6.217838,RSI > 90,34,-0.11538142522907413,-0.1167211059116399,-11672.11057949188,88327.88942050812
ADAM,2020-03-27,3.842464,1.2924462307462932,2.4903589999999998,0.25042413563666904,2.174421088373653,Hammer,2020-04-03,3.520582,2020-04-17,4.80811,Profit target (+2%),2,0.3657145324267408,0.3623594629198809,32006.446539255507,120334.33595976362
ADAM,2022-05-13,7.429286,2.427884978426846,0.6842769999999998,0.35714337907017113,1.3013965042073128,Hammer,2022-05-20,7.453724,2022-08-05,7.973424,RSI > 90,11,0.06972353685218269,0.06833608536795292,8223.177446619156,128557.51340638279
ADBE,2016-02-12,76.67,2.0643054803150136,7.060000000000002,0.2351274787535405,1.318381693721703,Hammer,2016-02-19,77.13,2016-02-26,82.09,Profit target (+2%),1,0.06430701413198503,0.06417320282621398,6417.320276204078,106417.32027620407
ADBE,2021-10-08,576.86,1.7112036321729676,34.004999999999995,0.3398000294074394,1.2809670867525873,Hammer,2021-10-15,574.5,2021-10-22,610.65,Profit target (+2%),1,0.06292428198433409,0.06290489675382364,6694.170538690203,113111.49081489428
ADC,2015-08-28,18.45038,4.04140121972533,0.9097000000000008,0.3380235242387608,1.2420333250248086,Hammer,2015-09-04,18.3735,2015-09-25,18.92445,Profit target (+2%),3,0.029986121316025738,0.029433849334820614,2943.3849305386766,102943.38493053867
ADC,2024-02-16,52.07563,3.1847198933025,2.625230000000002,0.4782590477786718,1.1469154922772684,Hammer,2024-02-23,52.08932,2024-05-03,53.47881,Profit target (+2%),10,0.026675141852494866,0.026480622071657658,2726.004868396768,105669.38979893544
ADM,2018-12-28,32.9031,4.283221992932752,1.879950000000001,0.3390568898109005,1.112479746594141,Hammer,2019-01-04,32.95151,2019-01-11,33.5163,Profit target (+2%),1,0.01714003394685104,0.016834003357758583,1683.4003340924578,101683.40033409247
ADM,2019-08-16,31.05318,3.880282749292718,1.8300400000000003,0.3991005661078449,1.1977138084178014,Hammer,2019-08-23,31.42247,2019-09-13,32.22398,Profit target (+2%),3,0.025507542850705223,0.025185291720905216,2560.9260980267836,104244.32643211925
ADM,2020-03-13,29.15771,0.8863353003307566,5.227180000000001,0.46698984921123765,2.534423835620255,Hammer,2020-03-20,26.17797,2020-04-03,28.43382,Profit target (+2%),2,0.08617360322439072,0.08577521954155708,8941.57997673519,113185.90640885445
ADMA,2017-05-12,4.34,1.3227722359466156,0.5999999999999996,0.43333333333333324,1.0044281778251716,Hammer,2017-05-19,4.1,2018-01-19,3.6,RSI > 90,35,-0.12195121951219501,-0.1242387332521314,-12423.873312789266,87576.12668721072
ADNT,2025-03-07,14.94,2.9080880401300533,2.5799999999999983,0.49612403100775204,1.412266583773061,Hammer,2025-03-14,14.89,2025-05-16,15.6,RSI > 90,9,0.047683008730691645,0.04699563611950308,4699.563607250746,104699.56360725073
ADSK,2016-01-22,49.03,3.5109156070912917,4.770000000000003,0.18029350104821779,1.212176106435263,Hammer,2016-01-29,48.81,2016-02-26,49.9,Profit target (+2%),4,0.0223314894488833,0.022124347024480094,2212.4347002355753,102212.43470023556
ADSK,2020-03-13,158.03,1.7858692193263153,30.80000000000001,0.2818181818181819,2.360008884633937,Hammer,2020-03-20,140.9892,2020-03-27,147.81,Profit target (+2%),1,0.0483781736473432,0.04830553313540555,4937.426146325279,107149.86084656086
ADT,2023-03-03,7.018017,3.620592696363957,0.8189219999999997,0.3798884387035636,1.4805277971455828,Hammer,2023-03-10,7.027167,2023-06-23,5.880844,RSI > 90,15,-0.16312733139827196,-0.16443338163044197,-16443.33814660086,83556.66185339914
ADUS,2017-08-11,34.25,4.040824359054213,3.5500000000000043,0.380281690140845,1.3495542932370415,Hammer,2017-08-18,34.85,2017-10-13,35.65,RSI > 90,8,0.022955523672883782,0.022665327786544155,2266.532776387883,102266.53277638787
ADUS,2022-01-28,76.19,2.455426270770232,8.36,0.4988038277511964,1.0388934864537807,Hammer,2022-02-04,76.03,2022-03-04,83.07,Profit target (+2%),4,0.09259502827831101,0.09245742092457424,9455.29985794796,111721.83263433583
AEE,2022-10-14,68.47523,2.2624841639864712,4.817959999999999,0.4464130046741783,1.1250693516620143,Hammer,2022-10-21,69.21162,2022-11-04,73.9353,Profit target (+2%),2,0.06824981123111984,0.06810040709875746,6810.040703065706,106810.0407030657
AEO,2020-03-20,7.551382,0.6814850780622947,2.0304059999999993,0.30212775178954326,1.4898504732187265,Hammer,2020-03-27,7.473621,2020-04-17,8.337624,Profit target (+2%),3,0.11560701298607468,0.11419257641214871,11419.257629795615,111419.25762979563
AEO,2025-03-07,12.36395,2.120432907560854,1.6045200000000008,0.288285593199212,1.0870319020837562,Hammer,2025-03-14,12.11339,2025-05-23,11.63279,RSI > 90,10,-0.03967510333606039,-0.04048392566999414,-4510.688939579884,106908.56869021575
AEP,2021-06-11,71.27003,2.8396668671241656,3.666080000000008,0.3532137869331817,1.3704275610679906,Hammer,2021-06-18,71.24481,2021-07-23,73.65056,RSI > 90,5,0.03376737196716495,0.03362465106924492,3362.4651035620273,103362.46510356202
AES,2019-08-16,11.98648,2.0896136069984976,0.7057900000000004,0.3575426118250467,1.1266240922585724,Hammer,2019-08-23,11.98648,2019-09-20,12.49118,Profit target (+2%),4,0.04210577250368752,0.041254290546287854,4125.429050503357,104125.42905050336
AES,2020-03-20,9.502343,1.3066724116178108,3.674456000000001,0.25054511470541485,2.8419882759957438,Hammer,2020-03-27,9.590402,2020-04-03,11.00735,Profit target (+2%),1,0.1477464656851717,0.1466273117061695,15267.631726659158,119393.06077716252
AES,2022-02-25,17.91071,0.6986020634573862,1.3371500000000012,0.14593725460868143,1.214097785151361,Hammer,2022-03-04,17.81738,2022-03-11,18.69128,Profit target (+2%),1,0.04904761530595403,0.04847276289698679,5787.311520809621,125180.37229797214
AESI,2023-11-03,17.04187,3.8220200201175487,1.6358799999999984,0.1923062816343493,1.0577586670756263,Hammer,2023-11-10,17.12276,2024-03-01,16.74089,RSI > 90,16,-0.022301895255204096,-0.02287923231058818,-2287.9232287708946,97712.07677122911
AGO,2015-07-02,19.94549,3.9583533789527507,2.185019999999998,0.3811315228235899,1.7805995064550144,Hammer,2015-07-10,19.73111,2015-07-17,20.95967,Profit target (+2%),1,0.06226512345225377,0.061742663574534035,6174.266351279137,106174.26635127915
AGO,2016-02-12,19.1363,2.0321863639767628,1.4976199999999977,0.3277800777233217,1.0657902267165456,Hammer,2016-02-19,19.37759,2016-02-26,20.1264,Profit target (+2%),1,0.038643092355653996,0.03811719692775824,4047.0654151248973,110221.33176640405
AGYS,2016-11-04,9.19,2.0266798337036533,1.7100000000000009,0.4035087719298251,1.6621935481354129,Hammer,2016-11-11,9.42,2016-11-18,10.53,Profit target (+2%),1,0.11783439490445846,0.11671087533156502,11671.087521485413,111671.08752148542
AHCO,2021-05-07,26.34,4.537626488397592,6.84,0.4385964912280702,1.5734823161554106,Hammer,2021-05-14,25.98,2021-06-18,27.62,Profit target (+2%),5,0.06312548113933802,0.0627284972099288,6272.849714720032,106272.84971472003
AHCO,2021-12-03,20.0,3.527041302173984,3.4849999999999994,0.4935437589670012,1.306712728998877,Hammer,2021-12-10,19.79,2021-12-17,21.63,Profit target (+2%),1,0.09297625063163206,0.09244758777469064,9824.668592243419,116097.51830696345
AHRT,2017-02-10,8.041337,3.6550516664280934,0.6036869999999999,0.2233011477802223,1.5186170828634185,Hammer,2017-02-17,8.047197,2017-03-03,8.223028,Profit target (+2%),2,0.021849968380294182,0.02059450358703325,2059.4503566438743,102059.45035664387
AHRT,2025-04-11,6.323317,2.800189514779703,0.7480710000000004,0.4339628190372311,1.314920287574437,Hammer,2025-04-17,6.398595,2025-05-23,6.85967,RSI > 90,5,0.07205878790578235,0.07044090077526766,7189.159608561546,109248.60996520541
AIG,2016-02-12,41.01302,3.9248211737398293,2.9954899999999967,0.44949574193203845,1.2401098858914925,Hammer,2016-02-19,41.01302,2016-04-08,42.73288,Profit target (+2%),7,0.041934488121089464,0.041685581117762445,4168.558107607687,104168.55810760768
AIG,2017-09-08,47.78193,1.5324921277153152,2.22204,0.3237430469298473,1.4588989576947422,Hammer,2017-09-15,48.24553,2017-10-06,49.59385,Profit target (+2%),3,0.027947045042307606,0.027736897397811038,2889.312605419319,107057.870713027
AIG,2025-07-25,78.75231,2.516499237749457,3.922879999999992,0.4611535402561391,1.1144157237721017,Hammer,2025-08-01,78.61466,2025-08-29,81.81982,Profit target (+2%),4,0.040770512777133616,0.04064072523335774,4350.909503365558,111408.78021639255
AIN,2020-03-20,35.04063,2.3238172267768533,10.611330000000002,0.3603959164402578,1.6998753168543967,Hammer,2020-03-27,34.854,2020-04-03,44.3257,Profit target (+2%),1,0.2717536007344925,0.271427751800109,27142.775152868126,127142.77515286813
AIN,2024-05-03,82.44697,2.2459598539842887,9.917580000000001,0.3991165183441941,2.047085256754862,Hammer,2024-05-10,83.80048,2024-05-17,87.25727,Profit target (+2%),1,0.041250241048738756,0.04112845603891317,5229.186033310973,132371.9611861791
AIR,2015-08-28,23.34006,0.6910596287420816,2.3732400000000027,0.4475822082890895,1.5001662783865186,Hammer,2015-09-04,23.21566,2015-12-31,25.34593,Profit target (+2%),17,0.09176004472842902,0.09130963547117088,9130.963537986125,109130.96353798611
AIR,2020-03-20,13.31974,3.3706710089792153,8.90629,0.4619622760992513,1.8577534066511796,Hammer,2020-03-27,13.39944,2020-04-03,17.95,Profit target (+2%),1,0.33960822243317623,0.3387355234534228,36966.534022049585,146097.4975600357
AIR,2024-01-12,59.56,4.69299997836562,4.960000000000001,0.09879032258064555,1.3467339735912625,Hammer,2024-01-19,59.25,2024-02-09,61.66,Profit target (+2%),3,0.0406751054852319,0.04050291114673854,5917.373956517602,152014.8715165533
AIZ,2017-09-08,77.15161,0.20690249310005981,6.99524000000001,0.42041445325678534,1.9921529056436407,Hammer,2017-09-15,78.46906,2017-09-29,79.99051,Profit target (+2%),2,0.019389170712635018,0.019260504681419658,1926.050466215915,101926.05046621592
AIZ,2020-03-20,81.81587,1.2296364932363275,21.45814,0.3810721712133482,2.609907945637193,Hammer,2020-03-27,82.31009,2020-04-03,93.94673,Profit target (+2%),1,0.1413756199270344,0.14124554805200357,14396.60084448024,116322.65131069615
AJG,2015-08-28,36.20637,1.3850030643157254,3.5900899999999965,0.37471205457244844,2.729434308541982,Hammer,2015-09-04,36.14035,2015-10-30,36.27586,RSI > 90,8,0.003749548634697897,0.003472369198251028,347.23691947786585,100347.23691947787
AKR,2022-05-13,16.70511,3.497955941588401,1.1326199999999993,0.16105136762550318,1.0004725058872603,Hammer,2022-05-20,16.73056,2022-11-11,12.43714,RSI > 90,25,-0.2566214161390893,-0.25714227668509454,-25714.22764279523,74285.77235720477
AL,2020-03-20,14.90157,0.5183005909578355,11.755835999999999,0.3676072037752143,2.861526052664611,Hammer,2020-03-27,14.66747,2020-04-03,18.07097,Profit target (+2%),1,0.23204410849314838,0.23128348533000903,23128.348509872558,123128.34850987255
ALB,2023-11-03,122.8052,3.2433128397203603,20.275599999999997,0.44959951863323394,1.149791372291561,Hammer,2023-11-10,120.0321,2023-12-01,120.3295,Profit target (+2%),3,0.0024776705564595325,0.0023942597746862506,239.42597722919908,100239.42597722921
ALG,2016-11-04,60.61341,4.922631338537158,6.405170000000005,0.23728956452365813,2.123065002970103,Hammer,2016-11-11,61.53108,2016-11-18,70.11503,RSI > 90,1,0.1395059212352523,0.1393320796514825,13933.207951215041,113933.20795121505
ALGT,2020-03-13,109.5185,0.8548732678152504,27.546220000000005,0.4884227309590934,2.3125698457721637,Hammer,2020-03-20,95.79366,2020-05-29,89.85912,RSI > 90,10,-0.06195128153575091,-0.062052433718801446,-6205.2433656749,93794.7566343251
ALK,2021-07-09,59.38,0.90533126766897,5.160000000000004,0.3313953488372092,1.1203049122639532,Hammer,2021-07-16,58.82,2021-10-01,61.64,Profit target (+2%),11,0.04794287657259444,0.04776880577985554,4776.880573208673,104776.88057320868
ALLE,2018-12-28,71.24287,3.946924383158162,4.580219999999997,0.3722768775299016,1.1347839718109984,Hammer,2019-01-04,71.50588,2019-01-18,74.07262,Profit target (+2%),2,0.035895509572079876,0.035753160917611285,3575.316088185813,103575.31608818582
ALLY,2016-01-22,12.01855,4.104113376158054,1.3523800000000001,0.33333086854286614,1.4885167213351922,Hammer,2016-01-29,11.90394,2016-02-12,12.82844,Profit target (+2%),2,0.07766336187850409,0.07679104941329784,7679.10493365068,107679.10493365067
ALRM,2022-02-25,65.23,0.49267667145745975,8.864899999999999,0.4890072082031376,1.4535844770919442,Hammer,2022-03-04,64.76,2022-03-25,67.5,Profit target (+2%),3,0.04231006794317471,0.04215239712807842,4215.239708592602,104215.2397085926
ALRM,2023-11-03,52.33,1.4399757507239315,4.149700000000003,0.36629153914740875,1.172831522240615,Hammer,2023-11-10,52.09,2023-11-17,56.46,Profit target (+2%),1,0.08389326166250721,0.08369325271139254,8722.112384587479,112937.35209318007
ALRM,2026-02-06,48.22,3.7819978158419474,4.285000000000004,0.2578763127187872,1.566285056119934,Hammer,2026-02-13,48.0,2026-03-13,49.52,Profit target (+2%),4,0.03166666666666673,0.031455056764920414,3552.450817418332,116489.8029105984
AM,2018-11-16,7.081619,3.5644572348324886,0.584568,0.39591801124933323,1.0192214196210878,Hammer,2018-11-23,7.038671,2019-04-12,6.842925,RSI > 90,20,-0.027810079488016948,-0.029210052542204226,-2921.005251299418,97078.99474870057
AMAT,2020-03-13,48.17731,4.7073648934623264,10.47992,0.4769654730188785,2.1982070034748373,Hammer,2020-03-20,41.70192,2020-04-03,42.97996,Profit target (+2%),2,0.030647030160721567,0.030403587701992727,3040.358767158914,103040.3587671589
AMCR,2024-02-16,40.09236,4.124611529102282,1.995750000000001,0.4222222222222215,1.1137534173621302,Hammer,2024-02-23,39.87061,2024-03-01,41.02371,Profit target (+2%),1,0.028921052374167422,0.028666646102718,2866.664607405136,102866.66460740514
AME,2016-01-22,43.78919,3.181342104156357,3.155140000000003,0.46153894914330285,1.351541305775188,Hammer,2016-01-29,43.67717,2016-03-11,44.75066,RSI > 90,6,0.024577828645949484,0.024346089033580674,2434.6089009234584,102434.60890092346
AME,2020-03-20,60.91628,3.6031275622091954,15.274740000000008,0.46192602951015865,2.4338755123591365,Hammer,2020-03-27,60.07997,2020-04-03,68.22201,Profit target (+2%),1,0.13552004103863546,0.13534233269984136,13863.738903983176,116298.34780490663
AMKR,2015-05-08,6.530089,1.1140229284190184,0.6171019999999992,0.3216761572641145,1.004939722036466,Hammer,2015-05-15,6.548694,2015-09-11,4.995239,RSI > 90,17,-0.23721600062546833,-0.238560878795989,-23856.087855742815,76143.91214425718
AMKR,2020-03-20,6.464974,2.012148988302968,2.4464570000000005,0.41064649818083876,1.8187513779523923,Hammer,2020-03-27,6.70683,2020-04-03,7.237051,Profit target (+2%),1,0.07905687187538679,0.07750807156915474,5901.767786130749,82045.67993038794
AMN,2025-08-08,17.24,2.0267744401103727,3.2750000000000004,0.27480916030534414,1.2678886619452592,Hammer,2025-08-15,17.41,2025-08-22,18.94,Profit target (+2%),1,0.08788052843193572,0.08728107952914163,8728.107944186057,108728.10794418605
AMP,2015-08-28,91.49932,3.79180741756052,15.920590000000004,0.062436756426741034,3.2311656666555346,Hammer,2015-09-04,91.21073,2015-10-30,92.88616,RSI > 90,8,0.018368781830822023,0.018258144730081083,1825.8144711822938,101825.81447118228
AMP,2016-07-01,73.58149,3.5785150983590057,5.4917700000000025,0.44179016965386325,1.1281077006299183,Hammer,2016-07-08,72.80281,2016-07-15,75.18804,Profit target (+2%),1,0.03276288374033931,0.03262328588100652,3321.892652237818,105147.70712342011
AMP,2019-08-16,112.8683,2.5713495890703513,7.272100000000009,0.4140069581001356,1.047884328692803,Hammer,2019-08-23,115.0839,2019-09-13,121.8556,Profit target (+2%),3,0.0588414191733162,0.05875197347441846,6177.635293633464,111325.34241705357
AMP,2020-03-13,102.466,1.9972993118522453,24.87973000000001,0.22529183395479005,2.2627131002742393,Hammer,2020-03-20,82.07043,2020-04-03,92.94626,Profit target (+2%),2,0.13251825292008323,0.1323883408225823,14738.17735936139,126063.51977641496
AMP,2022-03-11,256.3202,4.256702224496138,19.84129999999999,0.3490144294980663,1.1004753447715003,Hammer,2022-03-18,260.8928,2022-03-25,285.0569,Profit target (+2%),1,0.09262080057402877,0.09258069634929829,11671.048433472984,137734.56820988792
AMPH,2019-10-04,19.79,3.0460547230736523,1.4299999999999997,0.46153846153846173,1.0261089867425166,Hammer,2019-10-11,19.74,2020-05-15,18.8,RSI > 90,31,-0.04761904761904756,-0.04811344644213702,-4811.344639402358,95188.65536059764
AMWD,2016-11-04,73.25,1.5533301067881382,5.549999999999997,0.4144144144144141,1.0818508825020205,Hammer,2016-11-11,74.85,2016-11-18,78.2,Profit target (+2%),1,0.04475617902471618,0.044619597889252585,4461.959784463299,104461.95978446331
AMZN,2025-02-28,212.28,4.713624542481483,15.810000000000002,0.4864010120177101,1.3337114835984916,Hammer,2025-03-07,213.352,2025-05-23,201.645,RSI > 90,11,-0.0548717612208931,-0.0549173451070272,-5491.734505210985,94508.26549478901
AN,2016-01-22,45.66,1.583638793866939,3.960000000000001,0.4621212121212134,1.072713068859647,Hammer,2016-01-29,45.49,2016-02-19,48.59,Profit target (+2%),3,0.06814684546054073,0.06791955159907695,6791.955153115741,106791.95515311573
AN,2020-03-20,26.5,1.6978091514821045,10.41,0.4322766570605187,2.466991155801478,Hammer,2020-03-27,26.45,2020-04-03,28.89,Profit target (+2%),1,0.09224952741020798,0.09185409185409191,9809.278048103079,116601.23320121883
AN,2022-12-23,107.14,4.671026825056856,12.150000000000006,0.3893004115226339,1.2748386161780851,Hammer,2022-12-30,107.06,2023-01-13,111.31,Profit target (+2%),2,0.03969736596301132,0.03960211086723023,4617.65495987278,121218.8881610916
ANDE,2024-05-10,51.76945,3.80393903485313,8.572880000000005,0.4515378729201856,2.4357632737524058,Hammer,2024-05-17,52.07969,2024-08-02,53.331,RSI > 90,11,0.024026832725002834,0.02383253121022725,2383.2531186394717,102383.25311863948
ANDE,2025-05-09,34.17324,1.5149337758703325,6.6216500000000025,0.46016325236157174,1.9434671536074803,Hammer,2025-05-16,35.45024,2025-06-27,36.29828,Profit target (+2%),6,0.02392198191041861,0.023636562606824736,2419.9881698091176,104803.2412884486
ANET,2016-02-05,3.70125,4.381054848932223,0.609969,0.41595392552736327,1.415317330191703,Hammer,2016-02-12,3.6425,2016-02-26,4.125,Profit target (+2%),2,0.1324639670555936,0.12954078135709385,12954.078122755309,112954.07812275532
ANGI,2016-11-04,77.9,1.5289152521550449,14.5,0.4482751724137929,1.672766833236921,Hammer,2016-11-11,78.6,2016-11-18,83.0,Profit target (+2%),1,0.055979643765903475,0.05584886457604485,5584.886452019598,105584.88645201961
ANGI,2022-01-28,78.0,1.4165338825890785,13.400000000000006,0.3731343283582088,1.042516686054224,Hammer,2022-02-04,84.1,2022-02-18,85.60001,Profit target (+2%),2,0.017836028537455473,0.017716069199215378,1870.5491529047285,107455.43560492432
AON,2022-05-06,277.8033,3.504376435533217,19.970000000000027,0.42225338007010604,1.227416309011167,Hammer,2022-05-13,274.931,2022-08-05,279.0162,RSI > 90,12,0.01485900098570192,0.014822358658015166,1482.2358643192806,101482.23586431927
AORT,2017-08-11,18.4,2.287702104098571,1.3999999999999986,0.42857142857143005,1.1527024059456463,Hammer,2017-08-18,18.55,2017-08-25,19.0,Profit target (+2%),1,0.02425876010781658,0.02371328482888707,2371.328480517379,102371.32848051739
AOS,2015-08-28,27.19207,4.3323868331197986,6.482510000000001,0.49448438953430074,3.5887280150871264,Hammer,2015-09-04,26.99435,2015-09-18,29.00515,Profit target (+2%),2,0.0744896617255093,0.07410548772470443,7410.548765059895,107410.54876505988
AOS,2022-02-25,64.41031,0.5801560797573728,6.042820000000006,0.37019967498618334,1.5431688401225805,Hammer,2022-03-04,63.4171,2022-08-05,58.05789,RSI > 90,22,-0.08450733319562065,-0.08465834464642441,-9093.199246920816,98317.34951813908
AOSL,2021-05-14,28.47,1.5974171120583236,4.827399999999997,0.34801342337490176,1.088112895806387,Hammer,2021-05-21,28.0,2021-05-28,30.9,Profit target (+2%),1,0.10357142857142843,0.10319585788252102,10319.585777932516,110319.58577793252
APAM,2020-03-13,13.44209,2.333102395143939,4.013919999999999,0.4601511739147765,2.6371975568831454,Hammer,2020-03-20,11.57094,2020-04-03,13.33344,Profit target (+2%),2,0.15232124615631903,0.15139159325290205,15139.159310151048,115139.15931015104
APAM,2022-02-25,27.92255,0.6187741047154987,2.612300000000001,0.13611376947517514,1.155936966856217,Hammer,2022-03-04,27.47266,2022-03-25,28.04591,Profit target (+2%),3,0.020866199341454283,0.020498470393767156,2360.1766459221944,117499.33595607324
APD,2015-07-10,97.16376,0.7513014260062931,3.6026200000000017,0.2638885033669963,1.078318421082406,Hammer,2015-07-17,97.96435,2015-08-07,101.6313,Profit target (+2%),3,0.037431473796335046,0.03732749068969017,3732.7490652362676,103732.74906523628
APD,2022-02-25,216.9241,0.3295550051521161,12.182699999999983,0.11555730667257524,1.0575157784014768,Hammer,2022-03-04,214.1627,2022-04-01,222.5372,Profit target (+2%),4,0.039103447986040596,0.039055842687763076,4051.3699250096997,107784.11899024599
APG,2019-11-22,6.433333,3.0779744569909155,0.20000100000000032,0.16666916665416634,1.1620618634076803,Hammer,2019-11-29,6.433333,2020-01-10,7.233334,RSI > 90,6,0.1243524934897664,0.12270272444746176,12270.272432475904,112270.2724324759
APG,2021-05-21,12.96,4.872274529509696,0.8266600000000004,0.20967507802482266,1.0014861670615267,Hammer,2021-05-28,13.05333,2021-06-04,14.29333,Profit target (+2%),1,0.09499491700585194,0.09419274899623452,10575.045580396025,122845.31801287193
APH,2020-03-20,16.59993,1.7389361166790422,2.55729,0.36700569743752165,1.5949021007262647,Hammer,2020-03-27,16.33922,2020-04-03,17.6712,Profit target (+2%),1,0.08152041529522203,0.08088363959858581,8088.363951770218,108088.36395177021
APLE,2016-01-22,10.0867,4.561441966696393,1.044243999999999,0.3241771080322217,1.555072956110524,Hammer,2016-01-29,10.09818,2016-02-05,10.53625,Profit target (+2%),1,0.04338108451225886,0.042369828113524834,4236.982807115501,104236.9828071155
APLE,2018-10-26,11.10434,1.5812533332372283,0.39706999999999937,0.4138061299015259,1.1236421033749127,Hammer,2018-11-02,11.17965,2019-02-08,11.30109,RSI > 90,14,0.010862594088365984,0.009963655545770245,1038.5813907818929,105275.56419789739
APLE,2020-03-06,9.792361,2.0785452441991055,1.0066959999999998,0.4393967990336711,2.1648651269299695,Hammer,2020-03-13,9.151739,2020-06-12,10.0059,RSI > 90,13,0.09333319055536893,0.09219013450093994,9705.368413361128,114980.93261125851
APLE,2024-02-16,13.68682,3.0245590551801484,0.7174200000000006,0.45508906916450537,1.0932891813698946,Hammer,2024-02-23,13.54076,2024-03-01,13.96176,Profit target (+2%),1,0.03109131245218144,0.030341597665985372,3488.7051930618773,118469.6378043204
APLS,2020-03-20,24.41,0.5677350980621299,8.389999999999997,0.0989272943980928,1.6630005888817132,Hammer,2020-03-27,24.31,2020-04-03,26.2,Profit target (+2%),1,0.07774578362813656,0.07731852765782429,7731.852758050578,107731.85275805058
APLS,2022-05-13,39.45,2.7530122307965854,7.365000000000002,0.16768499660556674,1.0826099092904127,Hammer,2022-05-20,39.18,2022-05-27,45.14,Profit target (+2%),1,0.15211842776926998,0.15184381778741868,16358.415803736036,124090.26856178661
APO,2020-03-13,30.9693,0.22405203207431157,6.710729999999998,0.17201556313545585,2.1193058021212625,Hammer,2020-03-20,25.84364,2020-04-03,30.36628,Profit target (+2%),2,0.17500011608271904,0.17457939760080224,17457.939742622286,117457.93974262227
APO,2025-02-28,147.0178,3.8730135620838126,11.287099999999981,0.2958155770747137,1.0745895195847843,Hammer,2025-03-07,148.6134,2025-07-03,143.3199,RSI > 90,17,-0.03561926448086128,-0.03568535255392346,-4191.527985781446,113266.41175684081
APO,2026-02-06,132.4888,1.8564379333921437,14.461000000000013,0.24449208215199594,1.5337603612722,Hammer,2026-02-13,133.7935,2026-03-19,111.37,End of data,5,-0.16759782799612832,-0.16766630418128747,-18990.96062815447,94275.45112868633
APPF,2018-11-02,57.94,1.0243321634056741,10.899999999999999,0.37706422018348623,1.7445085674482723,Hammer,2018-11-09,57.86,2018-11-16,59.32,Profit target (+2%),1,0.025233321811268583,0.025058325412598403,2505.832538754008,102505.832538754
APPF,2020-03-13,101.11,2.2115219074253076,33.92999999999999,0.4076038903625111,3.2487582558649337,Hammer,2020-03-20,92.55,2020-04-03,105.99,Profit target (+2%),2,0.14521880064829817,0.14510291178218354,14873.894761156207,117379.7272999102
APPF,2021-05-14,127.68,3.932105437792032,21.72,0.19613259668508246,1.397587810008486,Hammer,2021-05-21,126.08,2021-05-28,132.02,Profit target (+2%),1,0.04711294416243672,0.04703176428599765,5520.575660803484,122900.30296071367
APPF,2022-05-13,93.91,2.284725283872447,22.906999999999996,0.38940061989784797,2.2664187577170174,Hammer,2022-05-20,92.61,2022-05-27,98.37,Profit target (+2%),1,0.06219630709426638,0.06208497543594456,7630.262282755792,130530.56524346945
APTV,2020-03-13,66.47,2.684617520225771,14.379999999999995,0.47844228094575786,2.0607724832566805,Hammer,2020-03-20,59.01,2020-04-17,61.56,Profit target (+2%),4,0.04321301474326389,0.043039905108870694,4303.990506583079,104303.99050658308
APTV,2022-05-13,98.13,0.9748078032676943,12.669999999999987,0.21231254932912394,1.0527519071172808,Hammer,2022-05-20,96.09,2022-06-03,104.35,Profit target (+2%),2,0.08596107815589549,0.08585254175555425,8954.762691282594,113258.75319786569
AR,2020-03-13,1.26,4.6600862486458965,0.6548999999999999,0.496258970835242,1.2407217249195532,Hammer,2020-03-20,1.05,2020-04-17,1.66,Profit target (+2%),4,0.5809523809523809,0.5687203791469192,56872.03785781989,156872.0378578199
ARES,2020-03-13,26.13004,4.8775581544766595,5.12978,0.14308605827150517,2.234146279256278,Hammer,2020-03-20,22.20723,2020-04-03,24.70131,Profit target (+2%),2,0.11230936951614412,0.11183388610688799,11183.388599505412,111183.38859950542
ARES,2025-02-28,164.1102,4.364233947008529,10.925299999999993,0.33610976357628647,1.0375381472548915,Hammer,2025-03-07,167.6527,2025-05-16,167.8799,RSI > 90,10,0.00135518246947397,0.001295496717418693,144.0377148181085,111327.42631432351
ARI,2016-01-22,4.994312,4.158252735381026,0.7175729999999998,0.17333288738567404,2.916001905755421,Hammer,2016-01-29,4.975177,2016-02-26,5.201611,Profit target (+2%),4,0.04551275261161547,0.0434590979396916,4345.909789623251,104345.90978962324
ARLO,2022-05-13,6.76,0.779142265560111,1.04,0.38461538461538497,1.0322036504801235,Hammer,2022-05-20,6.67,2022-06-03,7.24,Profit target (+2%),2,0.0854572713643178,0.08389513108614238,8389.513100224725,108389.51310022474
ARMK,2020-03-20,13.02234,0.5717525295150381,8.913905,0.2646617840329239,3.162126694305301,Hammer,2020-03-27,13.26362,2020-04-03,14.18182,Profit target (+2%),1,0.06922695312441096,0.06844720852658377,6844.720845813657,106844.72084581364
AROC,2014-10-17,12.26145,1.9990613637324088,1.2947100000000002,0.46786539070525474,1.6219363560069375,Hammer,2014-10-24,12.26478,2014-10-31,12.40457,Profit target (+2%),1,0.011397676925309685,0.010578021773821528,1057.8021763243505,101057.80217632436
AROC,2020-03-13,2.959185,0.7010598034724609,1.0445569999999997,0.48126143427309365,1.542827617744328,Hammer,2020-03-20,2.723876,2020-04-17,3.001969,Profit target (+2%),4,0.10209458874045652,0.098243012874165,9928.22295031523,110986.0251266396
ARR,2016-01-22,23.14525,3.438009778631198,3.3136100000000006,0.2830206330859692,2.339163573890271,Hammer,2016-01-29,22.9952,2016-02-05,23.80797,Profit target (+2%),1,0.03534520247703865,0.03490273997617412,3490.2739941271375,103490.27399412713
ARR,2018-02-09,35.23772,0.8667897862891323,2.0108899999999963,0.39844049152365124,1.4391004738501436,Hammer,2018-02-16,35.33198,2018-02-23,36.68856,Profit target (+2%),1,0.03839524419520224,0.038106821805372205,3943.6854257396626,107433.95941986679
ARR,2019-05-10,33.81767,4.873416384694465,1.1081900000000005,0.2580604408991256,1.018198915866754,Hammer,2019-05-17,33.54956,2019-07-12,34.17398,Profit target (+2%),8,0.018611868531211773,0.018311073070247347,1967.231079195938,109401.19049906274
ARR,2019-08-09,32.22051,2.9826567912718644,1.1967599999999976,0.3230722951970325,1.018803760513485,Hammer,2019-08-16,32.22051,2019-11-29,32.57572,RSI > 90,15,0.011024344431543653,0.010712320766994823,1171.9406437451257,110573.13114280788
ARR,2022-02-25,19.89212,0.399877539138501,2.8973799999999983,0.44537823827043793,2.290540446203004,Hammer,2022-03-04,19.69733,2022-03-11,20.0869,Profit target (+2%),1,0.019777807449029794,0.019265234111904606,2130.2172558223065,112703.34839863017
ARR,2022-10-14,12.77486,1.1158117545779902,1.92558,0.4490335379470078,1.2011770881838966,Hammer,2022-10-21,12.93864,2022-11-04,14.54914,Profit target (+2%),2,0.12447212380899386,0.12365146125819314,13935.93370424593,126639.2821028761
ARR,2023-05-26,14.61699,3.455364530907744,1.4983900000000006,0.3877561916457002,1.4115691751015822,Hammer,2023-06-02,14.83105,2023-06-09,15.6567,Profit target (+2%),1,0.05567036723630503,0.05497757152341767,6962.320182522817,133601.60228539893
ARW,2020-03-13,56.81,3.2012900192665086,14.600000000000001,0.44794520547945194,2.726564399180681,Hammer,2020-03-20,52.44,2020-04-17,58.79,Profit target (+2%),4,0.12109077040427163,0.12088854990942907,12088.854978854051,112088.85497885405
ARWR,2016-01-22,4.19,2.9290562589418556,1.4899000000000004,0.3757970333579433,1.6071321999797228,Hammer,2016-01-29,4.16,2016-03-11,4.32,RSI > 90,6,0.03846153846153855,0.036014405762304934,3601.4405726290533,103601.44057262904
ARWR,2023-10-06,25.19,4.838481452903807,3.34,0.47604790419161674,1.1034748062423168,Hammer,2023-10-13,24.97,2023-10-20,26.76,Profit target (+2%),1,0.07168602322787354,0.07127127127127136,7383.80636776254,110985.24694039157
ASGN,2020-03-13,40.98,0.23509169877921465,9.239900000000006,0.2748947499431817,1.9684462872205453,Hammer,2020-03-20,35.3,2020-04-17,39.33,Profit target (+2%),4,0.1141643059490085,0.11386489165840538,11386.489154454048,111386.48915445406
ASGN,2025-04-11,60.13,3.9765997689026875,6.799999999999997,0.43676470588235294,1.1760987126564661,Hammer,2025-04-17,60.87,2025-12-19,48.38,RSI > 90,35,-0.20519139149006071,-0.20533880903490748,-22871.96900268327,88514.52015177078
ASH,2016-02-12,38.08273,3.473556238103427,2.212130000000002,0.34456835719419826,1.0094232859361378,Hammer,2016-02-19,38.61298,2016-03-04,39.9276,Profit target (+2%),2,0.03404606430272916,0.033782709504743595,3378.270947096088,103378.2709470961
ASH,2022-02-25,86.59655,3.32967402110296,5.106080000000006,0.14941599034876,1.1792855003259988,Hammer,2022-03-04,85.55455,2022-04-01,90.86598,Profit target (+2%),4,0.062082379020168776,0.061961873338510845,6405.5113239727125,109783.78227106882
ASO,2022-02-25,31.98369,3.641877336238977,4.8623600000000025,0.40437153974613216,1.1000479691755736,Hammer,2022-03-04,31.56719,2022-03-25,37.58354,RSI > 90,3,0.19058870935297056,0.19024179190610474,19024.179171586293,119024.1791715863
ASTH,2017-07-21,8.95,2.8501055550388514,1.25,0.24000000000000057,1.1927191886118396,Hammer,2017-08-03,9.1,2017-09-29,9.0,Profit target (+2%),7,-0.01098901098901095,-0.012081274025260923,-1208.127401317965,98791.87259868202
ASTH,2023-05-12,33.5,4.811485091470914,5.169999999999998,0.34042553191489333,1.2855858176231334,Hammer,2023-05-19,33.54,2023-07-28,34.41,Profit target (+2%),10,0.025939177101967692,0.025637203756148395,2532.747364731117,101324.61996341313
ATEN,2019-04-26,6.304001,3.112141837487087,1.2533180000000002,0.4701496348093615,2.97570385822222,Hammer,2019-05-03,6.294648,2019-06-28,6.107586,RSI > 90,8,-0.029717626783896334,-0.03128143032753571,-3128.1430296254284,96871.85697037456
ATI,2015-07-10,27.21256,1.6613447662853105,2.090299999999999,0.462962254221882,1.0083340495098183,Hammer,2015-07-17,27.39643,2016-02-26,11.54087,RSI > 90,32,-0.5787454788817374,-0.5790048183616694,-57900.48177826647,42099.518221733524
ATR,2022-05-13,102.3899,1.9762323671887856,7.476129999999998,0.4573221706952659,1.2261611874412344,Hammer,2022-05-20,102.1804,2022-08-05,101.6091,RSI > 90,11,-0.005591091833659023,-0.005688679596106799,-568.8679590418119,99431.13204095818
ATR,2025-11-07,115.7724,3.4585248363352434,8.631699999999995,0.09982969751033974,1.1737526976385801,Hammer,2025-11-14,115.5433,2025-11-21,118.0336,Profit target (+2%),1,0.02155295893400999,0.021465482400000808,2134.337212703007,101565.4692536612
AUB,2018-10-26,25.64817,0.14051483232573503,1.7306899999999992,0.45211447457372517,1.0450064115887558,Hammer,2018-11-02,25.91798,2018-11-09,26.74286,Profit target (+2%),1,0.03182655438425375,0.031434657589520944,3143.4657558086283,103143.46575580862
AUB,2020-03-13,18.71207,1.0531908098352574,4.81649,0.38666539326355887,2.48029951531291,Hammer,2020-03-20,16.05497,2020-03-27,16.94602,Profit target (+2%),1,0.05549994799118285,0.054860002851811064,5658.450819850887,108801.9165756595
AVA,2018-02-16,35.39318,4.0190255357535705,0.909320000000001,0.37209123300927943,1.570309620900209,Hammer,2018-02-23,35.38613,2018-03-23,36.22431,Profit target (+2%),4,0.023686681759209183,0.02340077866968364,2340.077864628286,102340.0778646283
AVAV,2018-02-09,47.98,1.8778321012152759,4.18,0.430622009569379,1.1568084757591075,Hammer,2018-02-16,48.26,2018-02-23,51.48,Profit target (+2%),1,0.06672192291752999,0.06650782140267268,6650.782133616485,106650.78213361649
AVAV,2025-03-07,132.33,1.0121288780510866,40.76000000000002,0.4538763493621195,2.22479479520187,Hammer,2025-03-14,130.04,2025-04-17,149.625,Profit target (+2%),5,0.1506075053829592,0.15052481833211592,16053.589589587107,122704.3717232036
AVB,2018-12-28,135.9541,4.828059224255128,8.244100000000003,0.32421974502977857,1.5007178567304276,Hammer,2019-01-04,136.3242,2019-01-18,140.2768,Profit target (+2%),2,0.028994118432384086,0.028919703189045513,2891.970316012581,102891.97031601258
AVGO,2020-03-13,20.15019,1.3320967259046341,5.37866,0.47121030145054754,2.867303742461351,Hammer,2020-03-20,17.90994,2020-04-03,20.31597,Profit target (+2%),2,0.1343404835527089,0.13374479624268915,13374.479610894436,113374.47961089444
AVGO,2021-05-14,40.03901,2.5611338970836215,2.6647900000000035,0.23516674859932807,1.1332598848636344,Hammer,2021-05-21,40.08615,2021-05-28,41.42617,Profit target (+2%),1,0.03342850336088632,0.033174902690493904,3761.1873249156206,117135.66693581006
AVNS,2016-01-22,24.95,3.809175425857404,3.1099999999999994,0.3311897106109329,1.122315021555565,Hammer,2016-01-29,24.78,2016-02-26,25.63,Profit target (+2%),4,0.034301856335754444,0.03389146661287056,3389.14665789791,103389.14665789792
AVNS,2022-05-13,26.37,1.2928511480203753,3.035,0.49588138385502434,1.1259725531277383,Hammer,2022-05-20,26.28,2022-05-27,27.81,Profit target (+2%),1,0.05821917808219168,0.05782765836028149,5978.752245115207,109367.89890301312
AVNT,2015-07-31,26.93274,0.6674231829962594,2.4912899999999993,0.38801183322696337,1.7107612781961874,Hammer,2015-08-07,26.86987,2015-10-16,26.9619,RSI > 90,10,0.003425025874706611,0.003052293834351631,305.2293831299337,100305.22938312995
AVNT,2017-08-11,29.06271,4.506735806573232,2.088619999999999,0.3217052407809944,1.481660706281385,Hammer,2017-08-18,29.24081,2017-09-22,30.44409,Profit target (+2%),5,0.04115070683746458,0.04080174219828414,4092.6281063375955,104397.85748946754
AVNT,2020-03-20,12.55184,0.05433095588823278,7.80506,0.35044189282337357,2.7687198073856654,Hammer,2020-03-27,12.526,2020-04-03,15.22245,Profit target (+2%),1,0.2152682420565224,0.21438432686936398,22381.264382102025,126779.12187156956
AVT,2020-03-13,22.8982,0.5241695130409454,5.240000000000002,0.4304408396946565,2.19367700287259,Hammer,2020-03-20,19.91371,2020-04-03,21.1744,Profit target (+2%),2,0.06330764081630202,0.062789708771301,6278.970870851128,106278.97087085113
AVTR,2020-03-20,10.41,0.37380036866115063,4.595,0.1828073993471164,2.4684009765288115,Hammer,2020-03-27,10.27,2020-04-03,11.55,Profit target (+2%),1,0.12463485881207403,0.12360097323600977,12360.097311240883,112360.09731124088
AVTR,2023-04-28,19.48,2.1989183977215845,2.030000000000001,0.39408866995073905,1.1886219859036782,Hammer,2023-05-05,19.27,2023-05-12,20.11,Profit target (+2%),1,0.04359107420861452,0.0430609597924773,4838.333627759848,117198.43093900073
AVY,2022-02-25,167.1775,0.7561154460900212,13.322699999999998,0.16423097420192517,1.272506919046088,Hammer,2022-03-04,163.7935,2022-05-06,168.8862,Profit target (+2%),9,0.03109219840836186,0.031030198689243182,3103.0198658212985,103103.01986582129
AVY,2024-07-05,208.7342,2.794110711259421,7.4202999999999975,0.4531218414349832,1.0008008886681088,Hammer,2024-07-12,209.6907,2024-09-06,213.2752,RSI > 90,8,0.01709422497039692,0.01704612922439524,1757.5073983006723,104860.52726412195
AWK,2015-06-19,40.69746,3.00097321671025,1.4075500000000005,0.3333309651522158,1.0809485710116953,Hammer,2015-06-26,40.87542,2015-08-07,41.99984,Profit target (+2%),6,0.02750846352159808,0.02726048313593639,2726.0483108675908,102726.04831086758
AX,2020-03-13,18.92,1.1276011468716263,4.560000000000002,0.4035087719298243,2.02842437211494,Hammer,2020-03-20,16.2,2020-04-03,17.96,Profit target (+2%),2,0.10864197530864206,0.10799136069114487,10799.136058315351,110799.13605831534
AXON,2020-03-13,62.43,3.2224621601052235,18.659999999999997,0.4335476956055733,2.2728847094289653,Hammer,2020-03-20,54.32,2020-03-27,60.53,Profit target (+2%),1,0.11432253313696616,0.11412793373216744,11412.79336180395,111412.79336180395
AXTA,2015-10-02,26.05,4.298384904681285,2.3099999999999987,0.0952380952380948,1.1453862513596957,Hammer,2015-10-09,26.35,2015-10-16,27.16,Profit target (+2%),1,0.030740037950664156,0.03035477139062798,3035.4771360273207,103035.47713602733
AXTA,2018-02-09,30.57,3.9886381649994007,2.3099999999999987,0.2857142857142859,1.228419878073713,Hammer,2018-02-16,30.81,2018-03-02,31.8,Profit target (+2%),2,0.03213242453748788,0.03180269349342867,3276.8056950294495,106312.28283105677
AXTA,2022-03-11,23.61,3.0105805064006006,2.724999999999998,0.28807339449541314,1.367147016951575,Hammer,2022-03-18,24.06,2022-03-25,24.72,Profit target (+2%),1,0.027431421446383997,0.027010180760440518,2871.5139734504064,109183.79680450718
AYI,2016-02-12,174.0251,4.841789361371241,14.440699999999993,0.3118685382287548,1.104956390831348,Hammer,2016-02-19,176.4852,2016-02-26,187.0228,Profit target (+2%),1,0.0597081228340961,0.059649770922124756,5964.977086247498,105964.9770862475
AYI,2020-03-13,93.90463,0.978633162421346,19.45219999999999,0.39455023082222074,2.2316400561864267,Hammer,2020-03-20,85.41513,2020-04-17,89.67461,Profit target (+2%),4,0.04986798006395343,0.049747992657000174,5271.5448967142875,111236.52198296179
AZO,2023-06-02,2381.23,4.171851349374251,182.01999999999998,0.43220525217009165,1.4676107320284064,Hammer,2023-06-09,2376.39,2023-06-23,2493.83,Profit target (+2%),2,0.04941949764138043,0.04939900344638554,4939.900340192689,104939.90034019269
AZZ,2020-03-20,23.42178,0.7724709445710829,7.804180000000002,0.2813235983793303,2.129323400239267,Hammer,2020-03-27,23.32031,2020-04-03,26.06007,Profit target (+2%),1,0.11748385849073184,0.11702995587196911,11702.995575493918,111702.99557549391
AZZ,2022-07-01,39.30356,4.056087629775476,2.975520000000003,0.42765298166371035,1.1064266199528279,Hammer,2022-07-08,38.74864,2022-08-05,40.66428,Profit target (+2%),4,0.04943760606823866,0.049173187344466136,5492.792322879042,117195.78789837296
BA,2024-01-19,215.02,4.424642861838592,15.659999999999997,0.3250319284802046,1.052857504678059,Hammer,2024-01-26,213.07,2024-12-20,168.09,RSI > 90,47,-0.21110433190970102,-0.21114630998474715,-21114.63097736008,78885.36902263993
BAC,2020-03-13,20.86731,1.582714541691061,3.541219999999999,0.49268331253070935,1.9099565074498561,Hammer,2020-03-20,17.1447,2020-04-03,18.69938,Profit target (+2%),2,0.0906799185754199,0.09007038023988766,9007.038014981728,109007.03801498174
BAC,2022-03-11,36.40229,3.127903924565828,3.1004699999999943,0.48762606959589916,1.186961618314839,Hammer,2022-03-18,36.91677,2022-03-25,39.12366,Profit target (+2%),1,0.05978014869664938,0.05950121026158821,6486.0506824363165,115493.08869741805
BAH,2016-02-12,21.94862,0.8994126464929906,1.5737399999999973,0.36702377775236145,1.2411046084333308,Hammer,2016-02-19,22.0993,2016-03-04,23.10381,Profit target (+2%),2,0.045454380907992586,0.044991698447813436,4499.169840282173,104499.16984028218
BALL,2016-01-29,30.01011,4.223276739990098,2.5865399999999994,0.33333333333333287,1.579136479511306,Hammer,2016-02-05,29.83947,2016-03-11,30.48253,RSI > 90,5,0.02155065086611807,0.021211969922736072,2121.1969901524108,102121.1969901524
BALL,2017-12-15,35.97126,1.4175749776870958,1.5429299999999984,0.32544574283991995,1.237833206921333,Hammer,2017-12-22,36.19037,2018-03-16,38.37701,RSI > 90,12,0.060420493075920456,0.060135868206347906,6141.146837133148,108262.34382728556
BANC,2020-03-13,10.80525,2.04855802366653,1.857959000000001,0.19138204879655651,1.6399154087730088,Hammer,2020-03-20,9.457876,2020-06-12,11.61018,RSI > 90,12,0.2275673734779351,0.22639037011580815,22639.036988941778,122639.03698894178
BANF,2018-12-28,43.18839,3.1177528975513553,3.4561200000000056,0.4526318530606582,1.222916278252539,Hammer,2019-01-04,43.24024,2019-01-11,45.08981,Profit target (+2%),1,0.04277427692353242,0.04253809205359939,4253.809201106131,104253.80920110614
BANF,2020-03-13,35.10541,0.7886948400383318,9.94933,0.3792185001402105,2.84404278848358,Hammer,2020-03-20,30.19259,2020-04-17,33.87423,Profit target (+2%),4,0.12193852862573218,0.1215871862622149,12675.927305204379,116929.73650631052
BANF,2023-05-05,71.73541,1.9531187253346332,11.957480000000004,0.45418349016682474,1.9032343986064175,Hammer,2023-05-12,72.28802,2023-05-26,78.22389,Profit target (+2%),2,0.08211415944163347,0.08197015424172334,9584.748527281594,126514.48503359211
BANR,2016-02-12,26.99163,1.3159739527178544,2.86618,0.3209847253138317,1.3965744222020722,Hammer,2016-02-19,27.38794,2016-03-04,28.35041,Profit target (+2%),2,0.03514210999439893,0.034770637981903364,3477.0637947132727,103477.06379471326
BAX,2015-10-02,28.4591,4.007254256751693,1.8322399999999988,0.36574357071126096,1.1328193752227784,Hammer,2015-10-09,28.69662,2015-10-30,30.08776,Profit target (+2%),3,0.04847748619872316,0.04812062873106115,4812.062868294051,104812.06286829406
BBT,2023-05-05,18.12127,0.5094562014826209,3.127480000000002,0.44347845549771725,1.801839485021405,Hammer,2023-05-12,18.36603,2023-05-26,18.86844,Profit target (+2%),2,0.027355394715134373,0.026803614168612364,2680.361414180875,102680.36141418088
BBY,2015-11-20,21.05578,4.024910025056386,2.332629999999998,0.44970269609839564,1.4804289859491446,Hammer,2015-11-27,21.02127,2015-12-04,21.89773,Profit target (+2%),1,0.04169396045053397,0.041208450191117976,4120.845014990953,104120.84501499096
BC,2020-03-13,37.02099,2.0375580054061686,9.137360000000001,0.3729304744477619,2.0829542521594497,Hammer,2020-03-20,32.22543,2020-04-17,33.72015,Profit target (+2%),4,0.04638324453700049,0.04606578317447193,4606.578312840615,104606.5783128406
BC,2025-03-07,57.59172,1.295816317364796,6.546279999999996,0.44642758940955724,1.324612390028986,Hammer,2025-03-14,57.24102,2025-05-23,50.58724,RSI > 90,10,-0.11624146460003681,-0.11640599643433723,-12176.832969915911,92429.7453429247
BCO,2018-09-07,66.42416,2.3126196392856713,5.61909,0.46759528678131146,1.4468812179261707,Hammer,2018-09-14,66.83901,2019-01-25,66.5968,RSI > 90,19,-0.00362378198001434,-0.0037731129535766503,-377.31129498035375,99622.68870501965
BCO,2023-10-13,68.60081,4.907287353594526,11.014339999999997,0.44867327502147203,2.656678667760801,Hammer,2023-10-20,70.12138,2023-11-17,72.34415,Profit target (+2%),4,0.03169889126540282,0.031554031450076264,3143.49744939585,102766.18615441551
BDX,2020-03-27,150.5906,2.6741510984380454,17.827800000000025,0.26560203726763876,1.5143203670668548,Hammer,2020-04-03,153.0033,2020-04-09,160.6796,Profit target (+2%),1,0.050170813309255324,0.05010381789746051,5010.3817847356695,105010.38178473567
BEN,2022-02-25,24.59683,2.9943586639662243,2.1006199999999993,0.027134845902637615,1.153017815961543,Hammer,2022-03-04,24.01061,2022-06-03,22.50155,RSI > 90,13,-0.06284971518841043,-0.06325302584444034,-6325.302578118732,93674.69742188125
BFS,2018-02-16,32.95646,2.96554840110592,2.3700399999999995,0.11351285210376232,1.126180575151119,Hammer,2018-02-23,32.85397,2018-06-29,34.3189,RSI > 90,18,0.04458913184616664,0.04427801601815292,4427.80159738749,104427.8015973875
BGC,2020-03-20,2.896587,0.6782440438909845,1.1264500000000002,0.32773136845843165,2.442861422396021,Hammer,2020-03-27,2.839792,2020-06-12,3.13513,RSI > 90,11,0.10399987041304426,0.10030188498842811,10030.188488812622,110030.18848881262
BHF,2022-03-11,46.21,3.5700042713997107,5.549999999999997,0.30990990990990985,1.156301933336662,Hammer,2022-03-18,47.21,2022-03-25,51.41,Profit target (+2%),1,0.08896420249947035,0.08874298422111616,8874.298413237317,108874.29841323732
BIIB,2016-11-04,255.1449,2.024054158513337,15.824500000000029,0.47613510695440603,1.0021826086991845,Hammer,2016-11-11,267.7088,2016-11-18,294.5036,Profit target (+2%),1,0.1000893508170071,0.10005012815925067,10005.012805920054,110005.01280592005
BILL,2020-03-20,37.78,3.6110872497556556,17.5,0.30057142857142843,2.3756214982544206,Hammer,2020-03-27,37.24,2020-04-03,38.85,Profit target (+2%),1,0.043233082706766846,0.04295878641428392,4295.878637132513,104295.87863713253
BJRI,2019-08-16,35.57626,0.8665302261478587,5.195029999999996,0.38300067564576157,1.3706027576976696,Hammer,2019-08-23,35.9236,2019-09-13,37.08466,Profit target (+2%),3,0.03232025743522371,0.03203742979130841,3203.742975927097,103203.74297592709
BK,2015-07-10,31.88221,3.2085193172618176,0.9822199999999981,0.38131986723951905,1.1149697873149569,Hammer,2015-07-17,31.98923,2015-07-24,32.85297,Profit target (+2%),1,0.027000962511445348,0.026684186492376916,2668.418646569273,102668.41864656928
BK,2020-03-13,28.66782,1.2182191296751483,6.7532700000000006,0.4116909289869947,2.76710297469386,Hammer,2020-03-20,24.47642,2020-04-03,27.38268,Profit target (+2%),2,0.11873713557783372,0.11830441208067176,12146.126895088528,114814.5455416578
BKE,2017-03-10,6.914421,4.429650116623776,0.8914949999999999,0.4335515061778252,1.1819291008335069,Hammer,2017-03-17,6.914421,2017-03-24,7.302871,Profit target (+2%),1,0.05617968590573241,0.05469388262399404,5469.388256930017,105469.38825693
BKR,2017-10-20,26.30813,4.48871402314623,2.23057,0.35460891162348684,1.3169874113678801,Hammer,2017-10-27,26.18157,2017-12-29,25.64097,RSI > 90,9,-0.020648112393565454,-0.02102604502995245,-2102.6045008926403,97897.39549910737
BKR,2020-03-13,10.78711,0.5404012716310262,3.5335669999999997,0.48441419109924905,2.082322752530618,Hammer,2020-03-20,9.380467,2020-04-03,9.761788,Profit target (+2%),2,0.040650534776146996,0.03956340158672975,3873.1539685529406,101770.5494676603
BKR,2024-09-13,32.39729,4.388962278407519,1.9108600000000031,0.41624713479794617,1.1003714118607255,Hammer,2024-09-20,32.76588,2024-09-27,35.05503,Profit target (+2%),1,0.0698638339638673,0.06954802556415926,7077.940768977431,108848.49023663774
BKR,2025-03-14,41.98943,4.028417898338134,2.578179999999996,0.1653763507590623,1.0087568520222432,Hammer,2025-03-21,42.24427,2025-03-28,43.91052,Profit target (+2%),1,0.03944321916321436,0.03920186076587827,4267.063354565669,113115.5535912034
BKU,2016-07-01,22.48702,1.0885111800570257,2.155470000000001,0.29411682834834235,1.442648512846263,Hammer,2016-07-08,22.26327,2016-07-22,24.31911,Profit target (+2%),2,0.09234223004976361,0.09187242655132168,9187.242645944923,109187.24264594493
BKU,2018-10-26,25.18955,0.030360328264464442,2.129480000000001,0.27137611059977074,1.404904783152799,Hammer,2018-11-02,25.46662,2018-11-09,26.01284,Profit target (+2%),1,0.021448468622848438,0.02105166455843802,2298.5732039446384,111485.81584988956
BKU,2020-03-13,20.54437,0.10425197631947469,3.0959499999999984,0.3641176375587458,1.9972479159686503,Hammer,2020-03-20,17.97122,2020-06-12,19.9091,RSI > 90,12,0.10783241204548166,0.10724612849642477,11956.422120209583,123442.23797009914
BL,2020-03-20,46.44,1.8036807989132484,13.079999999999998,0.37920489296636095,2.22522098599244,Hammer,2020-03-27,46.4,2020-04-03,53.75,Profit target (+2%),1,0.15840517241379315,0.15817261071005276,15817.261055188017,115817.26105518802
BLD,2022-02-25,210.83,3.4653051827090735,40.079999999999984,0.45508982035928114,2.005169650207343,Hammer,2022-03-04,207.11,2022-03-18,216.24,Profit target (+2%),2,0.04408285452175176,0.04403350795451812,4403.35079104846,104403.35079104846
BLDR,2025-04-11,120.9,1.4255614928158309,15.695999999999998,0.42621687054026564,1.1605747844413739,Hammer,2025-04-17,123.28,2025-07-11,126.73,RSI > 90,12,0.027985074626865725,0.0279028267834693,2790.2826755566475,102790.28267555663
BLFS,2014-02-07,6.7,0.2261455491579909,2.2,0.2499999999999999,1.117859014372428,Hammer,2014-02-14,6.68,2014-02-21,7.0,Profit target (+2%),1,0.04790419161676662,0.04637247569184746,4637.247564547499,104637.2475645475
BLK,2022-02-25,675.3842,2.6535758302297268,47.698800000000006,0.15840021132606977,1.2098827318569783,Hammer,2022-03-04,665.679,2022-04-08,698.5613,Profit target (+2%),5,0.049396631108987954,0.049376137142658275,4937.613709822021,104937.61370982202
BLKB,2020-03-20,51.58,0.8990979754813253,18.46,0.2762730227518961,2.7413457967980515,Hammer,2020-03-27,51.84,2020-04-03,53.52,Profit target (+2%),1,0.03240740740740744,0.03221139936348734,3221.1399331275934,103221.1399331276
BMI,2016-10-21,28.98858,4.452953766124509,3.60754,0.4058416538693964,2.2427151100899274,Hammer,2016-10-28,29.20847,2016-11-18,32.98321,RSI > 90,3,0.12923443097156406,0.12887000414534794,12887.000401647794,112887.00040164779
BMRN,2019-08-16,76.5,2.908286436348746,5.540300000000002,0.11376640254137955,1.0088288618364396,Hammer,2019-08-23,77.41,2019-11-08,74.33,RSI > 90,11,-0.039788141067045535,-0.03991474520441763,-3991.4745164502892,96008.52548354972
BMRN,2023-03-03,101.2,4.972997233482573,6.209999999999994,0.3832528180354264,1.0263481402665628,Hammer,2023-03-10,94.99,2023-04-06,97.09,Profit target (+2%),4,0.022107590272660405,0.022001157955681847,2112.2987321433848,98120.82421569311
BMY,2015-08-14,44.28261,3.7432005288127925,2.1621799999999993,0.4123338482457517,1.157263922110957,Hammer,2015-08-21,44.02286,2015-09-25,45.22329,Profit target (+2%),5,0.02726833286160857,0.02703810723482803,2703.8107207789926,102703.81072077899
BMY,2018-10-26,38.47501,2.1770793096166017,3.784179999999999,0.2963706800416481,1.6111908539632411,Hammer,2018-11-02,39.04721,2018-11-16,40.71042,Profit target (+2%),2,0.042594848646036354,0.04233332761449355,4347.794062151877,107051.60478293085
BOH,2015-09-04,42.15065,1.5344866899766032,2.019680000000001,0.48287352451873666,1.18389175627515,Hammer,2015-09-11,42.8354,2015-10-16,44.82051,Profit target (+2%),5,0.04634274455240295,0.04610391126133267,4610.391121522876,104610.39112152289
BOH,2016-01-22,39.67003,4.316070501107177,2.575970000000005,0.49189237452299667,1.1571030544646252,Hammer,2016-01-29,40.51245,2016-02-05,41.59158,Profit target (+2%),1,0.02663699677506548,0.026386902433396073,2760.344181282683,107370.73530280557
BOH,2020-03-13,51.10073,0.6749247217276206,9.217590000000001,0.1838300466824845,2.4307302751147537,Hammer,2020-03-20,45.49958,2020-04-17,48.88851,Profit target (+2%),4,0.0744826655542754,0.07425472337070238,7972.78424004595,115343.51954285153
BOOT,2018-11-23,20.54,3.165365768103584,2.8200000000000003,0.48936170212766045,1.0114558489550347,Hammer,2018-11-30,20.79,2018-12-07,23.38,Profit target (+2%),1,0.12457912457912457,0.12406828564558792,12406.828552151965,112406.82855215197
BOX,2017-03-24,16.37,3.515169302138915,1.120000000000001,0.42857142857142855,1.1214161496446406,Hammer,2017-03-31,16.21,2017-04-13,16.6,Profit target (+2%),2,0.024059222702035754,0.02343509096515573,2343.5090941720637,102343.50909417206
BOX,2019-06-07,17.41,2.144507777092386,3.1999999999999993,0.340625,1.8719970189897435,Hammer,2019-06-14,17.55,2019-06-28,18.18,Profit target (+2%),2,0.03589743589743577,0.03531757334092848,3614.524384786878,105958.03347895894
BR,2022-01-28,143.1629,4.070793367545505,9.240799999999979,0.40603627391567754,1.258813353293764,Hammer,2022-02-04,142.8936,2022-04-08,145.6465,Profit target (+2%),9,0.01926538347413742,0.019194729689444197,1919.4729670249467,101919.47296702494
BR,2026-02-13,172.7503,0.5541565372008108,19.114900000000006,0.480227466531344,1.7339608758401035,Hammer,2026-02-20,173.6752,2026-03-06,181.6115,Profit target (+2%),2,0.04569621914930866,0.045637326534630936,4651.332263382275,106570.80523040722
BRBR,2020-03-13,17.99,3.4007697921786217,4.4925999999999995,0.2187152205849623,1.900356330349561,Hammer,2020-03-20,17.49,2020-04-09,19.9,Profit target (+2%),3,0.13779302458547749,0.13718205201486142,13718.205187767937,113718.20518776795
BRBR,2025-03-14,67.48,3.26482952097588,4.914999999999992,0.3102746693794494,1.1580867537464798,Hammer,2025-03-21,67.49,2025-03-28,73.14,Profit target (+2%),1,0.08371610608979108,0.08356174531446772,9502.491690016155,123220.69687778411
BRC,2017-06-16,30.78525,4.556322430427159,2.312100000000001,0.296297737987111,1.5029388231805973,Hammer,2017-06-23,30.82807,2017-09-15,31.1049,RSI > 90,12,0.008979803146937249,0.00865401985595341,865.4019847299389,100865.40198472995
BRC,2020-02-21,45.73358,0.7843217881751912,4.4033799999999985,0.40656949888494665,1.9816926912934276,Hammer,2020-02-28,44.2688,2020-06-05,46.71093,Profit target (+2%),14,0.05516594079803383,0.054933843492087873,5540.924200854761,106406.32618558472
BRK.B,2020-03-13,196.4,2.645517904102917,27.860000000000014,0.28212491026561415,2.9480083789182734,Hammer,2020-03-20,174.0,2020-04-03,180.04,Profit target (+2%),2,0.03471264367816085,0.03465417660412059,3465.4176569466417,103465.41765694664
BRK.B,2022-05-13,310.36,1.5264840611297785,15.560000000000002,0.49807197943444725,1.1275292062339743,Hammer,2022-05-20,310.28,2022-06-03,318.98,Profit target (+2%),2,0.028039190408663206,0.028006510143900105,2897.705266254432,106363.12292320107
BRKR,2015-10-02,16.17026,4.786192112979506,1.2886299999999995,0.20864794394046376,1.2136555014776047,Hammer,2015-10-09,16.16066,2015-10-16,17.05367,Profit target (+2%),1,0.055258262966982885,0.0546225764985779,5462.257644395533,105462.25764439553
BRO,2017-01-27,20.01826,3.009183360767011,0.846820000000001,0.3961762830353554,1.399845660105788,Hammer,2017-02-03,19.96273,2017-02-24,20.32401,Profit target (+2%),3,0.018097725110743923,0.01759238531370373,1759.2385296111347,101759.23852961113
BRX,2022-05-13,19.93257,4.205216249265163,1.454379999999997,0.23699445811961184,1.2396072958856519,Hammer,2022-05-20,19.92416,2022-06-03,20.37813,Profit target (+2%),2,0.022784900342097236,0.022277406574085338,2227.7406551807935,102227.7406551808
BSX,2016-11-18,21.34,0.38327496239995185,1.0940000000000012,0.3427787934186468,1.1906521190270904,Hammer,2016-11-25,21.39,2017-01-13,22.2,Profit target (+2%),7,0.037868162692846985,0.03739191399859771,3739.191396120579,103739.19139612059
BSX,2025-03-14,97.16,4.103195495772212,5.274000000000001,0.2664012135001898,1.1991238991357793,Hammer,2025-03-21,96.76,2025-03-28,101.72,Profit target (+2%),1,0.05126085159156668,0.05115485971167262,5306.76377716414,109045.95517328473
BSY,2025-03-14,41.11664,3.77135640663559,2.688849999999995,0.46125295200550503,1.0714167361571318,Hammer,2025-03-21,41.40438,2025-04-25,42.73579,Profit target (+2%),5,0.03215625979666892,0.03191088589107097,3191.088585916008,103191.088585916
BSY,2026-02-06,33.11227,3.0315276567157525,4.34742,0.49368591026401826,1.5112329211842723,Hammer,2026-02-13,33.11227,2026-02-20,33.92086,Profit target (+2%),1,0.02441964866800128,0.024114004566197413,2488.3503788633097,105679.43896477933
BURL,2020-03-20,138.01,1.024188598708676,60.67999999999999,0.4670402109426501,3.0789434419056163,Hammer,2020-03-27,136.53,2020-04-03,155.87,Profit target (+2%),1,0.14165384897092226,0.14157542022192107,14157.542008034568,114157.54200803456
BWA,2015-07-31,37.15934,0.1466886810117387,4.462709999999994,0.4623110172966648,2.2595687985045427,Hammer,2015-08-07,37.19671,2016-03-11,26.26684,RSI > 90,31,-0.2938396971129975,-0.29406900919339474,-29406.900889932578,70593.09911006741
BWA,2016-07-01,22.95879,1.9707435940349143,2.6036199999999994,0.31295657584440173,1.2118388565575284,Hammer,2016-07-08,22.52675,2016-07-15,23.36051,Profit target (+2%),1,0.037011996848191675,0.036559965382182986,2580.8812571041963,73173.9803671716
BWA,2020-03-13,20.63946,0.6928864122310898,3.740199999999998,0.4817202288647666,1.6036003016502522,Hammer,2020-03-20,18.78947,2020-04-17,20.9612,Profit target (+2%),4,0.11558229157075739,0.11501947115295069,8416.432515572043,81590.41288274365
BWXT,2016-01-22,25.15541,4.888633867076564,1.608310000000003,0.37568627938643695,1.312139222593578,Hammer,2016-01-29,25.18206,2016-02-05,26.59489,Profit target (+2%),1,0.05610462368845126,0.05569645683140476,5569.64567757083,105569.64567757084
BWXT,2022-05-13,46.6585,3.066285755813425,3.9528199999999956,0.28087036596657644,1.331557929866839,Hammer,2022-05-20,46.83077,2022-06-03,49.69096,Profit target (+2%),2,0.061075015422552115,0.06085498327453564,6424.439015582788,111994.08469315364
BX,2018-12-21,21.92456,4.832761618028542,2.191679999999998,0.42806887866841853,1.2114814190697727,Hammer,2018-12-28,21.69386,2019-01-04,23.30109,Profit target (+2%),1,0.07408686144374488,0.07360893613765875,7360.893606404979,107360.89360640499
BX,2020-03-13,37.94894,2.2806967126302595,10.811230000000002,0.30428267643922113,2.867203612765686,Hammer,2020-03-20,30.866,2020-04-03,37.41285,Profit target (+2%),2,0.21210555303570278,0.21174727090149342,22733.376199968472,130094.26980637346
BXMT,2016-01-22,9.639515,4.471012145144229,0.9971920000000001,0.11507914223138559,1.9851171699379098,Hammer,2016-01-29,9.619728,2016-03-11,10.37949,RSI > 90,6,0.07897957197958205,0.07789955207045848,7789.955199255894,107789.9551992559
BXP,2015-07-02,79.8729,4.826756613220141,4.142769999999999,0.3750003017304843,1.3256480180269123,Hammer,2015-07-10,79.34194,2015-07-17,82.08194,Profit target (+2%),1,0.03453406861490915,0.03440586366657626,3440.5863632170403,103440.58636321705
BXP,2026-03-13,52.01,0.057303506956230876,4.560000000000002,0.4978070175438601,1.1320468602181593,Hammer,2026-03-19,52.84,2026-03-19,53.41,End of data,0,0.010787282361846895,0.010597029047213382,1096.1628972556327,104536.74926047269
BYD,2022-05-13,54.20273,2.7664470526909355,5.3962900000000005,0.3066662466249959,1.0060428144958753,Hammer,2022-05-20,53.65591,2022-06-03,56.65864,Profit target (+2%),2,0.05596270755635313,0.05577113768663255,5577.113763086141,105577.11376308613
C,2019-08-16,50.41451,4.5774108533048405,4.161499999999997,0.4732836717529734,1.5233966380867436,Hammer,2019-08-23,51.47871,2019-09-20,54.76662,RSI > 90,4,0.0638693160726056,0.06366887700983485,6366.887694616598,106366.8876946166
C,2020-03-13,41.09534,0.9838791719981543,10.370449999999998,0.36180107902742903,2.3840935016609355,Hammer,2020-03-20,32.60091,2020-04-03,35.46727,Profit target (+2%),2,0.08792269909030148,0.08760252359158197,9318.007779312793,115684.89547392938
CABO,2018-05-04,578.7983,4.9476196599841415,56.99490000000003,0.38635913037833136,1.7459054132597351,Hammer,2018-05-11,579.0714,2018-05-18,621.7471,Profit target (+2%),1,0.07369678419621484,0.07367604722835423,7367.604716204645,107367.60471620465
CABO,2020-03-20,1175.594,3.736884132778272,250.66090000000008,0.3409107682929406,1.951502045867295,Hammer,2020-03-27,1179.544,2020-04-03,1370.845,Profit target (+2%),1,0.16218216531134066,0.1621620271870619,17410.948419098437,124778.55313530308
CABO,2022-01-28,1408.343,4.4829252701400435,94.38199999999983,0.4020787862092338,1.013024411286733,Hammer,2022-02-04,1412.787,2022-02-11,1462.685,Profit target (+2%),1,0.03531884141063002,0.03530252996293196,4404.99860666829,129183.55174197137
CABO,2022-10-14,737.266,0.026029020976380934,89.31619999999998,0.4286310882012454,1.0270833960049408,Hammer,2022-10-21,751.8937,2022-11-04,817.1875,Profit target (+2%),2,0.08683913696843049,0.08682298290616176,11216.101294106513,140399.65303607789
CACI,2020-03-13,219.25,1.3706918683592733,47.0,0.33851063829787226,2.932875005773798,Hammer,2020-03-20,191.88,2020-04-03,219.02,Profit target (+2%),2,0.14144256827183654,0.1413867681163198,14138.676797493303,114138.6767974933
CACI,2021-12-03,263.76,2.4828370551425536,15.52000000000001,0.4503865979381446,1.3816191538227025,Hammer,2021-12-10,266.6,2022-01-14,273.49,Profit target (+2%),5,0.02584396099024744,0.02580596763001445,2945.4589958233346,117084.13579331663
CAG,2023-10-06,22.82571,0.015544813891310127,1.9143899999999974,0.4356688031174417,1.6818870372033818,Hammer,2023-10-13,22.83436,2023-10-20,23.98385,Profit target (+2%),1,0.0503403642580742,0.04989150308940353,4989.150303951203,104989.1503039512
CALM,2025-03-07,80.215,3.2436986395678957,9.214880000000008,0.4303550344659941,1.2322746724772164,Hammer,2025-03-14,79.15688,2025-03-28,82.80971,Profit target (+2%),2,0.04614671523182823,0.04601747709882567,4601.747705280819,104601.74770528081
CALM,2025-10-03,90.32486,1.2492095924790618,11.515050000000002,0.4983052613753307,1.4656484662322105,Hammer,2025-10-10,90.26631,2025-10-17,92.25705,Profit target (+2%),1,0.022054075324448252,0.02194207661326732,2295.1795597357514,106896.92726501655
CALX,2018-08-10,6.85,2.556438923150253,0.8499999999999996,0.23529411764705913,1.651226434085693,Hammer,2018-08-17,6.85,2018-08-31,7.6,Profit target (+2%),2,0.10948905109489049,0.1079504011670314,10795.040105908101,110795.0401059081
CALX,2024-04-26,28.4,0.45099040445393257,3.1298999999999992,0.47602159813412653,1.0711392915410418,Hammer,2024-05-03,28.72,2024-05-10,29.73,Profit target (+2%),1,0.03516713091922008,0.03481288076588344,3857.0945168011576,114652.13462270927
CALY,2020-03-20,7.265134,0.03932393925215649,4.317109,0.41666657015146014,2.0911886638754593,Hammer,2020-03-27,7.28512,2020-04-03,10.54294,Profit target (+2%),1,0.4471882412369321,0.44550981328153727,44550.98128360274,144550.98128360274
CARR,2021-10-01,49.22318,4.72251809177223,2.397359999999999,0.4774960790202569,1.0076748031605813,Hammer,2021-10-08,48.84786,2021-10-22,49.7111,Profit target (+2%),2,0.017672012653164426,0.01746550764888697,1746.550763142146,101746.55076314214
CASH,2015-08-28,13.69989,2.85432907465308,0.9767700000000001,0.4326914217267109,1.1252348505100536,Hammer,2015-09-04,13.6091,2015-11-13,13.73913,RSI > 90,10,0.009554636236047909,0.008816594560051736,881.6594551235141,100881.65945512352
CASH,2017-02-17,27.62064,2.4664637014765276,2.275760000000002,0.391060568777023,1.0889964675543453,Hammer,2017-02-24,28.20865,2017-03-24,29.01549,Profit target (+2%),4,0.02860257403314237,0.028243066742516518,2849.2074382376686,103730.86689336118
CASH,2023-03-17,43.80191,4.953522768241001,5.84422,0.381356280222168,1.7329020969743267,Hammer,2023-03-24,43.07882,2023-05-05,43.97031,RSI > 90,6,0.020694392279082763,0.020459884940564593,2122.321599300869,105853.18849266204
CASY,2016-03-11,97.72218,2.6520626876136077,7.889220000000009,0.26415032157805335,1.2467926047574822,Hammer,2016-03-18,97.91754,2016-03-24,101.8715,Profit target (+2%),1,0.04038050792534209,0.04027632453161449,4027.6324491338164,104027.63244913382
CATY,2015-08-28,21.31619,1.1502496504899682,1.7221699999999984,0.43568869507656177,1.6264385752115678,Hammer,2015-09-04,21.10643,2015-09-18,21.86591,Profit target (+2%),2,0.0359833472548412,0.03550114795634396,3550.1147920842814,103550.11479208429
CATY,2016-07-01,20.24163,4.190328632896183,1.4284800000000004,0.41236839157706073,1.0784833315654052,Hammer,2016-07-08,19.91765,2016-07-15,21.3314,Profit target (+2%),1,0.07097975915833454,0.07046000406572418,7296.141501960325,110846.25629404462
CATY,2026-03-13,47.38,4.554120108854363,3.039999999999999,0.46381578947368324,1.0857597497206364,Hammer,2026-03-19,47.96,2026-03-19,47.53,End of data,0,-0.008965804837364422,-0.009173355571771064,-1016.8321217681055,109829.42417227653
CB,2020-03-20,92.09139,0.6847065635481329,24.23576,0.4437826583527811,2.5765975117936506,Hammer,2020-03-27,88.23763,2020-04-03,98.51131,Profit target (+2%),1,0.1164319576579742,0.11631203648395334,11631.203636764134,111631.20363676413
CBRE,2016-01-22,28.75,2.5803857987719283,2.41,0.2697095435684641,1.1863754370541364,Hammer,2016-01-29,28.54,2016-03-24,28.54,RSI > 90,8,0.0,-0.00035032404974601514,-35.03240493956911,99964.96759506044
CBRE,2016-07-01,25.93,2.745332139331552,2.400000000000002,0.4,1.253260340247665,Hammer,2016-07-08,25.68,2016-07-15,26.42,Profit target (+2%),1,0.028816199376947127,0.02842125754331337,2841.130086487058,102806.0976815475
CBSH,2020-03-13,40.25682,2.116269164430122,6.290129999999998,0.42584175525784107,2.571738899837073,Hammer,2020-03-20,34.60984,2020-03-27,37.1259,Profit target (+2%),1,0.07269782235341182,0.0723984279574888,7239.842788509037,107239.84278850904
CBSH,2020-03-27,34.89962,0.3872790509026629,4.96143,0.4487174060704278,1.5925608750605633,Hammer,2020-04-03,35.21766,2020-04-17,41.82582,Profit target (+2%),2,0.1876376795051118,0.18732713542929458,20088.93253337036,127328.77532187938
CBU,2018-10-05,48.96521,1.6849623402548275,2.2369899999999987,0.473117895028588,1.24011311457841,Hammer,2018-10-12,48.94116,2018-11-16,50.63293,Profit target (+2%),5,0.03456742749865338,0.0343595902109583,3435.9590176598713,103435.95901765986
CBU,2023-10-27,35.52586,4.6859350612413095,4.963509999999999,0.3944446571075714,1.4951299313615327,Hammer,2023-11-03,35.75565,2023-11-10,39.98383,Profit target (+2%),1,0.11825208044043367,0.1179559096381076,12200.882623017205,115636.84164067707
CCK,2021-01-29,85.38235,3.269972626538859,8.211479999999995,0.48096932587060964,1.592965945806353,Hammer,2021-02-05,86.4147,2021-02-19,93.5749,Profit target (+2%),2,0.08285858771713617,0.08273807939624875,8273.807931351068,108273.80793135108
CCL,2022-05-13,14.21429,3.733062261978887,2.886660000000001,0.46207035120173484,1.1000153642487802,Hammer,2022-05-20,14.20434,2022-08-19,10.51141,RSI > 90,13,-0.25998603243797325,-0.26059831068860356,-26059.831042800528,73940.16895719946
CCOI,2022-10-14,41.36634,1.3397880526851509,4.740490000000001,0.3760834850405761,1.4795103315099323,Hammer,2022-10-21,42.04825,2022-11-04,43.99538,Profit target (+2%),2,0.04630704012652109,0.04606374061457788,4606.374056851413,104606.37405685142
CDNS,2022-01-28,145.42,2.3374351745297446,15.379999999999995,0.4278283485045523,1.3594040813567856,Hammer,2022-02-04,145.39,2022-03-04,151.2,Profit target (+2%),4,0.03996148290804036,0.03989133051342898,3989.1330473537655,103989.13304735377
CDP,2018-02-16,18.34294,3.3864452646677847,1.2101299999999995,0.33333608785833113,1.4133429610675496,Hammer,2018-02-23,18.19433,2018-03-16,18.59063,Profit target (+2%),3,0.021781511053168723,0.021226056124044088,2122.605610281803,102122.60561028181
CDP,2018-12-28,15.4915,0.4254694237019834,0.9373100000000001,0.063831603204916,1.0251165895264105,Hammer,2019-01-04,15.55802,2019-01-11,16.45972,Profit target (+2%),1,0.05795724648766365,0.057296077496527036,5851.224719342748,107973.83032962457
CDW,2020-03-13,93.99555,2.4527108948558265,13.241019999999992,0.2957249517031168,1.7328109724479783,Hammer,2020-03-20,81.71024,2020-04-03,85.37543,Profit target (+2%),2,0.044855944615999066,0.044730823772897166,4473.082372816634,104473.08237281663
CE,2020-03-20,58.11519,0.6225066165895754,19.311879999999995,0.4407250873555552,2.42356983267262,Hammer,2020-03-27,57.73811,2020-04-03,65.18993,Profit target (+2%),1,0.1290624164871348,0.12887806008370523,12887.805995482719,112887.80599548272
CELH,2016-11-04,0.6529993,4.759558550945968,0.07333319999999999,0.4136366611575659,1.1819588914366848,Hammer,2016-11-11,0.6233327,2016-11-18,0.7099993,Profit target (+2%),1,0.1390374674712238,0.1220159320054487,12201.593188343279,112201.59318834328
CENT,2015-07-31,7.192715,2.6474952564239373,0.8452799999999998,0.3333333333333337,1.5281731185240173,Hammer,2015-08-07,7.161408,2015-08-14,8.116262,Profit target (+2%),1,0.13333327747839552,0.13184485170255478,13184.48515707099,113184.485157071
CENTA,2015-07-31,8.064,4.835395536837197,0.7679999999999998,0.40624999999999933,1.3136078754746048,Hammer,2015-08-07,8.04,2015-08-14,9.048,Profit target (+2%),1,0.1253731343283584,0.12405220633934139,12405.220621528919,112405.2206215289
CERT,2023-08-11,16.67,4.384956899276645,3.8599999999999994,0.4922279792746111,1.9276599202094957,Hammer,2023-08-18,16.71,2023-12-01,14.96,RSI > 90,15,-0.10472770795930575,-0.10529464552796892,-10529.46454226743,89470.53545773256
CF,2016-01-22,22.41861,2.510959722987991,4.519639999999999,0.3609269764848523,1.3576857403166929,Hammer,2016-01-29,22.06691,2016-02-19,23.03548,Profit target (+2%),3,0.04389241629208618,0.0434294086918622,4342.94086484328,104342.94086484329
CFFN,2017-02-03,8.490202,1.150849569003185,0.28267800000000065,0.4546232816137101,1.0248739831469562,Hammer,2017-02-10,8.495708,2017-06-16,8.147103,RSI > 90,18,-0.041033072228942036,-0.04218530974125931,-4218.530969907399,95781.46903009262
CFFN,2018-02-09,7.494792,3.857287673226139,0.4607220000000005,0.47770455936551653,1.4148738767057538,Hammer,2018-02-16,7.512399,2018-05-11,7.51615,RSI > 90,12,0.000499307877550148,-0.0008312715608151147,-79.62041117818924,95701.84861891443
CFG,2016-07-01,13.61751,3.2985934953090634,1.2335499999999993,0.31461229783956896,1.0909124017206684,Hammer,2016-07-08,13.38189,2016-07-15,13.88086,Profit target (+2%),1,0.03728696021264555,0.03652603405271865,3652.6034016192616,103652.60340161926
CFG,2020-03-13,18.11727,0.7201193662608887,4.1273,0.3469386766166739,1.9643109002723165,Hammer,2020-03-20,15.0237,2020-04-17,16.9993,Profit target (+2%),4,0.13149889840718343,0.13078975560095035,13556.698652743318,117209.30205436259
CFR,2020-03-13,51.9711,1.3249331905531676,10.427619999999997,0.01601324175602893,1.9933447209804955,Hammer,2020-03-20,45.91824,2020-04-17,59.37646,Profit target (+2%),4,0.2930909372833106,0.2928412716524357,29284.12713595944,129284.12713595944
CG,2016-01-15,8.13617,3.733457305448013,1.721584000000001,0.3843419780852986,1.7909255292199204,Hammer,2016-01-22,8.20969,2016-02-05,8.393489,Profit target (+2%),2,0.022388056065454354,0.02115709783327192,2115.7097812114826,102115.70978121148
CG,2020-03-13,19.48775,0.4947266641661514,5.212129999999998,0.25316521268656017,2.5572802282005824,Hammer,2020-03-20,16.45284,2020-04-03,18.64655,Profit target (+2%),2,0.1333332117737729,0.13268509111766813,13549.232243316168,115664.94202452764
CG,2026-02-27,51.99,1.3970992504274307,5.82,0.48281786941580673,1.2199055212174768,Hammer,2026-03-06,49.97,2026-03-19,47.72,End of data,2,-0.04502701620972582,-0.04522261130565284,-5230.670709635413,110434.27131489223
CGNX,2022-05-13,48.58612,0.8303574378210641,7.926589999999997,0.47032204264380995,1.3437380834558394,Hammer,2022-05-20,47.81816,2022-07-29,47.37741,RSI > 90,10,-0.009217209528764814,-0.009425349558665776,-942.5349549240427,99057.46504507597
CHCO,2018-10-26,57.6816,0.13925587130810868,8.27711,0.48635453678880675,2.744978941699898,Hammer,2018-11-02,58.37539,2018-11-09,60.35189,Profit target (+2%),1,0.033858446170552225,0.03368425596334647,3368.4255929662213,103368.42559296622
CHCO,2020-03-13,53.1179,1.4114221439239572,9.225169999999999,0.24841385036806918,2.6493177087213273,Hammer,2020-03-20,48.20841,2020-03-27,49.80588,Profit target (+2%),1,0.03313674937630173,0.03292590173563753,3403.498620238067,106771.92421320427
CHDN,2020-03-20,35.65036,1.0779382609273114,16.989430000000002,0.42787074080766696,2.503280495849398,Hammer,2020-03-27,36.6209,2020-04-03,45.57148,Profit target (+2%),1,0.244411797634684,0.24410540082291493,24410.540057880957,124410.54005788095
CHDN,2021-05-14,97.98602,0.6009889429347339,9.360340000000008,0.20231102716354407,1.0295260211740938,Hammer,2021-05-21,96.12181,2021-06-04,98.62053,Profit target (+2%),2,0.02599534902640732,0.02588996763754049,3220.9848526464875,127631.52491052744
CHE,2022-06-17,445.8766,4.865575822164956,31.685600000000022,0.4673826596308732,1.2221079985292174,Hammer,2022-06-24,447.6821,2022-07-01,460.3504,Profit target (+2%),1,0.028297535237616023,0.028274882166584605,2827.488213830972,102827.48821383098
CHH,2015-08-07,44.68501,1.2847669715951895,2.7021799999999985,0.4333316063326656,1.369860258251723,Hammer,2015-08-14,44.84714,2015-09-04,45.7929,Profit target (+2%),3,0.02108852426263974,0.020863218566605668,2086.3218545742448,102086.32185457424
CHTR,2025-10-31,233.84,3.9437641850903162,33.91499999999999,0.47176765443019325,1.4327042697172798,Hammer,2025-11-07,231.305,2026-02-13,231.14,RSI > 90,14,-0.000713343853353865,-0.000756560459988784,-75.65604592322236,99924.34395407677
CI,2018-03-16,153.393,1.3386218798328855,9.621799999999979,0.4659731027458482,1.0616744729044276,Hammer,2018-03-23,153.1293,2018-05-04,158.2402,Profit target (+2%),6,0.03337636885951922,0.033309976928748104,3330.997689543813,103330.99768954382
CIEN,2022-05-13,52.36,3.099415013420213,4.489999999999995,0.36748329621380854,1.0619700865604909,Hammer,2022-05-20,52.23,2022-08-05,51.15,RSI > 90,11,-0.020677771395749556,-0.0208672346128075,-2086.723459194027,97913.27654080598
CL,2015-08-28,49.50402,4.188149032566656,9.885169999999995,0.1256913133512121,4.749021908873727,Hammer,2015-09-04,49.13675,2015-10-09,50.473,Profit target (+2%),5,0.02719451327163469,0.026988253369080284,2698.825334209203,102698.82533420919
CL,2022-02-25,70.99937,2.1222250177911803,3.94341,0.3824887597282541,1.5867796633122027,Hammer,2022-03-04,70.08166,2022-04-14,73.02559,RSI > 90,6,0.04200713852953819,0.04186146122528876,4299.122890311579,106997.94822452076
CL,2023-10-06,65.49207,0.17702034227086472,3.3203499999999977,0.4857951721957034,1.4504425547786843,Hammer,2023-10-13,65.27511,2023-10-20,67.55785,Profit target (+2%),1,0.03497106324294208,0.03481519868762488,3725.1548228797355,110723.1030474005
CLF,2019-09-06,6.990002,0.8442674052154047,1.078348,0.44642824023413635,1.1335956140394152,Hammer,2019-09-13,7.067027,2019-09-20,8.039465,Profit target (+2%),1,0.13760213453266834,0.13609082657631244,13609.08264402216,113609.08264402217
CLF,2020-03-13,4.793105,1.741534777013669,1.2893160000000004,0.3969461326781023,1.4715349494195367,Hammer,2020-03-20,3.986053,2020-04-17,4.65,Profit target (+2%),4,0.16656752933290164,0.1638532487541509,18615.217260586636,132224.2999046088
CLF,2024-05-03,17.6,3.3617309525774317,1.695999999999998,0.3537735849056595,1.0691789974960377,Hammer,2024-05-10,17.78,2024-10-25,13.96,RSI > 90,24,-0.21484814398200225,-0.21535001405678952,-28474.504814632157,103749.79508997666
CLH,2015-07-31,49.52,2.600895284040334,4.850000000000001,0.34020618556700993,1.9604267422272104,Hammer,2015-08-07,49.4,2015-08-14,50.56,Profit target (+2%),1,0.02348178137651824,0.02327699625543974,2327.6996232162746,102327.69962321628
CLH,2020-03-20,41.63,0.7342898705325211,22.5499,0.45986900163637073,2.989658993254883,Hammer,2020-03-27,41.63,2020-04-03,50.42,Profit target (+2%),1,0.21114580831131402,0.21088026900444343,21578.892801570844,123906.59242478713
CLH,2021-12-23,95.56,3.5879979920840412,6.469999999999999,0.19783616692426606,1.0878992195125305,Hammer,2021-12-31,95.6,2022-01-07,100.11,Profit target (+2%),1,0.04717573221757321,0.04706866795669696,5832.118250655969,129738.7106754431
CLX,2018-02-09,101.4157,4.521185725464278,5.267569999999992,0.42898338322983814,1.3001712233742457,Hammer,2018-02-16,101.4393,2018-02-23,103.3369,Profit target (+2%),1,0.018706753694081035,0.01860725541011177,1860.7255391504514,101860.72553915046
CMC,2020-03-13,13.78649,0.4900331356420793,2.7936999999999994,0.338762214983713,1.796078434025699,Hammer,2020-03-20,12.05749,2020-04-09,14.0576,Profit target (+2%),3,0.16588112451264747,0.16498334920899416,16498.334904401083,116498.33490440108
CMCSA,2023-10-06,37.65507,4.617813672172346,1.7701399999999978,0.46904764594890563,1.1866655171361165,Hammer,2023-10-13,37.6464,2023-12-22,38.59926,RSI > 90,10,0.025310786688767184,0.02504183111384966,2504.183108880783,102504.18310888078
CMCSA,2025-10-31,25.77455,1.3885574422726563,3.671590000000002,0.4741624200959252,2.405633702436814,Hammer,2025-11-07,25.59398,2025-12-26,27.29778,RSI > 90,7,0.06657034193197009,0.06616669882940653,6782.363405737291,109286.54651461806
CMG,2020-03-20,11.32,1.2949629429833038,3.6397999999999993,0.17028408154294186,2.547642456274604,Hammer,2020-03-27,11.2262,2020-04-03,12.4442,Profit target (+2%),1,0.10849619639771246,0.10755751834176225,10755.751823420473,110755.75182342046
CMI,2015-04-10,101.4949,4.019131276111153,3.7089600000000047,0.41081596997541175,1.0672762746662743,Hammer,2015-04-17,101.3983,2015-05-08,104.8471,Profit target (+2%),3,0.0340124045472161,0.03391211134154401,3391.2111307631894,103391.2111307632
CMI,2019-08-16,126.0704,4.798504715075609,8.628600000000006,0.49094870546786196,1.2289943752344799,Hammer,2019-08-23,128.0892,2019-09-13,132.362,Profit target (+2%),3,0.03335800364121244,0.033278634005286585,3440.7182711432633,106831.92940190645
CMI,2020-03-13,118.3746,3.634244975166098,16.2025,0.4783767937046753,1.8610366311893605,Hammer,2020-03-20,108.0545,2020-04-03,114.1877,Profit target (+2%),2,0.05676024598697871,0.05666507803571176,6053.639610211039,112885.56901211748
CMI,2021-12-03,196.0868,1.1152166133516062,10.762,0.3334138635941275,1.050210974914271,Hammer,2021-12-10,197.6589,2022-01-14,212.7835,RSI > 90,5,0.0765186895201786,0.07646616301712159,8631.926313729178,121517.49532584666
CNC,2015-08-28,31.26,4.961640044850242,3.125,0.4432000000000005,1.2565365373058766,Hammer,2015-09-04,31.25,2015-11-13,30.68,RSI > 90,10,-0.018240000000000034,-0.01855703087506006,-1855.7030856503034,98144.2969143497
CNC,2016-02-12,26.915,4.850463901799188,4.84,0.331611570247934,1.7681025812680127,Hammer,2016-02-19,27.11,2016-02-26,28.26,Profit target (+2%),1,0.042419771302102616,0.04204314954822067,4126.295348348682,102270.5922626984
CNH,2020-03-13,5.820795,0.8086170423152907,1.71429,0.468181579546051,3.0023325987481666,Hammer,2020-03-20,4.909104,2020-04-17,5.002611,Profit target (+2%),4,0.01904767142843178,0.016993331846456683,1699.333182946335,101699.33318294633
CNK,2020-03-20,11.24735,0.029737658985126814,7.573744999999999,0.25747764151024344,2.340083176855262,Hammer,2020-03-27,11.33599,2020-04-03,11.61176,Profit target (+2%),1,0.024326944536824824,0.023434462070771624,2343.4462047337156,102343.44620473373
CNO,2016-07-01,14.09236,4.0226928122943235,1.2789099999999998,0.20253184352299977,1.3059474607775434,Hammer,2016-07-08,13.8819,2016-07-22,14.60231,Profit target (+2%),2,0.051895633882969916,0.05115684566029862,5115.684560914178,105115.68456091417
CNS,2018-02-09,26.67338,0.46214976656692386,1.5758699999999983,0.3913013129255569,1.037952475592398,Hammer,2018-02-16,26.74874,2018-02-23,27.79704,Profit target (+2%),1,0.039190631035330936,0.038809527191338254,3880.9527152528735,103880.95271525286
CNS,2022-05-13,64.21696,1.8010803891636442,6.584450000000004,0.4596526665097315,1.5829502360994736,Hammer,2022-05-20,63.88208,2022-06-03,67.26609,Profit target (+2%),2,0.052972758557642496,0.05281208657525139,5486.169862831359,109367.1225780842
CNXN,2015-07-31,19.72624,4.675912660560158,2.72025,0.2908482676224614,1.84356175922316,Hammer,2015-08-07,19.77958,2015-11-06,20.76633,RSI > 90,13,0.049887308021707266,0.04936925625916756,4936.925620979831,104936.92562097983
CNXN,2021-10-22,41.3118,2.600623936815225,3.551860000000005,0.3074867815735987,1.26981675545836,Hammer,2021-10-29,41.39727,2021-11-05,43.86649,Profit target (+2%),1,0.059646928408564115,0.05939819241795194,6233.063693550208,111169.98931453003
COHR,2020-03-13,24.84,2.9038156354407505,8.79,0.33560864618885095,2.2757955188946366,Hammer,2020-03-20,21.55,2020-03-27,26.29,Profit target (+2%),1,0.21995359628770283,0.2194386453259105,21943.86451064719,121943.8645106472
COHU,2021-05-14,36.47,4.308217682581272,5.710000000000001,0.46234676007005254,1.0202679116094184,Hammer,2021-05-21,35.64,2021-06-04,38.08,Profit target (+2%),2,0.06846240179573515,0.06817225417309586,6817.225410492361,106817.22541049236
COHU,2025-02-14,21.12,0.8800357845303068,2.6300000000000026,0.39353612167300345,1.102858844450992,Hammer,2025-02-21,21.31,2025-07-03,19.5,RSI > 90,19,-0.08493664946034718,-0.08538587848932683,-9120.682620346652,97696.54279014572
COLB,2020-03-13,21.15548,0.9272256825430958,3.7258700000000005,0.321999962424883,2.097453516631911,Hammer,2020-03-20,18.6368,2020-04-17,21.15548,Profit target (+2%),4,0.13514551854395607,0.13457284167837869,13457.284154380584,113457.28415438058
COLB,2023-03-17,18.05704,1.0722300054725764,2.277910000000002,0.46350382587547345,1.1721445876158394,Hammer,2023-03-24,18.34801,2023-06-16,19.38605,RSI > 90,12,0.05657507271905793,0.056014789944537804,6355.285933230081,119812.57008761066
COLL,2025-03-07,28.91,3.0106280453096446,2.745000000000001,0.4043715846994532,1.0627287781790968,Hammer,2025-03-14,28.98,2025-03-28,30.43,Profit target (+2%),2,0.05003450655624575,0.0496808694152147,4968.086936553384,104968.08693655337
COLL,2025-04-11,26.3,3.83145724360881,5.134999999999998,0.4021421616358322,1.9501495957053352,Hammer,2025-04-17,26.73,2025-05-09,27.56,Profit target (+2%),3,0.031051253273475465,0.030671404525902415,3219.5186535216026,108187.60559007496
COLM,2020-03-13,64.85598,0.6030511264502678,11.321860000000008,0.4322999931106726,2.0508477335165427,Hammer,2020-03-20,55.40878,2020-04-03,62.79662,Profit target (+2%),2,0.13333338146048335,0.13314089022622155,13314.089009308067,113314.08900930807
COLM,2025-04-11,64.23257,0.9460850947701829,9.661320000000003,0.33637329060625354,1.5323001001234822,Hammer,2025-04-17,65.69107,2025-12-12,54.87626,RSI > 90,34,-0.16463135704746468,-0.164771043382047,-18670.880657278954,94643.20835202912
COO,2019-09-13,75.32671,1.2608472403829012,3.9623300000000086,0.3284986359036216,1.0709828771034426,Hammer,2019-09-20,74.95197,2019-11-29,77.13799,RSI > 90,10,0.029165610990611768,0.029030255625327486,2903.025559629723,102903.02555962974
COP,2016-01-22,27.50189,3.4026688385965826,5.24193,0.309193369617679,1.7344752154868457,Hammer,2016-01-29,26.86673,2016-02-05,27.91804,Profit target (+2%),1,0.03913055291805145,0.038751133626305424,3875.1133587554295,103875.11335875542
COP,2018-11-16,51.53208,2.034044519964425,4.263159999999999,0.3564890832152679,1.2603671956457925,Hammer,2018-11-23,50.94755,2019-01-25,52.21793,RSI > 90,9,0.02493505575832411,0.024736347837350646,2569.490933116912,106444.60429187234
COP,2019-08-09,42.71159,3.19984923277876,2.6966600000000014,0.49853151676518254,1.0165939674884124,Hammer,2019-08-16,42.53761,2019-09-20,48.5952,RSI > 90,5,0.14240550891317105,0.14215371365320553,15131.495783304097,121576.10007517645
COP,2020-03-20,21.53721,0.24429454647882665,8.273040000000002,0.41804101031785146,1.901514096438392,Hammer,2020-03-27,21.46499,2020-04-03,22.87727,Profit target (+2%),1,0.0657945799182762,0.0653134910635728,7940.55951786351,129516.65959303996
COP,2024-05-31,110.1439,3.296120100060719,5.961999999999989,0.43616236162361594,1.1614149641996296,Hammer,2024-06-07,109.9359,2025-01-24,100.7055,RSI > 90,33,-0.08396165401838707,-0.08404879348813776,-10885.718964523134,118630.94062851684
COR,2015-06-12,94.64635,2.1966500388368218,3.0331500000000062,0.47025699355455536,1.0625733880736294,Hammer,2015-06-19,94.31984,2015-07-24,97.29285,Profit target (+2%),5,0.03152051572606562,0.03141282826453773,3141.28282331249,103141.2828233125
COR,2015-09-04,85.29411,1.2221632992818172,5.368040000000008,0.45746305914262886,1.344493672261841,Hammer,2015-09-11,86.85368,2015-09-18,90.31749,Profit target (+2%),1,0.03988098143912855,0.039763556158118024,4101.264187663857,107242.54701097636
COR,2025-08-08,283.6453,2.187845865460119,21.335800000000006,0.45459743717132517,1.7554441658399966,Hammer,2025-08-15,284.7595,2025-08-22,292.5472,Profit target (+2%),1,0.02734834131960473,0.02731274439054008,2929.0882713721876,110171.63528234854
CORT,2020-03-13,10.8,3.8951312289417785,1.6049999999999986,0.38317757009345726,1.2082120987931422,Hammer,2020-03-20,10.03,2020-03-27,10.17,Profit target (+2%),1,0.013958125623130702,0.012954658694568999,1295.4658681614342,101295.46586816144
CORT,2021-03-05,24.55,4.514649646757661,2.59,0.4092664092664088,1.1628070328669418,Hammer,2021-03-12,24.55,2021-03-19,25.67,Profit target (+2%),1,0.04562118126272918,0.04520464263897366,4579.025330939567,105874.49119910102
COST,2016-05-20,120.5825,2.753118566896404,6.768999999999991,0.4856404195597586,1.2281071722414802,Hammer,2016-05-27,120.7092,2016-06-03,126.3965,Profit target (+2%),1,0.04711571280399518,0.04703092096870131,4703.092092167039,104703.09209216705
COST,2022-05-13,474.937,3.5702446561913774,29.48259999999999,0.47070136283774167,1.0271272308232333,Hammer,2022-05-20,473.8578,2022-07-22,498.4226,RSI > 90,9,0.05184002458121406,0.05181837443243072,5425.544024839644,110128.63611700668
COTY,2020-03-13,7.77,3.205391364714089,2.290000000000001,0.23580786026200903,2.0256180524328444,Hammer,2020-03-20,6.82,2020-11-20,4.98,RSI > 90,35,-0.2697947214076246,-0.27106227106227104,-27106.22707912088,72893.77292087911
COTY,2023-08-25,11.02,2.2941862303370613,0.9500000000000011,0.40000000000000036,1.1993394553582364,Hammer,2023-09-01,11.11,2023-09-08,11.46,Profit target (+2%),1,0.03150315031503159,0.030589293747188512,2229.7690299878577,75123.54195086697
CPAY,2020-03-13,235.46,2.5246095732484264,33.66,0.2655971479500891,1.587039722334501,Hammer,2020-03-20,210.0,2020-04-17,223.0,Profit target (+2%),4,0.06190476190476191,0.06185567010309266,6185.567004123701,106185.56700412369
CPF,2020-03-13,14.99541,0.4530680685641073,3.2509099999999993,0.48121910480450075,2.66190711728233,Hammer,2020-03-20,13.27837,2020-06-12,14.8792,RSI > 90,12,0.12055922526635432,0.11976102449905414,11976.102437929312,111976.10243792931
CPF,2023-10-27,14.06818,4.302304485710593,1.5796299999999999,0.47293353506833957,1.479564453262886,Hammer,2023-11-03,14.17619,2023-11-10,15.69732,RSI > 90,1,0.10730175032924927,0.1065587584680833,11932.034441948628,123908.13687987793
CPK,2023-10-06,88.46365,4.311480078320429,7.869120000000009,0.46810952177625925,1.3952377600933306,Hammer,2023-10-13,87.91441,2023-12-08,93.08475,Profit target (+2%),8,0.05881106407925607,0.05869397895186057,5869.39788931666,105869.39788931665
CPRI,2017-02-10,38.38,0.5590029825538494,6.439999999999998,0.46273291925465804,1.9196766508711636,Hammer,2017-02-17,38.29,2017-08-18,44.8,RSI > 90,26,0.17001828153564902,0.16973495234364794,16973.495217391297,116973.4952173913
CPRI,2020-02-28,25.82,2.5420413484661992,3.030000000000001,0.35973597359735954,1.0023530159705984,Hammer,2020-03-06,25.82,2020-06-12,22.44,RSI > 90,14,-0.13090627420604184,-0.13126815101645695,-15354.89441976443,101618.60079762689
CPRI,2022-05-13,43.0,4.08317426476701,6.990000000000002,0.12732474964234625,1.0785015707917154,Hammer,2022-05-20,42.74,2022-06-03,47.55,Profit target (+2%),2,0.11254094525035074,0.11229383553632001,11411.142433988527,113029.74323161542
CPRI,2024-02-09,46.83,1.5165099758800125,1.9498999999999995,0.4974614082773471,1.0285129633394963,Hammer,2024-02-16,46.81,2024-07-19,35.91,RSI > 90,22,-0.23285622730185873,-0.23304496422086943,-26341.012440964863,86688.73079065054
CPRT,2020-03-13,18.46,1.0924882901437627,2.637500000000003,0.49289099526066327,1.7686047858403726,Hammer,2020-03-20,16.5,2020-04-03,17.53,Profit target (+2%),2,0.06242424242424249,0.06179945471069374,6179.94546488943,106179.94546488942
CPRT,2026-02-20,36.48,3.47745439562226,4.259999999999998,0.3732394366197193,1.8336720055171063,Hammer,2026-02-27,36.42,2026-03-06,37.63,Profit target (+2%),1,0.03322350356946724,0.032944406314344546,3498.035262332227,109677.98072722166
CPRX,2022-05-13,6.91,4.278206389977882,0.9565000000000001,0.36225823314166206,1.2898327407140795,Hammer,2022-05-20,6.86,2022-05-27,7.16,Profit target (+2%),1,0.0437317784256559,0.042243262927895125,4224.326288565186,104224.3262885652
CPT,2015-08-28,49.15435,4.267067955332564,3.050539999999998,0.43354946992991295,1.5704422971928689,Hammer,2015-09-04,49.12112,2015-10-16,51.64067,RSI > 90,6,0.05129260082017684,0.05108382261819184,5108.382256710802,105108.3822567108
CPT,2018-12-28,69.04237,4.530413535160477,4.009219999999999,0.38461596021170974,1.4160596240536882,Hammer,2019-01-04,69.1768,2019-01-25,72.69574,Profit target (+2%),3,0.05086878837991926,0.05072056523536529,5331.156553704055,110439.53881041484
CRH,2018-10-26,23.01899,0.8237001419784633,1.2843499999999999,0.4064468408144208,1.1780251415381608,Hammer,2018-11-01,22.8284,2018-11-05,24.45249,Profit target (+2%),1,0.07114340032590993,0.07068986659892978,7068.986652823991,107068.986652824
CRI,2015-10-02,69.16928,3.378016991427316,5.061459999999997,0.43810086417752875,1.4623306935681095,Hammer,2015-10-09,69.60273,2016-01-15,70.58966,RSI > 90,14,0.014179472558044859,0.014034791825563095,1403.4791811528303,101403.47918115284
CRM,2020-03-20,137.6772,0.9913027183137331,30.538999999999987,0.39437113199515395,2.4453015305369914,Hammer,2020-03-27,137.0943,2020-04-03,145.9467,Profit target (+2%),1,0.06457161238651055,0.06449631763254803,6449.631756805171,106449.63175680516
CROX,2024-07-26,130.5,2.5505013638554885,12.739899999999992,0.4395560404712749,1.214985987683969,Hammer,2024-08-02,130.91,2024-08-23,136.03,Profit target (+2%),3,0.03911083950805905,0.03903296031776342,3903.296027873046,103903.29602787306
CRS,2018-02-09,41.48302,4.011814822506153,3.4736499999999992,0.21105465432613987,1.315055327149251,Hammer,2018-02-16,41.58776,2018-02-23,44.92176,Profit target (+2%),1,0.08016781860816735,0.07991775491696135,7991.775483704359,107991.77548370435
CRS,2020-03-13,24.03818,1.8103016593869938,8.658430000000003,0.4661803583328617,2.162269367878162,Hammer,2020-03-20,20.23603,2020-06-05,21.38171,Profit target (+2%),11,0.05661584806901354,0.056107816647670665,6059.182732236917,114050.95821594125
CRUS,2020-03-13,61.9,2.675568694874684,14.239999999999995,0.38272471910112343,2.2491983517229754,Hammer,2020-03-20,56.11,2020-04-03,63.11,Profit target (+2%),2,0.1247549456424879,0.12456562416466177,12456.562404009615,112456.56240400962
CRWD,2022-05-13,156.29,4.186812209508673,30.599999999999994,0.1408496732026145,1.085191274911824,Hammer,2022-05-20,154.0,2022-06-03,167.57,Profit target (+2%),2,0.08811688311688304,0.0880490893152819,8804.90892272328,108804.90892272329
CSCO,2020-03-13,31.46177,1.7645408764653894,5.97222,0.4541627736419617,2.3524746305981425,Hammer,2020-03-20,27.77563,2020-03-27,29.68139,Profit target (+2%),1,0.06861266513126796,0.06824035308054575,6824.03530123054,106824.03530123053
CSGP,2016-01-29,17.537,3.1454126971979264,1.7017699999999998,0.38606862266933845,1.3809585725857052,Hammer,2016-02-05,17.407,2016-03-04,17.954,Profit target (+2%),4,0.03142413971390834,0.03084079944865611,3084.0799417815315,103084.07994178153
CSGP,2018-10-12,38.83,2.368339018364466,2.289999999999999,0.23580786026200845,1.2348123460519438,Hammer,2018-10-19,38.911,2019-01-25,37.788,RSI > 90,14,-0.028860733468685118,-0.02911398910473851,-3001.1887772958316,100082.89116448569
CSGP,2022-02-25,61.7,3.8441638119257533,16.129999999999995,0.21264724116552966,2.8630220637030024,Hammer,2022-03-04,61.26,2022-03-25,64.54,Profit target (+2%),3,0.05354227881162266,0.05337468375091827,5341.892659440104,105424.78382392578
CSGS,2016-05-20,33.96236,4.023325727850377,2.0155400000000014,0.2955485874753189,1.007810913181194,Hammer,2016-05-27,34.0358,2016-06-03,34.83549,Profit target (+2%),1,0.02349555468065967,0.023198338464430836,2319.83384412325,102319.83384412326
CSGS,2020-03-13,36.01976,3.1129587583384932,4.446289999999998,0.2715567360653488,1.500211128319882,Hammer,2020-03-20,33.4551,2020-04-03,36.84821,Profit target (+2%),2,0.10142280250245861,0.101108783297121,10345.433896797455,112665.26774092071
CSGS,2023-03-17,48.37732,2.551173964693618,3.657579999999996,0.3074163791359321,1.1639563773221961,Hammer,2023-03-24,48.6959,2023-04-06,50.23258,Profit target (+2%),2,0.03155666082770825,0.031348085969663764,3531.840495405727,116197.10823632644
CSL,2015-10-02,79.50712,2.963765090728174,8.07535999999999,0.44021690673852276,2.226209274898764,Hammer,2015-10-09,79.91966,2015-12-11,78.81805,RSI > 90,9,-0.013783967549411469,-0.01390822306907524,-1390.8223055167018,98609.1776944833
CSL,2020-03-13,123.2582,1.474064802928467,26.072800000000015,0.49249025804670005,2.9851068339248954,Hammer,2020-03-20,112.7303,2020-04-17,118.5584,Profit target (+2%),4,0.051699498715074954,0.05160850239454726,5089.071978081007,103698.2496725643
CSR,2016-01-22,40.35423,4.936458613565165,3.4448699999999945,0.3214286751023979,1.4934924025641372,Hammer,2016-01-29,40.29272,2016-03-18,43.30698,RSI > 90,7,0.07480904739119132,0.0745516123492843,7455.161227473269,107455.16122747326
CSR,2018-03-02,33.24345,0.9602430175526564,2.02534,0.4827584504330139,1.0882194363861677,Hammer,2018-03-09,33.24345,2018-03-23,35.21626,Profit target (+2%),2,0.05934432196417627,0.05903463168959742,6343.575859866616,113798.73708733989
CSR,2022-01-28,76.69989,4.317954898848072,6.135009999999994,0.4424899062919219,1.282215932645645,Hammer,2022-02-04,75.64557,2022-03-04,79.87115,Profit target (+2%),4,0.05586024403015255,0.055724365328641785,6341.362393051622,120140.09948039151
CSW,2016-01-22,32.54187,4.142229087798171,4.107509999999998,0.1079802605471431,1.3410011047202193,Hammer,2016-01-29,32.25261,2016-04-15,30.46883,RSI > 90,11,-0.055306531781458834,-0.05560796351620591,-5560.796346059795,94439.20365394022
CSW,2018-10-26,44.49799,2.7414013696929516,2.8154699999999977,0.27054452720149796,1.0663239080656874,Hammer,2018-11-02,45.00901,2018-11-16,50.59175,RSI > 90,2,0.12403605411449825,0.12380012356153108,11691.585069718814,106130.78872365903
CSW,2021-05-14,126.2628,3.8485133502462077,12.270800000000008,0.4317648401082245,1.6097135069759108,Hammer,2021-05-21,125.2149,2021-08-13,125.9772,RSI > 90,12,0.006087933624512765,0.006007831023663209,637.6158444222283,106768.40456808127
CSX,2016-01-22,6.419191,4.395375507898123,0.5654729999999999,0.4455703455337393,1.0273483935955021,Hammer,2016-01-29,6.399149,2016-02-05,6.470728,Profit target (+2%),1,0.011185706099357873,0.009615485211227934,961.5485201612449,100961.54852016123
CSX,2020-03-13,17.82261,1.2336666840161001,3.6451199999999986,0.48860942849618066,2.5326886375691537,Hammer,2020-03-20,15.07878,2020-04-03,17.2597,Profit target (+2%),2,0.14463504341863187,0.14392413572725118,14530.80359791834,115492.35211807958
CTAS,2022-05-13,90.84749,2.9904577208569805,4.902329999999992,0.2755383664502395,1.0141337643156074,Hammer,2022-05-20,90.44879,2022-06-03,95.09543,Profit target (+2%),2,0.05137315822577615,0.05125976479260836,5125.976474134861,105125.97647413486
CTRE,2019-11-15,14.69138,3.336465874500419,1.0702599999999993,0.4641675854465267,1.089078130461202,Hammer,2019-11-22,14.68408,2019-12-06,15.26121,Profit target (+2%),2,0.03930310921760172,0.038608953045391525,3860.8953006782567,103860.89530067827
CTRE,2022-09-30,15.49622,0.8530584065634059,1.0197299999999991,0.2746413266256763,1.0418101441256502,Hammer,2022-10-07,15.70158,2022-11-04,15.88983,Profit target (+2%),4,0.011989239299484478,0.01134874683094607,1178.6910052241033,105039.58630590237
CTS,2025-03-07,43.71527,1.329366490895751,3.1979499999999987,0.38317984959114587,1.0326853020960298,Hammer,2025-03-14,43.257,2025-05-23,42.17044,RSI > 90,10,-0.02511870911066416,-0.02534695575793985,-2534.6955732592896,97465.30442674072
CTSH,2020-03-13,47.95813,4.824122628569782,7.7196,0.42502979428986004,2.134531236627989,Hammer,2020-03-20,42.58996,2020-04-17,48.76928,Profit target (+2%),4,0.1450886546970227,0.14483685393764906,14483.685379281222,114483.68537928123
CTSH,2026-02-27,64.43,0.7641898642833524,5.045000000000002,0.1645193260654109,1.0228098627096696,Hammer,2026-03-06,63.16,2026-03-13,66.01,Profit target (+2%),1,0.045123495883470754,0.0449616084857121,5147.370634877316,119631.05601415856
CUBI,2023-03-17,18.01,0.9142551791563704,14.52,0.34022038567493124,3.277331847034368,Hammer,2023-03-24,18.33,2023-04-28,18.83,Profit target (+2%),5,0.027277686852154925,0.026724843196072986,2672.484316934814,102672.48431693482
CUZ,2016-01-22,16.03998,3.037829302922617,1.20444,0.34920793065657096,1.2338743218019603,Hammer,2016-01-29,15.96351,2016-02-05,16.36499,Profit target (+2%),1,0.02514985739351805,0.024515750060588006,2451.575003607226,102451.57500360723
CVBF,2015-08-28,11.15483,1.0141371363279035,0.6963100000000004,0.3400066062529628,1.331683656892522,Hammer,2015-09-04,11.07127,2015-09-18,11.63528,Profit target (+2%),2,0.05094356835304348,0.050017740629291284,5001.774057927354,105001.77405792735
CVBF,2018-10-26,15.79362,3.9219349535703145,1.414469999999998,0.2620345429736924,1.821284933102752,Hammer,2018-11-02,16.04323,2018-11-09,16.96604,Profit target (+2%),1,0.0575202125756471,0.05687916985237621,5972.413735469267,110974.18779339662
CVBF,2020-03-13,13.40247,3.122460687353154,2.548910000000001,0.3523976915622761,2.799268850917913,Hammer,2020-03-20,12.22848,2020-03-27,13.98553,Profit target (+2%),1,0.1436850696079972,0.1428089145525232,15848.103286274734,126822.29107967135
CVCO,2018-10-26,201.68,4.0247838630821775,19.900000000000006,0.43316582914572876,1.2604060733142521,Hammer,2018-11-02,204.28,2019-02-01,150.57,RSI > 90,13,-0.2629234384178579,-0.2629659544264142,-26296.595416344826,73703.40458365518
CVCO,2020-03-20,118.0,4.634358263528355,31.500000000000014,0.41523809523809546,1.5014033685265964,Hammer,2020-03-27,119.08,2020-04-03,150.7,Profit target (+2%),1,0.26553577426939867,0.2654406516353866,19563.87972086809,93267.28430452327
CVI,2020-03-13,11.48989,1.1145676820579666,5.363793,0.3017510183558537,2.8808250798824595,Hammer,2020-03-20,9.595162,2020-03-27,10.99825,Profit target (+2%),1,0.14622869316849463,0.14511088458715596,14511.08844420451,114511.0884442045
CVLT,2020-03-20,30.69,1.5090796207574897,9.599999999999998,0.3302083333333332,2.163313035265441,Hammer,2020-03-27,31.15,2020-04-03,38.3,Profit target (+2%),1,0.2295345104333868,0.22917669715936445,22917.669693018775,122917.66969301876
CVX,2017-02-03,76.58641,2.8205747890012134,2.4074400000000082,0.3165270993254263,1.0297673137077332,Hammer,2017-02-10,76.39085,2017-08-11,75.52013,RSI > 90,26,-0.011398223740146984,-0.011528374905181465,-1152.837489365309,98847.1625106347
CW,2018-11-02,106.8823,1.8194675892101912,8.528800000000004,0.460310946440296,1.328718970154695,Hammer,2018-11-09,106.9403,2019-01-25,107.6305,RSI > 90,11,0.006454068297919502,0.006360260806225301,636.0260799865041,100636.02607998649
CWEN.A,2019-02-15,9.426542,2.0061802405419655,1.7132360000000002,0.27749125047570783,2.053091042455503,Hammer,2019-02-22,9.35853,2019-03-01,9.861823,Profit target (+2%),1,0.05377906572933999,0.05268237512989221,5268.237507720984,105268.23750772099
CWEN.A,2020-04-03,12.24678,4.3908841398815355,1.640130000000001,0.45815270740733993,1.2911956058439424,Hammer,2020-04-09,12.7381,2020-04-17,13.28722,Profit target (+2%),1,0.043108469865992705,0.04230681702254558,4453.564058071459,109721.80156579244
CWK,2018-12-28,14.32,3.051280678220124,1.58,0.3227848101265821,1.0170126090870548,Hammer,2019-01-04,14.36,2019-01-18,15.52,Profit target (+2%),2,0.0807799442896937,0.08005569091541939,8005.569083536369,108005.56908353638
CWK,2020-03-20,10.44,0.17186526562758786,6.540000000000001,0.44954128440366986,3.3315300311792995,Hammer,2020-03-27,10.52,2020-04-03,12.01,Profit target (+2%),1,0.14163498098859328,0.14061757719714957,15187.481433138768,123193.05051667514
CWST,2022-01-28,74.56,4.981119879845096,4.009999999999991,0.4488778054862846,1.0703402844323966,Hammer,2022-02-04,74.17,2022-02-11,75.4,Profit target (+2%),1,0.016583524335984867,0.01644759015840913,1644.759014196154,101644.75901419614
CWT,2015-06-19,18.68133,2.36210258805022,0.8038500000000006,0.340001244013189,1.0655827053173417,Hammer,2015-06-26,18.72152,2015-07-24,19.26814,Profit target (+2%),4,0.029197415594460097,0.0286556178083274,2865.5617779671784,102865.56177796719
CWT,2019-04-26,43.3918,4.853558199943791,2.292029999999997,0.31938936226837994,1.2144274932299306,Hammer,2019-05-03,43.35694,2019-05-31,44.32607,Profit target (+2%),4,0.022352361582713254,0.022119167177483343,2275.300555497296,105140.86233346448
CWT,2022-02-18,53.77816,3.3438949423770055,3.064930000000004,0.25074634657235284,1.009464654690577,Hammer,2022-02-25,53.56773,2022-04-08,56.08372,Profit target (+2%),6,0.046968389364268504,0.046777343622398944,4918.210241209599,110059.0725746741
CXT,2015-07-31,15.29685,3.2547113059897015,1.3830399999999994,0.4844039217954653,1.933655696684914,Hammer,2015-08-07,15.30835,2016-03-04,14.64554,RSI > 90,30,-0.04329728546838818,-0.04393617333894934,-4393.617329501318,95606.38267049867
CXT,2018-10-26,26.63961,4.126867830225564,2.1793499999999995,0.3909973157134006,1.6457975988189795,Hammer,2018-11-02,27.03502,2018-11-09,28.04653,Profit target (+2%),1,0.037414804945585356,0.03703806432095851,3541.0753473030272,99147.4580178017
CXT,2020-03-13,17.51784,0.5191084543034634,3.9801800000000007,0.48453587526192315,2.217399891439108,Hammer,2020-03-20,15.33048,2020-04-17,16.90551,Profit target (+2%),4,0.10273846611456383,0.10205288650893227,10118.28427062156,109265.74228842325
CXT,2023-10-06,53.11657,3.567796817986647,3.2833499999999987,0.298816757275343,1.2004229325726608,Hammer,2023-10-13,52.97086,2023-12-29,57.66548,RSI > 90,11,0.08862646368210747,0.08842933366253983,9662.296773045771,118928.03906146903
CYTK,2017-11-17,11.8,1.2075997508796519,1.6500000000000004,0.4242424242424237,1.1753121825505535,Hammer,2017-11-24,11.8,2018-01-26,9.65,RSI > 90,9,-0.18220338983050854,-0.1829733163913596,-18297.33162083863,81702.66837916136
CZR,2022-05-13,54.99,0.30789863586176125,13.002400000000002,0.3147418938042206,1.3233101417284572,Hammer,2022-05-20,54.14,2022-08-12,48.41,RSI > 90,12,-0.10583671961581098,-0.10601163542340014,-10601.16353173885,89398.83646826116
D,2022-10-14,54.18119,1.0710665516886877,3.563769999999998,0.3829792607267017,1.014020052177369,Hammer,2022-10-21,54.89732,2022-11-04,59.54792,Profit target (+2%),2,0.08471451794003793,0.08452466125293064,8452.466116840598,108452.46611684059
DAL,2015-06-12,36.07684,3.9712615889967395,3.2007800000000017,0.4054792894232041,1.2910581342005296,Hammer,2015-06-19,35.88391,2015-06-26,37.46239,Profit target (+2%),1,0.0439885174163015,0.04370375138169419,4370.375133799043,104370.37513379905
DAL,2017-03-24,41.4,4.404579664338627,2.4839999999999947,0.4456521739130442,1.0946409121522591,Hammer,2017-03-31,40.833,2017-05-12,43.857,RSI > 90,6,0.0740577474101829,0.07380381017679608,7702.931346752972,112073.30648055204
DAL,2017-08-25,42.45699,2.6381900182255578,2.792270000000002,0.4527678197309011,1.2199017916403048,Hammer,2017-09-01,42.59342,2017-09-22,43.95772,Profit target (+2%),3,0.03203076907184266,0.031792258961717425,3563.0635787625706,115636.37005931462
DAL,2019-10-11,50.64561,4.46447019810816,3.1850799999999992,0.4354364725532811,1.0722513804963831,Hammer,2019-10-18,49.78478,2019-10-25,51.83165,Profit target (+2%),1,0.04111437270587537,0.040909399479170445,4730.614452347072,120366.98451166169
DAL,2021-07-09,41.64215,3.9905977237230985,3.3177900000000022,0.47374004985246193,1.1360993815118516,Hammer,2021-07-16,41.10852,2021-10-01,42.59298,Profit target (+2%),11,0.03611076244048683,0.03586314185698521,4316.738236122526,124683.72274778422
DAL,2022-03-11,31.11518,4.259958388551638,4.317509999999999,0.4786532052039259,1.1332522461195316,Hammer,2022-03-18,31.04727,2022-03-25,36.02454,Profit target (+2%),1,0.16031264584615657,0.15996479484430606,19945.00610982863,144628.72885761288
DAN,2023-11-03,11.47379,0.2987497211896084,1.4470200000000002,0.20578844798275162,1.29050758682501,Hammer,2023-11-10,11.47379,2023-11-24,12.13332,Profit target (+2%),2,0.05748144248761755,0.05658523241561182,5658.5232359026595,105658.52323590267
DAR,2020-03-20,15.17,0.46073258865064304,7.75,0.36516129032258066,3.1498133595196403,Hammer,2020-03-27,16.23,2020-04-03,18.5,Profit target (+2%),1,0.13986444855206415,0.13920542038805042,13920.5420248845,113920.54202488449
DBX,2026-02-13,24.53,3.238909783631911,1.6600000000000001,0.4548192771084331,1.0512434071849028,Hammer,2026-02-20,24.56,2026-02-27,24.99,Profit target (+2%),1,0.017508143322475522,0.017097496438021522,1709.7496420924026,101709.74964209241
DCH,2016-02-05,12.36,0.8654557458020662,1.6199999999999992,0.4629629629629632,1.0028427584600585,Hammer,2016-02-12,12.15,2016-02-19,14.12,Profit target (+2%),1,0.1621399176954732,0.16125051419169042,16125.051403043992,116125.051403044
DCOM,2018-10-26,22.49845,0.37646792304660437,2.0814899999999987,0.3897064122335448,1.6150291746200878,Hammer,2018-11-02,22.94995,2019-01-25,21.45904,RSI > 90,12,-0.06496354022557782,-0.06538502588766258,-6538.502582227755,93461.49741777225
DCOM,2019-05-31,21.63033,4.368637452491072,3.0195399999999992,0.3925366115368563,1.9024612464518569,Hammer,2019-06-07,21.57593,2019-06-21,22.15885,Profit target (+2%),2,0.027017143641085317,0.026547512085901878,2481.1702297836255,95942.66764755588
DD,2020-03-13,13.8145,1.1655399469954517,1.977219999999999,0.2391691364643286,1.1700137573761018,Hammer,2020-03-20,12.2506,2020-04-03,12.39582,Profit target (+2%),2,0.011854113267921518,0.011033323541890953,1103.3323530857629,101103.33235308577
DEA,2018-03-02,28.84674,4.264791655989669,1.137319999999999,0.3506488938908998,1.0882798040190476,Hammer,2018-03-09,28.90582,2018-03-23,29.99129,RSI > 90,2,0.03755195320527149,0.03719956749756675,3719.956746036718,103719.95674603673
DEA,2022-05-06,34.33921,4.293543731407297,1.5965399999999974,0.47428814812030884,1.0331467762423179,Hammer,2022-05-13,34.04727,2022-05-20,35.05956,Profit target (+2%),1,0.029731899209540114,0.029433867404434492,3052.879451003647,106772.83619704036
DECK,2020-03-20,17.3167,0.8524600086569905,6.420019999999999,0.3457948729131683,2.1780233186760665,Hammer,2020-03-27,17.4317,2020-04-03,21.60671,Profit target (+2%),1,0.2395067606716499,0.23886457873336123,23886.457849449667,123886.45784944967
DECK,2022-02-25,47.92509,0.8821998900621963,5.593029999999999,0.3900139995673196,1.0650833784525793,Hammer,2022-03-04,47.41009,2022-03-25,48.11843,Profit target (+2%),3,0.014940701441402027,0.014728222597489462,1824.627326196563,125711.08517564624
DEI,2021-08-06,26.07165,4.68169998548062,2.164679999999997,0.4926501838608932,1.5008276802208562,Hammer,2021-08-13,25.9682,2021-09-10,26.60487,Profit target (+2%),4,0.024517294229095432,0.024127562256479756,2412.7562232352193,102412.7562232352
DELL,2017-12-08,19.77098,4.184791754040916,1.712209999999999,0.4484321432534547,2.1208172148383295,Hammer,2017-12-15,19.82473,2017-12-22,20.85359,Profit target (+2%),1,0.051897806426619786,0.051380427267542376,5138.042721616195,105138.0427216162
DELL,2018-12-28,21.00557,3.07120235779918,2.279589999999999,0.2814541211358186,1.398359342040483,Hammer,2019-01-04,21.03794,2019-02-08,23.12323,Profit target (+2%),5,0.099120446203383,0.09862167548831106,10368.889920398527,115506.93264201473
DELL,2020-03-13,16.62228,2.3745941115386984,3.2689700000000013,0.48514975665117765,1.6873806153757518,Hammer,2020-03-20,13.49202,2020-03-27,15.25828,Profit target (+2%),1,0.13091145729105058,0.13012205657248777,15029.999608728773,130536.9322507435
DFIN,2020-03-27,5.27,1.3395544787660043,1.3499999999999996,0.08888888888888899,1.0885725637272095,Hammer,2020-04-03,5.3,2020-04-17,5.57,Profit target (+2%),2,0.050943396226415194,0.04901036757775692,4901.036752874656,104901.03675287464
DG,2022-02-25,185.4875,2.6575626923886375,13.311000000000007,0.06723011043497908,1.276064545292,Hammer,2022-03-04,184.4807,2022-03-11,196.6918,Profit target (+2%),1,0.06619174797146798,0.06613574927487599,6613.5749208740235,106613.57492087402
DHI,2020-03-20,29.50257,2.7220985313041837,8.837610000000002,0.3755313936686505,1.9063718236117753,Hammer,2020-03-27,29.00428,2020-04-03,34.55129,Profit target (+2%),1,0.19124798133241017,0.19087030081408435,19087.030062321406,119087.03006232141
DIOD,2015-05-08,26.85,2.656524543938673,2.2300000000000004,0.3049327354260088,1.576247292606614,Hammer,2015-05-15,26.8,2015-10-23,22.7,RSI > 90,23,-0.15298507462686572,-0.15332960268606607,-15332.96025327365,84667.03974672634
DIS,2020-03-13,100.1613,0.43793008341847894,19.481210000000004,0.45436089442082905,2.413534251939198,Hammer,2020-03-20,89.6879,2020-04-03,93.79128,Profit target (+2%),2,0.04575176807573822,0.04563772606304404,4563.772601740631,104563.77260174064
DIS,2022-05-13,104.8606,0.4887779933152103,11.01066999999999,0.30257014332461096,1.1865699745352387,Hammer,2022-05-20,104.9876,2022-08-05,102.4572,RSI > 90,11,-0.024101893937950813,-0.024195990955553113,-2530.0240936202053,102033.74850812042
DKS,2020-03-06,28.98428,0.0853521619071671,3.5629600000000003,0.46976951747984846,1.4259895305348724,Hammer,2020-03-13,27.02051,2020-06-05,30.64571,RSI > 90,12,0.13416475114644388,0.1337699085049644,13376.990837119447,113376.99083711946
DKS,2025-11-28,205.4141,3.9163199616194078,18.45610000000002,0.49407512963193784,1.134845981890609,Hammer,2025-12-05,203.8529,2025-12-12,226.7143,Profit target (+2%),1,0.11214655273483976,0.11209474835167044,12708.965244047587,126085.95608116705
DLB,2020-03-13,55.12584,4.5253797319414275,9.516479999999994,0.3490849557819701,2.7926260431046983,Hammer,2020-03-20,47.82101,2020-04-03,49.48203,Profit target (+2%),2,0.034734105364985,0.034521382820770656,3452.138278624927,103452.13827862493
DLTR,2016-10-07,77.97,0.12652462245249296,5.3700000000000045,0.3575418994413408,1.2916355829753112,Hammer,2016-10-14,78.09,2016-11-25,81.97,RSI > 90,6,0.049686259444230885,0.04955502913118634,4955.502908163131,104955.50290816314
DLX,2015-07-10,40.19552,3.3111937340586195,2.2925499999999985,0.39193038319774853,1.265180940811594,Hammer,2015-07-17,40.55228,2015-08-07,42.50128,RSI > 90,3,0.048061416028889026,0.04780892604237763,4780.892599456871,104780.89259945687
DLX,2020-03-13,21.85305,0.1901102614800152,2.86214,0.4387765797619972,1.2036710667309014,Hammer,2020-03-20,19.71375,2020-04-17,21.90416,Profit target (+2%),4,0.11111077293767035,0.11057546751188592,11586.196173911456,116367.08877336832
DLX,2025-04-11,13.75275,2.5962552286813008,1.6190799999999985,0.4709279343824884,1.1221878280581785,Hammer,2025-04-17,13.97867,2025-05-02,14.53405,Profit target (+2%),2,0.039730532303860144,0.03900120640718788,4538.456843715236,120905.54561708357
DNOW,2016-01-22,12.98,4.262065776860183,1.790000000000001,0.46927374301675945,1.0534811119387961,Hammer,2016-01-29,12.7,2016-02-05,13.29,Profit target (+2%),1,0.04645669291338583,0.04565131837859114,4565.131833293983,104565.13183329397
DNOW,2020-03-20,5.78,0.2454633096003107,2.46,0.47560975609756095,2.1094405163276146,Hammer,2020-03-27,5.3,2020-04-03,5.48,Profit target (+2%),1,0.03396226415094361,0.03204524033930275,3350.8147773579667,107915.94661065192
DOC,2022-02-25,24.98967,0.8697348721531455,1.5756799999999984,0.2556420085296502,1.2843221479748024,Hammer,2022-03-04,24.60266,2022-03-11,25.96114,Profit target (+2%),1,0.055216793631257755,0.054799196672905934,5479.919661810674,105479.91966181068
DOC,2022-06-17,19.31331,2.402216969706515,1.5310300000000012,0.48437979660751107,1.0680932471462117,Hammer,2022-06-24,19.48875,2022-07-01,20.73271,Profit target (+2%),1,0.0638296453081908,0.06330028855402368,6676.909344570944,112156.82900638161
DOC,2023-03-03,20.04851,2.75397864141172,1.308769999999999,0.43217677666816895,1.1001881313327042,Hammer,2023-03-10,20.10631,2023-07-28,18.23178,RSI > 90,20,-0.09323093098634205,-0.09370498490650275,-10509.653958694544,101647.17504768708
DOCU,2018-10-12,44.64,1.4006637143883722,6.719999999999999,0.05505952380952344,1.1042238227215535,Hammer,2018-10-19,44.44,2019-01-25,46.45,RSI > 90,14,0.04522952295229543,0.044999437507031274,4499.943746203184,104499.9437462032
DOCU,2021-11-26,249.63,4.135577917881079,29.03,0.4385118842576651,1.3028235936212567,Hammer,2021-12-03,250.32,2022-08-12,72.69,RSI > 90,36,-0.7096116970278044,-0.7096374712873265,-74157.07575556642,30342.867990636776
DORM,2023-11-03,68.14,2.6721109998964465,13.223700000000001,0.38529307228687876,2.205325065741288,Hammer,2023-11-10,67.83,2023-11-24,71.67,Profit target (+2%),2,0.05661211853162329,0.05646052922532627,5646.052916886574,105646.05291688658
DOV,2019-08-16,82.54815,2.5041905181879827,4.6133099999999985,0.4418150958856004,1.2057906491423305,Hammer,2019-08-23,83.57636,2019-09-06,84.83501,Profit target (+2%),2,0.015059880569098683,0.014939335756202064,1493.933574126273,101493.93357412628
DOV,2022-03-11,143.2421,2.706818076409931,8.216200000000015,0.4502324675640822,1.0482257612544104,Hammer,2022-03-18,144.9252,2022-03-25,151.4868,Profit target (+2%),1,0.04527576984540982,0.04520520912825621,4588.054487879668,106081.98806200596
DOV,2025-09-26,167.1373,4.186141404578393,8.516500000000008,0.4988316796806196,1.0242817738239707,Hammer,2025-10-03,168.1223,2025-10-31,178.4994,Profit target (+2%),4,0.061723519128634496,0.06166220476983827,6541.2492637297,112623.23732573567
DPZ,2023-01-13,321.5811,2.0633567811752727,26.48399999999998,0.48830614710768794,1.1877674118351391,Hammer,2023-01-20,328.7859,2023-02-03,337.8108,Profit target (+2%),2,0.02744916980928913,0.02741833791628656,2741.8337888868227,102741.83378888683
DRH,2019-08-16,8.263173,4.9639622934234495,0.4131600000000013,0.40425743053538543,1.0603985182614675,Hammer,2019-08-23,8.342289,2019-09-13,8.614799,Profit target (+2%),3,0.032666094401668566,0.03144853376946699,3144.853373801846,103144.85337380185
DRH,2020-03-20,3.50978,0.7675517500521778,2.6368350000000005,0.33788386455731967,2.7356486904469683,Hammer,2020-03-27,3.455783,2020-04-03,4.391725,Profit target (+2%),1,0.27083355638939155,0.26755274745628393,27596.68887853955,130741.5422523414
DRI,2018-10-12,87.03741,4.094603028954964,5.054629999999989,0.4161293704979407,1.2807218473399185,Hammer,2018-10-19,86.90697,2018-11-16,92.12465,Profit target (+2%),4,0.06003753208747242,0.05991901920989712,5991.90191499781,105991.90191499781
DT,2020-03-20,22.78,3.1991963100292224,6.875,0.4385454545454546,1.6786947904512233,Hammer,2020-03-27,22.97,2020-04-03,24.55,Profit target (+2%),1,0.06878537222464098,0.06833514689880307,6833.514683046795,106833.51468304679
DT,2022-05-13,35.39,1.7747963827703188,6.404999999999998,0.12724434035909415,1.103887515606144,Hammer,2022-05-20,34.26,2022-05-27,37.93,Profit target (+2%),1,0.10712200817279638,0.10681453378082595,11411.372051625294,118244.88673467208
DUK,2019-11-15,69.17712,1.3312705776834548,2.1401499999999913,0.16760040184099115,1.0430817341394596,Hammer,2019-11-22,69.42702,2020-01-03,70.75465,RSI > 90,6,0.019122670107401873,0.018977267260840192,1897.7267241862924,101897.72672418629
DVN,2018-11-02,22.94523,0.9871413152800983,2.384800000000002,0.4277214022140226,1.1656365408501204,Hammer,2018-11-09,23.34329,2019-04-18,23.75478,RSI > 90,23,0.017627763695691634,0.01719569184724024,1719.5691830044548,101719.56918300445
DXC,2020-03-20,11.44392,0.17795967727823836,5.942604,0.37788821196902905,1.5779982715488445,Hammer,2020-03-27,11.2478,2020-04-03,14.0,Profit target (+2%),1,0.24468785006845795,0.24369045926347221,24369.045901978177,124369.04590197818
DXCM,2016-02-12,14.03,3.945874994685653,3.0175,0.32062966031483053,1.5530976040417481,Hammer,2016-02-19,14.2075,2016-02-26,15.9125,Profit target (+2%),1,0.1200070385359846,0.11926121372031648,11926.121360105528,111926.12136010552
DXCM,2022-01-28,103.3475,2.309330078759359,11.382500000000007,0.3110037338018892,1.0060417100885706,Hammer,2022-02-04,103.75,2022-03-11,109.1725,Profit target (+2%),5,0.05226506024096378,0.052166160666955765,5838.756023861699,117764.87738396722
DXPE,2015-12-24,24.71,4.725772881645838,3.6350000000000016,0.34387895460797785,1.1089352905170913,Hammer,2015-12-31,24.64,2016-03-18,16.91,RSI > 90,11,-0.3137175324675324,-0.3140596469872185,-31405.964667315886,68594.03533268413
DXPE,2021-04-23,29.4,4.9492575940021055,3.09,0.26537216828478977,1.0479252189846804,Hammer,2021-04-30,29.7,2021-05-14,32.04,Profit target (+2%),2,0.07878787878787885,0.07843797340515073,5380.3771137966705,73974.41244648081
DY,2020-03-13,20.3,2.65564563388844,8.025,0.2691588785046729,1.5542374230262017,Hammer,2020-03-20,16.75,2020-04-03,25.05,Profit target (+2%),2,0.4955223880597015,0.4947776783049837,49477.76778102061,149477.76778102064
EA,2017-12-08,102.2566,2.082548695188919,6.5762399999999985,0.1669190905441391,1.254559686882758,Hammer,2017-12-15,102.5869,2017-12-22,106.7444,Profit target (+2%),1,0.040526616946218175,0.040427168226731404,4042.7168186304234,104042.71681863043
EAT,2015-05-15,46.83295,4.9683348801393805,2.1757199999999983,0.21011894912948456,1.0083269767666965,Hammer,2015-05-22,46.68056,2015-06-12,48.15362,Profit target (+2%),3,0.031556176703964045,0.0313385980590143,3133.85980276757,103133.85980276758
EAT,2021-05-14,63.55,1.408932807334324,6.479999999999997,0.31790123456790176,1.030147227253786,Hammer,2021-05-21,62.99,2022-02-25,42.07,RSI > 90,40,-0.3321162089220512,-0.33224859115802846,-34266.07958589308,68867.7802168745
ECL,2019-11-01,178.1977,3.2412185954186867,9.489299999999986,0.417891730686141,1.3373713124613893,Hammer,2019-11-08,179.1121,2020-01-24,182.785,Profit target (+2%),11,0.020506152292335322,0.020449750470502237,2044.9750450052488,102044.97504500524
ECL,2025-04-11,232.9025,2.3876559877105024,17.463799999999992,0.2235767702332818,1.6044086408309493,Hammer,2025-04-17,235.5847,2025-05-09,252.5981,RSI > 90,3,0.07221776286830162,0.07217378348883664,7364.971927656974,109409.94697266222
ECPG,2024-04-19,42.7,4.236574633412374,4.189999999999998,0.4558472553699278,1.1603901489238568,Hammer,2024-04-26,42.78,2024-05-17,47.58,RSI > 90,3,0.11220196353436185,0.11195512445950688,11195.512434755175,111195.51243475516
ED,2025-05-16,101.7816,4.53609339612926,7.728639999999999,0.17793557469360805,1.6413574014782053,Hammer,2025-05-23,101.8401,2025-08-08,101.9377,RSI > 90,11,0.0009583651233648904,0.000860129746055552,86.01297451954224,100086.01297451954
EEFT,2016-07-01,70.29,4.434819285462012,5.829999999999998,0.14922813036020421,1.284271440551643,Hammer,2016-07-08,69.74,2016-07-22,72.23,Profit target (+2%),2,0.03570404359047896,0.035558104523621896,3555.810448806379,103555.81044880637
EEFT,2017-11-17,88.9,4.145344796358387,5.539999999999992,0.39711191335739926,1.39054616276056,Hammer,2017-11-24,88.09,2017-12-01,91.0,Profit target (+2%),1,0.03303439663980012,0.03291900788921053,3408.9545377288923,106964.76498653527
EEFT,2020-03-20,78.32,0.08270491258231516,28.0071,0.3913293414884086,2.3660124416398642,Hammer,2020-03-27,77.67,2020-04-03,89.96,Profit target (+2%),1,0.15823355220805957,0.1580946250402317,16910.55439615224,123875.31938268752
EFC,2015-07-02,5.506259,3.914104799472682,0.20678000000000019,0.37143340748621806,1.5893973046465983,Hammer,2015-07-10,5.506259,2015-10-16,5.641261,Profit target (+2%),14,0.024517916792508254,0.022681205873285953,2268.1205850604747,102268.12058506047
EFC,2017-11-10,5.818737,4.2974847219941665,0.25744100000000003,0.3420045758057197,1.903594980449799,Hammer,2017-11-17,5.788111,2017-12-01,5.93358,Profit target (+2%),2,0.025132379112978276,0.023384499278539653,2391.4887896474647,104659.60937470794
EFC,2020-03-27,3.348709,0.43882284093488977,1.5981360000000002,0.08923082891568693,1.9352742411099277,Hammer,2020-04-03,3.414075,2020-04-17,5.440396,Profit target (+2%),2,0.5935197674333457,0.5897270460577788,61720.60221638692,166380.21159109488
EFC,2021-12-03,9.967795,4.669947355048677,0.5369109999999999,0.2934843949928379,1.4911529308839628,Hammer,2021-12-10,10.06701,2022-01-21,10.51427,RSI > 90,6,0.04442828605514437,0.04341338024882824,7223.1273844615735,173603.33897555643
EFC,2022-05-13,9.186927,0.4257460655118024,0.8922360000000005,0.4636519934187807,2.034538459333959,Hammer,2022-05-20,9.205216,2022-06-03,9.492514,Profit target (+2%),2,0.031210348567594748,0.0301076543698865,5226.78932210751,178830.12829766393
EFX,2023-10-20,173.1549,1.8644577310643342,15.953800000000001,0.36184482693778214,1.4527146863552398,Hammer,2023-10-27,173.312,2023-11-10,177.5336,Profit target (+2%),2,0.02435838257016254,0.02429998211369908,2429.99820893991,102429.99820893991
EG,2020-03-27,165.224,3.191725554616383,24.466300000000018,0.24616308963758354,1.6058451649895864,Hammer,2020-04-03,164.9359,2020-04-17,183.4581,Profit target (+2%),2,0.11229938418500751,0.1122353521776587,11223.535206542336,111223.53520654235
EGBN,2015-09-04,32.1271,3.2987167968151,1.7097999999999978,0.3972628377588028,1.0687234204372518,Hammer,2015-09-11,32.64238,2015-10-02,34.93773,RSI > 90,3,0.07031809567807246,0.07000102305299842,7000.10229829974,107000.10229829975
EGBN,2025-11-07,16.5738,1.24976560422391,1.969269999999998,0.21320083076469995,1.0591509481687793,Hammer,2025-11-14,16.64378,2025-11-28,17.85333,Profit target (+2%),2,0.07267279428110673,0.07205032440815488,7709.392074588863,114709.49437288863
EGP,2015-08-28,40.14483,3.7173474228141004,2.8424300000000002,0.31362249905890344,1.6063703660058133,Hammer,2015-09-04,40.06446,2015-10-16,42.25793,RSI > 90,6,0.05474852275557951,0.05449212442593445,5449.212437144233,105449.21243714423
EGP,2018-12-28,74.76599,2.9946280919113804,4.564670000000007,0.30649313093827096,1.369180222173861,Hammer,2019-01-04,75.00465,2019-01-18,77.81918,Profit target (+2%),2,0.03752474013277851,0.03738892262528889,3942.6324407674047,109391.84487791164
EHC,2016-10-28,27.67129,2.453319642077801,1.9321699999999993,0.46570436348768596,1.7366504526292317,Hammer,2016-11-04,27.78987,2016-11-25,28.52926,Profit target (+2%),3,0.02660645767684411,0.026241892838498655,2624.1892812256765,102624.18928122567
EHC,2023-10-27,59.89167,2.4708643554045153,5.99409,0.4581279226704971,1.8635739793509538,Hammer,2023-11-03,60.14758,2023-11-10,62.79521,Profit target (+2%),1,0.044018894858280255,0.043848992013310224,4499.967251664933,107124.15653289061
EHC,2025-01-03,90.60231,2.7919638476235207,5.532440000000008,0.4019094649015618,1.2994798634617295,Hammer,2025-01-10,89.85706,2025-01-24,94.68627,Profit target (+2%),2,0.05374324510505901,0.053628973117242046,5744.958505164663,112869.11503805529
EIG,2022-08-05,34.06882,3.866644383504749,2.1886300000000034,0.29718591082092405,1.2577776718774998,Hammer,2022-08-12,33.93697,2022-08-19,35.50967,Profit target (+2%),1,0.04634179185708076,0.04604034474133338,4604.034469529304,104604.0344695293
EIX,2018-11-16,39.24527,1.275511357277452,7.609829999999995,0.15230957853197788,2.562800401225206,Hammer,2018-11-23,38.75516,2018-12-07,39.82188,Profit target (+2%),2,0.027524592854216046,0.02726304535378611,2726.304532652307,102726.3045326523
EIX,2025-01-17,58.99403,0.6220293356812476,8.533900000000003,0.18081533648156137,2.100916701251274,Hammer,2025-01-24,58.65531,2025-03-21,53.84734,RSI > 90,8,-0.08196990178723795,-0.08213338797561753,-8437.259417044508,94289.04511560779
ELAN,2022-05-13,22.27,0.6775449973427072,3.349999999999998,0.47462686567164203,1.6840584034740618,Hammer,2022-05-20,22.65,2022-05-27,24.19,Profit target (+2%),1,0.06799116997792498,0.0675347605385126,6753.4760470977835,106753.47604709778
EMBC,2023-10-06,12.58555,4.995061257453287,2.2020300000000006,0.45528444208298746,1.094691511789172,Hammer,2023-10-13,12.53184,2023-10-20,13.82083,Profit target (+2%),1,0.10285720213472249,0.10201853098547967,10201.853088346114,110201.85308834612
EMN,2016-07-01,49.3225,2.0001123023192804,2.9596400000000003,0.4669892284196728,1.074392303168122,Hammer,2016-07-08,49.0041,2016-07-22,51.51509,Profit target (+2%),2,0.051240406414973405,0.05103113503410585,5103.113498307472,105103.11349830747
EMN,2018-10-26,59.73675,1.420066052818413,5.923989999999996,0.45806458147295975,1.5818546529023017,Hammer,2018-11-02,60.59286,2018-11-09,63.45167,Profit target (+2%),1,0.04718064141550671,0.047011726156666225,4941.078785054362,110044.19228336183
EMN,2020-03-13,37.47355,1.199321242510507,15.52168,0.4615299374809942,3.129326620624923,Hammer,2020-03-20,30.98385,2020-03-27,32.35138,Profit target (+2%),1,0.04413686485055912,0.04380704672809732,4820.711068692248,114864.90335205407
EMR,2020-03-20,38.67082,0.30925366889495365,9.174350000000004,0.4177821862039274,2.0465152918771055,Hammer,2020-03-27,37.57446,2020-04-03,40.31097,Profit target (+2%),1,0.07282899075595495,0.0725531979437701,7255.319787121689,107255.3197871217
EMR,2021-12-03,82.82524,3.3673535123343186,5.0137399999999985,0.34858209639909715,1.2445411877628512,Hammer,2021-12-10,83.72432,2022-01-14,87.34815,RSI > 90,5,0.043282883635244795,0.04316086646828143,4629.23253071555,111884.55231783725
EMR,2022-05-13,77.65514,2.0162899553150453,4.827979999999997,0.48679157742989715,1.0545427788917712,Hammer,2022-05-20,77.55305,2022-06-03,81.16298,Profit target (+2%),2,0.046547879161425776,0.04641594263909425,5193.226957392248,117077.77927522949
EMR,2025-03-07,116.6696,3.601998897544135,10.2299,0.4249992668550038,1.754848017342179,Hammer,2025-03-14,111.2497,2025-05-16,116.7876,RSI > 90,9,0.049779010640028654,0.049686889632527854,5817.230691452554,122895.00996668203
ENOV,2017-11-10,62.82859,2.589526669054308,8.977969999999992,0.38314229163162716,2.1894632659625666,Hammer,2017-11-17,62.15783,2017-12-08,64.49692,Profit target (+2%),3,0.037631461716086445,0.037467567033225554,3746.756699575799,103746.75669957581
ENOV,2025-03-07,37.72,1.1304477163940305,4.359999999999999,0.4082568807339453,1.2988890024344675,Hammer,2025-03-14,37.31,2025-03-28,39.6,Profit target (+2%),2,0.061377646743500325,0.061101433739782884,6339.075573857432,110085.83227343323
ENS,2020-03-13,45.54661,1.6457518279175218,17.877029999999998,0.44341929280199227,2.8813872508400817,Hammer,2020-03-20,38.82491,2020-03-27,39.49708,Profit target (+2%),1,0.01731285404138716,0.01705309128967826,1705.309127262517,101705.30912726253
ENSG,2021-08-20,80.7876,0.9105957589967915,5.9855500000000035,0.4507856420880284,1.1762044276881896,Hammer,2021-08-27,80.90642,2021-11-12,82.38961,RSI > 90,11,0.01833216696524209,0.01820744216329427,1820.744214508683,101820.74421450868
ENTG,2020-03-13,46.26255,4.292990378002344,9.171439999999997,0.4669855551581869,2.426857038238307,Hammer,2020-03-20,44.34328,2020-04-17,48.34785,Profit target (+2%),4,0.09030838494581372,0.09007271533416848,9007.271524409578,109007.27152440957
ENVA,2020-03-13,16.3,3.4308218402985915,3.450000000000001,0.44927536231884063,1.3261669145130666,Hammer,2020-03-20,14.2,2020-04-03,14.74,Profit target (+2%),2,0.03802816901408468,0.037310806054206266,3731.0806016895467,103731.08060168954
EPAC,2020-03-13,18.93318,4.7216751601065425,2.8533599999999986,0.3402760254577059,1.5412949355860992,Hammer,2020-03-20,18.44771,2020-06-12,19.50781,RSI > 90,12,0.0574651271079174,0.056907630369739684,5690.763031283206,105690.7630312832
EPC,2015-10-02,73.80977,1.6714990416880653,4.464259999999996,0.3509114612500193,1.0056973204760198,Hammer,2015-10-09,74.55231,2015-10-16,77.51338,Profit target (+2%),1,0.03971801812713771,0.03958122952665521,3958.122948707398,103958.1229487074
EPC,2017-04-07,64.93557,2.9146141658986124,3.6221199999999953,0.48000066259538604,1.1796178147254555,Hammer,2017-04-13,64.66392,2017-05-12,67.53445,RSI > 90,4,0.04439152467094476,0.0442334586691722,4598.427330177943,108556.55027888535
EPC,2024-08-09,35.89272,3.757995591381558,2.4299900000000036,0.4584957139741334,1.4304531686622184,Hammer,2024-08-16,35.67181,2024-08-23,36.92042,Profit target (+2%),1,0.03500270942237016,0.034717509777359615,3768.8130919348187,112325.36337082018
EPR,2022-06-17,34.10009,2.312637522762415,3.0813399999999973,0.4865870043552474,1.2263530156400109,Hammer,2022-06-24,34.44828,2022-07-01,36.06813,Profit target (+2%),1,0.047022667024304354,0.04672559477646243,4672.559472973684,104672.55947297369
EPRT,2020-03-20,9.721369,3.657184486938405,8.166253000000001,0.3799246729191468,3.7827314673836248,Hammer,2020-03-27,9.859262,2020-04-03,11.2315,Profit target (+2%),1,0.13918262847665486,0.13809831896192548,13809.831882382714,113809.83188238273
EQH,2020-03-13,13.84842,2.448538017755439,3.4899700000000013,0.3292377871443019,2.069446083378351,Hammer,2020-03-20,13.29105,2020-04-17,14.19998,Profit target (+2%),4,0.06838662107207472,0.06760880111010416,6760.880104249536,106760.88010424955
EQH,2026-03-06,39.26,0.9183620588571841,3.4064300000000003,0.4577255367055833,1.1547229632299167,Hammer,2026-03-13,38.62,2026-03-19,37.24,End of data,1,-0.03573278094251675,-0.03598705501618104,-3842.009662045526,102918.87044220402
EQIX,2018-02-23,338.6339,1.5122294423429992,18.53630000000004,0.40482189002120317,1.0228039344073456,Hammer,2018-03-02,340.212,2018-03-23,356.2157,Profit target (+2%),3,0.047040374825109144,0.0470102904910691,4701.029044405881,104701.02904440588
EQIX,2022-01-28,649.0685,4.768820567469149,53.682300000000055,0.41216751145163383,1.3283925391932903,Hammer,2022-02-04,653.7286,2022-03-25,670.8416,Profit target (+2%),7,0.026177529941324273,0.026158177910591683,2738.788142676669,107439.81718708255
EQT,2015-07-24,37.04948,0.5758241326414435,2.813119999999998,0.48049496644295264,1.3551432102394172,Hammer,2015-07-31,36.62053,2015-08-07,37.87746,Profit target (+2%),1,0.03432309690766355,0.03404537763685583,3404.537760281045,103404.53776028103
ERIE,2019-08-09,195.2791,4.484902044610749,13.73520000000002,0.4392582561593561,1.1567164111455428,Hammer,2019-08-16,194.4712,2020-03-27,159.796,RSI > 90,32,-0.17830506522302536,-0.17835190115808527,-17835.19009797334,82164.80990202665
ES,2022-02-18,69.62117,4.86269818963811,4.446939999999998,0.27977440667065173,1.4735122436225627,Hammer,2022-02-25,69.74727,2022-03-11,72.67701,Profit target (+2%),2,0.04200508493020583,0.04185870940114195,4185.870935928324,104185.87093592831
ES,2023-03-03,65.92513,3.2856850450998536,4.305709999999998,0.4723100255242465,1.2236962247067897,Hammer,2023-03-10,66.02998,2023-04-06,67.769,Profit target (+2%),4,0.02633682457574582,0.026183395527643316,2727.9398643794693,106913.81080030778
ES,2025-04-11,53.82601,2.7847720761084105,4.941069999999996,0.2185700668073927,1.5608220444200434,Hammer,2025-04-17,54.2083,2025-05-02,55.43162,Profit target (+2%),2,0.022567023869038527,0.022380485969310117,2392.783040148982,109306.59384045677
ESI,2015-10-02,12.77253,1.0271228946416215,1.81935,0.08163355044383958,1.004550033990013,Hammer,2015-10-09,12.85607,2015-10-16,13.17167,Profit target (+2%),1,0.02454871512056167,0.023761631030699646,2376.1631006938014,102376.16310069381
ESI,2015-10-23,10.23844,3.707371494318977,3.295235,0.49859266486305215,1.6623756483251215,Hammer,2015-10-30,10.20131,2015-11-13,11.38946,Profit target (+2%),2,0.11647033567257536,0.11543349163409693,11817.637954997244,114193.80105569104
ESI,2017-11-17,9.273079,1.7649499543403522,1.0674719999999986,0.23478273903203128,1.2731218066776906,Hammer,2017-11-24,9.282361,2018-01-12,9.783608,Profit target (+2%),7,0.05399994678078124,0.05289414291099482,6040.18322654925,120233.9842822403
ESI,2018-10-26,9.932126,0.6998559452090944,1.1881399999999989,0.41406231588869985,1.5936657768500486,Hammer,2018-11-02,10.1549,2018-11-23,10.47979,Profit target (+2%),3,0.03199342189484877,0.030993415289520543,3726.4618030466972,123960.446085287
ESI,2020-03-13,7.843595,0.8795369497487968,1.5780020000000006,0.41176500410012173,1.8747601113844163,Hammer,2020-03-20,6.738995,2020-04-03,7.398042,Profit target (+2%),2,0.09779603635260159,0.09624072971584365,11930.04377521947,135890.48986050647
ESNT,2020-03-20,23.85014,2.1745113541914236,16.20529,0.48930318433054887,3.861458841667766,Hammer,2020-03-27,23.44123,2020-04-03,26.53473,Profit target (+2%),1,0.13196833101334704,0.13151368045097228,13151.368031945858,113151.36803194587
ESNT,2022-03-11,37.5355,2.040787527230833,2.789739999999995,0.4172718604601148,1.1307877775511095,Hammer,2022-03-18,38.50996,2022-06-03,39.08818,Profit target (+2%),11,0.015014816946057552,0.014753228355942779,1669.3479696932732,114820.71600163913
ESS,2017-12-08,185.0793,3.9094442873819446,6.647599999999983,0.48375353511041724,1.1315194669601505,Hammer,2017-12-15,186.155,2018-09-07,190.159,Profit target (+2%),38,0.02150895758910587,0.02145466265577984,2145.4662634325177,102145.46626343252
ETN,2025-03-07,280.4972,2.4931244638618324,28.63240000000002,0.40357427250247907,1.3168200784497335,Hammer,2025-03-14,272.5349,2025-03-21,291.6207,Profit target (+2%),1,0.07003066396267044,0.06999268730927106,6999.268723927838,106999.26872392783
ETR,2023-01-06,47.87555,3.0266704401674644,3.792520000000003,0.47127767289295847,1.5043930491577346,Hammer,2023-01-13,47.79996,2023-02-24,48.81477,Profit target (+2%),6,0.021230352494018945,0.021018948661394202,2101.8948640375256,102101.89486403752
EVR,2016-01-22,35.75021,3.463485623238256,3.993630000000003,0.39557996108803206,1.3751539859228972,Hammer,2016-01-29,35.41339,2016-02-05,35.90257,Profit target (+2%),1,0.013813419161509133,0.013529129923748497,1352.9129910219367,101352.91299102193
EVR,2016-07-01,35.4368,1.6715778101877419,4.7484699999999975,0.4414032309354385,1.5941337139183231,Hammer,2016-07-08,35.03873,2016-07-15,37.49217,Profit target (+2%),1,0.0700208026946183,0.06972545445362119,7066.877911430454,108419.79090245238
EVRG,2017-02-17,37.88076,3.5114931417894866,1.0639499999999984,0.40268809624512003,1.2183756811758901,Hammer,2017-02-24,37.88076,2017-03-10,39.10895,Profit target (+2%),2,0.03242252795350464,0.032154297551375347,3215.4297519221045,103215.42975192211
EVRG,2022-10-14,48.54668,1.7363958237312715,3.589019999999998,0.4831736797231551,1.2071784370580936,Hammer,2022-10-21,49.1161,2022-10-28,50.66904,Profit target (+2%),1,0.03161773837906501,0.031410941530218076,3242.0938257118632,106457.52357763398
EVTC,2015-11-06,15.5378,4.481768668926279,3.2634799999999995,0.3861123708433939,3.166941068891721,Hammer,2015-11-13,15.46528,2015-12-11,15.73917,Profit target (+2%),4,0.017709992964886512,0.01705786837730136,1705.7868360243492,101705.78683602434
EVTC,2020-03-13,25.02353,1.1833945043364764,3.625899999999998,0.3599988968256154,1.6877124831988441,Hammer,2020-03-20,22.69328,2020-04-17,24.03728,Profit target (+2%),4,0.05922458102134187,0.0587709729547788,5977.348041507137,107683.13487753147
EW,2015-05-08,21.06664,2.2866789468135806,1.0983300000000007,0.4461318547249021,1.0150625512720883,Hammer,2015-05-15,20.99998,2015-05-22,21.92664,Profit target (+2%),1,0.044126708692103334,0.043640127246014945,4364.012720237482,104364.01272023747
EW,2022-01-28,104.87,2.895251400512848,15.769999999999996,0.4622701331642355,2.103624260353784,Hammer,2022-02-04,105.32,2022-02-11,111.6,Profit target (+2%),1,0.05962780098746667,0.05953002610966055,6212.7923959318905,110576.80511616937
EWBC,2015-08-28,31.85208,3.8803320031843924,2.6595999999999975,0.30863663708828293,1.6835252878508151,Hammer,2015-09-04,31.56797,2015-11-06,32.15666,RSI > 90,9,0.01864833247117259,0.01832865264180097,1832.8652623472317,101832.86526234723
EWBC,2016-02-12,23.0457,0.29401835642130436,2.26548,0.42253297314476346,1.1404561505704136,Hammer,2016-02-19,23.42062,2016-03-04,24.31405,Profit target (+2%),2,0.03814715408900371,0.03771212885720862,3840.3341328320685,105673.19939517931
EWBC,2016-07-01,26.92258,4.306939991532573,2.285649999999997,0.3754380591954152,1.1407887706824584,Hammer,2016-07-08,26.56971,2016-07-22,28.70299,Profit target (+2%),2,0.08028992412788849,0.07989852005910884,8443.13223314281,114116.33162832214
EWBC,2018-09-21,52.00815,3.2104895256506722,2.3492899999999963,0.49116541593417534,1.031368922433892,Hammer,2018-09-28,52.00815,2019-01-25,41.83118,RSI > 90,17,-0.19568029241570783,-0.19585374083284698,-22350.110417178512,91766.22121114362
EWBC,2020-03-13,27.39416,0.9739042963888096,5.3871199999999995,0.44311802967077013,1.7461104581327098,Hammer,2020-03-20,23.99989,2020-03-27,25.32845,Profit target (+2%),1,0.05535692038588502,0.054928808255318005,5040.609164181395,96806.83037532501
EWBC,2022-03-11,68.80264,4.457303314376787,8.563520000000004,0.2766525914577193,1.4387757625006754,Hammer,2022-03-18,69.64651,2022-03-25,73.82996,Profit target (+2%),1,0.06006690069610077,0.05991901683107785,5800.570092821827,102607.40046814684
EWBC,2023-03-17,50.16476,0.970263140014552,23.897600000000004,0.25019206949651857,3.533983611352231,Hammer,2023-03-24,50.48621,2023-06-23,49.48308,RSI > 90,13,-0.019869386115535237,-0.02006547278229218,-2058.8659992964886,100548.53446885034
EXEL,2020-03-20,15.15,4.070281694396343,2.7299999999999986,0.45787545787545747,1.3327424301774278,Hammer,2020-03-27,15.37,2020-04-03,17.4,Profit target (+2%),1,0.13207547169811318,0.13138211382113812,13138.2113689756,113138.21136897561
EXLS,2018-11-23,11.196,4.5867085908486445,0.9700000000000006,0.2989690721649492,1.4872502709948943,Hammer,2018-11-30,11.296,2018-12-07,11.62,Profit target (+2%),1,0.028682719546742286,0.02778515175648166,2778.515172869651,102778.51517286967
EXP,2015-10-02,67.26337,3.2211141852078384,5.468139999999998,0.26500967422194843,1.013698640782692,Hammer,2015-10-09,68.00494,2016-03-04,58.1951,RSI > 90,21,-0.14425187346683943,-0.1443883055918004,-14438.83054474121,85561.1694552588
EXP,2020-03-13,62.90252,2.223941996394899,20.666860000000007,0.4659783827828707,3.139671633685403,Hammer,2020-03-20,54.30991,2020-04-17,64.59234,Profit target (+2%),4,0.189328798372157,0.1891272580586065,16181.94935917894,101743.11881443775
EXP,2022-02-25,134.0613,0.6188279371434504,14.244800000000012,0.23372037515444335,1.5376229535452548,Hammer,2022-03-04,131.435,2022-07-29,119.4404,RSI > 90,21,-0.09125879712405371,-0.09133140596469881,-9292.342079263657,92450.7767351741
EXPD,2015-07-10,39.53137,4.444491619666664,1.5752999999999986,0.46666666666666334,1.1027352389078848,Hammer,2015-07-17,39.72391,2015-08-07,40.93164,Profit target (+2%),3,0.030403099795563993,0.030147567602534526,3014.756757238695,103014.75675723869
EXPD,2016-01-15,37.20452,4.497225065805765,2.9093599999999995,0.4575748618252803,1.4155108978190314,Hammer,2016-01-22,37.68941,2016-01-29,38.19194,Profit target (+2%),1,0.013333453614689184,0.013066393664206435,1346.0313636665192,104360.78812090521
EXPD,2022-02-25,100.4148,0.6347565556436905,6.919869999999989,0.24241784889022447,1.1128714669664554,Hammer,2022-03-04,99.35678,2022-03-25,100.939,Profit target (+2%),3,0.015924630407708307,0.015823186742427494,1651.3202373726717,106012.1083582779
EXPI,2016-01-22,0.3659871,4.6822761681080465,0.0819048,0.03411155390160303,1.651783190223199,Hammer,2016-01-29,0.3492243,2016-03-18,0.3915969,RSI > 90,7,0.12133348108937447,0.0991288577014661,9912.885760233727,109912.88576023372
EXPI,2017-01-13,1.636232,2.7828354569776224,0.596009,0.22343790110552048,2.1098742120747263,Hammer,2017-01-20,1.699558,2017-02-24,1.72284,RSI > 90,5,0.013698855820160283,0.007792049317183676,856.4466255812699,110769.332385815
EXPO,2021-05-14,89.39993,4.638073400063092,5.053089999999997,0.19589597652129687,1.0297110029922054,Hammer,2021-05-21,88.40063,2021-07-30,90.16894,RSI > 90,10,0.02000336422941773,0.019889117921562238,1988.9117901673126,101988.9117901673
EXPO,2025-08-01,67.49148,4.5070247888503445,8.316679999999998,0.46318242375563407,1.852346145575713,Hammer,2025-08-08,67.4816,2025-08-15,69.86202,Profit target (+2%),1,0.035275097211684425,0.035124306158555905,3582.289758913498,105571.20154908081
EXR,2019-11-01,86.87791,2.7553067349077764,4.273750000000007,0.4203849078677979,1.4039779693861916,Hammer,2019-11-08,86.69044,2020-01-24,88.15262,RSI > 90,11,0.016866681031956876,0.016750361956753515,1675.0361940003154,101675.0361940003
EXR,2024-02-16,128.4046,4.7530418212989645,7.500900000000016,0.3337332853390952,1.0130531538765188,Hammer,2024-02-23,127.7969,2024-03-15,137.3114,RSI > 90,3,0.07445016271912697,0.07436900390369784,7561.471156058757,109236.50735005905
EZPW,2020-03-13,4.27,0.1240660490168608,0.9100000000000001,0.48351648351648385,1.4564887135140112,Hammer,2020-03-20,3.94,2020-04-03,4.18,Profit target (+2%),2,0.060913705583756306,0.05830164765525974,5830.16475969581,105830.16475969582
F,2018-12-28,5.40545,3.4993515973080918,0.4360350000000004,0.3650784914055065,1.1036684003152302,Hammer,2019-01-04,5.433135,2019-01-11,5.613085,Profit target (+2%),1,0.03312084091413148,0.03125152281066943,3125.152277941791,103125.15227794179
FANG,2015-07-10,54.49351,4.382869499926173,4.435429999999997,0.4228766996660974,1.071123892708337,Hammer,2015-07-17,54.20909,2015-08-21,56.32302,RSI > 90,5,0.03899585844366693,0.03880780808088816,3880.780804208035,103880.78080420803
FAST,2022-01-28,25.14146,4.751179124851859,1.562619999999999,0.4841484174015446,1.2852962143460835,Hammer,2022-02-04,25.0694,2022-03-25,26.20343,RSI > 90,7,0.045235625902494636,0.04482779248955119,4482.77924447234,104482.77924447235
FBIN,2018-05-04,42.01284,2.1635910470682234,2.5195500000000024,0.4578317556706564,1.1415316675132159,Hammer,2018-05-11,42.11908,2018-05-25,44.03911,Profit target (+2%),2,0.04558575353497751,0.045342948736209886,4534.294869086694,104534.2948690867
FBIN,2022-02-25,70.57646,1.6305600858716787,6.07556000000001,0.11448821178623955,1.2558934715485195,Hammer,2022-03-04,69.50955,2022-07-29,54.90493,RSI > 90,21,-0.21010954609834198,-0.21023828824325266,-21977.11119401511,82557.18367507159
FBIN,2025-04-11,50.85318,0.7239953161112851,6.784350000000003,0.3973984243147828,1.3535362453902893,Hammer,2025-04-17,52.06887,2025-05-09,53.70613,Profit target (+2%),3,0.031444123907432786,0.031249069830991984,2579.8351951325085,85137.01887020409
FBK,2020-01-24,34.5699,2.403546437766991,1.5634699999999953,0.4795295080813843,1.1558507723169862,Hammer,2020-01-31,33.8476,2020-06-12,25.79922,RSI > 90,19,-0.2377828856403409,-0.2380431635974785,-23804.316335943535,76195.68366405647
FBK,2023-03-24,29.79547,2.207345049460173,3.3106100000000005,0.482756954156484,1.2182543167073456,Hammer,2023-03-31,30.77533,2023-06-16,28.98083,RSI > 90,11,-0.05830969156139021,-0.058625102459915104,-4466.979757341611,71728.70390671487
FBNC,2023-05-05,27.27079,0.5545100945606976,4.693619999999999,0.4355635948372466,1.6588053969233347,Hammer,2023-05-12,27.61777,2023-05-26,28.55555,Profit target (+2%),2,0.0339556741909286,0.03358750769745401,3358.75076638665,103358.75076638664
FBP,2015-08-28,2.764225,0.11408563691348661,0.40061199999999975,0.3799986021387272,1.108443681505973,Hammer,2015-09-04,2.756212,2015-09-11,3.108751,Profit target (+2%),1,0.1279070695577842,0.12405385750894884,12405.385738489498,112405.38573848951
FBP,2019-08-09,7.971322,2.924673724261055,0.5254929999999991,0.23076996268266164,1.0112275415542538,Hammer,2019-08-16,7.874308,2019-09-20,8.151222,Profit target (+2%),5,0.035166772750062636,0.033875309862236705,3807.7672682678076,116213.15300675732
FBP,2020-03-13,5.534398,0.04927906304264695,1.434844,0.1428573419828216,2.4631790551018637,Hammer,2020-03-20,4.173346,2020-04-03,4.41112,Profit target (+2%),2,0.05697442771339856,0.05451295799821285,6335.122722362123,122548.27572911943
FBRT,2015-08-28,10.10285,0.8516473620851883,0.5982620000000001,0.24193413588026738,1.9434177906269523,Hammer,2015-09-04,10.0546,2015-10-16,10.31929,Profit target (+2%),6,0.026325264058242093,0.02531810409956655,2531.810407424844,102531.81040742485
FCF,2015-08-28,6.225575,4.80625144599253,0.3917700000000002,0.45454475840416564,1.3482048368436532,Hammer,2015-09-04,6.182837,2015-09-18,6.446391,Profit target (+2%),2,0.04262671003618568,0.04097619248858688,4097.619244761068,104097.61924476107
FCF,2020-03-13,8.018686,0.7705116123016751,1.4396639999999996,0.2569835739450307,2.1257190928338403,Hammer,2020-03-20,7.037462,2020-04-17,7.922172,Profit target (+2%),4,0.12571435554465515,0.12420514303094583,12929.459674547026,117027.0789193081
FCPT,2016-11-11,11.69046,4.9345759022190805,1.86158,0.42320501939212907,2.352135686819208,Hammer,2016-11-18,11.65869,2016-12-02,12.3004,Profit target (+2%),2,0.05504134684085438,0.0541603900652366,5416.0390011076215,105416.03900110761
FCX,2018-10-26,10.50408,3.2091805617546356,1.3792340000000003,0.3973509933774836,1.1442181768544357,Hammer,2018-11-02,10.66849,2018-11-09,11.14346,Profit target (+2%),1,0.04452082722109685,0.0435630707481807,4356.307070461762,104356.30707046176
FDP,2023-06-30,23.37626,3.8253333168943584,1.600249999999999,0.4829557881581017,1.233820858148813,Hammer,2023-07-07,23.17623,2023-07-28,23.96726,Profit target (+2%),3,0.03413109034558248,0.0336923450567549,3369.2345023062553,103369.23450230627
FDS,2022-01-28,394.6111,3.561149067248408,24.648799999999994,0.34492145662263396,1.2038211756115258,Hammer,2022-02-04,395.4441,2022-03-25,421.8784,RSI > 90,7,0.06684712200788945,0.06682098909821772,6682.098903139673,106682.09890313967
FDX,2022-02-25,201.8852,0.7468524442061408,14.936000000000007,0.15243036957686157,1.2315596852919901,Hammer,2022-03-04,198.6473,2022-04-01,208.1885,Profit target (+2%),4,0.04803085669928553,0.04797930857080445,4797.930852282514,104797.93085228252
FE,2017-09-29,21.75639,2.362808517697559,0.9315099999999994,0.22727614303657523,1.2282694374888172,Hammer,2017-10-06,21.81991,2017-10-20,22.87138,Profit target (+2%),2,0.04818855806462996,0.04771932621944364,4771.9326171724315,104771.93261717242
FELE,2015-07-10,26.82736,0.04457970503732156,8.3322,0.21436235328004616,4.357791719537312,Hammer,2015-07-17,26.61303,2015-08-21,27.1327,Profit target (+2%),5,0.019526900920338708,0.0191475477336228,1914.754771447525,101914.75477144754
FFBC,2016-01-22,10.56181,1.904639875321763,1.899896,0.37275724565976226,2.4681707593560995,Hammer,2016-01-29,10.86143,2016-02-19,11.29044,Profit target (+2%),3,0.039498482244050725,0.03856004225858899,3856.0042220028963,103856.00422200288
FFBC,2020-03-13,12.55617,0.5764737368184001,3.6550200000000004,0.3651881521852139,2.636744271983463,Hammer,2020-03-20,11.47749,2020-04-17,12.09055,Profit target (+2%),4,0.05341411754660652,0.05251996735899626,5454.513946320856,109310.51816832373
FFIN,2020-03-13,23.38159,1.1651084686925515,5.1372399999999985,0.14680645638514034,2.5100857456383974,Hammer,2020-03-20,19.95728,2020-03-27,21.84778,Profit target (+2%),1,0.09472733759309881,0.09420266622850687,9420.26661343042,109420.26661343043
FFIV,2019-05-10,148.57,3.876241634107572,9.769999999999982,0.48311156601842453,1.0512537212430697,Hammer,2019-05-17,144.78,2019-07-26,148.0,Profit target (+2%),10,0.022240640972509995,0.022170804986704352,2217.0804964533545,102217.08049645336
FFIV,2020-03-20,100.14,3.4567095851597713,25.209999999999994,0.3895279650932168,2.507072841019108,Hammer,2020-03-27,100.77,2020-04-03,111.71,Profit target (+2%),1,0.10856405676292535,0.10845943934507574,11086.407231049401,113303.48772750275
FHB,2020-03-13,14.62581,0.5704444799856248,3.1330100000000005,0.49755985458073887,2.383666617242037,Hammer,2020-03-20,13.31911,2020-06-12,16.50187,RSI > 90,12,0.23896191262028776,0.23812172070029444,23812.172046217274,123812.17204621727
FHI,2022-10-14,27.55187,4.92864444715525,2.103999999999999,0.42561787072243285,1.1600945716903917,Hammer,2022-10-21,27.9518,2022-11-04,30.647,RSI > 90,2,0.09642312838529188,0.09604818863389221,9604.818853784403,109604.81885378441
FHN,2015-09-04,10.05861,1.5967541495095787,0.6348369999999992,0.3444506227582824,1.305816112228632,Hammer,2015-09-11,10.26317,2015-11-13,10.81524,RSI > 90,9,0.05379137245120158,0.0527912958199951,5279.129576720381,105279.12957672038
FHN,2016-01-22,8.904303,3.5510970129099206,0.8036630000000002,0.4424777549793884,1.3250636641779197,Hammer,2016-01-29,8.86163,2016-02-05,9.025208,Profit target (+2%),1,0.018459132236394282,0.017320898695445747,1823.5291363195506,107102.65871303993
FIBK,2018-10-26,27.80716,2.9776384750279163,3.224149999999998,0.47563854039049047,2.4231783437839187,Hammer,2018-11-02,27.86823,2018-11-09,28.62821,Profit target (+2%),1,0.02727047968241969,0.02690682063040422,2690.68206034974,102690.68206034975
FIBK,2020-03-13,20.4848,1.7725974495366756,3.683799999999998,0.3196074705467182,2.1728437374319443,Hammer,2020-03-20,18.44788,2020-03-27,18.80181,Profit target (+2%),1,0.019185402333492974,0.018638283021403527,1913.9779939877867,104604.66005433754
FIBK,2023-05-05,19.96856,0.20498955519231288,3.7237699999999982,0.47014181864078586,1.6771779447673059,Hammer,2023-05-12,20.18625,2023-06-16,20.93141,Profit target (+2%),5,0.03691423617561451,0.03640983099114709,3808.6379896561866,108413.29804399374
FICO,2020-03-13,303.55,1.3410433549817355,83.73000000000002,0.42852024364027214,2.7467510311908083,Hammer,2020-03-20,250.0,2020-04-03,294.04,Profit target (+2%),2,0.1761600000000001,0.1761164776704468,17611.647749433032,117611.64774943305
FICO,2026-02-06,1391.0,1.2432824990899718,210.4849999999999,0.49305176140817647,1.5059508415821128,Hammer,2026-02-13,1383.42,2026-03-13,1446.48,Profit target (+2%),4,0.04558268638591323,0.04556529369796575,5359.009267033063,122970.65701646611
FITB,2016-02-12,10.48839,0.684477811284296,1.0509519999999988,0.3087200937816372,1.3011312492838045,Hammer,2016-02-19,10.52365,2016-02-26,10.91159,Profit target (+2%),1,0.036863635715745025,0.035896339986608024,3589.633995071168,103589.63399507117
FITB,2018-10-26,19.50219,4.820197774037084,1.757159999999999,0.24463907669193546,1.5790398911916956,Hammer,2018-11-02,19.7586,2018-11-09,20.67866,Profit target (+2%),1,0.04656504003320072,0.0460472788358396,4770.020756303591,108359.65475137475
FITB,2020-03-13,13.88931,0.5646990229456463,4.19909,0.4859290941608776,2.5438879786011377,Hammer,2020-03-20,11.71492,2020-04-03,13.4071,Profit target (+2%),2,0.14444656899065467,0.14353169646209196,15553.04505895836,123912.69981033311
FIX,2020-03-13,36.67668,2.546209261165856,7.333400000000005,0.47159844001418194,2.3086276359045685,Hammer,2020-03-20,31.96858,2020-04-17,36.202,Profit target (+2%),4,0.13242439920697135,0.13209093257620833,13209.093244411739,113209.09324441174
FIZZ,2023-09-08,43.99346,3.386116057642866,3.462360000000004,0.42317956538314944,1.3062395052055846,Hammer,2023-09-15,44.22677,2023-11-10,45.51466,RSI > 90,8,0.02912014601111501,0.028890772401827892,2889.0772372937117,102889.0772372937
FIZZ,2025-10-31,34.27,1.8268374791079935,3.769999999999996,0.45358090185676275,1.5979251016717781,Hammer,2025-11-07,33.82,2026-02-13,35.3,RSI > 90,14,0.04376108811354218,0.04345898004434589,4471.4543499652555,107360.53158725897
FLEX,2020-03-20,4.844468,0.4570262996522416,1.8621380000000003,0.4921874748273223,2.0150162797995192,Hammer,2020-03-27,4.735358,2020-04-03,5.899194,Profit target (+2%),1,0.2457757153735789,0.2434069325565705,24340.693231316356,124340.69323131637
FLG,2024-02-09,14.41849,3.6473914575028488,7.0032700000000006,0.4537808766476233,2.0898553071949872,Hammer,2024-02-16,14.68332,2024-05-10,10.4945,RSI > 90,12,-0.2852774440657835,-0.2858611468159736,-28586.114653011246,71413.88534698877
FLO,2016-01-22,13.64449,3.8754894903897963,1.0300799999999999,0.1853059956508232,1.2212799933999192,Hammer,2016-01-29,13.61816,2016-05-06,12.69293,RSI > 90,14,-0.06794089656752444,-0.06865000484469082,-6865.000477604082,93134.99952239591
FLR,2020-03-20,5.63,1.5348789216701988,3.8699999999999997,0.2816537467700258,1.5068389997554787,Hammer,2020-03-27,5.79,2020-04-03,6.36,Profit target (+2%),1,0.09844559585492241,0.096635030198447,9663.503010181197,109663.5030101812
FMC,2015-08-28,28.97426,1.3250731686856625,3.553440000000002,0.43269339006708957,2.132576123055128,Hammer,2015-09-04,28.9196,2015-12-11,28.90767,RSI > 90,14,-0.000412522994785558,-0.0007581781597671486,-75.81781590089706,99924.18218409909
FMC,2023-07-14,85.39301,1.3099465755048527,7.942279999999997,0.270648982408074,1.350539949631993,Hammer,2023-07-21,85.18676,2023-12-22,54.08007,RSI > 90,22,-0.3651587406305863,-0.36525469129878296,-36497.77628043868,63426.405903660416
FN,2017-08-25,38.53,2.3512104011303023,4.060000000000002,0.4236453201970438,1.159127238795277,Hammer,2017-09-01,38.55,2018-03-16,33.36,RSI > 90,28,-0.1346303501945525,-0.13487226040721045,-13487.226027233817,86512.7739727662
FN,2021-05-14,81.71,4.62625940312661,7.950000000000003,0.44528301886792515,1.4117602780952325,Hammer,2021-05-21,80.85,2021-05-28,85.39,Profit target (+2%),1,0.05615337043908486,0.056026219776142624,4846.983683194967,91359.75765596116
FNB,2015-08-14,8.820422,2.9214524577794805,0.3909869999999991,0.33898313754676956,1.179528838939634,Hammer,2015-08-21,8.76078,2015-10-30,9.106371,RSI > 90,10,0.039447514947299034,0.03828421429695919,3828.4214258674974,103828.42142586749
FNB,2020-03-13,6.785976,0.4930792488034257,1.2352540000000003,0.23076954213465437,2.1137594914874964,Hammer,2020-03-20,5.47154,2020-04-03,5.732843,Profit target (+2%),2,0.04775675586763506,0.045887184244066494,4764.393898974968,108592.81532484246
FORM,2020-03-13,19.99,3.1134745911941053,3.285,0.47792998477929993,1.7465456113167346,Hammer,2020-03-20,18.89,2020-04-03,20.44,Profit target (+2%),2,0.08205399682371639,0.08150304313310407,8150.304305160102,108150.30430516011
FOUR,2021-07-23,89.3,2.347136201770283,9.700000000000003,0.40206185567010355,1.0335267152248364,Hammer,2021-07-30,89.3,2022-04-08,65.59,RSI > 90,36,-0.2655095184770436,-0.2656066289681428,-26560.662870253625,73439.33712974636
FOX,2022-05-13,29.51971,0.6813610447842251,2.8415099999999995,0.24179397573825148,1.3634629468142951,Hammer,2022-05-20,29.47246,2022-06-03,30.91821,Profit target (+2%),2,0.04905426964698556,0.04870670675153133,4870.670670282463,104870.67067028246
FOXA,2022-05-13,32.08063,0.8985910085371813,3.008740000000003,0.22712829955396707,1.2861181228573508,Hammer,2022-05-20,32.03317,2022-06-03,33.54229,Profit target (+2%),2,0.04711116633164947,0.04679168629169519,4679.16862449035,104679.16862449034
FR,2018-12-28,23.61444,2.5338744919375245,1.5540100000000017,0.325435486258134,1.3876406694825414,Hammer,2019-01-04,23.70606,2019-01-18,25.20539,Profit target (+2%),2,0.0632466972580008,0.06281161618249027,6281.161611967867,106281.16161196787
FR,2025-04-11,44.49138,1.4788649671535126,7.311249999999994,0.2893335612925286,2.5280812422504773,Hammer,2025-04-17,45.27124,2025-04-25,45.65143,Profit target (+2%),1,0.008398046971984874,0.008176253151763353,868.9816817339408,107150.14329370181
FSS,2017-03-03,13.8118,4.353874944174365,1.2438800000000008,0.3749557835160947,1.764572921440738,Hammer,2017-03-10,13.65631,2017-05-05,14.41099,RSI > 90,8,0.05526236589532618,0.05451014580592941,5451.014575141928,105451.01457514192
FTNT,2016-01-22,5.55,4.243171924450735,1.0120000000000005,0.18774703557312283,1.6735574907857094,Hammer,2016-01-29,5.518,2016-03-11,5.652,Profit target (+2%),6,0.024284160927872556,0.022451566177802,2245.156615535044,102245.15661553503
FTV,2020-03-13,36.68622,1.286077824900545,7.121660000000006,0.3682624556634271,2.5634268792837758,Hammer,2020-03-20,32.76148,2020-04-17,37.41712,Profit target (+2%),4,0.14210713313317958,0.14178025836159389,14178.025821981362,114178.02582198135
FUL,2020-03-13,29.75108,1.2507683466736381,7.5720699999999965,0.4467615856694401,2.268380216731286,Hammer,2020-03-20,25.83988,2020-04-17,30.08474,Profit target (+2%),4,0.16427553069131906,0.16385682580070018,16385.682563684335,116385.68256368434
FUL,2022-03-11,61.96984,2.9310938163604163,4.638950000000001,0.32991733043037774,1.2076052338959122,Hammer,2022-03-18,62.7018,2022-04-08,63.9566,Profit target (+2%),3,0.02001218465817578,0.019851116625310236,2310.3857557776482,118696.06831946199
FULT,2020-03-13,10.00432,1.3094352167461238,2.35032,0.3322356104700639,3.131632942356219,Hammer,2020-03-20,8.790501,2020-03-27,9.14614,Profit target (+2%),1,0.040457193509220835,0.039297249809874306,3929.7249770577046,103929.72497705772
FULT,2020-03-27,8.744113,0.44136867825881154,1.4921440000000006,0.35751241167072323,1.6441603503904079,Hammer,2020-04-03,8.798232,2020-04-17,9.703395,Profit target (+2%),2,0.10288010136581982,0.10168572178945184,10568.169089103165,114497.8940661609
FUN,2019-06-28,42.64792,4.727597132170899,3.1212799999999987,0.3954691664957963,1.3562103021742098,Hammer,2019-07-05,43.104,2019-07-19,45.04457,Profit target (+2%),2,0.04502064773570891,0.04478345589088132,4478.345584609786,104478.3455846098
FUN,2021-07-23,39.70742,4.739984668888837,3.335720000000002,0.34277457340544143,1.1750434381279338,Hammer,2021-07-30,39.92476,2021-08-13,42.35332,Profit target (+2%),2,0.06082841825473717,0.06057036155489027,6328.2911603882985,110806.63674499809
FWRD,2017-11-17,50.86357,2.3292977566898116,5.567439999999998,0.23322209130228544,2.0773053517769258,Hammer,2017-11-24,50.90094,2017-12-08,53.85082,Profit target (+2%),2,0.0579533501738867,0.057751217244981626,5775.121718723041,105775.12171872304
FWRD,2020-03-13,49.11335,3.927057498004501,7.578809999999997,0.24461360028817247,1.8730585582856007,Hammer,2020-03-20,44.54109,2020-04-03,48.19121,Profit target (+2%),2,0.0819494987661955,0.08171581389073662,8643.500151993685,114418.62187071671
FWRD,2025-03-14,19.99,0.2992908140372492,4.16,0.25721153846153855,1.0279840612109818,Hammer,2025-03-21,20.07,2025-03-28,21.45,Profit target (+2%),1,0.06875934230194325,0.0682440846824407,7808.39411238496,122227.01598310168
FWRD,2025-10-24,19.66,1.9780150299175432,5.09,0.23182711198428285,1.4677798965483948,Hammer,2025-10-31,19.7,2025-11-14,21.72,Profit target (+2%),2,0.10253807106598978,0.10200456736868826,12467.713873654317,134694.729856756
G,2020-03-20,23.21189,0.35849191287199744,10.094539999999999,0.47802178207228846,3.493250991060897,Hammer,2020-03-27,22.95305,2020-04-03,26.55824,Profit target (+2%),1,0.157068014926121,0.15659823025039143,15659.823009379325,115659.82300937931
G,2022-01-28,45.80454,4.804805666912031,2.819890000000001,0.3399990779782182,1.3512472261631043,Hammer,2022-02-04,45.66354,2022-07-29,43.5971,RSI > 90,25,-0.04525360933471212,-0.045467623882874356,-5258.777325691499,110401.04568368781
GAP,2017-03-24,17.03901,4.146296633727147,1.4058899999999994,0.46874933316262213,1.1008824702227467,Hammer,2017-03-31,16.85595,2017-04-07,17.7711,Profit target (+2%),1,0.05429240119957646,0.05368321476547887,5368.3214711795645,105368.32147117957
GATX,2015-07-10,40.70135,4.328178097524841,2.1507900000000006,0.42753592865877404,1.1070269775574866,Hammer,2015-07-17,40.95071,2016-02-12,34.57169,RSI > 90,30,-0.15577312334755622,-0.1559982722799825,-15599.827212398424,84400.17278760158
GBCI,2015-08-28,18.1784,0.956738344245224,1.19726,0.24852580057798732,1.2523958555288182,Hammer,2015-09-04,18.02255,2015-09-18,18.96477,Profit target (+2%),2,0.05228006025784371,0.05171085366563972,5171.085361392887,105171.08536139288
GBCI,2018-10-26,31.99283,4.16702933984817,2.6191099999999956,0.42424334984021184,1.5250607986099523,Hammer,2018-11-02,32.38173,2018-11-09,34.94528,Profit target (+2%),1,0.07916655472082557,0.07884556421719643,8292.273556361677,113463.35891775455
GBCI,2020-03-13,26.3197,1.0824520851168984,6.088449999999998,0.3092642626612682,2.6261163403689203,Hammer,2020-03-20,22.39622,2020-03-27,23.86441,Profit target (+2%),1,0.0655552588785071,0.06509422254680776,7385.809128914831,120849.1680466694
GBX,2020-03-13,15.63459,3.316386962901049,4.638650000000002,0.3399286430319169,2.0228733634448934,Hammer,2020-03-20,13.81584,2020-04-03,15.05059,Profit target (+2%),2,0.08937205410601168,0.08861617673021319,8861.617664159701,108861.6176641597
GDDY,2018-11-23,60.34,3.2432732255032306,6.605000000000004,0.44360333080999215,1.2247542783032344,Hammer,2018-11-30,61.16,2018-12-07,66.23,Profit target (+2%),1,0.08289731850882953,0.08272704978337288,8272.704970064584,108272.70497006457
GDDY,2019-06-07,73.2,3.5700786280282415,4.5249999999999915,0.27071823204419815,1.0610342300065763,Hammer,2019-06-14,73.63,2019-11-15,68.79,RSI > 90,22,-0.06573407578432688,-0.06586541726081334,-7131.426883678814,101141.27808638575
GDDY,2020-03-20,48.71,2.340601007808317,11.979999999999997,0.33222036727879783,1.9799778507597556,Hammer,2020-03-27,48.4,2020-04-03,56.93,Profit target (+2%),1,0.1762396694214876,0.17601487449643644,17802.369350981993,118943.64743736775
GDDY,2022-05-13,71.98,3.509745368603305,9.679999999999993,0.42665289256198335,1.5659926230222216,Hammer,2022-05-20,71.73,2022-06-03,74.74,Profit target (+2%),2,0.041962916492402025,0.041820589670314275,4974.293468394391,123917.94090576214
GDDY,2026-02-06,97.22,0.30821127911221424,9.75,0.48717948717948717,1.2925879523793378,Hammer,2026-02-13,96.55,2026-03-19,83.66,End of data,5,-0.13350595546349042,-0.1336026099114494,-16555.760303306815,107362.18060245532
GDEN,2016-11-04,9.250648,0.2783784898413728,2.60532,0.371621144427556,3.5264946372793897,Hammer,2016-11-11,9.241845,2016-11-18,10.63252,Profit target (+2%),1,0.15047590605555494,0.14931309003232993,14931.308988301684,114931.3089883017
GDEN,2024-03-08,30.40784,2.97228588045148,3.2748300000000015,0.43503021530888597,1.3143775471386554,Hammer,2024-03-15,30.4541,2024-03-22,31.6485,Profit target (+2%),1,0.03921967813857563,0.0388849309401787,4469.096008405355,119400.40499670705
GE,2018-02-09,67.25677,3.6770296014695845,6.302509999999998,0.49285760752462127,1.1429008484713112,Hammer,2018-02-16,67.79699,2019-01-11,39.55772,RSI > 90,47,-0.4165268989080487,-0.4166436707831141,-41664.36703664704,58335.63296335296
GE,2020-03-13,37.99488,0.9114424613385381,9.77704,0.4950496264718155,1.893404056867737,Hammer,2020-03-20,33.83238,2020-04-03,36.49445,Profit target (+2%),2,0.07868408902950375,0.07837693107445089,4572.1678793810115,62907.800842733974
GEN,2022-05-06,22.69332,1.6593332964618384,1.8466999999999985,0.3880597823143982,1.1603802063530624,Hammer,2022-05-13,22.31663,2022-06-03,22.96895,Profit target (+2%),3,0.029230219795730816,0.028775676328296723,2877.5676299521047,102877.56762995211
GEO,2015-05-08,14.31382,1.7744697345269032,1.2039899999999992,0.4352029501906164,1.8695645854647602,Hammer,2015-05-15,14.25549,2015-05-29,14.71823,Profit target (+2%),2,0.032460476630406854,0.031747857191443025,3174.785715969517,103174.78571596953
GEO,2015-08-28,12.03951,3.4534044268628037,0.7799399999999999,0.3451803984921926,1.115949480603427,Hammer,2015-09-04,12.01971,2015-09-25,12.4275,Profit target (+2%),3,0.03392677527161636,0.033081047276815795,3413.1299606321973,106587.91567660173
GEO,2017-08-11,18.70466,3.559817880469396,1.9150399999999976,0.3236381485504216,1.4162126700928948,Hammer,2017-08-18,18.75341,2018-05-04,16.98617,RSI > 90,37,-0.09423566167433006,-0.09474363765372423,-10098.52685103114,96489.3888255706
GEO,2021-01-08,8.429133,4.7473896274957355,0.9273989999999994,0.44502528038093625,1.024147880233216,Hammer,2021-01-15,8.341734,2021-01-22,9.040925,Profit target (+2%),1,0.08381842432280862,0.08257014060829054,7967.142394568242,104456.53122013883
GFF,2018-11-02,10.3312,0.26419124746075795,1.2874489999999987,0.3865007468256987,1.184966362330899,Hammer,2018-11-09,10.38649,2019-01-18,9.734536,RSI > 90,10,-0.06276942451203438,-0.06370154809368049,-6370.154802997895,93629.84519700211
GGG,2024-05-03,80.27854,0.7509582296158612,3.4557300000000026,0.36492434304763155,1.0722186906777855,Hammer,2024-05-10,80.93352,2024-07-26,80.61735,RSI > 90,11,-0.0039065395895298005,-0.004029848828468851,-402.98488244390023,99597.0151175561
GHC,2018-08-03,518.9019,1.4137748408815725,29.01339999999999,0.29816222848752755,1.534234718094982,Hammer,2018-08-10,519.0875,2018-09-21,530.3125,Profit target (+2%),6,0.02162448527464056,0.02160426902976974,2160.4269010326097,102160.42690103261
GHC,2020-02-28,472.6897,0.8131718101671623,47.736099999999965,0.21463001795286954,1.944322484494275,Hammer,2020-03-06,475.848,2020-07-24,369.0331,RSI > 90,20,-0.2244727307879828,-0.2244913870459995,-22934.135913290113,79226.29098774251
GHC,2023-03-17,550.475,3.290409849495333,39.7333000000001,0.4970616586087734,1.2873401075576643,Hammer,2023-03-24,552.8793,2023-04-06,580.8152,Profit target (+2%),2,0.050528026641619705,0.050502144727891315,4001.0976103533903,83227.3885980959
GILD,2016-01-22,64.19523,4.89527397447344,4.851510000000005,0.20028609649367074,1.1254136413526554,Hammer,2016-01-29,63.9855,2016-04-01,64.67319,RSI > 90,9,0.010747591251142996,0.010590478274118813,1059.0478263528335,101059.04782635283
GIS,2016-09-23,45.83927,4.707759268816886,1.7158700000000024,0.38016283284864183,1.0460857606502316,Hammer,2016-09-30,45.69746,2017-08-11,41.15525,RSI > 90,45,-0.09939742821592268,-0.09960536041167141,-9960.536031206608,90039.46396879338
GIS,2021-01-15,47.06594,1.0420013562611956,2.267940000000003,0.15867262802367094,1.0462590303165522,Hammer,2021-01-22,47.38396,2021-02-05,48.63927,Profit target (+2%),2,0.02649229823763144,0.026278483427363743,2366.1005593465516,92405.56452813992
GIS,2023-10-06,56.8646,0.056921604237587076,2.761579999999995,0.2882516530392008,1.1275709695567175,Hammer,2023-10-13,56.9647,2023-11-03,59.37614,RSI > 90,3,0.042332181157804794,0.042152933928035326,3895.165652242322,96300.73018038225
GKOS,2022-05-13,38.63,2.09673742911086,7.445,0.2881128274009397,1.1701313099232806,Hammer,2022-05-20,38.58,2022-06-03,41.5,Profit target (+2%),2,0.07568688439606008,0.07541790851367115,7541.790843825325,107541.79084382532
GKOS,2025-03-14,102.19,0.33848773054248227,12.159999999999997,0.2524671052631574,1.003817466180751,Hammer,2025-03-21,101.92,2025-07-03,102.47,RSI > 90,15,0.005396389324960671,0.005298013245033122,569.7578317154105,108111.54867554072
GL,2020-03-13,67.9771,1.2587009302671959,16.70463,0.4877773407731875,2.863442375256239,Hammer,2020-03-20,59.42061,2020-04-03,67.4073,Profit target (+2%),2,0.13440942460873417,0.13422983794360707,13422.983780937724,113422.98378093772
GLW,2015-05-08,15.86667,3.3294427572650136,0.7726999999999986,0.45630904620163054,1.1044315576503438,Hammer,2015-05-15,15.82166,2015-11-13,14.31054,RSI > 90,26,-0.09550957358456702,-0.0961112452027149,-9611.124510660367,90388.87548933963
GLW,2018-10-26,25.05317,3.223441323250853,3.044909999999998,0.3243971086173314,2.1576539667428425,Hammer,2018-11-02,25.54297,2018-11-09,26.93073,Profit target (+2%),1,0.054330408719111434,0.053928355168727765,4874.523375816496,95263.39886515612
GLW,2023-10-27,25.05742,0.21830710232497097,1.8752999999999993,0.3316589345704677,1.3214005985668973,Hammer,2023-11-03,25.21762,2023-11-10,26.35788,Profit target (+2%),1,0.04521679682698054,0.04481136376791956,4268.882816046043,99532.28168120218
GM,2015-08-28,22.75387,4.124608515534405,3.5935399999999973,0.41484719802757136,2.3927922164427717,Hammer,2015-09-04,22.82448,2015-09-18,23.91546,Profit target (+2%),2,0.047798679312737846,0.047350180556017876,4735.018050866769,104735.01805086675
GME,2022-05-13,24.5975,3.472021744037278,8.252500000000001,0.3753408058164192,1.1261689630698264,Hammer,2022-05-20,24.7,2022-06-03,34.3025,Profit target (+2%),2,0.388765182186235,0.3882817243472982,38828.17239590165,138828.17239590164
GMED,2016-11-11,21.45,3.5823690373413797,3.5500000000000007,0.3802816901408454,2.461202948145104,Hammer,2016-11-18,21.5,2016-12-16,24.2,RSI > 90,4,0.12558139534883717,0.1250871890258079,12508.718890072076,112508.71889007206
GMED,2022-05-13,63.59,4.489277995260068,6.824999999999996,0.06520146520146425,1.2717431758934776,Hammer,2022-05-20,63.28,2022-05-27,65.92,Profit target (+2%),1,0.041719342604298326,0.041558031129019464,4675.640837244075,117184.35972731613
GNL,2016-01-15,6.817193,0.030549398847028897,1.1641509999999995,0.37288118122133684,1.9350300458501652,Hammer,2016-01-22,6.965178,2016-02-12,7.220458,Profit target (+2%),3,0.03665089391828902,0.03518991910966978,3518.9919074479867,103518.99190744798
GNL,2022-05-13,8.300979,2.574608502540542,0.4973219999999996,0.1111111111111117,1.0879212497193806,Hammer,2022-05-20,8.300979,2022-06-03,8.921096,Profit target (+2%),2,0.07470408008501161,0.07345515802532145,7604.003901579559,111122.99580902753
GNL,2023-05-19,7.219966,3.702701526799089,0.5650409999999999,0.32098732658337986,1.042887351691724,Hammer,2023-05-26,7.21299,2023-06-23,7.478071,Profit target (+2%),4,0.03675050152571968,0.0353396167076984,3927.0440753751645,115050.0398844027
GNL,2024-03-01,5.710322,1.7806947127771053,0.5945,0.38157947855340707,1.1346703113024612,Hammer,2024-03-08,5.725966,2024-03-22,5.866769,Profit target (+2%),2,0.02459026127643793,0.022823900892100943,2625.8907053279772,117675.93058973066
GNRC,2025-04-11,110.25,1.5603765481779703,16.5,0.42000000000000043,1.3446346481141604,Hammer,2025-04-17,115.65,2025-05-16,127.96,RSI > 90,4,0.10644185041072185,0.10635078466127694,10635.078455492618,110635.0784554926
GNTX,2020-03-13,22.78226,3.1824691594260344,3.352719999999998,0.33962275406237286,2.2050243984656324,Hammer,2020-03-20,20.92064,2020-04-17,21.65515,Profit target (+2%),4,0.035109346559187404,0.03462307484980156,3462.307481517849,103462.30748151784
GNW,2018-10-19,3.94,0.6880997102259414,0.3600000000000003,0.2500000000000006,1.2643820920562168,Hammer,2018-10-26,3.97,2018-11-09,4.18,Profit target (+2%),2,0.052896725440805925,0.050314465408804965,5031.446535849051,105031.44653584904
GOGO,2023-04-28,13.41,4.972307800454018,1.3293999999999997,0.4362870467880248,1.0696643530561822,Hammer,2023-05-05,13.29,2023-05-26,14.34,Profit target (+2%),3,0.0790067720090295,0.07822489657766085,7822.4896499435945,107822.48964994359
GOGO,2023-08-11,12.86,3.5776573892028836,1.4600000000000009,0.479452054794521,1.0188818788330172,Hammer,2023-08-18,12.79,2024-02-16,10.03,RSI > 90,26,-0.21579358874120402,-0.21649081672528336,-23342.578822327123,84479.91082761646
GOOG,2018-11-02,52.45882,2.4156554381340243,5.019300000000001,0.3878070647301415,1.7325109328777062,Hammer,2018-11-09,52.32045,2018-12-07,55.69971,Profit target (+2%),4,0.06458774723841265,0.06439046391383157,6439.046384944111,106439.04638494411
GOOG,2020-03-13,60.48988,2.9980871707193586,8.324150000000003,0.4518911840848619,2.2319608072450796,Hammer,2020-03-20,54.35376,2020-04-17,59.96668,Profit target (+2%),4,0.10326645295560044,0.10307299136330553,10970.99089778283,117410.03728272693
GOOGL,2018-10-26,53.74331,4.610337808230852,3.940429999999999,0.4774732706836567,1.3706924256824746,Hammer,2018-11-02,54.37757,2019-02-08,55.49186,Profit target (+2%),14,0.020491721126927986,0.020305954646865798,2030.5954626559842,102030.595462656
GOOGL,2020-03-13,60.21582,2.8715269472918976,8.30039,0.4235270872814408,2.2116726228389036,Hammer,2020-03-20,54.03391,2020-04-17,59.58255,Profit target (+2%),4,0.1026881082638662,0.10249355510686653,10457.47844818066,112488.07391083667
GPC,2022-02-25,109.55,2.3924109108949523,9.725099999999998,0.2855806109962877,1.619095834633282,Hammer,2022-03-04,107.9351,2022-03-25,115.2919,Profit target (+2%),3,0.06815947731553496,0.06806367605736867,6806.367598930499,106806.36759893049
GPC,2023-10-06,133.4083,3.000919791496486,5.9961999999999875,0.392281778459689,1.036611669578584,Hammer,2023-10-13,133.7417,2024-02-02,133.28,RSI > 90,16,-0.0034521768453669166,-0.003526815988730995,-376.68640456950175,106429.681194361
GPI,2020-03-20,40.20382,2.0954278640114126,20.535239999999998,0.2733880879892321,2.010037596534522,Hammer,2020-03-27,39.87641,2020-04-03,44.13272,Profit target (+2%),1,0.10673754232138744,0.10647341706323818,10647.341695676474,110647.34169567648
GPK,2015-10-02,10.85056,3.2904048755160176,0.6939799999999998,0.09412374996397567,1.2608667377283358,Hammer,2015-10-09,10.92405,2015-10-30,11.62619,RSI > 90,3,0.06427469665554453,0.06333029860783873,6333.029854450842,106333.02985445084
GPK,2021-12-23,17.25136,1.6193929430891814,1.6493700000000011,0.4173654183112348,1.7272190484301895,Hammer,2021-12-31,17.38996,2022-01-07,18.07373,Profit target (+2%),1,0.039319814421654886,0.0387336331903036,4118.664570277237,110451.69442472808
GS,2020-03-13,153.7571,0.21507093543014832,30.7175,0.33380320664116564,2.550269955294632,Hammer,2020-03-20,130.3772,2020-04-03,137.5717,Profit target (+2%),2,0.05518219443276906,0.05510338067619661,5510.338062109324,105510.33806210931
GT,2020-03-20,5.69,0.202192142160996,3.0300000000000002,0.47194719471947183,2.179265989529182,Hammer,2020-03-27,5.65,2020-04-03,6.27,Profit target (+2%),1,0.10973451327433614,0.10786914235190083,10786.914224403168,110786.91422440318
GTES,2020-03-20,6.76,0.849321195583272,1.9299999999999997,0.30569948186528495,1.4543359203509358,Hammer,2020-03-27,6.78,2020-04-03,7.38,Profit target (+2%),1,0.08849557522123885,0.08695652173913038,8695.652165217387,108695.65216521738
GTM,2022-05-13,44.03,2.035324987392812,7.339999999999996,0.2561307901907352,1.0153425126440316,Hammer,2022-05-20,43.49,2022-08-12,47.65,RSI > 90,12,0.09565417337318927,0.09541326589263117,9541.32657972179,109541.32657972179
GTM,2024-08-09,9.0,2.0147820096788536,2.4399999999999995,0.4467213114754099,1.788666793054833,Hammer,2024-08-16,9.35,2024-08-30,9.77,Profit target (+2%),2,0.044919786096256686,0.043826830571886626,4800.8491558283185,114342.17573555012
GTY,2022-09-30,22.04253,3.7960776582491746,1.6968400000000017,0.3236722378067474,1.5160363523912943,Hammer,2022-10-07,22.19828,2022-10-28,23.74757,Profit target (+2%),3,0.06979324524242414,0.06932714445793582,6932.7144388608685,106932.71443886086
GWRE,2020-03-13,80.83,2.043306631532502,12.564999999999998,0.44249900517310015,1.6095950402334012,Hammer,2020-03-20,73.0,2020-03-27,81.25,Profit target (+2%),1,0.11301369863013688,0.11286898157660429,11286.898146373533,111286.89814637353
GWRE,2022-02-25,87.96,3.8333014862868424,8.310000000000002,0.3104693140794221,1.1621120004111998,Hammer,2022-03-04,86.98,2022-03-25,91.58,Profit target (+2%),3,0.05288572085536902,0.05276771857216763,5872.355716284967,117159.2538626585
H,2020-03-20,46.10945,1.5445004246491436,28.848010000000002,0.31611365913974654,3.6627278539716954,Hammer,2020-03-27,45.72455,2020-04-03,46.97795,Profit target (+2%),1,0.02741197015607577,0.027190295990229513,2719.0295963039216,102719.02959630392
H,2021-05-07,79.4184,2.5244460784513194,6.799959999999999,0.46153800904711045,1.1961028884606524,Hammer,2021-05-14,79.05322,2021-06-18,81.18501,Profit target (+2%),5,0.026966516986910882,0.026838322441360425,2756.806434412443,105475.83603071637
HAE,2015-10-02,34.12,0.3904539170648036,3.3200000000000003,0.0903614457831338,1.779848761512038,Hammer,2015-10-09,34.33,2016-02-12,32.55,RSI > 90,18,-0.051849694145062686,-0.0521333915829329,-5213.339153079951,94786.66084692004
HAE,2020-03-20,81.52,1.13354921497789,28.24000000000001,0.49716713881019836,2.789796006644726,Hammer,2020-03-27,81.78,2020-04-03,102.0,Profit target (+2%),1,0.2472487160674981,0.24711132848321807,23422.85766094779,118209.51850786783
HAE,2021-05-14,56.0,1.1982876013120318,12.410000000000004,0.45688960515713134,1.1628683871836691,Hammer,2021-05-21,55.83,2021-06-18,60.21,Profit target (+2%),4,0.07845244492208492,0.07826632040834604,9251.82404160127,127461.3425494691
HAFC,2017-02-10,22.64672,3.215172417637845,1.3399900000000002,0.2808229912163527,1.180905321423274,Hammer,2017-02-17,22.85197,2017-10-06,21.50316,RSI > 90,33,-0.059023795322678985,-0.0594483870784273,-5944.838701897892,94055.16129810212
HAFC,2018-10-26,14.33921,0.15096017548749785,3.2604699999999998,0.4615500219293539,2.7665987708619633,Hammer,2018-11-02,14.43237,2018-11-09,15.37502,Profit target (+2%),1,0.06531498291687354,0.06459971587622954,6075.9366904744,100131.09798857651
HAFC,2023-05-05,12.61201,3.2106688289056393,2.340860000000001,0.48449287868561136,1.613215167546768,Hammer,2023-05-12,12.87295,2023-06-09,13.80363,Profit target (+2%),4,0.0722973366633135,0.07149274535155054,7158.647083109809,107289.74507168632
HAL,2018-07-27,35.71425,2.8812119213838088,3.0587799999999987,0.34916208422966066,1.2600826274303756,Hammer,2018-08-03,36.15,2019-01-25,27.19152,RSI > 90,25,-0.2478141078838174,-0.24805642373115747,-24805.64234831011,75194.35765168988
HALO,2020-03-20,15.57,3.2297266856771927,4.359999999999999,0.34403669724770647,2.389980274969131,Hammer,2020-03-27,15.63,2020-04-03,17.74,Profit target (+2%),1,0.13499680102367217,0.13431403901503025,13431.403888071622,113431.40388807161
HAS,2020-03-20,36.50915,0.035494456993816925,7.3160799999999995,0.4826833495533132,1.1124084880533949,Hammer,2020-03-27,41.2361,2020-04-03,51.63221,Profit target (+2%),1,0.2521118631490369,0.2518388209819816,25183.882073014276,125183.88207301426
HASI,2022-05-13,30.32882,3.136224526339589,4.8810600000000015,0.35099343175457776,1.3265904921180423,Hammer,2022-05-20,30.32074,2022-06-03,32.36529,Profit target (+2%),2,0.067430742125687,0.06708987150849414,6708.987144140427,106708.98714414044
HAYW,2023-11-03,11.14,1.6055969507853547,1.8149999999999995,0.2617079889807161,1.5523710201610734,Hammer,2023-11-10,11.11,2023-11-24,11.68,Profit target (+2%),2,0.05130513051305141,0.05038236617183991,5038.236612145754,105038.23661214575
HBAN,2016-01-29,5.634479,1.324881348103034,0.8668430000000003,0.4318175263571379,1.9595806910616065,Hammer,2016-02-05,5.621345,2016-03-04,5.824921,Profit target (+2%),4,0.03621482047445945,0.034405284425324076,3440.5284390918787,103440.52843909188
HBAN,2020-03-13,7.09468,0.7905605092163626,2.262830000000001,0.4917492697197756,3.060509408316204,Hammer,2020-03-20,5.929659,2020-04-03,6.257578,Profit target (+2%),2,0.05530149372839133,0.05356988497569945,5541.2972047664225,108981.82564385832
HCA,2015-10-02,72.45377,1.9984533098985366,7.088170000000005,0.1404198827059723,1.13955973269341,Hammer,2015-10-09,73.17933,2016-03-11,67.44926,RSI > 90,22,-0.07830175542738638,-0.07843304707442153,-7843.304699598848,92156.69530040116
HCA,2020-03-20,75.06435,0.6806008675817594,36.49466,0.4728154749215364,3.1229177780856934,Hammer,2020-03-27,77.36887,2020-04-03,85.08568,Profit target (+2%),1,0.09974050286633362,0.09960481490715142,9179.25056867196,101335.94586907311
HCA,2020-09-25,115.274,3.572260384501874,11.082700000000003,0.4676387522896041,1.045834665280398,Hammer,2020-10-02,117.1195,2020-10-09,122.57,Profit target (+2%),1,0.04653793774734338,0.04645057182741441,4707.112627583247,106043.05849665636
HCC,2020-03-13,12.11415,1.730139655269241,3.7701200000000004,0.46878613943322733,1.7003788825153194,Hammer,2020-03-20,11.10167,2020-04-17,11.50133,Profit target (+2%),4,0.035999989190815374,0.035083422844110645,3508.3422809027225,103508.34228090271
HCI,2017-08-04,35.01897,2.2422523047923164,2.8161499999999933,0.4350300942776474,1.3341537316278322,Hammer,2017-08-11,35.02693,2018-01-12,27.8036,RSI > 90,22,-0.20622218390250013,-0.20647820431246583,-20647.82041059876,79352.17958940125
HCI,2023-09-01,50.99627,1.8133020200411067,6.561779999999999,0.4212073553212692,1.3997298664121984,Hammer,2023-09-08,49.92358,2023-09-15,51.47946,Profit target (+2%),1,0.031165232942028664,0.030961825872075677,2456.8883645598307,81809.06795396107
HCSG,2020-03-20,19.21108,4.614694308239564,8.02984,0.44789310870453236,2.9606722131453833,Hammer,2020-03-27,19.54937,2020-04-03,20.48411,Profit target (+2%),1,0.0478143285435797,0.04729070790825778,4729.070786096709,104729.07078609671
HCSG,2022-12-23,12.24,2.9791293348950774,1.2199999999999989,0.4344262295081966,1.04699070768672,Hammer,2022-12-30,12.27,2023-01-13,13.07,Profit target (+2%),2,0.06519967400163007,0.06435845213849296,6740.200882955647,111469.27166905235
HCSG,2023-10-27,9.59,0.1771087449983355,1.2799999999999994,0.3437499999999998,1.5144154988714198,Hammer,2023-11-03,9.66,2023-11-10,9.97,Profit target (+2%),1,0.03209109730848869,0.031039834454216295,3459.98773587946,114929.2594049318
HFWA,2018-10-26,23.93199,0.8667611670153121,2.4475900000000017,0.4999979571742,1.8726638532388538,Hammer,2018-11-02,24.2115,2018-11-09,24.78562,Profit target (+2%),1,0.023712698511038077,0.023294860941919918,2329.4860918625054,102329.4860918625
HFWA,2020-03-13,17.00848,2.1434809285843954,2.7399900000000006,0.18731820189124748,2.0308272983097138,Hammer,2020-03-20,14.95546,2020-04-17,16.85056,Profit target (+2%),4,0.12671626282307602,0.1260054837886001,12894.076387949885,115223.56247981239
HGV,2017-12-01,39.68,4.828689259594768,1.759999999999998,0.36363636363636437,1.107688466898948,Hammer,2017-12-08,39.97,2017-12-15,42.7,Profit target (+2%),1,0.06830122591943977,0.06804252657911207,6804.252651106955,106804.25265110694
HGV,2020-03-13,19.02,1.4110590453513652,8.120000000000001,0.4261083743842365,3.139452566763825,Hammer,2020-03-20,16.7,2020-04-03,16.76,Profit target (+2%),2,0.00359281437125758,0.002993115833582833,319.677499384332,107123.93015049129
HGV,2021-07-09,40.72,3.605094803007333,3.8200000000000003,0.29319371727748805,1.2593357110423986,Hammer,2021-07-16,40.2,2021-08-13,41.54,Profit target (+2%),4,0.033333333333333215,0.03308046262902617,3543.7091644740285,110667.63931496532
HIG,2017-09-08,44.15846,4.5390743933872955,2.1842499999999987,0.25095112738926584,1.6773146366318894,Hammer,2017-09-15,44.99728,2017-10-06,46.41746,Profit target (+2%),3,0.031561463270668666,0.03133574565555346,3133.5745624217707,103133.57456242178
HIG,2018-10-26,38.21529,1.6534999290597625,2.97607,0.48761621870453103,1.64136766818591,Hammer,2018-11-02,38.74052,2019-01-25,39.63596,RSI > 90,12,0.0231137837076012,0.02285270658388379,2356.8813160652444,105490.45587848703
HIG,2020-03-20,27.42805,1.5831080182995976,15.858619999999998,0.3235615709311402,3.822912405959006,Hammer,2020-03-27,27.56839,2020-04-03,30.67345,Profit target (+2%),1,0.11263116924854866,0.1122480768596099,11841.100787562598,117331.55666604964
HII,2016-09-23,127.7429,2.0705770785607456,7.183800000000005,0.49129986915003104,1.3700223762521881,Hammer,2016-09-30,127.5847,2016-10-21,130.648,Profit target (+2%),3,0.024009932225415698,0.023930615088835507,2393.0615064904896,102393.0615064905
HIMS,2022-05-13,3.45,2.703310069655174,1.2199999999999998,0.401639344262295,1.3289927168848295,Hammer,2022-05-20,3.4,2022-05-27,3.56,Profit target (+2%),1,0.04705882352941182,0.04405286343612346,4405.286339207059,104405.28633920706
HIW,2018-09-28,29.92205,3.966766723977159,1.2789399999999986,0.4108949598886587,1.1870159116026977,Hammer,2018-10-05,29.96637,2019-02-01,27.86962,RSI > 90,17,-0.06997010315230034,-0.07029208207699549,-7029.20820067034,92970.79179932967
HIW,2022-05-13,28.82568,3.5817639472366523,1.758930000000003,0.30379833194044226,1.0307450533110063,Hammer,2022-05-20,28.89248,2022-06-03,29.43686,Profit target (+2%),2,0.018841580923478984,0.018492269914193258,1719.2409743702283,94690.03277369989
HL,2015-07-24,2.076272,0.31717327289045727,0.29661000000000004,0.3870941640538088,1.1709422178225546,Hammer,2015-07-31,2.066703,2015-09-25,2.11704,Profit target (+2%),8,0.024356184705784933,0.019470454983170838,1947.0454963700386,101947.04549637003
HL,2017-11-17,3.735331,1.0071744079394165,0.4332210000000001,0.4444429055839859,1.0541801576172996,Hammer,2017-11-24,3.718472,2017-12-29,3.901506,Profit target (+2%),5,0.0492229066132539,0.046471143062174175,4737.5957312901955,106684.64122766024
HLI,2016-05-20,18.74478,4.477569377243057,1.5498100000000008,0.27226563256141195,1.1262321917792415,Hammer,2016-05-27,18.68797,2016-06-03,19.83214,Profit target (+2%),1,0.06122494845614579,0.060673611523476396,6067.36114628028,106067.3611462803
HLI,2023-10-27,94.83482,2.7303598247949594,6.7828599999999994,0.46590818622233104,1.3278234895882837,Hammer,2023-11-03,95.30692,2023-11-10,101.5888,Profit target (+2%),1,0.0659121079560645,0.06580373157942883,6979.62815522854,113046.98930150885
HLIT,2025-02-14,10.06,0.29669468545354505,2.8200000000000003,0.4184397163120566,2.5852750935048867,Hammer,2025-02-21,10.1,2025-02-28,10.59,Profit target (+2%),1,0.04851485148514856,0.04750123701138054,4750.123696387931,104750.12369638793
HLNE,2018-11-02,31.01084,3.2764946119264096,6.121590000000001,0.48497857582752185,2.063674986090608,Hammer,2018-11-09,31.0196,2018-11-16,32.77988,Profit target (+2%),1,0.056747346838772916,0.0564158764335397,5641.587637712382,105641.58763771238
HLNE,2026-02-27,104.94,1.2498165774768069,12.349999999999994,0.43805668016194327,1.0355801448879824,Hammer,2026-03-06,101.73,2026-03-13,104.34,Profit target (+2%),1,0.025656148628723008,0.025556593109549237,2699.839068003963,108341.42670571635
HLT,2018-10-26,66.71513,1.776227752294858,7.0458,0.37447983195662615,1.9283624153008592,Hammer,2018-11-02,67.35032,2018-11-09,70.82925,Profit target (+2%),1,0.051654246037732277,0.05150194520640682,5150.194515490488,105150.1945154905
HLT,2020-03-20,60.80855,0.5022848168022165,31.184130000000003,0.45235829891678897,3.5764732303569957,Hammer,2020-03-27,60.46305,2020-04-03,65.93187,Profit target (+2%),1,0.090448960150042,0.090276104488238,9492.54993754642,114642.74445303692
HLX,2018-11-16,7.77,3.24661118933669,0.9900000000000002,0.4848484848484852,1.1175175819327665,Hammer,2018-11-23,7.67,2018-12-07,8.5,Profit target (+2%),2,0.10821382007822677,0.10684039087947882,10684.039077263846,110684.03907726383
HMN,2018-10-19,30.92567,1.4008600075833613,1.9360800000000005,0.49806826164208157,1.2224328658101207,Hammer,2018-10-26,30.80906,2018-11-09,32.06847,Profit target (+2%),2,0.040877910588638544,0.04054675041198713,4054.6750371440394,104054.67503714403
HMN,2021-05-14,33.18897,4.377739676753748,2.292349999999999,0.4890527188256591,1.1980383604074614,Hammer,2021-05-21,33.14714,2021-08-06,33.66002,RSI > 90,11,0.015472828123331395,0.015168854861254799,1578.3902616950804,105633.06529883911
HNI,2020-03-20,17.75881,2.253293200199991,5.1803399999999975,0.1806753996841903,1.9108296579231638,Hammer,2020-03-27,18.00297,2020-04-03,20.38763,Profit target (+2%),1,0.13245925533398095,0.13186716770407772,13186.716757221056,113186.71675722105
HOG,2020-03-13,21.24665,2.6168196091940388,5.4370699999999985,0.26029644643162597,2.166633254763018,Hammer,2020-03-20,18.25492,2020-04-17,18.98046,Profit target (+2%),4,0.03974490164843236,0.03918637102462674,3918.637098544037,103918.63709854404
HOG,2025-11-21,23.01035,4.89717226640289,2.434540000000002,0.48790325893187264,1.1737759419435565,Hammer,2025-11-28,23.14778,2025-12-05,23.75642,Profit target (+2%),1,0.026293666174466823,0.0258560743029562,2686.9279995949673,106605.56509813902
HOMB,2020-03-13,11.76034,1.2372147619747267,2.4160500000000003,0.3797934645392273,2.0815160134778536,Hammer,2020-03-20,10.29556,2020-04-17,11.76876,Profit target (+2%),4,0.14309080807649122,0.14205052929161138,14205.052914956083,114205.05291495609
HOPE,2017-02-10,14.07378,4.28556621817863,0.8093799999999991,0.280992858731375,1.0872058831854414,Hammer,2017-02-17,14.20756,2017-06-16,13.2123,RSI > 90,17,-0.07005143740374842,-0.07073039621292715,-7073.039614219675,92926.96038578033
HPE,2020-03-20,7.203144,0.47665221909724664,1.6943669999999997,0.4433496403081502,1.684654748254988,Hammer,2020-03-27,7.128024,2020-04-03,8.1797,Profit target (+2%),1,0.1475410296037163,0.1460356785565281,14603.567841049244,114603.56784104924
HPQ,2016-01-22,6.927293,3.3074861621856115,0.7351419999999997,0.4615380429903341,1.0817171003772033,Hammer,2016-01-29,6.920224,2016-02-26,7.379687,Profit target (+2%),4,0.06639423810558731,0.0649023049651533,6490.2304900251,106490.2304900251
HPQ,2025-11-21,23.29996,4.086929330129891,1.9400399999999998,0.3508793633120972,1.0657826181470706,Hammer,2025-11-28,23.38749,2025-12-12,25.03093,Profit target (+2%),2,0.07027004608019083,0.0698275386673246,7435.950679798589,113926.18116982369
HR,2015-09-11,11.01888,2.096446840942903,0.5411300000000008,0.41592593277031437,1.0524005444486295,Hammer,2015-09-18,11.0524,2015-09-25,11.69888,Profit target (+2%),1,0.0584922731714379,0.05756145205925448,5756.145200169303,105756.1452001693
HR,2022-05-06,19.20854,4.056097997982832,1.4998599999999982,0.2532169669169124,1.670509149744895,Hammer,2022-05-13,19.1506,2022-08-05,20.35899,RSI > 90,12,0.06309932848056965,0.0625608177243207,6616.190916478396,112372.33611664768
HR,2025-04-11,14.48429,4.34941095935784,1.5800999999999998,0.48214037086260353,1.8855118519408653,Hammer,2025-04-17,14.62537,2025-04-25,14.8605,Profit target (+2%),1,0.01607685822649274,0.015387854169101677,1729.1691190750826,114101.50523572277
HRB,2023-05-12,29.14582,3.301929710302815,2.0558499999999995,0.42920446530632,1.1363031729582929,Hammer,2023-05-19,27.76312,2023-06-16,29.2464,Profit target (+2%),4,0.053426271975195894,0.05305652669320068,5305.652664014415,105305.65266401441
HRB,2026-02-13,30.636,1.4121533561767876,5.0714700000000015,0.4377429029453002,1.6514441929527541,Hammer,2026-02-20,30.9616,2026-03-13,31.78,Profit target (+2%),3,0.026432742493927908,0.026105545975341253,2749.061554334684,108054.7142183491
HRL,2018-02-09,26.46311,2.0174803411685645,1.6281099999999995,0.4550675322920442,1.4973533493584237,Hammer,2018-02-16,26.60829,2018-02-23,27.54389,Profit target (+2%),1,0.03516197395623699,0.03477961574837235,3477.961571359273,103477.96157135928
HRL,2021-01-15,38.43705,4.0161467892494755,1.8931599999999946,0.35747110650975106,1.1141843785379397,Hammer,2021-01-22,38.56555,2021-02-05,39.97042,Profit target (+2%),2,0.03642810746897163,0.03616412003458588,3742.189419458713,107220.150990818
HRMY,2023-01-13,47.42,2.3317921801610453,7.380000000000003,0.417344173441734,1.383631383286902,Hammer,2023-01-20,47.21,2023-01-27,49.5,Profit target (+2%),1,0.04850667231518746,0.04828973843058355,4828.97383822938,104828.97383822939
HRMY,2026-02-27,28.54,2.7280526191336776,3.4579999999999984,0.31810294968189656,1.0383528079930942,Hammer,2026-03-06,28.1168,2026-03-19,27.81,End of data,2,-0.010911625789563617,-0.011265281738722419,-1180.9279234878877,103648.04591474151
HSIC,2019-08-09,63.03,4.101298819540418,6.200000000000003,0.4661290322580644,1.674046948764066,Hammer,2019-08-16,62.96,2019-09-20,63.81,Profit target (+2%),5,0.013500635324015242,0.013340744858254594,1334.0744844913847,101334.07448449139
HST,2019-08-09,13.17342,1.2934607610212083,0.8075099999999988,0.41175960669217726,1.3314769089539957,Hammer,2019-08-16,13.06258,2019-09-20,13.63259,RSI > 90,5,0.04363686193692207,0.042854912692327066,4285.491264947215,104285.49126494722
HST,2020-03-13,9.263952,2.5031217902463823,2.6996160000000007,0.4947362884202793,2.737484375880101,Hammer,2020-03-20,8.240938,2020-03-27,8.557586,Profit target (+2%),1,0.03842378137051883,0.03718776444838658,3878.14428066699,108163.63554561422
HSY,2015-05-01,71.89151,2.0349305527494295,2.80346999999999,0.32328863872272584,1.1119988280560074,Hammer,2015-05-08,72.09889,2015-05-22,73.6888,Profit target (+2%),2,0.02205179580434602,0.02191157786355223,2191.1577841640656,102191.15778416405
HTLD,2018-02-16,19.10169,2.6375050469437724,2.808519999999998,0.4999999999999994,2.298681807799196,Hammer,2018-02-23,18.92499,2018-06-01,17.39876,RSI > 90,14,-0.08064627775232647,-0.0811532388553824,-8115.323877422918,91884.67612257708
HTLD,2023-11-03,12.14782,3.5285151529406846,1.3012700000000006,0.3058934732991625,1.333192558352502,Hammer,2023-11-10,12.10851,2023-11-24,12.82598,Profit target (+2%),2,0.05925336808575121,0.05840338597153085,5366.376199089596,97251.05232166668
HTLD,2025-05-02,7.74664,0.18446340734719513,1.0676459999999999,0.35348889051239823,1.3947780539073444,Hammer,2025-05-09,7.677119,2025-05-16,8.700073,Profit target (+2%),1,0.13324712043671583,0.1318586707651886,12823.394476827383,110074.44679849406
HUBB,2020-03-13,107.2209,4.502473785242756,20.986980000000003,0.4759855872545743,2.9667585594945085,Hammer,2020-03-20,97.10538,2020-04-17,111.2167,Profit target (+2%),4,0.14531965170209937,0.14520919390903425,14520.919376382502,114520.91937638252
HUBG,2015-07-10,19.61836,4.7549280548000326,1.2006300000000003,0.17004406020172877,1.2034770773729462,Hammer,2015-07-17,19.75932,2015-07-31,20.25027,Profit target (+2%),2,0.024846502814874327,0.02433425485926154,2433.4254834927287,102433.42548349273
HUBG,2020-03-13,19.89056,2.8661513165122017,3.30537,0.43382435249306417,1.69146944373263,Hammer,2020-03-20,17.98511,2020-03-27,21.25646,Profit target (+2%),1,0.18189213188020537,0.18128571754147152,18569.717020436117,121003.14250392884
HUM,2026-02-13,184.1,1.734531507402835,25.5856,0.4338377837533611,1.0524177350235298,Hammer,2026-02-20,184.28,2026-02-27,188.88,Profit target (+2%),1,0.024962014326025628,0.02490707328322975,2490.707325832268,102490.70732583228
HWKN,2017-11-10,15.82369,2.1028432348079207,1.2189099999999993,0.4545454545454549,1.0573002364198727,Hammer,2017-11-17,15.73504,2017-11-24,16.90963,Profit target (+2%),1,0.07464804665256652,0.07398901146375743,7398.901138976842,107398.90113897684
HWKN,2018-02-09,15.26964,3.411079962751117,1.1631500000000017,0.333129862872372,1.1195286665306439,Hammer,2018-02-16,15.35829,2018-02-23,15.62423,Profit target (+2%),1,0.017315729811066216,0.01665919213918372,1789.1789278222336,109188.08006679908
HWM,2018-12-28,12.58597,3.9310150107854156,1.22405,0.32515828601772745,1.0271261084264034,Hammer,2019-01-04,12.60099,2019-01-11,14.21554,Profit target (+2%),1,0.1281288216243328,0.12728472733993917,12728.472721265447,112728.47272126545
IAC,2015-11-20,10.00733,3.103040221892684,0.7543860000000002,0.30290859056239106,1.169117701681308,Hammer,2015-11-27,9.994811,2016-05-13,8.343617,RSI > 90,24,-0.16520512493933104,-0.1661225397160006,-16612.253954987806,83387.74604501219
IART,2018-07-27,61.43,2.265337521021493,8.739999999999995,0.2745995423340961,2.650917175869904,Hammer,2018-08-03,61.44,2018-08-10,63.18,Profit target (+2%),1,0.0283203125,0.02815526080234363,2815.5260774188373,102815.52607741885
IBM,2026-02-27,240.21,3.3116007415702455,34.47,0.43458079489411056,1.6808621226120517,Hammer,2026-03-06,235.7,2026-03-13,255.38,Profit target (+2%),1,0.08349596945269422,0.08345177234254689,8345.177225909512,108345.17722590952
IBOC,2020-03-13,24.01404,1.0041681439667371,4.6773000000000025,0.2880144527825881,2.191374408704373,Hammer,2020-03-20,21.66284,2020-04-17,24.45005,Profit target (+2%),4,0.12866318543644328,0.12817198207112493,12817.198194295299,112817.1981942953
IBP,2022-01-28,98.47367,3.4488159805920873,13.090490000000003,0.44640574951739787,1.431603209618927,Hammer,2022-02-04,97.4305,2022-06-03,89.32703,RSI > 90,17,-0.0831717993852028,-0.08327016333882424,-8327.016325555407,91672.98367444461
ICE,2022-01-28,117.5351,4.397376516594576,5.075699999999998,0.4376145162243626,1.1067943087287009,Hammer,2022-02-04,117.7336,2022-02-11,122.6817,Profit target (+2%),1,0.04202793425156459,0.04194121554018827,4194.121549824706,104194.12154982472
ICE,2022-05-13,93.15617,0.46410776984409097,8.048199999999994,0.48763201709699094,1.194617409802317,Hammer,2022-05-20,92.67271,2022-06-03,96.9575,Profit target (+2%),2,0.04623572570608969,0.04612533045971894,4805.988283639799,109000.10983346452
IDA,2024-02-16,83.49032,4.965870389502555,3.8981700000000075,0.45893842495324844,1.0838505312867261,Hammer,2024-02-23,83.41499,2024-03-22,85.4959,Profit target (+2%),4,0.024946475447638505,0.024825104869947896,2482.5104845122796,102482.51048451228
IDCC,2022-02-25,60.59491,1.2299535800355983,4.45937,0.3781520708082088,1.1682225643188573,Hammer,2022-03-04,60.25765,2022-03-25,61.53175,Profit target (+2%),3,0.021144203267137174,0.02097650866664522,2097.650864566871,102097.65086456688
IDXX,2022-01-28,489.05,4.305341665213177,52.688999999999965,0.4554840668830303,1.1861568659467372,Hammer,2022-02-04,489.05,2022-02-11,523.66,Profit target (+2%),1,0.07076985993252216,0.07074868879778348,7074.868872703479,107074.86887270348
IDXX,2026-02-13,629.35,3.898591087740982,45.530000000000086,0.4880298704151106,1.185970966799124,Hammer,2026-02-20,628.36,2026-03-06,639.475,Profit target (+2%),2,0.017688904449678633,0.01767006072913483,1892.0194338178408,108966.88830652132
IEX,2020-03-20,108.1499,0.8981153865991729,20.236289999999997,0.45285474758466066,2.0557694586026987,Hammer,2020-03-27,107.3793,2020-04-03,122.9778,Profit target (+2%),1,0.14526542825293154,0.1451655409589671,14516.554081380156,114516.55408138016
IFF,2025-04-11,71.85761,4.3149307748822,8.11184,0.24576175072486564,1.8815464740187386,Hammer,2025-04-17,72.44685,2025-05-02,75.02969,Profit target (+2%),2,0.035651515559337765,0.03551103249951535,3551.103246400432,103551.10324640042
IIIN,2018-09-28,25.3173,3.121627247227366,1.799310000000002,0.40000333461160176,1.0092024203238423,Hammer,2018-10-05,25.40197,2019-07-05,14.90156,RSI > 90,39,-0.41336990792446415,-0.4136821510002963,-41368.21505866142,58631.78494133857
IIPR,2020-03-20,38.72911,4.633364841947014,15.412609999999997,0.17738527089182168,1.885892046656808,Hammer,2020-03-27,39.20204,2020-04-03,51.06821,Profit target (+2%),1,0.30269266599391265,0.3023990079332692,30239.90076308702,130239.900763087
IIPR,2025-04-04,47.96622,1.5400260395909555,6.568489999999997,0.46468975365723325,1.046808091888495,Hammer,2025-04-11,45.78471,2025-05-02,48.02906,Profit target (+2%),3,0.04901963996277359,0.048795897593586136,6355.172853879241,136595.07361696626
INDB,2015-08-28,33.27687,2.0866146383599613,2.3555600000000005,0.3904761500449994,1.5182008536847422,Hammer,2015-09-04,33.20956,2015-10-02,34.54408,Profit target (+2%),4,0.0401848142522816,0.03987769219282126,3987.7692152943573,103987.76921529436
INDB,2017-01-20,48.8661,2.972703759918744,8.582500000000003,0.4594593649868914,2.836804654236329,Hammer,2017-01-27,48.55682,2017-03-03,50.29651,Profit target (+2%),5,0.035827922833496784,0.03561831084584541,3703.868684372519,107691.6378996669
INDB,2018-12-21,55.73858,4.412926016489507,5.503250000000001,0.4795330032253667,1.4157033340098824,Hammer,2018-12-28,55.4427,2019-01-11,59.23729,Profit target (+2%),2,0.06844165237262967,0.06825513051037288,7350.506792367074,115042.14469203398
INDB,2020-03-13,47.59771,2.044041953550831,8.443309999999997,0.44571619424135817,1.8968883808919248,Hammer,2020-03-20,43.18914,2020-03-27,49.76087,Profit target (+2%),1,0.15216163137307182,0.15191250479810453,17476.340340036506,132518.4850320705
INDB,2023-04-21,53.51306,0.30704325643856123,7.713950000000004,0.42847957272214604,1.712950985002774,Hammer,2023-04-28,53.08193,2023-07-28,50.31592,RSI > 90,13,-0.05210831633288393,-0.05229177878622865,-6929.627297453557,125588.85773461692
INGR,2016-01-22,68.0974,3.5680103998132324,4.376919999999998,0.3833906034380354,1.3354819902934454,Hammer,2016-01-29,67.75714,2016-02-05,77.70959,Profit target (+2%),1,0.1468841512495953,0.14672573800060018,14672.573785387449,114672.57378538746
INGR,2018-05-11,89.78757,1.962858732245536,5.157800000000009,0.3785024622901237,1.1574354128315942,Hammer,2018-05-18,90.05268,2018-06-22,91.78802,Profit target (+2%),5,0.019270276020658228,0.01915816618860275,2196.916223658348,116869.4900090458
INGR,2019-05-10,70.60835,1.6880706870544344,4.454049999999995,0.37172011989088566,1.1510572383492945,Hammer,2019-05-17,69.67755,2019-07-12,69.05024,RSI > 90,8,-0.009003043304478875,-0.009145905251745141,-1068.877281373631,115800.61272767217
INGR,2020-03-20,55.80694,4.808191650391066,9.864139999999999,0.40649058103392727,1.7923787988709148,Hammer,2020-03-27,55.4026,2020-04-03,62.99234,Profit target (+2%),1,0.13699248771718286,0.13679964481406878,15841.482674555606,131642.09540222777
INTU,2022-05-13,362.5095,1.1793899898079445,50.2869,0.3717270303001375,1.2532846617962135,Hammer,2022-05-20,360.8908,2022-06-03,409.3736,Profit target (+2%),2,0.13434202257303318,0.13431245251399432,13431.245237968185,113431.24523796819
INVA,2015-07-31,15.08047,4.284273258139876,3.1672900000000013,0.46308042522156173,1.869839477962107,Hammer,2015-08-07,15.07063,2015-09-11,16.24,RSI > 90,5,0.07759264211250616,0.07690358545546686,7690.3585378563275,107690.35853785631
IOSP,2025-03-07,98.47108,2.1174422247950844,6.576489999999993,0.4806545740965161,1.0435746950471922,Hammer,2025-03-14,97.70773,2025-12-19,78.34,RSI > 90,40,-0.19822106193645062,-0.19831325969502642,-19831.325949671314,80168.67405032869
IP,2020-03-13,24.4425,3.58241126022655,4.1224799999999995,0.17730346781548992,1.888479896863614,Hammer,2020-03-20,21.03634,2020-03-27,21.14598,Profit target (+2%),1,0.00521193325454905,0.004735439853165318,473.5439848429878,100473.543984843
IPAR,2015-08-28,20.83335,1.7401418418587866,2.1377999999999986,0.494293198615399,1.1602252661264194,Hammer,2015-09-04,20.66265,2015-10-16,21.97314,RSI > 90,6,0.06342313304440639,0.06292394152213725,6292.394145921331,106292.39414592134
IPAR,2020-03-13,44.69509,0.627629515697663,9.740659999999998,0.455409592368484,2.100259988799899,Hammer,2020-03-20,40.75296,2020-04-03,41.65747,Profit target (+2%),2,0.022194952219421582,0.02194687859745686,2332.786267820784,108625.18041374211
IPGP,2018-06-29,220.63,3.5441620182068334,22.52000000000001,0.47113676731794,1.3894802372835364,Hammer,2018-07-06,217.87,2018-07-13,226.52,Profit target (+2%),1,0.039702574930004175,0.0396557659208262,3965.5765881170437,103965.57658811704
IPGP,2020-03-13,112.15,3.808119812674917,25.340000000000003,0.4601420678768743,1.9252748501908612,Hammer,2020-03-20,101.1,2020-03-27,109.56,Profit target (+2%),1,0.08367952522255195,0.0835764798971367,8689.076913021912,112654.65350113896
IR,2018-06-22,28.67732,2.5436831166483387,2.5862300000000005,0.47692587279553555,1.2093267649748383,Hammer,2018-06-29,27.66273,2018-07-06,28.81658,Profit target (+2%),1,0.04171135676052207,0.0413423869612722,4134.238691992981,104134.23869199297
IR,2022-02-25,51.17532,0.546359961601695,4.796129999999998,0.4958497788842259,1.4950286195202145,Hammer,2022-03-04,50.20017,2022-06-03,47.50671,RSI > 90,13,-0.053654399975139544,-0.05384823913553129,-5607.445381675487,98526.79331031747
IRDM,2025-04-25,22.5349,0.8382449007003743,3.616679999999999,0.12510092128692588,1.418924138539245,Hammer,2025-05-02,22.78788,2025-05-09,24.46146,Profit target (+2%),1,0.0734416716254429,0.07298682746541897,7298.682739243213,107298.68273924322
IRM,2018-02-09,21.13327,3.742696834202846,1.5067799999999991,0.4957658052270404,1.5104673397086608,Hammer,2018-02-16,21.20989,2018-04-13,21.83223,Profit target (+2%),8,0.029341972070576317,0.028863689606686525,2886.3689577822843,102886.36895778228
IRT,2021-12-23,20.47149,4.506307448370194,2.1201299999999996,0.3688500233476248,1.8620059562368356,Hammer,2021-12-31,20.57576,2022-01-07,22.22017,Profit target (+2%),1,0.07991976967071945,0.07941446282838922,7941.4462748974765,107941.44627489746
ISRG,2015-10-02,51.65212,3.628381608431951,2.982220000000005,0.40201259464425954,1.1067861023408727,Hammer,2015-10-09,52.13878,2015-10-30,55.50655,Profit target (+2%),3,0.06459242045939706,0.0643944493475541,6439.444928315965,106439.44492831596
ISRG,2026-02-06,488.15,4.954107066304118,38.51099999999997,0.41676404144270535,1.172586828106603,Hammer,2026-02-13,486.05,2026-02-27,498.88,Profit target (+2%),2,0.02639646126941675,0.026375615928238578,2807.4059162367575,109246.85084455271
IT,2020-03-13,106.31,1.5620847077644129,18.11,0.4456101601325231,1.8975170536010644,Hammer,2020-03-20,91.23,2020-04-03,104.79,Profit target (+2%),2,0.14863531732982582,0.1485175645311559,14851.756438263834,114851.75643826382
ITGR,2025-03-07,121.96,2.117975723495519,9.36,0.3514957264957272,1.2491494959851126,Hammer,2025-03-14,120.59,2025-05-02,123.41,RSI > 90,7,0.02338502363380046,0.023301131887723318,2330.1131864422186,102330.1131864422
ITT,2018-10-26,45.03335,1.8418689702885587,4.15352,0.4022226930410829,1.384529966926009,Hammer,2018-11-02,46.27941,2018-11-09,52.89735,Profit target (+2%),1,0.14299966226881478,0.14276815886818053,14276.815872541236,114276.81587254124
ITT,2020-03-13,44.13195,2.22976475806351,10.43602,0.48202092368546573,2.1885929576328134,Hammer,2020-03-20,40.0705,2020-04-09,44.16009,Profit target (+2%),3,0.1020598694800412,0.10179760701675569,11633.106381685997,125909.92225422723
ITW,2018-10-26,104.1006,2.588261480612985,7.356700000000004,0.4617967295118735,1.3069253594244712,Hammer,2018-11-02,105.7783,2018-11-09,109.9893,Profit target (+2%),1,0.039809677410206135,0.039713262868524606,3971.326282881135,103971.32628288114
IVZ,2016-07-01,16.24893,4.199141890408669,1.9212600000000002,0.34724607809458347,1.363056349169398,Hammer,2016-07-08,15.99875,2016-07-15,16.64024,Profit target (+2%),1,0.040096257520118694,0.039458876825743935,3945.8876786285055,103945.88767862851
IVZ,2020-03-13,8.320086,0.8088775254999803,2.665509,0.48265865919042106,2.3403366042721796,Hammer,2020-03-20,6.810143,2020-04-03,7.172222,Profit target (+2%),2,0.05316760602530657,0.05166127842071694,5369.97743868422,109315.86511731273
IVZ,2021-07-30,19.89363,4.190386688681983,1.5748499999999979,0.4559608851636653,1.040433396628287,Hammer,2021-08-06,20.14659,2021-09-03,21.19268,Profit target (+2%),4,0.05192392360195952,0.051414801511940215,5620.453501492209,114936.31861880493
J,2018-02-09,48.00391,3.3171586735979304,8.138219999999997,0.46161076992266126,3.336831132239708,Hammer,2018-02-16,48.59017,2018-06-08,51.12994,Profit target (+2%),16,0.052269214122938834,0.052058054329267515,5205.805427720947,105205.80542772094
J,2022-05-13,106.277,4.366202081735452,6.867900000000006,0.35814441095531324,1.138363897483059,Hammer,2022-05-20,106.1652,2022-05-27,109.7589,Profit target (+2%),1,0.03385007516587346,0.033754292635786616,3551.1475398397733,108756.9529675607
JAZZ,2022-05-13,146.49,3.160630884981032,11.830000000000013,0.28233305156382077,1.1555672963085655,Hammer,2022-05-20,146.83,2022-06-03,150.5,Profit target (+2%),2,0.02499489205203287,0.024925937276534825,2492.5937251608884,102492.5937251609
JBGS,2018-12-28,26.38246,1.9576664948411917,1.5787799999999983,0.29890168357846064,1.2171883034252584,Hammer,2019-01-04,26.48974,2019-01-18,27.94564,Profit target (+2%),2,0.054960901843506216,0.05457309639573738,5457.309634116429,105457.30963411642
JBGS,2022-05-13,20.7398,2.890624430911302,1.398139999999998,0.1780651436909041,1.1244546761438383,Hammer,2022-05-20,20.7482,2022-06-03,21.73101,Profit target (+2%),2,0.04736844641944837,0.046875180695025394,4943.33043976712,110400.64007388355
JBL,2016-01-22,17.76549,2.3898750289710478,1.2702900000000028,0.1709137283612413,1.0082406386750908,Hammer,2016-01-29,17.57149,2016-02-05,18.17198,Profit target (+2%),1,0.034174108171816986,0.03359544482430793,3359.544479071249,103359.54447907125
JBSS,2016-01-22,32.11972,4.343752042275938,3.099219999999999,0.3617878046734339,1.1028236503231594,Hammer,2016-01-29,32.21421,2016-02-05,37.79531,RSI > 90,1,0.17324963114103986,0.17291237122201322,17291.237104910084,117291.23710491008
JBSS,2017-02-03,44.27221,1.8022746191169148,8.043209999999995,0.388316356280639,2.638727188859383,Hammer,2017-02-10,44.22384,2017-03-24,45.90297,RSI > 90,6,0.03796888736934645,0.03773849822875758,4426.39513930604,121717.6322442161
JBTM,2020-03-13,74.76335,0.49362162300491264,19.249660000000006,0.43578432034643716,2.107415831707353,Hammer,2020-03-20,65.05802,2020-04-03,73.08867,Profit target (+2%),2,0.12343827863190415,0.12327509543823814,12327.509531496304,112327.50953149631
JCI,2017-11-17,29.89912,4.580106093441955,1.7665100000000002,0.12558094774442274,1.1258713086643135,Hammer,2017-11-24,30.18669,2017-12-22,31.07641,Profit target (+2%),4,0.02947391714692804,0.029137819048883982,2913.7819019746166,102913.78190197462
JCI,2022-02-25,59.83986,4.5246161756358845,3.7039700000000053,0.1580250379997684,1.0492479803707662,Hammer,2022-03-04,59.04418,2022-03-25,60.06332,Profit target (+2%),3,0.017260634325008795,0.01708982241582357,1758.778255086766,104672.56015706138
JEF,2020-03-13,13.22123,2.3985044646932323,2.7047000000000008,0.4882352941176468,2.1894911818759284,Hammer,2020-03-20,11.25634,2020-06-05,11.92085,Profit target (+2%),11,0.05903428645545539,0.05812008162438921,5812.008156626915,105812.00815662692
JJSF,2020-03-20,109.5063,1.4013232681747212,18.301209999999998,0.24408222188587528,1.8041967461797779,Hammer,2020-03-27,106.9677,2020-04-17,112.6376,Profit target (+2%),3,0.0530057204184069,0.05290976108857691,5290.976103566716,105290.9761035667
JKHY,2018-11-16,126.9854,3.512859675663748,7.842399999999998,0.4965061715801285,1.333525923107209,Hammer,2018-11-23,126.7021,2019-02-08,124.0248,RSI > 90,11,-0.02113066792105267,-0.021208756257542073,-2120.875623633332,97879.12437636667
JLL,2015-08-28,149.0023,2.3841459505757427,11.804699999999997,0.33388396147297406,1.607022383573479,Hammer,2015-09-04,148.1243,2015-11-06,162.6313,RSI > 90,9,0.09793801557205684,0.09786720115466684,9786.720105679964,109786.72010567997
JLL,2020-02-28,147.77,2.1466634361380272,20.140000000000015,0.4637537239324725,2.3373385752635745,Hammer,2020-03-06,148.75,2020-06-12,125.52,RSI > 90,14,-0.1561680672268908,-0.15623004268764074,-17151.98395149446,92634.7361541855
JNJ,2015-08-28,71.24144,4.348309781620259,10.936610000000009,0.36413385866369985,4.1512417988292905,Hammer,2015-09-04,71.02435,2015-10-23,73.39732,RSI > 90,7,0.033410654233372084,0.03326751547071732,3326.7515437449792,103326.75154374499
JNJ,2025-04-11,147.6171,4.049718215656313,11.76230000000001,0.19106807342101434,1.8427408767796092,Hammer,2025-04-17,147.476,2025-04-25,153.6782,Profit target (+2%),1,0.042055656513602324,0.041986425370047674,4338.3209380825865,107665.07248182758
JPM,2020-03-13,88.2308,1.3162027029685532,15.003730000000004,0.41992091299963424,2.2902256382873225,Hammer,2020-03-20,72.34399,2020-04-03,76.97163,Profit target (+2%),2,0.0639671657590355,0.06382452609220943,6382.45260283849,106382.4526028385
JPM,2025-03-14,227.7697,2.503514880985122,13.013199999999983,0.3817738911259336,1.051061902651805,Hammer,2025-03-21,226.535,2025-03-28,240.5477,Profit target (+2%),1,0.06185666674023871,0.061811159177187276,6575.622704918009,112958.07530775652
KAI,2024-05-03,270.4379,2.585151251669899,37.3801,0.39060355643778355,1.979342169175907,Hammer,2024-05-10,273.3561,2024-05-17,287.0536,Profit target (+2%),1,0.05010863119571862,0.05007113301782879,5007.113296775766,105007.11329677576
KALU,2020-01-24,81.36164,2.294828394448629,4.342430000000007,0.42037062197894,1.0160791661218458,Hammer,2020-01-31,79.8787,2020-02-14,82.97285,Profit target (+2%),2,0.03873560786542596,0.03860800138200906,3860.8001343401056,103860.8001343401
KALU,2020-03-13,67.42996,2.8783525718231857,11.711269999999992,0.29158152787870134,1.939103931907788,Hammer,2020-03-20,63.10136,2020-06-12,69.60899,RSI > 90,12,0.10312978991261046,0.1029631561699963,10693.835773478997,114554.63590781909
KALU,2022-06-24,66.50331,3.86419103688975,9.287740000000007,0.2734012795362492,1.0843258130360853,Hammer,2022-07-01,67.30383,2022-11-04,69.19199,RSI > 90,18,0.028054272691464988,0.02790361977767248,3196.489000945002,117751.12490876408
KBH,2017-09-01,19.38728,4.031955461031387,1.0955300000000001,0.4508137613757731,1.1942028526328905,Hammer,2017-09-08,19.26156,2017-10-06,21.65915,RSI > 90,4,0.124475379979607,0.12392404248604827,12392.404236212424,112392.40423621242
KEY,2016-02-05,7.096851,1.7668438116332652,0.6111180000000003,0.4838705454593061,1.2352565301656637,Hammer,2016-02-12,7.017997,2016-03-11,7.570519,RSI > 90,4,0.0787293012521948,0.07724935664930495,7724.93565720556,107724.93565720555
KEY,2016-07-01,7.300758,4.502421365997833,0.5995150000000002,0.21111064777361713,1.1411264770804657,Hammer,2016-07-08,7.280775,2016-07-22,7.787031,Profit target (+2%),2,0.06953325710518454,0.06811300101910914,7337.468644865239,115062.4043020708
KEY,2020-03-13,9.506676,0.9890490535294703,2.2179789999999997,0.25926034466512027,2.1692675022674903,Hammer,2020-03-20,7.467931,2020-04-03,8.244596,Profit target (+2%),2,0.10400002356743787,0.10259227604269315,11804.513932489499,126866.9182345603
KEY,2022-03-11,18.61856,3.4095595568102084,1.3037899999999993,0.48909717055660795,1.0172332918557692,Hammer,2022-03-18,19.00847,2022-03-25,19.51212,Profit target (+2%),1,0.026496083061919196,0.02596317242460218,3293.867669807927,130160.78590436823
KHC,2018-02-16,47.5125,3.502124372816752,3.4426500000000004,0.3859643007566834,1.6541768590175228,Hammer,2018-02-23,47.49907,2018-06-22,42.05328,RSI > 90,17,-0.11465045526154516,-0.11484889610511272,-11484.88959902638,88515.11040097363
KKR,2020-03-13,23.90565,2.363929193753364,4.20579,0.2623383478490365,1.9127072711796154,Hammer,2020-03-20,20.42589,2020-04-03,22.78345,Profit target (+2%),2,0.11542018487321726,0.1149024834454104,11490.248333050793,111490.24833305078
KLIC,2020-02-28,20.59712,3.1620215763114032,2.4900599999999997,0.48188397066737304,1.6512032658384703,Hammer,2020-03-06,20.66028,2020-03-13,20.09189,Profit target (+2%),1,-0.027511243797276763,-0.027988490840675794,-2798.8490812687305,97201.15091873126
KMB,2025-11-07,101.3512,3.678477545278895,7.016970000000001,0.35605111608001594,1.1723790908634455,Hammer,2025-11-14,101.3122,2025-12-05,106.3773,Profit target (+2%),3,0.049994966055420864,0.04989379888113773,4989.379883124393,104989.3798831244
KMI,2018-12-28,10.06517,4.66747842631429,0.671384999999999,0.34317120579101384,1.1043015896836266,Hammer,2019-01-04,10.07834,2019-01-11,10.73004,Profit target (+2%),1,0.06466342671511383,0.06363962734570086,6363.962728206123,106363.96272820613
KMI,2020-03-20,8.631055,1.5778376844041588,3.1169629999999993,0.34304930793211214,2.696005035409136,Hammer,2020-03-27,8.400428,2020-04-03,9.364869,Profit target (+2%),1,0.11480855499267428,0.11355055328532951,12077.686805330286,118441.64953353642
KMPR,2021-07-30,58.85783,3.3533451174502886,8.02485,0.33222303220620975,2.217487631800284,Hammer,2021-08-06,58.99158,2021-08-27,61.37974,Profit target (+2%),3,0.04048306554935466,0.040310133231451675,4031.013319114154,104031.01331911416
KMT,2025-02-07,21.39156,3.8969071497466956,3.151229999999998,0.45702471733259775,2.00406630067393,Hammer,2025-02-14,21.37236,2025-02-21,21.79962,Profit target (+2%),1,0.019991241023452844,0.01951878061650277,1951.8780596983984,101951.8780596984
KMT,2025-04-11,18.36982,2.9351048023907254,2.083070000000003,0.40464794750056343,1.3092224048383325,Hammer,2025-04-17,18.62172,2025-05-09,19.29993,Profit target (+2%),3,0.03642037362821471,0.035873734076638346,3657.394558470086,105609.27261816848
KMX,2017-04-07,56.5,0.22571852710325402,4.210000000000001,0.47505938242280277,1.2455982684769582,Hammer,2017-04-13,56.51,2017-04-28,59.69,Profit target (+2%),2,0.05627322597770301,0.05609130319384233,5609.130313775104,105609.1303137751
KMX,2022-01-21,108.1,4.611004682720235,10.210000000000008,0.4485798237022536,1.03448913196882,Hammer,2022-01-28,105.57,2022-02-04,109.4,Profit target (+2%),1,0.03627924599791621,0.03618280843002617,3821.23492678376,109430.36524055885
KNF,2024-05-31,70.71,3.874122999646957,5.077600000000004,0.4800693240901216,1.0548067971728252,Hammer,2024-06-07,71.17,2024-07-19,77.55,RSI > 90,6,0.08964451313755784,0.08949771689497722,8949.77168054795,108949.77168054796
KNSL,2022-05-13,205.111,2.756587809882916,15.595200000000006,0.3318456961116251,1.0116037899003325,Hammer,2022-05-20,203.6011,2022-06-03,218.0869,Profit target (+2%),2,0.07114794566434068,0.07109708402646103,7109.708395536394,107109.70839553639
KNSL,2025-11-21,384.4706,2.8196670160065054,35.81509999999997,0.39325033296012,1.1829302033511497,Hammer,2025-11-28,387.9068,2025-12-26,396.6441,Profit target (+2%),4,0.022524224891133704,0.02249815550854602,2409.7708735480237,109519.4792690844
KNTK,2018-11-09,63.88249,0.5515919112348655,4.903840000000002,0.48648610068844095,4.303312461136616,Hammer,2018-11-16,68.8526,2019-09-27,20.14551,RSI > 90,45,-0.7074110491107088,-0.707504908681104,-70750.4907973599,29249.509202640096
KNTK,2023-10-06,27.58342,1.622921498929827,1.8521800000000006,0.1479823775227035,1.1931405409959446,Hammer,2023-10-13,28.05685,2023-10-20,29.87581,Profit target (+2%),1,0.06483122659885199,0.06446331941764354,1885.5204526535717,31135.02965529367
KNTK,2025-02-28,54.06974,4.89131477849503,5.773989999999998,0.22471982112888925,1.6527615185614528,Hammer,2025-03-07,54.24584,2025-09-19,42.29301,RSI > 90,28,-0.22034556013880513,-0.22050958104980486,-6865.572338396487,24269.457316897184
KRC,2016-01-22,37.44205,3.2595297962400025,2.7994100000000017,0.24764146730918252,1.3442766732151812,Hammer,2016-01-29,37.25058,2016-03-24,39.67365,RSI > 90,8,0.06504784623487758,0.06477070012062633,6477.070005585563,106477.07000558557
KREF,2018-02-09,8.369911,0.16529391267344806,0.5010320000000004,0.44642857142857123,1.5159597218570802,Hammer,2018-02-16,8.396752,2018-02-23,8.808314,Profit target (+2%),1,0.049014428436138235,0.04779503132203863,4779.503127424359,104779.50312742437
KREF,2023-03-24,7.646405,0.9189876074541559,0.9955150000000001,0.48226998086417605,1.2068558012493262,Hammer,2023-03-31,7.837036,2023-04-06,8.314132,Profit target (+2%),1,0.060877096902451466,0.05956310325532812,6240.99235757976,111020.49548500412
KRG,2021-07-23,15.7414,3.7338345190842688,1.4742300000000004,0.47382701478059713,1.352446688141882,Hammer,2021-07-30,15.8145,2021-08-06,16.39932,Profit target (+2%),1,0.036979986721046965,0.03633616738834963,3633.616735201347,103633.61673520134
KRG,2022-05-13,17.6789,3.9302313921491674,1.4676800000000014,0.232952687234276,1.2890640694661069,Hammer,2022-05-20,17.70391,2022-08-05,16.60224,RSI > 90,11,-0.062227496637748514,-0.06277461458666866,-6505.560342269242,97128.05639293209
KRYS,2017-12-22,9.02,2.469123111120709,1.9700000000000006,0.4974619289340102,1.5748938980572937,Hammer,2017-12-29,8.68,2018-01-05,10.0,Profit target (+2%),1,0.15207373271889413,0.1508347725964307,15083.477244559592,115083.4772445596
KRYS,2019-03-15,21.1,3.7607600368508116,4.289100000000001,0.3938122216782074,1.2542307196802644,Hammer,2019-03-22,20.97,2019-03-29,25.02,Profit target (+2%),1,0.19313304721030056,0.19261025029797382,22166.257335069546,137249.73457962915
KRYS,2020-03-20,38.83,2.7126931112246524,10.110199999999999,0.43174220094557997,1.1560618938422227,Hammer,2020-03-27,39.6,2020-04-17,44.08,Profit target (+2%),3,0.11313131313131297,0.11286453730589571,15490.627773196211,152740.36235282535
KTOS,2015-05-08,5.36,4.863507355504524,0.8200000000000003,0.31707317073170693,2.1593305387621022,Hammer,2015-05-15,5.33,2015-05-22,5.73,Profit target (+2%),1,0.07504690431519712,0.07310215557638247,7310.215550328034,107310.21555032802
KTOS,2020-03-20,10.2,1.0149850295862564,6.890000000000001,0.2452830188679247,2.8008166066557387,Hammer,2020-03-27,10.17,2020-04-03,14.37,Profit target (+2%),1,0.4129793510324482,0.4117936117936117,44189.66119963091,151499.87674995893
KW,2024-03-01,7.774842,3.8814263479819573,0.8569999999999993,0.4845367561260215,1.0554638016352547,Hammer,2024-03-08,7.712996,2024-05-10,8.077507,RSI > 90,9,0.0472593269852597,0.045933037539796655,4593.303749386361,104593.30374938637
KWR,2020-03-13,136.0214,4.326193234959433,23.034699999999987,0.3276274490225614,1.9444011314481933,Hammer,2020-03-20,120.9465,2020-04-03,127.5828,Profit target (+2%),2,0.05486971512197547,0.05478476910166474,5478.476904687997,105478.476904688
L,2017-09-08,44.30948,3.001347177771393,1.686790000000002,0.4514254886500386,1.3817488077496713,Hammer,2017-09-15,44.80105,2017-09-22,45.87096,Profit target (+2%),1,0.023881359923483947,0.02365551080713427,2365.551078347876,102365.55107834788
LAD,2021-05-21,346.9403,1.9172618802189163,42.734399999999994,0.2766015200868623,1.3557438601702574,Hammer,2021-05-28,350.5915,2021-07-30,368.0242,Profit target (+2%),9,0.04972368126437754,0.04969444931709244,4969.4449267397995,104969.44492673979
LAD,2022-12-23,197.12,4.740880322756638,27.251800000000003,0.3951959136644186,1.2026009934836668,Hammer,2022-12-30,197.3055,2023-01-13,206.3472,Profit target (+2%),2,0.04582588929350684,0.04577404649017656,4804.8762473197385,109774.32117405953
LAMR,2022-05-13,80.73193,2.52247946869565,8.179820000000007,0.4467653322444745,1.4092537619340937,Hammer,2022-05-20,80.78075,2022-07-29,79.52483,RSI > 90,10,-0.015547268377676615,-0.015670090331525156,-1567.0090315855068,98432.9909684145
LCII,2016-11-04,64.50891,1.8168366424485072,7.1510999999999925,0.38020863923032777,1.8378797470285382,Hammer,2016-11-11,65.73801,2016-11-18,69.79774,Profit target (+2%),1,0.0617562046675888,0.06159940045337132,6159.940039177192,106159.94003917719
LCII,2020-03-13,67.9482,2.110199140173492,14.317720000000001,0.4597051765225189,2.2308588652139383,Hammer,2020-03-20,57.36024,2020-04-17,60.05802,Profit target (+2%),4,0.04703222999066958,0.04685380903139253,4973.997552405694,111133.93759158289
LDOS,2020-10-30,77.31613,3.609863708118013,5.663640000000001,0.3667764900311469,1.00090049997467,Hammer,2020-11-06,79.13259,2020-11-13,87.90752,Profit target (+2%),1,0.11088895232672158,0.11075558404040386,11075.558392964827,111075.55839296484
LEA,2016-07-01,85.46402,1.87338067856669,6.774950000000004,0.33006147646846007,1.23618136951431,Hammer,2016-07-08,84.69925,2016-07-15,89.16323,Profit target (+2%),1,0.05270389053031743,0.05258272164619823,5258.2721593615515,105258.27215936154
LEA,2020-02-28,98.69427,3.2635100497009404,8.440449999999998,0.4542565858455417,1.1277437922261695,Hammer,2020-03-06,99.4043,2020-05-15,88.8781,RSI > 90,10,-0.10589280343003271,-0.10598807153857842,-11156.121268497449,94102.1508908641
LECO,2020-03-13,69.03149,1.5221995316685195,13.412970000000001,0.18986473540162987,2.58864560763188,Hammer,2020-03-20,66.53921,2020-04-17,70.63683,Profit target (+2%),4,0.061582035614790254,0.06142713242820082,6142.713236677369,106142.71323667736
LEN,2020-03-20,30.09841,3.0863392997599277,12.876610000000003,0.4060354394518434,2.4168365654849304,Hammer,2020-03-27,28.04063,2020-04-03,35.81252,Profit target (+2%),1,0.27716531333283156,0.2767593382641074,27675.93379873481,127675.93379873483
LFUS,2018-08-03,203.4815,2.8564590890094195,19.07990000000001,0.14882153470405954,1.7600654055163447,Hammer,2018-08-10,202.8608,2018-09-07,207.1431,RSI > 90,4,0.021109549010947415,0.02105973505637712,2105.973503531739,102105.97350353173
LGIH,2025-04-04,64.61,2.6893585538478106,9.139999999999993,0.35448577680525134,1.095661501287005,Hammer,2025-04-11,61.21,2025-08-22,65.37,RSI > 90,19,0.06796275118444695,0.06779384137874704,6779.384131095319,106779.38413109531
LGND,2017-12-01,84.2541,3.742883255876407,4.613730000000004,0.43076859720876776,1.0938868162127329,Hammer,2017-12-08,84.91874,2017-12-15,87.06751,Profit target (+2%),1,0.025303837527499873,0.025184595026078643,2518.459500089404,102518.45950008939
LGND,2019-01-18,76.07841,4.773878700223079,22.675120000000007,0.44963025553999253,1.857295237868495,Hammer,2019-01-25,75.31699,2019-02-08,77.64645,Profit target (+2%),2,0.03092874529372458,0.030793928838045742,3156.9461432748803,105675.40564336428
LH,2016-02-12,84.3326,3.665214699574463,7.391999999999996,0.4208211580086579,1.4101006257549924,Hammer,2016-02-19,84.79103,2016-02-26,89.48163,Profit target (+2%),1,0.05531953085131747,0.05519833888449714,5519.833882929881,105519.83388292989
LIN,2020-03-13,162.1828,4.173688042459943,21.483499999999992,0.22754672190285546,1.9792172058394417,Hammer,2020-03-20,136.6562,2020-04-03,158.2867,Profit target (+2%),2,0.15828407346318696,0.15820510869215243,15820.510853394735,115820.51085339475
LIN,2023-01-06,302.9778,2.3581975201990417,19.003199999999993,0.2945030310684513,1.2290152240306904,Hammer,2023-01-13,308.833,2023-01-20,321.5018,Profit target (+2%),1,0.04102152295901007,0.0409884793969653,4747.306618113062,120567.8174715078
LIN,2024-04-26,431.8495,3.713289587459329,15.201200000000028,0.3717995947688358,1.1201117022542881,Hammer,2024-05-03,434.3733,2024-06-28,434.761,RSI > 90,8,0.000892550255736424,0.0008695185740171934,104.83595661535477,120672.65342812316
LITE,2016-05-20,22.46,1.009512188372696,2.9049999999999976,0.42857142857142805,1.3886243744110784,Hammer,2016-05-27,22.53,2016-06-03,25.5,Profit target (+2%),1,0.13182423435419444,0.13135123141779448,13135.123128644325,113135.12312864434
LIVN,2015-07-10,58.69,3.716473951412894,3.7199000000000026,0.3360036560122592,1.0822428440306724,Hammer,2015-07-17,59.48,2015-07-24,61.95,Profit target (+2%),1,0.041526563550773554,0.04135496343616045,4135.496339480549,104135.49633948054
LIVN,2016-04-08,52.04,2.695907716956654,4.439999999999998,0.3806306306306303,1.0811455646082901,Hammer,2016-04-15,52.38,2016-04-22,54.94,Profit target (+2%),1,0.04887361588392514,0.04867805669561887,5069.113589770532,109204.60992925108
LKFN,2018-10-26,34.65491,0.9436964554715388,3.6806800000000024,0.36710879511394656,2.140173129087276,Hammer,2018-11-02,35.05682,2018-11-09,35.86066,Profit target (+2%),1,0.02292963252228808,0.02264115211360969,2264.1152090968535,102264.11520909685
LKFN,2021-05-14,55.20265,1.8565586345808072,4.632999999999996,0.4094344916900497,1.3559238163353111,Hammer,2021-05-21,54.8967,2021-08-06,58.89429,Profit target (+2%),11,0.07282022416647993,0.07263144857080911,7427.590817021226,109691.70602611807
LKQ,2016-10-28,28.55548,2.743404383573406,3.404959999999999,0.334203632348104,2.3860105568454277,Hammer,2016-11-04,28.67105,2016-12-02,29.65787,Profit target (+2%),4,0.034418690630444226,0.03406396627150519,3406.396623744122,103406.39662374412
LKQ,2022-02-25,42.88623,3.6417465629199057,5.214559999999999,0.24657497468626363,1.6527847374800193,Hammer,2022-03-04,42.08261,2022-04-29,44.02808,RSI > 90,8,0.04622978470204209,0.045986692995872096,4755.318210590189,108161.71483433431
LLY,2023-02-03,330.5694,1.6194809092958167,30.026999999999987,0.2831185266593414,1.6532763777842172,Hammer,2023-02-10,333.3966,2023-04-06,335.7076,RSI > 90,8,0.006931684366307422,0.006901586555073711,690.1586548172124,100690.15865481722
LMT,2018-11-02,244.839,2.915401232098091,21.5077,0.38874449615718976,1.6681997272765205,Hammer,2018-11-09,247.0643,2018-11-16,256.2269,Profit target (+2%),1,0.03708589221510361,0.03704466722494451,3704.466718789985,103704.46671878998
LMT,2019-10-25,311.4904,2.216219295012422,12.182999999999993,0.4668964951161453,1.0157887612805876,Hammer,2019-11-01,312.045,2019-11-08,319.2203,Profit target (+2%),1,0.022994439904501007,0.02296202531645567,2381.264587845126,106085.73130663509
LNC,2016-01-22,27.15929,2.980128062150655,3.0458999999999996,0.35585541219344036,1.3562513812915382,Hammer,2016-01-29,27.02895,2016-03-24,28.42842,RSI > 90,8,0.05177670608736196,0.051397224600918535,5139.7224549521325,105139.72245495212
LNC,2022-05-13,43.65725,1.4006525585115526,5.691020000000002,0.49794237236910127,1.279415296809629,Hammer,2022-05-20,43.50389,2022-06-03,46.55482,Profit target (+2%),2,0.07013005043916776,0.06989215307492329,7348.441568728022,112488.16402368015
LNT,2020-12-24,42.18438,2.495112704203379,2.6987200000000016,0.24687629691113,1.1355932772502624,Hammer,2020-12-31,42.46268,2021-01-08,43.45784,Profit target (+2%),1,0.023436109072719757,0.023197876596979177,2319.7876573781305,102319.78765737813
LNTH,2020-03-20,10.58,0.0018502465474625751,3.5199999999999996,0.45738636363636354,1.7281019536269826,Hammer,2020-03-27,10.75,2020-04-03,12.29,Profit target (+2%),1,0.1432558139534883,0.14225941422594124,14225.941408368184,114225.94140836818
LOW,2020-03-13,86.47736,2.8606181619004616,14.124610000000004,0.4854066767153212,2.2480662012939003,Hammer,2020-03-20,76.6726,2020-04-17,85.49152,Profit target (+2%),4,0.11502048971862155,0.11488257326781216,11488.257315292958,111488.25731529295
LPG,2020-02-07,5.689744,1.6609934267896165,0.7073130000000001,0.47003094810925294,1.4605831220573378,Hammer,2020-02-14,5.689744,2020-07-31,3.619123,RSI > 90,24,-0.3639216456838832,-0.36535812672176315,-36535.812635640505,63464.1873643595
LPX,2015-10-02,12.95001,4.629695175262981,1.1458500000000011,0.37518872452764246,1.182996646583166,Hammer,2015-10-09,13.07284,2015-10-16,15.2224,Profit target (+2%),1,0.16442945832734135,0.16360194038159226,16360.194021799032,116360.19402179902
LRCX,2018-10-12,12.99179,3.7959746084859773,1.1869099999999992,0.41920617401487925,1.0899083139391248,Hammer,2018-10-19,12.84614,2018-10-26,13.27404,Profit target (+2%),1,0.03330961674090416,0.032518515867074736,3251.851583455622,103251.85158345562
LSCC,2015-07-31,4.92,0.18962522770283385,0.5899999999999999,0.30508474576271144,1.3543068077234648,Hammer,2015-08-07,4.89,2015-10-30,4.75,RSI > 90,12,-0.02862985685071573,-0.0306435137895812,-3064.351375893769,96935.64862410622
LTC,2022-09-30,29.93674,2.8801208409767582,2.2862299999999998,0.32517288286830304,1.2674076785701764,Hammer,2022-10-07,29.9767,2022-10-28,30.80994,Profit target (+2%),3,0.027796255091454336,0.02745808276381932,2745.808273636124,102745.80827363611
LUMN,2020-03-13,8.168543,4.488561324634759,1.8080569999999998,0.477677971435635,1.882270853000157,Hammer,2020-03-20,7.183797,2020-03-27,7.312944,Profit target (+2%),1,0.017977540289626726,0.016573983101762335,1657.3983085188356,101657.39830851884
LUV,2016-01-29,33.30387,1.9743288848532359,3.426000000000002,0.45478108581435955,1.3023795245007022,Hammer,2016-02-05,33.30387,2016-02-26,35.02129,Profit target (+2%),3,0.051568181115287715,0.051260219875366386,5126.021982410617,105126.02198241062
LUV,2017-08-25,47.34948,1.3381106855106992,3.2267399999999995,0.38997254194635983,1.2430672094717965,Hammer,2017-09-01,47.28656,2017-09-22,49.27294,Profit target (+2%),3,0.04200728494523598,0.04179138941493994,4393.362517917096,109519.38450032772
LUV,2018-04-27,48.31456,3.800448225107232,4.097670000000001,0.4427320892116732,1.4324419268435795,Hammer,2018-05-04,48.39579,2018-08-03,52.58415,RSI > 90,13,0.08654389152444875,0.0863283429877902,9454.62697950134,118974.01147982906
LUV,2020-03-06,42.36393,4.307358101800233,5.2557899999999975,0.46945368821813604,1.6977423840862225,Hammer,2020-03-13,39.73297,2020-06-12,37.18539,RSI > 90,13,-0.06411753261837727,-0.06436111356468394,-7657.299856441989,111316.71162338708
LUV,2021-07-09,48.95058,1.3247751283653173,3.6203300000000027,0.29938431027005735,1.1161130194422721,Hammer,2021-07-16,48.82088,2021-10-08,51.61859,RSI > 90,12,0.05730560366793869,0.057094925887664516,6355.61939384019,117672.33101722726
LVS,2015-10-02,30.80799,0.6347986763378799,3.8368699999999976,0.14734666538089616,1.2662368560999082,Hammer,2015-10-09,31.15474,2015-10-16,35.41373,Profit target (+2%),1,0.13670439875280627,0.13636153575094012,13636.15356145786,113636.15356145785
LVS,2020-03-13,45.64259,1.428584988458411,13.457159999999995,0.31141860541154304,2.7654568416476644,Hammer,2020-03-20,37.73593,2020-03-27,41.32885,Profit target (+2%),1,0.09521217576988295,0.09493459753111527,10788.002492553009,124424.15605401086
LVS,2025-10-17,48.0925,2.643910247770904,4.161279999999998,0.38333397416179654,1.292848694648152,Hammer,2025-10-24,49.43005,2025-10-31,58.04985,Profit target (+2%),1,0.17438380094699468,0.1741638776536081,21670.193470473998,146094.34952448486
LXP,2016-01-22,20.34352,2.816068419555805,1.8235099999999989,0.14062440019522696,1.6097825751080068,Hammer,2016-01-29,20.31502,2016-02-05,20.68542,Profit target (+2%),1,0.018232814932005903,0.017736203015548194,1773.6202997811993,101773.62029978119
LXP,2017-05-19,29.53489,4.4662194765837455,2.0540600000000033,0.2575728070260849,1.3777359956844433,Hammer,2017-05-26,29.53489,2017-06-09,30.59304,Profit target (+2%),2,0.035827118367462996,0.035482528878746554,3611.185417770388,105384.80571755157
LXP,2023-03-24,40.83414,3.228716933176699,2.9257399999999976,0.4532357625763066,1.127991904626294,Hammer,2023-03-31,41.29721,2023-04-06,43.90606,Profit target (+2%),1,0.06317254846029541,0.06292278306657194,6631.105262047222,112015.91097959879
LXP,2025-04-11,36.08263,2.3000501196244016,5.35266,0.3750004670575002,2.2760888955877454,Hammer,2025-04-17,36.36938,2025-05-02,37.22963,Profit target (+2%),2,0.023653138986696964,0.023374968865448802,2618.368428964638,114634.27940856344
LYB,2016-07-01,42.77641,4.179509840683323,3.413409999999999,0.33724926100292696,1.0814621524513057,Hammer,2016-07-08,42.31251,2016-07-15,44.1853,Profit target (+2%),1,0.04426090534454219,0.04401936692399898,4401.936687997961,104401.93668799796
LYV,2016-01-15,22.5,2.115424999033948,1.5599999999999987,0.4487179487179486,1.26321785076112,Hammer,2016-01-22,22.68,2016-03-24,22.54,RSI > 90,9,-0.006172839506172867,-0.0066122988759093095,-661.2298869297013,99338.77011307029
LYV,2020-03-13,42.85,1.5776020346494732,18.929999999999996,0.41627047015319585,2.9276180950310216,Hammer,2020-03-20,35.0,2020-04-03,44.98,Profit target (+2%),2,0.28514285714285714,0.28481645479217244,28293.316298725986,127632.08641179626
LYV,2022-05-13,91.25,2.9599054143929493,10.97999999999999,0.1284153005464479,1.0398824662637611,Hammer,2022-05-20,91.08,2022-06-03,94.93,Profit target (+2%),2,0.04227053140096637,0.042158423450623206,5380.767539454271,133012.85395125052
LZB,2016-01-22,17.63708,4.778832207027847,1.239139999999999,0.2999983859773709,1.029232718035827,Hammer,2016-01-29,17.52968,2016-02-26,20.56145,RSI > 90,4,0.17295067565409084,0.1723310605040983,17233.106033176722,117233.10603317671
MA,2020-03-13,261.0206,3.96570737832198,38.610299999999995,0.39734474997604347,2.0801271376634136,Hammer,2020-03-20,226.6832,2020-04-03,237.6649,Profit target (+2%),2,0.04844514282487622,0.04839996082725078,4839.996077885082,104839.99607788508
MAA,2018-12-28,73.90858,4.577021005569293,4.70138,0.355372252402485,1.5413198196982598,Hammer,2019-01-04,73.93966,2019-01-18,75.62695,Profit target (+2%),2,0.022819823623749347,0.02268304431990079,2268.304429721775,102268.30442972177
MAC,2019-08-16,19.51103,4.087983156151481,1.4736600000000024,0.4782514284163229,1.016009890309803,Hammer,2019-08-23,19.65087,2019-09-13,20.14364,Profit target (+2%),3,0.02507624344367443,0.02456111075215697,2456.111072759586,102456.11107275958
MAC,2025-04-11,13.40009,4.341283123335174,2.40663,0.4239995346189485,1.5723874866445604,Hammer,2025-04-17,13.73701,2025-04-25,13.84291,Profit target (+2%),1,0.00770910117995105,0.006978600655944847,715.0002832229179,103171.11135598249
MAN,2016-07-01,47.33689,1.0258062529126732,5.333210000000001,0.20028275653874544,1.3280718743987228,Hammer,2016-07-08,46.50946,2016-07-22,50.99266,Profit target (+2%),2,0.09639329289138177,0.09616794433386953,9616.79442377016,109616.79442377016
MANH,2020-03-20,47.18,1.600971269116684,19.689999999999998,0.3915693245302185,2.7055603290858015,Hammer,2020-03-27,45.87,2020-04-03,53.04,Profit target (+2%),1,0.15631131458469594,0.15607629427792918,15607.629412185292,115607.6294121853
MANH,2022-05-13,121.78,3.4893880000690416,11.189999999999998,0.17783735478105536,1.0662609586097422,Hammer,2022-05-20,120.39,2022-06-10,127.77,Profit target (+2%),3,0.06130077248940946,0.06121516674280484,7076.940304130372,122684.56971631566
MANH,2026-02-06,145.07,3.95919998149985,25.64,0.3287831513260533,1.7815572483195785,Hammer,2026-02-13,145.17,2026-03-13,152.29,Profit target (+2%),4,0.0490459461321211,0.04897537454795943,6008.522747103278,128693.09246341893
MAR,2020-03-20,71.7863,0.28755864966252886,42.84386,0.3705450442607179,3.518732350485817,Hammer,2020-03-27,72.20982,2020-04-03,73.83651,Profit target (+2%),1,0.022527268451853377,0.022387232980709642,2238.723295832241,102238.72329583223
MAR,2021-05-14,137.9225,2.255237306445764,9.668700000000001,0.20955247344523928,1.0575841982761054,Hammer,2021-05-21,137.8936,2021-10-01,146.9126,RSI > 90,19,0.06540550105298593,0.06533061249352794,6679.318406793724,108918.04170262594
MARA,2016-05-06,26.24,3.235597019895309,6.800000000000001,0.4470588235294121,1.0036571542617192,Hammer,2016-05-13,27.1984,2016-05-20,30.4,Profit target (+2%),1,0.11771280663568451,0.11732356984788657,11732.3569730563,111732.3569730563
MARA,2019-10-25,1.54,1.8261340194833338,0.5399999999999998,0.2222222222222221,1.3477344862878615,Hammer,2019-11-01,1.7,2020-02-21,1.18,RSI > 90,16,-0.3058823529411765,-0.310850439882698,-34732.05227947314,77000.30469358317
MAS,2022-02-25,52.49858,0.7611685318349117,3.565870000000004,0.2122651695098262,1.1954314560538821,Hammer,2022-03-04,51.78475,2022-03-25,52.58201,Profit target (+2%),3,0.015395652194902798,0.015201077433275884,1520.1077418074806,101520.10774180749
MAS,2025-04-11,60.79161,0.27740963914082784,6.983089999999997,0.44764566975364734,1.5882297428528804,Hammer,2025-04-17,61.87122,2025-05-23,64.71745,RSI > 90,5,0.046002487101434175,0.04583715682696844,4653.39309499857,106173.50083680607
MASI,2022-01-28,211.54,1.923843571054391,25.829999999999984,0.48509485094850985,1.3543697955394616,Hammer,2022-02-04,212.46,2022-02-11,222.0,Profit target (+2%),1,0.04490256989550967,0.04485444661473641,4485.444656988197,104485.44465698818
MAT,2018-10-26,13.45,1.690611510345093,1.8599999999999994,0.46774193548387166,1.529085373248837,Hammer,2018-11-02,13.59,2018-11-09,14.54,Profit target (+2%),1,0.06990434142752022,0.06914306730415594,6914.306723501288,106914.30672350129
MAT,2020-02-28,11.79,1.7515475006135404,1.6799999999999997,0.48214285714285754,1.4619443531998142,Hammer,2020-03-06,11.81,2020-06-12,10.7261,RSI > 90,14,-0.09177815410668921,-0.09258569614896314,-9898.735506380403,97015.57121712089
MATW,2018-12-07,33.04409,4.275828838165907,2.7530100000000033,0.4152037224710423,1.0476934712130326,Hammer,2018-12-14,33.04409,2019-01-18,35.78904,RSI > 90,5,0.08306931738776901,0.08275416963069192,8275.416954793774,108275.41695479378
MATW,2024-06-21,23.30763,1.4241083757354147,2.8166899999999977,0.4801344840930315,1.4073945921244309,Hammer,2024-06-28,23.37292,2024-07-26,25.3502,Profit target (+2%),4,0.08459704649654398,0.08415119908015771,9111.506158538428,117386.9231133322
MBC,2025-03-07,13.78,4.295849877929285,1.3949999999999996,0.21146953405017924,1.0186155459689687,Hammer,2025-03-14,13.63,2025-07-11,11.51,RSI > 90,17,-0.15553925165077043,-0.15621562156215638,-15621.562140594076,84378.43785940592
MBIN,2020-03-13,10.01969,2.675515220520083,1.881786,0.31991416664806727,1.7888235106964547,Hammer,2020-03-20,9.126967,2020-04-17,9.526506,Profit target (+2%),4,0.04377565953728091,0.042656636845051915,4265.663680239528,104265.66368023954
MC,2020-03-13,19.5412,4.051878198959301,2.473309999999998,0.4132235748854766,1.2876946157331168,Hammer,2020-03-20,16.52962,2020-03-27,16.81579,Profit target (+2%),1,0.01731255769945106,0.016702530811110203,1670.2530794407671,101670.25307944076
MCD,2020-03-20,129.3299,3.1721226927952415,32.82679999999999,0.3563277565891278,2.9094744478061476,Hammer,2020-03-27,124.5047,2020-04-03,143.6399,Profit target (+2%),1,0.15369058356833132,0.1536040967089312,15360.409655532709,115360.40965553271
MCD,2022-03-11,207.0201,0.9293502029462957,15.17949999999999,0.44724793306762356,1.7388278260230867,Hammer,2022-03-18,206.938,2022-03-25,218.6181,Profit target (+2%),1,0.05644250935062689,0.05639282314453743,6505.499173080345,121865.90882861306
MCHP,2020-03-20,26.52723,1.0862063612039634,5.5821000000000005,0.48286845452428334,1.3361405219354485,Hammer,2020-03-27,28.58216,2020-04-03,30.86837,Profit target (+2%),1,0.07998730676757804,0.07962350929578171,7962.35092161582,107962.35092161583
MCK,2015-08-28,185.3279,1.2720940516478123,41.28969999999998,0.29084977609428003,4.157572519438476,Hammer,2015-09-04,185.3279,2015-12-24,179.6679,RSI > 90,16,-0.030540463686255515,-0.030593596711646975,-3059.3596681053377,96940.64033189467
MCK,2016-01-15,152.5116,3.80858448732117,13.373799999999989,0.3994750930924648,1.28974922667699,Hammer,2016-01-22,153.8889,2016-01-29,157.8264,Profit target (+2%),1,0.025586640751867007,0.025520829610530336,2474.0055617719836,99414.64589366666
MCO,2020-03-13,202.6545,2.936465428171175,36.7131,0.37642421914793317,2.327282383665101,Hammer,2020-03-20,173.1033,2020-04-03,211.3001,Profit target (+2%),2,0.2206589937915684,0.2205948530486407,22059.485282804584,122059.48528280458
MCO,2020-10-30,251.0813,4.895184312549631,18.29860000000002,0.4921687997988927,1.1048302947635629,Hammer,2020-11-06,254.5672,2020-11-13,289.0921,Profit target (+2%),1,0.1356219497248663,0.13558000441525034,16548.825537017,138608.31081982158
MCO,2022-01-28,324.4405,1.171089993466211,21.688199999999995,0.3983087577576746,1.2871441054645847,Hammer,2022-02-04,324.6718,2022-02-11,333.86,Profit target (+2%),1,0.02829996322440076,0.028268727546902062,3918.280570383572,142526.59139020514
MCO,2022-05-13,279.2088,1.4550921243213537,20.29129999999998,0.42047577040406436,1.1500520254801945,Hammer,2022-05-20,277.5662,2022-06-03,295.5705,Profit target (+2%),2,0.06486488628658682,0.06482769105728531,9239.669824852488,151766.26121505763
MCRI,2015-07-31,16.63881,3.980823345444378,2.1145000000000014,0.3868952471033346,1.626745013092813,Hammer,2015-08-07,16.59411,2015-10-30,18.84719,RSI > 90,12,0.13577588674535734,0.13513254626302254,13513.254612789002,113513.254612789
MCY,2015-08-28,33.00917,2.964224866207047,1.878149999999998,0.33561217155179374,1.3539697961314974,Hammer,2015-09-04,32.84193,2015-09-25,33.91761,Profit target (+2%),3,0.03275325171206456,0.03244382351714466,3244.3823484700833,103244.38234847008
MD,2018-05-04,45.22,1.1386979801599608,5.090000000000003,0.42632612966601185,1.34198140838543,Hammer,2018-05-11,45.33,2018-05-25,46.88,Profit target (+2%),2,0.034193690712552405,0.03396933936252346,3396.9339328554124,103396.9339328554
MDLZ,2018-12-28,33.69537,4.378740010369839,1.7330400000000026,0.33923048515902915,1.1129685351161627,Hammer,2019-01-04,33.80518,2019-01-11,34.34579,Profit target (+2%),1,0.015991927864309474,0.015693793999322147,1569.3793983628352,101569.37939836284
MDT,2024-11-22,82.857,4.857567291683935,4.96893,0.4854948650916801,1.5126354828426758,Hammer,2024-11-29,83.13573,2025-01-24,85.74545,RSI > 90,8,0.03139107577451972,0.031268909955445526,3126.8909924176614,103126.89099241767
MDU,2021-12-03,9.381986,3.546596476069084,0.4637619999999991,0.3525170238182532,1.1058882124493257,Hammer,2021-12-10,9.475405,2021-12-23,9.736053,Profit target (+2%),2,0.027507847949507225,0.026438532952969836,2643.8532926531307,102643.85329265313
MEDP,2019-11-01,75.0,1.609538001076146,7.819999999999993,0.3606138107416874,1.436424038586209,Hammer,2019-11-08,75.8,2019-12-13,80.85,RSI > 90,5,0.06662269129287601,0.06648637952641645,6648.637945993007,106648.637945993
META,2016-11-18,116.1088,4.751499413202055,5.53309999999999,0.3783774014566877,1.0756572649215146,Hammer,2016-11-25,117.2797,2017-01-13,122.588,Profit target (+2%),7,0.0452618824911728,0.04517469030487343,4517.469025969873,104517.46902596988
META,2019-06-07,172.0002,4.464528624319769,14.099400000000003,0.11963629657999665,1.3639121659950992,Hammer,2019-06-14,173.3893,2019-06-21,183.5694,Profit target (+2%),1,0.05871238882676155,0.05865302377298447,6130.265589342114,110647.73461531199
META,2020-03-13,168.9541,2.163528579076612,23.763500000000022,0.3628421739221912,1.8622676801049922,Hammer,2020-03-20,151.134,2020-04-03,157.9406,Profit target (+2%),2,0.045036854711712815,0.04496920053725376,4975.740161933059,115623.47477724504
META,2021-10-29,321.0506,1.1759434020036679,21.927900000000022,0.44841503290328805,1.2108632845112035,Hammer,2021-11-05,323.5013,2021-11-12,341.7383,Profit target (+2%),1,0.05637380746228837,0.056342024869376464,6514.460684868802,122137.93546211385
MGM,2022-05-13,36.14227,4.134045539758105,4.188399999999994,0.41398386018527267,1.05591830831295,Hammer,2022-05-20,36.19226,2022-08-05,32.51534,RSI > 90,11,-0.10159409774355055,-0.10185632835192487,-10185.632825006855,89814.36717499315
MGY,2019-08-09,9.139487,1.7071115868012186,0.9782609999999998,0.23611183518508827,1.1909535618911027,Hammer,2019-08-16,9.103256,2019-09-13,9.384052,Profit target (+2%),4,0.030845666649383485,0.029730828821675707,2973.0828791944878,102973.08287919448
MHK,2016-02-12,155.21,2.3218018657290713,10.919999999999987,0.3910256410256398,1.0361717670240762,Hammer,2016-02-19,157.55,2016-02-26,166.25,Profit target (+2%),1,0.05522056490003169,0.055155342578781984,5515.534252362664,105515.53425236268
MHK,2022-03-11,131.11,4.411438815648751,19.195000000000007,0.4753842146392288,1.451346319051487,Hammer,2022-03-18,132.56,2022-03-25,143.34,Profit target (+2%),1,0.08132166566083288,0.08124316373099993,8572.415816856217,114087.9500692189
MIDD,2015-08-28,110.14,3.837549156098433,9.079999999999998,0.4823788546255518,1.4338485492285813,Hammer,2015-09-04,109.72,2015-09-25,113.17,Profit target (+2%),3,0.03144367480860377,0.03135110503531551,3135.1105003964412,103135.11050039645
MIDD,2024-05-10,138.09,2.8152412078560474,10.819999999999993,0.4685767097966725,1.4355154251156996,Hammer,2024-05-17,139.34,2024-08-02,132.59,RSI > 90,11,-0.0484426582460169,-0.04851268434461234,-5003.361055549085,98131.74944484737
MKSI,2015-07-24,31.97543,3.1787518724401167,1.4040200000000027,0.49677355023432784,1.022728171871861,Hammer,2015-07-31,31.65839,2015-08-14,32.38305,Profit target (+2%),2,0.022889982718641066,0.022570545983863172,2257.054596129263,102257.05459612925
MKTX,2023-04-28,305.5014,4.942897435187277,26.129400000000032,0.3958873912144948,1.0489255112366678,Hammer,2023-05-05,305.2999,2023-12-08,231.7878,RSI > 90,31,-0.24078651843646193,-0.24081532920041565,-24081.532895960037,75918.46710403997
MLKN,2020-03-20,16.42878,0.3492035624709189,7.43449,0.43101409780630556,2.459985495522524,Hammer,2020-03-27,16.66614,2020-04-03,20.53173,Profit target (+2%),1,0.23194272939024874,0.23127332623923735,23127.332600796406,123127.3326007964
MLM,2016-01-22,114.3904,2.9954377863724204,12.022100000000009,0.2217083537817855,1.2639725559920658,Hammer,2016-01-29,113.6315,2016-02-05,115.1215,Profit target (+2%),1,0.013112561217620167,0.013023984371218808,1302.3984358194825,101302.39843581947
MLM,2022-05-13,324.7496,0.6317130086284379,26.6413,0.40981483636309063,1.1110984022629955,Hammer,2022-05-20,322.1445,2022-06-03,335.6095,Profit target (+2%),2,0.041798013003481405,0.04176632277871004,4231.028667096898,105533.42710291638
MMI,2015-08-28,39.82898,3.5552984949415674,5.2641300000000015,0.2124909529209957,1.5498969577591262,Hammer,2015-09-04,39.51724,2015-09-18,40.78252,Profit target (+2%),2,0.0320184304369433,0.03176135765584118,3176.135762407982,103176.13576240798
MMI,2020-03-13,25.35155,1.8401472240118721,4.419330000000002,0.43360871444313964,1.941040064365181,Hammer,2020-03-20,22.96768,2020-04-03,26.50681,Profit target (+2%),2,0.15409174979797702,0.15362291208513762,15850.218417662407,119026.3541800704
MMM,2019-08-16,106.8643,4.724168253560663,7.098500000000001,0.45282806226667566,1.1784905813550766,Hammer,2019-08-23,108.3267,2019-09-20,113.2895,RSI > 90,4,0.045813266720023726,0.045718843145635193,4571.884309991634,104571.88430999164
MMSI,2022-05-13,58.85,4.989743750343152,5.789999999999999,0.4594127806563035,1.161353308350309,Hammer,2022-05-20,58.64,2022-06-03,61.87,Profit target (+2%),2,0.05508185538881305,0.05490664165743016,5490.664160252352,105490.66416025236
MNRO,2017-06-23,35.37333,3.6982432176464215,3.2211500000000015,0.3619638948822621,1.194385119289232,Hammer,2017-06-30,35.61047,2017-07-28,38.10044,Profit target (+2%),4,0.06992241326778337,0.06963182010513966,6963.182003550784,106963.1820035508
MNRO,2020-03-13,41.04252,0.4355182440238963,7.653620000000004,0.48446617417640275,1.905225777872786,Hammer,2020-03-20,37.67006,2020-04-17,44.49684,Profit target (+2%),4,0.18122562055913893,0.18093614184025184,19353.505451325633,126316.68745487645
MNST,2016-02-12,20.39498,4.068275666927917,1.75666,0.18690583265970712,1.0750423410641643,Hammer,2016-02-19,20.55998,2016-02-26,21.43164,Profit target (+2%),1,0.04239595563808929,0.04189938429310414,4189.938425120476,104189.93842512049
MNST,2016-09-16,24.38497,0.6233308759117904,1.1458300000000001,0.4181859438136546,1.0486193010679785,Hammer,2016-09-23,24.46831,2017-03-10,23.87,RSI > 90,24,-0.024452444815354912,-0.024856057476491625,-2589.751095377167,101600.18732974332
MO,2019-09-20,24.87801,1.89505787970063,1.6940999999999988,0.45699781594947225,1.0191409353605743,Hammer,2019-09-27,24.76828,2019-10-11,25.57905,Profit target (+2%),2,0.03273420681613737,0.032323939341096494,3232.393930877255,103232.39393087727
MO,2022-06-24,32.7521,4.436509755217244,3.6072500000000005,0.4979083789590417,1.5526854424860168,Hammer,2022-07-01,32.88039,2022-08-19,34.07275,RSI > 90,7,0.0362635601341712,0.03595396010203931,3711.613368917153,106944.00729979442
MOG.A,2015-10-02,50.35267,2.825590221306726,3.6949299999999994,0.4549991474804649,1.2459830325737942,Hammer,2015-10-09,50.83301,2015-10-16,53.94599,Profit target (+2%),1,0.06123934034203371,0.06103661413969581,6103.66140786592,106103.66140786593
MOG.A,2020-03-20,39.1664,0.40732624673113094,16.003269999999997,0.4728133687677579,2.0515138655207,Hammer,2020-03-27,39.12857,2020-04-03,50.56353,Profit target (+2%),1,0.29224068244763335,0.2919478084928104,30976.73139011291,137080.39279797883
MOH,2022-05-13,295.89,0.6633076402719951,22.61500000000001,0.43112978111872635,1.1080845608199148,Hammer,2022-05-20,294.93,2022-05-27,312.24,Profit target (+2%),1,0.058691892991557415,0.05865699221862453,5865.699215996756,105865.69921599675
MORN,2022-01-28,268.3173,3.1453191596162497,24.489900000000034,0.330283096296842,1.401804756883583,Hammer,2022-02-04,268.3465,2022-02-11,287.8566,Profit target (+2%),1,0.07270487969844974,0.07266626048298602,7266.626041031976,107266.62604103198
MORN,2026-02-13,160.03,0.8863414439407791,17.919999999999987,0.38895089285714307,1.2874400225535727,Hammer,2026-02-20,161.76,2026-03-06,179.66,Profit target (+2%),2,0.11065776458951526,0.11059252619540691,11862.887138472859,119129.51317950484
MOS,2015-05-01,35.98276,0.7496287362264269,1.6639400000000037,0.206726204069859,1.3337386701884049,Hammer,2015-05-08,35.97476,2015-05-22,37.33471,RSI > 90,2,0.037802892917145225,0.03751970552332753,3751.9705485807826,103751.97054858078
MOS,2020-03-20,8.487612,1.0254342368419032,3.597721000000001,0.2792125904148764,1.6422341841575452,Hammer,2020-03-27,8.213246,2020-04-03,8.682323,Profit target (+2%),1,0.05711225500855566,0.055860703123269906,5795.658019472856,109547.62856805362
MPC,2019-08-16,37.41114,4.507633634193311,3.302419999999998,0.44607893605295346,1.0103846699853742,Hammer,2019-08-23,38.04248,2019-09-06,39.54934,Profit target (+2%),2,0.039609930793155446,0.03934189596788011,3934.1895928538215,103934.18959285383
MPT,2015-05-08,6.179069,2.145525394492651,0.345275,0.36363768011005554,1.3712072815261889,Hammer,2015-05-15,6.156649,2015-07-24,6.281976,Profit target (+2%),10,0.020356365938678733,0.018716905166133353,1871.690514741645,101871.69051474164
MPT,2022-04-29,12.81118,4.837045742305762,1.07282,0.4740217371040808,1.3776125949771263,Hammer,2022-05-06,12.81814,2022-07-29,11.76469,RSI > 90,12,-0.08218431067221921,-0.08293210555293005,-8448.433782175543,93423.2567325661
MPWR,2018-10-12,107.514,0.9195335368008415,8.532899999999998,0.48698566724091474,1.1405911087874587,Hammer,2018-10-19,106.8159,2018-11-09,117.5899,Profit target (+2%),3,0.10086513337433844,0.10076679750872726,10076.679740796044,110076.67974079605
MRCY,2018-02-09,45.0,1.8013387453235055,4.630000000000003,0.27429805615550806,1.5485287516485924,Hammer,2018-02-16,45.26,2018-03-02,46.79,Profit target (+2%),2,0.03380468404772419,0.03358002871976145,3358.002868618142,103358.00286861815
MRCY,2024-02-09,29.3,0.5246798689609022,5.795000000000002,0.3114754098360654,1.9092826751701657,Hammer,2024-02-16,29.26,2024-03-15,31.11,Profit target (+2%),4,0.06322624743677374,0.0628737399624123,6498.504188897259,109856.5070575154
MRK,2024-11-01,96.69275,0.7590822442851675,6.178540000000012,0.4961609053271478,1.2484234968009962,Hammer,2024-11-08,96.80665,2025-06-20,78.82631,RSI > 90,32,-0.18573455439269926,-0.18582825517383486,-18582.82549880066,81417.17450119935
MRP,2025-11-21,29.72341,3.8699727725664985,2.476040000000001,0.3228057705045149,1.2911879873193954,Hammer,2025-11-28,30.4253,2026-02-13,31.57,Profit target (+2%),11,0.03762329377195961,0.037288492062187886,3728.8492024899397,103728.84920248993
MRSH,2015-08-28,45.2065,3.9598338706343412,3.198610000000002,0.4125323187259464,2.22101065340681,Hammer,2015-09-04,44.99772,2015-10-30,46.46375,RSI > 90,8,0.0325800951692663,0.032354266586552924,3235.426655419865,103235.42665541987
MRTN,2018-10-19,10.7118,3.77276356870334,1.0334000000000003,0.4569866460228378,1.211150264814413,Hammer,2018-10-26,10.7118,2018-11-16,10.98959,Profit target (+2%),3,0.025933083141955526,0.024987869513287537,2498.7869488299666,102498.78694882998
MRTN,2024-04-19,15.99518,4.007453250538717,1.844850000000001,0.3560235249478286,1.7814961463815646,Hammer,2024-04-26,16.02416,2024-05-03,16.36222,Profit target (+2%),1,0.021096893690527363,0.02046644989506641,2097.7862852955295,104596.5732341255
MS,2016-02-12,17.40203,4.715012194844519,2.023579999999999,0.2793316794987098,1.2290842307751872,Hammer,2016-02-19,18.14062,2016-03-04,18.84906,Profit target (+2%),2,0.039052689489113446,0.03849083139622679,3849.083135773596,103849.0831357736
MS,2020-03-13,31.06842,1.902100522792523,7.274150000000002,0.35763078847700397,2.3549222769743148,Hammer,2020-03-20,25.74122,2020-04-03,27.7793,Profit target (+2%),2,0.07917573448344717,0.07877195176612346,8180.394959546909,112029.4780953205
MSEX,2024-03-01,48.85248,1.846143797865821,4.380540000000003,0.42825998621174544,1.0455463514349272,Hammer,2024-03-08,48.27158,2024-03-15,49.63336,Profit target (+2%),1,0.028210802298163973,0.02800074073184158,2800.074070384084,102800.07407038409
MSEX,2025-05-16,57.27274,3.9091425948383005,6.001809999999999,0.2561277348000022,1.403390005152096,Hammer,2025-05-23,57.07667,2025-08-29,53.42916,RSI > 90,14,-0.06390544507939933,-0.06407503494554384,-6586.918331877439,96213.15573850664
MSFT,2018-10-26,99.4194,4.109775458014482,8.318929999999995,0.40000336581747964,1.9180113540015762,Hammer,2018-11-02,100.4837,2018-12-07,105.4873,Profit target (+2%),5,0.04979514090345005,0.049693149578012345,4969.314952831919,104969.31495283192
MSFT,2025-03-07,390.3218,4.163047751333551,20.989300000000014,0.4179701085791325,1.1236031898195702,Hammer,2025-03-14,382.9086,2025-05-09,429.5813,Profit target (+2%),8,0.12188992360056683,0.1218622164373374,12791.793365269248,117761.10831810118
MSGS,2019-06-28,190.6837,1.743095262715343,10.016400000000004,0.3009164969450114,1.087806299732441,Hammer,2019-07-05,187.9999,2019-07-12,193.6467,Profit target (+2%),1,0.03003618618946091,0.029982197272517937,2998.219724253574,102998.21972425358
MSGS,2020-03-13,150.7405,2.668854565839112,34.42580000000001,0.4479605412219905,2.6932967189916073,Hammer,2020-03-20,128.0579,2020-03-27,133.6775,Profit target (+2%),1,0.04388327467497133,0.043803474698761405,4511.679907197129,107509.8996314507
MSM,2015-10-02,38.29269,3.599982930214594,2.1029899999999984,0.40089586731273147,1.1974688376735059,Hammer,2015-10-09,38.34911,2015-10-16,40.46777,Profit target (+2%),1,0.05524665370330628,0.05497872327111746,5497.872321613873,105497.87232161388
MSM,2017-05-19,55.8751,1.566349472557647,4.747689999999999,0.452544289959959,1.683868456726484,Hammer,2017-05-26,56.03836,2017-07-14,58.05629,RSI > 90,7,0.036009797574375835,0.035828151631165636,3779.7937625243403,109277.66608413821
MSM,2018-07-13,55.08786,2.1395671656578514,5.973300000000002,0.46839770311218226,1.7657035457012684,Hammer,2018-07-20,55.04066,2018-08-03,56.50365,Profit target (+2%),2,0.026580168188390152,0.02639608644895883,2884.5027180128664,112162.16880215106
MSM,2022-02-25,66.57599,2.5801527315538237,4.2579199999999915,0.2937631519615194,1.3511007105962873,Hammer,2022-03-04,65.95058,2022-03-11,67.85251,Profit target (+2%),1,0.02883871529257198,0.028684911875538028,3217.361924641562,115379.53072679263
MTB,2015-08-28,88.49874,1.4347288037427433,6.379720000000006,0.4229433266663744,1.8868551303223722,Hammer,2015-09-04,87.88902,2015-09-18,89.94868,Profit target (+2%),2,0.0234347817281384,0.02331967521794984,2331.9675194630163,102331.96751946303
MTB,2020-03-13,92.74553,0.4086064594001755,14.929770000000005,0.38126709252721197,1.7349646701781178,Hammer,2020-03-20,78.99204,2020-03-27,80.45623,Profit target (+2%),1,0.01853591830265433,0.018408158077821698,1883.7430326290478,104215.71055209206
MTCH,2020-03-13,58.73494,3.7562995234257244,12.753249999999994,0.4859098661125594,1.9228782824080923,Hammer,2020-03-20,52.15919,2020-04-03,60.44444,Profit target (+2%),2,0.15884544986223892,0.15863852194388514,15863.852178524663,115863.85217852467
MTCH,2021-01-29,135.847,3.7251404404003097,16.30539999999999,0.41264243747470125,1.503196145102099,Hammer,2021-02-05,138.3239,2021-02-12,155.5743,Profit target (+2%),1,0.12471019108049997,0.12463339186532954,14440.504877152176,130304.35705567684
MTCH,2024-05-10,29.80942,2.9290200125298895,4.676850000000002,0.36967830911831706,1.7284521571318623,Hammer,2024-05-17,30.07167,2024-06-14,30.82929,Profit target (+2%),4,0.025193811983172276,0.02485714010227854,3238.9936560312926,133543.35071170816
MTDR,2019-08-16,13.96698,2.84701789979961,2.5131299999999985,0.40797730320357495,1.2093474489114722,Hammer,2019-08-23,14.33893,2019-09-20,16.65436,Profit target (+2%),4,0.1614785761559614,0.16072512902670338,16072.512886597826,116072.51288659783
MTG,2019-08-16,10.63214,3.8345278855234994,0.6077999999999992,0.19718657453109528,1.0104851857425015,Hammer,2019-08-23,10.76911,2019-09-27,11.21708,RSI > 90,5,0.04159768077399151,0.04065022540144853,4065.0225360798304,104065.02253607984
MTG,2020-03-20,5.864728,2.2849858637198537,3.999467,0.47505430098560625,3.9249816196133307,Hammer,2020-03-27,5.708567,2020-04-03,6.567455,Profit target (+2%),1,0.15045597257595467,0.1485740869057806,15461.365686666177,119526.38822274603
MTN,2020-03-13,140.0372,2.589983105914442,51.450299999999984,0.28141138146910666,3.3372178139992945,Hammer,2020-03-20,115.4417,2020-03-27,121.2051,Profit target (+2%),1,0.049924767220163924,0.04983598491771527,4983.598486787929,104983.59848678792
MTN,2022-03-11,202.6235,2.0776790643149354,20.878299999999996,0.1929275851003191,1.1720574412297349,Hammer,2022-03-18,201.4235,2022-03-25,227.8319,Profit target (+2%),1,0.13110883288196273,0.13105593299855786,13758.723435473254,118742.32192226118
MTN,2024-05-03,177.2824,4.401095956331545,10.926800000000014,0.45174250466742355,1.0099357219494227,Hammer,2024-05-10,178.5914,2024-05-24,185.2547,Profit target (+2%),2,0.0373103072152412,0.037253270502653035,4423.539834259564,123165.86175652074
MTRN,2020-03-20,29.76695,2.6332227984962913,8.466190000000001,0.4942920014788234,1.7774767676694343,Hammer,2020-03-27,29.93125,2020-04-03,34.24166,Profit target (+2%),1,0.14401035706828158,0.14365226105474138,14365.22609110891,114365.22609110891
MTRN,2025-03-14,85.04889,0.6340494960012109,8.227339999999998,0.3615482039152392,1.0706013141113533,Hammer,2025-03-21,84.74049,2025-07-11,84.47542,RSI > 90,16,-0.003128020619186822,-0.003245836445101733,-371.2108185276102,113994.0152725813
MTSI,2020-03-13,19.7,1.6332697963885465,5.370000000000001,0.4972067039106148,1.7105540355869504,Hammer,2020-03-20,17.24,2020-04-03,18.31,Profit target (+2%),2,0.06206496519721583,0.061467091910698705,6146.709184923162,106146.70918492317
MTSI,2023-05-05,56.42,1.0361571523953046,11.165,0.2933273622928794,1.9897377322920788,Hammer,2023-05-12,56.37,2023-05-26,58.76,Profit target (+2%),2,0.0423984388859322,0.04221729490022182,4481.226919866758,110627.93610478991
MTX,2020-03-13,34.81135,0.5759235377384044,7.939090000000004,0.4436276701737861,1.859471488925189,Hammer,2020-03-20,30.64722,2020-04-03,31.85365,Profit target (+2%),2,0.03936507128542166,0.039032409398079386,3903.2409359046987,103903.24093590469
MTZ,2016-01-22,13.97,3.5983011656322503,1.8399999999999999,0.3641304347826087,1.0463779867314358,Hammer,2016-01-29,13.78,2016-02-05,15.21,Profit target (+2%),1,0.10377358490566047,0.1030105186797244,10301.051857671388,110301.0518576714
MTZ,2018-08-03,46.7,4.045569205061,4.498099999999994,0.46686378693225966,1.3600160950184226,Hammer,2018-08-10,47.05,2018-11-16,49.57,RSI > 90,14,0.05356004250797031,0.05334183402401451,5883.660394982466,116184.71225265386
MU,2016-01-22,10.80096,1.328659489251251,2.2050719999999995,0.22123994137152891,1.2530514554527077,Hammer,2016-01-29,10.79121,2016-03-11,11.18149,Profit target (+2%),6,0.03616647252717731,0.035223471940616265,3522.347190539279,103522.34719053928
MU,2020-03-20,35.23242,0.9449612094706623,7.815340000000003,0.3782765689016732,1.438222151712447,Hammer,2020-03-27,36.09103,2020-04-03,43.09653,Profit target (+2%),1,0.1941064026158299,0.19380247633881068,20062.887221869743,123585.23441240903
MUR,2015-08-07,21.64514,0.19131085611093113,1.7222299999999997,0.4630391991778087,1.0727295241967616,Hammer,2015-08-14,21.71216,2016-03-11,16.63086,RSI > 90,30,-0.23403014716177484,-0.23443673113795732,-23443.67309035206,76556.32690964795
MUR,2022-05-13,30.0994,3.9738243024675626,4.819599999999998,0.4708025562287327,1.3909674344818523,Hammer,2022-05-20,30.30059,2022-06-03,38.82919,Profit target (+2%),2,0.28146646649454676,0.28109005632294226,21519.222221391305,98075.54913103925
MUSA,2016-11-11,59.07178,2.7026771843299287,6.628220000000006,0.45241708935430675,1.8699202062358946,Hammer,2016-11-18,59.06208,2016-11-25,65.98145,Profit target (+2%),1,0.11715418759379959,0.1169749715069713,11697.497138999635,111697.49713899964
MUSA,2023-03-17,240.9622,4.734592145354142,24.519999999999982,0.48351957585644373,1.3376292595847408,Hammer,2023-03-24,242.2236,2023-04-06,255.8929,Profit target (+2%),2,0.05643256891566306,0.05639012073718786,6298.63534341125,117996.13248241087
MWA,2018-02-02,9.894004,2.48495083044385,1.220407999999999,0.42142955470629456,2.2430089200938266,Hammer,2018-02-09,9.81555,2018-03-16,10.05269,Profit target (+2%),5,0.02415962426965379,0.023129050816909375,2312.9050793780325,102312.90507937802
MWA,2023-08-04,13.68076,3.4196115777044156,3.837160000000001,0.47738692157741675,3.8664197303367582,Hammer,2023-08-11,13.64219,2023-12-08,13.11016,RSI > 90,17,-0.038998870415966835,-0.03971733375149015,-4063.595794058593,98249.30928531944
MYRG,2023-10-06,130.97,1.105803765112995,10.699999999999989,0.42429906542056045,1.451262220418482,Hammer,2023-10-13,130.63,2023-12-15,133.9,RSI > 90,9,0.02503253463982258,0.02495502736632607,2495.502734137104,102495.50273413712
MZTI,2023-02-03,174.2422,4.2092451559845045,21.204999999999984,0.3943503890591845,2.181441441627448,Hammer,2023-02-10,173.2132,2023-02-17,177.9556,Profit target (+2%),1,0.027378975736260358,0.027320454779001375,2732.045475168092,102732.0454751681
NABL,2025-04-11,6.68,4.06457398315608,0.915,0.49180327868852475,1.2072769664843972,Hammer,2025-04-17,6.81,2025-05-02,6.96,Profit target (+2%),2,0.022026431718061623,0.020542920029347052,2054.292000880413,102054.29200088042
NAVI,2015-08-28,7.837401,0.014022474689951991,1.1951280000000004,0.4773873593456098,1.8762288234888063,Hammer,2015-09-04,7.765334,2015-10-30,8.250582,Profit target (+2%),8,0.06248900562422688,0.06116184967081202,6116.184960965018,106116.18496096501
NAVI,2020-03-20,4.548924,0.5523314722071717,2.854449,0.48738372974959426,2.7971153599324277,Hammer,2020-03-27,4.548924,2020-04-03,6.065232,Profit target (+2%),1,0.33333333333333326,0.33077144019092114,35100.20329200436,141216.38825296934
NAVI,2022-09-16,12.10775,4.650387304217958,1.40231,0.40548808751274756,1.2742253975795852,Hammer,2022-09-23,12.03336,2022-10-07,12.63789,Profit target (+2%),2,0.0502378388081135,0.04938629514319239,6974.154222342635,148190.542475312
NAVI,2023-10-27,13.99367,4.783089421555033,2.8609299999999998,0.48757921375217167,2.6957515048755405,Hammer,2023-11-03,14.18025,2023-11-10,15.12205,Profit target (+2%),1,0.06641631847111307,0.06568795051197565,9734.333010726787,157924.87548603877
NBHC,2020-03-13,21.67296,2.5316670618074824,4.652710000000003,0.41681944501161694,2.3205077780053545,Hammer,2020-03-20,20.82237,2020-04-17,21.67296,Profit target (+2%),4,0.040849816807596806,0.04035987260993586,4035.987256957598,104035.98725695761
NBIX,2025-04-11,90.87,3.5041661527543653,12.204999999999998,0.4559606718557967,1.2737601229613515,Hammer,2025-04-17,94.39,2025-04-25,100.63,Profit target (+2%),1,0.06610869795529184,0.0659992584352984,6599.925836929915,106599.9258369299
NBTB,2017-02-10,30.35818,3.227600651908574,1.4164199999999987,0.3262026799960454,1.0882306660847259,Hammer,2017-02-17,30.4112,2017-02-24,31.38829,Profit target (+2%),1,0.03212928131740944,0.03179522754321718,3179.5227511421954,103179.52275114218
NBTB,2020-03-13,25.77737,1.8558564424357797,3.4832099999999997,0.146919077517577,1.9142135011495645,Hammer,2020-03-20,22.90497,2020-03-27,25.77737,Profit target (+2%),1,0.1254050976709422,0.12494123737394697,12891.37723128964,116070.89998243182
NBTB,2023-03-24,31.50076,1.7752017257374462,3.1663599999999974,0.4799991157038364,1.3237990213196382,Hammer,2023-03-31,32.06165,2023-06-02,31.58217,RSI > 90,9,-0.014954938376533944,-0.015264456998158453,-1771.7592597476219,114299.1407226842
NCLH,2022-05-13,16.22,4.218047216151604,3.59,0.4651810584958222,1.2456489373438213,Hammer,2022-05-20,16.23,2022-08-12,13.49,RSI > 90,12,-0.1688231669747381,-0.16938712657838007,-16938.71264089929,83061.2873591007
NDAQ,2022-01-28,54.87659,4.135628984472035,3.2597299999999976,0.2698781800946691,1.092608354299095,Hammer,2022-02-04,55.09024,2022-03-25,56.49331,Profit target (+2%),7,0.02546857664805957,0.0252847614421863,2528.476141690154,102528.47614169016
NDAQ,2022-05-13,46.48886,1.7694364587118514,2.9723400000000026,0.33509961848240666,1.0013962334091766,Hammer,2022-05-20,46.42897,2022-06-03,48.63221,Profit target (+2%),2,0.04745399262572492,0.0472335232158699,4842.781153283504,107371.25729497366
NE,2025-03-07,23.21097,0.705986012206381,3.3222299999999976,0.23352687803072023,1.3792607521468554,Hammer,2025-03-14,22.97613,2025-05-16,23.76517,RSI > 90,9,0.034341727697397184,0.03389911636198919,3389.9116328090076,103389.911632809
NEE,2025-04-11,63.91047,4.504901078945309,5.89479,0.37726534787498794,1.4650651633008005,Hammer,2025-04-17,64.56113,2025-05-16,68.85841,RSI > 90,4,0.06656141241641844,0.06640137793607903,6640.1377869677635,106640.13778696777
NEO,2017-10-27,8.49,2.398683506394306,1.129999999999999,0.40707964601769864,1.344860872820359,Hammer,2017-11-03,8.53,2017-11-24,8.99,Profit target (+2%),3,0.05392731535756168,0.05272407732864691,5272.407727592283,105272.40772759229
NEO,2018-01-26,7.83,0.27001035307750954,0.8500000000000005,0.35294117647058887,1.227309085861669,Hammer,2018-02-02,7.84,2018-03-02,8.08,Profit target (+2%),4,0.030612244897959107,0.029318036966220554,3086.3803381942125,108358.78806578652
NEU,2017-11-17,331.171,1.731165883858722,12.171400000000006,0.3327554759518202,1.0047963766920756,Hammer,2017-11-24,331.1626,2018-01-12,340.1136,Profit target (+2%),7,0.02702901837345162,0.02699841409606502,2699.8414069066603,102699.84140690665
NEU,2024-06-28,499.8077,2.0436444828071103,34.63770000000005,0.3974253486807734,1.4612579843695164,Hammer,2024-07-05,502.8129,2024-07-19,521.0964,Profit target (+2%),2,0.03636243222876745,0.036342182726589616,3732.3363986692393,106432.17780557588
NFLX,2020-03-13,33.6295,4.5327425172234825,5.722000000000001,0.4936211114994757,2.2036576246274846,Hammer,2020-03-20,30.663,2020-03-27,34.789,Profit target (+2%),1,0.13455956690473858,0.1342115560193036,13421.155588509206,113421.15558850921
NFLX,2026-01-23,86.12,0.53580803385492,7.969999999999999,0.47427854454203283,1.2167568077060693,Hammer,2026-01-30,86.92,2026-03-06,95.26,RSI > 90,5,0.09595029912563291,0.09582973828012652,10869.119644607228,124290.27523311642
NHC,2017-08-04,49.62594,0.37261447359060185,7.416259999999994,0.40218789524639087,2.763579491007209,Hammer,2017-08-11,49.62594,2017-10-27,51.83218,RSI > 90,11,0.044457394660937455,0.04425142864511527,4425.142860086384,104425.14286008637
NJR,2016-08-19,24.87964,2.634249916413154,1.3677299999999981,0.4179918551176041,1.2490721454033797,Hammer,2016-08-26,24.83622,2016-09-30,25.38107,Profit target (+2%),5,0.02193771838065528,0.021530746074468185,2153.074605293744,102153.07460529375
NLY,2015-05-08,10.72749,2.9741475321946353,0.4460999999999995,0.16666666666666866,1.597688718858559,Hammer,2015-05-15,10.69562,2015-06-05,11.09923,RSI > 90,3,0.03773600782376341,0.03678384990776233,3678.3849870978493,103678.38498709784
NLY,2022-02-25,16.08701,4.316956085927885,1.4551599999999993,0.102359877951565,1.6679255040097876,Hammer,2022-03-04,15.88076,2022-03-18,16.24742,Profit target (+2%),2,0.023088315672549653,0.022451554096247283,2327.7408668216385,106006.12585391948
NMIH,2022-03-11,20.85,4.32184780535907,1.9199999999999982,0.4531249999999991,1.007016804851522,Hammer,2022-03-18,21.07,2022-04-01,21.6,Profit target (+2%),2,0.025154247745609926,0.024673784104389133,2467.378407971535,102467.37840797154
NOG,2015-07-10,47.94893,3.6231411412555303,9.227289999999996,0.3839285423997729,1.2767753585035406,Hammer,2015-07-17,47.94893,2016-03-11,41.76994,RSI > 90,34,-0.12886606645862586,-0.12906116349588023,-12906.116336681906,87093.88366331809
NOG,2016-08-05,31.80118,4.0067625886533875,6.014219999999998,0.20547967982548052,1.091684374131191,Hammer,2016-08-12,33.36652,2016-12-16,28.83527,RSI > 90,18,-0.1358022952348642,-0.1360816049134112,-11851.875455194375,75242.00820812372
NOG,2018-11-02,23.64492,3.8728033560782222,4.53126,0.4545446520393889,1.0983858155153154,Hammer,2018-11-09,24.13924,2018-11-16,25.29265,Profit target (+2%),1,0.04778153744691216,0.04735746496887032,3563.270764340401,78805.27897246413
NOG,2020-02-28,11.94604,0.39495233545765984,2.26562,0.30908978557745753,1.1670594951522282,Hammer,2020-03-06,12.44036,2020-06-19,8.568193,RSI > 90,15,-0.3112584362510409,-0.31193689857103357,-24582.274289113273,54223.00468335087
NOVT,2018-10-12,64.11,1.708862823569575,4.989999999999995,0.4488977955911818,1.1647446409505102,Hammer,2018-10-19,63.95,2018-10-26,66.0,Profit target (+2%),1,0.03205629397967158,0.031897427878977445,3189.7427847080016,103189.74278470801
NOVT,2020-03-13,83.42,4.99064553380525,16.055000000000007,0.2189349112426035,2.325177565861575,Hammer,2020-03-20,74.24,2020-04-03,78.07,Profit target (+2%),2,0.051589439655172376,0.05145127618021415,5309.243949672029,108498.98673438004
NOW,2020-03-13,57.534,3.7476919009504,10.277999999999999,0.4928974508659275,2.073477969726319,Hammer,2020-03-20,50.202,2020-04-03,55.554,Profit target (+2%),2,0.10660929843432543,0.10639950604497399,10639.950593857448,110639.95059385746
NOW,2025-03-14,168.866,1.0442506124427666,14.268,0.362349313148303,1.0028751301281793,Hammer,2025-03-21,167.8,2025-05-02,191.97,RSI > 90,6,0.14404052443384963,0.1439766395518606,15929.568270757914,126569.51886461538
NPO,2015-07-10,47.80952,0.12426254349989563,3.1843799999999973,0.4903591908000931,1.4042997662583805,Hammer,2015-07-17,48.12533,2015-11-13,45.28145,RSI > 90,17,-0.05909320517906058,-0.059294835501854964,-5929.4835442560125,94070.516455744
NPO,2020-03-13,44.32257,3.118331386561337,8.97643,0.3619701819097341,1.836553157653858,Hammer,2020-03-20,39.92135,2020-05-08,40.50441,Profit target (+2%),7,0.01460521750892707,0.014352927327441633,1350.1872849940087,95420.70374073801
NSA,2018-02-09,15.98012,2.5480021793906786,0.9891500000000004,0.4797250164282481,1.2963948271245107,Hammer,2018-02-16,16.0269,2018-03-02,16.70861,Profit target (+2%),2,0.042535362421928014,0.04189834018425757,4189.834014235923,104189.83401423591
NSC,2020-03-13,129.8454,0.3806691374586251,30.95389999999999,0.49671608424140373,2.6862826306567342,Hammer,2020-03-20,117.1668,2020-04-03,126.7332,Profit target (+2%),2,0.08164770225012541,0.08155887338079644,8155.887329923757,108155.88732992376
NSC,2024-04-26,229.9949,1.4910325765259103,14.39749999999998,0.48135440180586897,1.3903011866855355,Hammer,2024-05-03,230.0428,2024-08-02,238.6194,RSI > 90,13,0.037282627406726165,0.037238347856402045,4027.5465510819813,112183.43388100575
NSIT,2015-07-31,26.99,1.4753099609772136,2.1499999999999986,0.33953488372093066,1.3195828818751298,Hammer,2015-08-07,26.93,2015-10-16,27.23,RSI > 90,10,0.01113999257333842,0.010766660478930823,1076.6660468164164,101076.66604681642
NSIT,2019-08-09,53.16,4.414255124417039,4.480000000000004,0.4174107142857149,1.4648934192014456,Hammer,2019-08-16,51.58,2019-09-27,53.26,RSI > 90,6,0.03257076386196189,0.03237375205970722,3272.230922349231,104348.89696916565
NSIT,2020-02-28,55.09,0.7610428669934493,6.969999999999999,0.49784791965566705,1.9197978171136407,Hammer,2020-03-06,55.35,2020-05-08,51.95,RSI > 90,9,-0.061427280939476026,-0.06160238460843644,-6428.14087813251,97920.75609103314
NSP,2024-02-16,87.39914,1.1413498832612277,5.833559999999991,0.23154643133866865,1.008183018904143,Hammer,2024-02-23,86.79176,2024-03-01,88.93118,Profit target (+2%),1,0.024650035902025635,0.02453340424227817,2453.3404217744765,102453.34042177448
NSSC,2020-03-13,8.322208,1.6200882549241697,2.385973,0.4637194134216943,1.6060354440958693,Hammer,2020-03-20,7.619872,2020-03-27,8.355883,Profit target (+2%),1,0.09659099260460025,0.0952161557597295,9521.615566451335,109521.61556645132
NSSC,2023-08-25,21.86918,4.915515953492147,4.131239999999998,0.41441310599238945,1.0816470779574012,Hammer,2023-09-01,21.7728,2023-09-08,24.24128,Profit target (+2%),1,0.11337448559670782,0.11288927256196676,12363.81549874425,121885.43106519556
NTAP,2020-03-13,34.78263,1.9225605660308815,6.521739999999998,0.3542474861003355,1.6814101374772825,Hammer,2020-03-20,30.80138,2020-04-03,35.51579,Profit target (+2%),2,0.15305840192874487,0.15270895184698766,15270.89516942787,115270.89516942788
NTAP,2022-05-13,65.18625,3.0638903458385442,5.381870000000006,0.49329879762982,1.0051401221550607,Hammer,2022-05-20,65.2961,2022-06-03,66.18405,Profit target (+2%),2,0.013598821369116942,0.013444643352102771,1549.776072880808,116820.6712423087
NTNX,2025-08-29,67.21,4.276309881252615,8.320000000000007,0.39302884615384703,1.5000832675438245,Hammer,2025-09-05,65.9,2025-09-12,72.29,Profit target (+2%),1,0.09696509863429448,0.09680600864881261,9680.60085520066,109680.60085520065
NTRS,2015-08-28,52.64708,3.520721323440668,3.8880999999999943,0.2548262647565645,1.7835507760108136,Hammer,2015-09-04,52.23425,2015-11-06,53.42532,RSI > 90,9,0.022802471558412307,0.022608862110386225,2260.886208777736,102260.88620877774
NTRS,2016-07-01,49.98896,4.4451737748526625,3.816429999999997,0.31526059694531305,1.2471663073428556,Hammer,2016-07-08,49.49084,2016-07-22,51.46035,Profit target (+2%),2,0.03979544497527221,0.039589387714199877,4048.445868068531,106309.33207684626
NTRS,2020-03-13,63.39433,2.179062301593177,11.111719999999998,0.45723254365660726,1.9751963324492428,Hammer,2020-03-20,53.42462,2020-04-03,61.60212,Profit target (+2%),2,0.15306613317979623,0.15286464698794416,16250.938503200294,122560.27058004656
NUE,2015-07-10,33.88416,2.284672920776444,1.641449999999999,0.47143074720521316,1.0870659977186212,Hammer,2015-07-17,34.21245,2015-08-14,35.40836,Profit target (+2%),4,0.034955403661532713,0.03465804728289237,3465.8047248234325,103465.80472482342
NUE,2020-03-13,31.89744,2.885690370020839,5.339970000000001,0.2933331086129701,1.697126638040286,Hammer,2020-03-20,28.25736,2020-04-03,29.54836,Profit target (+2%),2,0.045687212110402387,0.04532530192100014,4689.6188329622455,108155.42355778567
NVDA,2020-03-20,5.123662,3.21870696259262,1.2361370000000003,0.4949702177024064,2.0067687490771706,Hammer,2020-03-27,5.122665,2020-04-03,6.359068,Profit target (+2%),1,0.24135933151982414,0.2391737759779549,23917.37757387811,123917.3775738781
NVR,2018-10-19,2170.0,0.7192840499560873,243.59000000000015,0.46923108501991095,1.365594681355527,Hammer,2018-10-26,2170.87,2018-11-09,2284.0,Profit target (+2%),2,0.052112747423843864,0.05209222629635134,5209.22262494688,105209.22262494688
NVRI,2016-01-22,6.01,3.78430180459749,1.08,0.32407407407407457,1.028562786083267,Hammer,2016-01-29,5.9,2016-02-05,6.35,Profit target (+2%),1,0.07627118644067776,0.07451312447078734,7451.312439627422,107451.3124396274
NVRI,2020-03-20,6.26,1.6794138150605704,2.9299999999999997,0.2935153583617749,1.2085108218309368,Hammer,2020-03-27,6.3,2020-04-17,8.31,Profit target (+2%),3,0.31904761904761925,0.31720856463124514,34084.47655263319,141535.78899226058
NVRI,2023-08-11,7.35,1.8420698583161936,1.29,0.4651162790697678,1.3434163928791563,Hammer,2023-08-18,7.32,2023-09-08,7.44,Profit target (+2%),3,0.016393442622950838,0.015017064846416501,2125.4521192600478,143661.24111152062
NVT,2020-03-13,17.01425,3.789092170099522,4.95951,0.46126129395847576,2.7365894448021546,Hammer,2020-03-20,14.75343,2020-04-17,16.0849,Profit target (+2%),4,0.09024816601969854,0.08954001204735196,8954.001195781195,108954.0011957812
NVT,2024-08-09,62.74378,2.889133388200392,7.222629999999995,0.4492172518874703,1.219426857602101,Hammer,2024-08-16,62.62561,2024-08-23,65.36302,Profit target (+2%),1,0.043710711959532356,0.043547556059249724,4744.680470208163,113698.68166598935
NWBI,2018-10-05,10.97538,1.8033965887340315,0.42777000000000065,0.32835402202118125,1.2540732248796125,Hammer,2018-10-12,10.969,2018-11-23,11.39306,RSI > 90,6,0.038659859604339486,0.03773100054674691,3773.100050901591,103773.1000509016
NWBI,2019-08-16,11.05451,3.438849451271494,0.43925000000000125,0.3333181559476399,1.0621057156468054,Hammer,2019-08-23,11.17431,2019-11-01,11.36731,RSI > 90,10,0.017271759956543065,0.0163695254894979,1698.7164047087335,105471.81645561033
NWBI,2021-07-30,9.858243,3.2993720179821366,0.7073359999999997,0.35602174921112534,1.4755581506937927,Hammer,2021-08-06,9.88787,2021-10-08,10.15973,RSI > 90,9,0.027494293513163015,0.026469568487203405,2791.7934663497317,108263.60992196007
NWE,2019-08-09,51.60263,3.9542455911713574,2.041339999999998,0.2987253470759405,1.1789893148380142,Hammer,2019-08-16,51.56545,2019-08-23,52.88173,Profit target (+2%),1,0.025526394126299756,0.025330009724561224,2533.0009699231214,102533.00096992313
NWL,2016-01-22,24.2638,2.797294498103156,2.1920800000000007,0.26047863216671,1.2450348617995675,Hammer,2016-01-29,24.15222,2016-02-05,25.71424,Profit target (+2%),1,0.06467397199926128,0.06424663102790801,6424.663096366139,106424.66309636614
NWL,2020-03-13,9.838532,0.868058007985482,2.550726000000001,0.49404679295228077,2.01711390984381,Hammer,2020-03-20,8.882009,2020-04-03,10.31679,Profit target (+2%),2,0.16153789080826186,0.16032176855002606,17062.19018788792,123486.85328425407
NWS,2019-05-10,11.21351,2.3433943274674505,0.8948400000000003,0.32291806356443736,1.5707296908782633,Hammer,2019-05-17,10.98048,2019-05-31,11.2508,Profit target (+2%),2,0.024618231625575637,0.023696734234644266,2369.6734210947534,102369.67342109475
NWS,2020-03-13,10.05323,2.8142211550972718,1.62974,0.2848859327254655,1.6936990098036797,Hammer,2020-03-20,8.992007,2020-04-17,9.153087,Profit target (+2%),4,0.017913687122352195,0.01679225102303476,1719.0172515140953,104088.69067260885
NWSA,2019-05-10,11.06912,1.8602415903616532,0.9627300000000005,0.34299336262503594,1.6730150718725942,Hammer,2019-05-17,10.84588,2019-06-28,12.55741,RSI > 90,6,0.15780462258479733,0.1568103232180248,15681.032306121448,115681.03230612146
NWSA,2020-03-13,9.904897,2.8285374373038223,1.6271699999999996,0.39022474603145335,1.7068924988308454,Hammer,2020-03-20,9.990039,2020-05-15,10.19816,RSI > 90,8,0.02083285160348236,0.01982193366128937,2293.021745948391,117974.05405206984
NX,2016-10-21,14.39219,4.791257499861928,1.24296,0.3859577138443715,1.219250780752911,Hammer,2016-10-28,14.52302,2016-11-18,15.70057,Profit target (+2%),3,0.08108162076482706,0.08036539046614756,8036.539038578216,108036.53903857822
NX,2018-12-14,11.9255,4.264375601632096,3.197156999999999,0.2421870430510607,2.547712110979498,Hammer,2018-12-21,11.97016,2019-01-11,13.00639,Profit target (+2%),3,0.08656776517607123,0.08569655854285042,9258.359583228103,117294.89862180634
NX,2025-04-04,17.269,4.273106331855843,3.385119999999999,0.40000059082100525,1.391174258327229,Hammer,2025-04-11,16.39574,2025-04-17,17.32787,Profit target (+2%),1,0.05685196276593807,0.056224902047102863,6594.894179041028,123889.79280084735
NXPI,2015-07-24,80.2283,1.502897351794445,7.79355000000001,0.48004696191081025,1.3406213203929018,Hammer,2015-07-31,79.04639,2015-08-07,85.72912,Profit target (+2%),1,0.08454187471432895,0.08441002745176254,8441.002736735252,108441.00273673526
NXPI,2016-07-01,69.28889,3.325108451427596,5.163110000000003,0.3321854463685664,1.0018134066553839,Hammer,2016-07-08,68.83567,2016-07-15,71.31504,Profit target (+2%),1,0.03601868043123568,0.035870801373664836,3889.8656660406095,112330.86840277587
NXPI,2018-05-04,89.11491,1.7265170590219014,13.809789999999992,0.39189227352479705,3.3008271361952204,Hammer,2018-05-11,88.86609,2018-05-25,101.4851,Profit target (+2%),2,0.14200028379779073,0.14187977215087622,15937.477998558421,128268.3464013343
NXPI,2020-03-20,66.82249,0.7581157288560263,25.800860000000007,0.466032915181897,2.4646467208684673,Hammer,2020-03-27,67.39463,2020-04-03,74.15135,Profit target (+2%),1,0.10025605897680556,0.10010025277586818,12839.693885076493,141108.0402864108
NXRT,2016-02-12,7.476302,4.826233824673366,0.6905289999999997,0.18269326849415427,1.1579198022478079,Hammer,2016-02-19,7.542698,2016-02-26,7.874683,Profit target (+2%),1,0.0440140915094307,0.04266002693801494,4266.002689535491,104266.0026895355
NXST,2015-08-28,35.52694,1.7928239984004932,3.073059999999998,0.42431647933981154,1.0268413103435854,Hammer,2015-09-04,35.41256,2015-09-25,36.72413,Profit target (+2%),3,0.037036859238643194,0.03674928481803953,3674.9284781290244,103674.92847812903
NYT,2016-11-04,10.09606,0.6494631326627598,0.5532060000000012,0.4166621475544382,1.1789449742914664,Hammer,2016-11-11,10.18826,2016-11-18,11.47908,Profit target (+2%),1,0.12669680593153299,0.12565361817514722,12565.36180494936,112565.36180494935
O,2023-03-24,51.69453,0.816497920272397,2.828629999999997,0.4101809002944885,1.2024412620983145,Hammer,2023-03-31,51.98248,2023-04-06,53.53013,Profit target (+2%),1,0.029772531052770113,0.029577313614739413,2957.73135851621,102957.73135851622
OFG,2020-01-31,16.98748,1.531316663005228,1.654799999999998,0.49999999999999895,1.367241244491603,Hammer,2020-02-07,17.16847,2020-02-21,17.65974,Profit target (+2%),2,0.028614663974134036,0.02802403940496586,2802.403937694182,102802.4039376942
OGN,2023-09-29,15.50336,4.7220806520908525,1.6476700000000015,0.49322376446739935,1.2594197528545976,Hammer,2023-10-06,15.38726,2023-12-29,12.75288,RSI > 90,12,-0.171205269814119,-0.1717993329114764,-17179.933273967705,82820.0667260323
OGS,2016-08-19,46.57988,2.551430337821003,2.3459000000000003,0.35554371456583694,1.191799719744393,Hammer,2016-08-26,46.62497,2016-09-30,48.12779,Profit target (+2%),5,0.032232085082306794,0.032014174574849556,3201.417454283539,103201.41745428352
OHI,2020-03-20,13.77899,0.7781824121889116,6.702129000000001,0.16590250650203842,2.8640946904509796,Hammer,2020-03-27,13.56398,2020-04-03,16.73382,Profit target (+2%),1,0.2336954197809198,0.2328723308605363,23287.233062766398,123287.23306276639
OHI,2022-09-30,22.44621,4.275146056169589,1.4309499999999993,0.24999475872672022,1.0356478143830667,Hammer,2022-10-07,22.6441,2022-10-28,23.49659,Profit target (+2%),3,0.037647334184180314,0.03719750453660406,4585.977406571637,127873.21046933804
OI,2016-01-22,12.61371,2.1027858142574587,1.3917200000000012,0.330986117897279,1.0168612842394484,Hammer,2016-01-29,12.4667,2016-02-19,13.01555,Profit target (+2%),3,0.044025283354857336,0.043205817971888376,4320.581792868255,104320.58179286825
OI,2018-05-18,18.25901,2.627560631116907,1.3035200000000025,0.4887228427642081,1.0791159133097838,Hammer,2018-05-25,18.37662,2018-08-03,18.24921,RSI > 90,10,-0.006933266291624718,-0.007475402059230789,-779.838291174723,103540.74350169352
OI,2020-03-13,7.49,1.840678457538587,3.2150000000000007,0.3017107309486782,2.130929243126927,Hammer,2020-03-20,6.61,2020-04-17,7.38,Profit target (+2%),4,0.11649016641452348,0.11489040060468617,11895.837487920788,115436.58098961432
OI,2022-07-15,12.56,4.7726774425549365,1.4700000000000006,0.3469387755102038,1.0018330728190517,Hammer,2022-07-22,12.8,2022-07-29,13.5,Profit target (+2%),1,0.0546875,0.053885201093322815,6220.323373930691,121656.90436354502
OKE,2018-12-28,33.2466,4.44579377042119,2.315590000000004,0.26287468852430745,1.0228039423222157,Hammer,2019-01-04,33.39721,2019-01-11,35.67515,Profit target (+2%),1,0.0682074939792876,0.06789790256393222,6789.790249603431,106789.79024960344
OKE,2020-03-20,13.8344,0.24104388377261898,10.561528,0.4607098518320454,2.2467615684966606,Hammer,2020-03-27,13.52653,2020-04-03,13.76747,Profit target (+2%),1,0.01781240273743534,0.017066806192647752,1822.5606517209258,108612.35090132437
OKE,2023-05-19,50.74884,1.9330617128827754,3.737650000000002,0.3944323304750303,1.1008709051206904,Hammer,2023-05-26,50.5147,2023-06-16,51.50331,Profit target (+2%),3,0.019570738814641997,0.01937085928855468,2103.914564204765,110716.26546552914
OLED,2020-02-28,150.4356,1.7383112868467094,22.784599999999983,0.32266092009515196,1.4172988224844958,Hammer,2020-03-06,152.5862,2020-06-12,158.3769,RSI > 90,14,0.037950351997756204,0.03788357388892682,3788.3573851043247,103788.35738510432
OLLI,2020-03-20,38.78,2.9179971540576446,15.899999999999999,0.37421383647798717,2.150156416697496,Hammer,2020-03-27,38.13,2020-04-03,43.51,Profit target (+2%),1,0.14109624967217393,0.14081552379703674,14081.552365622123,114081.55236562212
OLN,2025-03-07,23.55327,1.0871048382992257,2.9495099999999965,0.4755603473119259,1.042810733606199,Hammer,2025-03-14,23.53397,2025-03-28,24.48961,Profit target (+2%),2,0.04060683344119154,0.04017338056847853,4017.3380528305142,104017.33805283051
OMC,2020-03-13,50.55548,2.841481598641664,7.136109999999995,0.18243272595293497,2.1623747671257374,Hammer,2020-03-20,45.70164,2020-06-12,49.32595,RSI > 90,12,0.07930371864116914,0.07907625675394211,7907.625667486585,107907.62566748657
ON,2021-05-14,37.45,3.9560257606489273,3.5900000000000034,0.3509749303621161,1.063594141684983,Hammer,2021-05-21,36.97,2021-05-28,38.57,Profit target (+2%),1,0.04327833378414936,0.04300202839756596,4300.202835456394,104300.2028354564
ON,2023-11-03,68.25,0.1546241323034394,12.120000000000005,0.4405940594059407,1.443078574777621,Hammer,2023-11-10,68.65,2023-11-24,69.96,Profit target (+2%),2,0.019082301529497192,0.018935255990095167,1974.9510385332655,106275.15387398966
ONB,2020-03-13,12.3692,1.2482701804123622,2.3202599999999993,0.3451983829398432,3.0887525195370698,Hammer,2020-03-20,11.06458,2020-04-17,11.98112,Profit target (+2%),4,0.082835498500621,0.0818947060322073,8189.470595031259,108189.47059503126
ONB,2023-05-05,11.57989,1.9934372884930838,1.6881700000000013,0.44324327526256196,1.6253845971448444,Hammer,2023-05-12,11.70764,2023-06-09,12.32525,Profit target (+2%),4,0.052752732403797964,0.05187643434784985,5612.483962839287,113801.95455787054
ONB,2023-10-27,12.67169,0.8150143829512899,1.7596999999999987,0.338620219355572,1.8863683597673397,Hammer,2023-11-03,12.80203,2023-11-10,13.59343,Profit target (+2%),1,0.061818321000653764,0.06101336531576793,6943.440220144335,120745.39477801489
OPLN,2018-10-26,19.98133,2.6092907428069623,1.3531999999999975,0.4734037836240023,1.6956909216591916,Hammer,2018-11-02,20.15768,2018-11-09,20.87746,Profit target (+2%),1,0.03570748221025433,0.03520266155094474,3520.2661515742075,103520.26615157421
OPLN,2020-03-27,11.8,0.4727785673640881,3.309800000000001,0.3806876548431928,1.5221348279585836,Hammer,2020-04-03,11.73,2020-04-17,14.11,Profit target (+2%),2,0.2028985507246377,0.2019599488708989,20906.94763816683,124427.21378974103
ORA,2023-10-06,66.60519,0.5630648551522341,4.338250000000002,0.42678729902610585,1.2128025750157057,Hammer,2023-10-13,65.85671,2023-12-08,68.33472,Profit target (+2%),8,0.03762729720327651,0.037472607376880955,3747.260733940835,103747.26073394084
ORCL,2025-03-14,147.7726,2.5812924090721197,14.671300000000002,0.21929890330100246,1.0704632306606094,Hammer,2025-03-21,148.8913,2025-05-23,157.275,RSI > 90,9,0.05630752099014513,0.056238469323952434,5623.846926771397,105623.8469267714
ORLY,2017-02-03,17.32275,2.8557451373723524,0.6956699999999998,0.3962654706973159,1.0484113507560648,Hammer,2017-02-10,17.27008,2017-02-17,18.16409,Profit target (+2%),1,0.051766407567307215,0.05117255607499363,5117.255602382107,105117.2556023821
ORLY,2020-03-06,24.53879,3.9867446951032264,1.8830099999999987,0.4769013441245665,1.5204056256882832,Hammer,2020-03-13,23.90412,2020-04-24,24.55946,Profit target (+2%),6,0.027415357687294195,0.026991374002891082,2837.259157284134,107954.51475966623
OSIS,2022-09-09,79.27,4.9741172353043765,5.914999999999992,0.3905325443786991,1.163454931966262,Hammer,2022-09-16,79.97,2022-11-04,81.19,RSI > 90,7,0.015255720895335667,0.015129728040012511,1512.9728024882784,101512.97280248826
OSK,2016-01-29,28.13163,4.3491727403099105,5.2623999999999995,0.45779112192155663,1.8425258276555747,Hammer,2016-02-05,27.4482,2016-02-12,28.03765,Profit target (+2%),1,0.021474996538935143,0.02110682907639179,2110.682905528496,102110.68290552849
OSW,2025-03-14,16.811,4.189726952752977,1.8523800000000001,0.4595493365292218,1.250974439707202,Hammer,2025-03-21,16.9696,2025-03-28,17.69318,Profit target (+2%),1,0.04263977937016805,0.0420381039906685,4203.81039486304,104203.81039486303
OTIS,2023-10-27,72.9874,4.23611931016157,4.582080000000005,0.4100408548082986,1.424531525488553,Hammer,2023-11-03,73.52421,2023-11-10,76.35207,Profit target (+2%),1,0.03846161692862804,0.038323001158315106,3832.3001119992114,103832.30011199923
OZK,2020-03-13,17.23109,0.9232729765758734,3.415749999999999,0.307510795579302,2.12198902946837,Hammer,2020-03-20,11.38583,2020-03-27,14.65725,Profit target (+2%),1,0.2873238051156568,0.2863197853009833,28631.97850146635,128631.97850146634
PAHC,2016-01-15,23.28948,1.422998735341693,3.3756400000000006,0.28057494282565615,1.5420618016860899,Hammer,2016-01-22,23.46757,2016-01-29,24.27708,Profit target (+2%),1,0.03449483691749955,0.03406145982310437,3406.145978904291,103406.14597890429
PAHC,2017-09-15,29.68755,4.011200765812546,1.5777999999999999,0.47368487767777906,1.0123679409575956,Hammer,2017-09-22,29.64603,2017-10-06,30.7671,Profit target (+2%),2,0.03781518132444717,0.03747154820591387,3874.78837996149,107280.93435886578
PANW,2016-01-22,24.74997,0.9105908362038662,3.5716600000000014,0.4115733300482124,1.5902703905104367,Hammer,2016-01-29,24.74164,2016-03-18,26.09164,RSI > 90,7,0.054563885013281244,0.05414876524651442,5414.8765192365645,105414.87651923657
PANW,2018-11-02,30.70664,0.7116513341346007,2.5883400000000023,0.4327097676503087,1.2088546557833793,Hammer,2018-11-09,30.8733,2019-01-18,32.33663,RSI > 90,10,0.04739791340737787,0.047066386426713826,4961.4973084172125,110376.37382765378
PANW,2022-05-13,81.83492,3.1372231563637882,8.249160000000003,0.17759262761299327,1.0257657045564774,Hammer,2022-05-20,81.96992,2022-06-03,84.08324,Profit target (+2%),2,0.02578165258670495,0.025658091523602548,2832.047098881262,113208.42092653505
PARR,2017-08-11,16.85,4.893895420420975,1.3450000000000006,0.2936802973977691,1.5156563904817895,Hammer,2017-08-18,17.0,2017-09-01,17.78,Profit target (+2%),2,0.045882352941176485,0.04528079976477512,4528.079971949432,104528.07997194944
PARR,2020-03-20,7.59,0.37154715625452184,3.670000000000001,0.49046321525885567,1.9011679765180474,Hammer,2020-03-27,7.45,2020-05-08,9.1,Profit target (+2%),6,0.2214765100671141,0.21998658618376926,22994.7754503784,127522.85542232785
PARR,2025-03-07,13.18,0.5279897321489102,2.5650000000000013,0.48538011695906447,1.2968614463282728,Hammer,2025-03-14,13.36,2025-03-21,14.23,Profit target (+2%),1,0.06511976047904189,0.06434717545828665,8205.735544596515,135728.59096692436
PATH,2022-09-09,14.64,3.857724189005168,4.0,0.39250000000000007,1.1334030932205381,Hammer,2022-09-16,14.7,2022-12-09,14.45,RSI > 90,12,-0.017006802721088454,-0.017681060863651902,-1768.1060845970846,98231.8939154029
PATK,2016-11-04,21.80071,2.0196472588259553,2.7300000000000004,0.32373992673992685,1.6218262869639906,Hammer,2016-11-11,22.23279,2016-11-18,24.35394,Profit target (+2%),1,0.09540637949623054,0.09493524311543533,9493.52430205001,109493.52430205
PAYC,2020-03-13,221.5168,2.765988138860209,68.89780000000002,0.4147694120857271,2.5228257347703997,Hammer,2020-03-20,191.9285,2020-04-03,205.0169,Profit target (+2%),2,0.0681941452155359,0.06814026733217492,6814.026726403465,106814.02672640348
PAYC,2021-12-17,397.6589,4.480265606353157,34.23140000000001,0.4968596084296869,1.0770383714984997,Hammer,2021-12-23,391.8429,2021-12-31,414.3543,Profit target (+2%),1,0.057450064809136725,0.05742381163711751,6133.668544805361,112947.69527120884
PAYC,2026-02-13,124.9695,4.8230830595695835,28.21310000000001,0.2785443641428984,2.0958068535379786,Hammer,2026-02-20,124.2315,2026-03-13,136.48,Profit target (+2%),3,0.09859415687647655,0.0985096972306849,11126.443252943998,124074.13852415285
PAYX,2020-03-13,59.91256,1.9157809409069984,10.138919999999992,0.4260946925313543,2.828676298157016,Hammer,2020-03-20,53.25654,2020-04-17,54.88914,Profit target (+2%),4,0.030655389929574728,0.03046475937421259,3046.475934374783,103046.47593437479
PB,2018-10-26,49.72388,3.652524637201566,3.519040000000004,0.39298501864144775,1.2932893837710762,Hammer,2018-11-02,50.21439,2018-11-09,53.32362,Profit target (+2%),1,0.061919103269003184,0.06171381213511355,6171.381207339975,106171.38120733996
PB,2020-03-13,46.58937,2.65390006175555,9.572789999999998,0.11756133791715855,2.553433249322834,Hammer,2020-03-20,40.0713,2020-04-17,44.86932,Profit target (+2%),4,0.11973706867508671,0.1194726060040474,12684.571583205478,118855.95279054545
PB,2025-03-14,68.65437,2.8711269482807182,3.8130799999999994,0.3518231980446269,1.021625922763829,Hammer,2025-03-21,68.65437,2025-05-16,71.50451,RSI > 90,8,0.04151432749291839,0.041365657739067405,4916.554658467901,123772.50744901336
PBF,2016-02-12,21.91474,3.440290435405899,2.738400000000002,0.19230572597137058,1.0065999747009655,Hammer,2016-02-19,22.25328,2016-03-11,24.09913,Profit target (+2%),3,0.08294732282162443,0.08247941889490103,8247.94188124216,108247.94188124216
PBF,2020-03-13,14.43741,2.2139126220615566,5.874226,0.38402506134425207,1.938060331178663,Hammer,2020-03-20,11.32434,2020-05-15,9.456503,RSI > 90,8,-0.1649400318252543,-0.16574990246563348,-17942.08579097937,90305.85609026278
PBF,2025-03-07,20.40155,1.8017119151484735,3.0044699999999978,0.2799994674601508,1.006207986154334,Hammer,2025-03-14,20.61306,2025-05-16,20.66113,RSI > 90,9,0.0023320166923299634,0.0018464394807270195,166.74429785916948,90472.60038812195
PBH,2016-08-12,50.13,2.368553786098772,4.230000000000004,0.2529550827423166,1.5920167345293441,Hammer,2016-08-19,50.21,2016-12-30,51.69,Profit target (+2%),19,0.02947619996016715,0.029274121278502464,2927.4121249228338,102927.41212492285
PCAR,2015-10-02,23.1795,3.40234829656049,1.4069800000000008,0.3481072936360143,1.1336157022328204,Hammer,2015-10-09,23.39322,2015-10-16,24.64436,Profit target (+2%),1,0.05348301772906838,0.05304420592677559,5304.420587373139,105304.42058737313
PCAR,2016-07-01,24.10393,4.93298507104727,1.9900599999999997,0.35280343306232054,1.3237085392017285,Hammer,2016-07-08,24.02024,2016-07-22,25.00132,Profit target (+2%),2,0.040843888320849286,0.04041915918425781,4256.3161342707535,109560.73672164389
PCG,2021-01-29,11.29899,2.577178819464663,1.15165,0.3090174966352632,1.2911550119426487,Hammer,2021-02-05,11.29899,2021-02-12,11.69441,Profit target (+2%),1,0.03499604831936298,0.034095925421023784,3409.5925386927865,103409.5925386928
PCRX,2017-10-27,33.2,2.4921240304818753,4.090499999999999,0.17112822393350346,1.193520891512982,Hammer,2017-11-03,31.85,2017-11-10,35.9,Profit target (+2%),1,0.12715855572998414,0.1268246743054465,12682.467417862183,112682.46741786218
PCRX,2020-03-20,31.43,1.906297244107762,6.57,0.4627092846270927,1.572085819969185,Hammer,2020-03-27,31.22,2020-04-17,35.89,Profit target (+2%),3,0.14958360025624606,0.14923939151321056,16816.662854832262,129499.13027269444
PCRX,2020-10-30,52.3,2.210428075191544,7.263400000000004,0.4396563592807779,1.4823405541238706,Hammer,2020-11-06,52.59,2020-11-20,64.5,Profit target (+2%),2,0.226468910439247,0.2262572487879075,29300.116906626557,158799.247179321
PCTY,2016-01-22,33.28,3.296999978834023,3.799999999999997,0.24736842105263115,1.0825192774202308,Hammer,2016-01-29,33.25,2016-04-22,36.13,RSI > 90,12,0.08661654135338348,0.08630281160727721,8630.28115209744,108630.28115209745
PCTY,2020-03-20,82.25,0.7956401058817164,27.950000000000003,0.45366726296958876,2.0141162543168165,Hammer,2020-03-27,79.35,2020-04-03,92.59,Profit target (+2%),1,0.16685570258349092,0.1667191733350136,18110.75065471705,126741.03180681451
PCTY,2022-05-13,169.98,1.1883081673118454,24.330000000000013,0.3008631319358824,1.1388242737639818,Hammer,2022-05-20,168.74,2022-06-03,177.79,Profit target (+2%),2,0.05363280787009583,0.05357195768763509,6789.765186452116,133530.79699326662
PEB,2016-01-22,18.84017,4.695850734391868,3.0353600000000007,0.3050412471667287,1.522296287654432,Hammer,2016-01-29,18.7194,2016-02-05,19.25884,Profit target (+2%),1,0.028817162943256758,0.02827540535344255,2827.540532516715,102827.54053251671
PEB,2020-03-20,8.350393,0.3600341472894968,4.662057,0.34599169422424475,1.8973896886856896,Hammer,2020-03-27,8.370065,2020-04-03,10.31736,Profit target (+2%),1,0.23264992565768616,0.23131701067394708,23785.759267150133,126613.29979966683
PEB,2021-05-14,22.54193,4.700982243155579,2.3341299999999983,0.45031767725019556,1.1871013331789224,Hammer,2021-05-21,22.32481,2021-06-18,24.23949,Profit target (+2%),4,0.08576467168141644,0.0852976357613434,10799.815118053939,137413.11491772076
PEN,2020-12-18,182.0,2.432005628890579,32.379999999999995,0.42835083384805456,1.1806753544289796,Hammer,2020-12-24,179.81,2020-12-31,189.64,Profit target (+2%),1,0.054668817084700505,0.054611684231015076,5461.16841764034,105461.16841764034
PEN,2022-11-04,162.03,2.6709237546776308,30.950000000000017,0.44200323101777056,1.4918230286066447,Hammer,2022-11-11,163.8,2022-11-18,195.13,Profit target (+2%),1,0.19126984126984126,0.1912029547327613,20164.486990857717,125625.65540849805
PENN,2016-09-16,13.35,3.710437142919517,1.0199999999999996,0.49019607843137275,1.1234496912625052,Hammer,2016-09-23,13.52,2016-10-14,14.39,RSI > 90,3,0.06434911242603558,0.06358595194085043,6358.595187726447,106358.59518772646
PEP,2017-10-06,85.0732,1.631932431690899,3.698830000000001,0.224998175098611,1.8602329092205425,Hammer,2017-10-13,85.21961,2017-11-24,88.42527,RSI > 90,6,0.03761645940412062,0.03749691550363201,3749.6915466135106,103749.6915466135
PFE,2016-01-29,18.46451,3.9875412805862567,0.8629699999999971,0.3649141916868473,1.0312954277864417,Hammer,2016-02-05,18.37367,2016-04-15,19.89185,RSI > 90,10,0.08262802151121695,0.08206143317225909,8206.143309019764,108206.14330901977
PFE,2021-10-01,34.0795,4.818892594410755,1.9290300000000045,0.4938285044815258,1.1622585121675089,Hammer,2021-10-08,34.0795,2021-11-12,38.92723,RSI > 90,5,0.14224768555876688,0.141933430151535,15358.069067959674,123564.21237697946
PFG,2016-02-05,25.13152,3.544238694434938,3.4853699999999996,0.2713026163649779,1.718013540439258,Hammer,2016-02-12,24.59899,2016-02-26,25.76647,Profit target (+2%),2,0.047460485166261,0.04704440214778176,4704.440210073735,104704.44021007375
PFG,2024-12-20,73.74799,4.99452187914504,4.436329999999998,0.40214997531743596,1.1314809151475083,Hammer,2024-12-27,73.27097,2025-01-24,77.9458,Profit target (+2%),4,0.06380193956760771,0.06366111564268613,6665.601469850619,111370.04167992438
PFGC,2019-10-25,42.53,1.7914010797960032,2.1999999999999957,0.46363636363636274,1.1463710447786974,Hammer,2019-11-01,42.7,2019-11-15,43.97,Profit target (+2%),2,0.029742388758782212,0.02950474183350886,2950.4741804004116,102950.47418040042
PFGC,2020-03-20,15.95,0.18783778916723293,14.010000000000002,0.3904354032833692,2.7853671653136964,Hammer,2020-03-27,15.88,2020-04-03,25.2,Profit target (+2%),1,0.5869017632241813,0.5860875039345295,60337.98638092911,163288.4605613295
PFS,2017-02-03,17.2772,4.867109240418316,0.800410000000003,0.4308916680201419,1.1958467748575392,Hammer,2017-02-10,17.14705,2017-03-03,17.48231,Profit target (+2%),3,0.0195520512274705,0.018963330913797392,1896.3330894834062,101896.33308948339
PG,2023-10-06,135.1554,2.349484700689146,4.727499999999992,0.47619249074564046,1.0899441443653481,Hammer,2023-10-13,134.4706,2023-10-27,139.5667,Profit target (+2%),2,0.03789750324606267,0.037821731228564984,3782.173119074325,103782.17311907432
PH,2022-02-25,282.7885,3.377682815537,20.744899999999973,0.19304985803739685,1.1734073305191897,Hammer,2022-03-04,278.3188,2022-07-29,255.3734,RSI > 90,21,-0.08244286767548581,-0.0824773159895058,-8247.73159070285,91752.26840929715
PI,2020-03-20,14.1,2.757138652456945,4.839899999999998,0.45662100456621,1.1383835088927376,Hammer,2020-03-27,14.46,2020-04-03,15.63,Profit target (+2%),1,0.08091286307053935,0.08019357068786716,8019.357060767361,108019.35706076736
PII,2025-04-11,32.55222,2.1187333862593363,6.15108,0.48686084394935536,1.180234147435815,Hammer,2025-04-17,33.03707,2025-05-16,37.75258,Profit target (+2%),4,0.1427339046713283,0.1424096613801738,14240.966123776416,114240.96612377641
PINS,2020-03-20,12.21,1.1501548558936037,3.51,0.3988603988603985,1.1633464783859861,Hammer,2020-03-27,12.12,2020-04-03,14.88,Profit target (+2%),1,0.22772277227722793,0.22680412371134034,22680.412348453625,122680.41234845362
PJT,2016-04-01,20.91699,4.182365070956166,5.83521,0.4861538830650482,2.34188068044074,Hammer,2016-04-08,20.77335,2016-04-22,21.18631,Profit target (+2%),2,0.019879316528147672,0.019393262698914965,1939.3262679521704,101939.32626795217
PK,2019-08-09,15.84357,1.4168064029940268,0.8505900000000004,0.27546761659554025,1.0186272587899445,Hammer,2019-08-16,15.79863,2019-09-20,16.58182,RSI > 90,5,0.04957328578490672,0.04892483562320829,4892.483557428344,104892.48355742834
PK,2020-03-20,4.473751,0.5036515551343541,2.7176359999999997,0.33415218226429144,1.6525047340462753,Hammer,2020-03-27,4.507137,2020-04-03,5.770768,Profit target (+2%),1,0.28036223438515395,0.2778353139543416,29142.83607148588,134035.3196289142
PLAY,2020-03-20,7.76,0.4706878673226669,6.094999999999999,0.48236259228876127,1.159387319119748,Hammer,2020-03-27,8.21,2020-04-03,14.05,Profit target (+2%),1,0.7113276492082825,0.7096774193548389,70967.74186451614,170967.74186451614
PLD,2015-07-02,27.67678,2.999469764083173,1.0069599999999994,0.34782910939858513,1.0356458475288637,Hammer,2015-07-10,27.44328,2015-07-17,28.36268,Profit target (+2%),1,0.03350182631230658,0.033131402040492204,3313.1402007360803,103313.14020073607
PLD,2018-12-28,47.86763,1.3703534312684695,3.109880000000004,0.13684129291162483,1.2601147489785882,Hammer,2019-01-04,47.96584,2019-01-18,50.64198,Profit target (+2%),2,0.05579262241628613,0.055578347179244675,5741.973568512516,109055.1137692486
PLNT,2023-06-02,63.71,3.6845538340632515,6.659999999999997,0.4759759759759754,1.1732198785490466,Hammer,2023-06-09,66.65,2023-06-23,69.9,Profit target (+2%),2,0.048762190547636974,0.04860850648863548,4860.850644002698,104860.85064400271
PLXS,2015-07-17,39.71,0.680765272417915,3.1798999999999964,0.3868046164973736,1.660556018364753,Hammer,2015-07-24,39.74,2015-10-16,40.45,RSI > 90,12,0.017866129843985945,0.017612278273996803,1761.227825638452,101761.22782563846
PMT,2017-11-10,6.113107,1.5111747247485567,0.22379800000000039,0.4774796915075195,1.0411979983035466,Hammer,2017-11-17,6.084881,2017-12-01,6.399407,Profit target (+2%),2,0.05168975366979245,0.05000524640793474,5000.524635792948,105000.52463579294
PMT,2022-02-25,9.491964,3.804769330912279,0.6243119999999998,0.0970876741116622,1.0736367274206209,Hammer,2022-03-04,9.413167,2022-03-18,9.940498,Profit target (+2%),2,0.05602057203489541,0.054929053604592104,5767.579440462185,110768.10407625513
PMT,2023-10-06,8.808354,4.239284643246975,0.6835339999999999,0.48648640740621574,1.1834973708950245,Hammer,2023-10-13,8.786186,2023-11-03,9.51533,Profit target (+2%),3,0.0829875443110355,0.08180284207386801,9061.145715510527,119829.24979176564
PNC,2015-08-28,65.1863,1.2724523402093695,6.3592900000000085,0.44606709239553494,2.451080544853212,Hammer,2015-09-04,64.83618,2015-11-13,68.61311,Profit target (+2%),10,0.05825343195728072,0.05809471696844521,5809.471691035049,105809.47169103504
PNC,2020-03-13,85.72988,0.976759649604503,14.496660000000006,0.35268123829902903,1.9518029807302386,Hammer,2020-03-20,73.06833,2020-04-03,79.55136,Profit target (+2%),2,0.08872558056274182,0.08858266073271867,9372.884523742276,115182.3562147773
PNFP,2020-03-13,40.30914,2.16279604606423,10.044709999999995,0.4953582532497206,2.6590086506912316,Hammer,2020-03-20,37.98469,2020-04-17,41.8121,Profit target (+2%),4,0.10076191223358677,0.10048542117611384,10048.54210756284,110048.54210756284
PNR,2020-03-13,32.97387,2.41013362421036,4.797369999999997,0.42802410487412923,2.066223866580861,Hammer,2020-03-20,29.4472,2020-04-17,30.05493,Profit target (+2%),4,0.020637955391344498,0.02029491854598292,2029.4918525688004,102029.4918525688
PODD,2020-03-20,142.6,1.4820895117992592,35.91,0.39849624060150385,2.172723588001607,Hammer,2020-03-27,143.28,2020-04-03,178.27,Profit target (+2%),1,0.24420714684533795,0.24412883414174555,24412.88338976167,124412.88338976167
POST,2017-05-12,52.84943,2.2620075951844996,3.5595,0.42279533642365635,1.4614203387495868,Hammer,2017-05-19,53.12425,2017-06-16,54.74043,Profit target (+2%),4,0.03042264126081773,0.03023155794595255,3023.1557915720996,103023.1557915721
POWL,2020-03-20,17.56833,0.004223753975125533,6.334399999999999,0.3839779616064662,2.0546071158738237,Hammer,2020-03-27,18.05828,2020-04-03,22.24913,Profit target (+2%),1,0.2320735972639698,0.23145574890053197,23145.57486690762,123145.57486690761
POWL,2021-08-13,24.81539,0.8333253381691179,2.5208900000000014,0.4010885044567587,1.1543472124763905,Hammer,2021-08-20,24.76049,2021-10-22,24.50555,RSI > 90,9,-0.010296242117987187,-0.010697951060124446,-1317.4053318796632,121828.16953502796
PPG,2020-03-20,70.80639,0.21205060235050155,16.684620000000002,0.47032176939001363,2.4223935755254664,Hammer,2020-03-27,69.61622,2020-04-03,76.25098,Profit target (+2%),1,0.09530480109376804,0.09515432220234,9515.432210718569,109515.43221071856
PPG,2022-03-11,110.3156,0.33108273899449614,11.088400000000007,0.2627250099202772,1.3165280732507663,Hammer,2022-03-18,111.9121,2022-03-25,119.7387,Profit target (+2%),1,0.06993524382082006,0.06984276754848015,7648.86086721569,117164.29307793426
PPL,2017-12-15,23.56238,0.5896204344462603,1.0334900000000005,0.49664728250877893,1.403575194678779,Hammer,2017-12-22,23.59706,2018-05-04,20.56602,RSI > 90,19,-0.12844990011467516,-0.1288463803583245,-12884.638022947809,87115.3619770522
PPL,2022-10-14,21.76181,2.9684717348802394,1.4300599999999974,0.35714585402011056,1.0491658727087323,Hammer,2022-10-21,22.09934,2022-10-28,22.98758,Profit target (+2%),1,0.04019305553921515,0.03973156402769766,3461.229578726078,90576.59155577829
PRA,2017-09-08,43.24104,2.2809301556332713,2.4767200000000003,0.1639345586097763,1.49040242690049,Hammer,2017-09-15,43.44405,2017-10-06,44.71226,Profit target (+2%),3,0.02919179956748974,0.028958285624196726,2895.828559523844,102895.82855952384
PRA,2022-09-30,19.40106,1.018083644319816,1.8069400000000009,0.36161687715142743,1.2480986874131914,Hammer,2022-10-07,19.47067,2022-10-21,20.31592,Profit target (+2%),2,0.0434114491180837,0.042886842917342446,4412.877231869221,107308.70579139306
PRA,2024-07-12,11.35,1.3636689252791712,1.1300000000000008,0.47787610619469073,1.172663149428977,Hammer,2024-07-19,11.49,2024-08-02,11.8,Profit target (+2%),2,0.026979982593559715,0.02609830361026538,2800.575180967844,110109.2809723609
PRAA,2023-04-21,37.8,4.935497419370179,2.3599999999999994,0.4576271186440702,1.0789559000625868,Hammer,2023-04-28,37.94,2023-08-04,23.48,RSI > 90,14,-0.3811280969952556,-0.3813414152062194,-38134.14148248781,61865.858517512184
PRDO,2025-03-07,24.83788,3.970888544585705,2.28744,0.40772654146119786,1.4121037420563385,Hammer,2025-03-14,24.55318,2025-04-17,25.51528,Profit target (+2%),5,0.0391843337604334,0.03876915960384685,3876.915956507769,103876.91595650776
PRG,2018-05-04,33.71498,2.8101833506637632,2.7413200000000018,0.44970671063575235,1.0583190548387507,Hammer,2018-05-11,33.73932,2018-06-22,35.56415,RSI > 90,6,0.05408615229945357,0.05378179201714539,5378.179196336359,105378.17919633636
PRG,2020-03-13,24.54847,1.8382660331919425,6.416170000000001,0.4850791048242179,1.4770735140777134,Hammer,2020-03-20,22.58492,2020-05-08,24.18558,Profit target (+2%),7,0.07087295416587702,0.0704145919950138,7420.161485867315,112798.34068220369
PRG,2022-03-11,26.67194,0.19457303910023427,3.8432899999999997,0.4246335821652808,1.0334680345594436,Hammer,2022-03-18,26.87473,2022-03-25,29.9649,Profit target (+2%),1,0.11498422495779503,0.11459080876184405,12925.653072842088,125723.99375504577
PRGO,2015-10-02,123.8173,1.6757980144851246,9.282700000000006,0.2821592855526953,1.112320108221683,Hammer,2015-10-09,124.734,2015-10-23,128.0465,Profit target (+2%),2,0.026556512258085307,0.02647528038544503,2647.528035896975,102647.52803589698
PRGS,2020-03-13,30.38305,0.6379797642132274,5.537400000000002,0.3463159605591071,1.8970937564061392,Hammer,2020-03-20,26.8196,2020-03-27,28.52631,Profit target (+2%),1,0.06363666870497675,0.06325201494150878,6325.201487825678,106325.20148782567
PRI,2015-05-08,40.36169,1.3487880316271514,2.3006700000000038,0.0830149478195478,1.2467935969704447,Hammer,2015-05-15,40.17937,2015-06-26,40.86004,RSI > 90,6,0.016940783292520578,0.016689822435937147,1668.9822419247325,101668.98224192474
PRI,2022-02-25,123.2727,3.532522193336277,9.475200000000001,0.4776152482269497,1.130528179717786,Hammer,2022-03-04,120.4349,2022-03-25,126.2709,Profit target (+2%),3,0.04845771449970071,0.0483726738398155,4918.000512696619,106586.98275462136
PRI,2024-04-19,208.7051,3.1317405001321816,38.8459,0.24347228407631238,3.172829586295541,Hammer,2024-04-26,210.5394,2024-05-17,217.2556,Profit target (+2%),3,0.031899967417025055,0.03185171393777275,3394.9780807955394,109981.96083541689
PRIM,2017-03-24,21.22338,3.6504551619579786,1.6129799999999967,0.41762452107279757,1.0437862219354916,Hammer,2017-03-31,20.91887,2017-04-07,21.46873,Profit target (+2%),1,0.026285358625967925,0.025801154375361804,2580.1154349560657,102580.11543495605
PRK,2023-05-05,95.62477,2.1439726941108432,9.670159999999996,0.46398715222912545,1.320567830300611,Hammer,2023-05-12,94.9011,2023-06-09,96.04134,Profit target (+2%),4,0.01201503459917741,0.01190903429811156,1190.9034286202527,101190.90342862025
PRKS,2017-08-11,12.76,0.6215959625294971,3.040000000000001,0.45394736842105277,2.23799349380514,Hammer,2017-08-18,12.8,2017-08-25,13.4,Profit target (+2%),1,0.046875,0.046075751659508044,4607.575161343229,104607.57516134322
PRKS,2020-03-20,9.75,0.7521126149428596,5.630000000000001,0.46714031971580827,1.5329667954860131,Hammer,2020-03-27,9.59,2020-04-03,12.82,Profit target (+2%),1,0.33680917622523476,0.33559145388223055,35105.40820038447,139712.98336172767
PRKS,2021-07-09,49.54,3.503901439023238,5.93,0.3119730185497473,1.3345419656065873,Hammer,2021-07-16,48.75,2021-08-13,51.98,Profit target (+2%),4,0.06625641025641027,0.06604450825556357,9227.275273815765,148940.25863554343
PRU,2016-01-22,44.06766,4.637480715774402,4.086999999999996,0.2592586249082459,1.359542652776837,Hammer,2016-01-29,43.8469,2016-03-11,45.13187,Profit target (+2%),6,0.029305834620007465,0.029074452874333905,2907.4452845259448,102907.44528452595
PSA,2018-02-09,133.6756,1.104657279945414,8.0351,0.40621771975457804,1.410747662956912,Hammer,2018-02-16,134.0112,2018-03-02,140.0251,Profit target (+2%),2,0.04487609990806751,0.0447998077844321,4479.980773963229,104479.98077396322
PSA,2025-11-21,263.8835,4.848341809408311,12.611099999999965,0.4534100911102106,1.0471222227521861,Hammer,2025-11-28,264.7549,2026-01-16,275.5056,Profit target (+2%),7,0.04060623618297532,0.040567699262614984,4238.512434763423,108718.49320872665
PSKY,2021-12-03,27.88192,0.2966716249589183,3.4908499999999982,0.4421587865419593,1.2034499549957263,Hammer,2021-12-10,27.91719,2022-01-14,33.06123,RSI > 90,5,0.1842606652030523,0.18386953172369364,18386.95315398241,118386.9531539824
PSMT,2015-08-28,75.67625,2.563066170739063,6.18432,0.43651848546000116,1.3783041145757045,Hammer,2015-09-04,75.24397,2015-11-06,75.76447,RSI > 90,9,0.006917497840690734,0.006784146015553424,678.4146008769278,100678.41460087693
PSMT,2025-01-17,85.82285,3.110824675296186,5.500330000000005,0.4888288520870568,1.093738519376249,Hammer,2025-01-24,86.57982,2025-01-31,88.80157,Profit target (+2%),1,0.025661291511116513,0.02554431596670174,2571.7612310196373,103250.17583189656
PSTG,2020-03-20,9.73,0.7007676157675888,3.130000000000001,0.42492012779552707,1.7567517033786266,Hammer,2020-03-27,9.69,2020-04-03,12.58,Profit target (+2%),1,0.29824561403508776,0.2970603403816401,29706.034008457973,129706.03400845797
PSTG,2022-05-13,26.59,1.3471974879767856,2.8500000000000014,0.1789473684210531,1.0073462156676518,Hammer,2022-05-20,26.25,2022-06-10,28.31,Profit target (+2%),3,0.07847619047619037,0.07808036564463919,10127.494551568907,139833.52856002687
PSX,2019-05-10,65.30546,1.6371624171807042,3.7517599999999973,0.41140957843785286,1.0057266399338893,Hammer,2019-05-17,64.51411,2019-06-28,68.80284,RSI > 90,6,0.06647739541008946,0.06631725081142634,6631.725074510909,106631.7250745109
PTC,2026-02-06,155.72,2.1666377342972254,12.740000000000009,0.4246467817896384,1.3342878302737342,Hammer,2026-02-13,155.23,2026-03-13,161.35,RSI > 90,4,0.039425368807575856,0.039359680484426764,3935.968044506709,103935.9680445067
PTCT,2020-03-20,39.54,2.1224833941138144,11.327699999999997,0.22776026907492244,2.007903719411926,Hammer,2020-03-27,40.33,2020-04-09,43.74,Profit target (+2%),2,0.08455244235060766,0.0842940374364696,8429.403735217558,108429.40373521755
PTGX,2019-08-09,9.42,2.7008288247522643,2.1500000000000004,0.4604651162790698,1.507128299661127,Hammer,2019-08-16,9.33,2019-08-23,10.31,Profit target (+2%),1,0.105037513397642,0.10391001606855908,10391.001596464906,110391.0015964649
PTGX,2023-07-07,23.16,2.904012146166423,10.16,0.35925196850393687,3.103978801159999,Hammer,2023-07-14,23.06,2023-12-08,18.32,RSI > 90,21,-0.20555073720728534,-0.20593973553002382,-22733.893650936523,87657.10794552839
PVH,2015-10-02,99.8758,2.0092297113595805,8.143269999999987,0.37484941552963363,1.3071115691795048,Hammer,2015-10-09,100.2598,2016-03-04,78.68006,RSI > 90,21,-0.21523821112749075,-0.21532721353854994,-21532.721332322275,78467.27866767773
PVH,2022-03-11,71.98449,2.7597730554740423,12.113799999999998,0.4712443659297666,1.2265991305530333,Hammer,2022-03-18,72.42124,2022-03-25,82.74445,Profit target (+2%),1,0.1425439553368597,0.14239604320202184,11173.429991934296,89640.70865961204
PWR,2020-03-13,32.012,2.410099932585382,6.372800000000002,0.45820361536530246,2.6693189289195005,Hammer,2020-03-20,28.72695,2020-04-03,29.45696,Profit target (+2%),2,0.025412025989532516,0.025059559131907203,2505.9559106847646,102505.95591068476
PYPL,2018-10-12,78.60972,2.6319720260902244,8.186229999999995,0.46901565189348554,1.7122595050248677,Hammer,2018-10-19,78.46052,2018-10-26,84.40871,Profit target (+2%),1,0.07581124876562129,0.07567897338856608,7567.897331288712,107567.89733128871
QLYS,2016-02-12,20.74,1.6791644198036408,6.5625,0.4243809523809524,1.652132474507342,Hammer,2016-02-19,21.1,2016-02-26,23.15,Profit target (+2%),1,0.09715639810426535,0.09665955934612627,9665.955924946673,109665.95592494667
QLYS,2021-05-07,97.93,3.7567297819239514,10.959999999999994,0.4589416058394151,1.1295402714360843,Hammer,2021-05-14,98.14,2021-06-18,102.76,Profit target (+2%),5,0.04707560627674745,0.046971317947934306,5151.154478663666,114817.11040361034
QLYS,2026-02-27,92.47,2.1863723912796047,11.774999999999991,0.39405520169851416,1.1534781240663896,Hammer,2026-03-06,92.435,2026-03-13,97.32,Profit target (+2%),1,0.05284794720614472,0.05273691042838594,6055.099660946198,120872.21006455652
QNST,2019-08-16,11.55,3.3520571157531123,1.9900000000000002,0.2964824120603014,1.3115223089070605,Hammer,2019-08-23,11.74,2019-09-20,12.87,Profit target (+2%),4,0.09625212947189099,0.09535972754363545,9535.972744827573,109535.97274482757
QNST,2022-05-06,9.49,3.7742572374626775,1.6900000000000013,0.2899408284023668,1.1671054971578236,Hammer,2022-05-13,9.26,2022-05-20,10.08,Profit target (+2%),1,0.08855291576673863,0.08742579600647596,9576.269598983938,119112.2423438115
QTWO,2019-10-04,75.01,2.277719469749684,9.619699999999995,0.49949582627316813,1.7335701138044735,Hammer,2019-10-11,74.94,2019-10-18,77.59,Profit target (+2%),1,0.035361622631438605,0.03522583227700327,3522.5832241777443,103522.58322417775
QTWO,2020-03-20,55.31,0.46764689301512874,14.07,0.42146410803127216,1.889803299256367,Hammer,2020-03-27,55.31,2020-04-03,59.24,Profit target (+2%),1,0.07105405894051708,0.07086685347554912,7336.319729421824,110858.90295359958
R,2020-03-13,25.85402,2.380013767950615,6.902249999999999,0.44462747654750295,1.8571537324369582,Hammer,2020-03-20,20.71502,2020-03-27,22.01233,Profit target (+2%),1,0.06262653861787237,0.06212880103397579,6212.8800971846995,106212.8800971847
R,2020-03-27,22.17135,3.4637842472373137,4.628450000000001,0.4773952403072306,1.1673634822198133,Hammer,2020-04-03,22.17972,2020-04-17,26.38968,Profit target (+2%),2,0.18981123296416724,0.18931769253792702,20107.97735769854,126320.85745488324
RAMP,2015-05-22,17.0,3.8772629853541787,1.6610000000000014,0.4099939795304036,1.3412531052946781,Hammer,2015-05-29,16.96,2015-06-12,17.67,Profit target (+2%),2,0.04186320754716988,0.041261420571765385,4126.1420530503965,104126.14205305041
RAMP,2020-03-13,29.07,0.45942543120865764,9.929999999999996,0.43303121852970783,2.402318919138022,Hammer,2020-03-20,26.77,2020-03-27,28.94,Profit target (+2%),1,0.08106088905491227,0.08067226890756318,8400.092123610713,112526.23417666112
RBA,2017-06-23,24.35432,4.070319117565006,1.782429999999998,0.44075784182267963,1.1424214129179653,Hammer,2017-06-30,24.4219,2017-09-08,25.31705,RSI > 90,10,0.03665357732199359,0.03623668987878107,3623.6689842544383,103623.66898425443
RBC,2016-01-22,57.1,4.814405646759695,4.969999999999999,0.4527162977867204,1.2417498701800347,Hammer,2016-01-29,56.74,2016-02-05,58.68,Profit target (+2%),1,0.03419104688050756,0.03401180720768344,3401.180717367163,103401.18071736716
RDN,2016-01-29,8.258352,1.4851125796251097,0.8044919999999998,0.21428553671136485,1.0632787447525118,Hammer,2016-02-05,8.233725,2016-02-12,8.627762,Profit target (+2%),1,0.047856468366383575,0.04661364470837421,4661.364466176057,104661.36446617606
RDNT,2022-05-13,17.87,1.1764345191017043,2.719999999999999,0.4742647058823528,1.0696844187072514,Hammer,2022-05-20,17.74,2022-05-27,19.04,Profit target (+2%),1,0.07328072153325826,0.07269653423499584,7269.65341622993,107269.65341622992
RDNT,2025-02-28,55.47,3.6579284200165603,15.219999999999999,0.4132720105124835,2.2878232354516466,Hammer,2025-03-07,55.26,2025-05-23,60.03,RSI > 90,11,0.08631921824104238,0.08613046231792279,9239.184832184044,116508.83824841397
REG,2022-05-13,57.59399,4.6761493237236635,3.9066100000000006,0.11509211311085646,1.1544425259999556,Hammer,2022-05-20,57.67035,2022-08-05,54.70451,RSI > 90,11,-0.0514274666271316,-0.051596392566321536,-5159.639251472514,94840.3607485275
REGN,2017-12-01,370.9639,0.61265909335782,30.657100000000014,0.34117056081625396,1.120461850386425,Hammer,2017-12-08,372.9803,2017-12-22,388.2868,Profit target (+2%),2,0.04103836047104914,0.041010999629207956,4101.0999588196955,104101.09995881969
REX,2018-02-09,12.78499,3.1699499702262557,1.0791699999999995,0.3822382015808444,1.231202911073188,Hammer,2018-02-16,12.93665,2018-02-23,13.54665,Profit target (+2%),1,0.04715285641955225,0.04636193993810672,4636.193989174479,104636.19398917448
REX,2018-10-26,11.83665,4.419716013327061,1.045,0.39872727272727265,1.248644925540939,Hammer,2018-11-02,11.93832,2018-11-09,12.37999,Profit target (+2%),1,0.03699599273599641,0.03614321645907505,3781.888605022612,108418.08259419708
REX,2020-03-13,8.313325,2.998678998723932,4.593325,0.41690823096558577,3.63940824471618,Hammer,2020-03-20,6.983326,2020-03-27,7.666659,Profit target (+2%),1,0.0978520836632859,0.09635111470186135,10446.203101343159,118864.28569554025
REXR,2018-12-28,24.19536,1.0142542199805007,1.4378600000000006,0.3623231747179824,1.3149235634077543,Hammer,2019-01-04,24.28676,2019-01-18,25.53308,Profit target (+2%),2,0.0513168491803766,0.050894624349985436,5089.462429909081,105089.4624299091
REXR,2023-10-06,44.15662,2.2427779947783364,3.067700000000002,0.42388108354793647,1.1620826462389588,Hammer,2023-10-13,43.76286,2023-10-20,45.09067,Profit target (+2%),1,0.030341024329762822,0.030109080041838914,3164.147032691809,108253.60946260091
REXR,2024-02-09,48.54623,1.5435187640510861,3.972380000000001,0.1900674155040559,1.4744702713386069,Hammer,2024-02-16,48.73061,2024-07-19,46.47133,RSI > 90,22,-0.0463626455732854,-0.04656307779875947,-5040.621234362989,103212.98822823794
REXR,2025-04-11,31.43786,2.439228337155612,5.0107099999999996,0.455600104575998,1.9979886652241097,Hammer,2025-04-17,31.93119,2025-05-09,33.0146,Profit target (+2%),3,0.033929521574360466,0.03361108510439108,3469.1005277487193,106682.08875598667
REZI,2020-03-20,5.11,2.903748460601875,2.4400000000000004,0.4795081967213114,1.4963952171872876,Hammer,2020-03-27,5.08,2020-04-03,5.39,Profit target (+2%),1,0.061023622047243986,0.05899705014749257,5899.705008849551,105899.70500884956
RF,2016-01-15,5.680024,4.554320501486728,1.260688,0.38461538461538425,2.7987617959189723,Hammer,2016-01-22,5.75622,2016-03-11,5.728513,RSI > 90,7,-0.004813401850519816,-0.006544967906103117,-654.4967899558151,99345.50321004417
RF,2020-03-20,6.462326,0.49994006303261074,1.8229080000000009,0.43347607229766943,1.7962398490966534,Hammer,2020-03-27,6.360619,2020-04-03,7.463751,Profit target (+2%),1,0.1734315480930395,0.17172438375592383,17060.045300606944,116405.54851065113
RGEN,2024-06-21,125.32,1.5013390194481246,16.360000000000014,0.2775061124694387,1.075511699508542,Hammer,2024-06-28,124.71,2024-08-02,140.41,Profit target (+2%),5,0.12589206960147536,0.12580683959427508,12580.683946846824,112580.68394684682
RGLD,2019-11-08,105.6347,3.4729628543888538,7.311410000000009,0.16538533607060857,1.038304561436931,Hammer,2019-11-15,105.2719,2019-11-29,108.3509,Profit target (+2%),2,0.02924807094770765,0.029151694246316133,2915.169421716444,102915.16942171643
RGLD,2022-06-17,104.1162,4.021692249419715,9.573530000000005,0.46574252130614247,1.2115407612436535,Hammer,2022-06-24,103.6287,2022-07-08,105.4753,Profit target (+2%),2,0.01781938787227877,0.01772203443474477,1823.8661745253844,104739.03559624183
RH,2016-01-22,63.74,0.24552109913530273,8.619999999999997,0.2064965197215771,1.2434726022730285,Hammer,2016-01-29,63.78,2016-08-26,34.18,RSI > 90,30,-0.4640953276889307,-0.4642157247001647,-46421.572423594895,53578.427576405105
RHI,2015-05-01,42.14996,2.7245731492715635,1.8962199999999996,0.4370062545485226,1.0692517404883508,Hammer,2015-05-08,42.15742,2016-03-24,32.82807,RSI > 90,46,-0.2212979352152007,-0.2215088697470402,-22150.886952553134,77849.11304744687
RHI,2020-03-06,40.36763,3.1086469831646895,4.690089999999998,0.4824555605542753,1.7908660856663152,Hammer,2020-03-13,37.71814,2020-03-20,34.42686,Profit target (+2%),1,-0.0872598701844789,-0.08751339363584262,-6812.840067509587,71036.27297993729
RJF,2016-02-05,24.95999,0.6223704798243404,2.4557400000000023,0.2646330637608213,1.2863571236202251,Hammer,2016-02-12,24.62067,2016-02-26,25.44883,Profit target (+2%),2,0.03363677755316985,0.03322386761456642,3322.3867581342556,103322.38675813426
RJF,2020-03-13,44.02477,4.073930921990268,8.35698,0.4610337705726227,2.034977769161141,Hammer,2020-03-20,36.48341,2020-03-27,36.89121,Profit target (+2%),1,0.011177683226430979,0.01090209192453168,1126.4301571727642,104448.81691530703
RJF,2020-03-27,37.52423,4.0547259820367145,6.920529999999999,0.4371153654416641,1.47087988170244,Hammer,2020-04-03,37.38423,2020-04-17,42.06919,Profit target (+2%),2,0.12531915195257448,0.12503493653118816,13059.751180703359,117508.56809601038
RMD,2024-06-28,188.4322,4.910469018314473,14.93810000000002,0.30609649152168034,1.158158942558844,Hammer,2024-07-05,187.9301,2024-07-12,191.3165,Profit target (+2%),1,0.018019465748168928,0.017965776483477334,1796.5776465511562,101796.57764655114
RNR,2017-09-08,120.0246,1.0374846579133674,15.398600000000002,0.48942761030223453,3.225776611383762,Hammer,2017-09-15,123.8394,2017-09-22,126.9366,Profit target (+2%),1,0.025009811094045986,0.02492805488177095,2492.80548568429,102492.80548568428
RNR,2018-01-12,112.6754,1.5855075653698094,6.535599999999988,0.4263265805740869,1.2564128917619137,Hammer,2018-01-19,113.0962,2018-02-02,120.5761,Profit target (+2%),2,0.06613750064104718,0.0660461604297744,6769.256267235909,109262.0617529202
RNR,2020-03-20,123.3565,3.437686731491766,29.90889999999999,0.48867393986405366,2.381560585682267,Hammer,2020-03-27,123.4996,2020-04-03,142.771,Profit target (+2%),1,0.15604423010276935,0.15595694411382244,17040.177241521014,126302.2389944412
RNR,2022-03-11,136.6146,0.2930034028784121,8.529899999999998,0.28221901780794534,1.0043830419847892,Hammer,2022-03-18,138.6057,2022-03-25,148.8433,Profit target (+2%),1,0.07386132027759307,0.0737865114309356,9319.401591996695,135621.6405864379
RNST,2020-03-13,20.13452,0.48981750271649105,4.354310000000002,0.4198185246342133,2.2673747946728513,Hammer,2020-03-20,16.89634,2020-03-27,18.10322,Profit target (+2%),1,0.07142848687940706,0.07081568680353166,7081.5686732715985,107081.5686732716
RNST,2020-03-27,17.80575,0.22499620163043232,3.1276899999999994,0.2581521826012171,1.4529271060827584,Hammer,2020-04-03,17.95024,2020-04-09,19.51408,Profit target (+2%),1,0.08712084072413506,0.08653963968178637,9266.800360278587,116348.36903355017
ROCK,2020-03-20,36.54,2.670538166573337,10.39,0.42829643888354213,2.582647318891184,Hammer,2020-03-27,37.68,2020-04-03,43.32,Profit target (+2%),1,0.14968152866242046,0.14939631152978636,14939.631138039007,114939.631138039
ROG,2022-10-14,234.35,0.7042259490027618,8.995000000000005,0.3185102834908291,1.1476601894994607,Hammer,2022-10-21,235.18,2023-01-20,129.04,RSI > 90,13,-0.4513138872353092,-0.4513468120841041,-45134.68116327573,54865.31883672427
ROG,2025-03-07,76.88,3.0936542747407714,8.409999999999997,0.4030915576694414,1.0655904353292425,Hammer,2025-03-14,75.86,2025-03-21,77.69,Profit target (+2%),1,0.024123385183232315,0.023989982205232997,1316.218021261232,56181.536857985506
ROIV,2022-05-13,3.46,0.2169374657093215,1.1349999999999998,0.17180616740088095,1.1040554167550014,Hammer,2022-05-20,3.49,2022-05-27,3.84,Profit target (+2%),1,0.1002865329512892,0.09728183118741049,9728.183109012865,109728.18310901287
ROP,2019-10-25,322.5411,1.6824091226950628,19.18059999999997,0.38310584653243546,1.2210056173088086,Hammer,2019-11-01,322.4061,2019-11-08,332.6955,Profit target (+2%),1,0.03191440856733174,0.031882897332008775,3188.289730012588,103188.28973001259
ROP,2026-02-06,362.42,0.354557806030698,31.63670000000002,0.4153404116105655,1.3719170929946172,Hammer,2026-02-13,357.21,2026-03-13,363.79,Profit target (+2%),4,0.018420536939055543,0.018392284758478945,1897.8684065569514,105086.15813656955
ROST,2022-02-25,88.36919,4.0401679741143255,8.919830000000005,0.2970079026169778,1.3541056497471395,Hammer,2022-03-04,86.91113,2022-03-25,89.73443,Profit target (+2%),3,0.032484907284026754,0.03236798509091472,3236.7985058546737,103236.79850585468
ROST,2024-05-03,128.1857,4.198040236453707,5.839099999999988,0.44380127074377873,1.147553205410835,Hammer,2024-05-10,128.2935,2024-05-31,138.4139,RSI > 90,3,0.07888474474544704,0.07880372724544739,8135.444503013137,111372.24300886782
RPM,2016-02-12,31.44522,2.7482863079559507,1.7038599999999988,0.2830396863592082,1.0552304571814184,Hammer,2016-02-19,31.84574,2016-02-26,32.85931,Profit target (+2%),1,0.03182749089831183,0.03150853010008553,3150.8530068577,103150.8530068577
RPM,2022-03-11,73.17693,2.546595590112588,5.366740000000007,0.37235826591189425,1.2778505799150537,Hammer,2022-03-18,73.65096,2022-03-25,76.78326,Profit target (+2%),1,0.04252897721903426,0.042390323878746555,4372.598062957079,107523.45106981476
RPM,2025-01-10,117.7299,1.5177648490945614,6.805400000000006,0.4738002174743586,1.252137075527676,Hammer,2025-01-17,117.5834,2025-01-24,125.4077,Profit target (+2%),1,0.06654255617714755,0.0664546843055949,7145.436989147183,114668.88805896195
RPM,2025-04-11,102.3922,0.675975311765626,14.642129999999995,0.39061939758764597,2.376918250824606,Hammer,2025-04-17,103.7068,2025-05-09,108.1657,Profit target (+2%),3,0.04299525199890453,0.042896758131668766,4918.923551373768,119587.81161033573
RRC,2015-10-02,30.67819,2.9775711274066623,4.494980000000002,0.493750806455201,1.220963159989901,Hammer,2015-10-09,31.19325,2015-10-16,33.78722,Profit target (+2%),1,0.08315805502793072,0.0828241968700168,8282.41967871926,108282.41967871926
RRR,2017-03-10,16.36472,1.727529750989902,1.257670000000001,0.48503184460152676,1.412148137631459,Hammer,2017-03-17,16.36472,2017-03-24,16.8111,Profit target (+2%),1,0.02727697143611385,0.026657755905415713,2665.775587875796,102665.7755878758
RRR,2018-04-06,22.26443,4.0081112981330165,1.967450000000003,0.41797250247782625,1.30865931924119,Hammer,2018-04-13,22.43351,2018-04-27,23.37881,Profit target (+2%),2,0.04213785537795922,0.041682803359046706,4279.3973312540475,106945.17291912985
RRR,2019-08-09,14.9015,3.497249035265554,2.2473600000000005,0.20905862879111486,1.4639207608026867,Hammer,2019-08-16,14.84669,2019-09-06,16.20137,Profit target (+2%),3,0.09124458044183581,0.09054053781084836,9682.87346268932,116628.04638181916
RRR,2020-03-20,5.619135,0.9351542740893279,5.292268,0.35392085208080926,2.1827304581879523,Hammer,2020-03-27,6.009685,2020-04-03,7.492179,Profit target (+2%),1,0.2466841440108758,0.2448164783359395,28552.467561845115,145180.5139436643
RRR,2022-05-20,31.71455,3.90119317903428,5.214760000000002,0.48202601845530785,1.1814111569285932,Hammer,2022-05-27,32.14911,2022-06-03,32.95007,Profit target (+2%),1,0.02491390896979717,0.02459903259645494,3571.3001912989794,148751.81413496326
RRX,2015-10-02,48.28163,0.6801311305517004,2.7553899999999985,0.1351750568884974,1.0297470995111406,Hammer,2015-10-09,48.5595,2015-10-16,52.37387,Profit target (+2%),1,0.07855043812230345,0.0783364391685283,7833.643909019187,107833.64390901919
RS,2020-03-13,81.05468,1.6879710830144319,16.730069999999998,0.47090299084223747,2.6543478906460654,Hammer,2020-03-20,71.662,2020-04-03,75.61919,Profit target (+2%),2,0.055220200385141416,0.05507681359621584,5507.681354113904,105507.6813541139
RVTY,2018-11-02,82.13161,2.5689723656545453,9.026420000000002,0.4504897844328095,2.041494337868328,Hammer,2018-11-09,82.12179,2018-12-07,86.90511,Profit target (+2%),4,0.058246660234756,0.05812135114497936,5812.135108685801,105812.13510868579
RVTY,2020-03-13,72.78551,1.3846917386984785,12.551599999999993,0.42262341056120306,2.226242693946281,Hammer,2020-03-20,66.95834,2020-03-27,70.55717,Profit target (+2%),1,0.05374730018695195,0.05359395155617979,5670.890437399967,111483.02554608574
RWT,2023-03-24,4.784302,3.4078878007109097,0.556438,0.3561492924638504,1.263398901246214,Hammer,2023-03-31,4.873868,2023-04-06,5.01568,Profit target (+2%),1,0.029096397358319814,0.027016922777988582,2701.692275097166,102701.69227509717
RWT,2025-04-11,4.635202,0.7073729995330211,0.7360890000000007,0.4814173286110787,1.9541002287310183,Hammer,2025-04-17,4.698822,2025-04-25,4.78062,Profit target (+2%),1,0.01740819294708329,0.01526375785478275,1567.6137605958816,104269.30603569305
RXO,2024-02-02,21.26,3.854354640300926,2.0299999999999976,0.4827586206896542,1.3263479917985859,Hammer,2024-02-09,21.07,2024-02-23,21.24,Profit target (+2%),2,0.008068343616516316,0.007591933570581164,759.1933562989232,100759.19335629893
RYAN,2023-11-03,43.31475,2.019635279102502,3.783929999999998,0.35142299144011674,1.746598713459444,Hammer,2023-11-10,43.52986,2023-12-01,44.87917,Profit target (+2%),3,0.03099734297330614,0.03076408193342079,3076.408190265671,103076.40819026566
RYN,2015-05-01,15.20817,3.845378773909232,0.4710599999999996,0.4868806521462204,1.0522851241085678,Hammer,2015-05-08,15.24933,2016-03-11,13.95395,RSI > 90,44,-0.08494668290344554,-0.08557439100897907,-8557.439092340468,91442.56090765953
RYN,2020-03-13,16.23187,2.7074716728573662,4.570240000000002,0.3129310495728889,3.2696633111639004,Hammer,2020-03-20,15.56675,2020-04-17,18.36876,Profit target (+2%),4,0.17999967880257617,0.1792996933549538,16395.623113939415,107838.18402159895
RYN,2022-05-13,28.48866,3.7640890320579103,2.5795600000000007,0.41642373117896125,1.4464767528652827,Hammer,2022-05-20,28.54162,2022-05-27,29.41912,Profit target (+2%),1,0.030744575815948805,0.030388886670295736,3277.0823496857847,111115.26637128473
RYN,2023-05-05,23.41162,2.1054175171969547,3.009499999999999,0.44415683668383493,2.0663291818891327,Hammer,2023-05-12,23.31782,2023-06-23,24.12063,RSI > 90,6,0.03442903324581792,0.033992887652522105,3777.128762462021,114892.39513374674
SAFE,2016-01-22,21.47111,2.211413640353882,3.2073599999999978,0.40132071236156847,1.963506225270153,Hammer,2016-01-29,21.31837,2016-02-05,22.58394,Profit target (+2%),1,0.05936523289538531,0.058882343644555114,5888.234358567277,105888.23435856728
SAFT,2015-08-28,33.35691,2.6169391205923915,2.043470000000003,0.31901618325691294,1.3308419010414987,Hammer,2015-09-04,33.2489,2015-09-18,34.25278,Profit target (+2%),2,0.030192878561396075,0.029887622203711516,2988.7622173823893,102988.76221738239
SAFT,2018-10-26,59.90537,1.0625389847273823,4.089869999999998,0.4744258374960574,1.318265435864157,Hammer,2018-11-02,60.29488,2018-11-16,62.58866,Profit target (+2%),2,0.03804269947962413,0.037873707211357625,3900.566222380705,106889.32843976309
SAFT,2026-03-13,73.24,3.0333666000470174,3.819999999999993,0.3311518324607337,1.0712634009564967,Hammer,2026-03-19,73.45,2026-03-19,72.4,End of data,0,-0.014295439074200056,-0.014430603771016272,-1542.4775445217647,105346.85089524134
SAIC,2025-06-06,104.2476,4.409618028843667,11.14537,0.36323603433533397,1.244776799536359,Hammer,2025-06-13,104.2674,2025-07-03,108.2366,Profit target (+2%),3,0.038067507197839356,0.03796977915536618,3796.97791173964,103796.97791173964
SANM,2020-03-06,26.37,3.802929395822531,2.3000000000000007,0.49565217391304356,1.1620491460600475,Hammer,2020-03-13,24.65,2020-04-03,25.66,Profit target (+2%),3,0.04097363083164307,0.040559724193875574,4055.9724153315856,104055.97241533159
SATS,2015-11-27,31.78656,4.544355538826025,2.286020000000004,0.21628419698865292,1.1269774994395199,Hammer,2015-12-04,31.81088,2016-03-04,36.30202,RSI > 90,13,0.14118251365570522,0.14084601777477143,14084.601763392544,114084.60176339254
SATS,2020-03-13,31.11,2.6889295019034734,3.969999999999999,0.48866498740554115,1.4184372675326467,Hammer,2020-03-20,27.1,2020-03-27,30.11,Profit target (+2%),1,0.11107011070110695,0.11068068622025451,12626.961997709783,126711.56376110233
SATS,2025-06-06,17.48,3.0760235627658687,3.6000000000000014,0.4500000000000001,1.1414077815439736,Hammer,2025-06-13,15.755,2025-06-20,24.27,Profit target (+2%),1,0.5404633449698508,0.5396573604060915,68380.8279638638,195092.39172496615
SBAC,2024-05-03,185.3058,2.9142473796812993,17.523899999999998,0.4824725089734595,1.4681210901194062,Hammer,2024-05-10,186.0447,2024-05-24,191.5821,Profit target (+2%),2,0.029763814825146895,0.02970926585745628,2970.9265827747013,102970.92658277471
SBCF,2016-01-22,12.41642,3.4891503195171083,0.7212600000000009,0.4417131131630757,1.0179101438260878,Hammer,2016-01-29,12.37217,2016-02-05,13.04476,Profit target (+2%),1,0.05436313920678426,0.053533239019905046,5353.323896637181,105353.32389663717
SBCF,2018-10-26,21.93892,1.2176299325696505,4.818770000000001,0.43893358678666977,2.7139545761352206,Hammer,2018-11-02,22.00972,2018-11-09,23.29295,Profit target (+2%),1,0.058302877092484495,0.057835393772893685,6093.1509667520695,111446.47486338923
SBCF,2023-03-17,23.20304,0.612175948563646,5.611830000000001,0.25616242829879055,2.370311363865904,Hammer,2023-03-24,23.67263,2023-06-16,21.65618,RSI > 90,12,-0.08518064955182425,-0.08558500153942779,-9538.146713208822,101908.3281501804
SBH,2017-11-10,16.21,2.515476557312951,3.455000000000002,0.42257597684515197,2.326212393349838,Hammer,2017-11-17,16.05,2017-12-08,17.14,Profit target (+2%),3,0.06791277258566986,0.0672687636250389,6726.876355777014,106726.87635577703
SBRA,2020-03-20,5.596599,0.6764046521816454,2.810641,0.22612528601126913,2.1997381891103394,Hammer,2020-03-27,5.504042,2020-04-03,6.923246,Profit target (+2%),1,0.25784759636645216,0.2557983765598448,25579.837630404632,125579.83763040464
SBRA,2021-10-08,10.18019,3.465805666705421,0.679608,0.3673441160198244,1.0371846774429603,Hammer,2021-10-15,10.15245,2021-10-22,10.5824,Profit target (+2%),1,0.04234938364631202,0.041344038119803694,5191.97758887823,130771.81521928286
SBSI,2020-03-13,22.21688,1.118529031483888,4.429459999999999,0.35078542305382593,2.839525771569596,Hammer,2020-03-20,18.35173,2020-03-27,19.99828,Profit target (+2%),1,0.08972178644738138,0.08915258872359087,8915.258863443829,108915.25886344384
SBSI,2023-10-27,24.19965,3.8975553734583315,2.360509999999998,0.4135335160622075,1.4147387320882714,Hammer,2023-11-03,24.33276,2023-11-10,26.02771,Profit target (+2%),1,0.06965712068832297,0.06923192602770341,7540.4131373817,116455.67200082554
SBUX,2020-03-13,61.10291,2.6261660216863305,11.788870000000003,0.3728686464436368,2.525143789481382,Hammer,2020-03-20,52.9844,2020-04-03,58.16661,Profit target (+2%),2,0.09780633544967943,0.09760838960244875,9760.838950484034,109760.83895048405
SBUX,2022-02-25,83.9733,4.602629078895049,6.15876999999999,0.21502183065774508,1.1990428434669016,Hammer,2022-03-04,82.80322,2022-07-29,76.35307,RSI > 90,21,-0.07789733297811363,-0.07801339045809695,-8562.815177489592,101198.02377299446
SBUX,2024-07-12,71.54994,4.005364740930091,4.178430000000006,0.3707086154368981,1.0900271431816642,Hammer,2024-07-19,71.60731,2024-07-26,74.89652,Profit target (+2%),1,0.04593399752064409,0.0457911495942526,4633.973840597948,105831.99761359241
SCHL,2020-03-13,25.86846,4.175866057995492,4.5358199999999975,0.4437058789810886,2.101703128006276,Hammer,2020-03-20,24.07277,2020-04-17,25.18315,Profit target (+2%),4,0.04612597553169007,0.045701076137864956,4570.107609216388,104570.1076092164
SCHL,2020-09-25,18.09826,1.191483757505864,2.4663499999999985,0.3523141484379749,1.0713781815089567,Hammer,2020-10-02,17.99294,2020-10-09,18.91452,Profit target (+2%),1,0.05121897811030318,0.05064912984486003,5296.384952893803,109866.4925621102
SCHL,2022-09-30,28.06962,1.3245900254831326,4.5398700000000005,0.4884412989799265,1.346518102198567,Hammer,2022-10-07,28.07874,2022-10-14,29.0004,Profit target (+2%),1,0.03282412244993904,0.032462200547363027,3566.508111420081,113433.00067353029
SCHW,2016-02-05,21.41155,1.01284378310298,2.26333,0.43883569784344334,1.1820615631166786,Hammer,2016-02-12,20.87539,2016-02-26,21.77517,Profit target (+2%),2,0.04310242826601085,0.042613188738333044,4261.3188695719855,104261.31886957199
SCL,2020-03-13,74.87763,3.438683110873356,12.550290000000004,0.1919485525832466,2.2493362387477687,Hammer,2020-03-20,66.76642,2020-04-03,71.50322,Profit target (+2%),2,0.07094584373402091,0.0707907664686478,7079.076639785704,107079.07663978571
SEDG,2022-05-13,232.25,3.4279698265274874,43.97999999999999,0.42587539790813994,1.1638946796450274,Hammer,2022-05-20,229.98,2022-05-27,258.37,Profit target (+2%),1,0.12344551700147854,0.12339935213166087,12339.935200826152,112339.93520082616
SEE,2017-03-10,38.57548,2.1481541164063884,1.851549999999996,0.44239691069644344,1.0439470510907998,Hammer,2017-03-17,38.6608,2017-05-12,38.95091,RSI > 90,8,0.007503983362993072,0.007244386512111305,724.438650486692,100724.43865048669
SEE,2020-03-20,21.48571,0.8260840447829878,7.263279999999998,0.32019693581962955,2.624486619255328,Hammer,2020-03-27,20.627,2020-04-03,22.12975,Profit target (+2%),1,0.07285354147476619,0.07235120201628548,7287.534201490782,108011.97285197747
SEE,2023-06-02,37.12461,2.3592927604547924,2.934820000000002,0.24203869402552855,1.0414954478141667,Hammer,2023-06-09,37.20873,2023-06-23,37.59148,Profit target (+2%),2,0.010286564470219695,0.010016464353344672,1081.8980747243668,109093.87092670184
SEIC,2018-10-26,48.92236,1.8494461617598148,3.5457500000000053,0.23816117887612037,1.340607532110145,Hammer,2018-11-02,49.43904,2019-02-22,47.35644,RSI > 90,16,-0.04212460436124976,-0.042322593380314355,-4232.259333799177,95767.74066620081
SEIC,2022-05-13,51.97655,2.3376366667286987,2.9950000000000045,0.3702504173622694,1.0338788183011025,Hammer,2022-05-20,51.93864,2022-06-03,55.22746,RSI > 90,2,0.06332125754544204,0.06312264600632533,6045.113186853048,101812.85385305385
SEIC,2025-03-14,73.10593,1.235413609280684,3.6365300000000076,0.4538034884904023,1.0532540109332524,Hammer,2025-03-21,73.10593,2025-03-28,75.81355,Profit target (+2%),1,0.03703694077894926,0.03689762939686321,3756.652945550324,105569.50679860418
SF,2020-03-13,16.98233,1.0540798506557252,4.149089999999999,0.33914665625474455,2.0616616013336895,Hammer,2020-03-20,14.45749,2020-04-03,16.17824,Profit target (+2%),2,0.11902135156240812,0.11828875940450076,11828.8759286212,111828.87592862122
SF,2022-03-11,39.37839,3.8272932493378704,3.8466000000000022,0.4342926220558409,1.1573932140269154,Hammer,2022-03-18,40.20442,2022-03-25,42.94143,Profit target (+2%),1,0.06807734075009653,0.06782017746090342,7584.254203148188,119413.1301317694
SFBS,2020-03-13,26.07402,2.36963994114474,6.051769999999998,0.3963038912582597,2.441823132487963,Hammer,2020-03-20,23.49011,2020-03-27,24.48392,Profit target (+2%),1,0.04230759242932458,0.0418729684602455,4187.296841837253,104187.29684183726
SFBS,2023-05-05,45.20342,1.67925191577244,8.284439999999996,0.44151324651998164,1.5930363638811476,Hammer,2023-05-12,45.85895,2023-07-28,55.6745,RSI > 90,11,0.21403782685822503,0.2137964566942011,22274.874875056863,126462.17171689412
SFM,2019-07-26,17.49,1.171713522931455,1.5402999999999984,0.4611439330000655,1.2386939638567767,Hammer,2019-08-02,17.45,2019-08-23,18.01,Profit target (+2%),3,0.03209169054441263,0.03150959610426825,3150.959607275865,103150.95960727587
SFNC,2020-03-13,13.62099,0.5929907647353332,3.7120099999999994,0.42822891102125255,2.6393140973412814,Hammer,2020-03-20,11.60454,2020-03-27,13.71663,Profit target (+2%),1,0.18200549095440244,0.18106574420691962,18106.574402585386,118106.5744025854
SFNC,2025-01-03,20.76505,1.3592442190811198,1.3634999999999984,0.42361569490282436,1.0657788138270772,Hammer,2025-01-10,20.76505,2025-01-24,21.64565,Profit target (+2%),2,0.042407795791486125,0.041916124419536765,4950.569862473476,123057.14426505887
SGI,2016-01-22,14.03177,0.6887552070924698,2.2501099999999994,0.11696761491660403,1.80712148395304,Hammer,2016-01-29,13.89899,2016-02-05,14.1195,Profit target (+2%),1,0.015865181570747344,0.015140258299955623,1514.0258284815363,101514.02582848155
SHC,2025-03-07,12.16,2.5914081115903826,1.040000000000001,0.23076923076923078,1.0407087380861244,Hammer,2025-03-14,12.07,2025-05-09,12.71,RSI > 90,8,0.05302402651201321,0.05217391304347834,5217.391299130442,105217.39129913045
SHO,2020-03-13,8.572806,2.2860615837657434,2.3145690000000005,0.300000129613764,2.9098552819906254,Hammer,2020-03-20,7.922946,2020-06-12,9.096129,RSI > 90,12,0.14807408759317564,0.14671933941023302,14671.933926351368,114671.93392635138
SHO,2021-01-29,9.579585,3.4477530779696934,0.868428999999999,0.4226804954694053,1.0005720200867283,Hammer,2021-02-05,9.588538,2021-02-12,9.96456,Profit target (+2%),1,0.03921578034106976,0.03815297338687786,4375.075238938825,119047.00916529022
SHW,2021-10-01,273.7335,3.902095320532652,18.579999999999984,0.3266576964477935,1.7425456852882653,Hammer,2021-10-08,273.6759,2021-10-22,283.116,Profit target (+2%),2,0.0344937204920126,0.0344565514071313,3445.655137267475,103445.65513726747
SHW,2022-01-28,276.7449,4.565117940681276,25.21199999999999,0.4860740917023627,1.6677943615515096,Hammer,2022-02-04,276.0715,2022-07-29,249.1447,RSI > 90,25,-0.09753560219001245,-0.09757005757462156,-10093.198517494435,93352.45661977303
SIG,2018-04-06,31.50683,2.790189071752394,4.680150000000001,0.22302062968067302,1.0433962590429096,Hammer,2018-04-13,31.61626,2018-04-20,32.5001,Profit target (+2%),1,0.027955235692014302,0.02763457243639259,2763.4572408758013,102763.45724087581
SIGI,2020-03-13,46.89776,2.557304741263266,8.531840000000003,0.316238935563724,2.191913426277201,Hammer,2020-03-20,33.77185,2020-03-27,42.58626,Profit target (+2%),1,0.2609987311918063,0.2606640346864792,26066.40344258152,126066.40344258152
SITM,2023-04-28,108.47,4.470609152158701,21.919999999999987,0.416514598540146,1.368358845057523,Hammer,2023-05-05,108.49,2023-06-16,112.33,Profit target (+2%),6,0.03539496727809022,0.03530116595234806,3530.116591704689,103530.1165917047
SKT,2017-05-19,16.48298,0.9951496415146437,1.4195299999999982,0.4196459391488718,1.3160336636404275,Hammer,2017-05-26,16.52101,2017-07-21,16.98996,RSI > 90,8,0.02838506846736366,0.027771373731469293,2777.137370369792,102777.1373703698
SKY,2015-10-02,2.695952,2.194733487187733,0.7127120000000002,0.20632738048468374,2.5000013653122233,Hammer,2015-10-09,2.701834,2015-10-30,3.382195,Profit target (+2%),3,0.2518145082192318,0.24765500950556987,24765.500925791486,124765.50092579148
SKY,2023-06-02,62.37,2.422923349557337,9.324999999999996,0.48793565683646106,1.4591666296185504,Hammer,2023-06-09,61.8,2023-06-16,64.5,Profit target (+2%),1,0.043689320388349495,0.043523986732465096,5430.292001533218,130195.79292732468
SKYW,2017-08-25,33.37418,3.4839134407669405,3.4154800000000023,0.2999988288615355,1.331154625347881,Hammer,2017-09-01,33.66693,2017-09-08,34.39882,Profit target (+2%),1,0.021739136891899546,0.02143892553827474,2143.8925516835816,102143.89255168357
SKYW,2020-03-20,20.12576,0.32641779177609465,15.20127,0.36845539879233774,2.5467638033838016,Hammer,2020-03-27,20.89179,2020-04-03,26.0,Profit target (+2%),1,0.2445080100843442,0.24397096396145054,24920.143903688928,127064.0364553725
SLAB,2020-03-13,82.71,3.44237053763122,19.405,0.41329554238598276,2.2384684802383457,Hammer,2020-03-20,74.05,2020-04-03,82.48,Profit target (+2%),2,0.11384199864956113,0.11369927756397294,11369.927745027366,111369.92774502737
SLAB,2023-11-03,91.54,0.5099289483228517,20.239999999999995,0.16106719367588893,1.798716377386392,Hammer,2023-11-10,91.53,2023-11-17,94.01,Profit target (+2%),1,0.027094941549218987,0.026984213688752978,3005.2299257675677,114375.15767079494
SLB,2020-03-13,14.15338,0.5442389536553662,5.535239999999998,0.48576032836877886,1.8196479209483865,Hammer,2020-03-20,12.27911,2020-04-17,14.55627,Profit target (+2%),4,0.18544992267354887,0.18456037922161228,18456.03790370519,118456.03790370518
SLB,2024-06-07,42.38186,3.36390276740768,3.0202500000000043,0.4118864332422806,1.2063809369535732,Hammer,2024-06-14,42.38186,2024-06-28,43.7042,Profit target (+2%),2,0.03120061271496799,0.030961010086616315,3667.5185806897025,122123.55648439488
SLG,2019-08-09,51.56554,2.5065806351369844,2.7055799999999977,0.4803443254311469,1.1442584912646736,Hammer,2019-08-16,51.27305,2019-08-23,52.88842,Profit target (+2%),1,0.03150524495812146,0.03130715774098292,3130.7157709675766,103130.71577096757
SLG,2026-02-13,40.55,2.4498120150338565,7.6825000000000045,0.4233647901073873,1.9275000597486667,Hammer,2026-02-20,40.72,2026-03-19,39.65,End of data,4,-0.026277013752455836,-0.026519337016574586,-2734.958205555894,100395.75756541168
SLM,2015-07-10,8.627463,3.1930886428504976,0.3489369999999994,0.4500010030463947,1.035792208021374,Hammer,2015-07-17,8.679804,2016-07-29,6.237246,RSI > 90,54,-0.28140704559688223,-0.2823964708932983,-28239.64706109018,71760.35293890983
SLM,2020-03-20,5.874276,1.44333407422819,1.6619860000000006,0.4509009101159696,1.747026108406771,Hammer,2020-03-27,5.847695,2020-04-03,6.600808,Profit target (+2%),1,0.1287880096345655,0.12696937052076007,9111.36683188959,80871.7197707994
SMCI,2017-09-22,2.195,1.8594468388198067,0.2775000000000003,0.4486486486486492,1.4860781515246326,Hammer,2017-09-29,2.19,2017-10-13,2.275,Profit target (+2%),2,0.038812785388127935,0.03416856492027342,3416.856488610485,103416.85648861047
SMCI,2017-10-27,2.0475,4.1106755020848595,0.5,0.4450000000000003,2.5726856408575562,Hammer,2017-11-03,2.03,2017-12-01,2.105,Profit target (+2%),4,0.036945812807881895,0.031941031941032115,3303.241113040601,106720.09760165107
SMCI,2021-05-07,3.639,4.90825153449434,0.2530000000000001,0.48221343873517897,1.0696430784453865,Hammer,2021-05-14,3.645,2021-08-06,3.81,RSI > 90,12,0.04526748971193406,0.04246575342465759,4531.949345675157,111252.04694732623
SMG,2022-05-13,82.79765,4.7655914328431805,12.049930000000003,0.48909163787673404,1.0377398494677266,Hammer,2022-05-20,81.9327,2022-08-05,74.89935,RSI > 90,11,-0.08584301505992109,-0.0859598206930387,-8595.982060707887,91404.01793929211
SMG,2025-04-11,48.99503,3.4774097613311454,7.877110000000002,0.44714368594573356,1.4372516274280291,Hammer,2025-04-17,49.866,2025-05-09,51.63668,Profit target (+2%),3,0.03550876348614285,0.035304686090112385,3226.990157494719,94631.00809678684
SMPL,2020-03-13,16.89,3.0171385679240643,2.3200000000000003,0.2801724137931043,1.0356127910083621,Hammer,2020-03-20,17.74,2020-04-09,19.51,Profit target (+2%),3,0.09977452085682104,0.09918286841363791,9918.286831445505,109918.2868314455
SMTC,2020-03-13,35.01,1.5458075654147763,5.765000000000004,0.4848222029488291,1.4143383469292354,Hammer,2020-03-20,30.79,2020-03-27,33.82,Profit target (+2%),1,0.09840857421240656,0.0980678681604157,9806.786806234784,109806.78680623477
SNA,2016-01-22,119.8659,3.7734051369076553,8.306799999999996,0.47313044734434456,1.5054991793405432,Hammer,2016-01-29,119.7876,2016-02-05,124.0545,Profit target (+2%),1,0.03562054837061601,0.03553558400101504,3553.5583965479454,103553.55839654795
SNDR,2018-06-29,22.75683,4.235113765870167,1.8033399999999986,0.44495768962037047,1.1795350572951195,Hammer,2018-07-06,22.53349,2019-01-25,17.66122,RSI > 90,29,-0.21622349667095508,-0.21661921450815913,-21661.92142915399,78338.078570846
SNEX,2021-12-03,27.4978,3.207604173832948,6.893340000000002,0.38362390365193044,3.475493762584101,Hammer,2021-12-10,27.66669,2022-01-14,28.76892,RSI > 90,5,0.03983960495455019,0.039471026164285564,3947.1026124814534,103947.10261248147
SNPS,2022-01-28,296.35,3.4713202083586197,29.329999999999984,0.42311626321172774,1.3533303589359116,Hammer,2022-02-04,296.36,2022-02-11,309.52,Profit target (+2%),1,0.044405452827641856,0.04437096148330587,4437.096143893492,104437.09614389349
SNX,2020-03-20,35.14601,0.43583542203724335,15.92597,0.32704758328692085,2.749979816655931,Hammer,2020-03-27,35.50732,2020-04-17,40.14341,Profit target (+2%),3,0.130567161926048,0.13026718614835642,13026.718601808923,113026.71860180891
SO,2018-01-26,31.64663,0.46569814064778825,1.1998700000000007,0.3154758432163494,1.1565950396358622,Hammer,2018-02-02,31.54664,2018-04-06,32.3679,Profit target (+2%),9,0.026033200366187836,0.025712134139461374,2571.2134113749244,102571.21341137493
SO,2022-10-14,55.90575,1.3639282641126727,4.4541499999999985,0.4466396506628659,1.3279588659085093,Hammer,2022-10-21,56.40751,2022-11-04,58.08881,Profit target (+2%),2,0.029806314797444555,0.029626407334117866,3038.816546241311,105610.02995761624
SON,2015-07-17,29.04943,1.600669449048425,6.528980000000001,0.25186629458200205,5.0437193775982,Hammer,2015-07-24,28.59651,2015-08-21,29.26744,Profit target (+2%),4,0.02346195392374817,0.023108220510036147,2310.822048692793,102310.8220486928
SON,2018-03-02,36.58339,1.9826513629893157,1.6380400000000037,0.4439696222314475,1.179048053834171,Hammer,2018-03-09,36.37086,2018-03-16,37.15263,Profit target (+2%),1,0.021494405136419648,0.02121654305905067,2170.68195923228,104481.50400792508
SONO,2020-03-20,7.92,0.24645548764166847,1.5999999999999996,0.38124999999999976,1.0921451918408331,Hammer,2020-03-27,8.0,2020-04-03,8.7,Profit target (+2%),1,0.08749999999999991,0.08619612742036226,8619.612733416612,108619.61273341662
SONO,2024-08-09,11.94,1.945293489493892,2.5519999999999996,0.329153605015674,2.1106622916850464,Hammer,2024-08-16,11.91,2024-09-06,12.11,Profit target (+2%),3,0.016792611251049472,0.015946286193873258,1732.079429182662,110351.69216259928
SPG,2022-02-25,110.5971,1.3026546133691994,8.740099999999998,0.06250500566355102,1.1248510056642156,Hammer,2022-03-04,109.085,2022-08-05,87.86257,RSI > 90,22,-0.19454947976348713,-0.1946322302685855,-19463.223007395325,80536.77699260469
SPGI,2018-10-12,174.7568,4.106179437010354,13.720400000000012,0.48019008192180995,1.9442915464787458,Hammer,2018-10-19,174.382,2019-01-25,176.6229,RSI > 90,14,0.012850523563211702,0.012792811390757186,1279.2811377964376,101279.28113779644
SPGI,2022-01-28,392.2057,1.3678146885456783,26.911,0.4383523466240584,1.3773417948796636,Hammer,2022-02-04,392.2346,2022-08-05,361.7525,RSI > 90,26,-0.07771394976373835,-0.0777384537410297,-7873.294703782036,93405.9864340144
SPGI,2023-10-06,356.9884,3.261960188359865,16.679599999999994,0.46737331830499423,1.0244498240663287,Hammer,2023-10-13,354.9488,2023-11-10,374.7858,Profit target (+2%),4,0.05588693355210661,0.05585797362924404,5217.469121827235,98623.45555584162
SRE,2020-03-20,41.10357,2.345726669388455,7.677969999999995,0.474958875848694,2.005204213376445,Hammer,2020-03-27,41.37996,2020-04-03,50.58742,Profit target (+2%),1,0.22251012325773156,0.22224160661264394,22224.16063904023,122224.16063904024
SSB,2020-03-13,51.00542,0.9887080342848549,10.718510000000002,0.3804913182895755,2.4819476374823743,Hammer,2020-03-20,50.31998,2020-04-17,52.41058,Profit target (+2%),4,0.041546121441224715,0.04134328518362063,4134.328514227735,104134.32851422775
SSTK,2016-02-12,21.92392,0.9209001636190379,2.6913100000000014,0.29240035521734803,1.0147195517726109,Hammer,2016-02-19,22.19148,2016-02-26,24.1352,Profit target (+2%),1,0.08758857002777654,0.08711831785940855,8711.831777229025,108711.83177722903
SSTK,2020-03-06,31.84932,2.789279151918109,2.5494499999999967,0.4279668163721585,1.1804701346938238,Hammer,2020-03-13,30.282,2020-05-01,31.74874,Profit target (+2%),7,0.04843603460801793,0.04809786376993432,5228.806869772372,113940.63864700141
ST,2020-03-20,24.47695,0.40725859611558235,12.646420000000003,0.4336088790345411,3.230171051125024,Hammer,2020-03-27,23.99311,2020-04-03,27.36106,Profit target (+2%),1,0.14037154833200027,0.1399256024745281,13992.560233460252,113992.56023346026
ST,2024-11-08,32.31918,4.861487626521239,3.5278600000000004,0.471206340387656,1.6251038202575656,Hammer,2024-11-15,32.45591,2025-05-16,26.52247,RSI > 90,26,-0.18281539479250475,-0.18309529831418797,-20871.501800671947,93121.05843278833
STAG,2015-08-28,10.52281,3.5274429073092364,0.8680400000000006,0.48849131376434246,1.3966021630326024,Hammer,2015-09-04,10.51675,2015-09-25,10.92941,Profit target (+2%),3,0.039238357857703354,0.038269299308575117,3826.929927030582,103826.92992703058
STAG,2016-01-22,10.53546,3.3929104606680767,0.9509880000000006,0.16012820351045357,1.4919906585312972,Hammer,2016-01-29,10.53546,2016-03-04,10.91745,Profit target (+2%),5,0.036257553063653525,0.03529162863859835,3664.2214500063146,107491.1513770369
STAG,2020-03-20,16.88212,4.0584197924409295,2.923110000000001,0.33422279695256113,1.71389450365298,Hammer,2020-03-27,16.10054,2020-04-03,17.97774,Profit target (+2%),1,0.11659236274062867,0.1159352620278489,12462.01478810993,119953.16616514685
STBA,2023-05-05,23.94952,0.10755822750716959,2.6283899999999996,0.3389831798173023,1.3043812327056952,Hammer,2023-05-12,24.10989,2023-05-26,24.8241,Profit target (+2%),2,0.029623113170570203,0.029202289539782336,2920.228951058004,102920.228951058
STC,2019-07-26,30.22144,4.038992701126048,1.6515400000000007,0.4607820579580264,1.2454605476894014,Hammer,2019-08-02,30.05952,2019-10-04,31.59796,RSI > 90,9,0.05117979262476591,0.05083866298214638,5083.866293130772,105083.86629313076
STE,2022-01-28,211.0625,4.174298557592223,12.451599999999985,0.3939814963538824,1.0906596408770712,Hammer,2022-02-04,211.4561,2022-02-11,215.8626,Profit target (+2%),1,0.020838840780663226,0.020791058024383618,2079.105800359256,102079.10580035926
STEL,2018-10-26,28.08609,1.2738816983655141,2.7501200000000026,0.29002370805637645,1.5461380502984374,Hammer,2018-11-02,28.38246,2018-11-23,30.34378,Profit target (+2%),3,0.06910324193181294,0.06873880227396184,6873.880220522304,106873.88022052232
STEL,2018-12-28,25.83711,2.663565628477315,2.3817299999999975,0.256191927716408,1.2143842028630287,Hammer,2019-01-04,25.74106,2019-01-11,26.64915,Profit target (+2%),1,0.03527787899954382,0.034882618932760914,3728.0408338699735,110601.92105439228
STEL,2019-05-10,24.61193,2.5928060348072393,3.3634299999999975,0.48175820516555995,1.8733245188523906,Hammer,2019-05-17,24.16524,2019-06-21,24.682,Profit target (+2%),5,0.02138443483284247,0.020966279192924816,2318.910753781307,112920.83180817359
STLD,2020-03-13,19.43418,3.1939720962399747,4.304870000000001,0.3450417782650811,1.9638649245193809,Hammer,2020-03-20,16.97934,2020-04-03,18.00163,Profit target (+2%),2,0.06020787616008616,0.059601373971552546,5960.137391195116,105960.13739119512
STT,2016-07-01,40.93128,3.2179918384717325,3.1452099999999987,0.20643454650086884,1.1001657720604567,Hammer,2016-07-08,40.40672,2016-07-22,43.26521,Profit target (+2%),2,0.07074293582849589,0.07048673008721246,7048.673001672572,107048.67300167258
STT,2020-03-13,48.50075,1.4994166638849293,9.508980000000001,0.43327570359807255,2.173722337987326,Hammer,2020-03-20,40.04649,2020-04-09,45.66341,Profit target (+2%),3,0.14025998283495,0.1399927942755687,14986.042842009738,122034.71584368231
STT,2024-02-16,67.97683,2.221159909579029,3.4602700000000084,0.46883624688246633,1.044934837442773,Hammer,2024-02-23,66.44832,2024-03-01,68.51134,Profit target (+2%),1,0.03104698508555237,0.030894167514881308,3770.1609501354997,125804.8767938178
STWD,2015-06-19,8.317669,1.1929172297664792,0.2080339999999996,0.3157897266792926,1.005981220044932,Hammer,2015-06-26,8.357816,2015-08-21,8.364001,RSI > 90,8,0.0007400258632159762,-0.0004561860502490495,-45.618604979286346,99954.38139502071
STWD,2016-01-22,7.055681,3.9141397356002727,0.6282990000000002,0.40993858019828183,1.9085949786698875,Hammer,2016-01-29,7.043973,2016-02-05,7.422514,Profit target (+2%),1,0.05373970059226507,0.05228293540066033,5225.908460262925,105180.28985528364
STWD,2025-04-11,16.54298,1.2621020895672785,1.9680799999999987,0.471698304946953,2.334976429650445,Hammer,2025-04-17,16.83076,2025-04-25,17.0907,Profit target (+2%),1,0.015444341194336797,0.014845780647858933,1561.4835101082795,106741.77336539191
SUPN,2023-10-27,23.56,0.311789781238474,2.789900000000003,0.43725581562063204,1.168369168652103,Hammer,2023-11-03,23.76,2023-11-10,24.62,Profit target (+2%),1,0.036195286195286114,0.03576688407321681,3576.6884037449936,103576.68840374499
SWK,2016-01-22,71.78592,3.508747325860753,5.010269999999991,0.45274406369317305,1.4427734268263621,Hammer,2016-01-29,71.36585,2016-03-04,73.09245,Profit target (+2%),5,0.02419364443918215,0.024051836288905257,2405.183626485342,102405.18362648533
SWX,2016-08-19,53.42811,4.001305449792412,2.6035400000000024,0.43304884887499534,1.162707650173281,Hammer,2016-08-26,53.55421,2016-12-02,56.03343,RSI > 90,14,0.046293652730569734,0.046102621752636026,4610.262170653341,104610.26217065335
SXC,2018-11-30,7.209256,3.1849900514679064,0.7054140000000002,0.4869112322692779,1.1068589013310346,Hammer,2018-12-07,7.423465,2019-01-18,7.209256,RSI > 90,6,-0.02885566241640536,-0.030182413190343007,-3018.2413160160595,96981.75868398395
SXC,2020-03-13,2.770616,1.4456355354342492,0.686992,0.16483452500174706,1.1684190012827305,Hammer,2020-03-20,2.551684,2020-04-09,2.891405,Profit target (+2%),3,0.13313599959869626,0.1289643147139028,12507.186035921895,109488.94471990583
SXT,2025-09-12,105.4943,4.024417932389937,17.0702,0.43205703506695936,2.7279134561600933,Hammer,2025-09-19,105.415,2025-12-05,96.17305,RSI > 90,11,-0.08767205805625389,-0.08776275848985021,-8776.275840208746,91223.72415979125
SYF,2020-03-13,20.8135,1.1685959578419727,4.1144,0.48008458098386125,2.2334384949796404,Hammer,2020-03-20,16.81986,2020-06-05,17.85503,Profit target (+2%),11,0.06154450750481866,0.060931859165544444,6093.185910461258,106093.18591046125
SYK,2022-05-06,230.8769,3.3433463463457542,16.915700000000015,0.43603870960113944,1.109171414696091,Hammer,2022-05-13,226.4724,2022-08-19,214.2234,RSI > 90,14,-0.05408606081800693,-0.05412902126216555,-5412.902120803654,94587.09787919634
SYNA,2022-01-28,191.43,3.3947083284382984,28.6396,0.4116537940474031,1.196239417799101,Hammer,2022-02-04,192.8,2022-02-11,210.0,Profit target (+2%),1,0.08921161825726132,0.08915743886309999,8915.743877394256,108915.74387739426
T,2017-05-19,17.08623,0.1694081342536009,0.5853199999999994,0.39694526071209063,1.2083480248376506,Hammer,2017-05-26,17.08623,2017-08-04,17.63914,RSI > 90,10,0.032359976425460735,0.03176541419195686,3176.541416019145,103176.54141601914
T,2021-11-05,14.86774,2.5785990053025216,0.6160300000000003,0.4615359641575911,1.1367780049425855,Hammer,2021-11-12,14.84405,2022-01-14,15.9495,RSI > 90,9,0.0744709159562249,0.0737723962138993,7611.580685710775,110788.12210172992
TAP,2020-03-13,36.6652,1.0832706281534854,8.33926,0.35537205939136113,2.5784983064153084,Hammer,2020-03-20,32.30604,2020-04-09,36.53598,Profit target (+2%),3,0.13093341059442754,0.13060365744958996,13060.365731898633,113060.36573189862
TCBI,2020-03-13,33.44,0.7990752954350597,10.099999999999998,0.37128712871287134,2.0346189046668695,Hammer,2020-03-20,26.96,2020-04-17,29.43,Profit target (+2%),4,0.09161721068249262,0.0912293714073798,9122.937131615043,109122.93713161505
TCBI,2023-03-17,53.96,3.5204658885939466,14.212000000000003,0.4264002251618351,2.6903504797837905,Hammer,2023-03-24,55.61,2023-06-23,53.85,RSI > 90,13,-0.031648983995684166,-0.03182594623752587,-3472.9407269587555,105649.99640465628
TDG,2020-03-20,251.4285,0.3138650294852283,134.28750000000002,0.36590970864749134,2.9427382889378797,Hammer,2020-03-27,250.24,2020-04-03,301.7209,Profit target (+2%),1,0.20572610294117633,0.20568203160902299,20568.203140334095,120568.20314033411
TDG,2021-01-29,459.8538,2.734047120042945,46.76830000000001,0.36182627976642345,1.4279880930406594,Hammer,2021-02-05,464.9903,2021-02-12,504.3947,Profit target (+2%),1,0.08474241290624773,0.08471999609458425,10214.537688965607,130782.74082929973
TDG,2022-05-13,468.6057,0.7441522333216426,43.52690000000001,0.4985675524790415,1.259199860320294,Hammer,2022-05-20,464.5082,2022-06-03,501.5189,Profit target (+2%),2,0.07967717254507023,0.07965478698990683,10417.47135229659,141200.21218159632
TDS,2016-01-22,16.23264,4.407050867819436,1.207810000000002,0.4348366050951729,1.0144989698735205,Hammer,2016-01-29,16.18037,2016-02-05,17.21078,Profit target (+2%),1,0.06368272171773581,0.06304520687509767,6304.520681205246,106304.52068120523
TDS,2016-11-04,19.21602,1.3001819644211423,1.4799100000000003,0.3846179835260242,1.3816626004754013,Hammer,2016-11-11,19.43611,2016-12-02,20.6428,RSI > 90,3,0.062084954242387136,0.061554612879614494,6543.5336113410285,112848.05429254625
TDS,2020-03-13,13.76675,1.272256220169922,3.4376000000000015,0.3325401442867117,1.9548433439591246,Hammer,2020-03-20,11.96032,2020-03-27,13.42856,Profit target (+2%),1,0.12275925727739723,0.12187221068889091,13753.041834819556,126601.0961273658
TDW,2025-03-07,43.15,1.5643581739581265,7.420000000000002,0.39353099730458235,1.2626463226960345,Hammer,2025-03-14,43.09,2025-05-16,44.25,RSI > 90,9,0.026920399164539255,0.026685230305139692,2668.5230278454464,102668.52302784544
TDY,2020-03-13,292.34,2.0232077069171197,61.81999999999999,0.47994176641863506,2.497474188428121,Hammer,2020-03-20,288.71,2020-04-17,326.8,Profit target (+2%),4,0.13193169616570266,0.13189477512425762,13189.477499236287,113189.4774992363
TDY,2022-05-13,400.95,2.011691375823503,30.640000000000043,0.14164490861618884,1.2293116375128765,Hammer,2022-05-20,398.14,2022-07-29,400.22,RSI > 90,10,0.005224292962274779,0.005199110876690778,588.484643004741,113777.96214224103
TECH,2020-09-25,59.04615,2.5035390179440355,4.773959999999995,0.38424075610185304,1.139060693605495,Hammer,2020-10-02,59.59816,2020-10-16,65.34547,RSI > 90,2,0.09643435300687142,0.09625848696612739,9625.84868698689,109625.8486869869
TECH,2022-05-13,90.34145,1.0996487796529664,9.1374,0.11129861886313436,1.12395200105134,Hammer,2022-05-20,89.52099,2022-06-03,93.86893,Profit target (+2%),2,0.048568944557025207,0.048454532588804805,5311.8692524671205,114937.71793945403
TECH,2023-11-03,57.97997,0.6358448608590948,8.728589999999997,0.2160623880832986,1.5990216149514995,Hammer,2023-11-10,57.97997,2023-11-24,60.42223,Profit target (+2%),2,0.04212247781432099,0.04194638714135739,4821.222009011255,119758.9399484653
TECH,2025-04-11,50.4259,1.517714601575321,7.844249999999995,0.47908722949931504,1.3385401857464685,Hammer,2025-04-17,51.64877,2025-07-11,52.57942,RSI > 90,12,0.01801882213264716,0.017823481228959673,2134.5212160370593,121893.46116450235
TER,2018-10-26,31.21562,1.7566020825371425,2.923750000000002,0.2970294997862331,1.1140984649810137,Hammer,2018-11-02,31.75598,2018-11-09,34.97886,Profit target (+2%),1,0.10148891641826197,0.10115808769124862,10115.808759009054,110115.80875900906
TFC,2020-03-13,25.58909,1.295179749620118,6.815179999999998,0.4572689202632947,2.331031857358671,Hammer,2020-03-20,21.53477,2020-03-27,21.17926,Profit target (+2%),1,-0.01650865089341569,-0.016969076271473822,-1696.9076254504744,98303.09237454954
TFIN,2016-01-22,13.33,1.9937680941294502,1.2349999999999994,0.47368421052631526,1.0863840445733688,Hammer,2016-01-29,13.31,2016-02-05,13.96,Profit target (+2%),1,0.048835462058602674,0.048066090874953,4806.609082688692,104806.60908268868
TFIN,2025-04-17,48.62,1.0640080347698841,9.795000000000002,0.4160285860132723,1.25738073353892,Hammer,2025-04-25,49.12,2025-05-02,52.65,Profit target (+2%),1,0.07186482084690549,0.07165394402035631,7509.806892664534,112316.41597535321
TFX,2016-09-30,158.6495,3.410460452577084,7.307000000000016,0.3242917750102661,1.2408566348090546,Hammer,2016-10-07,157.1956,2016-12-23,148.9044,RSI > 90,11,-0.05274447885309763,-0.05280641422488216,-5280.641417207575,94719.35858279241
TGT,2022-02-25,174.7627,0.6901978235850237,16.825400000000002,0.2064676025532834,1.6473925844868935,Hammer,2022-03-04,173.1311,2022-03-11,196.5883,Profit target (+2%),1,0.1354880781095944,0.13542640731771136,13542.640718228493,113542.64071822849
TGT,2023-06-02,120.3778,1.7578725098572079,10.969800000000006,0.4670550055607216,1.1612793351554727,Hammer,2023-06-09,118.9772,2023-08-04,122.2212,Profit target (+2%),8,0.027265728223558883,0.027180536248279222,3086.149858681004,116628.7905769095
TGTX,2015-08-28,13.02,1.5088296847752787,3.4000000000000004,0.40588235294117664,1.7569109701212415,Hammer,2015-09-04,12.85,2015-09-25,13.71,Profit target (+2%),3,0.06692607003891071,0.06612213146635555,6612.213140023341,106612.21314002335
TGTX,2020-03-20,7.64,1.236242616613012,2.01,0.38308457711442767,1.0380084479038347,Hammer,2020-03-27,7.69,2020-04-03,9.86,Profit target (+2%),1,0.28218465539661874,0.28070175438596473,29926.235237448724,136538.4483774721
THG,2020-03-13,89.48073,0.2023241181151434,25.554699999999997,0.38723952932337324,4.0313849120969225,Hammer,2020-03-20,79.03278,2020-04-17,85.61594,Profit target (+2%),4,0.08329657643322164,0.08316478524573946,8316.47851625747,108316.47851625746
THO,2025-03-14,78.79381,3.455286447788964,8.987619999999993,0.4767480156036863,1.048478037696157,Hammer,2025-03-21,78.39295,2025-05-23,79.39697,RSI > 90,9,0.012807529248484606,0.012679158064719876,1267.9158052040716,101267.91580520407
THRM,2025-03-07,32.66,0.9953096362708322,3.3550000000000004,0.4038748137108804,1.0777962324751365,Hammer,2025-03-14,32.45,2025-05-23,27.53,RSI > 90,10,-0.15161787365177204,-0.15190263441688484,-15190.263426498223,84809.73657350177
TILE,2025-02-28,20.18035,3.727215072880753,3.3719,0.3905068359085379,1.8811012691776843,Hammer,2025-03-07,20.11052,2025-05-16,21.60746,RSI > 90,10,0.07443566849589156,0.073920037861313,7392.003778739298,107392.00377873931
TKO,2018-11-23,57.06585,1.2938647478695202,6.32638,0.40921348385648737,1.0727884833393686,Hammer,2018-11-30,57.6128,2018-12-07,68.99863,Profit target (+2%),1,0.19762674266829605,0.19743603539184085,19743.603519440483,119743.60351944047
TKO,2025-08-08,161.4185,3.282516430890027,15.811700000000002,0.31228141186589714,1.5027287483986738,Hammer,2025-08-15,162.3279,2025-08-22,185.9639,RSI > 90,1,0.14560651619345788,0.145540429574042,17427.535477535595,137171.13899697608
TKR,2025-03-14,73.25154,4.550284552657146,4.6894300000000015,0.4696007830375955,1.0653432778845404,Hammer,2025-03-21,73.07458,2025-05-23,71.34316,RSI > 90,9,-0.023693875489944616,-0.023829091519135717,-2382.909149530663,97617.09085046934
TMDX,2020-10-02,13.93,2.5262201589280266,2.299899999999999,0.4695856341580071,1.0715076023603025,Hammer,2020-10-09,14.17,2020-11-27,14.84,Profit target (+2%),7,0.047282992237120736,0.04656084656084661,4656.084651428577,104656.08465142857
TMHC,2016-01-22,12.24,3.8288448366774617,1.8600000000000012,0.43548387096774194,1.2626094040963927,Hammer,2016-01-29,12.05,2016-02-19,12.57,Profit target (+2%),3,0.043153526970954426,0.04230609705516378,4230.609701285768,104230.60970128578
TMO,2022-01-28,565.1415,4.5314894422967456,32.86940000000004,0.18395224737902288,1.0385114002333362,Hammer,2022-02-04,567.0878,2022-02-11,590.7,Profit target (+2%),1,0.041637644117894945,0.04161722774143559,4161.722770398046,104161.72277039805
TMP,2023-05-05,48.64084,0.01847161097035155,9.47267,0.4083062114483034,2.399461527818421,Hammer,2023-05-12,49.32907,2023-06-09,50.70553,Profit target (+2%),4,0.027903627617548832,0.027698099913508103,2769.8099885810007,102769.809988581
TMUS,2020-03-20,71.54603,4.0615730848061276,17.754550000000002,0.40270240586215916,2.9106024413786162,Hammer,2020-03-27,71.9587,2020-04-03,78.97414,Profit target (+2%),1,0.09749258949925466,0.09734685681809037,9734.685672074353,109734.68567207434
TNC,2022-01-28,71.51159,4.726837374709689,6.671270000000007,0.42172030213137857,1.8294752842851927,Hammer,2022-02-04,70.89056,2022-02-25,72.89478,Profit target (+2%),3,0.028272029449337266,0.028128982971571147,2812.898294344216,102812.89829434422
TNDM,2022-05-27,70.81,0.9158989437315057,12.590000000000003,0.16123907863383644,1.0588055410360602,Hammer,2022-06-03,73.0,2023-01-13,46.71,RSI > 90,32,-0.3601369863013698,-0.3602492979932881,-36024.92976330389,63975.070236696105
TNL,2020-03-13,25.36643,1.1545027605563405,10.960060000000002,0.2732859126683612,3.6413224748909903,Hammer,2020-03-20,20.54809,2020-05-29,24.94152,Profit target (+2%),10,0.2138120866708293,0.21327352724091622,21327.35270276427,121327.35270276426
TOL,2016-02-12,22.66237,0.4495554002308495,2.018250000000002,0.4215235971757716,1.008137552590209,Hammer,2016-02-19,22.92483,2016-03-04,24.99739,Profit target (+2%),2,0.09040677728035496,0.08995095035593381,8995.095026598286,108995.09502659828
TOL,2022-02-25,51.31905,3.273668772004271,6.910180000000004,0.15097001814713953,1.3989766103575525,Hammer,2022-03-04,51.88373,2022-06-03,48.57146,RSI > 90,13,-0.06384024433092994,-0.06402681275876279,-6978.608533912957,102016.48649268532
TPH,2016-01-22,10.26,3.922857249407812,1.254999999999999,0.2709163346613547,1.2489307507720098,Hammer,2016-01-29,10.18,2016-02-05,10.49,Profit target (+2%),1,0.03045186640471509,0.02945508100147285,2945.5080972017768,102945.50809720177
TPH,2018-02-09,16.25,4.225979226460524,2.150000000000002,0.4372093023255816,2.106539930152227,Hammer,2018-02-16,16.32,2018-02-23,18.11,Profit target (+2%),1,0.10968137254901955,0.10903522205206725,11224.686323416598,114170.19442061838
TPL,2015-08-28,11.51832,0.299106443245833,2.300934999999999,0.25106315476099905,2.32334942783322,Hammer,2015-09-04,11.41155,2015-09-11,12.25994,Profit target (+2%),1,0.07434485236449029,0.07343637088262217,7343.637080918581,107343.63708091858
TPL,2018-11-16,60.56122,0.3253177897149584,12.316559999999996,0.4189968627603809,2.1220208121837327,Hammer,2018-11-23,60.1921,2019-01-18,60.91541,Profit target (+2%),8,0.012016693220538777,0.011849574148920777,1271.97638573321,108615.61346665179
TPL,2019-08-09,68.23257,1.7377951859810707,8.048680000000004,0.4032127007161433,1.206568889232357,Hammer,2019-08-16,68.81743,2019-11-15,64.43847,RSI > 90,13,-0.06363155380838847,-0.06377223239574663,-6926.660136875247,101688.95332977653
TREX,2015-08-07,10.025,0.12496744648818492,1.7799999999999994,0.3370786516853932,1.776068323058597,Hammer,2015-08-14,10.0525,2015-10-16,10.11,RSI > 90,9,0.0057199701566774674,0.004722843649018139,472.2843644295295,100472.28436442952
TRGP,2017-10-27,30.11025,4.073242628164309,3.1141199999999998,0.4321830886414133,1.5806491450891398,Hammer,2017-11-03,30.11025,2017-11-10,32.12012,Profit target (+2%),1,0.06675035909698512,0.06640721893392884,6640.721886752162,106640.72188675217
TRIP,2016-01-22,62.82732,3.312158490621613,5.940359999999991,0.27095664235837497,1.1235546648160137,Hammer,2016-01-29,62.92514,2016-06-03,60.0261,RSI > 90,18,-0.046071252284857866,-0.04622649814540382,-4622.649809917733,95377.35019008226
TRMB,2020-03-20,26.0,2.3178664011264942,8.399999999999999,0.4809523809523809,2.3368501040924365,Hammer,2020-03-27,25.28,2020-04-03,30.05,Profit target (+2%),1,0.18868670886075956,0.1882539054775557,18825.390528930177,118825.39052893018
TRMB,2022-01-28,70.26,2.233196553942875,6.549999999999997,0.4625954198473286,1.2475510945725494,Hammer,2022-02-04,70.54,2022-04-08,73.1,Profit target (+2%),9,0.0362914658349871,0.03614714012332543,4295.198037362907,123120.5885662931
TRMK,2015-08-28,16.55779,1.0380273301552876,0.920259999999999,0.49218699063308047,1.2918304850744138,Hammer,2015-09-04,16.41981,2015-10-16,17.15329,Profit target (+2%),6,0.044670431631060215,0.04404799811991738,4404.799807586938,104404.79980758694
TRMK,2020-03-13,20.58928,0.2983961476994068,3.8002000000000002,0.11378348507973203,2.326274762582035,Hammer,2020-03-20,18.0863,2020-03-27,20.19845,Profit target (+2%),1,0.1167817629918777,0.11619673544742494,12131.496890552047,116536.29669813898
TRMK,2023-03-24,23.09448,3.3661383686794295,2.574159999999999,0.4893635205270842,1.2995885291813252,Hammer,2023-03-31,23.51438,2023-07-28,21.54238,RSI > 90,17,-0.08386357624568441,-0.08427092891054097,-9820.621964725957,106715.67473341302
TRNO,2018-12-28,29.10719,1.6507398597568255,1.7043199999999992,0.35293841532106707,1.3688681370055844,Hammer,2019-01-04,29.19909,2019-01-18,31.07886,Profit target (+2%),2,0.06437769122256887,0.06402425139766363,6402.425133363939,106402.42513336393
TRNO,2025-04-11,53.18388,3.0973852824437103,8.084739999999996,0.44698778192001226,2.105364752643088,Hammer,2025-04-17,53.9534,2025-04-25,55.61904,Profit target (+2%),1,0.030871826427991467,0.03068363776538966,3264.8134668863177,109667.23860025025
TROW,2017-02-03,47.94075,1.0420647200593578,2.7967200000000005,0.3974691781801534,1.2753429579203972,Hammer,2017-02-10,47.22564,2017-02-17,49.35681,Profit target (+2%),1,0.045127392662121846,0.04491088835552512,4491.088831061423,104491.08883106142
TROW,2020-03-13,83.18977,1.504758563045982,16.922920000000005,0.34376455127129407,2.6949256850120107,Hammer,2020-03-20,71.18372,2020-04-03,75.83422,Profit target (+2%),2,0.06533094926761351,0.0651858890003924,6811.344511260368,111302.4333423218
TROW,2025-11-21,97.6414,4.948913458867096,5.587299999999999,0.23693555026578153,1.1069279950534308,Hammer,2025-11-28,97.95289,2025-12-12,103.9003,RSI > 90,2,0.06071704469362782,0.06061186087205427,6746.2475977196555,118048.68094004146
TRST,2023-10-27,22.65244,3.3719634783742976,2.382580000000001,0.4323338565756456,1.6301732076661086,Hammer,2023-11-03,22.90324,2023-11-10,24.84693,Profit target (+2%),1,0.08486528543559779,0.08441023841202998,8441.023832761974,108441.02383276197
TRU,2022-01-28,97.35495,4.185722283015934,7.7667,0.4151377032716595,1.2735032010212797,Hammer,2022-02-04,97.54055,2022-03-25,100.1353,Profit target (+2%),7,0.026601756910331176,0.02649787714560035,2649.7877119102477,102649.78771191025
TRU,2026-02-06,73.3563,3.2730291262089253,14.640320000000003,0.437777316342812,2.265836879208657,Hammer,2026-02-13,72.54766,2026-02-27,75.28305,Profit target (+2%),2,0.03770473093136295,0.03756430157074883,3855.9675779275767,106505.75528983782
TRUP,2018-11-02,25.23,1.601809087364856,4.309999999999999,0.3781902552204175,1.0837561825168482,Hammer,2018-11-09,25.19,2018-11-16,27.52,Profit target (+2%),1,0.09249702262802684,0.09208176225441557,9208.17621623338,109208.17621623339
TRV,2020-03-20,79.02907,4.650136070778586,18.973690000000005,0.4174032568256358,2.4138173329246815,Hammer,2020-03-27,77.34271,2020-04-03,88.15833,Profit target (+2%),1,0.1398401995482188,0.13970187352670185,13970.187338699998,113970.18733870001
TSLA,2022-05-13,256.5298,3.492568578397311,55.20999999999998,0.4590943669625064,1.3517325046779967,Hammer,2022-05-20,255.7197,2022-07-29,272.2164,Profit target (+2%),10,0.06451086873635492,0.06447050284935342,6447.050278488292,106447.0502784883
TTC,2021-10-15,90.93803,4.308577593140143,4.649600000000007,0.1606417756366143,1.1668405320311859,Hammer,2021-10-22,89.883,2021-10-29,92.49724,Profit target (+2%),1,0.029084921509072936,0.028972054111783715,2897.2054082811665,102897.20540828115
TTC,2023-06-02,97.2025,4.8101645704037,8.030299999999997,0.38671033460767396,1.56016052868173,Hammer,2023-06-09,95.82124,2023-07-21,99.41651,Profit target (+2%),6,0.037520595642469345,0.037414282351055456,3849.8250924301565,106747.03050071132
TTD,2017-11-17,5.001,4.132560057590652,0.6239999999999997,0.21794871794871684,1.0443607339907222,Hammer,2017-11-24,5.02,2018-02-02,5.144,Profit target (+2%),10,0.024701195219123617,0.022686567164179206,2268.656714149264,102268.65671414927
TTD,2020-03-20,17.0,1.1752524739655286,5.343000000000002,0.3636533782519185,1.581696065233388,Hammer,2020-03-27,17.069,2020-04-03,19.697,Profit target (+2%),1,0.1539633253266155,0.15333255241888247,15681.114150749876,117949.77086489914
TTD,2026-02-27,23.82,1.2867354906410071,4.66,0.41201716738197386,1.02919913233445,Hammer,2026-03-06,23.075,2026-03-13,28.77,Profit target (+2%),1,0.24680390032502708,0.24631715771230514,29053.05228320657,147002.8231481057
TTMI,2018-11-02,12.92,3.7902327857980396,2.549999999999999,0.34117647058823514,2.068680082085142,Hammer,2018-11-09,12.89,2019-02-01,11.13,RSI > 90,12,-0.13653995345228853,-0.13726250484683986,-13726.250470957733,86273.74952904228
TWI,2024-05-10,9.39,0.38558778079131173,1.625,0.4492307692307684,1.6443784856229533,Hammer,2024-05-17,9.42,2024-08-02,8.7,RSI > 90,11,-0.07643312101910837,-0.07745358090185678,-7745.35808244032,92254.64191755968
TWO,2020-03-27,8.575182,0.17962163696306277,5.902398,0.339622641509434,2.1974049439062915,Hammer,2020-04-03,8.259645,2020-04-17,9.299062,Profit target (+2%),2,0.1258428176997919,0.12455671114730267,12455.671102274595,112455.67110227459
TWO,2021-11-26,13.09675,2.5521249782492106,0.9182999999999986,0.47619514319938994,1.266671235289097,Hammer,2021-12-03,13.22794,2022-04-01,12.25826,RSI > 90,17,-0.07330544287319118,-0.07403343474692706,-8325.479580146657,104130.19152212793
TXN,2020-03-13,89.42779,3.9272662839760955,13.14766999999999,0.45093008875336876,1.9699117965374984,Hammer,2020-03-20,80.85944,2020-04-03,84.67135,Profit target (+2%),2,0.04714242393961676,0.047015845283786106,4701.584523677026,104701.58452367701
TXRH,2020-03-20,32.77176,3.2313664503025876,13.241259999999997,0.26130519301033267,2.1625853956763224,Hammer,2020-03-27,32.47924,2020-04-03,37.71724,Profit target (+2%),1,0.16127224651808358,0.16093958177873335,16093.958161779374,116093.95816177939
TYL,2016-02-12,137.33,3.970904118228006,12.899999999999991,0.2868217054263559,1.2154687678567233,Hammer,2016-02-19,142.26,2016-04-22,138.34,RSI > 90,9,-0.0275551806551384,-0.0276245035672864,-2762.45035396619,97237.5496460338
TYL,2018-11-23,186.18,1.942199059864322,12.779500000000013,0.24648851676513184,1.1084267788446929,Hammer,2018-11-30,188.53,2018-12-07,195.2,Profit target (+2%),1,0.035378984776958555,0.03532500596706173,3434.9170180336887,100672.46666406748
TYL,2026-02-06,348.35,1.478496389211145,55.40499999999997,0.4924645790091144,1.8679382963266986,Hammer,2026-02-13,346.8,2026-03-06,350.95,Profit target (+2%),3,0.011966551326412889,0.011937544153054282,1201.7820145974088,101874.24867866488
UAA,2020-03-13,10.81,0.3004852213711757,2.370000000000001,0.4852320675105485,1.2636577725720133,Hammer,2020-03-20,9.17,2020-04-03,9.37,Profit target (+2%),2,0.021810250817884347,0.020708446866484893,2070.8446845776443,102070.84468457765
UAL,2021-07-09,51.1,1.855551231075168,4.640000000000001,0.45474137931034464,1.0942381401120194,Hammer,2021-07-16,50.3273,2021-10-08,51.76,RSI > 90,12,0.028467650758137175,0.028266143212211495,2826.614318394536,102826.61431839452
UBER,2020-03-20,21.33,1.9776785027771382,10.18,0.36738703339882145,2.256540753036041,Hammer,2020-03-27,21.07,2020-04-03,26.33,Profit target (+2%),1,0.24964404366397708,0.24911032028469743,24911.032003558714,124911.03200355872
UBSI,2015-08-28,24.32565,1.0375416102628492,1.2692699999999988,0.4226760263773674,1.0862927144325962,Hammer,2015-09-04,24.14899,2015-10-02,24.64265,Profit target (+2%),4,0.02044226280270922,0.020024020876053976,2002.4020856029952,102002.402085603
UBSI,2020-03-13,18.42552,0.10765929690114717,5.164960000000001,0.45244493665004204,2.9393814201184587,Hammer,2020-03-20,15.77661,2020-03-27,16.19732,Profit target (+2%),1,0.02666669202065597,0.026024594448855444,2654.5711444323333,104656.97323003534
UBSI,2023-04-28,29.21309,2.4923171490906526,3.042110000000001,0.35362297878774884,1.420408280380683,Hammer,2023-05-05,28.9662,2023-06-16,29.33847,RSI > 90,6,0.012851875634360077,0.012504487214889313,1308.6817823953083,105965.65501243064
UCB,2015-08-28,14.73485,2.5139318908383643,0.9661000000000008,0.47244591657178225,1.3234767251032502,Hammer,2015-09-04,14.65878,2015-09-18,15.26003,Profit target (+2%),2,0.041016373804641404,0.04032043579486319,4032.043575454275,104032.04357545429
UCB,2016-07-01,13.84907,3.817846929287498,0.9407500000000013,0.4754079192133937,1.1378557474860131,Hammer,2016-07-08,13.66401,2016-07-15,14.37343,Profit target (+2%),1,0.05191887301019249,0.051168299679347655,5323.142776600656,109355.18635205494
UCB,2020-03-13,16.09296,1.2107586547280675,3.5950799999999994,0.36572204234676237,2.1628233146407494,Hammer,2020-03-20,14.5219,2020-03-27,15.42796,Profit target (+2%),1,0.06239266211721617,0.06168280913340079,6745.3350807559455,116100.52143281087
UCB,2024-02-16,25.1898,1.833115536375601,2.273950000000003,0.4163284153125611,1.2897700067663604,Hammer,2024-02-23,24.82783,2024-05-17,25.20178,RSI > 90,12,0.015061727102207545,0.014656001752518785,1701.5694438860519,117802.09087669692
UCTT,2015-04-24,6.26,0.607086714445856,1.6948999999999996,0.4100536904832146,2.7732551917767,Hammer,2015-05-01,6.27,2015-06-05,6.46,Profit target (+2%),5,0.030303030303030276,0.028685258964143496,2868.5258935458232,102868.52589354583
UDR,2022-05-13,41.66286,2.7675944151263963,2.8697599999999994,0.2648827776538791,1.1632704654064028,Hammer,2022-05-20,41.74828,2022-08-05,41.46145,RSI > 90,11,-0.006870462687325163,-0.007109142084166861,-710.9142077057718,99289.08579229422
UFCS,2020-03-06,32.29159,3.7470759925099486,7.638719999999999,0.38921965983829765,2.7255683566650517,Hammer,2020-03-13,30.10407,2020-10-30,20.04989,RSI > 90,33,-0.3339807540973695,-0.3342574181135452,-33425.74177792878,66574.2582220712
UFPT,2020-03-20,35.02,4.87789073424014,8.2,0.48536585365853624,2.0404114867629053,Hammer,2020-03-27,34.84,2020-04-03,37.45,Profit target (+2%),1,0.0749138920780712,0.07461615726790075,7461.615719328458,107461.61571932845
UFPT,2023-11-03,143.17,4.764947284337495,29.709900000000005,0.46550139852372474,2.0963209810503094,Hammer,2023-11-10,141.68,2023-11-24,160.58,Profit target (+2%),2,0.13339920948616601,0.13332392278646288,14327.204142345086,121788.81986167355
UHT,2017-08-11,48.26296,4.696843726408005,3.399320000000003,0.47110304413823917,1.463429240401867,Hammer,2017-08-18,48.62775,2017-10-06,49.71264,Profit target (+2%),7,0.022310100714098446,0.02210218422770662,2210.2184205604435,102210.21842056046
UHT,2018-02-16,39.44823,1.0806384771896944,3.069669999999995,0.46436261878312557,1.1704339088330828,Hammer,2018-02-23,39.25596,2018-03-23,40.33664,Profit target (+2%),4,0.027529068197542417,0.027270856341770563,2787.3601804207356,104997.57860098119
UHT,2020-03-20,48.3992,3.4137348997986834,14.39752,0.3545909295489778,1.9570598841892373,Hammer,2020-03-27,48.04069,2020-04-03,68.35402,Profit target (+2%),1,0.42283593345557713,0.42258379471707036,44370.27515693623,149367.85375791742
UMBF,2020-03-13,45.14857,0.9644720094249237,11.598289999999999,0.3211499281359579,2.875453774548986,Hammer,2020-03-20,39.46666,2020-04-03,41.40572,Profit target (+2%),2,0.04913159613709417,0.048872026157501434,4887.202610862942,104887.20261086295
UNF,2020-03-13,163.2244,2.2380436897895777,32.66990000000001,0.29423108120930913,2.8068566924160177,Hammer,2020-03-20,148.5196,2020-04-17,158.9832,Profit target (+2%),4,0.07045265406047418,0.07038295339627247,7038.295332588952,107038.29533258894
UNFI,2015-06-12,62.7,3.4952318273637815,4.189999999999998,0.3675417661097835,1.184787813808469,Hammer,2015-06-19,62.36,2015-06-26,64.63,Profit target (+2%),1,0.03640153944836433,0.03623827467329429,3623.827463705601,103623.8274637056
UNIT,2016-11-18,19.6166,1.8927169740126857,2.218160000000001,0.3381811952248717,1.4623345376921095,Hammer,2016-11-25,19.67306,2016-12-02,20.72165,Profit target (+2%),1,0.053300808313500925,0.05277908493012022,5277.908487734114,105277.90848773411
UNIT,2017-08-18,16.58404,3.9165523440525902,1.7777800000000017,0.49878500151874766,1.1088584035207094,Hammer,2017-08-25,16.55809,2017-09-01,17.05985,Profit target (+2%),1,0.03030301200198826,0.029690112171098598,3125.712909013766,108403.62139674788
UNM,2016-01-22,20.08731,3.729306786538473,1.8065699999999971,0.36507857431486235,1.3492636602515624,Hammer,2016-01-29,19.97977,2016-02-05,20.49607,Profit target (+2%),1,0.025841138311402112,0.02533429206340634,2533.4292038072044,102533.42920380722
UNP,2018-10-26,120.9591,3.8432895075838474,9.804500000000004,0.4010301392217856,1.758747195321726,Hammer,2018-11-02,122.603,2018-11-09,126.5265,Profit target (+2%),1,0.032001663907082145,0.03191879812084039,3191.8798088921594,103191.87980889216
UNP,2019-08-16,143.1086,4.5852416355429995,7.755799999999994,0.37735630109079826,1.1654120828979342,Hammer,2019-08-23,145.4328,2019-09-20,146.2076,Profit target (+2%),4,0.0053275464681972196,0.005258605396946425,542.6453755414418,103734.5251844336
UNP,2020-03-13,126.0093,0.9104680829037477,19.27149999999999,0.1431803440313415,2.084525990617643,Hammer,2020-03-20,112.1689,2020-04-03,120.4819,Profit target (+2%),2,0.07411145156990928,0.07401900085492262,7678.325900633257,111412.85108506685
UPBD,2020-03-13,12.83613,0.9197922731824804,2.716479999999999,0.4450538932736479,1.5320949438139475,Hammer,2020-03-20,11.72416,2020-04-17,13.82869,Profit target (+2%),4,0.17950369152246304,0.17857459528218575,17857.459510361114,117857.45951036112
UPS,2016-01-22,61.50299,0.995437282555784,2.839120000000001,0.37349601284905215,1.1084481675028013,Hammer,2016-01-29,61.55088,2016-02-05,62.96703,Profit target (+2%),1,0.023007794527064362,0.02284347165534808,2284.3471632504607,102284.34716325047
URBN,2017-06-09,17.62,1.559733838775017,2.7794999999999987,0.48569886670264384,1.3889887924608821,Hammer,2017-06-16,17.53,2017-06-23,18.17,Profit target (+2%),1,0.03650884198516824,0.035928143712574856,3592.8143676646714,103592.81436766466
URBN,2024-08-23,38.59,4.016346219301468,6.627600000000001,0.49755567626289987,1.867208868875898,Hammer,2024-08-30,38.64,2024-11-29,39.7,RSI > 90,13,0.027432712215321065,0.027170397205330668,2814.657911172876,106407.47227883754
URI,2025-03-07,623.2623,2.981891867109127,64.72050000000002,0.333963736374102,1.2424750422926014,Hammer,2025-03-14,610.3661,2025-03-28,635.2565,Profit target (+2%),2,0.04077946006503308,0.04075905227041412,4075.9052233731345,104075.90522337313
USB,2020-03-13,28.64481,0.7794524420360176,6.199940000000002,0.24283944683335665,2.351174454607454,Hammer,2020-03-20,23.20152,2020-03-27,24.52181,Profit target (+2%),1,0.05690532344432597,0.05646214943041878,5646.214937395664,105646.21493739566
USFD,2020-03-20,12.99,0.04503695068791558,9.280000000000001,0.4967672413793104,2.607753188515877,Hammer,2020-03-27,13.86,2020-04-03,17.92,Profit target (+2%),1,0.29292929292929304,0.2921024161557883,29210.24158636859,129210.24158636857
USFD,2023-08-11,41.14,3.241534160435606,2.779899999999998,0.4820317277599904,1.4144786541300491,Hammer,2023-08-18,41.14,2023-11-10,41.15,RSI > 90,12,0.00024307243558574498,-4.094095489704602e-17,-5.289990667733946e-12,129210.24158636856
USPH,2015-08-07,43.93745,3.2673613948674074,6.863610000000001,0.38519525439236796,2.5243592820346668,Hammer,2015-08-14,44.10108,2015-10-30,43.75438,RSI > 90,11,-0.007861485478360297,-0.00808732038757474,-808.7320379487419,99191.26796205125
USPH,2016-11-04,48.52452,1.303414654913837,4.6295,0.3305022140619935,1.6749836441142476,Hammer,2016-11-11,48.83053,2016-11-18,52.80867,Profit target (+2%),1,0.08146829452803384,0.08125518449374865,8059.804770365528,107251.07273241678
USPH,2023-11-10,78.12089,2.501888148106417,7.179490000000001,0.43328843692239893,1.2259499397066416,Hammer,2023-11-17,77.77946,2023-11-24,80.49993,Profit target (+2%),1,0.03497671493219423,0.034845906238855466,3737.2608207132025,110988.33355313
UTHR,2018-02-09,128.71,3.0346495212948668,12.360000000000014,0.47734627831715204,1.4870896963193951,Hammer,2018-02-16,129.87,2018-02-23,133.81,Profit target (+2%),1,0.030338030338030286,0.03025986525505285,3025.9865224792993,103025.98652247929
UTHR,2020-03-20,83.14,2.933861197655162,11.280000000000001,0.32978723404255306,1.2883515896647002,Hammer,2020-03-27,82.81,2020-04-03,92.83,Profit target (+2%),1,0.12099987924163735,0.12087182273742686,12452.938767840707,115478.92529032
UVV,2018-01-19,31.79716,4.548447540753443,1.9422899999999998,0.4677416863599138,1.1291203867677848,Hammer,2018-01-26,31.76583,2018-06-01,41.62138,RSI > 90,18,0.3102563351878418,0.30989275382481357,30989.275351492084,130989.27535149208
UVV,2025-08-08,50.79263,4.5170476123981445,4.490549999999999,0.48812060883410713,1.464597162100701,Hammer,2025-08-15,50.91872,2025-08-29,54.55577,Profit target (+2%),2,0.07142854337265359,0.0712251579421143,9329.731816303392,140319.00716779547
V,2018-10-26,130.6758,3.863014275558811,8.576300000000003,0.42035609761785286,1.677665511620671,Hammer,2018-11-02,132.4499,2018-11-16,136.0645,Profit target (+2%),2,0.02729031882998778,0.027213791260270362,2721.3791233056572,102721.37912330565
V,2022-03-11,190.7872,2.438478074638212,13.743300000000005,0.2914583833577078,1.0213615064712027,Hammer,2022-03-18,192.4457,2022-03-25,209.8261,Profit target (+2%),1,0.09031326758664915,0.09025895982711422,9271.524822404692,111992.90394571034
VAC,2018-04-06,109.3222,4.913729236172216,6.7102,0.4360227713033903,1.1215735510679488,Hammer,2018-04-13,109.664,2018-04-27,113.6401,Profit target (+2%),2,0.03625711263495779,0.036164276140021274,3616.427610385699,103616.42761038571
VAC,2018-06-29,94.47835,3.4449488052213155,8.401510000000002,0.4235929017521846,1.4558947574850563,Hammer,2018-07-06,94.65398,2018-07-13,97.75698,Profit target (+2%),1,0.03278256233916421,0.03267518834451842,3385.6862843698264,107002.11389475553
VAC,2020-03-06,81.99911,4.604033463295835,16.161289999999994,0.4780750794026963,2.0800846755897586,Hammer,2020-03-13,74.33331,2020-03-20,67.41074,Profit target (+2%),1,-0.09312877362786609,-0.09325702992171855,-9978.699327191654,97023.41456756387
VAC,2025-03-07,69.55043,2.413432736232224,6.544740000000004,0.42222609301515257,1.0558486554997895,Hammer,2025-03-14,68.46326,2025-05-16,65.82162,RSI > 90,9,-0.03858478255344555,-0.03872801791662316,-3757.5245339470457,93265.89003361683
VC,2016-10-21,67.17632,3.2498633821280265,4.965389999999999,0.43512795570941987,1.5498400183960621,Hammer,2016-10-28,67.6124,2016-11-04,69.39636,Profit target (+2%),1,0.026385100957812657,0.026235258971803295,2623.525894556803,102623.5258945568
VC,2020-03-13,55.98687,2.430725306264179,10.228090000000002,0.4176351596436873,1.173655654021861,Hammer,2020-03-20,49.15823,2020-04-03,51.69543,Profit target (+2%),2,0.05161292422448893,0.05140427103752137,5275.287534634603,107898.8134291914
VC,2025-11-21,101.5603,2.1345088076375305,7.135280000000009,0.3313254700586389,1.0029027760373213,Hammer,2025-11-28,101.1818,2026-02-20,103.941,RSI > 90,12,0.027269726373715608,0.027169551759715797,2931.5623933447705,110830.37582253618
VCEL,2015-10-02,2.71,3.4432261889177624,0.43999999999999995,0.29545454545454525,1.4714818988973186,Hammer,2015-10-09,2.71,2016-03-18,4.16,RSI > 90,23,0.5350553505535056,0.5303867403314919,53038.67398011053,153038.67398011053
VCTR,2020-03-13,12.50568,2.985313739963388,4.961262,0.4686831697257674,2.5565389450539926,Hammer,2020-03-20,9.334868,2020-03-27,12.04908,Profit target (+2%),1,0.29076061921818286,0.28953428463871234,28953.428434917798,128953.42843491779
VCTR,2022-05-13,22.71182,4.772424258181047,2.7601699999999987,0.1775687729378992,1.1571756680377359,Hammer,2022-05-20,22.51927,2022-05-27,23.62204,Profit target (+2%),1,0.04897005986428504,0.04851522380081574,6256.20443414631,135209.6328690641
VCTR,2025-11-07,60.30059,1.6723240550244043,5.664580000000001,0.27304407387661606,1.4109874596893812,Hammer,2025-11-14,61.069,2025-11-21,62.21177,Profit target (+2%),1,0.0187127675252583,0.018547499754396346,2507.8006299231856,137717.4334989873
VCYT,2020-03-20,18.39,0.6969712252762008,7.1899999999999995,0.37552155771905416,2.121148885408137,Hammer,2020-03-27,18.84,2020-04-03,23.38,Profit target (+2%),1,0.24097664543524422,0.24038206420801272,24038.206396763067,124038.20639676305
VFC,2015-05-29,48.42292,4.4328481976654075,2.296349999999997,0.40419361160102024,1.274304222413467,Hammer,2015-06-05,48.57418,2015-07-10,49.36192,RSI > 90,5,0.01621725781063099,0.016009739151628313,1600.973913561858,101600.97391356184
VFC,2020-03-13,49.10019,0.3810991718862482,10.110320000000002,0.48205496957564165,2.136171545395816,Hammer,2020-03-20,44.3419,2020-04-03,47.69002,Profit target (+2%),2,0.07550691332577086,0.07527290520870655,7647.800470860007,109248.77438442186
VFC,2022-03-11,46.60903,0.266736491759076,4.227780000000003,0.3877708868484179,1.0474872901512544,Hammer,2022-03-18,47.03592,2022-03-25,50.09382,Profit target (+2%),1,0.06501201634835674,0.06479252531625673,7078.503972994171,116327.27835741603
VFC,2022-05-20,41.22504,0.5020441837281027,3.728730000000006,0.29439246070377784,1.039725179817198,Hammer,2022-05-27,41.27731,2022-06-03,43.74279,Profit target (+2%),1,0.05972966746137276,0.05948019866136369,6919.169619515689,123246.44797693171
VICI,2019-08-02,14.78445,4.86115566589406,0.6337099999999989,0.45055309210837846,1.1714187905687201,Hammer,2019-08-09,14.6591,2019-09-06,15.37639,Profit target (+2%),4,0.048931380507670985,0.048232758914628304,4823.275886639554,104823.27588663955
VICI,2023-10-06,24.81342,4.900360253218764,1.3052799999999998,0.3986730816376559,1.205325558055441,Hammer,2023-10-13,24.67466,2023-11-10,25.26442,Profit target (+2%),4,0.0239014438294185,0.023491409525090746,2462.4464991521727,107285.72238579173
VICR,2015-07-10,11.45,2.734468373314698,1.1000000000000014,0.227272727272727,1.0017263981568092,Hammer,2015-07-17,11.49,2016-03-11,9.58,RSI > 90,34,-0.1662315056570931,-0.16702914310569814,-16702.914293866896,83297.08570613312
VICR,2018-01-12,19.2,2.737019891633608,3.724999999999998,0.22147651006711402,1.905712315133903,Hammer,2018-01-19,19.15,2018-03-02,26.0,RSI > 90,6,0.3577023498694518,0.35708692247454993,29744.2999561576,113041.38566229072
VIRT,2016-11-04,8.840025,0.7238979613014465,0.7730819999999987,0.3043480510476236,1.1286051621370365,Hammer,2016-11-11,8.806414,2016-11-18,9.377821,Profit target (+2%),1,0.06488532108529088,0.06371361055104219,6371.361048732857,106371.36104873287
VITL,2025-10-03,42.02,4.068405673614478,5.100000000000001,0.15098039215686193,1.1975209253780654,Hammer,2025-10-10,42.22,2025-10-17,43.41,Profit target (+2%),1,0.02818569398389381,0.027945529899348745,2794.5529871403223,102794.55298714031
VLY,2020-03-13,5.964921,1.1109596013747733,1.2541519999999995,0.3070329593223145,2.31544563308242,Hammer,2020-03-20,5.40595,2020-04-17,6.263551,Profit target (+2%),4,0.15864020199964846,0.15664550587235138,15664.550571570588,115664.55057157058
VLY,2024-02-09,7.562515,1.8009673067689533,1.5250630000000003,0.3647055892117245,1.7804080040976606,Hammer,2024-02-16,7.589427,2024-07-26,7.349184,RSI > 90,23,-0.03165495893168213,-0.03295087305467548,-3811.247918998667,111853.3026525719
VMC,2016-09-02,105.4383,1.9888268387512085,6.33659999999999,0.4476848783259163,1.2864672612460772,Hammer,2016-09-09,105.816,2016-11-11,109.2606,RSI > 90,9,0.032552733046042226,0.032456695740920916,3245.669570846422,103245.66957084642
VMC,2020-03-20,80.47558,4.952983094982571,34.65250999999999,0.4762685300429898,3.157588439615843,Hammer,2020-03-27,80.04776,2020-04-03,94.28904,Profit target (+2%),1,0.17790978785664957,0.1777737582064628,18354.370679797634,121600.04025064406
VMI,2015-10-02,86.81206,0.1795156390209769,4.239350000000002,0.12526684515314687,1.0965033993723068,Hammer,2015-10-09,87.51412,2015-10-16,94.97572,Profit target (+2%),1,0.08526166977397454,0.08514253799626853,8514.253791112598,108514.2537911126
VMI,2020-03-20,86.69701,1.3796951781680207,13.046999999999997,0.4815620449145396,1.2976796458050979,Hammer,2020-03-27,86.79135,2020-04-03,93.38296,Profit target (+2%),1,0.07594777590163071,0.07582818862774769,8228.439297043333,116742.69308815592
VNO,2018-02-23,48.09801,4.261151279923666,2.3313300000000012,0.32926698493992856,1.1579982862004192,Hammer,2018-03-02,48.10513,2018-03-23,49.21393,Profit target (+2%),3,0.023049516756320942,0.022839264828425736,2283.926480558647,102283.92648055866
VNO,2018-12-28,45.36513,4.83700001719815,2.4030099999999948,0.20060673904810972,1.0613543959912157,Hammer,2019-01-04,45.44547,2019-01-18,47.38103,Profit target (+2%),2,0.042590823683856804,0.042366118546188915,4333.3729503116465,106617.29943087029
VNO,2019-08-09,46.62501,4.021268308717552,2.0026200000000003,0.21428428758326268,1.082615766565768,Hammer,2019-08-16,46.41421,2019-09-20,47.75431,Profit target (+2%),5,0.028872623276362974,0.028654085237555787,3055.021182635144,109672.32061350545
VNO,2021-08-06,36.81062,3.48041399503839,2.8604699999999994,0.43185560414896806,1.201172147684097,Hammer,2021-08-13,36.56062,2021-10-01,38.31925,Profit target (+2%),7,0.048101755385986156,0.04782169699296762,5244.716479649938,114917.03709315539
VNOM,2018-11-16,20.54077,1.430472567988474,2.17689,0.316414701707482,1.1027844778404452,Hammer,2018-11-23,20.33932,2019-01-25,19.85196,RSI > 90,9,-0.02396146970498536,-0.02444711840946271,-2444.711838501559,97555.28816149845
VNT,2022-03-11,22.70995,2.1457956149681934,2.034019999999998,0.49029016430516986,1.0804993425508542,Hammer,2022-03-18,22.70995,2022-03-25,24.17128,Profit target (+2%),1,0.06434756571458777,0.0638931628729097,6389.316280901654,106389.31628090166
VOYA,2016-07-01,21.88198,1.7010875365146347,2.6272599999999997,0.4847483690232409,1.238091928472981,Hammer,2016-07-08,21.56137,2016-07-22,22.40744,Profit target (+2%),2,0.03924008539346069,0.03876730298144763,3876.7302942680326,103876.73029426804
VOYA,2020-03-13,39.67777,1.6212713517471258,10.03201,0.49820424820150644,2.768823672436977,Hammer,2020-03-20,34.2295,2020-04-03,35.51728,Profit target (+2%),2,0.03762193429644012,0.03732433656107139,3877.1300384897704,107753.86033275782
VRRM,2025-03-14,20.66,2.1822702054688534,1.629999999999999,0.29447852760736243,1.0542104023492262,Hammer,2025-03-21,20.62,2025-03-28,21.54,Profit target (+2%),1,0.044616876818622586,0.044121212121212075,4412.121207709088,104412.12120770907
VRRM,2026-02-06,18.87,3.3796285059888334,2.4800000000000004,0.27822580645161193,1.7369664841071326,Hammer,2026-02-13,18.9,2026-03-19,14.51,End of data,5,-0.2322751322751322,-0.23274266067178,-24301.154871965446,80110.96633574364
VRSK,2022-01-28,187.8691,3.9355548502543485,11.478800000000007,0.3480067602885312,1.1831849875800753,Hammer,2022-02-04,187.7233,2022-02-11,192.204,Profit target (+2%),1,0.023868640706827593,0.023814736510158575,2381.4736486343845,102381.47364863438
VRSN,2018-10-26,136.9611,1.7545425435046411,13.047199999999975,0.44057728861364975,1.889541560018759,Hammer,2018-11-02,139.697,2018-11-09,162.4234,Profit target (+2%),1,0.16268352219446358,0.1626061187384574,16260.611857585129,116260.61185758513
VRTX,2016-01-29,90.75,3.0493239519428954,14.11,0.37845499645641417,1.2303290038645303,Hammer,2016-02-05,91.92,2016-06-10,94.49,RSI > 90,18,0.027959094865100065,0.027848789774272523,2784.8789746423727,102784.87897464239
VSAT,2015-07-10,58.2,1.3480278804676402,2.950000000000003,0.4406779661016935,1.1581883393970474,Hammer,2015-07-17,58.58,2015-07-24,60.08,Profit target (+2%),1,0.025606008876749797,0.025433131347614598,2543.313132218147,102543.31313221814
VSCO,2022-03-11,46.9,4.813004597240749,9.360700000000001,0.3589475146089501,1.2363529068345767,Hammer,2022-03-18,47.25,2022-03-25,50.95,Profit target (+2%),1,0.07830687830687832,0.07808697492328859,7808.697484520162,107808.69748452015
VSCO,2023-06-02,20.14,0.3620649854544382,4.579999999999998,0.39956331877729234,1.1445403444766955,Hammer,2023-06-09,20.0,2023-08-11,20.2,RSI > 90,9,0.010000000000000009,0.00949762559360152,1023.9266434178959,108832.62412793803
VSH,2020-02-28,16.45188,3.482131359041645,1.7859500000000015,0.4433494778689221,1.5940784497966014,Hammer,2020-03-06,16.53986,2020-05-15,14.71577,RSI > 90,10,-0.1102844885023212,-0.11085557689820297,-11085.557678734738,88914.44232126526
VST,2026-02-06,149.65,2.0197249942633277,21.44999999999999,0.4815850815850811,1.2006609619668467,Hammer,2026-02-13,150.0,2026-02-20,170.88,Profit target (+2%),1,0.1392,0.13912869571014297,13912.869557101429,113912.86955710144
VTOL,2017-02-10,44.30081,2.8205118105902187,5.474039999999995,0.4316939591234264,1.360393185363845,Hammer,2017-02-17,44.06151,2017-09-22,31.43832,RSI > 90,31,-0.28649018156663264,-0.28668460470320895,-28668.46044165243,71331.53955834758
VTOL,2020-03-20,16.03325,1.661268970954481,6.582009999999999,0.4500995896390313,1.6634713761401279,Hammer,2020-03-27,15.97342,2020-04-03,17.52888,Profit target (+2%),1,0.09737801923445333,0.09672170339745738,6899.3080051471825,78230.84756349477
VTR,2015-05-08,37.7725,4.826385974376208,2.049289999999999,0.34400206900926666,1.2834309154995642,Hammer,2015-05-15,37.59216,2015-08-07,37.05282,RSI > 90,12,-0.014347140467586894,-0.01461120999564867,-1461.120998103746,98538.87900189626
VTR,2017-10-27,44.02106,2.6297688291332406,1.648139999999998,0.2820512820512834,1.0493378917189136,Hammer,2017-11-03,44.18306,2017-11-10,45.14096,Profit target (+2%),1,0.021680254830697576,0.02145149617340081,2113.806383726577,100652.68538562283
VTR,2018-03-02,35.58343,2.764285539861987,2.111600000000003,0.36163099071793997,1.1308752555110373,Hammer,2018-03-09,35.58343,2018-04-13,36.63514,Profit target (+2%),5,0.029556172634285005,0.029271029938662645,2946.20776438315,103598.89315000598
VTRS,2020-03-13,12.19776,2.001509273236806,1.714170000000001,0.4255295565784025,1.1187849216964998,Hammer,2020-03-20,10.53627,2020-03-27,12.92719,Profit target (+2%),1,0.2269228104443033,0.2258665227244914,22586.65224986249,122586.65224986248
VTRS,2025-04-11,7.204211,2.8438984634001514,1.0892309999999998,0.3947372045048299,1.3778683957281326,Hammer,2025-04-17,7.328422,2025-05-02,7.763159,Profit target (+2%),2,0.059322047775087317,0.05791798153713243,7099.971454606437,129686.62370446893
VVV,2022-05-13,28.82696,3.7555784364815423,2.762129999999999,0.15026809020574722,1.4208652664289545,Hammer,2022-05-20,28.82696,2022-05-27,29.90414,Profit target (+2%),1,0.03736710357248918,0.03701378609015834,3701.378605314456,103701.37860531444
VVV,2025-04-11,34.01,3.2165065911908073,3.9350000000000023,0.3049555273189332,1.7003045285578784,Hammer,2025-04-17,34.39,2025-06-13,36.8,Profit target (+2%),8,0.07007851119511477,0.06977758395115566,7236.031644246874,110937.41024956132
VYX,2025-03-07,10.89,3.170802488113594,1.5399999999999991,0.33441558441558383,1.3689497973346025,Hammer,2025-03-14,10.77,2025-05-16,11.09,RSI > 90,9,0.029712163416898862,0.02877030162413,2877.0301595359697,102877.03015953596
WAB,2016-07-01,66.29623,1.2893458581588675,4.467610000000008,0.25158641868918824,1.0954352200906785,Hammer,2016-07-08,65.91841,2016-07-22,67.39187,Profit target (+2%),2,0.02235278429804355,0.022199397755668426,2219.939773346903,102219.9397733469
WABC,2020-03-13,44.84087,2.56851676467015,7.63017,0.3338706739168323,2.553468834916386,Hammer,2020-03-20,40.31655,2020-03-27,43.40393,Profit target (+2%),1,0.07657847707703169,0.0763209747641151,7632.097468779413,107632.09746877941
WAFD,2018-09-28,25.28483,2.1690972296928095,2.085989999999999,0.49242326185648133,1.8758485905744253,Hammer,2018-10-05,25.41915,2019-01-25,23.41938,RSI > 90,16,-0.07867178878916081,-0.07904964374423523,-7904.9643665185595,92095.03563348144
WAFD,2020-03-27,20.21783,1.7431463157855234,4.1707,0.26548780780204756,1.9825132242599903,Hammer,2020-04-03,20.29985,2020-04-17,22.86707,Profit target (+2%),2,0.12646497387911726,0.12594133913818625,11598.572104061062,103693.60773754251
WAFD,2023-05-05,23.63058,1.1923063239161706,4.131979999999999,0.4880178510060557,1.8391412811654815,Hammer,2023-05-12,24.05368,2023-06-09,25.58611,Profit target (+2%),4,0.06370875475187177,0.06327986406569283,6561.717395551246,110255.32513309376
WAL,2015-08-28,26.27802,1.1386570432342467,2.4559700000000007,0.34275662976339244,1.6003011166059113,Hammer,2015-09-04,26.07841,2015-09-18,27.32809,Profit target (+2%),2,0.04792009942323938,0.047527528034102824,4752.75279865753,104752.75279865754
WAL,2016-01-22,28.03104,4.688444282769709,2.938320000000001,0.46960848375942726,1.5973722037309508,Hammer,2016-01-29,27.74466,2016-04-08,29.51504,RSI > 90,10,0.06380975654414223,0.06343789437420132,6645.294060802766,111398.0468594603
WAL,2020-03-20,23.19731,0.6446755912656386,7.012930000000001,0.3178386209473073,1.7288271466518643,Hammer,2020-03-27,22.59821,2020-04-03,26.7214,Profit target (+2%),1,0.1824564865978322,0.18197371081364092,20271.51594413633,131669.5628035966
WAL,2022-10-21,57.12226,1.43600732254977,11.857480000000002,0.4452219189912195,1.8001476307517885,Hammer,2022-10-28,56.96564,2022-11-04,61.28666,Profit target (+2%),1,0.07585309319793465,0.07567090697945461,9963.555228972862,141633.11803256944
WAT,2025-04-11,325.22,3.8476844284278116,43.44999999999999,0.41219792865362426,1.5592264788079035,Hammer,2025-04-17,332.74,2025-05-09,348.74,Profit target (+2%),3,0.048085592354390805,0.04805481675156652,4805.4816703511715,104805.48167035118
WBS,2015-08-28,25.57063,2.0966448947423117,3.3717900000000007,0.366953457955567,2.456367034557351,Hammer,2015-09-04,25.49827,2015-10-16,27.0901,RSI > 90,6,0.06242894125758336,0.06202459527738979,6202.459521536519,106202.45952153653
WBS,2020-03-13,24.17675,0.8877039173057142,6.369970000000002,0.44472579933657486,2.0327157537088945,Hammer,2020-03-20,20.55873,2020-04-17,21.55429,Profit target (+2%),4,0.048425170231818804,0.04792710271920507,5089.976181430924,111292.43570296744
WD,2018-11-02,37.33013,0.4830658509643797,5.830269999999999,0.48561387380001286,2.276399656795712,Hammer,2018-11-09,37.42014,2018-11-16,38.09113,Profit target (+2%),1,0.017931253063189878,0.01766165737790144,1766.1657360239788,101766.16573602399
WD,2023-10-06,66.2611,4.569094213733706,5.845759999999991,0.32232763575651363,1.0810817771965742,Hammer,2023-10-13,65.60851,2023-11-10,70.73734,Profit target (+2%),4,0.07817324307471707,0.078014878338318,7939.275030913743,109705.44076693773
WDAY,2020-03-20,125.0,1.0401436250393488,30.960000000000008,0.46866925064599485,1.9843734486210183,Hammer,2020-03-27,125.66,2020-04-03,136.8,Profit target (+2%),1,0.08865191787362736,0.08856881390999902,8856.88138214302,108856.88138214302
WDAY,2026-02-27,133.76,0.6271198852491153,24.807100000000005,0.3550233602476717,1.4893397462521385,Hammer,2026-03-06,131.765,2026-03-13,149.69,Profit target (+2%),1,0.13603764277311892,0.13595659102982474,14799.810488054354,123656.69187019736
WEC,2017-02-03,42.76685,4.0212313228205545,2.233319999999999,0.4717640105314077,1.4549351446571814,Hammer,2017-02-10,42.95977,2017-03-03,44.45679,RSI > 90,3,0.034847020829022135,0.03461021669614425,3461.021666153403,103461.0216661534
WEC,2022-10-14,74.48383,1.9491131760768354,5.363189999999989,0.4266863564408497,1.136964965635352,Hammer,2022-10-21,75.20834,2022-11-04,80.96912,Profit target (+2%),2,0.0765976220190474,0.07645957485733244,7910.585722988764,111371.60738914218
WELL,2017-10-27,49.86524,1.1779301465392393,2.2200300000000013,0.411368314842591,1.2562004533959674,Hammer,2017-11-03,49.85781,2017-11-17,51.29221,Profit target (+2%),2,0.02876981560160785,0.028566380434636558,2856.6380406070175,102856.63804060702
WELL,2020-03-20,35.64687,0.7715883888434121,18.638560000000002,0.1816953670240621,2.7458310189726167,Hammer,2020-03-27,34.27713,2020-04-03,40.88214,Profit target (+2%),1,0.19269437085310237,0.19237456949145232,19787.001442612913,122643.63948321993
WEN,2017-11-10,10.89232,3.8814732926924194,1.1185299999999998,0.3760918348189137,1.9540406002289437,Hammer,2017-11-17,10.92237,2017-12-08,11.23129,Profit target (+2%),3,0.028283238894122764,0.027355164142881524,2735.516411552636,102735.51641155264
WEN,2020-03-20,8.656038,2.2633654690492904,6.472252,0.4963329610775352,3.8621352549673342,Hammer,2020-03-27,8.561091,2020-04-03,10.90313,Profit target (+2%),1,0.2735678198024063,0.27224074551624555,27968.793550908784,130704.30996246143
WEN,2022-05-13,14.17633,0.20025189215355965,2.1064100000000003,0.3922313319819028,2.005568628569956,Hammer,2022-05-20,14.13543,2022-06-03,15.3085,Profit target (+2%),2,0.08298792466872262,0.08225138839483663,10750.610952850915,141454.92091531234
WEN,2024-05-31,15.47554,4.200513747594599,0.8292099999999998,0.32085961336693913,1.0119063490132085,Hammer,2024-06-07,15.52053,2024-07-26,15.83544,Profit target (+2%),7,0.020289899893882524,0.01963926513297766,2778.070693442135,144232.9916087545
WERN,2020-03-06,30.68345,4.631706919859326,2.654679999999999,0.45043470399445523,1.366861120042311,Hammer,2020-03-13,29.243,2020-04-03,32.41014,Profit target (+2%),3,0.10830420955442333,0.10794379102844641,10794.379092050262,110794.37909205027
WERN,2020-10-30,35.33808,2.3940859273870956,5.325809999999997,0.4991278321982947,1.90353070590313,Hammer,2020-11-06,35.4775,2020-11-20,38.56331,Profit target (+2%),2,0.08697935311112692,0.08668526738533086,9604.240366781847,120398.61945883211
WERN,2025-05-02,25.68421,3.495361170166163,5.159510000000001,0.4192936926180976,2.0895059935030216,Hammer,2025-05-09,25.37868,2025-05-23,27.18229,Profit target (+2%),2,0.07106792000214357,0.07065996734909988,8507.362511330415,128905.98197016252
WEX,2020-03-13,135.3,2.3859646510056933,43.62999999999998,0.4203529681411869,2.3499370877095775,Hammer,2020-03-20,110.03,2020-04-17,122.15,Profit target (+2%),4,0.1101517767881488,0.11005589130731128,11005.58911972554,111005.58911972554
WFRD,2019-05-03,637.64,2.4995592983736117,435.26599999999996,0.4558966241332886,1.54738429300786,Hammer,2019-05-10,615.9822,2019-09-27,54.84773,RSI > 90,20,-0.9109589043319758,-0.9109697947429423,-91096.97939230777,8903.02060769223
WGO,2025-04-11,29.9303,0.1579206440383416,5.304160000000003,0.485946879430485,1.2434609056763712,Hammer,2025-04-17,30.17074,2025-05-02,31.87851,Profit target (+2%),2,0.05660351718254186,0.05626274616629109,5626.274611002835,105626.27461100282
WH,2020-03-20,23.3093,0.20654376147986397,19.074559999999998,0.47177025315393906,3.6962678511572005,Hammer,2020-03-27,23.19978,2020-04-03,28.84913,Profit target (+2%),1,0.24350877465217335,0.24302535943025522,24302.535918722984,124302.53591872299
WHD,2020-03-20,11.16451,0.28773191148484045,4.052165,0.12933086387153536,1.3214822355067617,Hammer,2020-03-27,11.22066,2020-04-17,14.91721,Profit target (+2%),3,0.329441405407525,0.32840385331463795,32840.38529862341,132840.3852986234
WHR,2020-03-13,86.61052,2.0332946138715187,13.603470000000002,0.2749585216124996,1.6815852278598848,Hammer,2020-03-20,78.78458,2020-05-08,82.15356,Profit target (+2%),7,0.042761921177976614,0.042632287162845645,4263.228712021335,104263.22871202134
WHR,2025-04-11,76.77924,3.890744455775163,11.291070000000005,0.4794975144074032,1.393476444446794,Hammer,2025-04-17,78.29101,2025-05-23,78.38161,RSI > 90,5,0.0011572209887187324,0.0010294266591616725,107.33134709909416,104370.56005912044
WINA,2025-03-14,303.4979,0.705000151475005,23.0351,0.4671132315466393,1.0407096658272341,Hammer,2025-03-21,300.9906,2025-03-28,313.0042,Profit target (+2%),1,0.039913538828123096,0.03987965272582071,3987.9652685941064,103987.9652685941
WING,2020-03-20,51.1672,1.0154423128012695,19.69502,0.43836259115248405,2.4707865486461005,Hammer,2020-03-27,51.63828,2020-04-03,69.50332,Profit target (+2%),1,0.34596504763520386,0.34573791594956776,34573.79156038299,134573.79156038296
WING,2022-03-18,114.9081,1.8099767541863656,15.643800000000013,0.36225213822728475,1.106491411190813,Hammer,2022-03-25,114.9081,2022-07-22,98.46651,RSI > 90,17,-0.1430846911575424,-0.14316548765980558,-19266.322475704932,115307.46908467803
WLK,2015-07-10,55.62497,2.802930386772289,3.487729999999999,0.08780496196666673,1.1189947240391762,Hammer,2015-07-17,56.07582,2015-10-16,51.0395,RSI > 90,13,-0.08981268575296808,-0.08998299240275028,-8998.299231276727,91001.70076872327
WLK,2016-01-15,38.13561,4.162617020471572,5.308499999999995,0.48387115004238507,1.4289135737364829,Hammer,2016-01-22,38.51234,2016-02-12,38.5894,Profit target (+2%),3,0.0020009171086461386,0.0017410340381759078,158.4370584118089,91160.13782713507
WLY,2025-11-21,34.79716,3.0269651979102576,2.7580799999999996,0.1827974533008477,1.174080377967694,Hammer,2025-11-28,34.40174,2025-12-05,35.68686,Profit target (+2%),1,0.03735625000363374,0.0370601806506517,3706.018061359152,103706.01806135915
WM,2015-05-08,39.88596,4.16559040817225,1.9114199999999997,0.4737681932803908,1.5058442248471975,Hammer,2015-05-15,39.7485,2015-08-07,41.59983,RSI > 90,12,0.04657609721121547,0.04631868892047243,4631.868887415374,104631.86888741537
WM,2022-01-28,138.3758,4.089663619485918,6.277900000000017,0.4262253301263165,1.211404845241241,Hammer,2022-02-04,138.0109,2022-03-11,147.0863,RSI > 90,5,0.06575857414160757,0.06568373643906253,6872.612092254927,111504.48097967029
WMB,2017-10-27,18.11468,2.41070754304522,0.9810600000000029,0.4709701751167105,1.3284107245482066,Hammer,2017-11-03,18.17165,2017-12-08,18.56407,Profit target (+2%),5,0.021595177102794905,0.021039080358591866,2103.9080337552787,102103.90803375527
WMB,2019-08-09,16.60628,2.8915669891733558,0.9829500000000007,0.3521135357851358,1.054229992432983,Hammer,2019-08-16,16.5509,2019-09-20,17.63622,RSI > 90,5,0.06557468173936187,0.06495086343841193,6631.736980596872,108735.64501435214
WMB,2020-03-20,8.450669,0.37633313929029555,4.250989000000001,0.46206917966619077,2.9008116499003687,Hammer,2020-03-27,8.362718,2020-04-03,10.07777,Profit target (+2%),1,0.20508308423170551,0.2037654710639149,22156.569905631528,130892.21491998367
WPC,2023-03-24,63.13477,3.523330018268368,3.8242899999999977,0.4743704060100026,1.2958121318199274,Hammer,2023-03-31,63.35541,2023-07-28,60.69682,RSI > 90,17,-0.04196310938560732,-0.042117625185821794,-4211.762514370417,95788.23748562958
WRB,2017-09-08,15.77334,2.043742036878612,1.0003600000000006,0.3911991682994133,1.9810290359139804,Hammer,2017-09-15,16.04239,2017-10-13,16.56222,RSI > 90,4,0.032403525908546005,0.03177027541550363,3177.027538373336,103177.02753837332
WRLD,2020-03-13,62.61,3.5951865690490052,18.784999999999997,0.45754591429331914,1.9937917293673504,Hammer,2020-03-20,56.52,2020-04-17,61.1,Profit target (+2%),4,0.081033262561925,0.08084918177797429,8084.918169712513,108084.9181697125
WSC,2017-10-20,9.903934,4.268350734561579,0.09854699999999994,0.49999492627884423,1.3311500140037655,Hammer,2017-10-27,9.85466,2017-12-08,10.98795,RSI > 90,6,0.11500041604682432,0.11392786363829964,11392.786352437179,111392.7863524372
WSC,2018-02-16,12.02269,3.202405172714677,0.7208699999999997,0.41011555481570733,1.1911097238064654,Hammer,2018-02-23,12.07196,2018-03-16,12.81106,Profit target (+2%),3,0.06122452360677122,0.06037115300539204,6724.91094185502,118117.6972942922
WSC,2018-05-04,12.41687,4.914060420168184,2.020199999999999,0.2195129195129196,2.5270107987909776,Hammer,2018-05-11,12.3676,2018-06-29,15.1269,RSI > 90,7,0.223107150942786,0.2222087515962693,26246.78603094392,144364.48332523613
WSC,2020-03-13,12.11138,0.9266413844232204,3.5723199999999995,0.417930084650871,2.4999335585743028,Hammer,2020-03-20,10.80071,2020-05-15,11.57923,Profit target (+2%),8,0.0720804465632352,0.07112165697580279,10267.441252279004,154631.92457751514
WSFS,2023-03-24,36.50165,0.931824315161137,5.339790000000001,0.4338747403924125,1.4981539773050916,Hammer,2023-03-31,37.10728,2023-06-16,37.68124,RSI > 90,11,0.015467584797376643,0.015196048316082967,1519.6048300886919,101519.6048300887
WSM,2020-03-20,16.15251,0.6187806573450416,6.91933,0.3350439999248484,2.3065489651001214,Hammer,2020-03-27,15.98818,2020-04-03,18.55517,Profit target (+2%),1,0.16055548536481323,0.15988002386017044,15988.00237002904,115988.00237002905
WSM,2025-03-21,161.1544,1.677737382191907,27.016699999999986,0.4680179296509194,1.6800902871641852,Hammer,2025-03-28,164.0398,2025-05-23,167.6306,RSI > 90,8,0.021889809668141247,0.021828183520599103,2531.80739938887,118519.80976941793
WSR,2015-08-28,5.874475,3.1677476017954973,1.4345240000000006,0.3908453256968861,3.6739283159106186,Hammer,2015-09-04,5.805724,2015-09-25,6.116381,Profit target (+2%),3,0.05350874412906981,0.051741745090628996,5174.174503888724,105174.17450388872
WSR,2016-01-22,5.502438,3.547377500875058,0.7441689999999994,0.2725980254485208,1.8490106820365062,Hammer,2016-01-29,5.486671,2016-02-05,5.783535,Profit target (+2%),1,0.05410639712131449,0.05223619550406416,5493.898735869792,110668.07323975852
WSR,2018-02-09,7.748358,0.32738286705139785,0.5655739999999998,0.41111154331705524,1.4231261937432562,Hammer,2018-02-16,7.779779,2018-05-04,7.075217,RSI > 90,11,-0.09056324093525026,-0.0917896320499271,-10158.181712193636,100509.89152756489
WST,2017-07-28,87.01675,3.931667911773971,14.313310000000001,0.3530210692006247,3.6312110333523737,Hammer,2017-08-04,87.31798,2017-09-15,89.6015,RSI > 90,6,0.026151773094155395,0.02603575828493257,2603.5758258896813,102603.57582588967
WT,2020-03-20,2.227931,2.8860966581947167,0.9752790000000002,0.43119251004071674,1.6280687011044905,Hammer,2020-03-27,2.281616,2020-04-17,2.487409,Profit target (+2%),3,0.09019615921346968,0.08562565817784883,8562.565809222317,108562.56580922232
WTFC,2020-03-13,35.61092,0.7468670070787056,10.211100000000002,0.4826375219124287,2.3281077969472794,Hammer,2020-03-20,30.11713,2020-04-17,35.84432,Profit target (+2%),4,0.190163870196131,0.18980032288553314,18980.032269573283,118980.03226957328
WTFC,2023-03-17,68.48233,0.9819444712749856,20.858530000000002,0.32954527476289064,3.2724330436653117,Hammer,2023-03-24,70.70092,2023-06-16,66.96523,RSI > 90,12,-0.05283792629572559,-0.052975620711815705,-6303.041055489466,112676.99121408381
WTRG,2022-10-14,35.62591,0.2305578098249157,2.4191000000000003,0.47970732917200626,1.0711937899276665,Hammer,2022-10-21,36.09009,2022-11-04,39.36614,Profit target (+2%),2,0.09077422638735477,0.09048460607800135,9048.460598751673,109048.46059875168
WTW,2022-05-13,195.8213,4.11898047781186,14.50370000000001,0.4401428600977682,1.202595413153359,Hammer,2022-05-20,195.4407,2022-06-03,202.1099,Profit target (+2%),2,0.034123905614337424,0.034071867531493445,3407.186749742158,103407.18674974216
WU,2023-03-17,8.252902,0.21059354610588343,0.7667890000000002,0.2368109088680208,1.1437631339133314,Hammer,2023-03-24,8.406301,2023-05-12,9.357379,RSI > 90,7,0.11313870393172931,0.1118825732190538,11188.257310717123,111188.25731071712
WWD,2019-08-09,103.8692,2.8763205708896322,6.3155,0.20973794632253812,1.2228307235568416,Hammer,2019-08-16,103.4085,2019-11-08,105.2584,RSI > 90,12,0.01788924508140033,0.01779168097008602,1779.1680952294341,101779.16809522944
WY,2016-01-22,17.06096,3.7719871119133046,1.6913300000000007,0.3293620996493882,1.55169202796906,Hammer,2016-01-29,16.98042,2016-03-11,18.55387,RSI > 90,6,0.09266260787424585,0.09204659054648044,9204.659045443386,109204.65904544339
WY,2025-04-11,24.92938,3.4958394104048836,2.56869,0.3605183965367573,1.567159712947309,Hammer,2025-04-17,25.16128,2025-05-23,25.43183,Profit target (+2%),5,0.010752632616464641,0.010353139200549227,1130.6110353153817,110335.27008075878
WYNN,2020-03-20,50.40431,0.5157755772048489,30.686790000000002,0.490202135837603,2.1767327664830582,Hammer,2020-03-27,51.89791,2020-04-03,59.89937,Profit target (+2%),1,0.15417692157545448,0.15396940171562626,15396.940156165685,115396.94015616569
WYNN,2022-05-13,64.27349,4.470928750063408,10.047890000000002,0.18243233156413963,1.197224583271998,Hammer,2022-05-20,62.97387,2022-08-12,65.13669,RSI > 90,12,0.034344721072406825,0.03418321097218804,3944.6379469585318,119341.57810312421
XEL,2021-10-01,54.05148,4.025188569483404,2.2186299999999974,0.4795346677904838,1.0484241678743564,Hammer,2021-10-08,53.96498,2021-10-22,56.58582,Profit target (+2%),2,0.04856556974541637,0.04837578224042345,4837.578219204766,104837.57821920478
XEL,2023-03-03,58.27359,3.3061743970212234,3.4239099999999993,0.4248388538250137,1.2241053851615782,Hammer,2023-03-10,57.93344,2023-03-24,60.51894,Profit target (+2%),2,0.044628801604047696,0.044452353221798885,4660.277053257783,109497.85527246256
XHR,2015-08-14,13.21682,4.740822945065744,1.2317999999999998,0.1837879525897064,1.1248575942706558,Hammer,2015-08-21,13.15024,2016-03-11,10.86839,RSI > 90,29,-0.17352154789570384,-0.1742157497696735,-17421.574959545775,82578.42504045424
XHR,2021-08-06,15.52237,1.5870675022617036,1.7035699999999991,0.42597016852844294,1.2667504546139938,Hammer,2021-08-13,15.22148,2021-10-01,16.59318,Profit target (+2%),7,0.09011607281289336,0.08942973031193038,7384.966273566815,89963.39131402106
XNCR,2015-08-21,17.72,2.927676473296259,3.16,0.48101265822784794,1.545192476148502,Hammer,2015-08-28,16.71,2015-09-04,17.0,Profit target (+2%),1,0.017354877318970674,0.016751420879449492,1675.1420862698074,101675.1420862698
XPO,2015-08-14,13.58453,3.8212542909298293,1.6698900000000005,0.44938888190240045,1.5347628166813128,Hammer,2015-08-21,13.42552,2016-03-24,10.94021,RSI > 90,31,-0.18511834178489917,-0.18579399755184464,-18579.399736605068,81420.60026339492
XPO,2020-03-13,21.37576,4.92810945970173,5.913630000000001,0.3944396250695427,2.021345775888662,Hammer,2020-03-20,18.56207,2020-04-17,21.36539,Profit target (+2%),4,0.1510241045314451,0.15044484670979338,12249.309713396502,93669.90997679143
XRAY,2019-08-09,46.29422,1.0350637332671795,2.7138300000000015,0.23452463861037692,1.1673490566624354,Hammer,2019-08-16,46.05554,2019-10-11,47.32902,Profit target (+2%),8,0.027650962294655468,0.027430855131094823,2743.085510366397,102743.08551036639
XYL,2016-11-04,42.2409,3.5902173605055197,2.896260000000005,0.4461512433276006,1.6644624847890197,Hammer,2016-11-11,43.04995,2016-11-18,47.35941,Profit target (+2%),1,0.10010371672905527,0.09985983028664527,9985.983018678544,109985.98301867854
XYZ,2022-05-13,84.15,1.2131632558051137,28.86850000000001,0.3401111938618216,1.2359205783975127,Hammer,2022-05-20,82.27,2022-06-03,90.0,Profit target (+2%),2,0.09395891576516346,0.0938316621087816,9383.166201494994,109383.166201495
YELP,2020-03-20,17.8,0.6567063627670393,8.125000000000002,0.3950769230769231,2.235476430541289,Hammer,2020-03-27,17.75,2020-04-03,18.24,Profit target (+2%),1,0.027605633802816776,0.027034638130104083,2703.4638103069447,102703.46381030694
ZBH,2016-02-12,82.08586,1.0270117794550373,6.144369999999995,0.48908350245834875,1.2925651682471093,Hammer,2016-02-19,82.21107,2016-02-26,85.53815,Profit target (+2%),1,0.040469975637100974,0.040345883718353175,4034.5883678007285,104034.58836780074
ZBRA,2020-03-13,184.02,0.9269615459581075,41.08000000000001,0.4498539435248292,2.2937311980333828,Hammer,2020-03-20,155.0,2020-03-27,179.85,Profit target (+2%),1,0.16032258064516136,0.16025289506790094,16025.289490764804,116025.28949076482
ZBRA,2022-02-25,418.07,4.390552092721649,38.53000000000003,0.2042564235660524,1.0773046167145774,Hammer,2022-03-04,414.25,2022-03-25,437.62,Profit target (+2%),3,0.05641520820760415,0.05639038756321593,6542.711034975842,122568.00052574064
ZD,2022-05-13,80.26,2.3211015024078563,8.950000000000003,0.23575418994413394,1.163252197159756,Hammer,2022-05-20,79.16,2022-07-29,80.32,RSI > 90,10,0.014653865588681203,0.014526621613086516,1452.6621598559896,101452.662159856
ZD,2024-08-09,41.3,4.330050516341686,4.340000000000003,0.32949308755760337,1.0199877310297063,Hammer,2024-08-16,41.25,2024-08-23,43.63,Profit target (+2%),1,0.0576969696969698,0.05744758211125934,5828.210134005971,107280.87229386196
ZION,2016-07-01,18.88775,4.439879092593529,1.606819999999999,0.25471428037988025,1.1116269681988502,Hammer,2016-07-08,18.54667,2016-07-22,19.70632,Profit target (+2%),2,0.06252604915060234,0.06197016225493461,6197.016219296445,106197.01621929643
ZION,2023-05-05,21.12177,2.3173126965416486,8.667390000000001,0.43589708089747875,1.8598989176725198,Hammer,2023-05-12,22.49966,2023-05-26,24.71292,Profit target (+2%),2,0.09836859756991889,0.09790238999389474,10396.941687692582,116593.95790698902
ZWS,2015-10-02,8.233208,0.6905970194758027,0.6414240000000007,0.3507461523111088,1.0530359359920458,Hammer,2015-10-09,8.094392,2015-10-16,8.845911,Profit target (+2%),1,0.09284440387863602,0.09155242763901289,9155.242754746047,109155.24275474604
ZWS,2017-11-17,11.45469,1.942886393926159,0.5839800000000004,0.14753929929107382,1.0851107542586957,Hammer,2017-11-24,11.49777,2017-12-08,11.87114,Profit target (+2%),2,0.03247325350915875,0.03158978228722312,3448.190350683225,112603.43310542927
ZWS,2020-03-13,12.18144,2.979272913918436,2.9122199999999996,0.4184505291495834,2.495929434541071,Hammer,2020-03-20,10.43986,2020-04-17,12.27739,Profit target (+2%),4,0.17601098099016665,0.17496931505065655,19702.14554310724,132305.57864853652
