ticker,signal_date,signal_close,rsi_at_signal,signal_range,signal_body_percentile,signal_atr_mult,pattern,entry_date,entry_price,exit_date,exit_price,exit_reason,bars_held,gross_return,net_return,pnl,equity_after
A,2011-08-12,22.911645889282227,1.3851431906370522,3.2649574279785156,0.28875940688570595,1.4114268990151186,Hammer,2011-08-19,23.234346389770508,2011-08-26,20.24146842956543,Stop loss (-3%),1,-0.12881265993016122,-0.1292152502846158,-12921.525015540057,87078.47498445994
A,2025-03-07,125.4020767211914,4.6947765680286295,7.967529296875,0.34782537919411677,1.0257699282778592,Hammer,2025-03-14,123.92733764648438,2025-03-21,119.85944366455078,Stop loss (-3%),1,-0.03282483154393012,-0.03290419642987568,-2865.2472428374385,84213.2277416225
A,2026-02-27,121.1036605834961,1.7807091888852682,11.309196472167969,0.39214838371497635,1.3851228389300836,Hammer,2026-03-06,118.57942199707031,2026-03-13,113.67062377929688,Stop loss (-3%),1,-0.041396712305569516,-0.0414792949608083,-3493.1053096033784,80720.12243201912
AABA-201910,2002-06-28,2.011779546737671,6.1810307984075195,0.35165250301361084,0.24806203652697148,1.1817199242664058,Hammer,2002-07-05,2.011779546737671,2002-07-12,1.8127824068069458,Stop loss (-3%),1,-0.09891597727664625,-0.10362914492503536,-10362.914482140623,89637.08551785939
AABA-201910,2002-07-12,1.7637145519256592,1.1572313567434946,0.3652825355529785,0.32089587796144653,1.1722630171963333,Hammer,2002-07-19,1.7459957599639893,2002-08-09,1.5797104835510254,Stop loss (-3%),3,-0.09523807573071852,-0.10067715778854276,-9024.406993362223,80612.67852449717
AABA-201910,2015-08-14,9.878983497619629,8.786652580377734,1.0467796325683594,0.37760334102264154,1.6502502129297623,Hammer,2015-08-21,9.878983497619629,2015-08-28,7.910819053649902,Stop loss (-3%),1,-0.19922742501229618,-0.2001383798795426,-16133.69086150957,64478.9876629876
AAL,2017-03-24,40.41477584838867,6.490205741499295,3.1039886474609375,0.21372951927756448,1.1500414154255538,Hammer,2017-03-31,39.775577545166016,2017-06-09,48.07223129272461,RSI(2) acum > 180,10,0.20858663178774872,0.2083090356883357,20830.903548002665,120830.90354800267
AAL,2017-08-25,44.007286071777344,3.392646878641287,3.3260765075683594,0.24561337108948048,1.154085379629312,Hammer,2017-09-01,43.98783493041992,2017-09-15,42.80133819580078,Stop loss (-3%),2,-0.026973292422687867,-0.02719753651956158,-3286.302908652123,117544.60063935054
AAL,2022-03-11,14.020000457763672,5.884063075533788,2.3099002838134766,0.31603076000802605,1.1085465430204928,Hammer,2022-03-18,14.039999961853027,2022-06-24,13.21500015258789,Stop loss (-3%),14,-0.05876067033523347,-0.05945174877415753,-6988.232059981114,110556.36857936943
AAL-199702,1994-03-11,19.101064682006836,6.649469713016657,1.5812187194824219,0.30465589242159963,1.3201850366306702,Hammer,1994-03-18,18.97783088684082,1994-03-31,18.36166763305664,Stop loss (-3%),2,-0.03246752789916707,-0.032985767903471304,-3298.5767870485533,96701.42321295144
AAMRQ-201312,1996-06-28,19.263263702392578,7.865324525627429,1.0055007934570312,0.315788774821121,1.0695210545952947,Hammer,1996-07-05,19.289724349975586,1996-07-12,18.099000930786133,Stop loss (-3%),1,-0.061728379192259486,-0.062230659397369034,-6223.065933513837,93776.93406648617
AAMRQ-201312,2002-07-05,15.649999618530273,0.9288943067070647,2.59999942779541,0.3846154692610526,1.1679551632803993,Hammer,2002-07-12,15.850000381469727,2002-07-19,13.8100004196167,Stop loss (-3%),1,-0.12870661910128378,-0.1292967462964513,-12125.05244032845,81651.88162615772
AAPL,2008-07-25,4.853126525878906,9.292470115599443,0.6537890434265137,0.28617273055477555,1.5624758997147503,Hammer,2008-08-01,4.859712600708008,2008-08-08,4.687880516052246,Stop loss (-3%),1,-0.035358486967053904,-0.037377765056315466,-3737.77650189377,96262.22349810624
AAPL,2008-09-19,4.218197345733643,2.658660505627992,0.8085553646087646,0.2510179643543663,1.8737880112252343,Hammer,2008-09-26,4.189159870147705,2008-10-03,3.5808725357055664,Stop loss (-3%),1,-0.14520508963547651,-0.14741625345348705,-14190.616323002429,82071.6071751038
AAV-199901,1991-12-13,13.362825393676758,6.486932736064915,1.0834722518920898,0.22222192882159453,1.1154797981480848,Hammer,1991-12-20,13.483211517333984,1992-01-31,13.122054100036621,Stop loss (-3%),6,-0.026785711759624964,-0.02751717059154803,-2751.7170564030857,97248.2829435969
AAV-199901,1993-07-02,12.566668510437012,4.353405420712818,0.7250003814697266,0.3333333333333333,1.0184438125786994,Hammer,1993-07-09,12.44583511352539,1993-09-24,12.566668510437012,RSI(2) acum > 180,11,0.00970874158378554,0.008901683774707056,865.673461531464,98113.95640512838
ABBV,2015-08-28,41.15253448486328,4.340900047664363,7.236110687255859,0.3511112587201349,3.0952910889378944,Hammer,2015-09-04,41.25544738769531,2015-09-11,38.734066009521484,Stop loss (-3%),1,-0.06111632615395768,-0.0613512828493647,-6135.128278801343,93864.87172119865
ABI-200811,2008-09-19,34.439998626708984,3.368744454441071,4.129999160766602,0.35108984445176183,2.4858943986409376,Hammer,2008-09-26,34.290000915527344,2008-10-10,32.2400016784668,Stop loss (-3%),2,-0.059784169796631814,-0.06006704131994532,-6006.704125987828,93993.29587401218
ABKFQ-201304,2006-06-16,76.16952514648438,3.0667738066887438,3.1012649536132812,0.3613726324697593,1.319319933233269,Hammer,2006-06-23,76.32411193847656,2006-07-14,80.17896270751953,RSI(2) acum > 180,3,0.05050632979719816,0.050372009727324335,5037.200967695233,105037.20096769524
ABS-200606,1991-05-17,16.26871109008789,5.0823161143371465,1.084580421447754,0.12499989008718285,1.0996165154363722,Hammer,1991-05-24,16.359092712402344,1991-06-07,15.274511337280273,Stop loss (-3%),2,-0.06629838183506442,-0.0668892186300366,-6688.921856314739,93311.07814368526
ABS-200606,1999-04-09,42.60243225097656,7.0146294130126705,3.3005447387695312,0.24615414843426744,1.0758023792907814,Hammer,1999-04-16,42.95787811279297,1999-04-23,40.30230712890625,Stop loss (-3%),1,-0.061818020362041204,-0.062043585089635624,-5789.353810824021,87521.72433286122
ABS-200606,1999-11-05,28.3441104888916,8.602317055478906,4.056493759155273,0.3417721042839121,1.273056511004062,Hammer,1999-11-12,27.933326721191406,1999-12-10,24.74974822998047,Stop loss (-3%),4,-0.11397061735563851,-0.11430815177591108,-10004.446538725704,77517.27779413553
ABT,1993-01-22,3.003448009490967,4.448726859021036,0.18855738639831543,0.3571422249253035,1.038548392603052,Hammer,1993-01-29,3.016916275024414,1993-02-26,2.626333475112915,Stop loss (-3%),4,-0.1294642490230652,-0.1325591986853648,-13255.919855280561,86744.08014471945
ABT,1997-10-31,7.350193977355957,6.575659766030313,0.6968073844909668,0.3225808879834614,1.810851086169487,Hammer,1997-11-07,7.492552280426025,1997-11-28,7.837209701538086,RSI(2) acum > 180,3,0.046000002163810505,0.04463555685843702,3871.8703175605733,90615.95046228002
ABT,2002-03-22,13.789704322814941,6.444713429407074,0.744694709777832,0.2068951386212028,1.1327314971657356,Hammer,2002-03-28,13.751184463500977,2002-04-12,13.430195808410645,Stop loss (-3%),2,-0.02334261866258247,-0.02406108001594037,-2180.3176326130906,88435.63282966692
ABT,2010-04-30,17.326465606689453,0.9520139205720568,0.7992668151855469,0.2923712432525307,1.4009702865232283,Hammer,2010-05-07,17.424680709838867,2010-05-14,16.865869522094727,Stop loss (-3%),1,-0.032070096264582126,-0.0326346303878678,-2886.064187627304,85549.56864203961
ABT,2011-08-12,17.58615493774414,2.713515141999892,1.3606853485107422,0.2161465451624705,2.1669901441187376,Hammer,2011-08-19,17.72080421447754,2011-10-28,19.156757354736328,RSI(2) acum > 180,10,0.08103205265851554,0.08044504627294388,6882.039001157225,92431.60764319682
ABT,2021-06-04,99.4908218383789,0.5071309860538946,5.40740966796875,0.33838393814549356,1.132521062166492,Hammer,2021-06-11,100.11895751953125,2021-07-16,108.15723419189453,RSI(2) acum > 180,5,0.08028725899183642,0.08018337340288617,7411.478102472041,99843.08574566885
ABT,2022-01-28,115.39311981201172,5.9951370370431505,6.011299133300781,0.2327718923282139,1.2084166150581157,Hammer,2022-02-04,115.54961395263672,2022-02-25,107.28292846679688,Stop loss (-3%),3,-0.07154230293861752,-0.0716257464996791,-7151.335542213665,92691.7502034552
ABT,2022-05-13,101.55510711669922,7.967729181413617,6.072235107421875,0.20091343133559492,1.0163999306476215,Hammer,2022-05-20,101.11148071289062,2022-06-24,96.91544342041016,Stop loss (-3%),5,-0.041499118229662346,-0.04159596203138303,-3855.602518229761,88836.14768522544
ACAS-201701,2008-07-18,15.211991310119629,5.174188431052045,4.518199920654297,0.1626795500578765,2.246924008358067,Hammer,2008-07-25,15.69479751586914,2008-08-08,15.262433052062988,Stop loss (-3%),2,-0.027548266447463554,-0.028176443891013037,-2817.6443862836595,97182.35561371634
ACKH-200712,1990-09-28,17.63048553466797,0.22588552034486042,1.806051254272461,0.19047598931661616,1.3302742162151895,Hammer,1990-10-05,18.060497283935547,1990-10-12,15.996439933776855,Stop loss (-3%),1,-0.11428574295097782,-0.11480765337154676,-11480.76532567391,88519.2346743261
ACKH-200712,1996-04-19,46.210147857666016,5.362994621715629,3.0046920776367188,0.37930990704134515,1.338933279140843,Hammer,1996-04-26,46.41736602783203,1996-08-02,44.66135025024414,Stop loss (-3%),14,-0.0378310086904754,-0.03804234744366742,-3367.479477560766,85151.75519676534
ACKH-200712,1998-07-17,58.425140380859375,7.3130136685151115,3.6721267700195312,0.2985074161720128,1.1610032175156788,Hammer,1998-07-24,58.31552505493164,1998-08-07,53.82128143310547,Stop loss (-3%),2,-0.07706770397064444,-0.07723256293703913,-6576.48828585704,78575.2669109083
ACKH-200712,1999-08-13,47.216552734375,2.140221101355209,3.9442405700683594,0.13043457235731784,1.2582814926230126,Hammer,1999-08-20,46.98789978027344,1999-09-03,45.101524353027344,Stop loss (-3%),2,-0.04014598303110439,-0.040354509641095763,-3170.866362937056,75404.40054797125
ACN,2011-08-12,41.123878479003906,5.251809468462184,3.0649032592773438,0.2629000580001643,1.3280035026971153,Hammer,2011-08-19,41.357322692871094,2011-08-26,36.47005081176758,Stop loss (-3%),1,-0.1181718632368326,-0.11839934419223443,-11839.934407383505,88160.0655926165
ACN,2015-09-04,78.14715576171875,3.489495438988911,3.5246963500976562,0.3497659035171833,1.1326456436878667,Hammer,2015-09-11,79.65300750732422,2015-10-16,86.6196517944336,RSI(2) acum > 180,5,0.08746241360024953,0.08733138707329255,7699.1408049765105,95859.20639759302
ACN,2019-10-04,169.43028259277344,8.859480719252758,9.394424438476562,0.35425623667109,1.459733622988812,Hammer,2019-10-11,168.22413635253906,2019-11-29,177.33639526367188,RSI(2) acum > 180,7,0.054167369253343534,0.05410631658988136,5186.588564216361,101045.79496180937
ACN,2020-03-13,149.9819793701172,1.2166865990884048,24.9144287109375,0.3376719141201084,2.554858567943666,Hammer,2020-03-20,133.57052612304688,2020-06-12,187.75563049316406,RSI(2) acum > 180,12,0.40566662378945173,0.4055765748600702,40981.807383641775,142027.60234545113
ACN,2022-03-11,288.31597900390625,6.2432809796764985,19.76519775390625,0.3342710594658358,1.0610444975048916,Hammer,2022-03-18,285.993408203125,2022-05-13,269.75885009765625,Stop loss (-3%),8,-0.056765497524817965,-0.056799470345063545,-8067.092579533837,133960.5097659173
ACN,2026-02-27,206.96487426757812,1.4296174109441324,25.077346801757812,0.20956890577187645,1.3066710387690026,Hammer,2026-03-06,203.51414489746094,2026-03-20,195.8292999267578,Stop loss (-3%),2,-0.03776074127218565,-0.037808949003692,-5064.906077183245,128895.60368873405
ACS-201002,2005-04-29,47.66999816894531,3.0380011191408585,2.6999969482421875,0.39259213210735416,1.0290873089408914,Hammer,2005-05-06,47.869998931884766,2005-09-23,53.70000076293945,RSI(2) acum > 180,20,0.12178821727884981,0.12156662059325009,12156.662047168349,112156.66204716834
ACS-201002,2006-05-12,53.31999969482422,0.16669475165682002,4.720001220703125,0.32627129602689686,1.8325583063807251,Hammer,2006-05-19,53.0,2006-05-26,50.95000076293945,Stop loss (-3%),1,-0.0386792308879349,-0.03886424369513347,-4358.8838414749935,107797.77820569335
ACY-199411,1991-03-22,46.51076889038086,5.151329850072742,3.144084930419922,0.3793106795291937,1.3640989841785118,Hammer,1991-03-28,46.185516357421875,1991-05-03,50.95585250854492,RSI(2) acum > 180,5,0.10328640940606193,0.10305873427106976,10305.873416801103,110305.87341680111
ADBE,2005-07-08,27.93000030517578,4.633159349609969,2.440000534057617,0.31147543546557666,1.262085260432839,Hammer,2005-07-15,27.75,2005-08-19,26.8799991607666,Stop loss (-3%),5,-0.03135138159399631,-0.03170602915631051,-3170.6029124604484,96829.39708753955
ADBE,2016-02-12,76.66999816894531,2.0643046582830067,7.060005187988281,0.23512782468399093,1.311952719044871,Hammer,2016-02-19,77.12999725341797,2016-05-27,96.70999908447266,RSI(2) acum > 180,14,0.25385715711518464,0.2537110588953513,24566.688842711417,121396.08593025096
ADBE,2019-10-04,276.9599914550781,5.244038774343537,15.799896240234375,0.17024864263488182,1.083959614761189,Hammer,2019-10-11,276.32000732421875,2019-10-25,265.6300048828125,Stop loss (-3%),2,-0.03868703734095946,-0.038722526582082736,-4700.763159694179,116695.3227705568
ADBE,2021-10-08,576.8599853515625,1.7112043318693821,34.0050048828125,0.3398009110848659,1.2809672321333918,Hammer,2021-10-15,574.5,2021-11-12,666.5599975585938,RSI(2) acum > 180,4,0.1602436859157419,0.16022488500290483,18697.494652591828,135392.81742314863
ADI,2020-03-13,89.55719757080078,8.299326276914556,14.682388305664062,0.24449842812232067,1.9807486647066688,Hammer,2020-03-20,80.62750244140625,2020-03-27,76.98383331298828,Stop loss (-3%),1,-0.045191392739293956,-0.045312609900368686,-4531.260985505607,95468.7390144944
ADM,1990-08-24,4.359854698181152,1.254952939920102,0.3963503837585449,0.2499990976976854,1.3583093552191339,Hammer,1990-08-31,4.558029651641846,1991-01-11,4.190957546234131,Stop loss (-3%),19,-0.08053306657965509,-0.08263634782036515,-8263.63477377288,91736.36522622712
ADM,1992-04-24,4.998600482940674,2.7147363821208472,0.4187307357788086,0.24999943061600516,1.0780158343166353,Hammer,1992-05-01,5.129453659057617,1992-07-10,4.977641582489014,Stop loss (-3%),10,-0.029596149348290357,-0.03151495510786294,-2891.067428971999,88845.29779725512
ADM,1993-04-16,5.406792163848877,4.951089984603172,0.3861994743347168,0.35714312171957935,1.1961107352882714,Hammer,1993-04-23,5.461963653564453,1993-04-30,5.2136921882629395,Stop loss (-3%),1,-0.04545461688297625,-0.04724221371640561,-4197.248542038378,84648.04925521673
ADM,1997-10-31,9.706804275512695,2.0357356721071227,1.3087825775146484,0.2500003643364195,2.313397664716074,Hammer,1997-11-07,9.65227222442627,1997-12-05,9.345728874206543,Stop loss (-3%),4,-0.03175867226827489,-0.03277771847614364,-2774.569925267664,81873.47932994907
ADM,2008-07-18,18.591108322143555,2.486946852876372,2.2244720458984375,0.22346398414081203,1.1683044930246915,Hammer,2008-07-25,18.70295524597168,2008-08-08,17.56586456298828,Stop loss (-3%),2,-0.0607973803085643,-0.061315663197900626,-5020.126678415309,76853.35265153376
ADM,2011-08-12,18.00413703918457,8.747631561783066,1.2803535461425781,0.3402068305937665,1.0178026235933095,Hammer,2011-08-19,18.103134155273438,2011-09-30,16.945016860961914,Stop loss (-3%),6,-0.06397330342791296,-0.06450787719458907,-4957.6466298799405,71895.70602165381
ADM,2018-12-28,32.687583923339844,4.283209704303459,1.867635726928711,0.33905751655213195,1.112479862388436,Hammer,2019-01-04,32.735679626464844,2019-06-07,31.314481735229492,Stop loss (-3%),22,-0.043414338955296894,-0.043713139359467815,-3142.787013529095,68752.9190081247
ADM,2019-08-09,31.273719787597656,5.622169351962853,2.5191822052001953,0.3818767286226214,1.6852409620246531,Hammer,2019-08-16,31.00467872619629,2019-11-15,35.60921859741211,RSI(2) acum > 180,13,0.1485111299452162,0.14816470405204338,10186.755887366147,78939.67489549087
ADP,1998-05-29,14.105761528015137,4.549707796747526,0.6789608001708984,0.3469397788022058,1.0269047918397567,Hammer,1998-06-05,14.105761528015137,1998-07-02,15.7161226272583,RSI(2) acum > 180,4,0.11416335772052166,0.11341422616106502,11341.422604765077,111341.42260476509
ADP,2000-02-04,21.542682647705078,3.472977579353909,2.244029998779297,0.2499995750171268,1.5937065206309835,Hammer,2000-02-11,21.542682647705078,2000-02-18,20.617019653320312,Stop loss (-3%),1,-0.04296878942713178,-0.04342290582622903,-4834.768103490314,106506.65450127478
ADP,2002-07-05,19.663576126098633,1.4917176734602435,2.0568599700927734,0.16222283836878598,1.3702278252889315,Hammer,2002-07-12,19.663576126098633,2002-07-19,18.19178009033203,Stop loss (-3%),1,-0.0748488487713661,-0.0753382464631172,-8024.024578755085,98482.6299225197
ADP,2011-08-12,29.26028060913086,2.314869876850622,2.110799789428711,0.25219962283143893,1.6446270284637157,Hammer,2011-08-19,29.309799194335938,2011-11-04,32.506187438964844,RSI(2) acum > 180,11,0.1090552761359962,0.10869555078666769,10704.623691643214,109187.25361416291
ADP,2025-09-19,285.5804443359375,9.614261980612312,12.381683349609375,0.23143622619373316,1.1763080283064773,Hammer,2025-09-26,283.09625244140625,2025-11-07,254.5773468017578,Stop loss (-3%),6,-0.10073925526637317,-0.10077279910852077,-11003.105162668042,98184.14845149488
ADSK,1998-08-28,6.148478984832764,6.759586553998375,1.3729615211486816,0.39130430252536286,1.2663390045568754,Hammer,1998-09-04,6.476795673370361,1998-09-11,6.088784694671631,Stop loss (-3%),1,-0.059907861582550015,-0.06140443154262148,-6140.443148121705,93859.5568518783
ADSK,1999-04-23,6.452834129333496,4.024883740571909,1.5456790924072266,0.36893202086426014,1.3893236080115514,Hammer,1999-04-30,6.542873382568359,1999-05-21,6.2277350425720215,Stop loss (-3%),3,-0.048165128922704636,-0.049655563111821226,-4660.649144245366,89198.90770763293
ADSK,2001-04-06,7.236032009124756,3.9434412634602722,1.4646239280700684,0.16676916685739623,1.3339987129973478,Hammer,2001-04-12,7.234810829162598,2002-02-01,9.906111717224121,RSI(2) acum > 180,42,0.3692288507798782,0.36759260025711826,32788.85839155465,121987.76609918756
ADSK,2013-03-01,37.36000061035156,7.961609029266356,2.479999542236328,0.35887078787356735,1.224979637357678,Hammer,2013-03-08,37.34000015258789,2013-04-26,36.15999984741211,Stop loss (-3%),7,-0.031601507775944615,-0.03186505021592071,-3887.1462885914552,118100.6198105961
ADSK,2016-01-22,49.029998779296875,3.510911974637807,4.770000457763672,0.1802936117022425,1.204963852663097,Hammer,2016-01-29,48.810001373291016,2016-02-05,46.650001525878906,Stop loss (-3%),1,-0.04425322242654284,-0.04445354473756946,-5249.991181035024,112850.62862956108
ADSK,2016-02-12,44.91999816894531,0.806918881787098,4.159999847412109,0.20192312100935425,1.014295597087691,Hammer,2016-02-19,44.97999954223633,2016-03-18,56.209999084472656,RSI(2) acum > 180,4,0.24966651081646485,0.24941646451950938,28146.80478344245,140997.43341300354
ADSK,2020-03-13,158.02999877929688,1.785868399573431,30.800003051757812,0.2818179160954942,2.3600094065342647,Hammer,2020-03-20,140.98919677734375,2020-06-05,210.0,RSI(2) acum > 180,11,0.48947582368059805,0.48938754076255647,69002.38712281972,209999.82053582327
ADT-201604,2013-05-03,40.90467071533203,9.054829580424439,4.334953308105469,0.281995842947178,1.574085599019491,Hammer,2013-05-10,41.1491584777832,2013-05-31,40.18061065673828,Stop loss (-3%),3,-0.023537487931080014,-0.023777617068107004,-2377.761704432939,97622.23829556706
ADT-201604,2014-10-03,33.637046813964844,5.5815896084411065,1.9746818542480469,0.3804880121935435,1.2763902791586006,Hammer,2014-10-10,33.743003845214844,2014-10-17,31.00734519958496,Stop loss (-3%),1,-0.08107335844131824,-0.0813576606848465,-7942.316930603656,89679.92136496342
AEE,2001-07-27,13.357466697692871,2.1564848938350565,0.7202720642089844,0.17535418266557212,1.0810586531732782,Hammer,2001-08-03,13.449633598327637,2002-01-25,15.439184188842773,RSI(2) acum > 180,25,0.14792600675475076,0.14712779623825561,14712.779609112782,114712.77960911278
AEE,2002-10-11,15.092361450195312,7.321101151424386,1.3030967712402344,0.36440680446956814,1.506927207976009,Hammer,2002-10-18,15.096041679382324,2002-11-15,14.599098205566406,Stop loss (-3%),4,-0.03291879317573876,-0.0335700996380968,-3850.9194373900355,110861.86017172274
AEE,2004-05-14,16.88258934020996,4.672620068741068,0.6796474456787109,0.15384572209546743,1.3740424921840828,Hammer,2004-05-21,16.88258934020996,2004-08-13,18.63791275024414,RSI(2) acum > 180,12,0.10397240462714175,0.10334947012706547,11457.514494590858,122319.3746663136
AEE,2005-08-19,23.326169967651367,9.83673931146015,0.759796142578125,0.3446323854279632,1.197499796851718,Hammer,2005-08-26,23.326169967651367,2005-09-23,24.441072463989258,RSI(2) acum > 180,4,0.04779620905978277,0.047357354897754174,5792.722031151252,128112.09669746485
AEE,2011-08-12,16.434043884277344,7.816074376690565,1.5354442596435547,0.3398433569560816,2.29060985240303,Hammer,2011-08-19,16.54200553894043,2011-11-04,19.458560943603516,RSI(2) acum > 180,11,0.17631208004358467,0.175654464961834,22503.461778028468,150615.5584754933
AEE,2014-08-08,26.37967300415039,6.479496365898541,1.3698348999023438,0.25252580104373784,1.3656945106570042,Hammer,2014-08-15,26.441938400268555,2014-10-31,28.810462951660156,RSI(2) acum > 180,11,0.08957454311925739,0.0891794927524635,13431.819092041678,164047.377567535
AEE,2016-08-19,37.839351654052734,6.856031531014224,1.503997802734375,0.3880597772051214,1.140911717280178,Hammer,2016-08-26,37.93662643432617,2016-09-16,36.2867431640625,Stop loss (-3%),3,-0.043490511026853196,-0.04374834255291581,-7176.800861555237,156870.57670597977
AEE,2023-10-06,67.99415588378906,7.67166148838831,4.493125915527344,0.12270025113639643,1.363836100443994,Hammer,2023-10-13,67.99415588378906,2024-01-26,64.07247161865234,Stop loss (-3%),15,-0.05767678433775092,-0.057819603994143424,-9070.194614402455,147800.3820915773
AEP,2004-04-23,12.840553283691406,3.30453208304381,0.4965963363647461,0.28571456006022444,1.0200442276927741,Hammer,2004-04-30,12.903149604797363,2004-05-14,12.240429878234863,Stop loss (-3%),2,-0.05136108212804902,-0.05211589167764849,-5211.58916255326,94788.41083744675
AEP,2011-08-12,20.7450008392334,8.136551566638843,1.827371597290039,0.31428634054540955,2.326024105627744,Hammer,2011-08-19,20.890031814575195,2011-09-09,21.60357666015625,RSI(2) acum > 180,3,0.03415719286187047,0.03367043667721543,3191.5671816445647,97979.9780190913
AEP,2012-11-16,25.528854370117188,8.522033033111882,0.7070846557617188,0.30434618414095965,1.0394221313224072,Hammer,2012-11-23,25.633378982543945,2013-02-08,27.766931533813477,RSI(2) acum > 180,11,0.08323337132894015,0.08282709888621922,8115.397320141465,106095.37533923276
AEP,2021-06-11,70.75617218017578,2.839374344068105,3.6396484375,0.35321220150254895,1.3704279503319075,Hammer,2021-06-18,70.73113250732422,2021-08-27,76.87747192382812,RSI(2) acum > 180,10,0.08689722896586516,0.08674971614921882,9203.743686219528,115299.1190254523
AES,2007-01-12,13.205652236938477,1.0480387394621573,0.9144315719604492,0.2965518104481301,1.5525612602406043,Hammer,2007-01-19,12.839879989624023,2007-04-27,14.567839622497559,RSI(2) acum > 180,14,0.13457755323802933,0.13374664724476112,13374.664711101446,113374.66471110146
AES,2008-09-19,8.33078670501709,2.0941227419648953,1.87931489944458,0.2248320248938841,2.0338516344723527,Hammer,2008-09-26,8.387544631958008,2008-10-03,7.819965839385986,Stop loss (-3%),1,-0.06766924260640561,-0.06882046124278639,-7802.496710861764,105572.1680002397
AES,2011-08-12,6.6280517578125,2.763042548194832,0.9838018417358398,0.21794878008823265,1.9377304813387666,Hammer,2011-08-19,6.684809684753418,2011-08-26,6.571293830871582,Stop loss (-3%),1,-0.016981164645680336,-0.018463283666101556,-1949.2088830845464,103622.95911715516
AES,2014-10-17,8.610929489135742,9.977154871110884,0.7386350631713867,0.2719301756583152,1.7741691161904212,Hammer,2014-10-24,8.617408752441406,2015-01-30,8.23993968963623,Stop loss (-3%),14,-0.04380308206898442,-0.044937450071067996,-4656.551546886929,98966.40757026823
AES,2019-08-16,11.840527534484863,2.0896101248198136,0.6971893310546875,0.3575430609966952,1.126612199742301,Hammer,2019-08-23,11.840527534484863,2019-10-04,12.751937866210938,RSI(2) acum > 180,6,0.07697379437458696,0.07609710324017872,7531.056926653249,106497.46449692147
AES,2020-03-20,9.386638641357422,1.3066526496945698,3.629711627960205,0.2505446293951819,2.841986897145072,Hammer,2020-03-27,9.473625183105469,2020-08-21,14.19040298461914,RSI(2) acum > 180,21,0.49788520343038356,0.4965675623404698,52883.186287793826,159380.65078471528
AES,2021-05-14,20.854755401611328,5.6373107848506265,1.6687088012695312,0.3866992652740249,1.1189508673479185,Hammer,2021-05-21,20.66568946838379,2021-07-23,19.654598236083984,Stop loss (-3%),9,-0.048926082715346264,-0.04939802486325309,-7873.089342311734,151507.56144240353
AES,2022-02-25,17.692617416381836,0.6985979796317991,1.3208694458007812,0.14593886639442266,1.2140982407215632,Hammer,2022-03-04,17.60042381286621,2022-03-25,19.80466651916504,RSI(2) acum > 180,3,0.125238047091087,0.12463447228661748,18883.064948923173,170390.6263913267
AET-201811,1992-05-15,3.418747901916504,3.2904287205476237,0.2734997272491455,0.3076919053542677,1.4604521786990174,Hammer,1992-05-22,3.439786434173584,1992-09-04,3.324517250061035,Stop loss (-3%),15,-0.03351056419298959,-0.036364862236401944,-3636.486220003708,96363.5137799963
AET-201811,1994-04-08,4.819294452667236,1.204915804152506,0.30048322677612305,0.3461539071885032,1.1538445259906456,Hammer,1994-04-15,4.819294452667236,1994-09-16,4.563117980957031,Stop loss (-3%),22,-0.05315642657369157,-0.055174176104247234,-5316.7774740047935,91046.73630599151
AET-201811,1996-04-12,7.359824180603027,4.718700659545249,0.5857300758361816,0.3478265824897323,1.7027088871495921,Hammer,1996-04-19,7.347091197967529,1996-05-10,7.0333251953125,Stop loss (-3%),3,-0.042706153251756085,-0.044037266940395704,-4009.4494267493155,87037.28687924218
AET-201811,1996-10-25,6.535581588745117,7.364939089197009,0.4447455406188965,0.3016192791029046,1.1716753697357145,Hammer,1996-11-01,6.535581588745117,1996-11-29,7.376795291900635,RSI(2) acum > 180,4,0.12871290668364788,0.12708559504644845,11061.185383215747,98098.47226245793
AFL,2008-07-18,19.39594078063965,3.9487390350034133,1.4030818939208984,0.2906178334164833,1.4980545954570548,Hammer,2008-07-25,19.386308670043945,2008-08-01,17.761686325073242,Stop loss (-3%),1,-0.08380256255184348,-0.08429664922491263,-8429.6649140616,91570.3350859384
AFS-200011,1998-10-09,27.175979614257812,9.912957989501535,6.602075576782227,0.25581406770519005,1.9730738727855148,Hammer,1998-10-16,28.005077362060547,2000-01-07,27.163162231445312,Stop loss (-3%),64,-0.03006294607690696,-0.03041459399070231,-3041.459396028771,96958.54060397124
AGC-200108,1993-11-05,11.044816017150879,2.2230437629249593,1.118748664855957,0.3857128121981804,1.5118137462558277,Hammer,1993-11-12,11.093904495239258,1993-12-23,10.603023529052734,Stop loss (-3%),6,-0.04424780891138691,-0.04512886532192164,-4512.886527679277,95487.11347232074
AGN-201503,1995-03-10,6.016519069671631,8.382328723688104,0.371063232421875,0.14285714285714285,1.084706039134428,Hammer,1995-03-17,6.043023586273193,1995-05-05,5.777978420257568,Stop loss (-3%),7,-0.0438596941136683,-0.04547686729262714,-4547.686724715028,95452.31327528498
AGN-201503,1997-10-31,7.257162094116211,7.203428328866977,0.6196818351745605,0.3555553503590042,1.57688035865609,Hammer,1997-11-07,7.339786529541016,1997-12-26,7.119750499725342,Stop loss (-3%),7,-0.02997853260855443,-0.031319634531304597,-2989.5315639599885,92462.78171132498
AGN-201503,2001-03-23,31.351215362548828,6.52791566386982,5.600069046020508,0.23770447972768846,1.515836820582659,Hammer,2001-03-30,32.177452087402344,2001-06-01,39.84355163574219,RSI(2) acum > 180,9,0.2382444553880998,0.23789671239304927,21996.591765843783,114459.37347716876
AGN-201503,2002-02-08,31.53713607788086,8.056775473998059,2.838113784790039,0.07467595526579833,1.2551743410871323,Hammer,2002-02-15,31.81357765197754,2002-03-01,29.501792907714844,Stop loss (-3%),2,-0.07266660699253336,-0.07296946990081424,-8352.03979945628,106107.3336777125
AGN-201503,2002-07-26,26.637723922729492,4.263420354218766,4.497030258178711,0.34255318336762464,1.8321397395752024,Hammer,2002-08-02,26.76689338684082,2002-09-20,25.395389556884766,Stop loss (-3%),7,-0.051238812443969106,-0.05160276899336175,-5475.432222797119,100631.90145491538
AGN-201503,2011-03-18,69.71104431152344,7.7379296228652095,3.175445556640625,0.3406244894428801,1.1596087170364964,Hammer,2011-03-25,70.38582611083984,2011-04-21,75.8138656616211,RSI(2) acum > 180,4,0.07711836104947412,0.07697081921229078,7745.719886129631,108377.62134104501
AGN-201503,2011-08-12,73.94401550292969,3.455137186372241,6.9207763671875,0.27259678984037394,1.9542278730279832,Hammer,2011-08-19,74.27168273925781,2011-08-26,73.23836517333984,Stop loss (-3%),1,-0.013912672068378873,-0.014046367277607807,-1522.3118725075124,106855.3094685375
AGN-202005,2020-03-20,170.20281982421875,3.502062886487167,17.251373291015625,0.2950346103701974,2.1579169508332368,Hammer,2020-03-27,167.1250457763672,2020-05-08,190.4600067138672,RSI(2) acum > 180,6,0.13962575644541575,0.13956174564034166,13956.17455007799,113956.17455007798
AHM-199810,1994-11-25,14.845934867858887,0.5072817395059985,1.4621000289916992,0.23076948163976407,1.4225839644721283,Hammer,1994-12-02,14.845934867858887,1994-12-16,14.396058082580566,Stop loss (-3%),2,-0.030303028356421846,-0.03096618424161346,-3096.618421064728,96903.38157893527
AHM-199810,1996-07-19,23.660442352294922,8.701142366898083,1.6729602813720703,0.2142848184897499,1.203966201928065,Hammer,1996-07-26,23.42144775390625,1996-10-11,28.44317054748535,RSI(2) acum > 180,11,0.21440701899999226,0.21393438929482686,20730.965737962128,117634.34731689739
AIG,1993-10-29,162.07080078125,7.565881727029989,8.328643798828125,0.18919032805326239,1.3134929497419485,Hammer,1993-11-05,162.07080078125,1993-11-12,155.31785583496094,Stop loss (-3%),1,-0.04166663528369707,-0.04172704940336435,-4172.704936163729,95827.29506383628
AIG,2002-06-14,753.9970092773438,5.3163120716483405,51.70135498046875,0.3981902428946669,1.1521231650481216,Hammer,2002-06-21,769.7880859375,2002-07-19,731.0706176757812,Stop loss (-3%),4,-0.050296268504293584,-0.0503166145208637,-4821.7050620075315,91005.59000182875
AIG,2002-07-26,664.6309204101562,3.60119281648592,122.00103759765625,0.11792892466474725,2.139392508180982,Hammer,2002-08-02,687.791259765625,2002-09-27,654.9707641601562,Stop loss (-3%),8,-0.04771868665015144,-0.04774013897319029,-4344.619510204488,86660.97049162426
AIG,2007-10-26,753.5656127929688,8.114028768454261,71.90093994140625,0.37773986120837844,1.939666732435746,Hammer,2007-11-02,753.6868286132812,2007-11-09,713.5532836914062,Stop loss (-3%),1,-0.0532496302154003,-0.05327209419613372,-4616.611379156326,82044.35911246794
AIG,2017-09-08,47.46649932861328,1.5324981402752655,2.2073745727539062,0.32374146720815694,1.45887996936653,Hammer,2017-09-15,47.927032470703125,2017-10-13,49.6815299987793,RSI(2) acum > 180,4,0.03660768125271807,0.036395233795738474,2986.0236285337733,85030.38274100171
AIT-199910,1996-03-15,24.358640670776367,7.465825027940284,1.5119152069091797,0.3703706039897613,1.0835949372810714,Hammer,1996-03-22,24.638626098632812,1996-05-03,26.339454650878906,RSI(2) acum > 180,6,0.06903098189961465,0.06861119161111993,6861.119154250875,106861.11915425087
AIV,2003-11-14,0.4459935128688812,3.598382233920006,0.024073481559753418,0.29473663360453195,1.044389586379207,Hammer,2003-11-21,0.44662702083587646,2003-11-28,0.42564836144447327,Stop loss (-3%),1,-0.04697131703348578,-0.06584317214173353,-6584.317207589037,93415.68279241095
AIV,2004-04-16,0.3807787001132965,4.245053642490575,0.028492748737335205,0.11520744557338572,1.4209778738982197,Hammer,2004-04-23,0.3807787001132965,2004-06-25,0.405654639005661,RSI(2) acum > 180,9,0.06532912393724466,0.04423349772066552,4132.102387740421,97547.78518015138
AIV,2011-10-07,0.5884236693382263,5.842264595424112,0.06892186403274536,0.3992097322792971,1.264041597599564,Hammer,2011-10-14,0.601227343082428,2011-12-02,0.5800607204437256,Stop loss (-3%),7,-0.03520568863382589,-0.051410783420345885,-5015.008052016181,92532.77712813519
AIZ,2008-09-19,38.351985931396484,0.6807292931851094,15.112836837768555,0.25558671891475954,4.455941426852071,Hammer,2008-09-26,37.9931640625,2008-10-10,34.03202438354492,Stop loss (-3%),2,-0.10425927339030971,-0.10450872501164225,-10450.872490713351,89549.12750928666
AIZ,2009-02-06,18.192768096923828,9.088957468966115,4.216350555419922,0.39057270890652324,1.082558877431299,Hammer,2009-02-13,18.29924201965332,2009-02-27,15.65213680267334,Stop loss (-3%),2,-0.14465654993452726,-0.14516335689437657,-12999.251943211359,76549.8755660753
AIZ,2020-03-20,81.5361099243164,1.2296316499330828,21.384765625,0.3810718301899717,2.609911059397229,Hammer,2020-03-27,82.02863311767578,2020-08-14,110.93756866455078,RSI(2) acum > 180,20,0.35242493319866885,0.35228155146341006,26967.108901780884,103516.9844678562
AKS-202003,2008-09-12,36.8397102355957,4.972399253530696,9.559377670288086,0.38959772875058335,1.2429705862813518,Hammer,2008-09-19,33.95970153808594,2008-09-26,30.47930335998535,Stop loss (-3%),1,-0.10248612386057943,-0.10276546002286131,-10276.545992009585,89723.45400799043
AL-200711,1992-07-31,13.712324142456055,7.316124627421814,0.6942949295043945,0.24999965660331228,1.0786608694691981,Hammer,1992-08-07,13.712324142456055,1992-08-21,13.157094955444336,Stop loss (-3%),2,-0.040491253068662525,-0.041205499056648776,-4120.549901544327,95879.45009845568
AL-200711,1998-08-07,19.094812393188477,7.7756206249991635,1.2442741394042969,0.38461550253081894,1.0371163514273074,Hammer,1998-08-14,19.04695701599121,1998-08-21,17.563398361206055,Stop loss (-3%),1,-0.0778895365563963,-0.07839397567040177,-7516.371270793463,88363.07882766222
ALGN,2018-11-23,218.8699951171875,8.168761515597012,35.37998962402344,0.14358403959523225,1.12049075783329,Hammer,2018-11-30,221.9199981689453,2018-12-14,209.7899932861328,Stop loss (-3%),2,-0.05465935915148146,-0.0547031879372626,-5470.318788255941,94529.68121174406
ALK,2021-07-09,59.380001068115234,0.9053424629579183,5.159999847412109,0.33139518120921474,1.1203047809036122,Hammer,2021-07-16,58.81999969482422,2021-07-23,52.84000015258789,Stop loss (-3%),1,-0.10166609271102278,-0.10182744706012072,-10182.744695829326,89817.25530417069
ALK,2022-03-11,48.81999969482422,9.387692880029107,7.299999237060547,0.30958884352475974,1.3716786897479514,Hammer,2022-03-18,49.5,2022-05-20,45.93000030517578,Stop loss (-3%),9,-0.07212120595604488,-0.07231592151952762,-6495.217579180566,83322.0377249901
ALL,1998-08-07,21.506067276000977,8.281999728247257,2.0282669067382812,0.19047654871750505,1.3860147635587603,Hammer,1998-08-14,21.634845733642578,1998-09-04,20.608291625976562,Stop loss (-3%),3,-0.04744910688545867,-0.04790025402327746,-4790.02539753772,95209.97460246229
ALL,2002-07-19,19.59404754638672,7.693974923540424,1.4969234466552734,0.335820106292024,1.3619362724287531,Hammer,2002-07-26,19.32594108581543,2002-08-23,21.029529571533203,RSI(2) acum > 180,4,0.08815035077221411,0.08761024505736482,8341.369198485834,103551.34380094812
ALL,2013-06-07,35.95186996459961,9.294945773249339,2.1021156311035156,0.3279279638948421,1.7782641685427343,Hammer,2013-06-14,35.989742279052734,2013-07-19,38.792564392089844,RSI(2) acum > 180,5,0.07787836020899896,0.07758972383759516,8034.520160492915,111585.86396144102
ALL,2015-08-28,46.33914566040039,8.743999812306797,4.866794586181641,0.22164114936420334,2.3280556495450417,Hammer,2015-09-04,46.10203552246094,2015-10-23,48.23602294921875,RSI(2) acum > 180,7,0.04628835587353031,0.046066449570871124,5140.364569861444,116726.22853130248
ALL,2016-01-15,46.163997650146484,9.711499631395412,2.6365814208984375,0.36746994924504167,1.339948638898991,Hammer,2016-01-22,46.870792388916016,2016-02-19,51.198917388916016,RSI(2) acum > 180,4,0.09234162213616659,0.09211844280249522,10752.638395759135,127478.86692706161
ALL,2017-09-08,73.51277923583984,8.686454670647962,3.95416259765625,0.2925310642895732,2.092729817041947,Hammer,2017-09-15,75.01404571533203,2017-11-10,80.23976135253906,RSI(2) acum > 180,8,0.06966316224348046,0.06952521972884902,8862.996225025665,136341.86315208726
ALLE,2018-12-28,70.95038604736328,3.9469240289466967,4.561408996582031,0.3722763864566555,1.1347822744761642,Hammer,2019-01-04,71.21232604980469,2019-02-08,78.1854248046875,RSI(2) acum > 180,5,0.09791982851404057,0.09777253852543231,9777.253842765978,109777.25384276599
ALLE,2019-07-26,95.61039733886719,8.695556894484127,9.846260070800781,0.3523988256342745,2.4198771235358345,Hammer,2019-08-02,95.67398071289062,2019-08-09,90.81443786621094,Stop loss (-3%),1,-0.05079273184276467,-0.050894593675616294,-5587.068723565493,104190.1851192005
ALLE,2021-10-08,122.45679473876953,5.289339570838138,5.496345520019531,0.26949114193585105,1.006523763111548,Hammer,2021-10-15,122.00963592529297,2022-01-14,117.30925750732422,Stop loss (-3%),13,-0.03852464915842235,-0.038605027849714806,-4022.2649941714117,100167.92012502908
AMAT,2000-10-20,18.245275497436523,0.532142956924929,4.606479644775391,0.21568599847129877,1.0923952950303857,Hammer,2000-10-27,18.696889877319336,2000-11-03,17.613012313842773,Stop loss (-3%),1,-0.05797100857888582,-0.05849021519494448,-5849.021513645426,94150.97848635456
AMAT,2007-11-09,13.849411010742188,4.206259920041049,1.339787483215332,0.3756905448123633,1.4008886515661267,Hammer,2007-11-16,13.953042030334473,2007-12-21,13.115163803100586,Stop loss (-3%),5,-0.060049860482918715,-0.06074478249823482,-5719.180704430413,88431.79778192415
AMAT,2014-10-17,17.214916229248047,8.429079257371384,1.4807605743408203,0.3274845590555745,1.5204782693051913,Hammer,2014-10-24,17.085025787353516,2014-11-14,19.42306900024414,RSI(2) acum > 180,3,0.1368475085721712,0.13622233470316708,12046.385943805672,100478.18372572983
AMCR,2023-08-18,40.65828323364258,9.849201832681445,2.2092323303222656,0.3846171113225368,1.1166856843996567,Hammer,2023-08-25,40.57331466674805,2023-09-29,38.866310119628906,Stop loss (-3%),5,-0.042072099879927216,-0.04231335286396563,-4231.335282165228,95768.66471783476
AMD,1990-08-10,2.749241352081299,0.8328716185700813,0.4998619556427002,0.3750000596211055,1.0280589376753928,Hammer,1990-08-17,2.749241352081299,1990-10-05,2.6242759227752686,Stop loss (-3%),7,-0.045454513919422124,-0.04900276048939603,-4900.276044039327,95099.72395596067
AMD,2002-02-08,15.25,9.182788695310947,2.8500003814697266,0.2105264214597439,1.0375219086818754,Hammer,2002-02-15,15.010000228881836,2002-02-22,14.5,Stop loss (-3%),1,-0.033977363164892416,-0.03463204934766494,-3293.4983296986456,91806.22562626204
AME,2021-01-29,109.29413604736328,7.564391365641015,10.093742370605469,0.3977053787319341,1.7167701166501903,Hammer,2021-02-05,110.00822448730469,2021-04-09,125.44147491455078,RSI(2) acum > 180,9,0.1402917872656615,0.1401945129699012,14019.451282970665,114019.45128297068
AME,2022-01-28,131.05685424804688,7.633781363688669,6.9319610595703125,0.3417376010636307,1.2951389673032294,Hammer,2022-02-04,130.717041015625,2022-02-25,124.28022003173828,Stop loss (-3%),3,-0.049242401249866896,-0.049317015966084475,-5623.099093743358,108396.35218922733
AMG,2014-10-17,179.2359619140625,2.339584424867283,16.060089111328125,0.3535268889534961,1.7461005550019137,Hammer,2014-10-24,178.2678985595703,2014-12-12,199.98146057128906,RSI(2) acum > 180,7,0.12180298408837142,0.12174347411794871,12174.347399620521,112174.34739962053
AMG,2015-07-10,206.99020385742188,8.548548002410556,8.838363647460938,0.38335137449480433,1.1472117149968768,Hammer,2015-07-17,208.43260192871094,2015-08-07,200.79461669921875,Stop loss (-3%),3,-0.036644868215503834,-0.036691965167148295,-4115.897243318572,108058.45015630196
AMGN,1992-04-10,4.950979232788086,9.069108276827876,0.5034894943237305,0.3333336490215874,1.0986517230593071,Hammer,1992-04-16,4.971958160400391,1992-04-24,4.762170791625977,Stop loss (-3%),1,-0.0421941138695181,-0.044160983816012765,-4416.098377185179,95583.90162281482
AMGN,1993-01-08,5.832086086273193,7.703647265925184,0.4615316390991211,0.3636359879409279,1.237138012450731,Hammer,1993-01-15,5.811107158660889,1993-01-29,5.496426105499268,Stop loss (-3%),2,-0.05415165209827866,-0.05582446201633894,-5335.919880180385,90247.98174263444
AMGN,1993-02-12,4.520915508270264,0.6454083689835528,0.4825105667114258,0.28260852378401774,1.1231123072772415,Hammer,1993-02-19,4.447490215301514,1993-02-26,3.692255973815918,Stop loss (-3%),1,-0.16981133289225125,-0.17186657454198934,-15510.611465923968,74737.37027671047
AMGN,1998-09-04,10.709639549255371,2.7956673916151544,1.4370431900024414,0.3138688747180374,1.7188045692536158,Hammer,1998-09-11,11.496341705322266,1998-11-13,13.856449127197266,RSI(2) acum > 180,9,0.2052920383170571,0.20433332754451466,15271.335545295417,90008.7058220059
AMGN,2002-06-14,26.973608016967773,5.713355667828196,3.7728118896484375,0.38612060423449474,1.2127300617647156,Hammer,2002-06-21,27.9872989654541,2002-07-12,25.5101318359375,Stop loss (-3%),3,-0.08851040368612462,-0.08885183502026997,-7997.4386720874445,82011.26714991845
AMGN,2004-03-19,40.916908264160156,7.732040600214958,2.416748046875,0.3888871350641479,1.2974729550284823,Hammer,2004-03-26,40.84977340698242,2004-04-02,38.8760986328125,Stop loss (-3%),1,-0.04831543995376397,-0.048554296321978704,-3981.9993629560995,78029.26778696236
AMGN,2013-06-07,68.98764038085938,2.664860947802538,4.9571075439453125,0.3436631380648815,1.365952222896988,Hammer,2013-06-14,69.08538818359375,2013-07-26,75.57850646972656,RSI(2) acum > 180,6,0.09398685390429318,0.09383531423944577,7321.900855341577,85351.16864230394
AMGN,2021-10-15,178.93267822265625,9.28503343834086,8.109817504882812,0.2176223223609321,1.007464319782207,Hammer,2021-10-22,177.65853881835938,2021-12-31,194.29920959472656,RSI(2) acum > 180,10,0.09366659709714731,0.09360767486102,7989.524435287347,93340.69307759129
AMGN,2025-04-11,275.20281982421875,5.446725704503521,28.426788330078125,0.3710220947321976,1.7576652375086559,Hammer,2025-04-17,275.9630126953125,2025-04-25,266.8403015136719,Stop loss (-3%),1,-0.03305773151459579,-0.03309336865690936,-3088.9579636191984,90251.73511397208
AMH-199709,1996-07-19,9.125,9.409577522026382,1.25,0.2,1.1958924390254357,Hammer,1996-07-26,9.0,1996-11-22,11.0,RSI(2) acum > 180,17,0.22222222222222232,0.2209883398112159,22098.833959022755,122098.83395902276
AMP,2010-05-28,28.478649139404297,9.83189289863168,2.984569549560547,0.2877699910658025,1.251279096564485,Hammer,2010-06-04,28.18520164489746,2010-07-09,26.40304946899414,Stop loss (-3%),5,-0.0632300665560771,-0.06357358483910336,-6357.358477552978,93642.64152244701
AMP,2011-03-25,44.02598571777344,8.995571239931095,2.5680618286132812,0.3746483224945856,1.132951391026594,Hammer,2011-04-01,43.960880279541016,2011-06-10,42.092247009277344,Stop loss (-3%),10,-0.04250673003773575,-0.04272934508120997,-4001.2887399273914,89641.35278251962
AMP,2011-08-12,32.24645233154297,3.0137819134539257,4.726467132568359,0.3657413348506677,1.7239378843417592,Hammer,2011-08-19,32.54550552368164,2011-08-26,29.24864959716797,Stop loss (-3%),1,-0.10129988376166799,-0.10159153823610573,-9106.802909634782,80534.54987288483
AMP,2014-10-17,87.96463012695312,2.2787324103038173,7.809501647949219,0.3089261796763797,1.9870791409810578,Hammer,2014-10-24,87.57298278808594,2014-11-21,101.3856201171875,RSI(2) acum > 180,4,0.15772715384750757,0.15760396494287912,12692.564362164125,93227.11423504897
AMP,2015-08-28,91.16637420654297,3.7918591606358234,15.862663269042969,0.0624370235735644,3.120481090412492,Hammer,2015-09-04,90.87883758544922,2015-09-11,88.650390625,Stop loss (-3%),1,-0.02452107684975513,-0.0246297583807971,-2296.1612958520645,90930.9529391969
AMP,2016-01-29,72.82504272460938,7.208934128163563,10.700828552246094,0.3055556941890617,1.959881012088918,Hammer,2016-02-05,71.69229888916016,2016-02-12,65.33768463134766,Stop loss (-3%),1,-0.08863733422242537,-0.08877062813275337,-8071.997801050347,82858.95513814654
AMP,2020-03-13,102.09314727783203,1.997283288851051,24.789161682128906,0.22529080548387048,2.262710049526337,Hammer,2020-03-20,81.77180480957031,2020-06-05,128.10411071777344,RSI(2) acum > 180,11,0.5666049075974477,0.5664479801585747,46935.28772911779,129794.24286726433
AMP,2022-03-11,255.38748168945312,4.256710032976443,19.769088745117188,0.3490139990598856,1.1004755703900366,Hammer,2022-03-18,259.9434509277344,2022-05-06,251.10394287109375,Stop loss (-3%),7,-0.03400550398593449,-0.03404331906982889,-4418.6268189385155,125375.61604832583
AMP-199904,1994-11-25,31.808568954467773,2.4490189999994385,2.0756893157958984,0.24324264720071234,1.7254124377844364,Hammer,1994-12-02,31.864667892456055,1995-05-05,38.61683654785156,RSI(2) acum > 180,22,0.21190142882342977,0.21155440584278765,21155.440563123324,121155.44056312334
AMP-199904,1996-07-19,35.21556854248047,2.822593694272598,2.6731300354003906,0.39130496828375516,1.314054572353902,Hammer,1996-07-26,35.09934616088867,1996-11-01,32.28720474243164,Stop loss (-3%),14,-0.08011948158711313,-0.0803929349808345,-9740.04144602549,111415.39911709786
AMP-199904,1997-10-31,43.4866828918457,1.557728188966749,7.385688781738281,0.24211745795960363,2.26947430375585,Hammer,1997-11-07,44.21146011352539,1997-11-14,42.64110565185547,Stop loss (-3%),1,-0.035519172125000886,-0.035741315736546424,-3982.1329537753973,107433.26616332246
AMT,2016-11-18,81.86141967773438,6.875722647361968,5.281379699707031,0.309736060129348,1.3730413973874758,Hammer,2016-11-25,82.85850524902344,2016-12-09,79.71926879882812,Stop loss (-3%),2,-0.0378867135095019,-0.038005107806279144,-3800.5107768274047,96199.48922317258
AMX-199311,1992-10-16,15.736600875854492,1.991539566694982,1.5982494354248047,0.3846156600150607,1.4090848026036722,Hammer,1992-10-23,15.613658905029297,1993-02-05,17.779666900634766,RSI(2) acum > 180,15,0.13872520264342247,0.13804053271892772,13804.05325808872,113804.05325808871
AMZN,2008-02-08,3.674999952316284,2.068956250837104,0.4720001220703125,0.3347461650987618,1.2214398519630956,Hammer,2008-02-15,3.6570000648498535,2008-03-07,3.179500102996826,Stop loss (-3%),3,-0.13057149395282608,-0.13312396319496397,-13312.396306184,86687.603693816
AMZN,2012-10-26,11.91200065612793,8.420549191064183,0.8015003204345703,0.04429140182334365,1.258210945484172,Hammer,2012-11-02,11.816000938415527,2012-11-16,11.329500198364258,Stop loss (-3%),2,-0.04117304514335174,-0.042001581984293476,-3641.0164899267384,83046.58720388926
AN,2014-09-26,50.45000076293945,1.595620416762344,2.4499969482421875,0.3673464621363577,1.1363506010085285,Hammer,2014-10-03,50.02000045776367,2014-12-05,59.29999923706055,RSI(2) acum > 180,9,0.1855257635819656,0.18530732022928362,18530.73200439763,118530.73200439764
AN-199812,1997-10-31,44.350650787353516,4.655946589404962,4.441066741943359,0.2567567915794465,2.399079824126184,Hammer,1997-11-07,44.41066360473633,1997-12-19,42.39667892456055,Stop loss (-3%),6,-0.04534912376227118,-0.04556916447737047,-4556.916443180131,95443.08355681988
ANDV-201809,2011-08-12,17.911970138549805,6.667732906651253,2.6885604858398438,0.2065579818101846,1.2641023035570629,Hammer,2011-08-19,18.202863693237305,2011-08-26,17.40070343017578,Stop loss (-3%),1,-0.04406780584527148,-0.044604917784131476,-4460.491773952655,95539.50822604734
ANDV-201809,2016-01-22,84.99088287353516,3.3166452322677173,11.072227478027344,0.3713989026080114,1.4831542240845919,Hammer,2016-01-29,83.85741424560547,2016-02-12,69.85308074951172,Stop loss (-3%),2,-0.1670017329067316,-0.16711101894885075,-15965.704553561176,79573.80367248616
ANDW-200712,2000-07-07,31.0,8.223446613601737,7.6875,0.3983739837398374,1.502512677030451,Hammer,2000-07-14,30.4375,2000-08-04,28.25,Stop loss (-3%),3,-0.07186858316221767,-0.0721852673072186,-7218.526723503333,92781.47327649666
ANRZQ-201607,2011-08-12,32.2400016784668,4.097192509394048,6.880001068115234,0.34447681268785857,1.2917135927597472,Hammer,2011-08-19,33.16999816894531,2011-08-26,30.139999389648438,Stop loss (-3%),1,-0.09134757149711403,-0.09163523578254727,-9163.523569091201,90836.47643090879
ANSS-202507,2020-03-13,235.4199981689453,5.058023488318952,35.42999267578125,0.3660740587612083,2.031359234440151,Hammer,2020-03-20,226.6300048828125,2020-03-27,212.97000122070312,Stop loss (-3%),1,-0.060274471022373155,-0.06031726506316971,-6031.726500285244,93968.27349971476
ANSS-202507,2022-05-13,254.57000732421875,1.33203848291744,27.60400390625,0.13599468452054553,1.042676167930401,Hammer,2022-05-20,251.97999572753906,2022-06-17,232.8000030517578,Stop loss (-3%),4,-0.07611712437887408,-0.07615529893109435,-7156.1819512534275,86812.09154846135
ANV-199904,1995-10-27,26.4473819732666,0.9154231811483555,2.563180923461914,0.272727137430284,1.482836666447235,Hammer,1995-11-03,26.56389045715332,1995-12-15,29.309783935546875,RSI(2) acum > 180,6,0.1033694022651761,0.10297356913739512,10297.356903442156,110297.35690344215
ANV-199904,1998-10-09,25.309242248535156,0.6432973492645573,5.816795349121094,0.39361689569646086,1.4459931848972076,Hammer,1998-10-16,26.484975814819336,1999-02-05,55.78024673461914,RSI(2) acum > 180,16,1.1061090304416288,1.1055227503611642,121936.23723952407,232233.59414296623
AON,1998-08-14,29.14207649230957,8.014178729743321,1.893411636352539,0.3623184609944867,1.3236964813523013,Hammer,1998-08-21,29.14207649230957,1998-09-11,27.221223831176758,Stop loss (-3%),3,-0.06591337654472618,-0.06624515709636493,-6624.515703011975,93375.48429698803
AON,1999-09-03,23.227846145629883,7.728936003000214,1.7641410827636719,0.2619042985432222,1.113331064771607,Hammer,1999-09-10,23.311851501464844,1999-09-24,21.967744827270508,Stop loss (-3%),2,-0.05765765426696701,-0.058074164691972484,-5422.703247833269,87952.78104915476
AON,2002-07-26,16.411630630493164,1.1215295676159087,2.021670341491699,0.20357143699510585,1.1515946913528596,Hammer,2002-08-02,16.7509822845459,2002-08-16,11.116734504699707,Stop loss (-3%),2,-0.33635327672958193,-0.3368497103898171,-29626.868794759903,58325.91225439485
AON,2006-06-16,27.372459411621094,3.2549451665911846,1.5917949676513672,0.3567824443808047,1.1119866528170006,Hammer,2006-06-23,27.43644905090332,2006-07-21,26.260602951049805,Stop loss (-3%),4,-0.04285708029023538,-0.043213683710863725,-2520.4775217885317,55805.434732606314
AON,2010-05-28,33.52577590942383,9.893768953357224,1.4949378967285156,0.3806817746861994,1.0916746992365287,Hammer,2010-06-04,33.33890914916992,2010-07-09,31.852458953857422,Stop loss (-3%),5,-0.044586047751640656,-0.044879266813553975,-2504.5069925065036,53300.92774009982
AON,2019-08-09,179.16603088378906,5.134738625553425,8.720428466796875,0.2386115884108892,1.4701711998563465,Hammer,2019-08-16,177.84188842773438,2019-12-06,193.49746704101562,RSI(2) acum > 180,16,0.08803088379059165,0.08797218074264261,4688.998844213596,57989.92658431342
AOS,2022-02-25,64.04618072509766,0.5801574755886065,6.008659362792969,0.37019961476293445,1.5431688553706107,Hammer,2022-03-04,63.0585823059082,2022-03-18,61.1572265625,Stop loss (-3%),2,-0.030152212020631786,-0.03030839152359941,-3030.839149329102,96969.1608506709
APA,2002-07-26,16.120037078857422,5.4574123958312555,1.6057519912719727,0.196721253057901,1.385655368240192,Hammer,2002-08-02,16.271398544311523,2002-08-30,18.703060150146484,RSI(2) acum > 180,4,0.1494439214436838,0.14878362674900925,14878.362660022562,114878.36266002255
APA,2010-05-28,65.11929321289062,8.678378434862239,6.552650451660156,0.3351826646438514,1.2126511113083709,Hammer,2010-06-04,63.926578521728516,2010-07-09,61.51932907104492,Stop loss (-3%),5,-0.037656472571347965,-0.037809944734307446,-4343.544538999637,110534.81812102291
APA,2011-08-12,75.55369567871094,5.67291297935337,7.988853454589844,0.3510540867048987,1.3372478795958962,Hammer,2011-08-19,76.4470443725586,2011-08-26,73.22513580322266,Stop loss (-3%),1,-0.04214562637156016,-0.04227367097714898,-4672.712528094415,105862.1055929285
APC-201908,1997-12-05,13.626320838928223,3.050604609274174,0.8574161529541016,0.38461581240976744,1.0181922262379504,Hammer,1997-12-12,13.60254955291748,1997-12-19,12.902612686157227,Stop loss (-3%),1,-0.05145629972067489,-0.052172278631022376,-5217.227857885009,94782.77214211499
APC-201908,2002-07-26,17.5601806640625,1.8059829390156779,2.21881103515625,0.25341185734327293,1.44066044910417,Hammer,2002-08-02,17.90619468688965,2002-09-06,19.052364349365234,RSI(2) acum > 180,5,0.06400967277066272,0.06343349409892912,6012.402411344592,100795.17455345958
APC-201908,2008-07-11,62.770259857177734,3.0421305228377378,6.293373107910156,0.2554107542263467,1.210139565887514,Hammer,2008-07-18,63.39686965942383,2008-07-25,57.46675109863281,Stop loss (-3%),1,-0.09353961153994472,-0.09368995887186891,-9443.49574895298,91351.6788045066
APC-201908,2010-06-11,38.531978607177734,0.12898392726636132,10.981473922729492,0.39126766948243624,1.917905605794765,Hammer,2010-06-18,36.604915618896484,2010-07-02,35.05589294433594,Stop loss (-3%),2,-0.042317340400066294,-0.042584710950708905,-3890.1848328617307,87461.49397164489
APD,1992-06-12,9.784585952758789,7.766793453595554,0.6701774597167969,0.1599998292378887,1.392967953038584,Hammer,1992-06-19,9.784585952758789,1992-06-26,9.114408493041992,Stop loss (-3%),1,-0.06849318539920835,-0.06947969638339167,-6947.969631391195,93052.03036860882
APD,1992-07-10,9.106327056884766,7.685642932667591,0.5927200317382812,0.3636357785529483,1.1550014412762595,Hammer,1992-07-17,9.106327056884766,1992-07-31,8.917734146118164,Stop loss (-3%),2,-0.020710096352625218,-0.021796266287745537,-2028.1868305013954,91023.84353810742
APD,2000-03-10,12.417015075683594,7.990046492562712,1.5248966217041016,0.36734710469864973,1.0187157710135764,Hammer,2000-03-17,12.26141357421875,2000-05-12,15.659287452697754,RSI(2) acum > 180,8,0.27711926181362023,0.27619106905049706,25139.972630735094,116163.8161688425
APD,2008-09-19,49.189815521240234,3.22346799402834,9.130622863769531,0.2989027122193172,2.5148788867442597,Hammer,2008-09-26,49.03066635131836,2008-10-03,41.50556182861328,Stop loss (-3%),1,-0.15347750872455235,-0.1536657923381618,-17850.40483475935,98313.41133408315
APD,2011-08-12,52.297080993652344,2.2176389565740067,4.484066009521484,0.32005723663110364,1.5572371677595602,Hammer,2011-08-19,52.74995040893555,2011-08-26,49.024925231933594,Stop loss (-3%),1,-0.07061665742098888,-0.07079952019762156,-6960.542344483954,91352.8689895992
APD,2022-02-25,215.5724639892578,0.329552799808809,12.106781005859375,0.1155552474698461,1.0575126400075692,Hammer,2022-03-04,212.82826232910156,2022-03-11,205.6179962158203,Stop loss (-3%),1,-0.033878330041204,-0.03392451928926722,-3099.1021630684572,88253.76682653073
APH,2020-03-20,16.54222869873047,1.7389435998090477,2.5484094619750977,0.36700607476757924,1.5949068560755364,Hammer,2020-03-27,16.282428741455078,2020-08-07,25.09193229675293,RSI(2) acum > 180,19,0.5410435811009477,0.5402635182618595,54026.3517721596,154026.3517721596
APO,2025-02-28,146.40098571777344,3.8730120889611612,11.239730834960938,0.29581174221803486,1.0745879027247456,Hammer,2025-03-07,147.98985290527344,2025-03-14,125.64768981933594,Stop loss (-3%),1,-0.15097091217624536,-0.15103338154769738,-15103.3381396664,84896.6618603336
APO,2026-02-06,131.93292236328125,1.8564047207193113,14.400260925292969,0.24449117363922412,1.5337543139060539,Hammer,2026-02-13,133.23211669921875,2026-02-20,124.54437255859375,Stop loss (-3%),1,-0.06520758174425934,-0.0652801888550324,-5542.0701138623335,79354.59174647125
APTV,2014-10-03,41.83837127685547,3.3628249618001007,2.1431808471679688,0.27469198429395786,1.2375638721089466,Hammer,2014-10-10,41.9772834777832,2014-10-17,39.88701629638672,Stop loss (-3%),1,-0.04979519893188833,-0.050027464144677423,-5002.746409464997,94997.253590535
APTV,2022-03-11,89.92074584960938,7.436033719353361,11.750350952148438,0.23005411189357863,1.051474848990341,Hammer,2022-03-18,89.734375,2022-05-13,84.66019439697266,Stop loss (-3%),8,-0.05654667570847116,-0.05665495890769623,-5382.065493133692,89615.1880974013
APTV,2022-05-13,83.12691497802734,0.9748070597284197,10.732887268066406,0.21231307502731414,1.0527520618077209,Hammer,2022-05-20,81.39881134033203,2022-06-24,76.27379608154297,Stop loss (-3%),5,-0.06296179482721376,-0.06308077194715932,-5652.995237720963,83962.19285968033
ARC-200004,1998-08-07,62.91322326660156,2.0594766342985906,5.491031646728516,0.23404224278730423,1.4093843318476222,Hammer,1998-08-14,62.73797607421875,1998-09-04,56.69536209106445,Stop loss (-3%),3,-0.096315092727982,-0.09646679774951465,-9646.679765304787,90353.3202346952
ARE,2018-12-28,86.51161193847656,7.8710289365973125,5.1963348388671875,0.14903963329584463,1.2739055082376307,Hammer,2019-01-04,86.55716705322266,2019-02-01,94.79528045654297,RSI(2) acum > 180,4,0.09517540469242514,0.09505438326493447,9505.43831698801,109505.43831698802
AS-199909,1990-10-26,4.902439117431641,6.032700589697583,1.1030488014221191,0.2222222222222222,1.4354332372685124,Hammer,1990-11-02,5.025000095367432,1990-11-16,4.5,Stop loss (-3%),2,-0.10447762893605339,-0.10636184596898127,-10636.184586261945,89363.81541373805
AS-199909,1995-12-15,5.75,4.0443925723665615,0.375,0.3333333333333333,1.0310014735846669,Hammer,1995-12-22,5.625,1996-02-09,5.5,Stop loss (-3%),7,-0.022222222222222254,-0.023978685612788736,-2142.826832822482,87220.98858091555
AS-199909,1996-07-19,4.5,0.4830839541223497,0.5,0.25,1.3148091864595681,Hammer,1996-07-26,4.375,1996-08-02,4.125,Stop loss (-3%),1,-0.05714285714285716,-0.05936073059360726,-5177.501600082322,82043.48698083323
ASC-199906,1990-08-10,6.45570182800293,5.182357767793263,0.3884134292602539,0.37931059882488993,1.0558839186991187,Hammer,1990-08-17,6.428915023803711,1990-10-05,5.762967109680176,Stop loss (-3%),7,-0.10358636125346121,-0.10506012460884456,-10506.012450378443,89493.98754962155
ASC-199906,1991-06-14,8.853386878967285,5.7828324547254795,0.7468347549438477,0.23636435610186524,1.576479359658157,Hammer,1991-06-21,8.826229095458984,1991-07-12,8.434173583984375,Stop loss (-3%),3,-0.0444193672330937,-0.0455265634181482,-4074.3536956464577,85419.6338539751
ASC-199906,1999-02-19,31.971614837646484,9.338713150884118,2.9291725158691406,0.3404257258762934,1.1486460933347074,Hammer,1999-02-26,31.72232437133789,1999-04-23,30.1875,Stop loss (-3%),8,-0.04838309933948759,-0.048690660241538314,-4159.138365781368,81260.49548819373
ASH,1997-10-31,8.927178382873535,2.920811543422559,0.7605066299438477,0.13846151916925095,1.866613993949225,Hammer,1997-11-07,9.196280479431152,1997-11-14,8.856977462768555,Stop loss (-3%),1,-0.036895679445782426,-0.037962435493999046,-3796.243545603661,96203.75645439634
ASH,1999-04-09,8.05748462677002,2.0748191050953295,0.6412110328674316,0.3584902994459057,1.3780202653111928,Hammer,1999-04-16,8.0090913772583,1999-07-02,7.71011209487915,Stop loss (-3%),11,-0.0373299876722718,-0.03855449954762756,-3709.0876809920082,92494.66877340432
ASH,2001-06-22,8.470688819885254,5.215269977149688,0.5327062606811523,0.386832395543724,1.1030708211048865,Hammer,2001-06-29,8.470688819885254,2001-08-24,9.047239303588867,RSI(2) acum > 180,8,0.0680641794266057,0.06684418172295317,6182.73044171107,98677.3992151154
ASND-199906,1998-09-04,38.75,4.327255226095005,8.0,0.234375,1.5312111484003135,Hammer,1998-09-11,41.25,1998-11-27,55.75,RSI(2) acum > 180,11,0.35151515151515156,0.3512301539207369,35123.01535695068,135123.0153569507
ASO-200611,2000-01-07,14.058455467224121,9.81020908857245,1.3121223449707031,0.17857122090910413,1.0732817475874628,Hammer,2000-01-14,14.058455467224121,2000-01-21,13.44925594329834,Stop loss (-3%),1,-0.04333331818321495,-0.044028974626390306,-4402.897458236133,95597.10254176386
ASO-200611,2006-06-02,26.847185134887695,5.292697601627395,1.0012474060058594,0.39215570482072304,1.0130988190780366,Hammer,2006-06-09,26.69994354248047,2006-06-30,25.928653717041016,Stop loss (-3%),3,-0.02888732046239373,-0.029256374356179813,-2796.8246165311275,92800.27792523273
AT-200711,1995-05-12,14.598212242126465,6.986538199660657,1.042729377746582,0.28571467768325953,1.2890972140954502,Hammer,1995-05-19,14.523731231689453,1995-05-26,14.151328086853027,Stop loss (-3%),1,-0.02564101048798506,-0.02632047759286393,-2632.047756654345,97367.95224334566
AT-200711,1996-07-26,17.25841522216797,0.5283049908099571,1.0883674621582031,0.3571426067877284,1.1000578597759612,Hammer,1996-08-02,17.180675506591797,1996-11-01,19.301836013793945,RSI(2) acum > 180,13,0.12346199696212823,0.12284419698209612,11961.087893163796,109329.04013650944
AT-200711,2002-02-01,39.79781723022461,2.238197432617582,2.265789031982422,0.277603150364585,1.0924210573254922,Hammer,2002-02-08,39.726341247558594,2002-03-15,41.78382873535156,RSI(2) acum > 180,5,0.0517915172447303,0.051533309057840676,5634.087208717721,114963.12734522717
AT-200711,2002-06-28,34.02531814575195,3.626256719240345,3.395294189453125,0.26439235284072016,1.513331639263365,Hammer,2002-07-05,33.88052749633789,2002-07-19,32.49055862426758,Stop loss (-3%),2,-0.04102559714339016,-0.04131465482488386,-4749.661919107566,110213.46542611961
AT-200711,2006-05-26,50.38764190673828,6.22491883143347,1.9367485046386719,0.28630883560793924,1.084195006961265,Hammer,2006-06-02,50.14655303955078,2006-07-21,52.37586975097656,RSI(2) acum > 180,7,0.04445603089942218,0.04425220311075054,4877.188652699138,115090.65407881876
ATI,2002-07-05,11.36534595489502,1.370998212625338,1.428145408630371,0.3455495389374025,1.5752829232510057,Hammer,2002-07-12,11.402731895446777,2002-07-19,10.266197204589844,Stop loss (-3%),1,-0.09967214008695258,-0.10050505230707221,-10050.505220656716,89949.4947793433
ATI,2005-01-14,15.495020866394043,7.746006904409654,1.8345069885253906,0.2767859556461255,1.1226633638583021,Hammer,2005-01-21,16.379514694213867,2005-02-18,19.123083114624023,RSI(2) acum > 180,4,0.16749998224180196,0.16683853452037264,15007.041874826507,104956.5366541698
ATI,2007-06-29,87.56627655029297,7.944069116973893,7.280494689941406,0.3451835907904375,1.2072811437119246,Hammer,2007-07-06,89.3363037109375,2007-08-03,86.41409301757812,Stop loss (-3%),4,-0.03271022610040675,-0.03282032577951292,-3444.7077222345333,101511.82893193528
ATI,2011-08-12,43.118743896484375,4.825269495338986,5.948638916015625,0.3203597537514429,1.164285954159775,Hammer,2011-08-19,43.74210739135742,2011-08-26,39.4231071472168,Stop loss (-3%),1,-0.09873781812793903,-0.09895511960170995,-10045.11516290286,91466.7137690324
ATI-199906,1996-07-19,27.125,0.9950618710360146,3.25,0.34615384615384615,1.5842088053720764,Hammer,1996-07-26,26.875,1996-10-18,26.125,Stop loss (-3%),12,-0.027906976744186074,-0.028273809523809555,-2827.3809495535743,97172.61905044643
ATI-199906,1997-04-04,23.75,1.7501040415908733,2.25,0.2222222222222222,1.2391861969503128,Hammer,1997-04-11,24.0,1997-04-18,22.75,Stop loss (-3%),1,-0.05208333333333337,-0.052489064778171224,-5100.499890902938,92072.1191595435
ATVI-202310,2018-11-02,66.54766845703125,9.542503758509753,6.694309234619141,0.19452461802079124,1.3574347098911634,Hammer,2018-11-09,65.59272003173828,2018-11-16,53.05293655395508,Stop loss (-3%),1,-0.19117645177262954,-0.19131432421296374,-19131.432402164945,80868.56759783505
ATVI-202310,2021-08-06,81.06837463378906,1.5049705460627507,6.250022888183594,0.27301291621246504,1.2701726453622457,Hammer,2021-08-13,80.50287628173828,2021-10-01,73.79061126708984,Stop loss (-3%),7,-0.08337919493903956,-0.08349822806310009,-6752.382093667875,74116.18550416718
AV-200710,2002-06-21,5.300000190734863,4.624879339429256,1.169999599456787,0.3418801328786669,1.155874215628636,Hammer,2002-06-28,5.150000095367432,2002-07-05,4.860000133514404,Stop loss (-3%),1,-0.05631067116171329,-0.05819591780854155,-5819.591775034563,94180.40822496545
AV-200710,2003-12-12,11.90999984741211,6.444556558402326,2.119999885559082,0.37735860090572076,1.8505545354748245,Hammer,2003-12-19,12.010000228881836,2003-12-26,11.859999656677246,Stop loss (-3%),1,-0.012489639412651021,-0.013316734844496973,-1254.1755226241712,92926.23270234127
AVB,2008-10-10,42.984703063964844,3.8750666327840264,9.19854736328125,0.2643683356667485,1.6814553838548938,Hammer,2008-10-17,43.04814147949219,2008-10-24,39.654197692871094,Stop loss (-3%),1,-0.07884065769106297,-0.07906377257609676,-7906.377249703299,92093.6227502967
AVB,2017-09-08,138.2413330078125,7.27493868677459,4.3968353271484375,0.265992483107815,1.0791437994102786,Hammer,2017-09-15,138.56703186035156,2017-09-29,132.8526153564453,Stop loss (-3%),2,-0.04123936572203746,-0.041310042344440405,-3804.391451663286,88289.23129863341
AVB,2018-12-28,134.45623779296875,4.828087538597671,8.15325927734375,0.32422164496979405,1.5007136959237135,Hammer,2019-01-04,134.82223510742188,2019-02-08,147.71731567382812,RSI(2) acum > 180,5,0.09564505851821758,0.09556734257837618,8437.567205060426,96726.79850369383
AVGO,2020-03-20,16.756256103515625,0.5056916736475472,5.41120719909668,0.369280420270346,2.4414403947554035,Hammer,2020-03-27,16.81409454345703,2020-06-12,27.677200317382812,RSI(2) acum > 180,11,0.646071410259377,0.6452847830710279,64528.47824257432,164528.4782425743
AVGO,2021-05-14,39.892059326171875,2.5611209099830177,2.6550140380859375,0.2351665814171346,1.1332612787136211,Hammer,2021-05-21,39.93903350830078,2021-10-01,45.832157135009766,RSI(2) acum > 180,19,0.1475529853641595,0.14728416511783712,24232.43953183334,188760.9177744076
AVGO,2025-03-07,192.5049285888672,7.497362141126743,26.116928100585938,0.3440449544548694,1.2526788908015742,Hammer,2025-03-14,187.21241760253906,2025-04-04,162.90513610839844,Stop loss (-3%),3,-0.12983797659056007,-0.12988792285216755,-24517.76350086883,164243.15427353876
AVP-202001,1996-07-19,6.8002777099609375,4.227011416672724,0.7357025146484375,0.18918904905112516,2.1626983050250477,Hammer,1996-07-26,6.760509967803955,1996-10-11,8.002527236938477,RSI(2) acum > 180,11,0.18371650586264443,0.18210264636332021,18210.264618121757,118210.26461812174
AVP-202001,2004-01-30,23.024721145629883,8.127891351489012,0.9563331604003906,0.3536121293832794,1.102308187525657,Hammer,2004-02-06,23.15562629699707,2004-04-08,27.71289825439453,RSI(2) acum > 180,9,0.1968105677188472,0.19633631228647067,23208.967406320917,141419.23202444267
AVP-202001,2014-11-21,9.420509338378906,9.33911552178374,0.7826566696166992,0.32926798062570445,1.048694109150776,Hammer,2014-11-28,9.458687782287598,2014-12-19,9.181894302368164,Stop loss (-3%),3,-0.029263412250244536,-0.030304621889175147,-4285.656350072608,137133.57567437008
AVY,1991-09-20,4.598528861999512,7.413614370917173,0.37648773193359375,0.2857139238454212,1.3967322430138829,Hammer,1991-09-27,4.57163667678833,1991-10-18,4.329608917236328,Stop loss (-3%),3,-0.05294116235895441,-0.0550683345326995,-5506.833447763118,94493.16655223689
AVY,1994-03-31,6.49293327331543,3.16137593400434,0.5240931510925293,0.33333363661094545,1.7334054652315265,Hammer,1994-04-08,6.434700965881348,1994-04-29,6.260003089904785,Stop loss (-3%),3,-0.02714933870320646,-0.0286811261819647,-2710.170430507942,91782.99612172894
AVY,1996-07-26,12.723819732666016,0.05671733682196134,0.7739553451538086,0.3599995564049579,1.6096400540662907,Hammer,1996-08-02,12.692861557006836,1996-09-27,13.514969825744629,RSI(2) acum > 180,8,0.06476934023470582,0.06395630201919004,5870.101014317344,97653.09713604627
AVY,2022-02-25,166.1129608154297,0.7561240086035639,13.237808227539062,0.16422973582017467,1.2725001408607768,Hammer,2022-03-04,162.75051879882812,2022-03-11,154.5493927001953,Stop loss (-3%),1,-0.05039078313949963,-0.050450676936995786,-4926.664850581074,92726.43228546521
AVY,2024-08-09,199.5519561767578,4.65787204432263,9.494705200195312,0.3286149346318572,1.0742294789091316,Hammer,2024-08-16,198.98553466796875,2024-11-22,190.36781311035156,Stop loss (-3%),14,-0.04330828153914246,-0.043357446986175475,-4020.3813680138664,88706.05091745134
AVY,2025-04-11,165.0579376220703,8.268968200204,15.126419067382812,0.3247592868131037,1.7485674825386144,Hammer,2025-04-17,167.1591033935547,2025-05-23,176.6240692138672,RSI(2) acum > 180,5,0.05662249693950838,0.05656098186374777,5017.301332129349,93723.3522495807
AW-200812,2002-07-12,7.900000095367432,0.7128954884585852,1.489999771118164,0.3959729975716504,1.179023575738214,Hammer,2002-07-19,8.0,2002-07-26,7.400000095367432,Stop loss (-3%),1,-0.07499998807907104,-0.07620236160306906,-7620.23615268667,92379.76384731334
AW-200812,2004-10-29,8.15999984741211,6.6007772801998215,0.8199996948242188,0.207317243368472,1.1424453406679134,Hammer,2004-11-05,8.239999771118164,2005-03-11,8.0,Stop loss (-3%),18,-0.02912618662434696,-0.030321379994927438,-2801.081920654966,89578.68192665836
AW-200812,2007-08-10,12.430000305175781,3.5579329489471263,1.330000877380371,0.28571418327887355,1.9073307763030687,Hammer,2007-08-17,12.510000228881836,2007-11-16,11.75,Stop loss (-3%),13,-0.06075141606530299,-0.06152618576105556,-5511.43461893866,84067.2473077197
AW-200812,2008-01-25,9.4399995803833,2.9562432441765054,0.7699995040893555,0.27272749791615836,1.1007217930353776,Hammer,2008-02-01,9.470000267028809,2008-04-11,11.279999732971191,RSI(2) acum > 180,10,0.19112982205968465,0.1899735530568835,15970.553650788683,100037.80095850838
AWK,2024-10-11,132.912353515625,5.693721885913774,8.087478637695312,0.37633225853315244,1.4814091205719713,Hammer,2024-10-18,133.26649475097656,2024-11-22,128.47328186035156,Stop loss (-3%),5,-0.035967126617846845,-0.0360408120251072,-3604.0811989066387,96395.91880109336
AXP,1990-10-19,2.6965394020080566,0.3314129180925107,0.3214418888092041,0.38888909492109996,1.099918397973713,Hammer,1990-10-26,2.714397430419922,1991-02-15,3.5396158695220947,RSI(2) acum > 180,16,0.30401533314688933,0.2997790723720324,29977.907207225333,129977.90720722535
AXP,1997-10-31,15.673240661621094,8.73063436218645,1.594954490661621,0.2440949731259466,1.6531093959688115,Hammer,1997-11-07,15.87417984008789,1997-12-19,17.43145751953125,RSI(2) acum > 180,6,0.09810130004390438,0.09744065468275434,12665.1323599012,142643.03956712654
AXP,2002-07-26,18.8967342376709,4.509035923504101,3.0690746307373047,0.33673486509984907,1.524375351991869,Hammer,2002-08-02,19.416597366333008,2002-10-11,17.913331985473633,Stop loss (-3%),10,-0.0774216693325438,-0.07791662819056243,-11114.26466680922,131528.7749003173
AXP,2011-08-12,36.589839935302734,3.2182262995809907,3.863574981689453,0.3966250433199416,1.8085412473236047,Hammer,2011-08-19,36.80991744995117,2011-10-14,36.381988525390625,Stop loss (-3%),8,-0.011625370394877543,-0.011895420522289615,-1564.5900866562556,129964.18481366105
AXP,2014-10-17,70.16921997070312,3.5151863747840792,5.811943054199219,0.3903565713595604,2.198412254271404,Hammer,2014-10-24,70.34765625,2015-02-20,65.75668334960938,Stop loss (-3%),17,-0.06526120620245435,-0.06539870909835942,-8499.489907334551,121464.6949063265
AXP,2020-03-13,91.81503295898438,2.238219206884878,19.870208740234375,0.1746694475715973,2.666285089618151,Hammer,2020-03-20,75.99629974365234,2020-03-27,67.12821960449219,Stop loss (-3%),1,-0.11669094638914801,-0.11681484618164904,-14188.879637794584,107275.81526853191
AXP,2022-03-11,159.22430419921875,7.820274372374016,15.732757568359375,0.26582300579402596,1.2470124253317145,Hammer,2022-03-18,162.47706604003906,2022-05-20,149.7000732421875,Stop loss (-3%),9,-0.07863874643516111,-0.07869787176820224,-8442.378345389898,98833.436923142
AYE-201102,2001-07-27,37.640777587890625,4.945577418722806,4.1966400146484375,0.25819634877522896,1.6305082961859096,Hammer,2001-08-03,37.640777587890625,2001-09-21,36.6496467590332,Stop loss (-3%),7,-0.026331305896727164,-0.026593442691417637,-2659.3442664824197,97340.65573351757
AZO,2022-02-25,1864.6300048828125,9.680403806776695,168.6400146484375,0.37375488509220783,1.6689180961728727,Hammer,2022-03-04,1829.68994140625,2022-05-27,1773.8399658203125,Stop loss (-3%),12,-0.030524284099749055,-0.03054397885692569,-3054.3978829436383,96945.60211705636
AZO,2023-10-27,2446.169921875,5.220445297978145,113.829833984375,0.377844790422244,1.0254355770202517,Hammer,2023-11-03,2455.429931640625,2024-02-02,2783.800048828125,RSI(2) acum > 180,13,0.13373222870509505,0.13371021912256617,12962.617690457453,109908.21980751381
B,1997-10-31,13.4564208984375,6.048707259549701,1.5542373657226562,0.39473693898889145,1.4115740779758255,Hammer,1997-11-07,13.66092586517334,1997-11-14,12.761104583740234,Stop loss (-3%),1,-0.06586825009621611,-0.06657589763103579,-6657.589756445988,93342.41024355403
BA,1998-05-29,30.20547866821289,4.721040338554161,2.174478530883789,0.2727267942806168,1.0790813395216357,Hammer,1998-06-05,30.047334671020508,1998-06-12,28.861255645751953,Stop loss (-3%),1,-0.03947368504576487,-0.03979987040480854,-3979.9870365008674,96020.01296349913
BA,1998-09-04,21.547412872314453,2.7742372751956026,3.8094863891601562,0.1770833959188251,1.6797495901936155,Hammer,1998-09-11,23.96802520751953,1998-09-18,21.70614242553711,Stop loss (-3%),1,-0.09437084458976608,-0.09476829738074974,-9099.653133928678,86920.35982957046
BA,1998-10-09,20.3172664642334,6.800550688068142,2.5396575927734375,0.375,1.1668181444225902,Hammer,1998-10-16,20.952180862426758,1998-11-06,24.206117630004883,RSI(2) acum > 180,3,0.15530301064808794,0.15478879477506646,13454.297725980017,100374.65755555048
BA,2008-09-19,44.490352630615234,8.073433414277886,6.551456451416016,0.36818201668195116,1.6273717537955699,Hammer,2008-09-26,44.17022705078125,2008-10-10,38.541927337646484,Stop loss (-3%),2,-0.12742292917498632,-0.12763487795214515,-12811.307153779744,87563.35040177075
BA,2011-08-12,50.2072868347168,4.568946448978664,4.9021759033203125,0.22404978382601495,1.4822521046990407,Hammer,2011-08-19,50.4593391418457,2011-08-26,48.08516311645508,Stop loss (-3%),1,-0.04705127070167536,-0.04724476860162885,-4136.910223578094,83426.44017819264
BA,2016-01-22,111.75440979003906,5.43204525433805,6.636566162109375,0.35270293883669707,1.014349327875319,Hammer,2016-01-29,111.74544525146484,2016-02-05,107.29714965820312,Stop loss (-3%),1,-0.03980739960587709,-0.039895103623341345,-3328.306472507177,80098.13370568547
BA,2020-01-24,321.1393127441406,8.21915228832151,23.738677978515625,0.1675012116436058,1.2948596354554696,Hammer,2020-01-31,314.3397521972656,2020-03-06,279.5400085449219,Stop loss (-3%),5,-0.11070742217327001,-0.11073747345557426,-8869.864946204518,71228.26875948095
BA,2021-12-03,198.49000549316406,9.437805175317905,16.279998779296875,0.35565071991871977,1.097293700354719,Hammer,2021-12-10,199.77000427246094,2021-12-23,188.11000061035156,Stop loss (-3%),2,-0.05836713927385517,-0.05841573476426191,-4160.85165141055,67067.4171080704
BA,2024-01-19,215.02000427246094,4.424643611974616,15.660003662109375,0.32503161862000557,1.0528577289671752,Hammer,2024-01-26,213.07000732421875,2024-02-02,206.05999755859375,Stop loss (-3%),1,-0.032900030622133425,-0.03294619042271445,-2209.6158929924886,64857.80121507791
BAC,1997-10-31,14.292567253112793,7.90516258531342,1.672694206237793,0.31250032070524364,1.7975540429293018,Hammer,1997-11-07,14.755545616149902,1997-12-26,14.30601978302002,Stop loss (-3%),7,-0.030464873670132397,-0.03113203570382276,-3113.2035672690727,96886.79643273092
BAC,2002-07-26,17.301223754882812,4.575625330527345,2.0598697662353516,0.18119939072099558,1.8158551499407436,Hammer,2002-08-02,17.736209869384766,2002-09-06,19.279706954956055,RSI(2) acum > 180,5,0.0870251929210415,0.08643700721998558,8374.60471440263,105261.40114713355
BAC,2003-10-31,22.26010513305664,7.829514668589582,0.9993972778320312,0.2852938706648447,1.1053288219873914,Hammer,2003-11-07,22.26598358154297,2003-12-26,23.392074584960938,RSI(2) acum > 180,7,0.0505745007533116,0.05011413166066563,5275.083710598508,110536.48485773205
BAC,2010-05-28,12.083934783935547,6.650717374102328,1.0748100280761719,0.32857180884101433,1.0259758390286642,Hammer,2010-06-04,11.961099624633789,2010-07-09,10.851092338562012,Stop loss (-3%),5,-0.09280144141477809,-0.09359835879738916,-10346.033559570144,100190.45129816192
BAC,2011-08-12,5.541675090789795,1.300039753422567,1.0790462493896484,0.3714282936590005,1.5978211932929278,Hammer,2011-08-19,5.749776840209961,2011-08-26,5.549382209777832,Stop loss (-3%),1,-0.03485259271815688,-0.03655999811531412,-3662.9627069703092,96527.4885911916
BAC,2011-10-07,4.553018093109131,6.928721538911802,0.9260375499725342,0.3583332282034138,1.1997763450343601,Hammer,2011-10-14,4.73822546005249,2011-11-25,4.367810249328613,Stop loss (-3%),6,-0.07817593608552631,-0.08020179810716123,-7741.678144040381,88785.81044715123
BAC-199809,1990-07-13,11.184344291687012,9.287041281769447,0.7848663330078125,0.25,1.2939463221897516,Hammer,1990-07-20,11.282452583312988,1990-07-27,10.154207229614258,Stop loss (-3%),1,-0.10000000845272172,-0.10084165096573479,-10084.165086489313,89915.83491351068
BALL,1991-11-29,1.1395732164382935,2.6244112497870447,0.056328773498535156,0.3846144078557521,1.1448989941555925,Hammer,1991-12-06,1.1222412586212158,1992-01-17,1.3172252178192139,RSI(2) acum > 180,6,0.17374513519272594,0.16410325454575803,16410.325438165477,116410.32543816547
BALL,1992-04-03,1.218682885169983,4.14279580477519,0.06988859176635742,0.3749991471477208,1.225652618898636,Hammer,1992-04-10,1.223050832748413,1992-06-05,1.2643495798110962,RSI(2) acum > 180,8,0.03376699149116913,0.025486524033077437,2966.8945540112754,119377.21999217675
BALL,1992-07-10,1.1894577741622925,2.170426007082341,0.06608092784881592,0.26666750852835963,1.2089393303470979,Hammer,1992-07-17,1.1850523948669434,1992-09-18,1.1251354217529297,Stop loss (-3%),9,-0.05056061096837927,-0.058751172146358284,-7013.551595100509,112363.66839707622
BALL,2016-01-29,29.90032196044922,4.223269653159974,2.5770721435546875,0.3333333333333333,1.572592307914752,Hammer,2016-02-05,29.730304718017578,2016-03-18,30.805849075317383,RSI(2) acum > 180,6,0.03617670143313356,0.035834317737936515,4026.47539151449,116390.1437885907
BALL,2017-12-15,35.83966827392578,1.4175598165483052,1.5372848510742188,0.32544231866795703,1.2378290547236832,Hammer,2017-12-22,36.057979583740234,2017-12-29,34.55707931518555,Stop loss (-3%),1,-0.04162463581934839,-0.04189615738894487,-4876.299777812421,111513.8440107783
BAX,1990-08-24,2.3930206298828125,3.46983576999763,0.20808863639831543,0.24999914068380946,1.278026624812236,Hammer,1990-08-31,2.445042610168457,1990-10-12,2.6580326557159424,RSI(2) acum > 180,6,0.08711097494240017,0.08285163886742697,8285.163878457533,108285.16387845753
BAX,1996-07-26,5.9358625411987305,4.462983397221322,0.49895668029785156,0.3793105425520935,1.570475595780941,Hammer,1996-08-02,5.918657302856445,1996-10-11,6.909880638122559,RSI(2) acum > 180,10,0.1674743585488101,0.16564485166840384,17936.87989059902,126222.04376905656
BAX,2001-11-09,16.279205322265625,2.720367827155755,1.182882308959961,0.35362343611681296,1.0649399100147956,Hammer,2001-11-16,16.286062240600586,2002-01-04,18.563814163208008,RSI(2) acum > 180,7,0.13985897198213237,0.13920221340482825,17570.387855563393,143792.43162461996
BAX,2002-07-05,14.995318412780762,1.0638572969344011,1.5258874893188477,0.35454488068504614,1.3943672423984341,Hammer,2002-07-12,14.90861988067627,2002-07-19,14.235840797424316,Stop loss (-3%),1,-0.04512685202498001,-0.045782250634980884,-6583.141137468561,137209.2904871514
BAX,2011-08-12,21.89789581298828,4.807832691539872,1.647787094116211,0.24438862619586418,1.571427861927221,Hammer,2011-08-19,22.1608829498291,2011-08-26,21.61846923828125,Stop loss (-3%),1,-0.024476177811860844,-0.024921800444322437,-3419.5025532083537,133789.787933943
BAX,2013-10-04,28.363693237304688,6.937811499147941,1.5248584747314453,0.367667127391443,1.2716292773248823,Hammer,2013-10-11,28.464040756225586,2014-04-11,32.241668701171875,RSI(2) acum > 180,26,0.13271580016691953,0.13234123261151265,17705.90542830499,151495.69336224798
BAX,2015-10-02,28.444318771362305,4.007250706984394,1.831289291381836,0.36574063948056657,1.11470710078595,Hammer,2015-10-09,28.68170928955078,2015-11-13,32.056026458740234,RSI(2) acum > 180,5,0.1176470040583939,0.1172779050825084,17767.09752877942,169262.79089102743
BAY-199808,1997-10-31,31.625,9.069496411576324,6.125,0.2653061224489796,1.6814783019394697,Hammer,1997-11-07,32.875,1997-11-21,29.75,Stop loss (-3%),2,-0.09505703422053235,-0.0953467153284672,-9534.671523312049,90465.32847668794
BBI-199801,1990-09-28,6.955704689025879,1.1751978101505358,1.2646737098693848,0.26923063871566877,1.5404171008253178,Hammer,1990-10-05,7.150269508361816,1990-10-19,6.031519889831543,Stop loss (-3%),2,-0.15646258049741513,-0.15775081808046368,-15775.081792271285,84224.91820772873
BBWI,1996-07-19,2.1059377193450928,4.069527174604659,0.2078227996826172,0.19999954111179435,1.4560204273192503,Hammer,1996-07-26,2.078227996826172,1996-09-13,2.0197982788085938,Stop loss (-3%),7,-0.028115162584091302,-0.03284792548959196,-3284.7925456744033,96715.20745432559
BBWI,1998-09-04,2.746588945388794,0.5613090059939623,0.4334836006164551,0.20384212187912848,1.6839766753255796,Hammer,1998-09-11,2.768679618835449,1998-11-20,3.357760190963745,RSI(2) acum > 180,10,0.21276588599155888,0.20877702247797003,20191.913020461354,116907.12047478695
BBWI,2005-09-23,6.168032169342041,8.689604269931692,0.45847606658935547,0.18000008320384733,1.2274110895235393,Hammer,2005-09-30,6.26584005355835,2005-10-21,6.006036758422852,Stop loss (-3%),3,-0.04146344191916562,-0.04302506407931743,-5029.936344726255,111877.1841300607
BBWI,2007-03-09,8.252251625061035,9.892802007293454,0.550572395324707,0.36206797998326745,1.0365835766694869,Hammer,2007-03-16,8.252251625061035,2007-08-03,7.679111003875732,Stop loss (-3%),20,-0.06945263513836009,-0.0706216363100104,-7900.949801120263,103976.23432894044
BBY,2002-06-28,13.054827690124512,1.0815090629834572,1.4745121002197266,0.31707324960643873,1.0914706254045636,Hammer,2002-07-05,13.097984313964844,2002-07-19,11.868025779724121,Stop loss (-3%),2,-0.09390441343935363,-0.09463176514064855,-9463.176504601677,90536.82349539833
BBY,2002-07-26,10.487018585205078,1.8443836843880348,2.218960762023926,0.36628875740357036,1.5237146461236706,Hammer,2002-08-02,10.825078010559082,2002-08-09,10.357549667358398,Stop loss (-3%),1,-0.04318937403911949,-0.04409278887327536,-3992.021039647575,86544.80245575075
BBY,2006-12-22,27.53557777404785,4.0983416285575345,2.205934524536133,0.2550000216161066,1.0821853173499913,Hammer,2006-12-29,27.386676788330078,2007-03-09,25.336565017700195,Stop loss (-3%),10,-0.07485799706459706,-0.07520940709652262,-6508.983273473705,80035.81918227705
BC,1996-07-19,11.95716667175293,2.526698388410807,1.2423028945922852,0.0,1.6635387343649524,Hammer,1996-07-26,11.95716667175293,1996-08-02,11.41365909576416,Stop loss (-3%),1,-0.045454545454545414,-0.0462715151173913,-4627.151507111979,95372.848492888
BC,1997-10-31,21.458425521850586,9.16704550411086,2.1061038970947266,0.18867873266286606,1.9844877335649111,Hammer,1997-11-07,21.577638626098633,1997-11-14,20.822620391845703,Stop loss (-3%),1,-0.03499077203655265,-0.03544600118207221,-3380.5860970359154,91992.2623958521
BC,2001-07-27,15.365694999694824,4.42844920808507,1.8731918334960938,0.2656833575673155,1.6684115368019155,Hammer,2001-08-03,15.524674415588379,2001-08-24,14.556974411010742,Stop loss (-3%),3,-0.062333030546905754,-0.06295689004247518,-5791.5467426226405,86200.71565322945
BC,2002-06-14,18.221567153930664,9.24867398406542,1.4700450897216797,0.35714332052724246,1.2190585438466077,Hammer,2002-06-21,18.51557731628418,2002-07-19,16.968528747558594,Stop loss (-3%),4,-0.08355389315163175,-0.08407127608039272,-7247.004156763078,78953.71149646638
BC,2006-06-30,24.95639419555664,0.3644550979225585,1.5311603546142578,0.22058898637092364,1.1497120226185316,Hammer,2006-07-07,24.90385627746582,2006-07-21,20.738201141357422,Stop loss (-3%),2,-0.16726948187047153,-0.16763736919892097,-13235.592470522632,65718.11902594376
BCO,1992-03-13,3.7645423412323,2.367404300541736,0.36431050300598145,0.3333333333333333,1.5281496156927472,Hammer,1992-03-20,3.7341830730438232,1992-06-19,3.9898242950439453,RSI(2) acum > 180,13,0.06845974527749732,0.0656938206024134,6569.382053671958,106569.38205367197
BCR-201712,1992-06-19,8.757255554199219,6.362530426430411,0.866602897644043,0.368421226390697,1.251876665452393,Hammer,1992-06-26,8.80286693572998,1992-07-24,9.716252326965332,RSI(2) acum > 180,4,0.10375999068303643,0.10256574013064156,10256.574002807582,110256.5740028076
BCR-201712,1992-10-09,9.945408821105957,2.512506913287581,0.7791337966918945,0.2941169990489375,1.205731215057248,Hammer,1992-10-16,9.945408821105957,1992-11-06,11.508560180664062,RSI(2) acum > 180,3,0.15717316278047977,0.1560892007033614,17209.860491179395,127466.43449398699
BCR-201712,1996-07-19,12.47282886505127,7.792002587735354,1.1606531143188477,0.3438846769150878,1.6650267949470254,Hammer,1996-07-26,12.47282886505127,1996-10-11,12.772176742553711,RSI(2) acum > 180,11,0.02399999877663772,0.023188960245549332,2955.8140791671685,130422.24857315415
BCR-201712,1996-11-08,11.184041023254395,4.493888493379131,0.7021369934082031,0.28571370360912957,1.0828477456551817,Hammer,1996-11-15,11.133888244628906,1996-12-13,10.782819747924805,Stop loss (-3%),4,-0.03153152690152605,-0.03241512876100596,-4227.653976571064,126194.59459658308
BCR-201712,2002-02-01,22.232751846313477,3.8253067356487804,3.066282272338867,0.1512967968076934,1.4049199884271506,Hammer,2002-02-08,21.75999641418457,2002-03-28,25.427162170410156,RSI(2) acum > 180,7,0.1685278658334286,0.16802969716283325,21204.439492445927,147399.034089029
BCR-201712,2002-10-11,23.828771591186523,8.420965410569792,1.7949504852294922,0.14888249664478026,1.384810325602848,Hammer,2002-10-18,23.784231185913086,2002-11-01,25.260417938232422,RSI(2) acum > 180,2,0.06206577546192249,0.061632372263780634,9084.552131212175,156483.5862202412
BCR-201712,2005-10-14,59.59727478027344,7.387133217081882,2.8068504333496094,0.324590003519983,1.2663340677649813,Hammer,2005-10-21,59.588069915771484,2005-11-04,57.25666809082031,Stop loss (-3%),2,-0.03912531196675173,-0.03928983400688201,-6148.214121246672,150335.37209899456
BCR-201712,2012-08-03,94.6635513305664,4.922419346747262,6.090087890625,0.3987234415714572,1.4704540948557918,Hammer,2012-08-10,94.60527038574219,2012-09-21,98.80131530761719,RSI(2) acum > 180,6,0.044353183546393504,0.04424514278215019,6651.609997076082,156986.98209607063
BDK-201003,2006-06-16,76.1800537109375,3.104284269739523,4.350791931152344,0.19579074363412227,1.2929143077954273,Hammer,2006-06-23,76.4823226928711,2006-07-14,74.1466293334961,Stop loss (-3%),3,-0.03053899616457001,-0.030667740441039457,-3066.7740410371716,96933.22595896282
BDX,1996-03-15,10.078534126281738,8.976598415815872,0.39345645904541016,0.3846168762073738,1.0011678119699987,Hammer,1996-03-22,10.04826831817627,1996-04-19,9.533748626708984,Stop loss (-3%),4,-0.05120481213032224,-0.05217404677431677,-5217.404672214272,94782.59532778572
BDX,1997-04-04,11.141008377075195,0.8721607179417248,0.550929069519043,0.22222260689538179,1.0697759566674983,Hammer,1997-04-11,11.079793930053711,1997-04-18,10.620686531066895,Stop loss (-3%),1,-0.04143645647970917,-0.04231990255722714,-4011.190194381794,90771.40513340391
BDX,1997-10-31,11.338104248046875,8.75638598596501,1.5537967681884766,0.33663337167351837,2.143069589997925,Hammer,1997-11-07,11.353487968444824,1998-01-30,14.686497688293457,RSI(2) acum > 180,12,0.2935670279575926,0.2925574010449571,26555.846348471678,117327.25148187559
BDX,2005-10-14,27.726802825927734,3.727857412506168,1.170114517211914,0.2119834973438287,1.1627023680532522,Hammer,2005-10-21,27.6351375579834,2005-11-18,31.452831268310547,RSI(2) acum > 180,4,0.1381463617583576,0.13775957888557475,16162.952739782151,133490.20422165774
BDX,2020-03-27,149.53640747070312,2.674170774758366,17.7030029296875,0.2656009736386642,1.5143202859770974,Hammer,2020-04-03,151.9322509765625,2020-04-24,180.8273468017578,RSI(2) acum > 180,3,0.1901840829676955,0.19011200768435033,25378.090705395203,158868.29492705295
BDX,2025-09-26,142.36428833007812,8.98003829633889,7.742889404296875,0.35358408317863466,1.0691025369267155,Hammer,2025-10-03,142.36428833007812,2025-11-07,137.7216339111328,Stop loss (-3%),5,-0.03261108859112971,-0.03268018315971565,-5191.84497129597,153676.44995575698
BDX,2025-11-07,137.15093994140625,9.52224094836204,13.8045654296875,0.13128498412726486,1.743547812009356,Hammer,2025-11-14,136.36431884765625,2025-12-19,155.77044677734375,RSI(2) acum > 180,5,0.14231089256836804,0.14223234444219593,21857.76174090335,175534.21169666032
BEAM-201404,2003-01-31,25.758563995361328,6.9335642661056625,1.7184066772460938,0.3231291761937532,1.004692504342131,Hammer,2003-02-07,25.834548950195312,2003-02-21,25.27998161315918,Stop loss (-3%),2,-0.02146611261165221,-0.02184896253894807,-2184.8962517099108,97815.1037482901
BEAM-201404,2004-07-23,43.388736724853516,8.679242345841516,2.8544464111328125,0.39873388963430606,1.6806228771942622,Hammer,2004-07-30,43.497135162353516,2004-08-13,41.624568939208984,Stop loss (-3%),2,-0.043050334606064444,-0.043275260308916756,-4232.974072617979,93582.12967567213
BEN,2000-03-03,4.426873207092285,8.523092870236184,0.5769855976104736,0.12068991877450617,1.1965328651818683,Hammer,2000-03-10,4.74521017074585,2000-03-17,4.108536243438721,Stop loss (-3%),1,-0.13417191323415223,-0.13613585590163307,-13613.585576549722,86386.41442345029
BEN,2001-03-23,6.195973873138428,8.481188945070059,1.065783977508545,0.32932324166450794,1.8706023964422989,Hammer,2001-03-30,6.195973873138428,2001-05-04,7.2402024269104,RSI(2) acum > 180,5,0.16853340171414288,0.16678485910932092,14407.945944166619,100794.36036761692
BEN,2002-07-26,5.1097412109375,2.489780071282283,0.48910951614379883,0.3245032596074822,1.025830630645365,Hammer,2002-08-02,5.376970291137695,2002-09-27,5.166426181793213,Stop loss (-3%),8,-0.03915664360123028,-0.040978321583759886,-4130.383708843205,96663.97665877372
BEN,2006-06-16,14.535794258117676,6.936385096729808,1.1674432754516602,0.2855051615280116,1.424168195232816,Hammer,2006-06-23,14.580236434936523,2006-07-14,14.266707420349121,Stop loss (-3%),3,-0.021503698927415105,-0.0221819520054157,-2144.195688753347,94519.78097002037
BEN,2022-02-25,24.242536544799805,2.9944133360048824,2.0703659057617188,0.027132075749814827,1.1530198208359277,Hammer,2022-03-04,23.66476058959961,2022-03-11,22.4610595703125,Stop loss (-3%),1,-0.05086470301398793,-0.051276438335434854,-4846.637715541419,89673.14325447894
BEV-200603,1993-02-26,8.141852378845215,2.956638540908827,1.3722219467163086,0.1333329626744153,1.7092108799749253,Hammer,1993-03-05,8.324814796447754,1993-03-26,7.86740779876709,Stop loss (-3%),3,-0.05494500584875983,-0.056112531803226916,-5611.253174711439,94388.74682528857
BEV-200603,1996-08-02,7.22703742980957,1.2016426330860526,0.6403703689575195,0.2857141793389796,1.1405919093441494,Hammer,1996-08-09,7.22703742980957,1996-10-18,8.050370216369629,RSI(2) acum > 180,10,0.1139239687847795,0.11246246918020646,10615.191520182136,105003.93834547071
BF.B,1993-01-15,1.3295711278915405,0.942578006398918,0.03693258762359619,0.3333333333333333,1.1237771036201198,Hammer,1993-01-22,1.3254674673080444,1993-02-12,1.2680169343948364,Stop loss (-3%),3,-0.043343600903224755,-0.0506968675075398,-5069.686745684294,94930.31325431571
BF.B,1994-06-03,1.490871548652649,6.79585246950181,0.09639251232147217,0.3333333333333333,2.3619467715453437,Hammer,1994-06-10,1.484445333480835,1994-06-24,1.392802119255066,Stop loss (-3%),2,-0.06173566123238594,-0.06824232614716298,-6478.265391875097,88452.04786244061
BF.B,1999-12-31,3.381173610687256,3.5301168395566265,0.199326753616333,0.31481501416803326,1.0494798435973023,Hammer,2000-01-07,3.3664088249206543,2000-02-04,3.2519803047180176,Stop loss (-3%),4,-0.03399127264506674,-0.03690698063162525,-3264.498014022188,85187.54984841842
BF.B,2011-08-12,13.155421257019043,6.891467138233992,1.4093027114868164,0.18929989355518248,2.277301735486809,Hammer,2011-08-19,13.219215393066406,2011-10-28,14.92707633972168,RSI(2) acum > 180,10,0.12919533390393667,0.12839029735900093,10937.254845385902,96124.80469380433
BF.B,2014-10-17,27.735624313354492,6.373363624032081,2.0222530364990234,0.3871999154910714,1.969154070651223,Hammer,2014-10-24,28.149782180786133,2014-12-05,31.696006774902344,RSI(2) acum > 180,6,0.12597698168111293,0.12559943001546156,12073.220667816167,108198.0253616205
BFH,2016-01-22,170.74542236328125,6.409459570905142,13.668106079101562,0.39248096294402585,1.5205345226130862,Hammer,2016-01-29,170.30694580078125,2016-02-05,137.0238494873047,Stop loss (-3%),1,-0.19543005810467584,-0.19548303647719728,-19548.303628171423,80451.69637182858
BFI-199907,1997-10-31,31.293533325195312,0.8586510353700447,4.814388275146484,0.38749967315419276,2.2313431746616668,Hammer,1997-11-07,31.534252166748047,1998-07-24,36.7156982421875,RSI(2) acum > 180,37,0.16431168394420137,0.16396856996158363,16396.856979761505,116396.8569797615
BFO-200010,2000-03-10,38.03295135498047,6.459544996383684,4.561489105224609,0.39189156415923837,1.2864148558604138,Hammer,2000-03-17,37.231605529785156,2000-05-05,49.68901062011719,RSI(2) acum > 180,7,0.3345922076974668,0.3342787268934998,33427.87265592211,133427.87265592208
BGGSQ-202101,2000-09-29,10.745880126953125,4.785339895111022,1.2078018188476562,0.2205883746344175,1.1952587806213166,Hammer,2000-10-06,10.94126033782959,2000-10-13,10.355120658874512,Stop loss (-3%),1,-0.05357149550024787,-0.054460579280656785,-5446.0579226196205,94553.94207738039
BHF,2018-02-16,56.81999969482422,9.22356364564041,5.799999237060547,0.3413792763255253,1.3570798921257008,Hammer,2018-02-23,56.7599983215332,2018-03-09,51.79999923706055,Stop loss (-3%),2,-0.08738546918862344,-0.08755393695814391,-8755.393687058997,91244.60631294102
BHMSQ-200401,1994-03-04,21.875,5.780530827497117,2.5,0.15,1.6906691262493736,Hammer,1994-03-11,21.875,1994-03-31,20.875,Stop loss (-3%),3,-0.04571428571428571,-0.04616087751371117,-4616.087746755029,95383.91225324498
BHMSQ-200401,2000-12-08,2.0625,4.2572431243400075,0.6875,0.36363636363636365,1.4095080034279832,Hammer,2000-12-15,2.125,2000-12-22,1.75,Stop loss (-3%),1,-0.17647058823529416,-0.1807511737089202,-17240.754075481935,78143.15817776303
BIGGQ,2001-08-24,8.111948013305664,2.0179592953499395,1.3081364631652832,0.3160925594553542,1.4702881668629926,Hammer,2001-08-31,8.119466781616211,2001-09-10,7.600261688232422,Stop loss (-3%),2,-0.06394571310512087,-0.06513720932200225,-6513.720925686504,93486.27907431348
BIGGQ,2008-07-18,21.882732391357422,6.898133581451688,3.7324047088623047,0.3850806523733235,1.7021524620621058,Hammer,2008-07-25,21.79243278503418,2008-08-01,20.859331130981445,Stop loss (-3%),1,-0.04281769104244004,-0.043266638936501595,-4044.837078180509,89441.44199613297
BIIB,2005-03-18,35.24131774902344,7.565929298925994,5.158166885375977,0.2928576578975101,1.0129932281611218,Hammer,2005-03-24,34.9834098815918,2005-04-08,31.943777084350586,Stop loss (-3%),2,-0.0868878364781891,-0.08716122874865755,-8716.122866149632,91283.87713385037
BIIB,2011-08-12,83.8017578125,4.425747749524547,9.247848510742188,0.287848538197922,1.6295014162591512,Hammer,2011-08-19,84.13334655761719,2011-10-28,100.0591812133789,RSI(2) acum > 180,10,0.1892927751881972,0.18916267441579326,17267.50231241431,108551.37944626469
BJS-201004,2002-07-26,14.164515495300293,4.449116314970695,2.24025821685791,0.3205943090085016,1.405921364517471,Hammer,2002-08-02,14.459410667419434,2002-08-09,13.93620777130127,Stop loss (-3%),1,-0.036184247626154464,-0.03686309165151023,-3686.3091614647146,96313.69083853527
BJS-201004,2008-09-12,22.113502502441406,4.318517454633877,3.3036842346191406,0.38637200779177894,1.236179540223555,Hammer,2008-09-19,21.43775749206543,2008-10-03,19.361557006835938,Stop loss (-3%),2,-0.09684783895880611,-0.09729161401006668,-9370.514423577155,86943.17641495813
BKB-199909,1993-10-29,9.813764572143555,9.057834455631934,0.6264104843139648,0.33333282585230173,1.0551442634183197,Hammer,1993-11-05,9.865965843200684,1993-11-19,9.225794792175293,Stop loss (-3%),2,-0.0648868099889659,-0.06586701457114665,-6586.701450527962,93413.29854947205
BKNG,2025-03-14,176.81613159179688,5.323470899782663,12.0279541015625,0.3874057422386409,1.1269479178468327,Hammer,2025-03-21,177.1586456298828,2025-04-11,165.11941528320312,Stop loss (-3%),3,-0.06795734017876764,-0.06801186724195121,-6801.186717393935,93198.81328260608
BKR,1998-08-07,10.362688064575195,1.046964200471649,1.7904119491577148,0.18181798812495906,1.2783276936431787,Hammer,1998-08-14,10.362688064575195,1998-08-21,9.630247116088867,Stop loss (-3%),1,-0.07068059406228533,-0.0716110422942926,-7161.104222268155,92838.89577773186
BKR,2002-07-05,15.297523498535156,3.2754766966885427,1.4424705505371094,0.1273890277281923,1.0909171638304112,Hammer,2002-07-12,15.021892547607422,2002-07-19,13.56104850769043,Stop loss (-3%),1,-0.09724766937902674,-0.09788078508295323,-9087.143995871724,83751.75178186012
BKR,2011-08-12,31.456789016723633,6.984209535755525,3.407480239868164,0.24813140322899344,1.1864558674445262,Hammer,2011-08-19,31.787860870361328,2011-08-26,28.721637725830078,Stop loss (-3%),1,-0.09645893308253917,-0.0967582992004044,-8103.677049363547,75648.07473249658
BKR,2014-11-07,27.693769454956055,5.384973128058334,2.208087921142578,0.3165467998763037,1.1423182725796868,Hammer,2014-11-14,28.03795623779297,2014-11-28,34.45041275024414,RSI(2) acum > 180,2,0.22870627438271285,0.22830890075072405,17271.12876881379,92919.20350131036
BKR,2017-10-20,26.220449447631836,4.488712443809575,2.2231407165527344,0.3546105497243399,1.3169631824366768,Hammer,2017-10-27,26.094314575195312,2017-11-03,24.5806884765625,Stop loss (-3%),1,-0.05800597269075747,-0.058378011968209374,-5424.438368651541,87494.76513265881
BKR,2020-01-24,19.150999069213867,6.659278538010611,1.3990440368652344,0.38922184261256276,1.0787614256764742,Hammer,2020-01-31,18.07029914855957,2020-02-28,16.663034439086914,Stop loss (-3%),4,-0.0778772226128217,-0.07840892135860437,-6860.370151715835,80634.39498094298
BKR,2025-03-14,41.8494873046875,4.028435242585303,2.569580078125,0.1653726247030879,1.0087538483400542,Hammer,2025-03-21,42.103477478027344,2025-04-11,33.819541931152344,Stop loss (-3%),3,-0.19675181346239534,-0.19696593283865146,-15882.228810419478,64752.1661705235
BLK,2014-02-07,220.16851806640625,7.420579784351872,11.174728393554688,0.19382478524524577,1.1053096784268883,Hammer,2014-02-14,218.66339111328125,2014-09-05,248.5759735107422,RSI(2) acum > 180,29,0.13679739550899206,0.13674853619776203,13674.853606101351,113674.85360610136
BLK,2022-02-25,671.5996704101562,2.653577105606047,47.43157958984375,0.15840045089619478,1.209883990937429,Hammer,2022-03-04,661.9487915039062,2022-03-11,626.6677856445312,Stop loss (-3%),1,-0.05329869366362727,-0.053315818834642495,-6060.667895325809,107614.18571077555
BLK,2022-10-14,503.351318359375,9.592460234794416,72.68319702148438,0.3988364530460183,1.5296154833392603,Hammer,2022-10-21,517.10107421875,2023-01-20,690.0938720703125,RSI(2) acum > 180,13,0.33454348961259583,0.33452091645395376,35999.195991415414,143613.38170219093
BLS-200612,1992-09-25,8.113974571228027,7.162689532269951,0.3120756149291992,0.37499961801152076,1.1703384347957995,Hammer,1992-10-02,8.094470024108887,1992-11-13,7.708896636962891,Stop loss (-3%),6,-0.04763417320684238,-0.0488394161554437,-4883.941610660428,95116.05838933957
BLY-199612,1991-06-28,3.553476572036743,1.4670742848863938,1.0316545963287354,0.3333334103677012,1.51415770647193,Hammer,1991-07-05,3.4388482570648193,1991-08-23,3.8973615169525146,RSI(2) acum > 180,7,0.1333333795539593,0.13023606919021496,13023.60690599789,113023.60690599789
BLY-199612,1994-11-25,5.502157211303711,2.7898008972323822,0.8023977279663086,0.2857144555043827,1.5921827321819524,Hammer,1994-12-02,5.502157211303711,1994-12-09,5.1582722663879395,Stop loss (-3%),1,-0.0625000216659185,-0.0642590961793147,-7262.794819442781,105760.81208655512
BMC-201309,2000-10-06,17.625,9.472193225494877,6.25,0.26,1.1379328881998416,Hammer,2000-10-13,17.6875,2000-10-20,16.0,Stop loss (-3%),1,-0.09540636042402828,-0.09594460929772497,-9594.460920178037,90405.53907982197
BMC-201309,2007-07-13,29.8700008392334,4.411970021414376,1.789999008178711,0.3296081408668318,1.0980619623006267,Hammer,2007-07-20,29.579999923706055,2007-08-03,28.450000762939453,Stop loss (-3%),2,-0.038201459218429434,-0.03853301212460495,-3483.5977300106288,86921.94134981134
BMET-200709,1992-02-21,9.350068092346191,1.7961733415720715,1.3657398223876953,0.3076925762630911,1.2883528699898803,Hammer,1992-02-28,9.350068092346191,1992-04-03,8.194441795349121,Stop loss (-3%),5,-0.12359549530372371,-0.12459837656881652,-12459.837644421816,87540.16235557818
BMET-200709,2000-03-10,13.328668594360352,2.7192947057284726,2.1411514282226562,0.2,1.2226410317226741,Hammer,2000-03-17,13.275139808654785,2000-08-25,21.206396102905273,RSI(2) acum > 180,23,0.5974518090634098,0.5964738631055779,52215.418764905786,139755.58112048396
BMET-200709,2001-11-23,27.7775821685791,6.943775744724448,2.5719985961914062,0.2188676334922297,1.0072886646307766,Hammer,2001-11-30,27.884342193603516,2001-12-14,26.874956130981445,Stop loss (-3%),2,-0.03619902723950996,-0.03655109738858827,-5108.2198510253365,134647.36126945863
BMET-200709,2003-05-23,27.705114364624023,7.834020122174792,2.0854358673095703,0.21028033536710844,1.1495708298399687,Hammer,2003-05-30,27.714860916137695,2003-06-06,26.94500160217285,Stop loss (-3%),1,-0.027777852333243147,-0.02813359404378657,-3788.1141972339055,130859.24707222472
BMG-200101,1997-04-18,5.914405345916748,7.794384357357359,0.7393007278442383,0.33333354832800793,1.3360694133366697,Hammer,1997-04-25,5.914405345916748,1997-07-03,5.606363296508789,Stop loss (-3%),10,-0.05208335096961669,-0.05372871611628123,-5372.871606255252,94627.12839374476
BMS-201906,1996-07-19,9.03830337524414,7.808835763902778,0.815485954284668,0.25000029236380816,1.7765576910915073,Hammer,1996-07-26,8.970346450805664,1996-08-02,8.698517799377441,Stop loss (-3%),1,-0.030303027081390876,-0.03140030894327473,-3140.0308911874426,96859.96910881255
BMS-201906,1997-10-31,10.622441291809082,0.45466657795670073,1.2886238098144531,0.18918902917363567,1.713085775030102,Hammer,1997-11-07,10.552785873413086,1997-12-05,11.832926750183105,RSI(2) acum > 180,4,0.12130833432290467,0.12030371632829984,11652.614235581856,108512.58334439441
BMS-201906,2000-01-28,9.175851821899414,6.507551046482348,0.8441781997680664,0.391304642532352,1.348699596017218,Hammer,2000-02-04,9.230907440185547,2000-02-25,8.819652557373047,Stop loss (-3%),3,-0.0445519452423665,-0.045610557007058704,-4949.319363663391,103563.26398073103
BMS-201906,2002-06-07,15.359603881835938,2.9289687953062185,0.8484411239624023,0.27306202966318405,1.0352501046124016,Hammer,2002-06-14,15.390911102294922,2002-07-05,14.918163299560547,Stop loss (-3%),3,-0.03071603751020846,-0.03135558522823744,-3247.2867470149786,100315.97723371607
BMS-201906,2002-10-11,15.23123550415039,3.7271609013528604,1.0794038772583008,0.1632646750371299,1.115902396974029,Hammer,2002-10-18,15.152562141418457,2003-01-31,14.31285572052002,Stop loss (-3%),15,-0.05541679440489866,-0.056058250856619585,-5623.538211071056,94692.439022645
BMY,1991-11-29,5.339213848114014,8.887804956264816,0.3655829429626465,0.27906970677581217,1.4993259968670811,Hammer,1991-12-06,5.296704292297363,1992-01-10,6.042271137237549,RSI(2) acum > 180,5,0.14076051895598796,0.1387415827791189,13874.158264037735,113874.15826403775
BMY,2003-08-29,10.543939590454102,8.1458919225214,0.644190788269043,0.374192984871566,1.0222125446232142,Hammer,2003-09-05,10.597968101501465,2003-09-26,11.325279235839844,RSI(2) acum > 180,3,0.0686274130448965,0.06765191854503476,7703.805271559275,121577.96353559702
BMY,2012-11-16,20.33384895324707,4.3257469625177265,1.0324039459228516,0.33540313000552396,1.3137283952993237,Hammer,2012-11-23,20.46209716796875,2013-01-25,22.278818130493164,RSI(2) acum > 180,9,0.08878469042597925,0.08827441173983154,10732.223200899294,132310.1867364963
BMY,2015-08-28,42.114410400390625,0.9606460615469956,6.413398742675781,0.3315273186242962,2.7564257398113616,Hammer,2015-09-04,42.13525390625,2015-09-11,40.564910888671875,Stop loss (-3%),1,-0.03726910062229849,-0.03750198138563501,-4961.894155160082,127348.29258133622
BMY,2018-10-26,38.082340240478516,2.1770773443845144,3.7455596923828125,0.29637143590433007,1.6111899192532555,Hammer,2018-11-02,38.648704528808594,2019-01-11,35.80234909057617,Stop loss (-3%),10,-0.07364685240900537,-0.07389603333112821,-9410.533663842154,117937.75891749408
BMY,2021-12-03,46.78668975830078,7.16412920952834,2.88262939453125,0.24495675326600183,1.476613426656989,Hammer,2021-12-10,46.95283889770508,2021-12-31,51.58000183105469,RSI(2) acum > 180,3,0.09854916213758003,0.09832571178175015,11596.314079910742,129534.07299740483
BMY,2022-09-02,58.32243347167969,8.712316678906674,3.3662338256835938,0.32828255356183667,1.21073657190097,Hammer,2022-09-09,58.60295104980469,2022-11-04,65.6016845703125,RSI(2) acum > 180,8,0.11942629842240926,0.11924548453449317,15446.353282855594,144980.42628026044
BNI-201002,1994-04-22,14.31174373626709,2.5459584243057094,1.3798322677612305,0.32558113817586926,2.0004135627200554,Hammer,1994-04-29,14.279654502868652,1994-05-20,13.734139442443848,Stop loss (-3%),3,-0.03820225904731911,-0.03888893919788156,-3888.8939158992625,96111.10608410073
BNI-201002,1995-12-22,20.2879638671875,2.098538284881215,1.0310287475585938,0.38709587905785897,1.1501786081954504,Hammer,1995-12-29,20.32122230529785,1996-02-16,22.31675910949707,RSI(2) acum > 180,7,0.09819964440224505,0.09768351316721087,9388.470487292983,105499.5765713937
BNI-201002,2001-09-21,21.860925674438477,3.101666609082116,3.164196014404297,0.2790053949787516,1.8830710690576455,Hammer,2001-09-28,23.07590675354004,2001-11-23,25.934173583984375,RSI(2) acum > 180,8,0.12386368436013262,0.12340359331885786,13019.026829508945,118518.60340090265
BNI-201002,2003-03-14,21.68909454345703,4.97238624317778,1.247323989868164,0.3669063868113653,1.0157967122039466,Hammer,2003-03-21,21.769855499267578,2003-05-02,25.027257919311523,RSI(2) acum > 180,6,0.1496290326848304,0.14913542917210995,17675.32276539738,136193.92616630005
BNI-201002,2004-03-12,28.469379425048828,9.840289057820115,1.653982162475586,0.18158869785726559,1.461786875148229,Hammer,2004-03-19,28.469379425048828,2004-04-23,29.594253540039062,RSI(2) acum > 180,5,0.03951171882589444,0.03915358780425176,5332.480841225532,141526.40700752556
BNI-201002,2006-07-28,65.00044250488281,6.109879849062395,5.095855712890625,0.1703711799546056,1.0067340477906987,Hammer,2006-08-04,64.9249496459961,2006-08-18,61.87687301635742,Stop loss (-3%),2,-0.046947693394578494,-0.04709809026976891,-6665.623486130871,134860.78352139468
BNSSA-201206,1990-08-31,380.95849609375,8.222038222064384,30.784515380859375,0.3749998760838942,1.0592149371294766,Hammer,1990-09-07,380.95849609375,1990-09-21,361.7181701660156,Stop loss (-3%),2,-0.05050504484089402,-0.05053063121564057,-5053.0631165109935,94946.936883489
BNSSA-201206,1991-03-28,306.38848876953125,5.381215614718414,34.904998779296875,0.0,1.1977313429744492,Hammer,1991-04-05,310.266845703125,1991-04-12,286.996826171875,Stop loss (-3%),1,-0.07500001967182668,-0.0750310408554595,-7123.967493281829,87822.96939020717
BNSSA-201206,1991-07-19,271.4834899902344,3.474128227639099,31.026687622070312,0.12499969262773776,1.224782777831864,Hammer,1991-07-26,271.4834899902344,1991-08-16,259.8484802246094,Stop loss (-3%),3,-0.04285715409818669,-0.04289319877260312,-3767.008079087387,84055.96131111978
BNSSA-201206,1991-12-13,217.18678283691406,0.45256084136786967,23.27001953125,0.16666688524246176,1.4768597508201649,Hammer,1991-12-20,217.18678283691406,1991-12-27,213.30845642089844,Stop loss (-3%),1,-0.01785710145597519,-0.017902732622878913,-1504.8313992072008,82551.12991191258
BNY,1997-10-31,13.13839340209961,9.08803985888973,1.7622547149658203,0.37623778450508644,2.068111725122257,Hammer,1997-11-07,13.43501091003418,1997-12-05,15.110025405883789,RSI(2) acum > 180,4,0.12467533573780676,0.12388490656704194,12388.490644315705,112388.4906443157
BNY,2001-03-23,26.588764190673828,3.8390627168747216,3.469888687133789,0.16949177697487,1.3458869897634154,Hammer,2001-03-30,27.25921630859375,2001-07-27,25.36933708190918,Stop loss (-3%),17,-0.0693299178263157,-0.06968398450116922,-7831.67783233662,104556.81281197908
BNY,2007-03-16,26.662538528442383,9.852016961571621,1.2572803497314453,0.21195672785913344,1.2722133839216614,Hammer,2007-03-23,26.874364852905273,2007-09-14,26.06265640258789,Stop loss (-3%),25,-0.03020381894642743,-0.030570233144053206,-3196.3261412650036,101360.48667071408
BNY,2014-02-07,23.661344528198242,4.944596853347477,0.8782768249511719,0.1949160640215432,1.0445417565509645,Hammer,2014-02-14,23.631572723388672,2014-06-20,26.31708526611328,RSI(2) acum > 180,18,0.11364087249540944,0.11319376011214835,11473.374601582047,112833.86127229613
BNY,2014-10-17,27.31657600402832,1.3738887671377285,1.5701770782470703,0.37799143612013725,1.5777476291194008,Hammer,2014-10-24,27.376676559448242,2014-11-28,30.312702178955078,RSI(2) acum > 180,5,0.10724550926155252,0.10686071808474369,12057.50742777441,124891.36870007052
BNY,2015-07-10,31.75615882873535,3.208558853860623,0.9783420562744141,0.38132270686424935,1.0320132560845818,Hammer,2015-07-17,31.862747192382812,2015-09-11,30.037931442260742,Stop loss (-3%),8,-0.057271136700928094,-0.05757594783984721,-7190.738922731647,117700.62977733888
BOL-200710,1992-02-21,38.43992233276367,7.621219253663568,3.1015090942382812,0.3939402884475833,1.1453771986544272,Hammer,1992-02-28,38.53390884399414,1992-03-13,37.651817321777344,Stop loss (-3%),2,-0.022891306609666207,-0.023147814740370427,-2314.781471722261,97685.21852827775
BOL-200710,1993-06-11,39.172157287597656,7.334273296951835,2.598644256591797,0.2592587699403569,1.3804526311303453,Hammer,1993-06-18,39.07591247558594,1993-07-02,38.01720428466797,Stop loss (-3%),2,-0.027093626836722895,-0.027346039875235713,-2671.3038784240944,95013.91464985366
BOL-200710,1994-01-21,38.64873504638672,0.5029445081234485,1.8450393676757812,0.21052544524527256,1.1254566049920256,Hammer,1994-01-28,38.64873504638672,1994-03-31,37.35774230957031,Stop loss (-3%),9,-0.0334032339031779,-0.03365762028572755,-3197.9422579473585,91815.9723919063
BR-200603,1997-10-31,22.128276824951172,8.468778184961067,2.091306686401367,0.3648648771896863,1.8969292292400364,Hammer,1997-11-07,22.32610321044922,1997-11-14,21.308712005615234,Stop loss (-3%),1,-0.045569582620124116,-0.046007185366159914,-4600.718532015273,95399.28146798474
BR-200603,2000-07-07,17.771787643432617,1.4634457455085936,1.530019760131836,0.2884609391264456,1.0240722488178005,Hammer,2000-07-14,17.44812774658203,2000-07-28,15.094249725341797,Stop loss (-3%),2,-0.13490719780529703,-0.13544151257949555,-12921.022968099867,82478.25849988486
BR-200603,2001-09-28,16.349716186523438,1.6500361884125283,1.6488313674926758,0.2695663490319129,1.0444056077436932,Hammer,2001-10-05,16.349716186523438,2002-01-25,15.831069946289062,Stop loss (-3%),16,-0.03172203323393952,-0.032323779526665895,-2666.0090408276264,79812.24945905723
BRCM-201601,2008-09-19,19.904273986816406,4.722763293897984,3.638416290283203,0.29155976846031983,1.4079667339957473,Hammer,2008-09-26,19.829832077026367,2008-10-03,17.205705642700195,Stop loss (-3%),1,-0.13233225698196027,-0.13280306201216308,-13280.306187936003,86719.693812064
BRCM-201601,2013-08-16,25.042625427246094,2.3784246574417267,3.402162551879883,0.31249982480365396,1.6972840273354215,Hammer,2013-08-23,25.013629913330078,2013-12-27,28.214147567749023,RSI(2) acum > 180,18,0.12795094776361693,0.12752567448623614,11058.987433564354,97778.68124562834
BRCM-201601,2014-10-17,35.25455856323242,2.7565724185556064,1.9908905029296875,0.37128760298907837,1.1146799933463694,Hammer,2014-10-24,35.23484802246094,2014-12-12,43.301300048828125,RSI(2) acum > 180,7,0.2289339241998467,0.22861767227918284,22353.934482549805,120132.61572817813
BRK.B,2016-10-14,144.17999267578125,9.987737806515767,3.7599945068359375,0.3989367530385731,1.0935540205315986,Hammer,2016-10-21,144.5,2016-11-25,158.10000610351562,RSI(2) acum > 180,5,0.09411768929768605,0.09404523098519517,9404.523089114995,109404.52308911498
BRK.B,2020-03-13,196.39999389648438,2.645518710860898,27.860000610351562,0.2821249259926839,2.948008276295555,Hammer,2020-03-20,174.0,2020-07-31,193.8300018310547,RSI(2) acum > 180,19,0.11396552776468205,0.11390478337435526,12461.69849017859,121866.22157929357
BRK.B,2023-10-06,346.3399963378906,7.875037373791557,10.489990234375,0.34890439174250004,1.0563648101926,Hammer,2023-10-13,344.239990234375,2023-11-03,332.9599914550781,Stop loss (-3%),3,-0.032767833776711774,-0.03279640691825373,-3996.7741885078112,117869.44739078578
BSC-200805,2002-06-14,55.63871765136719,9.869835871879673,3.7123947143554688,0.33333230577630907,1.1674674266012912,Hammer,2002-06-21,56.20549392700195,2002-07-26,51.852325439453125,Stop loss (-3%),5,-0.077450942664121,-0.07762195602150515,-7762.195594388319,92237.80440561168
BSET,1991-08-23,3.832306385040283,0.6182579560339718,0.17159581184387207,0.16666643509673834,1.0715967072129322,Hammer,1991-08-30,3.832306385040283,1992-01-17,4.811726093292236,RSI(2) acum > 180,20,0.2555692603480757,0.2526302596089879,25263.025935635764,125263.02593563576
BSET,1993-10-29,6.760979652404785,4.3143955362819355,0.5587587356567383,0.29999948796810383,1.0791770629491877,Hammer,1993-11-05,6.928606986999512,1994-02-25,6.676375389099121,Stop loss (-3%),16,-0.03640437368920846,-0.037820372338967775,-4737.494276454028,120525.53165918174
BSX,2012-07-27,5.21999979019165,1.5583447328000233,0.5799999237060547,0.2586208881011026,1.6980309356714514,Hammer,2012-08-03,5.179999828338623,2012-12-28,5.800000190734863,RSI(2) acum > 180,21,0.11969119361826164,0.11764713261170862,11764.713249406152,111764.71324940614
BSX,2016-11-18,21.34000015258789,0.38327479167590184,1.0939998626708984,0.3427788364474494,1.1903011263684558,Hammer,2016-11-25,21.389999389648438,2016-12-09,20.459999084472656,Stop loss (-3%),2,-0.04347827637741075,-0.04393551446561771,-4910.440170804459,106854.27307860169
BSX,2017-08-04,26.829999923706055,5.495013874770876,0.9099998474121094,0.3516480752543481,1.0836461563038993,Hammer,2017-08-11,26.799999237060547,2017-09-22,28.989999771118164,RSI(2) acum > 180,6,0.08171644016426538,0.0813281326657736,8690.25848815106,115544.53156675275
BSX,2017-12-08,25.770000457763672,7.38180822478418,1.6899986267089844,0.2721890285605939,1.5036044197990384,Hammer,2017-12-15,25.639999389648438,2018-01-05,24.940000534057617,Stop loss (-3%),3,-0.02730104805983069,-0.027685664749027377,-3198.9271613416004,112345.60440541114
BSX,2025-03-14,97.16000366210938,4.103199662149692,5.2740020751953125,0.2664008772208994,1.1991245352342221,Hammer,2025-03-21,96.76000213623047,2025-04-11,87.04000091552734,Stop loss (-3%),3,-0.10045474375887398,-0.10055289625276655,-11296.675892934982,101048.92851247617
BUD-200811,2008-09-19,66.76179504394531,9.688467915361386,4.672828674316406,0.1425522917595273,2.4014919892570803,Hammer,2008-09-26,66.44364166259766,2008-10-17,61.66144943237305,Stop loss (-3%),3,-0.07197366234844094,-0.07211873877810242,-7211.873870598369,92788.12612940164
BWA,2014-10-03,40.20146560668945,1.8964152257723157,3.104389190673828,0.3651549465038578,1.599414934901109,Hammer,2014-10-10,40.55710220336914,2014-10-17,38.50479507446289,Stop loss (-3%),1,-0.05060290349678287,-0.050843201335234386,-5084.320128439118,94915.67987156087
BWA,2016-07-01,22.904443740844727,1.970738807291312,2.5974502563476562,0.31295509218599926,1.2093745965658047,Hammer,2016-07-08,22.473424911499023,2016-08-05,25.089778900146484,RSI(2) acum > 180,4,0.11641990479647557,0.1159491378470277,11005.391238266573,105921.07110982745
BWA,2020-02-28,25.357099533081055,5.057988871704481,3.0881824493408203,0.27736571681622535,1.4915908791214494,Hammer,2020-03-06,25.27685546875,2020-03-13,21.794267654418945,Stop loss (-3%),1,-0.13777773183205522,-0.13814602407834017,-14632.574825309232,91288.4962845182
BXP,2008-10-10,38.86825942993164,1.5866907350249164,9.38287353515625,0.33768352100124244,1.9050557323166868,Hammer,2008-10-17,39.96522521972656,2008-10-24,35.25592803955078,Stop loss (-3%),1,-0.11783487154856076,-0.11807031744836545,-11807.031733029515,88192.96826697048
BXP,2015-07-02,78.79395294189453,4.8267744977990645,4.0868072509765625,0.37500046670873266,1.2716749790392574,Hammer,2015-07-10,78.27017211914062,2015-09-04,75.12100219726562,Stop loss (-3%),8,-0.04023461092025482,-0.040359795275397285,-3559.4501404250877,84633.5181265454
BXP,2018-12-28,79.59846496582031,5.2098530266087835,4.540809631347656,0.2170662983703898,1.1706654070510742,Hammer,2019-01-04,79.80469512939453,2019-02-08,93.18843841552734,RSI(2) acum > 180,5,0.16770621408217323,0.16757040939011372,14182.073266408752,98815.59139295414
BXP,2021-12-03,86.62020111083984,7.999907995103044,5.74481201171875,0.3105338227638303,1.2452914900900598,Hammer,2021-12-10,88.66350555419922,2022-01-14,99.73350524902344,RSI(2) acum > 180,5,0.12485407187128672,0.12473425175823803,12325.688842122232,111141.28023507638
C,1990-08-24,11.003124237060547,2.0353080867752595,1.4960384368896484,0.2903226217720292,1.7383446458284182,Hammer,1990-08-31,11.4857177734375,1990-09-07,10.665308952331543,Stop loss (-3%),1,-0.07142860701342313,-0.07226779366434091,-7226.779359207312,92773.22064079269
C,1998-10-09,92.5557861328125,2.8408691657127036,22.52680206298828,0.19565215182516757,1.424583538756976,Hammer,1998-10-16,96.63673400878906,1999-03-12,163.1360626220703,RSI(2) acum > 180,21,0.6881371695284442,0.6879980920792913,63827.79873308871,156601.0193738814
C,1999-06-04,172.9145965576172,7.30366199338404,16.326705932617188,0.13636333899383823,1.1167305279760356,Hammer,1999-06-11,172.9145965576172,1999-10-22,169.20729064941406,Stop loss (-3%),19,-0.02144009807158076,-0.021497308472868775,-3366.500417279528,153234.51895660185
C,2002-06-28,211.95877075195312,3.058282443110926,24.8880615234375,0.39560434170578224,1.4233210620760295,Hammer,2002-07-05,213.05276489257812,2002-07-19,197.2447509765625,Stop loss (-3%),2,-0.07419764734799883,-0.0742428417194319,-11376.566125471712,141857.95283113015
C,2015-07-10,40.28190612792969,9.999923832595414,1.83099365234375,0.2782259408646955,1.268985278882654,Hammer,2015-07-17,40.63629150390625,2015-09-04,39.25944519042969,Stop loss (-3%),7,-0.03388218418858946,-0.03412407091795479,-4840.7708378446005,137017.18199328554
C,2016-02-12,27.799135208129883,8.66174531103745,3.450824737548828,0.3519311573015201,1.3798885075720475,Hammer,2016-02-19,28.57668113708496,2016-03-24,32.16080093383789,RSI(2) acum > 180,5,0.12542113549014244,0.12504932021355022,17133.905448702746,154151.08744198832
C,2020-03-13,40.90185546875,0.9838808169489681,10.32162857055664,0.3618013174151521,2.384093948546745,Hammer,2020-03-20,32.447418212890625,2020-03-27,30.091392517089844,Stop loss (-3%),1,-0.07261057506463753,-0.07290753127484845,-11238.775217489885,142912.31222449843
C-199811,1998-09-04,48.24362564086914,1.4932297418246492,6.138969421386719,0.3333337475936653,1.4902422337988408,Hammer,1998-09-11,51.3441162109375,1998-10-09,42.9375,Stop loss (-3%),4,-0.16373085820389865,-0.16390966061349152,-16390.966044958186,83609.03395504183
C-199811,1998-10-09,41.75,3.597549276303468,8.0625,0.17829457364341086,1.6668361449334694,Hammer,1998-10-16,43.75,1998-11-12,47.125,End of data,4,0.07714285714285718,0.07690549651468405,6429.994262995575,90039.0282180374
CA-201811,1996-01-05,18.474754333496094,7.87935429298328,2.2630538940429688,0.21818183350583065,1.3795907249507606,Hammer,1996-01-12,18.68048667907715,1996-02-16,23.741498947143555,RSI(2) acum > 180,5,0.27092507572272906,0.27031740488312883,27031.740461281137,127031.74046128115
CA-201811,2006-04-28,19.312864303588867,0.7619975599219941,1.0661659240722656,0.29285589057172196,1.4628624964647057,Hammer,2006-05-05,19.312864303588867,2006-05-19,18.429468154907227,Stop loss (-3%),2,-0.045741332554047,-0.04624714899336287,-5874.8558221242165,121156.88463915694
CA-201811,2006-06-16,16.29808807373047,9.632211595526229,0.9138584136962891,0.3156211844508218,1.1171579879063906,Hammer,2006-06-23,16.336238861083984,2006-07-07,15.580849647521973,Stop loss (-3%),2,-0.046240093572670005,-0.04683789399742251,-5674.733314112047,115482.15132504489
CA-201811,2008-01-25,16.904977798461914,1.709173655082651,1.7644672393798828,0.36244512690130354,1.5886125709020054,Hammer,2008-02-01,16.958911895751953,2008-05-30,19.466716766357422,RSI(2) acum > 180,17,0.14787534047120388,0.14724226852598546,17003.853918356894,132486.00524340177
CA-201811,2011-08-12,15.948473930358887,7.839841212000167,1.211573600769043,0.24183050265776782,1.2639341496760497,Hammer,2011-08-19,16.027860641479492,2011-08-26,15.083175659179688,Stop loss (-3%),1,-0.05894017944322505,-0.059545517400050756,-7888.9477225952505,124597.05752080651
CA-201811,2018-10-12,43.70000076293945,8.830992947419361,3.05999755859375,0.130718310561484,2.8752903925375857,Hammer,2018-10-19,44.0,2018-11-02,44.439998626708984,End of data,2,0.009999968788840574,0.00977158565410715,1217.5108185967656,125814.56833940327
CAG,2003-01-31,8.085779190063477,7.989973235961955,0.34877681732177734,0.34788184371060843,1.010129825274076,Hammer,2003-02-07,8.10226058959961,2003-02-28,7.736372947692871,Stop loss (-3%),3,-0.045158710690743065,-0.04636432217177592,-4636.43221254116,95363.56778745883
CAH,2016-01-15,60.971771240234375,7.867139713791914,4.180362701416016,0.3788158491482009,1.4195028419511218,Hammer,2016-01-22,61.692264556884766,2016-02-12,57.00905990600586,Stop loss (-3%),3,-0.07591234791779522,-0.0760682776551914,-7606.827757912313,92393.17224208769
CAH,2020-03-13,40.497310638427734,5.2549957990488,6.344181060791016,0.2949060453168772,1.7789403714286791,Hammer,2020-03-20,36.21966552734375,2020-06-12,49.01211929321289,RSI(2) acum > 180,12,0.353190830992395,0.3528660259463393,32602.411481038696,124995.58372312639
CAL,1991-06-21,4.325889587402344,9.116213590462209,0.4163956642150879,0.2222217132648913,1.48142601884393,Hammer,1991-06-28,4.325889587402344,1991-08-23,4.904216766357422,RSI(2) acum > 180,8,0.13368976883720185,0.1312264299252107,13122.642979398428,113122.64297939844
CAL,1993-07-09,6.376129150390625,3.524690077883534,0.23422527313232422,0.2222224484228613,1.0064526954633604,Hammer,1993-07-16,6.402154445648193,1993-09-24,6.902218341827393,RSI(2) acum > 180,10,0.07810868988315534,0.07648698034929621,8652.409361973288,121775.05234137175
CAL,1995-03-10,6.782773971557617,6.390655235154682,0.24720048904418945,0.1997137439551558,1.0134071672351685,Hammer,1995-03-17,6.726250648498535,1995-04-28,6.471896648406982,Stop loss (-3%),6,-0.03781512366749684,-0.03927264246957125,-4782.428087533592,116992.62425383815
CAM-201604,2008-02-01,42.119998931884766,3.6827736137252174,7.930000305175781,0.35435072700526554,1.9060473713877173,Hammer,2008-02-08,41.90999984741211,2008-02-15,39.83000183105469,Stop loss (-3%),1,-0.04963011271606721,-0.049862770463220185,-4986.277041335741,95013.72295866425
CAM-201604,2014-10-17,57.349998474121094,0.39366995222995627,5.30999755859375,0.3935971965195002,1.5608580096965934,Hammer,2014-10-24,57.470001220703125,2014-12-05,50.630001068115234,Stop loss (-3%),6,-0.11901861853665374,-0.11918225327710733,-11323.94958313648,83689.77337552777
CAR,1996-07-19,30.81928253173828,2.534059122999949,2.7806873321533203,0.33333379061802715,1.1543264032299603,Hammer,1996-07-26,30.58755874633789,1996-09-27,35.56962203979492,RSI(2) acum > 180,9,0.1628787486694574,0.16252525114631727,16252.525098379203,116252.52509837919
CAR,2002-02-08,22.968475341796875,1.3954041326928177,2.460906982421875,0.21468907724550157,1.054604936651442,Hammer,2002-02-15,22.82944107055664,2002-03-01,21.564228057861328,Stop loss (-3%),2,-0.05542023603578583,-0.05584603576479071,-6492.242667899072,109760.28243048013
CAR,2002-07-26,18.143983840942383,2.2411407270327715,2.9892406463623047,0.36744164678542873,1.4169786424249873,Hammer,2002-08-02,18.71402359008789,2002-08-09,17.37929344177246,Stop loss (-3%),1,-0.0713224572946668,-0.07183762239754278,-7884.917715603562,101875.36471487657
CAT,1990-08-24,2.383244037628174,0.15889417218794222,0.2580149173736572,0.31578932778164337,1.5662054723464394,Hammer,1990-08-31,2.4307732582092285,1990-09-07,2.3357150554656982,Stop loss (-3%),1,-0.0391061578542955,-0.04313135567502233,-4313.135563189098,95686.86443681091
CAT,1993-09-24,4.47352933883667,9.115130485773818,0.2791481018066406,0.35897378957869275,1.5377258487788426,Hammer,1993-10-01,4.487844467163086,1993-11-05,5.249102592468262,RSI(2) acum > 180,5,0.16962667286604782,0.16721213716519823,16000.005085115747,111686.86952192665
CAT,2008-07-11,43.96503829956055,2.9981507250188173,3.1929931640625,0.3826437473716405,1.0928655019339568,Hammer,2008-07-18,44.58222579956055,2008-08-08,43.20839309692383,Stop loss (-3%),3,-0.03081570464456851,-0.031036528463503528,-3466.3727014505084,108220.49682047615
CAT,2012-07-13,57.79194641113281,2.3757067679410255,4.295490264892578,0.3737701336634587,1.0219475723626377,Hammer,2012-07-20,57.63702392578125,2012-12-21,63.63143539428711,RSI(2) acum > 180,22,0.10400279300029114,0.10382028702203913,11235.483030334024,119455.97985081018
CAT,2013-03-01,65.51099395751953,9.811034581653473,3.3415260314941406,0.38626605522391977,1.0746408509686411,Hammer,2013-03-08,64.97319030761719,2013-03-28,63.05146026611328,Stop loss (-3%),3,-0.029577276910760064,-0.029728898763705023,-3551.2947281526285,115904.68512265755
CB,2002-07-12,18.0655574798584,6.035480516838064,2.32708740234375,0.39473666955176123,1.2614557094428565,Hammer,2002-07-19,17.851219177246094,2002-07-26,15.615989685058594,Stop loss (-3%),1,-0.12521438844001287,-0.12573935556573823,-12573.935543999887,87426.06445600012
CB,2003-03-14,16.47821617126465,9.221109312106307,2.143406867980957,0.1300577301698535,1.3506495084170382,Hammer,2003-03-21,16.41626739501953,2003-12-19,24.585906982421875,RSI(2) acum > 180,39,0.4976551240802096,0.49689463006230034,43441.54191222547,130867.60636822558
CB,2004-10-22,22.199188232421875,7.897760944778071,2.531545639038086,0.30203072648217116,1.6387307982449402,Hammer,2004-10-29,22.61682891845703,2004-12-10,26.2149600982666,RSI(2) acum > 180,6,0.1590908784243057,0.15861366438334415,20757.390574383935,151624.99694260952
CB,2007-03-16,36.85732650756836,3.7816230474930563,1.8841018676757812,0.24911015456382388,1.3763057776946692,Hammer,2007-03-23,36.93107986450195,2007-04-20,39.395381927490234,RSI(2) acum > 180,4,0.06672705136242074,0.06644728059912577,10075.068707612096,161700.0656502216
CB-201601,1996-04-12,14.741852760314941,5.089563569933276,0.8268337249755859,0.19512155737383477,1.4505359865367513,Hammer,1996-04-19,14.721686363220215,1996-07-05,16.181507110595703,RSI(2) acum > 180,11,0.09916124493880107,0.09844853836205834,9844.85382636098,109844.85382636098
CB-201601,2003-03-14,16.787683486938477,0.35264282389557877,1.6617813110351562,0.18222282416568342,1.2764054266054226,Hammer,2003-03-21,16.787683486938477,2003-05-09,22.33853530883789,RSI(2) acum > 180,7,0.33065025476672893,0.3299563066384919,36244.00223554709,146088.85606190807
CB-201601,2007-03-09,40.42876434326172,5.740067877423954,1.3852119445800781,0.2616289156626506,1.1249573206349768,Hammer,2007-03-16,40.348228454589844,2007-04-27,43.392513275146484,RSI(2) acum > 180,6,0.07545027222156353,0.07519311184658174,10984.875682417358,157073.73174432543
CBB-199801,1994-12-09,38.0937385559082,3.1026228103141165,3.516345977783203,0.3888894313123719,1.457055556908631,Hammer,1994-12-16,37.89838790893555,1995-01-06,43.75896072387695,RSI(2) acum > 180,3,0.15463910573250583,0.15435487795966024,15435.487780530537,115435.48778053053
CBB-199801,1995-09-29,39.68574142456055,6.898977449008058,5.58392333984375,0.39285704526326143,2.186861978464987,Hammer,1995-10-06,39.68574142456055,1995-10-13,36.69435119628906,Stop loss (-3%),1,-0.07537695204606121,-0.07561940443909754,-8729.162828371278,106706.32495215925
CBE-201211,1992-07-10,12.481820106506348,2.842500201264258,0.9466543197631836,0.1851851478734968,1.2341399361147372,Hammer,1992-07-17,12.446759223937988,1992-09-25,14.435535430908203,RSI(2) acum > 180,10,0.15978265275231962,0.15891539270740956,15891.539254849416,115891.53925484941
CBE-201211,1994-10-28,11.472323417663574,4.058079349498428,0.7170200347900391,0.3157890536676199,1.5301989268285778,Hammer,1994-11-04,11.510061264038086,1994-11-18,11.09494400024414,Stop loss (-3%),2,-0.03606559984966662,-0.03691836752285467,-4278.526434721343,111613.01282012806
CBE-201211,1994-12-02,10.591721534729004,0.14212746104975338,0.6211404800415039,0.2026015141721415,1.3387559560714997,Hammer,1994-12-09,10.591721534729004,1994-12-16,9.791626930236816,Stop loss (-3%),1,-0.0755396185472561,-0.07644766372667586,-8532.554063061758,103080.45875706631
CBE-201211,1995-09-29,11.02966594696045,1.121719018723212,0.5084600448608398,0.1538471637916644,1.1627053436890593,Hammer,1995-10-06,10.990553855895996,1995-10-27,10.599431037902832,Stop loss (-3%),3,-0.03558717996576144,-0.03648045594156919,-3760.422130363476,99320.03662670283
CBE-201211,1997-10-31,17.346609115600586,4.161347325866316,1.747140884399414,0.3333333333333333,1.972977019125101,Hammer,1997-11-07,17.346609115600586,1997-11-21,16.743431091308594,Stop loss (-3%),2,-0.03477209985377072,-0.035338395431043515,-3509.810725030339,95810.22590167249
CBE-201211,2002-07-05,14.778172492980957,0.37100064623724904,1.368779182434082,0.37570518139805154,1.182383201352919,Hammer,2002-07-12,14.778172492980957,2002-07-19,13.745787620544434,Stop loss (-3%),1,-0.06985876453444195,-0.07051158152497015,-6755.730547835856,89054.49535383664
CBE-201211,2007-08-10,44.251705169677734,2.3653179324817586,3.2419776916503906,0.25875992069328657,1.4882477662156839,Hammer,2007-08-17,44.66241455078125,2007-10-19,49.369449615478516,RSI(2) acum > 180,9,0.1053914149523949,0.10515574075498199,9364.591417129202,98419.08677096585
CBOE,2018-12-28,86.83556365966797,5.347653726993229,8.206283569335938,0.13418103520407879,1.4701872810955068,Hammer,2019-01-04,86.62798309326172,2019-01-18,82.13321685791016,Stop loss (-3%),2,-0.05188584652274075,-0.0519982814224706,-5199.828137047232,94800.17186295276
CBRE,2008-10-10,9.25,3.9691443014564243,3.390000343322754,0.38643076311098096,1.1307247998422927,Hammer,2008-10-17,9.720000267028809,2008-10-24,6.409999847412109,Stop loss (-3%),1,-0.34053501323909885,-0.3413882085816156,-34138.82082402274,65861.17917597726
CBRE,2011-06-17,23.979999542236328,4.186842210106576,2.1999988555908203,0.30454564764490005,1.2784072346626851,Hammer,2011-06-24,23.829999923706055,2011-08-05,22.110000610351562,Stop loss (-3%),6,-0.07217789839954802,-0.07258230832356131,-4780.356408723741,61080.82276725352
CBRE,2016-01-22,28.75,2.580387713461519,2.4099998474121094,0.269709402358781,1.1783143290419935,Hammer,2016-01-29,28.540000915527344,2016-02-12,24.600000381469727,Stop loss (-3%),2,-0.13805187132681684,-0.1383780139207834,-8452.242934727667,52628.57983252585
CBRE,2022-01-28,98.33000183105469,6.240527460005097,6.459999084472656,0.3900924148926747,1.1446085464585212,Hammer,2022-02-04,97.72000122070312,2022-03-11,89.62000274658203,Stop loss (-3%),5,-0.08288987282989324,-0.08298795981394147,-4367.538463838928,48261.04136868692
CBS-199511,1994-04-22,56.301185607910156,6.654093501186949,3.9579010009765625,0.2249995180908688,1.350852956888738,Hammer,1994-04-29,56.499080657958984,1994-06-03,53.49553680419922,Stop loss (-3%),5,-0.05316093321841797,-0.053333207419158105,-5333.320736582489,94666.67926341752
CBS-199511,1994-10-28,58.69381332397461,6.386833175616019,4.591270446777344,0.3243240548566187,1.2054554330091194,Hammer,1994-11-04,58.19746017456055,1994-11-11,55.71569061279297,Stop loss (-3%),1,-0.042643949655597146,-0.042812100283978874,-4052.8793621238146,90613.79990129372
CBS-200005,1996-07-19,16.836698532104492,2.3299930492652976,2.335017204284668,0.26315826016778826,2.0313545334961063,Hammer,1996-07-26,16.836698532104492,1996-08-16,16.024263381958008,Stop loss (-3%),3,-0.048253827708402586,-0.04883326634654554,-4883.326629771227,95116.67337022877
CBS-200005,1998-05-22,32.1875,5.58651219090757,2.5,0.3,1.203317690946471,Hammer,1998-05-29,32.1875,1998-06-19,30.8125,Stop loss (-3%),3,-0.042718446601941795,-0.043022443115632525,-4092.1516653267154,91024.52170490206
CBSS-200709,2007-08-17,67.95999908447266,5.122509967767797,3.4300003051757812,0.320699235058733,1.9412209918073837,Hammer,2007-08-24,67.72000122070312,2007-09-06,65.5199966430664,Stop loss (-3%),2,-0.032486776993207456,-0.03263203451905037,-3263.2034486418333,96736.79655135816
CCB-199602,1995-04-21,84.88777160644531,2.1677061137397686,6.990753173828125,0.3928572987650225,1.974356862930212,Hammer,1995-04-28,84.63810729980469,1995-06-02,96.37258911132812,RSI(2) acum > 180,5,0.13864300828417164,0.13851667531527978,13851.66751767631,113851.66751767632
CCEP,2014-04-17,23.41466522216797,7.672345114724465,0.8031139373779297,0.3612927281665689,1.0280722725339644,Hammer,2014-04-25,23.492387771606445,2014-07-25,25.3930606842041,RSI(2) acum > 180,13,0.08090590582260271,0.08046311066467947,8046.311058421636,108046.31105842165
CCEP,2014-10-17,21.531902313232422,3.3695104424167255,1.3460712432861328,0.19844302841458974,1.3836634343545169,Hammer,2014-10-24,21.50047492980957,2015-03-06,24.34784698486328,RSI(2) acum > 180,19,0.13243298412473403,0.13193719572873597,14255.32727562754,122301.63833404919
CCI,2013-06-14,42.480995178222656,6.66656435113272,1.9688377380371094,0.19018482171747214,1.0401587385575752,Hammer,2013-06-21,42.722572326660156,2013-06-28,40.886600494384766,Stop loss (-3%),1,-0.04297428109518797,-0.04320329313733526,-4320.329309413197,95679.67069058679
CCI-199810,1994-10-07,38.896080017089844,8.548474608526874,1.9621200561523438,0.29411810451086595,1.1724576885177371,Hammer,1994-10-14,39.12691879272461,1994-11-04,43.65999221801758,RSI(2) acum > 180,3,0.11585561974115532,0.11558527066487459,11558.52705492893,111558.52705492893
CCI-199810,1997-10-31,123.53789520263672,5.801805668574872,20.47412872314453,0.3955749491817848,2.4613408426753014,Hammer,1997-11-07,125.76046752929688,1997-11-21,117.79624938964844,Stop loss (-3%),2,-0.0633284711492752,-0.06340546651083583,-7073.420444106048,104485.10661082288
CCK,1998-09-04,27.781448364257812,2.644340356490389,3.4726810455322266,0.3939396435956796,1.5714072292079042,Hammer,1998-09-11,28.09714698791504,1998-10-02,24.045684814453125,Stop loss (-3%),3,-0.14419478871660896,-0.14452497793882055,-14452.49777942956,85547.50222057044
CCL,2002-07-26,15.808424949645996,5.309905486983581,1.8884220123291016,0.2575249197789667,1.3847723598910013,Hammer,2002-08-02,16.105266571044922,2002-08-09,15.120003700256348,Stop loss (-3%),1,-0.061176439796404414,-0.06177817520272239,-6177.817514094422,93822.18248590559
CCL,2005-02-25,35.87610626220703,9.508007279659452,4.128208160400391,0.07142863743260164,2.791146152639058,Hammer,2005-03-04,35.81058120727539,2005-04-01,33.58920669555664,Stop loss (-3%),4,-0.06203123313919989,-0.06230178141756584,-5845.289099510575,87976.89338639502
CCL,2007-07-13,32.83481979370117,6.343700578880089,1.5065631866455078,0.23287794366942532,1.1303787224029826,Hammer,2007-07-20,32.73851013183594,2007-08-03,30.406435012817383,Stop loss (-3%),2,-0.07123339179539423,-0.07152791834438656,-6292.80404004206,81684.08934635296
CCL,2014-10-17,29.30287742614746,4.607828549798086,2.274076461791992,0.33210402668520833,1.412737786982126,Hammer,2014-10-24,29.672101974487305,2014-11-28,35.41992950439453,RSI(2) acum > 180,5,0.19371150499716294,0.19334190834536008,15792.957699883824,97477.0470462368
CCL,2016-01-22,42.80294418334961,9.440837136871622,3.7993316650390625,0.38409111902744253,1.597051961567969,Hammer,2016-01-29,42.785675048828125,2016-02-12,36.52540969848633,Stop loss (-3%),2,-0.14631685355431268,-0.14653345251475575,-14283.648230344705,83193.3988158921
CCL,2022-03-11,17.026525497436523,7.612019916882758,3.2549266815185547,0.3100305358451913,1.135931262491144,Hammer,2022-03-18,17.11556625366211,2022-05-13,15.384222984313965,Stop loss (-3%),8,-0.10115606131218124,-0.10171061187743541,-8461.651489266245,74731.74732662585
CCTYQ-201109,1998-05-01,12.496920585632324,6.822808950014348,1.1378364562988281,0.20338980209670876,1.20350658438163,Hammer,1998-05-08,12.57406234741211,1998-06-12,14.039750099182129,RSI(2) acum > 180,5,0.11656437762706617,0.11572307311677324,11572.307300105018,111572.307300105
CCU-200807,2004-06-18,33.01436996459961,3.3616489647622956,2.127103805541992,0.20833471572746062,1.1253802029869855,Hammer,2004-06-25,33.023231506347656,2004-07-16,31.149869918823242,Stop loss (-3%),3,-0.05672859687169984,-0.05702278025883571,-5702.278020181293,94297.7219798187
CCU-200807,2007-11-09,35.57841110229492,3.1379781387819463,4.9632720947265625,0.3867735717382014,4.032406839084856,Hammer,2007-11-16,35.588356018066406,2007-11-23,34.31521224975586,Stop loss (-3%),1,-0.03577416634992181,-0.03605009226045587,-3399.44157392384,90898.28040589485
CCU-200807,2007-11-23,33.49960708618164,0.8185873627833757,2.7153759002685547,0.39194065349431984,1.943601834823931,Hammer,2007-11-30,34.09638977050781,2008-02-08,31.729999542236328,Stop loss (-3%),10,-0.0694029556853063,-0.06968602289419527,-6334.339643073832,84563.94076282102
CDNS,2020-03-13,62.470001220703125,6.390337177224694,8.669998168945312,0.28719704609492835,1.7836976203525663,Hammer,2020-03-20,55.7599983215332,2020-04-24,77.7300033569336,RSI(2) acum > 180,5,0.39401014520683897,0.393795493524129,39379.54931303335,139379.54931303335
CDNS,2026-02-06,283.5199890136719,5.2082209211666,33.59100341796875,0.38165002589237856,1.506461934676149,Hammer,2026-02-13,283.489990234375,2026-04-02,272.17999267578125,Stop loss (-3%),7,-0.03989557990828252,-0.03993015026203868,-5565.446341959205,133814.10297107417
CDW,2020-03-13,93.44149780273438,2.452700177155762,13.162979125976562,0.2957245646838981,1.7328115804707769,Hammer,2020-03-20,81.22860717773438,2020-03-27,72.29954528808594,Stop loss (-3%),1,-0.10992508920054445,-0.11004142497439887,-11004.142486435743,88995.85751356426
CE,2022-02-25,132.31333923339844,5.079639236384281,11.303947448730469,0.3786246373084796,1.1835065178331496,Hammer,2022-03-04,129.58802795410156,2022-06-24,117.57523345947266,Stop loss (-3%),16,-0.09269987887217246,-0.09277346694057545,-9277.346684780197,90722.65331521981
CEG-201203,1990-07-27,7.210995197296143,6.117036534798075,0.28972768783569336,0.22222240509016578,1.1034098301998325,Hammer,1990-08-03,7.146611213684082,1990-08-24,6.792500019073486,Stop loss (-3%),3,-0.04954952550553693,-0.050913169596509336,-5091.316954559617,94908.68304544038
CEG-201203,1997-04-18,15.310057640075684,0.2695818160076442,0.8175268173217773,0.3636360454902308,1.6748462071215942,Hammer,1997-04-25,15.235736846923828,1997-07-11,16.690622329711914,RSI(2) acum > 180,11,0.09549163899360957,0.09480417497528809,8997.739385116347,103906.42243055672
CELG-201911,2007-12-21,24.0,0.8937216182587662,4.880001068115234,0.30942620868421894,1.9423233199972019,Hammer,2007-12-28,23.6200008392334,2008-04-11,32.29999923706055,RSI(2) acum > 180,15,0.367485101160939,0.3669840461308733,36698.40457638893,136698.40457638892
CELG-201911,2010-04-23,29.905000686645508,6.268743801308133,2.104999542236328,0.33254109634966916,1.3439618213835407,Hammer,2010-04-30,30.200000762939453,2010-05-14,29.469999313354492,Stop loss (-3%),2,-0.02417223281930503,-0.024499302462952486,-3349.0155565709856,133349.38901981793
CELG-201911,2010-12-10,28.729999542236328,6.5679356675245515,2.0749988555908203,0.2240965826728082,1.3278157583778263,Hammer,2010-12-17,28.790000915527344,2011-02-04,25.774999618530273,Stop loss (-3%),7,-0.10472390417226374,-0.10505300228575004,-14008.75365549355,119340.63536432438
CELG-201911,2011-08-12,27.21500015258789,3.77558414789101,1.6000003814697266,0.24687522724265404,1.0627954509198567,Hammer,2011-08-19,27.334999084472656,2011-09-23,30.21500015258789,RSI(2) acum > 180,5,0.10535947190688533,0.10497443907177044,12527.716243310926,131868.3516076353
CELG-201911,2014-10-17,88.12000274658203,8.20783295435848,7.7299957275390625,0.3583438776295764,1.567614000040135,Hammer,2014-10-24,88.83999633789062,2014-12-12,116.75499725341797,RSI(2) acum > 180,7,0.31421659237081134,0.31408635337662133,41418.04964081023,173286.40124844553
CEN-200711,1991-01-11,2.507648468017578,2.5900785938909365,0.4776473045349121,0.25000024957597045,1.2126389537081805,Hammer,1991-01-18,2.507648468017578,1991-02-15,4.17941427230835,RSI(2) acum > 180,4,0.6666667300510372,0.6613602441577775,66136.02434964172,166136.02434964172
CEN-200711,1991-06-28,3.3833353519439697,4.888438746525466,0.5970590114593506,0.13333309374035388,1.7326888316847282,Hammer,1991-07-05,3.3833353519439697,1991-07-12,3.104707717895508,Stop loss (-3%),1,-0.08235294615071787,-0.08518272368845349,-14151.919042721795,151984.10530691996
CEN-200711,1999-10-22,14.970809936523438,6.18772370389145,2.9005937576293945,0.12903235351848583,1.302872013658005,Hammer,1999-10-29,14.970809936523438,2000-01-21,13.520513534545898,Stop loss (-3%),12,-0.09687494585308531,-0.09751034556175328,-14820.022613551642,137164.0826933683
CF,2013-03-01,28.55565071105957,4.300483920543314,1.9018192291259766,0.12965787818886954,1.1449367544683737,Hammer,2013-03-08,28.48479461669922,2013-03-28,27.489952087402344,Stop loss (-3%),3,-0.03492538888497543,-0.03527026231027622,-3527.026227500596,96472.97377249939
CF,2016-01-22,22.327451705932617,2.5109563019178722,4.501262664794922,0.36092718599229306,1.3484442388787619,Hammer,2016-01-29,21.977188110351562,2016-03-04,26.421506881713867,RSI(2) acum > 180,5,0.2022241766802264,0.20172326563223947,19460.84329518112,115933.81706768052
CFC-200806,1997-10-31,7.166942596435547,8.417231966628307,0.8093814849853516,0.24193529382654372,1.964574110690148,Hammer,1997-11-07,7.284433364868164,1997-12-05,8.5637788772583,RSI(2) acum > 180,4,0.17562732038434814,0.17413500458181277,17413.500440767777,117413.50044076778
CFC-200806,2005-10-14,27.829120635986328,3.3994582374742635,1.8027324676513672,0.3065330301718985,1.0660487343212877,Hammer,2005-10-21,28.01030158996582,2005-11-25,31.579940795898438,RSI(2) acum > 180,5,0.1274402274630051,0.12706053491880195,14918.62215777432,132332.12259854208
CFG,2016-07-01,13.520244598388672,3.2985779580230314,1.2247352600097656,0.31460768648557735,1.08932876256007,Hammer,2016-07-08,13.286306381225586,2016-08-05,15.391899108886719,RSI(2) acum > 180,4,0.1584784113240436,0.15766642251368365,15766.642235601721,115766.64223560173
CFG,2020-03-13,17.98786163330078,0.7201158866779167,4.097827911376953,0.34693885150262377,1.9643140623803819,Hammer,2020-03-20,14.91639232635498,2020-03-27,13.441478729248047,Stop loss (-3%),1,-0.098878707722174,-0.09951575326413724,-11520.604593415184,104246.03764218655
CFL-199804,1994-10-07,23.227867126464844,8.076005516106534,1.0956535339355469,0.2999993036672365,1.1667481286770855,Hammer,1994-10-14,23.446996688842773,1994-11-04,22.899169921875,Stop loss (-3%),3,-0.023364474957616066,-0.023785896543007713,-2378.5896519221815,97621.41034807783
CFL-199804,1997-04-04,47.74458312988281,8.896915469654104,2.7942123413085938,0.1304352574656717,1.0697177017741017,Hammer,1997-04-11,47.74458312988281,1997-06-20,56.380714416503906,RSI(2) acum > 180,10,0.1808819078622519,0.18065354127086924,17635.65346560129,115257.06381367912
CG-200011,1994-12-02,15.146526336669922,2.0353873657743833,0.9368982315063477,0.33333367263532804,1.1196411517896896,Hammer,1994-12-09,15.146526336669922,1994-12-16,14.365777969360352,Stop loss (-3%),1,-0.05154636449014516,-0.052189353715195806,-5218.935366300646,94781.06463369935
CG-200011,1999-01-29,50.41157531738281,5.465782231434048,3.3485946655273438,0.3818177882786103,1.2122222745082842,Hammer,1999-02-05,50.2898063659668,1999-02-12,48.097999572753906,Stop loss (-3%),1,-0.04358352023196843,-0.043778015113361685,-4149.326875845274,90631.73775785409
CGP-200101,1994-10-07,13.114627838134766,2.2062984045299316,0.8901338577270508,0.3333329762056541,1.3389176947643346,Hammer,1994-10-14,13.233311653137207,1994-11-25,12.580547332763672,Stop loss (-3%),6,-0.04932735943075783,-0.05006411223265572,-5006.411218259162,94993.58878174084
CGP-200101,1997-10-31,29.472421646118164,7.379708969917772,2.971752166748047,0.36082446436387955,2.324960216697422,Hammer,1997-11-07,29.809423446655273,1997-12-05,28.845033645629883,Stop loss (-3%),4,-0.03235184346155473,-0.03268182605539212,-3104.5639418377377,91889.0248399031
CGP-200101,1999-07-30,39.57911682128906,9.88090711949846,2.9157028198242188,0.31914843510821184,1.1212432425610697,Hammer,1999-08-06,39.5170783996582,1999-08-27,44.04572296142578,RSI(2) acum > 180,3,0.1145996805727103,0.11433215925725859,10505.870611484119,102394.89545138722
CHA-200006,1990-11-09,22.660093307495117,6.431564852557614,1.5184593200683594,0.3076924043159865,1.202590884828062,Hammer,1990-11-16,22.543289184570312,1990-12-28,24.560222625732422,RSI(2) acum > 180,6,0.08946935048602378,0.08900601836060555,8900.601827159953,108900.60182715996
CHA-200006,2000-02-11,50.61471939086914,2.01414554251069,6.6221466064453125,0.3568097348089468,1.1641935435993123,Hammer,2000-02-18,50.24163818359375,2000-03-17,47.505706787109375,Stop loss (-3%),4,-0.05445545757259529,-0.05464905704638688,-5951.315195687013,102949.28663147296
CHRS-201206,1992-05-01,13.100003242492676,3.713457324280853,1.2736120223999023,0.23809509546761873,1.0476552671186972,Hammer,1992-05-08,13.039355278015137,1992-08-07,15.487210273742676,RSI(2) acum > 180,13,0.1877282230245476,0.18688965025632828,18688.965006943865,118688.96500694386
CHRS-201206,1995-05-19,4.479230880737305,3.631652234063978,0.6221153736114502,0.1999999233522947,1.0890119485598024,Hammer,1995-05-26,4.479230880737305,1995-06-09,4.230384826660156,Stop loss (-3%),2,-0.055555531898857424,-0.05772362328377449,-6851.1570971507645,111837.8079097931
CHRW,2019-05-03,70.90547943115234,7.1851953558892205,8.214553833007812,0.3641977601890224,2.180688277143586,Hammer,2019-05-10,69.98429870605469,2019-05-31,67.45738983154297,Stop loss (-3%),3,-0.03610679711352316,-0.036247096647822975,-3624.709661157588,96375.29033884242
CHRW,2026-05-15,163.03167724609375,9.959515416274769,21.780410766601562,0.3962481461061047,1.5395868519341895,Hammer,2026-05-22,164.45680236816406,2026-06-18,192.22000122070312,RSI(2) acum > 180,4,0.16881757672988496,0.16875163991217107,16263.48827542779,112638.77861427021
CHTR,2020-03-13,454.19000244140625,5.2302327723259765,64.95999145507812,0.3760775229269443,2.4650939767543605,Hammer,2020-03-20,414.9800109863281,2020-03-27,371.0,Stop loss (-3%),1,-0.10598103480164278,-0.10600385513147452,-10600.385502547066,89399.61449745293
CI,1990-10-12,2.31404185295105,3.455628858722818,0.22734451293945312,0.32142872124435795,1.4928748027409087,Hammer,1990-10-19,2.3302807807922363,1990-12-21,2.6227798461914062,RSI(2) acum > 180,9,0.12552095344481518,0.12097006395236669,12097.006383139662,112097.00638313965
CI,2002-07-26,23.54319190979004,9.719633765556424,2.83087158203125,0.28542668334016086,1.723980437884131,Hammer,2002-08-02,23.68544578552246,2002-09-13,21.964160919189453,Stop loss (-3%),6,-0.07267268186208808,-0.07307945498395897,-8191.988123621226,103905.01825951843
CI,2004-07-30,18.457902908325195,4.255469954137823,1.0001373291015625,0.32440498893889697,1.07866635027729,Hammer,2004-08-06,18.440044403076172,2004-08-13,17.740541458129883,Stop loss (-3%),1,-0.037933907839701186,-0.03846577592559011,-3996.787145918198,99908.23111360024
CI,2007-08-10,42.450531005859375,2.6590070688656198,6.260112762451172,0.3719597989337321,2.4712194375717327,Hammer,2007-08-17,41.97587203979492,2007-09-14,46.78520202636719,RSI(2) acum > 180,4,0.1145736765638321,0.11432182690304375,11421.691492136608,111329.92260573684
CI,2011-08-12,39.467308044433594,3.899071049303288,3.6682357788085938,0.13267908062137715,1.4003257396760647,Hammer,2011-08-19,39.692626953125,2011-08-26,38.43082809448242,Stop loss (-3%),1,-0.03178925043516767,-0.03203715073811138,-3566.693508615572,107763.22909712126
CI,2014-10-17,80.4194564819336,8.657966354852093,4.8952484130859375,0.39298817075261444,1.4066249601013958,Hammer,2014-10-24,80.65428924560547,2014-11-28,92.6756591796875,RSI(2) acum > 180,5,0.14904811692624298,0.14891489928094603,16047.550391139775,123810.77948826103
CI,2016-02-12,117.72340393066406,5.269627423733596,7.923515319824219,0.22919047788697908,1.226563703087577,Hammer,2016-02-19,119.06055450439453,2016-07-01,114.50360107421875,Stop loss (-3%),19,-0.03827425001626028,-0.03835663008655649,-4748.96426481048,119061.81522345055
CI,2021-12-03,183.12648010253906,7.379523146206594,12.058151245117188,0.3829784003148399,1.1574597341582904,Hammer,2021-12-10,186.671875,2022-01-07,211.33306884765625,RSI(2) acum > 180,4,0.13210985236879558,0.13205274540650136,15722.439557615784,134784.25478106632
CI,2024-12-20,268.30120849609375,5.819978819655134,21.939895629882812,0.34246338116622493,1.1208936890305101,Hammer,2024-12-27,267.3226318359375,2025-02-07,283.0281066894531,RSI(2) acum > 180,6,0.05875101088767698,0.058712504748286314,7913.521190914069,142697.77597198042
CI,2025-05-16,312.47882080078125,6.940716898969924,31.1514892578125,0.22862892007225905,1.6607574276314359,Hammer,2025-05-23,312.09906005859375,2025-07-18,296.8534851074219,Stop loss (-3%),8,-0.048848512867387894,-0.04887977089534759,-6975.0345898110045,135722.74138216942
CIC-199505,1990-10-12,14.679615020751953,2.4682214327028333,1.545222282409668,0.3125003471615761,1.1544418731308357,Hammer,1990-10-19,14.679615020751953,1990-10-26,13.713850975036621,Stop loss (-3%),1,-0.06578946684569531,-0.06644805085706404,-6644.8050790616,93355.19492093839
CIC-199505,1994-07-01,15.875,1.900531033677467,2.0,0.125,1.3700890326317263,Hammer,1994-07-08,15.875,1994-09-09,15.0,Stop loss (-3%),9,-0.055118110236220486,-0.055730478589420596,-5202.729686549814,88152.46523438858
CIC-199505,1994-10-07,13.5,7.429523618370965,1.5,0.0,1.1316765802224635,Hammer,1994-10-14,13.5,1994-11-11,15.0,RSI(2) acum > 180,4,0.11111111111111116,0.11032950758978162,9725.818072409616,97878.28330679821
CIEN,2003-03-14,34.15999984741211,6.474849364992664,7.489999771118164,0.3831774391972125,1.034280280705385,Hammer,2003-03-21,32.970001220703125,2003-04-04,30.520000457763672,Stop loss (-3%),2,-0.07430999915768899,-0.07460199156550627,-7460.199149090429,92539.80085090958
CIEN,2008-01-25,24.790000915527344,0.2488543856524501,5.130001068115234,0.39571155243274275,1.323077343350116,Hammer,2008-02-01,24.610000610351562,2008-03-28,30.350000381469727,RSI(2) acum > 180,8,0.23323850584155537,0.2327848721932786,21541.86569232858,114081.66654323816
CIN-200603,2004-05-14,33.089603424072266,2.1581294908116178,1.4506568908691406,0.29113997280958026,1.2604941696335947,Hammer,2004-05-21,33.089603424072266,2004-09-17,37.48159408569336,RSI(2) acum > 180,17,0.13273022965352244,0.13240801243243597,13240.801230002795,113240.8012300028
CIN-200603,2005-08-19,41.50345230102539,2.860503016336537,1.4412269592285156,0.18243345182354045,1.1836505751110635,Hammer,2005-08-26,42.04878616333008,2005-09-23,43.119964599609375,RSI(2) acum > 180,4,0.02547465774918023,0.02523383821275579,2857.5000544632276,116098.30128446604
CINF,2001-06-29,15.557817459106445,6.7477303139312,2.698000907897949,0.19708037195406672,2.9966622061093666,Hammer,2001-07-06,15.628714561462402,2001-08-24,16.23921012878418,RSI(2) acum > 180,7,0.039062429921597586,0.03841029366124021,3841.0293622829913,103841.02936228298
CINF,2011-03-18,19.985788345336914,8.704932058472977,0.7969799041748047,0.3615390322295003,1.1604411202314289,Hammer,2011-03-25,20.221647262573242,2011-05-13,19.22856330871582,Stop loss (-3%),7,-0.04910994346615116,-0.04959220086432696,-5149.705180943107,98691.32418133988
CINF,2011-08-12,16.055843353271484,5.856577262520219,1.5546045303344727,0.2510120414374148,1.9763080037482896,Hammer,2011-08-19,16.206897735595703,2011-11-04,18.610029220581055,RSI(2) acum > 180,11,0.14827831483796428,0.14761575257971588,14568.394077548804,113259.71825888868
CITGQ-200912,2007-11-23,26.7691593170166,0.8495040300394976,5.9163055419921875,0.1399046632845968,1.5158181788438243,Hammer,2007-11-30,26.665695190429688,2007-12-07,25.1889705657959,Stop loss (-3%),1,-0.05537919090756671,-0.05574375223512263,-5574.375217937888,94425.6247820621
CKL-199505,1992-08-28,20.375,1.0043701007774075,1.625,0.38461538461538464,1.070345447166141,Hammer,1992-09-04,20.125,1992-10-09,18.875,Stop loss (-3%),5,-0.06211180124223603,-0.06259314456035775,-6259.314449776461,93740.68555022353
CL,2002-06-28,14.548761367797852,7.441862207062059,1.7295722961425781,0.3025213003173819,2.144231804054561,Hammer,2002-07-05,14.606898307800293,2002-07-26,13.02266788482666,Stop loss (-3%),3,-0.10845768825046387,-0.10910494922638365,-10910.49491172787,89089.50508827213
CL,2011-08-05,29.829557418823242,8.483759205076552,1.2158699035644531,0.33527748930923373,1.3278450016212715,Hammer,2011-08-12,29.343917846679688,2011-09-16,31.375093460083008,RSI(2) acum > 180,5,0.06921964626591781,0.06886712566241955,6135.338135981463,95224.8432242536
CL,2015-08-28,49.19826126098633,4.18818977553191,9.82412338256836,0.12569199735180084,4.581364148482957,Hammer,2015-09-04,48.833255767822266,2015-10-16,51.5125617980957,RSI(2) acum > 180,6,0.054866422239225665,0.054656047565731176,5204.613555499485,100429.45677975308
CL,2022-02-25,70.56084442138672,2.122181022271178,3.9190521240234375,0.3824886407438123,1.5867789313983787,Hammer,2022-03-04,69.6488037109375,2022-03-18,67.10233306884766,Stop loss (-3%),2,-0.036561584785553936,-0.03670252744127477,-3686.0148896851915,96743.44189006789
CLX,1992-06-12,4.2881598472595215,1.3830883281261777,0.2464456558227539,0.2999996130285546,1.2014305683885884,Hammer,1992-06-19,4.263514995574951,1992-10-16,4.078353404998779,Stop loss (-3%),17,-0.04342932785937159,-0.045721191275769194,-4572.119123004801,95427.88087699519
CLX,2005-05-13,31.07689094543457,6.005200049119054,1.2168998718261719,0.3511111180772595,1.0078479224685233,Hammer,2005-05-20,30.990354537963867,2005-07-01,30.070920944213867,Stop loss (-3%),6,-0.029668379321820093,-0.029986222374440246,-2861.52165383765,92566.35922315755
CLX,2014-08-01,63.35665512084961,9.680128192201508,2.3581199645996094,0.21988071184647515,1.3983352702534073,Hammer,2014-08-08,63.17908477783203,2014-10-10,68.89681243896484,RSI(2) acum > 180,9,0.09050032429623012,0.09033489495341,8361.97232828158,100928.33155143913
CLX,2025-04-11,134.1773681640625,9.044744184136206,9.021675109863281,0.1987384237823777,1.3189926541118304,Hammer,2025-04-17,135.1165313720703,2025-05-16,130.00054931640625,Stop loss (-3%),4,-0.037863479795645305,-0.037936086156018935,-3828.825877489813,97099.5056739493
CLX,2025-11-21,101.50206756591797,6.316571622863464,7.2375946044921875,0.2982450777212996,1.3036602349394175,Hammer,2025-11-28,101.09184265136719,2025-12-26,95.71981048583984,Stop loss (-3%),4,-0.05314011521239881,-0.0532364020910851,-5169.228321734736,91930.27735221456
CMA-202601,1998-09-04,22.535202026367188,9.679427949100102,2.759927749633789,0.3211008730494949,1.539364591613045,Hammer,1998-09-11,23.193532943725586,1998-10-09,21.825611114501953,Stop loss (-3%),4,-0.05897858823589397,-0.059396938270457104,-5939.693821106017,94060.30617889398
CMA-202601,2014-02-07,29.951705932617188,7.322695134921304,1.4730339050292969,0.20444416245626665,1.288879655260394,Hammer,2014-02-14,29.899330139160156,2014-06-20,33.01744079589844,RSI(2) acum > 180,18,0.10428697372903306,0.10393513722844325,9776.170820676562,103836.47699957056
CMA-202601,2020-03-13,29.27113151550293,0.6101842307623002,5.661962509155273,0.24465260052302526,1.539686464651891,Hammer,2020-03-20,23.858963012695312,2020-03-27,21.57298469543457,Stop loss (-3%),1,-0.09581214053789244,-0.09621110777113225,-9990.222469190157,93846.2545303804
CMA-202601,2022-03-11,72.55340576171875,5.506342758828239,6.155998229980469,0.3842038273396631,1.0904803132732779,Hammer,2022-03-18,73.57493591308594,2022-04-29,66.62356567382812,Stop loss (-3%),6,-0.09448013991435156,-0.09460962629106823,-8878.759061057,84967.4954693234
CMA-202601,2023-03-17,37.85284423828125,0.37356999498399546,18.94540023803711,0.38883578784972606,3.1697041389474547,Hammer,2023-03-24,38.85149002075195,2023-03-31,36.86288833618164,Stop loss (-3%),1,-0.05118469545204396,-0.051435466340447225,-4370.342748874144,80597.15272044924
CMB-199603,1990-09-28,8.959304809570312,1.6461830417936483,1.9062347412109375,0.3499998999415659,1.3957633465459809,Hammer,1990-10-05,9.149928092956543,1990-11-02,8.507037162780762,Stop loss (-3%),4,-0.07026185601072288,-0.07131579009103209,-7131.57900197163,92868.42099802838
CMCSA,1991-06-28,0.9133642911911011,0.27690285430909967,0.08736526966094971,0.36363667374838476,1.2332746623619983,Hammer,1991-07-05,0.9371911883354187,1991-07-12,0.8895374536514282,Stop loss (-3%),1,-0.050847399417647265,-0.06119112065338676,-6119.112059219566,93880.88794078042
CMCSA,1998-09-04,3.855527639389038,7.607118699382312,0.8548784255981445,0.36498764509345666,2.115085639067677,Hammer,1998-09-11,3.972735643386841,1998-12-18,5.295462608337402,RSI(2) acum > 180,14,0.33295116606926034,0.33001865449078494,30982.444289634062,124863.33223041448
CMCSA,2002-07-05,5.065281867980957,3.781866712517015,0.6549386978149414,0.3750001820159504,1.0884099926736506,Hammer,2002-07-12,5.027497291564941,2002-07-26,4.708424091339111,Stop loss (-3%),2,-0.06346561354914426,-0.06538964278776573,-8164.768683672148,116698.56354674234
CMCSA,2007-08-17,7.950582027435303,6.1982793561123515,0.5163941383361816,0.39024356461059856,1.1033697281788688,Hammer,2007-08-24,7.922243118286133,2007-09-28,7.525501251220703,Stop loss (-3%),5,-0.050079486471409806,-0.05130937212297427,-5987.730017248634,110710.83352949371
CMCSA,2020-03-13,30.76654815673828,5.441430324037725,4.130369186401367,0.2935608955517494,1.9765422812305062,Hammer,2020-03-20,27.097715377807617,2020-03-27,25.943872451782227,Stop loss (-3%),1,-0.04258081945057113,-0.042941930718070113,-4754.136938409176,105956.69659108453
CME,2007-03-02,53.092628479003906,5.518350144288789,4.029243469238281,0.2621955953275859,1.4057179830215873,Hammer,2007-03-09,53.16633605957031,2007-05-04,51.571285247802734,Stop loss (-3%),8,-0.030001142263788916,-0.030186392344351897,-3018.6392314165505,96981.36076858346
CME,2008-01-11,61.0589485168457,7.407558738161256,5.4053192138671875,0.20647479272702637,1.3281214863637252,Hammer,2008-01-18,61.48698806762695,2008-01-25,52.889686584472656,Stop loss (-3%),1,-0.1398231032832261,-0.13997435688187962,-13574.903589537116,83406.45717904634
CME,2008-03-20,46.762664794921875,2.279714555769175,7.668281555175781,0.10361736230433481,1.4159364238670455,Hammer,2008-03-28,46.99845886230469,2008-05-30,45.08138656616211,Stop loss (-3%),9,-0.04079010977273079,-0.040998521019227116,-3419.5413843748556,79986.91579467147
CME,2020-03-20,123.79914093017578,9.545014240181558,28.65019989013672,0.27414100673752057,2.254948920794727,Hammer,2020-03-27,123.33805084228516,2020-09-04,139.32012939453125,RSI(2) acum > 180,23,0.1295794642699737,0.1294931367691649,10357.756616385315,90344.67241105679
CMG,2014-05-02,10.035399436950684,3.7818994902060297,0.6513996124267578,0.09855762895985898,1.017521586111972,Hammer,2014-05-09,10.087800025939941,2014-06-13,11.364999771118164,RSI(2) acum > 180,5,0.12660835285136596,0.12555482541230759,12555.482528675275,112555.48252867526
CMG,2020-03-20,11.319999694824219,1.2949627830931831,3.639799118041992,0.17028401674157614,2.547642352691483,Hammer,2020-03-27,11.226200103759766,2020-05-01,17.81999969482422,RSI(2) acum > 180,5,0.5873581024852856,0.5862062406723973,65980.72621422171,178536.208742897
CMI,1997-10-31,7.8407368659973145,2.0641146323593205,1.0373897552490234,0.302325741738694,1.5656920925295053,Hammer,1997-11-07,7.816611289978027,1997-12-26,7.269021034240723,Stop loss (-3%),7,-0.0700546867975117,-0.07128841297083577,-7128.841289954737,92871.15871004526
CMI,2015-10-02,81.04850769042969,5.812425907819659,5.112449645996094,0.2760636861120521,1.1644931068282771,Hammer,2015-10-09,81.64908599853516,2015-11-06,77.69275665283203,Stop loss (-3%),4,-0.048455280268221324,-0.04857478100696977,-4511.196191692785,88359.96251835246
CMI,2021-12-03,195.4728546142578,1.115212076017059,10.728363037109375,0.33341772223913163,1.0502169327507809,Hammer,2021-12-10,197.0400390625,2021-12-23,187.62802124023438,Stop loss (-3%),2,-0.047767031853257924,-0.04781656958781433,-4225.070292310396,84134.89222604208
CMS,2023-10-06,48.61726379394531,9.001412456831233,3.0019149780273438,0.08702254572810426,1.263320883190199,Hammer,2023-10-13,48.59893035888672,2023-12-01,53.24378967285156,RSI(2) acum > 180,7,0.095575340437827,0.09535976370103184,9535.976360567209,109535.97636056722
CMVT-201302,2000-04-07,48.62025833129883,8.132223402688922,11.848636627197266,0.29885072643734856,1.4144526845268892,Hammer,2000-04-14,49.5735969543457,2000-04-20,38.0654411315918,Stop loss (-3%),1,-0.23214284477586378,-0.2323211331163801,-23232.113288405897,76767.88671159411
CNCEQ-200309,1998-08-07,38.641632080078125,3.8149693843518975,5.076568603515625,0.3764705528737774,1.5035086716266886,Hammer,1998-08-14,38.70135498046875,1998-08-28,37.68604278564453,Stop loss (-3%),2,-0.0262345386960382,-0.026489505285155108,-2648.9505258665595,97351.04947413346
CNG-200001,1990-07-13,29.437938690185547,3.008476372290474,1.2688770294189453,0.2666668670904628,1.1993605773839486,Hammer,1990-07-20,29.691713333129883,1990-08-10,32.73701858520508,RSI(2) acum > 180,3,0.10256414703685213,0.10221014083363168,10221.014073142156,110221.01407314216
CNG-200001,1991-01-18,28.90671157836914,2.833527331071423,1.8983516693115234,0.31818186385178887,1.4509398327864302,Hammer,1991-01-25,28.47526741027832,1991-05-10,27.04951286315918,Stop loss (-3%),15,-0.050069926528749864,-0.05041225654366531,-5556.490032401698,104664.52404074046
CNG-200001,1994-10-14,30.51953887939453,1.6678657647603785,1.2248649597167969,0.33333385239698404,1.2408328309739005,Hammer,1994-10-21,30.41746711730957,1994-11-11,28.88638687133789,Stop loss (-3%),3,-0.050335560159129544,-0.05065599183752079,-5301.885270183862,99362.63877055662
CNG-200001,1998-08-07,48.4987678527832,2.0576808415967207,2.5556983947753906,0.2790699757150043,1.131244760262199,Hammer,1998-08-14,48.617637634277344,1998-08-21,47.01289749145508,Stop loss (-3%),1,-0.03300736565799034,-0.033209636938410954,-3299.7971555128643,96062.84161504374
CNP,1999-07-02,7.270534992218018,5.997271972184279,0.404818058013916,0.3600007067429164,1.0116148303033419,Hammer,1999-07-09,7.205764293670654,1999-10-22,6.978611469268799,Stop loss (-3%),15,-0.03152376557770287,-0.032888722296750085,-3288.8722263861364,96711.12777361386
CNP,2008-09-19,7.498348236083984,3.528892465484816,0.8646106719970703,0.33918112529091893,1.9872914155967767,Hammer,2008-09-26,7.518572807312012,2008-10-10,6.744974136352539,Stop loss (-3%),2,-0.10289169112083707,-0.10415246732216213,-10072.702565058062,86638.4252085558
CNP,2010-05-07,7.621135234832764,9.312424779268355,2.648108959197998,0.18837515960692805,5.654112322726137,Hammer,2010-05-14,7.859468936920166,2010-05-28,7.474503993988037,Stop loss (-3%),2,-0.048981037525797855,-0.050221438484923636,-4351.106337691035,82287.31887086476
CNP,2014-08-08,16.126697540283203,9.103737186997336,0.6694602966308594,0.14851420268383714,1.322039423020634,Hammer,2014-08-15,16.146583557128906,2014-09-12,16.747474670410156,RSI(2) acum > 180,4,0.03721475265372476,0.03658409784967779,3010.4073223489477,85297.7261932137
CNP,2014-10-17,15.50915241241455,9.435624949177765,2.0616397857666016,0.3181818181818182,3.5117071925073526,Hammer,2014-10-24,15.502458572387695,2014-12-19,14.912843704223633,Stop loss (-3%),8,-0.03803363611074306,-0.038666224085984316,-3298.1409917135934,81999.58520150011
CNP,2023-03-03,26.123632431030273,7.97187670411185,1.6735305786132812,0.3571435084088205,1.2913354829004418,Hammer,2023-03-10,26.14202308654785,2023-03-17,25.296062469482422,Stop loss (-3%),1,-0.032360181699202295,-0.03273644629570874,-2684.375014534927,79315.21018696518
CNX,2011-08-12,32.337100982666016,6.853752605099672,5.123893737792969,0.39035830905048996,1.3961006546870558,Hammer,2011-08-19,32.735538482666016,2011-09-30,27.659456253051758,Stop loss (-3%),6,-0.15506334903585361,-0.15534510015181965,-15534.509999647456,84465.49000035254
COC-200208,1999-12-23,21.041656494140625,8.467449243015508,2.1906375885009766,0.18421018262554145,1.2169152874690612,Hammer,1999-12-31,21.09930419921875,2000-02-11,19.773391723632812,Stop loss (-3%),6,-0.06284152610279126,-0.06330047477402223,-6330.0474710721755,93669.95252892782
COC-200208,2001-09-28,24.594749450683594,5.2371311162352185,2.183828353881836,0.30222235808394216,1.1195824073131766,Hammer,2001-10-05,24.23563003540039,2002-03-22,28.708772659301758,RSI(2) acum > 180,24,0.18456886069673284,0.18411826001978954,17246.34865851613,110916.30118744394
COC-200208,2002-07-26,21.994760513305664,4.095547867002139,2.2510414123535156,0.3700442469627875,1.4563646758786792,Hammer,2002-08-02,22.312088012695312,2002-08-30,24.549999237060547,End of data,4,0.10030039425677639,0.09982983546499727,11072.756086855854,121989.0572742998
COF,1999-05-28,36.03500747680664,5.599788500702772,4.7528533935546875,0.37106920762930884,1.4177265305641933,Hammer,1999-06-04,36.49833679199219,1999-07-30,33.71836471557617,Stop loss (-3%),8,-0.076167089263803,-0.07643060392846215,-7643.060385203156,92356.93961479684
COF,2006-07-28,56.535091400146484,1.9214707924095507,3.187328338623047,0.3538805489630047,1.227122468636174,Hammer,2006-08-04,56.535091400146484,2006-08-18,52.56538391113281,Stop loss (-3%),2,-0.07021669888028848,-0.07038735506896195,-6500.76069524862,85856.17891954823
COF,2020-03-13,65.42831420898438,0.865441819413121,15.51272201538086,0.3190504423018236,2.6714480849478535,Hammer,2020-03-20,54.80205154418945,2020-03-27,38.97494125366211,Stop loss (-3%),1,-0.28880506923659977,-0.2889611800729385,-24809.10275233689,61047.076167211344
COF,2022-03-11,120.46376037597656,4.497128584692504,11.649116516113281,0.39109736042224863,1.078325859681245,Hammer,2022-03-18,123.11212921142578,2022-05-06,116.25045013427734,Stop loss (-3%),7,-0.055735199456786066,-0.05581415942007457,-3407.2912379188774,57639.78492929247
COL-201811,2005-07-08,38.223388671875,5.485149116699958,1.8709030151367188,0.27391190875244165,1.2691765419225995,Hammer,2005-07-15,38.003761291503906,2005-11-18,36.236488342285156,Stop loss (-3%),18,-0.046502579985782666,-0.046759559870635015,-4675.955982387546,95324.04401761244
COL-201811,2011-03-18,55.695682525634766,4.779606023806153,3.0163345336914062,0.34411810085568234,1.3497622381983432,Hammer,2011-03-25,56.29008102416992,2011-06-03,54.17024612426758,Stop loss (-3%),10,-0.03765911971226554,-0.03783341032918865,-3606.433667949539,91717.6103496629
COL-201811,2018-05-04,131.5643310546875,2.4462082509574543,3.23602294921875,0.22392915747184972,1.2162832146233529,Hammer,2018-05-11,132.10035705566406,2018-06-01,137.0926971435547,RSI(2) acum > 180,3,0.037792025692912956,0.037714898161103697,3459.120330458206,95176.73068012111
COMS-201004,1997-01-31,12.255608558654785,2.2842388890913696,1.7116765975952148,0.2666664066595982,1.5331190115152298,Hammer,1997-02-07,12.255608558654785,1997-02-14,7.394444942474365,Stop loss (-3%),1,-0.39664808099207083,-0.39730194409818725,-39730.19437008853,60269.80562991147
COMS-201004,2000-04-07,9.3115234375,2.929664596674769,3.332064628601074,0.3493150822156069,1.5548612371490236,Hammer,2000-04-14,9.471280097961426,2000-04-20,7.131988048553467,Stop loss (-3%),1,-0.2469879493809356,-0.2479128967402882,-14941.66208474382,45328.143545167644
COO,2019-09-13,75.32671356201172,1.2608468001123327,3.9623336791992188,0.3284984528767635,1.070984147715542,Hammer,2019-09-20,74.95196533203125,2019-10-25,72.27127075195312,Stop loss (-3%),5,-0.035765500853818355,-0.03589652500150392,-3589.6524965607387,96410.34750343926
COP,2001-09-28,9.293603897094727,9.006914665712927,0.6822891235351562,0.21717228192197163,1.2265492722337945,Hammer,2001-10-05,9.293603897094727,2001-11-23,9.518177032470703,Stop loss (-3%),7,0.024164268012991208,0.023075844261203318,2307.5844238127474,102307.58442381275
COP,2002-07-26,8.334226608276367,3.4295921300963244,0.7879705429077148,0.38975512165248405,1.4712866884654554,Hammer,2002-08-02,8.448297500610352,2002-10-18,8.088920593261719,Stop loss (-3%),11,-0.04253838212050054,-0.04369619161303176,-4470.451807978894,97837.13261583385
COP,2011-08-12,30.36958122253418,2.1552381192905017,3.250762939453125,0.32531848180171047,1.686244417334452,Hammer,2011-08-19,30.833972930908203,2011-08-26,30.061513900756836,Stop loss (-3%),1,-0.025052205626640123,-0.025372408864082173,-2482.363728336002,95354.76888749785
COP,2014-02-07,43.176273345947266,2.3878562767148708,1.7610740661621094,0.15848848165838125,1.287677529273174,Hammer,2014-02-14,43.16962432861328,2014-04-04,47.52687072753906,RSI(2) acum > 180,7,0.10093315535381553,0.10068984887599167,9601.257259286012,104956.02614678386
COP,2014-10-17,46.98406219482422,2.5460762807063446,4.872322082519531,0.35977373262869444,2.252332784060496,Hammer,2014-10-24,47.05307388305664,2014-12-05,45.500282287597656,Stop loss (-3%),6,-0.033000853447284095,-0.03320985043592423,-3485.573927198071,101470.45221958577
COP,2016-01-22,27.29901695251465,3.4026703068084174,5.203264236450195,0.3091925283237702,1.7146306297822276,Hammer,2016-01-29,26.66853904724121,2016-02-12,23.15380096435547,Stop loss (-3%),2,-0.1317934243289316,-0.13214362281072337,-13408.673151129795,88061.77906845599
COP,2018-11-16,51.151939392089844,2.0340533921695396,4.231716156005859,0.35648898107758004,1.2603684329544005,Hammer,2018-11-23,50.571720123291016,2018-12-28,45.51222610473633,Stop loss (-3%),5,-0.10004591511263461,-0.10023374402683223,-8826.76181286831,79235.01725558768
COR,2014-02-07,55.97956085205078,6.086714593876266,2.3976783752441406,0.2070156569939399,1.3113249230264674,Hammer,2014-02-14,55.912254333496094,2014-04-17,54.40157699584961,Stop loss (-3%),9,-0.027018716302080192,-0.02719513602325714,-2719.513599606201,97280.4864003938
COST,1995-03-10,4.330296993255615,7.7855056868040435,0.45801210403442383,0.27272698879045854,1.2422218640902136,Hammer,1995-03-17,4.330296993255615,1995-04-07,4.871583938598633,RSI(2) acum > 180,3,0.12499995870631175,0.12254914626830325,12254.91461457541,112254.91461457542
COST,2006-08-04,35.337806701660156,7.748290093606016,1.9859619140625,0.3848807548097609,1.245221074492744,Hammer,2006-08-11,35.38557815551758,2006-09-01,33.242652893066406,Stop loss (-3%),3,-0.0605592835881652,-0.06083328882027665,-6828.835635415126,105426.0789791603
COTY,2020-03-13,7.769999980926514,3.205387289190199,2.2900004386901855,0.23580800665656215,2.0256188693506827,Hammer,2020-03-20,6.820000171661377,2020-03-27,4.460000038146973,Stop loss (-3%),1,-0.3460410665854132,-0.34725275808124795,-34725.275773399524,65274.72422660047
COV-201501,2011-10-07,37.26789474487305,5.802077944676199,2.6197967529296875,0.28758205147619853,1.0061826247614651,Hammer,2011-10-14,38.14116287231445,2011-12-02,37.82365417480469,Stop loss (-3%),7,-0.008324567831680785,-0.00858562625567409,-858.5626247088464,99141.43737529115
CPAY,2020-03-13,235.4600067138672,2.5246067966958066,33.660003662109375,0.26559719158527284,1.5870395563693853,Hammer,2020-03-20,210.0,2020-03-27,186.0,Stop loss (-3%),1,-0.11428571428571432,-0.11433061117592443,-11433.061106159385,88566.9388938406
CPB,1991-05-17,7.264925003051758,8.009370190093207,0.4300107955932617,0.07894672642875677,1.248529540823999,Hammer,1991-05-24,7.242292881011963,1991-06-14,6.733068943023682,Stop loss (-3%),3,-0.07031253034841745,-0.07164384640072388,-7164.384632908004,92835.61536709199
CPB,1998-04-17,23.099193572998047,8.17964178125004,1.2649555206298828,0.19565260004131477,1.0198356938121267,Hammer,1998-04-24,23.126693725585938,1998-05-01,21.586746215820312,Stop loss (-3%),1,-0.06658744773628933,-0.0670053619139541,-6220.4839999561555,86615.13136713584
CPNLQ-200802,2001-09-28,22.809999465942383,4.837594939236084,5.840000152587891,0.3304794956761322,1.1194893343324317,Hammer,2001-10-05,23.0,2001-12-07,20.799999237060547,Stop loss (-3%),9,-0.09565220708432409,-0.09606610575698551,-9606.610566091942,90393.38943390806
CPNLQ-200802,2003-10-24,4.650000095367432,9.870115196980052,1.3700001239776611,0.27737232120653016,1.8855649647668111,Hammer,2003-10-31,4.710000038146973,2003-11-21,4.400000095367432,Stop loss (-3%),3,-0.06581739708467227,-0.06786849208707603,-6134.863029384307,84258.52640452376
CPNLQ-200802,2005-04-22,2.190000057220459,7.115627327391024,0.8199999332427979,0.39024385279803125,1.972061280063189,Hammer,2005-04-29,2.1700000762939453,2005-05-06,1.899999976158142,Stop loss (-3%),1,-0.12442400490461059,-0.12873567370760955,-10847.078151449696,73411.44825307405
CPPRQ-202102,1996-07-19,32.131744384765625,6.598952323130419,1.9982414245605469,0.23999908366693584,1.4483087307160438,Hammer,1996-07-26,31.97188377380371,1996-09-20,35.808509826660156,RSI(2) acum > 180,8,0.1200000000000001,0.1196685105379567,11966.85104182882,111966.8510418288
CPPRQ-202102,1998-08-07,39.457054138183594,3.683484199315018,4.3075408935546875,0.25,1.438555966126804,Hammer,1998-08-14,39.54320526123047,1998-09-04,37.217132568359375,Stop loss (-3%),3,-0.05882357480898637,-0.05906899383778529,-6613.76922761224,105353.08181421658
CPPRQ-202102,1998-09-04,36.054100036621094,8.70780761982958,4.0490875244140625,0.37233994445302815,1.3381641006589458,Hammer,1998-09-11,37.04483413696289,1998-09-18,35.666419982910156,Stop loss (-3%),1,-0.0372093487841364,-0.03747423399846152,-3948.0260364169862,101405.0557777996
CPPRQ-202102,2002-07-05,17.035289764404297,1.615475216958842,2.4312896728515625,0.3177251674124654,1.409774083919818,Hammer,2002-07-12,16.98211669921875,2002-07-19,14.847082138061523,Stop loss (-3%),1,-0.1257225232267687,-0.12627419939111137,-12804.842219747796,88600.2135580518
CPPRQ-202102,2007-06-29,63.80078125,6.686215519134791,3.4906158447265625,0.17171633276651177,1.0377185946508274,Hammer,2007-07-06,64.03878021240234,2007-08-03,61.010005950927734,Stop loss (-3%),4,-0.04729593929535891,-0.04744839001377592,-4203.937484002341,84396.27607404946
CPPRQ-202102,2010-05-21,25.927453994750977,6.153253762323885,2.6088733673095703,0.3563639739991417,1.1945587157873792,Hammer,2010-05-28,25.91796875,2010-06-11,24.172393798828125,Stop loss (-3%),2,-0.06734999058025626,-0.06772275845805178,-5715.548613606357,78680.7274604431
CPQ-200205,1993-03-05,2.9050040245056152,9.714868936254248,0.2692840099334717,0.3333330382067875,1.0338720892426108,Hammer,1993-03-12,2.9376444816589355,1993-06-04,3.8189377784729004,RSI(2) acum > 180,12,0.29999998376804404,0.296091934395951,29609.193409985906,129609.19340998592
CPQ-200205,1997-11-14,30.63106346130371,6.019514889607848,3.7944564819335938,0.34677398275248467,1.1733140659021533,Hammer,1997-11-21,31.76327896118164,1997-12-05,31.457275390625,Stop loss (-3%),2,-0.009633878508909954,-0.009947141642226634,-1289.2410036946358,128319.9524062913
CPQ-200205,2000-10-13,24.89141082763672,9.247824160124836,3.9252471923828125,0.19799218643705416,1.2554108176717758,Hammer,2000-10-20,25.1352596282959,2000-12-08,23.0118465423584,Stop loss (-3%),7,-0.08447945703918958,-0.08486042377765654,-10889.285529437311,117430.666876854
CPRI,2014-08-08,79.26000213623047,9.817670077910506,5.519004821777344,0.26617149603186124,1.0879737663690072,Hammer,2014-08-15,79.97000122070312,2014-09-12,76.58000183105469,Stop loss (-3%),4,-0.042390888306886976,-0.042513277121004736,-4251.3277078491465,95748.67229215085
CPRI,2020-02-28,25.81999969482422,2.542044654470601,3.030000686645508,0.3597359424345946,1.0023532795460015,Hammer,2020-03-06,25.81999969482422,2020-03-13,21.3700008392334,Stop loss (-3%),1,-0.1723469755300907,-0.1727008289756025,-16535.87506163188,79212.79723051898
CPRI,2020-03-20,9.869999885559082,0.10723040728852595,5.942600250244141,0.25116958538775735,1.5018102858030162,Hammer,2020-03-27,9.850000381469727,2020-04-09,9.380000114440918,Stop loss (-3%),2,-0.04771576130220201,-0.04870626569749797,-3858.159544693529,75354.63768582545
CPRT,2026-02-20,36.47999954223633,3.4774531597602873,4.259998321533203,0.3732396194972299,1.8336712560019384,Hammer,2026-02-27,36.41999816894531,2026-03-20,34.42499923706055,Stop loss (-3%),3,-0.05477756815446155,-0.05504458566024468,-5504.45856052001,94495.54143947999
CPWR-201412,2005-10-14,7.192245960235596,4.928364327843866,1.4312024116516113,0.3481012004535143,2.2443479395239763,Hammer,2005-10-21,7.1650710105896,2005-12-02,8.089012145996094,RSI(2) acum > 180,6,0.12895072973330723,0.12746612049680944,12746.612036934333,112746.61203693433
CRM,2011-08-12,32.949951171875,4.200304455400698,3.315145492553711,0.32839247197068505,1.233609564351405,Hammer,2011-08-19,33.525001525878906,2011-08-26,28.0792179107666,Stop loss (-3%),1,-0.16243947404174008,-0.16271349140564337,-16271.349124292989,83728.650875707
CRM,2018-11-16,130.2958221435547,6.937682354563478,10.183822631835938,0.39671894361311766,1.19957755096671,Hammer,2018-11-23,129.3619842529297,2018-11-30,122.36306762695312,Stop loss (-3%),1,-0.0541033493448293,-0.05417855773984177,-4536.297541412247,79192.35333429476
CRM,2020-03-20,136.98019409179688,0.9913031971263848,30.38433074951172,0.39437092203834995,2.4452977887485376,Hammer,2020-03-27,136.40020751953125,2020-04-09,136.63613891601562,Stop loss (-3%),2,0.0017296996886944083,0.0016563253015982578,131.16829838953328,79323.5216326843
CSCO,1996-07-26,3.6736538410186768,4.811285454765127,0.4916081428527832,0.03636356582154597,1.4311433160308569,Hammer,1996-08-02,3.6825921535491943,1996-10-04,4.504918575286865,RSI(2) acum > 180,9,0.22330097590229547,0.22028640584773765,22028.640562745124,122028.64056274512
CSCO,2012-07-27,10.332605361938477,4.6271115615279825,0.7836704254150391,0.3865550820334462,1.317811977304085,Hammer,2012-08-03,10.345776557922363,2012-08-24,12.512396812438965,RSI(2) acum > 180,3,0.20942074694794122,0.20835347400731496,25425.091164212805,147453.73172695792
CSCO,2022-01-28,49.15143966674805,6.01004952591245,3.142120361328125,0.3909975621837395,1.2706743705233186,Hammer,2022-02-04,48.99234390258789,2022-04-22,45.278743743896484,Stop loss (-3%),11,-0.0757996017923781,-0.07599595941556199,-11205.887800789176,136247.84392616872
CSE-199911,1996-07-19,44.65882873535156,8.72140956347674,5.167137145996094,0.3095234228155218,1.513147038718976,Hammer,1996-07-26,44.65882873535156,1996-08-02,42.56736755371094,Stop loss (-3%),1,-0.046831975689166305,-0.04705062779307386,-4705.062774602324,95294.93722539768
CSE-199911,1998-07-10,46.39593505859375,0.3820696877092331,5.3891143798828125,0.2528731726791645,1.3986595307902348,Hammer,1998-07-17,45.90038299560547,1998-07-24,43.73234939575195,Stop loss (-3%),1,-0.047233453369247114,-0.047446148092523587,-4521.37769954258,90773.55952585509
CSE-199911,1999-07-23,46.07852554321289,4.087246779547087,4.620338439941406,0.2162163947311496,1.630383882392531,Hammer,1999-07-30,46.07852554321289,1999-09-10,49.63743591308594,RSI(2) acum > 180,6,0.07723576932893539,0.07701039206614535,6990.507401335175,97764.06692719027
CSR-200006,1992-04-10,14.499664306640625,6.895585608218809,0.7895851135253906,0.2727274923303621,1.5805803132059342,Hammer,1992-04-16,14.499664306640625,1992-05-22,15.661422729492188,RSI(2) acum > 180,5,0.08012312549329126,0.07940607231594157,7940.607223653549,107940.60722365355
CSR-200006,1993-05-21,18.727815628051758,5.803480361739858,1.45831298828125,0.2631576193864312,2.053406694332996,Hammer,1993-05-28,18.727815628051758,1993-09-24,20.897418975830078,RSI(2) acum > 180,17,0.11584924749731873,0.11528450344348588,12443.87929272337,120384.48651637691
CSR-200006,2000-03-10,15.482994079589844,0.7450699531933225,1.2239513397216797,0.34999992208233405,1.2380449186859288,Hammer,2000-03-17,15.666586875915527,2000-04-28,19.522035598754883,RSI(2) acum > 180,6,0.2460937250325017,0.24537711166628148,29539.597561277376,149924.08407765432
CSX,1994-04-22,1.183459997177124,1.445216135047275,0.07195436954498291,0.36842131422124363,1.2929032072863464,Hammer,1994-04-29,1.1815664768218994,1994-05-13,1.132334589958191,Stop loss (-3%),2,-0.04166662462879722,-0.04991872602229183,-4991.87259723731,95008.12740276268
CSX,1997-10-31,1.8011692762374878,6.421702756083192,0.17602336406707764,0.13953491522026074,1.7162077490744332,Hammer,1997-11-07,1.8216370344161987,1997-11-14,1.7397657632827759,Stop loss (-3%),1,-0.044943789342568485,-0.050295307388632596,-4778.462967361855,90229.66443540082
CSX,1998-06-05,1.5791385173797607,3.3615998278709327,0.09778594970703125,0.27659553717718655,1.0282122134026606,Hammer,1998-06-12,1.5791385173797607,1998-07-02,1.5042386054992676,Stop loss (-3%),3,-0.04743086882889369,-0.053593742560418,-4835.745402228031,85393.91903317277
CSX,2013-06-28,6.266936302185059,1.4462180486516871,0.31618404388427734,0.32478592520427213,1.0728437432555973,Hammer,2013-07-05,6.304770469665527,2013-11-29,7.43338680267334,RSI(2) acum > 180,21,0.17900990027122843,0.1772832052109668,15138.907656587748,100532.82668976052
CTAS,2022-05-13,90.60113525390625,2.99044358968969,4.889030456542969,0.27553974235933926,1.014133015968644,Hammer,2022-05-20,90.20352172851562,2022-06-24,84.53567504882812,Stop loss (-3%),5,-0.06283398442852317,-0.06294135599267536,-6294.135592973402,93705.86440702659
CTB-202106,2004-10-22,12.847604751586914,7.082220222832504,1.204463005065918,0.21839139616032355,1.3101637146325011,Hammer,2004-10-29,12.74377155303955,2005-04-22,11.627684593200684,Stop loss (-3%),25,-0.08757901498733833,-0.08832905626663201,-8832.905617830296,91167.0943821697
CTRA-202605,2014-09-26,23.119422912597656,8.882755613644107,1.6180000305175781,0.37777644176928393,1.3371979201481758,Hammer,2014-10-03,22.989980697631836,2014-10-17,21.033998489379883,Stop loss (-3%),2,-0.08507976731156786,-0.08549614518504124,-8549.61450995451,91450.38549004549
CTSH,2008-09-19,11.636209487915039,3.0037656516258124,1.813094139099121,0.29468584295856176,1.3872362230461537,Hammer,2008-09-26,11.618691444396973,2008-10-03,10.348649024963379,Stop loss (-3%),1,-0.10931028037981527,-0.1101235718064952,-11012.357169637165,88987.64283036282
CTSH,2011-03-18,32.49116897583008,8.701136555622625,2.526945114135742,0.36568449036001893,1.5829784578395316,Hammer,2011-03-25,32.885318756103516,2011-06-24,29.206579208374023,Stop loss (-3%),13,-0.11186571050179395,-0.11215274546541056,-9980.208445940338,79007.4343844225
CTSH,2011-08-12,28.291271209716797,2.3889891185809233,3.1838645935058594,0.32599795598294334,1.4673266865272079,Hammer,2011-08-19,28.16426658630371,2011-08-26,24.77457046508789,Stop loss (-3%),1,-0.12035449639097762,-0.12068813047723431,-9535.25954012345,69472.17484429905
CTSH,2012-05-11,26.841672897338867,5.4215978133869385,2.5882568359375,0.10321505211526671,1.2819649484074709,Hammer,2012-05-18,26.491317749023438,2012-06-08,25.085512161254883,Stop loss (-3%),3,-0.0530666538028437,-0.053434050768082116,-3712.1797138871725,65759.99513041189
CTSH,2026-02-27,63.97886657714844,0.7641896363977878,5.009674072265625,0.16451933210280403,1.0228097493890371,Hammer,2026-03-06,62.71775817871094,2026-03-20,60.35441970825195,Stop loss (-3%),2,-0.03768212606905963,-0.03783855396946718,-2488.2631222857262,63271.732008126164
CTX-200908,1992-05-01,4.985931873321533,2.0598754588919093,0.6110892295837402,0.38636351222389814,1.964309598877998,Hammer,1992-05-08,4.985931873321533,1992-05-22,4.527615070343018,Stop loss (-3%),2,-0.09192199464875428,-0.09383353948024228,-9383.353938640874,90616.64606135913
CTX-200908,1994-03-11,7.88160514831543,2.1101342407154107,0.8834428787231445,0.22303712283709196,1.5283832831986084,Hammer,1994-03-18,7.937902450561523,1994-04-08,6.896404266357422,Stop loss (-3%),3,-0.13120571721442942,-0.13238210978277418,-11996.022775045614,78620.62328631352
CTX-200908,1998-09-04,17.45639419555664,3.6543122320597945,1.9652881622314453,0.3823532551677687,1.4923586488980465,Hammer,1998-09-11,17.70636749267578,1998-09-18,16.896272659301758,Stop loss (-3%),1,-0.045751610752974514,-0.046303304005924945,-3640.394617521083,74980.22866879245
CTX-200908,1999-03-26,15.541333198547363,1.4960713926158462,1.6527166366577148,0.0877190350369504,1.09720174527447,Hammer,1999-04-01,15.251382827758789,1999-08-20,14.31067180633545,Stop loss (-3%),20,-0.06168037561231288,-0.06231562436238385,-4672.439759657676,70307.78890913476
CTXS-202209,2008-01-25,25.657758712768555,1.3716092552486288,4.420064926147461,0.39378230740053344,2.0404897246629794,Hammer,2008-02-01,25.657758712768555,2008-03-20,23.077478408813477,Stop loss (-3%),7,-0.1005653039628518,-0.10093538005585814,-10093.537995492276,89906.46200450773
CTXS-202209,2008-07-18,21.23769187927246,1.4045223529599014,1.9329204559326172,0.34834178173231484,1.0208836733819806,Hammer,2008-07-25,21.153718948364258,2008-08-01,19.48188018798828,Stop loss (-3%),1,-0.07903285301543883,-0.07948679522991613,-7146.376528052166,82760.08547645557
CTXS-202209,2011-08-12,46.3763427734375,1.7471665757260126,4.962078094482422,0.38769229823052187,1.0594948808439797,Hammer,2011-08-19,46.67406463623047,2011-08-26,39.26911926269531,Stop loss (-3%),1,-0.15865225005038686,-0.15884948490977174,-13146.396935877252,69613.68854057831
CTXS-202209,2016-07-01,61.34654998779297,7.346077269882514,3.6032333374023438,0.29237448733068944,1.1151998889412533,Hammer,2016-07-08,61.14042663574219,2016-08-05,66.95751190185547,RSI(2) acum > 180,4,0.09514302706407118,0.09497170247429089,6611.330509602425,76225.01905018074
CTXS-202209,2021-10-15,97.12442016601562,6.319374843161455,8.311019897460938,0.1592814745047928,1.3152326327865578,Hammer,2021-10-22,97.07465362548828,2021-11-12,90.10236358642578,Stop loss (-3%),3,-0.07182400120593202,-0.07192331017165171,-5482.355682503854,70742.66336767687
CTXS-202209,2022-06-17,94.94000244140625,6.763843452553942,8.339996337890625,0.24700221380609985,2.4443705897865597,Hammer,2022-06-24,95.87999725341797,2022-09-29,103.9000015258789,End of data,14,0.08364627140386194,0.08353761799972745,5909.673582782629,76652.3369504595
CUE-199309,1990-07-13,14.75,0.8847895335224223,3.0,0.3333333333333333,1.5765928701254268,Hammer,1990-07-20,14.75,1990-08-03,14.0,Stop loss (-3%),2,-0.05084745762711862,-0.05150796340223646,-5150.79633507285,94849.20366492715
CUE-199309,1991-12-20,10.0,4.768096695997798,1.25,0.3,1.004481645770096,Hammer,1991-12-27,10.25,1992-01-17,14.0,RSI(2) acum > 180,3,0.36585365853658547,0.36470014627011205,34591.51841561106,129440.72208053821
CVG-201810,2001-03-23,30.968276977539062,0.38331605420086134,4.671703338623047,0.2949220966816069,1.067685987082851,Hammer,2001-03-30,31.75297737121582,2001-05-25,37.84809112548828,RSI(2) acum > 180,8,0.1919540861638287,0.19160898325306358,19160.898306145456,119160.89830614546
CVG-201810,2007-08-10,15.85823917388916,1.4774561602830545,3.1935462951660156,0.22571458092690963,2.299335801037552,Hammer,2007-08-17,16.104598999023438,2007-08-24,15.602757453918457,Stop loss (-3%),1,-0.031161380990325283,-0.03177245722478927,-3786.0345405134367,115374.86376563202
CVH-201305,2006-04-13,49.84442901611328,0.9444377306338936,4.0347900390625,0.29024313224215653,1.2828554949514834,Hammer,2006-04-21,49.74601364135742,2006-06-16,54.322059631347656,RSI(2) acum > 180,8,0.09198819473216724,0.09177794894603983,9177.794885426189,109177.79488542618
CVS,1990-08-24,4.835761070251465,2.541603908180136,0.4470033645629883,0.24242453335381478,1.4479325716545466,Hammer,1990-08-31,4.8899431228637695,1990-09-07,4.5242133140563965,Stop loss (-3%),1,-0.07479224187646283,-0.07675876907586089,-7675.876899910214,92324.12310008978
CVS,1996-07-19,5.089770317077637,6.612832541415912,0.3460540771484375,0.24436290180343048,1.30115705399513,Hammer,1996-07-26,5.089770317077637,1996-08-16,5.63510274887085,RSI(2) acum > 180,3,0.10714283706741479,0.10507489022592087,9700.947090245394,102025.07019033517
CVS,2002-07-26,8.266046524047852,8.18108675093923,0.8925933837890625,0.30357112330546865,1.2587389113703014,Hammer,2002-08-02,8.368057250976562,2002-08-30,9.866337776184082,RSI(2) acum > 180,4,0.17904759495194278,0.17774636916927078,18134.585772437495,120159.65596277267
CVS,2007-06-29,23.97260856628418,5.957970090601464,1.2496013641357422,0.32631561273660575,1.19908716273989,Hammer,2007-07-06,23.97260856628418,2007-08-03,23.40644073486328,Stop loss (-3%),4,-0.02361728094193194,-0.02402941185014884,-2887.365858014292,117272.29010475837
CVS,2008-10-10,20.473905563354492,3.6491875140212358,3.9383087158203125,0.19696940345058717,2.0931173156363587,Hammer,2008-10-17,21.083879470825195,2008-10-24,18.430631637573242,Stop loss (-3%),1,-0.1258424872388112,-0.12628683458200557,-14809.946286702645,102462.34381805574
CVS,2011-08-12,22.79466438293457,4.5249901738124265,1.6453304290771484,0.24583278751998255,1.390857700759628,Hammer,2011-08-19,22.91120719909668,2011-08-26,22.65755271911621,Stop loss (-3%),1,-0.011071196632121194,-0.011505153435288532,-1178.8449857871738,101283.49883226858
CVX,2001-07-20,17.340883255004883,7.756313070430281,0.9923019409179688,0.24361655505408916,1.1737396092312349,Hammer,2001-07-27,17.370126724243164,2001-08-31,18.278738021850586,RSI(2) acum > 180,5,0.05230884679380554,0.051718258627351986,5171.825857563374,105171.82585756337
CVX,2011-08-12,52.218345642089844,7.724978909148945,5.3111724853515625,0.2841027600532072,1.8473090109711445,Hammer,2011-08-19,52.8393440246582,2011-08-26,53.01557540893555,Stop loss (-3%),1,0.0033352303578011444,0.003145679776056486,330.8368852802348,105502.6627428436
CVX,2013-10-11,68.95486450195312,8.852311272731583,2.3791732788085938,0.26354607927707213,1.1198721891089962,Hammer,2013-10-18,68.75563049316406,2014-02-07,66.39017486572266,Stop loss (-3%),16,-0.03440380970219725,-0.034546740051744705,-3644.773060899137,101857.88968194446
CVX,2014-10-17,67.79228210449219,2.7564638176938416,4.814582824707031,0.35138505713430007,1.8730196500350835,Hammer,2014-10-24,67.6285629272461,2014-12-19,63.1149787902832,Stop loss (-3%),8,-0.06674079621976503,-0.06688371780485595,-6812.634342872689,95045.25533907178
CVX,2017-02-03,75.89131164550781,2.8205774052547383,2.3855972290039062,0.3165262164798439,1.0294918921459102,Hammer,2017-02-10,75.69752502441406,2017-03-24,72.36756134033203,Stop loss (-3%),6,-0.04399039047852682,-0.04411958099158381,-4193.356836604584,90851.89850246719
CVX,2020-03-13,63.37274932861328,6.934255875223528,11.509124755859375,0.3815143146545895,2.308663623310761,Hammer,2020-03-20,55.130191802978516,2020-03-27,44.25912857055664,Stop loss (-3%),1,-0.19718892456010906,-0.19735241461215083,-17929.841523630108,72922.05697883708
CVX,2020-10-30,54.34542465209961,8.723636676691754,5.262432098388672,0.3551168345396752,1.0319097711762892,Hammer,2020-11-06,55.28376007080078,2020-11-27,69.38758087158203,RSI(2) acum > 180,3,0.2551168875401886,0.25491294763588884,18588.77647355882,91510.8334523959
CXT,1991-09-20,1.8764300346374512,7.147834331709902,0.1941133737564087,0.2857141102508627,1.435500865052167,Hammer,1991-09-27,1.8671865463256836,1991-10-04,1.7655080556869507,Stop loss (-3%),1,-0.05445545376214256,-0.05965136906784792,-5965.136900819654,94034.86309918035
CXT,1992-07-02,1.8251222372055054,4.316515809748367,0.11347901821136475,0.08333272054382093,1.0189165374290374,Hammer,1992-07-10,1.8062089681625366,1992-07-24,1.7305562496185303,Stop loss (-3%),2,-0.0418848094974128,-0.04729035691055598,-4446.942233548567,89587.92086563178
CXT,1996-07-19,3.2410550117492676,0.4063128630959909,0.19928812980651855,0.15789442201286077,1.4046151132238858,Hammer,1996-07-26,3.2305660247802734,1996-08-02,3.0942111015319824,Stop loss (-3%),1,-0.042207750035867186,-0.04523317469877019,-4052.3460713623754,85535.5747942694
CXT,1999-08-06,4.8221869468688965,1.0781603754088849,0.5385184288024902,0.3181816169406431,1.279075998946953,Hammer,1999-08-13,4.8221869468688965,1999-09-17,4.547347545623779,Stop loss (-3%),5,-0.05699476280644278,-0.059007327534699186,-5047.225672706989,80488.34912156242
CXT,2002-09-27,4.323695182800293,1.6866183799800183,0.37160205841064453,0.30000025663859897,1.0317503429675146,Hammer,2002-10-04,4.273419380187988,2002-10-25,3.956465244293213,Stop loss (-3%),3,-0.07416874116409156,-0.07641937520402899,-6150.869344922687,74337.47977663972
CXT,2004-07-30,6.263420581817627,1.2820145374096228,0.4277682304382324,0.2842107023224965,1.4743668906140943,Hammer,2004-08-06,6.265672206878662,2004-08-13,5.9279608726501465,Stop loss (-3%),1,-0.053898659725250986,-0.055450408306639144,-4122.043601979159,70215.43617466057
CYM-199912,1990-10-19,13.006052017211914,3.9073223284592586,1.0442819595336914,0.2727274387699097,1.0238089568809063,Hammer,1990-10-26,12.816183090209961,1990-11-02,12.246574401855469,Stop loss (-3%),1,-0.04444448743788665,-0.04520711421686749,-4520.711417166038,95479.28858283396
CYM-199912,1997-11-14,18.414531707763672,1.3711589962197053,1.262054443359375,0.3636365010276871,1.0378647459125705,Hammer,1997-11-21,18.529264450073242,1997-11-28,17.898237228393555,Stop loss (-3%),1,-0.034055708114047345,-0.034586062123288304,-3302.2526031110147,92177.03597972296
CZR,2022-05-13,54.9900016784668,0.3078989036462474,13.002399444580078,0.3147418762676027,1.323310052508326,Hammer,2022-05-20,54.13999938964844,2022-05-27,50.369998931884766,Stop loss (-3%),1,-0.06963429073263894,-0.06981254964214376,-6981.254957233123,93018.74504276687
D,1997-10-31,5.38030481338501,6.363481441941019,0.37978601455688477,0.142856784130958,2.142884047746284,Hammer,1997-11-07,5.416475296020508,1997-12-05,5.7374267578125,RSI(2) acum > 180,4,0.05925467102707849,0.05735550653901129,5735.5506481655775,105735.55064816558
D,2002-07-26,10.212796211242676,2.637103835894351,1.6592540740966797,0.3505621736076705,2.5291545749524778,Hammer,2002-08-02,10.486852645874023,2002-08-30,12.082718849182129,RSI(2) acum > 180,4,0.1521778036936552,0.1511521612850476,15982.156989152685,121717.70763731825
D,2004-05-14,12.565729141235352,8.341806641352207,0.4325380325317383,0.23720921003022827,1.2176694461875377,Hammer,2004-05-21,12.545611381530762,2004-09-03,13.260348320007324,RSI(2) acum > 180,15,0.056971072731359707,0.05615160226486175,6834.644301006776,128552.35193832504
D,2013-06-07,32.377037048339844,9.41778105632605,1.2305831909179688,0.309615921138287,1.2383370091948696,Hammer,2013-06-14,32.4759635925293,2013-09-27,36.5387077331543,RSI(2) acum > 180,15,0.12510003372339007,0.12477290364492576,16039.850205689367,144592.20214401442
D,2022-10-14,53.644439697265625,1.0710723610355615,3.5284690856933594,0.38297906844244173,1.0140212714819226,Hammer,2022-10-21,54.35347366333008,2022-11-18,51.52568817138672,Stop loss (-3%),4,-0.052025846764806594,-0.05220502528307202,-7548.439561114892,137043.76258289954
DAL,2014-07-11,32.28044128417969,6.597194300640979,3.2341156005859375,0.3404831777156041,1.5134618905299266,Hammer,2014-07-18,32.58391189575195,2014-08-15,32.160911560058594,Stop loss (-3%),4,-0.012981876978022,-0.013286738049999207,-1328.6738036712468,98671.32619632875
DAL,2018-10-12,48.39591979980469,7.836202726799584,3.021839141845703,0.2707695570448787,1.1126903773319143,Hammer,2018-10-19,48.349430084228516,2018-12-28,46.080238342285156,Stop loss (-3%),10,-0.0469331642170393,-0.047135117464382086,-4650.884545979432,94020.44165034931
DAL,2021-12-03,34.816650390625,9.875840307563465,4.141517639160156,0.39718276388676527,1.2580077936383998,Hammer,2021-12-10,36.045589447021484,2022-02-25,40.3420295715332,RSI(2) acum > 180,11,0.11919461411018051,0.11890069455898636,11179.09580379009,105199.5374541394
DAY-202602,2021-12-17,101.8499984741211,0.680185163002534,8.19000244140625,0.3980465402243172,1.0932725955826166,Hammer,2021-12-23,100.12000274658203,2022-01-14,87.93000030517578,Stop loss (-3%),3,-0.12175391637034694,-0.12184771142812993,-12184.771130628222,87815.22886937179
DCNAQ-200801,1992-10-16,12.389832496643066,7.824176214967551,0.67889404296875,0.375,1.0072070939004982,Hammer,1992-10-23,12.389832496643066,1992-11-06,14.426517486572266,RSI(2) acum > 180,2,0.16438357746006838,0.16351047829634596,16351.047813283547,116351.04781328354
DCNAQ-200801,1994-11-25,15.349040985107422,2.6323561244313822,1.8086624145507812,0.36359331828823316,1.4181549375153277,Hammer,1994-12-02,15.166314125061035,1995-01-20,19.00357437133789,RSI(2) acum > 180,7,0.2530120512231848,0.2522695275259457,29351.823829653935,145702.8716429375
DCNAQ-200801,1999-07-09,38.442020416259766,9.284818614724728,3.4286117553710938,0.3333325915953671,1.1710797100537655,Hammer,1999-07-16,38.49396896362305,1999-08-06,34.70171356201172,Stop loss (-3%),3,-0.09851557279518319,-0.098762525438123,-14389.983552653204,131312.8880902843
DD,2020-03-13,13.759899139404297,1.1655352999824231,1.9694089889526367,0.2391714586637289,1.1700160556453076,Hammer,2020-03-20,12.20217514038086,2020-03-27,11.256413459777832,Stop loss (-3%),1,-0.07750763037921027,-0.07829507397181569,-7829.507389352062,92170.49261064794
DD,2022-03-11,27.881526947021484,5.149405405575877,2.4346790313720703,0.21958944685864878,1.2826465782691872,Hammer,2022-03-18,28.13922882080078,2022-04-14,26.34687042236328,Stop loss (-3%),4,-0.06369607389924536,-0.06404007052079602,-5902.6048408197985,86267.88776982813
DD-201708,1996-07-19,18.609689712524414,6.550623694003903,1.1917533874511719,0.3333333333333333,1.4078995785870119,Hammer,1996-07-26,18.548574447631836,1996-08-23,20.245849609375,RSI(2) acum > 180,4,0.0915043453358142,0.09094070614293545,9094.070605199475,109094.07060519946
DD-201708,1999-09-03,34.703792572021484,3.7548434485824345,2.427295684814453,0.39189157332771757,1.0025838596026573,Hammer,1999-09-10,34.83499526977539,1999-09-24,32.57170486450195,Stop loss (-3%),2,-0.06497174429752783,-0.06524944643851814,-7118.327709595551,101975.74289560391
DD-201708,2016-07-01,62.76009750366211,7.025378032025202,3.5105133056640625,0.2388890096277139,1.107855380158998,Hammer,2016-07-08,62.44805145263672,2016-08-12,67.40177154541016,RSI(2) acum > 180,5,0.07932545495883958,0.07915898387323253,8072.2961792617225,110048.03907486564
DDS,2002-06-28,16.67880630493164,7.61955456388381,1.5099115371704102,0.3529408049356485,1.0098003706408758,Hammer,2002-07-05,16.95160484313965,2002-07-19,16.177616119384766,Stop loss (-3%),2,-0.04565872853437336,-0.046235005828544194,-4623.50057823092,95376.49942176907
DDS,2008-10-10,6.670248508453369,9.542001248358673,2.608067035675049,0.296675225015463,1.4546123852423858,Hammer,2008-10-17,6.923717975616455,2008-10-24,4.722536087036133,Stop loss (-3%),1,-0.31791905683222743,-0.31913290400358535,-30437.77920372766,64938.72021804141
DE,1996-07-19,10.220271110534668,0.8930377050180311,0.7375450134277344,0.380952504098933,1.0529182657129998,Hammer,1996-07-26,10.150028228759766,1996-09-20,12.327543258666992,RSI(2) acum > 180,8,0.2145329038334407,0.21344254108212812,21344.25408686856,121344.25408686856
DE,2019-08-16,135.82388305664062,6.712217546283767,11.918609619140625,0.39022504218420734,1.4197999624201456,Hammer,2019-08-23,136.69764709472656,2019-10-18,156.16937255859375,RSI(2) acum > 180,8,0.14244374996721043,0.14236538850912964,17275.221859152363,138619.47594602092
DELL-201310,2011-08-12,14.249472618103027,3.162706974761875,1.5140666961669922,0.3481016166398129,1.5795939343826069,Hammer,2011-08-19,14.393213272094727,2011-08-26,13.703258514404297,Stop loss (-3%),1,-0.047936117157945546,-0.04861400122798688,-4861.400117937288,95138.59988206271
DFS-202505,2025-03-21,164.8300018310547,8.075844013116011,21.639999389648438,0.13123828179261163,1.617314610090902,Hammer,2025-03-28,168.8699951171875,2025-04-04,160.25999450683594,Stop loss (-3%),1,-0.050985970624187194,-0.05104367644463812,-5104.367639359445,94895.63236064056
DG,2015-10-16,58.39476776123047,7.934752188476722,3.5636863708496094,0.3923864187394763,1.1942752688962,Hammer,2015-10-23,58.29910659790039,2015-11-20,52.46398162841797,Stop loss (-3%),4,-0.10008944064492009,-0.10025237175476957,-10025.23716545172,89974.7628345483
DG,2016-08-19,79.70142364501953,7.644466562868757,4.017974853515625,0.3930131170202262,1.2919775593338838,Hammer,2016-08-26,79.93829345703125,2016-09-02,66.48072052001953,Stop loss (-3%),1,-0.1683495150449451,-0.16846407440356956,-15157.515125445356,74817.24770910293
DG,2022-02-25,184.61203002929688,2.657552906761609,13.248199462890625,0.0672261164616912,1.276068059677974,Hammer,2022-03-04,183.6100616455078,2022-04-22,229.66485595703125,RSI(2) acum > 180,7,0.2508293603236216,0.2507680682558534,18761.776661469637,93579.02437057256
DG,2023-01-20,215.92311096191406,6.607195121667246,13.205673217773438,0.25099399501067077,1.0987362335473665,Hammer,2023-01-27,216.26954650878906,2023-03-03,201.71923828125,Stop loss (-3%),5,-0.06727858111519991,-0.06732326324377413,-6300.045285495566,87278.97908507701
DG-200707,1998-08-07,18.868877410888672,9.42744999995675,1.9971790313720703,0.388059558952036,1.3418135584031965,Hammer,1998-08-14,18.123661041259766,1998-08-21,16.09667205810547,Stop loss (-3%),1,-0.11184213711234814,-0.11236290305821418,-11236.290294585127,88763.70970541488
DGN-199910,1997-10-17,25.125,1.5381897951930483,3.0625,0.22448979591836735,1.0275268635660748,Hammer,1997-10-24,25.1875,1997-10-31,23.875,Stop loss (-3%),1,-0.052109181141439254,-0.05249578247494289,-5249.57824224471,94750.42175775528
DGN-199910,1998-08-07,12.375,2.2644401271488164,2.0,0.3125,1.1251323279839116,Hammer,1998-08-14,12.25,1998-08-21,11.3125,Stop loss (-3%),1,-0.07653061224489799,-0.07731538147694816,-7325.664995976915,87424.75676177835
DGX,2004-07-30,29.09687614440918,1.4832819655139247,1.4817848205566406,0.3636356615290353,1.3897543873420222,Hammer,2004-08-06,29.064970016479492,2004-08-13,28.093656539916992,Stop loss (-3%),1,-0.03341869872949388,-0.03375694835619718,-3375.694832244023,96624.30516775597
DGX,2010-05-07,40.31415939331055,2.290044459667868,12.41232681274414,0.18355211740549637,5.213531830099617,Hammer,2010-05-14,41.142635345458984,2010-05-28,38.47228240966797,Stop loss (-3%),2,-0.06490476152947133,-0.06513990204510778,-6294.097767510128,90330.20740024584
DHI,2007-08-03,12.913389205932617,2.543776378605912,1.7887325286865234,0.3596497588533297,1.3840068166002342,Hammer,2007-08-10,12.803555488586426,2007-09-07,11.84341812133789,Stop loss (-3%),4,-0.07498990168039166,-0.07574135647950427,-7574.135640376291,92425.86435962371
DHI,2013-06-07,20.56938362121582,6.387932809760372,2.1302757263183594,0.39754118175843733,1.2667606024169658,Hammer,2013-06-14,20.691612243652344,2013-06-28,17.897808074951172,Stop loss (-3%),2,-0.13502109626852488,-0.13547164800176895,-12521.084150265102,79904.7802093586
DHI,2018-10-26,33.096099853515625,6.841125206937889,2.5338497161865234,0.39130516602971693,1.0464154509435395,Hammer,2018-11-02,33.702022552490234,2018-11-16,31.195714950561523,Stop loss (-3%),2,-0.07436668223769616,-0.0746523249868833,-5965.0776142294435,73939.70259512916
DHI,2020-03-20,29.413570404052734,2.72209826505825,8.81094741821289,0.3755319328564248,1.906370696164573,Hammer,2020-03-27,28.916784286499023,2020-05-15,45.57361602783203,RSI(2) acum > 180,7,0.576026420375862,0.5755810767561776,42558.293592177695,116497.99618730685
DHR,2005-04-08,16.108610153198242,3.6786095847990907,0.6058197021484375,0.3846151424325618,1.06135247287072,Hammer,2005-04-15,16.124143600463867,2005-04-22,15.139296531677246,Stop loss (-3%),1,-0.061079031121894056,-0.06168009247298224,-6168.009241130216,93831.99075886978
DHR,2011-08-12,27.715993881225586,1.46400412758031,2.6485843658447266,0.37914664980581453,1.4854269719439381,Hammer,2011-08-19,27.948213577270508,2011-08-26,26.209688186645508,Stop loss (-3%),1,-0.06220524205664768,-0.0625518560072382,-5869.365168951963,87962.62558991782
DI-199809,1998-06-05,45.13851547241211,7.339883023705255,3.663238525390625,0.3050850987612153,1.015580717034851,Hammer,1998-06-12,45.2626953125,1998-06-19,41.47528076171875,Stop loss (-3%),1,-0.08367629290815337,-0.08388795861079872,-8388.795852691077,91611.20414730892
DIGI-199809,1995-10-13,41.0,7.391750702993406,7.0,0.375,1.1466626830627042,Hammer,1995-10-20,41.375,1995-10-27,39.625,Stop loss (-3%),1,-0.04229607250755285,-0.04253262445625908,-4253.262441372646,95746.73755862734
DIGI-199809,1995-10-27,39.125,5.160852194716952,6.125,0.16326530612244897,1.0015102903009425,Hammer,1995-11-03,39.5,1995-11-17,38.125,Stop loss (-3%),2,-0.034810126582278444,-0.03505885330970765,-3356.770823594221,92389.96673503313
DIGI-199809,1996-01-19,26.125,5.725987285328969,6.375,0.3333333333333333,1.1486404491388795,Hammer,1996-01-26,26.375,1996-04-12,23.625,Stop loss (-3%),11,-0.10426540284360186,-0.10462471569370746,-9666.273992937658,82723.69274209546
DIGI-199809,1998-01-30,20.0,7.424586160724559,4.5,0.3333333333333333,1.5603551449098416,Hammer,1998-02-06,20.5,1998-02-13,19.8125,Stop loss (-3%),1,-0.03353658536585369,-0.0340160936356986,-2813.9368753919434,79909.75586670352
DINO,2020-02-21,34.70515823364258,9.231414735162517,3.1881484985351562,0.13379056516630491,1.3729775154178794,Hammer,2020-02-28,33.0356330871582,2020-03-06,27.71251106262207,Stop loss (-3%),1,-0.16113273841285536,-0.1614110120247345,-16141.101186332347,83858.89881366766
DIS,2011-08-12,28.467241287231445,4.628332501313878,4.430530548095703,0.32233001015121787,2.3503802800200426,Hammer,2011-08-19,28.759740829467773,2011-08-26,27.890838623046875,Stop loss (-3%),1,-0.030212449116739037,-0.03055484530980084,-3055.484527924599,96944.5154720754
DIS,2014-10-17,75.37507629394531,2.000295670659412,7.058258056640625,0.3261138854659835,2.6178672620421355,Hammer,2014-10-24,75.73473358154297,2015-03-27,98.88790893554688,RSI(2) acum > 180,22,0.30571409258441595,0.3055618796056034,29622.548335479318,126567.06380755472
DIS,2016-02-12,84.01631927490234,7.660385111448406,6.40606689453125,0.29496365178120565,1.2457976195378666,Hammer,2016-02-19,85.2330093383789,2016-12-02,91.46916961669922,RSI(2) acum > 180,41,0.07316602249208959,0.07304441207212642,9245.016754273129,135812.08056182787
DIS,2022-05-13,104.860595703125,0.48878352736718966,11.010704040527344,0.30257311035584245,1.1865725274632832,Hammer,2022-05-20,104.98760223388672,2022-05-27,101.37273406982422,Stop loss (-3%),1,-0.03443138129785517,-0.03452498639844719,-4688.910229453011,131123.17033237487
DISH-202312,2022-05-13,20.860000610351562,1.575741662908598,5.6699981689453125,0.3262784958650552,1.6773935595162321,Hammer,2022-05-20,20.770000457763672,2022-06-17,19.389999389648438,Stop loss (-3%),4,-0.06644203359174217,-0.06690739049277801,-6690.7390425870635,93309.26095741295
DJ-200712,2002-06-28,42.2591667175293,6.08423868634155,2.433502197265625,0.32616533527294617,1.0765812702671538,Hammer,2002-07-05,42.215553283691406,2002-07-19,38.85749816894531,Stop loss (-3%),2,-0.07954544838438415,-0.07977287962370398,-7977.2879543931085,92022.7120456069
DJ-200712,2002-07-26,33.964332580566406,1.3641892567031135,4.2389984130859375,0.26131630952423807,1.5174176805162918,Hammer,2002-08-02,34.73188781738281,2002-10-11,31.504268646240234,Stop loss (-3%),10,-0.09292956340620218,-0.09320406560781272,-8576.89088233071,83445.8211632762
DLR,2023-09-29,111.3117904663086,9.555222082811554,6.948936462402344,0.38848454838599883,1.0994460493160898,Hammer,2023-10-06,110.69554138183594,2023-10-27,105.74712371826172,Stop loss (-3%),3,-0.04470295372155075,-0.04479126842271982,-4479.126837792855,95520.87316220715
DLR,2026-06-12,182.97999572753906,9.057740712295896,9.476806640625,0.39308324960713087,1.0382324098485955,Hammer,2026-06-18,184.83999633789062,2026-06-22,195.5399932861328,End of data,1,0.05788788768791364,0.05783222245681577,5524.184380461862,101045.05754266902
DLTR,2012-08-17,48.900001525878906,3.5703176367586025,12.369998931884766,0.15117211749021886,3.7417101133525117,Hammer,2012-08-24,48.86000061035156,2012-09-21,47.20000076293945,Stop loss (-3%),4,-0.03397461781980449,-0.0341757868935406,-3417.5786859364816,96582.42131406351
DLTR,2016-10-07,77.97000122070312,0.12652457500755077,5.370002746582031,0.3575413755919171,1.2913208882339702,Hammer,2016-10-14,78.08999633789062,2016-10-28,75.73999786376953,Stop loss (-3%),2,-0.030093463751141636,-0.030219586206396386,-2918.680804004157,93663.74051005936
DLX,1993-10-08,6.55840539932251,5.332965812464224,0.6292195320129395,0.3461539335949844,1.943043918682888,Hammer,1993-10-15,6.55840539932251,1994-01-07,7.06644344329834,RSI(2) acum > 180,12,0.0774636535930382,0.07588104248858958,7588.104241270854,107588.10424127085
DLX,1999-10-22,7.1916303634643555,7.587581456924482,1.1614799499511719,0.3972604483126693,1.9488461471757048,Hammer,1999-10-29,7.1916303634643555,1999-11-12,6.587024211883545,Stop loss (-3%),2,-0.0840708046748887,-0.08540193403582669,-9188.232172264426,98399.87206900644
DOC,2015-05-08,20.0181884765625,9.491990154434191,1.2161178588867188,0.34310597933487663,1.307691624096289,Hammer,2015-05-15,19.61098861694336,2015-06-12,18.76642417907715,Stop loss (-3%),4,-0.04306587772615045,-0.04356468871153807,-4356.468866797339,95643.53113320266
DOC,2022-02-25,24.589895248413086,0.869731062572427,1.5504684448242188,0.25564035566840365,1.2843192911068884,Hammer,2022-03-04,24.20907974243164,2022-04-08,27.28670310974121,RSI(2) acum > 180,5,0.12712682183930224,0.12668758837586572,12116.84829090063,107760.37942410329
DOFSQ-202104,2010-05-21,53.5568962097168,1.2417242102225998,6.308399200439453,0.3802646051995847,1.3097171301950843,Hammer,2010-05-28,53.837772369384766,2010-06-04,46.5804557800293,Stop loss (-3%),1,-0.13479971904414068,-0.1349729270903535,-13497.29269553806,86502.70730446193
DOFSQ-202104,2016-01-22,16.530000686645508,5.554767191324643,2.9250001907348633,0.1948716778309046,1.1825230071020756,Hammer,2016-01-29,15.960000038146973,2016-05-06,24.969999313354492,RSI(2) acum > 180,14,0.5645362940897349,0.563733119555453,48764.44098997215,135267.14829443407
DOV,1990-09-28,2.6795995235443115,1.545166469549784,0.2809257507324219,0.15384608856238882,1.9320842162790681,Hammer,1990-10-05,2.657989740371704,1990-10-12,2.5715510845184326,Stop loss (-3%),1,-0.03252031207659345,-0.0362144301163589,-3621.4430080144475,96378.55699198556
DOV,1994-11-25,5.042096138000488,2.864253403586602,0.2922954559326172,0.33333278954889817,1.4319038313644592,Hammer,1994-12-02,5.029917240142822,1995-01-20,5.517076015472412,RSI(2) acum > 180,7,0.09685224469334552,0.09476993415606856,9133.789491053583,105512.34648303915
DOV,1996-07-19,8.566710472106934,2.670734046804469,0.5727739334106445,0.3913039858673953,1.1756480942838916,Hammer,1996-07-26,8.5169038772583,1996-10-11,9.973651885986328,RSI(2) acum > 180,11,0.1710419689739382,0.16976816795468022,17912.63774111237,123424.9842241515
DOV,1998-06-19,14.76640796661377,0.7876140372256373,0.9181194305419922,0.3888885426469641,1.2589911071861304,Hammer,1998-06-26,14.715400695800781,1998-07-02,13.975805282592773,Stop loss (-3%),1,-0.050259957475643935,-0.0509222152778655,-6285.073611044323,117139.91061310717
DOV,2003-01-31,11.316736221313477,6.303056543450623,1.4745912551879883,0.24633412688095685,1.5078522760281994,Hammer,2003-02-07,11.321060180664062,2003-02-14,10.89727783203125,Stop loss (-3%),1,-0.03743309741932266,-0.038299491766198526,-4486.399037533531,112653.51157557363
DOV,2006-06-16,21.017871856689453,8.6907038165661,0.8749809265136719,0.13089056593902454,1.0124149381655236,Hammer,2006-06-23,21.072843551635742,2006-10-27,23.316389083862305,RSI(2) acum > 180,18,0.10646619791624712,0.10596651060412818,11937.499517027802,124591.01109260143
DOV,2014-02-07,45.97690200805664,3.4274823420883536,2.8143653869628906,0.28107036213232056,1.4791634339634125,Hammer,2014-02-14,45.8692741394043,2014-03-14,53.22283172607422,RSI(2) acum > 180,4,0.16031554291269678,0.1600800824521837,19944.539308560037,144535.55040116145
DOV,2014-10-17,48.98905563354492,0.3328336164905039,3.8986778259277344,0.23942114352529073,1.8248316695556492,Hammer,2014-10-24,49.02192687988281,2014-12-19,45.18929672241211,Stop loss (-3%),8,-0.07818195655306859,-0.07837795272963441,-11328.400525765523,133207.14987539596
DOW-201708,1998-09-11,13.31281852722168,8.532540723967202,1.3887090682983398,0.39849618896733685,1.8602722074532205,Hammer,1998-09-18,13.552970886230469,1998-10-09,14.651357650756836,RSI(2) acum > 180,3,0.08104398465448681,0.08027652320980701,8027.652312953049,108027.65231295304
DOW-201708,2001-09-21,16.649017333984375,2.2101636101292,3.871344566345215,0.32080906557842676,2.4429062195839495,Hammer,2001-09-28,16.92314338684082,2001-11-23,21.17208480834961,RSI(2) acum > 180,8,0.251072825206498,0.2504079345643984,27050.981264476548,135078.6335774296
DOW-201708,2007-08-17,28.719907760620117,9.9826204434125,2.484640121459961,0.36516853501316915,1.5498416537231745,Hammer,2007-08-24,28.88043212890625,2007-10-19,32.456424713134766,RSI(2) acum > 180,8,0.1238206051857973,0.1234529768609539,16675.85940876783,151754.49298619744
DOW-201708,2014-10-17,41.623924255371094,3.418389034778272,5.712558746337891,0.27215256228159623,2.46067748890598,Hammer,2014-10-24,41.714317321777344,2014-11-28,47.444950103759766,RSI(2) acum > 180,5,0.13737807903644383,0.1371219173568851,20808.8670249805,172563.36001117795
DPHIQ-200910,2005-09-23,3.4600000381469727,3.7819150344141974,1.179999828338623,0.33898297893147245,1.445585114988754,Hammer,2005-09-30,3.25,2005-10-07,2.8499999046325684,Stop loss (-3%),1,-0.12307695242074823,-0.12596009074268255,-12596.009061672245,87403.99093832776
DRE-202209,2022-01-28,56.32374954223633,9.289377702513193,3.358348846435547,0.21700964706924694,1.3691222689991953,Hammer,2022-02-04,55.944583892822266,2022-02-25,52.33782958984375,Stop loss (-3%),3,-0.06447012475574543,-0.06464309564673099,-6464.30955820879,93535.69044179122
DRI,1996-08-02,2.57601261138916,0.04550277521083501,0.3122439384460449,0.24999961821744196,1.3143368065325165,Hammer,1996-08-09,2.57601261138916,1996-08-30,2.4979515075683594,Stop loss (-3%),3,-0.030303075177378513,-0.034118819657143876,-3411.8819623025056,96588.1180376975
DRI,2001-09-21,8.12893295288086,3.619590611418218,0.8543248176574707,0.16917264486514938,1.2566697974331955,Hammer,2001-09-28,8.832304954528809,2001-10-05,8.382660865783691,Stop loss (-3%),1,-0.0509090312279763,-0.05201179444526994,-5023.721336208471,91564.39670148902
DRI,2022-03-11,111.93476104736328,5.8638026725378865,14.625274658203125,0.23079202322005005,1.5929778040952562,Hammer,2022-03-18,112.04756164550781,2022-05-27,102.556396484375,Stop loss (-3%),10,-0.08470657479509136,-0.08479203885754008,-7763.9318753159405,83800.46482617308
DTE,1992-09-18,5.709653377532959,4.555789542639616,0.2227182388305664,0.20198726540119982,1.4889448222081902,Hammer,1992-09-25,5.731870174407959,1992-10-30,5.53192138671875,Stop loss (-3%),5,-0.03488369094295851,-0.0365963986122234,-3659.6398575627,96340.3601424373
DTE,2003-02-14,13.552129745483398,2.737013846818769,0.8686008453369141,0.2689400676772135,1.1402638254366726,Hammer,2003-02-21,13.617932319641113,2003-04-04,12.895215034484863,Stop loss (-3%),6,-0.0530709999280784,-0.05378557772762632,-5181.721923566853,91158.63821887046
DTE,2011-08-12,23.694486618041992,6.949921460889854,2.361879348754883,0.36111135786417725,2.5528148326276825,Hammer,2011-08-19,23.835796356201172,2011-11-04,26.55270004272461,RSI(2) acum > 180,11,0.11398417933775473,0.11354082498252412,10350.22697730378,101508.86519617423
DUK,2012-11-16,34.85931396484375,4.641247953328062,1.1333580017089844,0.35858607957509686,1.145695230262919,Hammer,2012-11-23,35.06538009643555,2013-02-01,38.951995849609375,RSI(2) acum > 180,10,0.11083911660118884,0.11053817331075452,11053.817320021633,111053.81732002164
DUK,2019-11-15,68.58445739746094,1.3312981154043655,2.121826171875,0.16760513749856173,1.0430867182818317,Hammer,2019-11-22,68.83222198486328,2020-01-31,74.43016052246094,RSI(2) acum > 180,10,0.08132729666679483,0.08117611920519387,9014.917903946982,120068.73522396863
DVN,2001-07-20,14.993785858154297,6.086782306947725,1.3674240112304688,0.3632386417528218,1.002070597627822,Hammer,2001-07-27,15.065597534179688,2001-09-07,13.464784622192383,Stop loss (-3%),6,-0.10625618455262076,-0.10688447543861664,-10688.447533173217,89311.55246682678
DVN,2001-09-28,10.30495834350586,2.8851876280299678,1.8542938232421875,0.3780287476444788,1.3054035320480273,Hammer,2001-10-05,10.334914207458496,2002-03-08,13.27505874633789,RSI(2) acum > 180,22,0.2844865936823697,0.283381900477065,25309.277447297194,114620.82991412397
DVN,2002-07-26,12.010696411132812,2.524863671405015,1.9481678009033203,0.06172795992954775,1.8075094715965434,Hammer,2002-08-02,12.311339378356934,2002-08-30,14.205391883850098,RSI(2) acum > 180,4,0.153846177680949,0.15297179199234656,17533.75373407975,132154.58364820373
DVN,2003-07-18,15.275135040283203,4.0116905258468165,1.0445051193237305,0.3323709898168717,1.2702232563306435,Hammer,2003-07-25,15.305323600769043,2003-08-01,14.49024772644043,Stop loss (-3%),1,-0.05325440321220376,-0.053890165606112164,-7121.832391286667,125032.75125691705
DVN,2014-10-17,38.96073532104492,1.3693149136972238,4.387016296386719,0.2625957583715207,1.870259182856023,Hammer,2014-10-24,39.067901611328125,2014-12-19,35.9973258972168,Stop loss (-3%),8,-0.07859586994610901,-0.07884174420305151,-9857.80018174382,115174.95107517325
DXC,1990-04-12,2.1545679569244385,6.47716617285829,0.17211031913757324,0.3333324098226444,1.1900028309733894,Hammer,1990-04-20,2.180065631866455,1990-06-08,2.5242865085601807,RSI(2) acum > 180,7,0.15789473108615648,0.15295690519292945,15295.690503997255,115295.69050399725
DXC,2007-08-10,16.152870178222656,6.219504119475317,2.4815263748168945,0.2799011094632771,2.606029926968029,Hammer,2007-08-17,16.278322219848633,2007-10-19,18.108104705810547,RSI(2) acum > 180,9,0.11240608591288392,0.11175744491155998,12885.151767155588,128180.84227115284
DXC,2013-11-01,16.58507537841797,7.49868467072109,1.8628997802734375,0.3657238280898048,2.30981402603534,Hammer,2013-11-08,16.614696502685547,2014-02-28,20.5428466796875,RSI(2) acum > 180,16,0.23642623723924294,0.23575341320876858,30219.071043180018,158399.91331433287
DXC,2020-03-20,11.443921089172363,0.1779609081782354,5.942601203918457,0.3778877143644417,1.577997679423944,Hammer,2020-03-27,11.247795104980469,2020-08-14,19.860000610351562,RSI(2) acum > 180,20,0.7656794442812753,0.7644505587384041,121088.90211616759,279488.8154305004
DXCM,2022-01-28,103.34750366210938,2.309329666642057,11.382499694824219,0.3110031522990066,1.0060411219905465,Hammer,2022-02-04,103.75,2022-02-25,96.16500091552734,Stop loss (-3%),3,-0.07310842491057978,-0.07320128268008913,-7320.128260688785,92679.87173931122
DYN-201804,2001-06-22,13961.54296875,3.209644491452579,2090.4296875,0.30605998318228533,1.1661333406991805,Hammer,2001-06-29,13964.7099609375,2001-08-24,13302.740234375,Stop loss (-3%),8,-0.047403041553614855,-0.04742256752321698,-4742.256748053711,95257.74325194629
DYN-201804,2005-04-01,1260.942626953125,3.6424078534256523,151.1844482421875,0.17021274877816203,1.1954095879746374,Hammer,2005-04-08,1248.075927734375,2005-04-22,1125.8416748046875,Stop loss (-3%),2,-0.09793815441307219,-0.09795812194308434,-9331.26962119434,85926.47363075195
DYN-201804,2006-03-10,1611.5618896484375,7.650670107166221,238.0350341796875,0.3513512681905432,1.809559110365554,Hammer,2006-03-17,1608.34521484375,2006-03-31,1556.878173828125,Stop loss (-3%),2,-0.03199999635689221,-0.0320228996592411,-2751.614840771086,83174.85878998086
DYN-201804,2008-09-19,1386.3935546875,0.28403141481835803,562.9207763671875,0.16571414569006215,2.1762253058555228,Hammer,2008-09-26,1392.826904296875,2008-10-03,1251.2926025390625,Stop loss (-3%),1,-0.1016165765617959,-0.10163940056718253,-8453.842782441949,74721.01600753891
E-199504,1991-09-27,16.6068058013916,2.0806309379619847,3.256237030029297,0.36666694001778344,1.5346935127772694,Hammer,1991-10-04,16.498266220092773,1991-10-18,15.629936218261719,Stop loss (-3%),2,-0.05263159111674054,-0.05322158596470355,-5322.158591148196,94677.8414088518
EA,2011-08-12,19.341209411621094,5.851990358283814,2.3485069274902344,0.16942176279588791,1.531027196541129,Hammer,2011-08-19,19.360618591308594,2011-08-26,19.098594665527344,Stop loss (-3%),1,-0.01353386125270184,-0.014046746015298223,-1404.6746001251477,98595.32539987486
EA,2014-10-17,33.26241683959961,1.103269471350231,2.9210758209228516,0.1677731091065208,1.636596834706015,Hammer,2014-10-24,33.13140106201172,2014-11-14,39.76932907104492,RSI(2) acum > 180,3,0.20035156366037943,0.20001954939613534,19720.992539327315,118316.31793920216
EA,2017-12-08,102.16000366210938,2.0825386439627493,6.569999694824219,0.16691420588682715,1.2545524753927022,Hammer,2017-12-15,102.4899673461914,2018-01-26,112.88356018066406,RSI(2) acum > 180,6,0.10141083174868326,0.10130831886994592,11986.427253316167,130302.74519251833
EA,2018-08-03,127.00370788574219,7.255535038910537,8.432304382324219,0.3602261592289089,1.1685525011686215,Hammer,2018-08-10,126.17882537841797,2018-09-07,110.3603744506836,Stop loss (-3%),4,-0.12536533669808603,-0.12543961859030486,-16345.126641874052,113957.61855064429
EA,2021-09-24,126.68767547607422,6.880359207835525,7.460823059082031,0.34379106354911776,1.0834538770488393,Hammer,2021-10-01,126.0732650756836,2021-12-10,124.28851318359375,Stop loss (-3%),10,-0.014156466012190894,-0.014235220408628494,-1622.2118156886208,112335.40673495566
EBAY,2022-02-25,50.28413391113281,7.381888397086513,6.649295806884766,0.29778443014148004,1.633558157978407,Hammer,2022-03-04,50.026268005371094,2022-03-18,46.423519134521484,Stop loss (-3%),2,-0.07201714248328095,-0.0722098202760275,-7220.982020381769,92779.01797961822
EC-200606,1990-08-10,4.433257579803467,5.784441217493196,0.35796499252319336,0.38461610188795364,1.1354169995480066,Hammer,1990-08-17,4.350650310516357,1990-08-24,3.992685556411743,Stop loss (-3%),1,-0.08227844771604487,-0.0844798658919413,-8447.986580746143,91552.01341925387
EC-200606,1991-12-20,6.276589870452881,1.6463097222198542,0.5579419136047363,0.3807590704638707,1.3433877434302184,Hammer,1991-12-27,6.334173202514648,1992-03-06,8.407175064086914,RSI(2) acum > 180,10,0.32727268347339944,0.32543705553807956,29794.417645950314,121346.43106520417
EC-200606,1993-04-30,11.938362121582031,1.5112697079865853,1.8570785522460938,0.09523809523809523,2.0634547460529027,Hammer,1993-05-07,11.98257827758789,1993-05-14,11.27511978149414,Stop loss (-3%),1,-0.059040590405904037,-0.05985016151553472,-7262.603491323565,114083.82757388061
EC-200606,1993-11-26,13.043047904968262,3.300883663334261,0.8695363998413086,0.2307685558388857,1.2436076091798267,Hammer,1993-12-03,12.976160049438477,1993-12-23,12.296175003051758,Stop loss (-3%),3,-0.05240264021066421,-0.053152803274817105,-6063.875237808756,108019.95233607184
EC-200606,2004-02-06,26.996803283691406,6.728516718986128,1.7289543151855469,0.2793297075468576,1.4621730829054844,Hammer,2004-02-13,26.851919174194336,2004-03-12,28.21383285522461,RSI(2) acum > 180,4,0.05071941682064662,0.050337630770742624,5437.468471128934,113457.42080720078
ECL,1992-06-05,2.689230442047119,8.594462032065778,0.17122435569763184,0.17647148922186623,1.2575945781205178,Hammer,1992-06-12,2.6791584491729736,1992-06-26,2.59234356880188,Stop loss (-3%),2,-0.032403787240688375,-0.036068988550554466,-3606.898851448548,96393.10114855146
ECL,1993-12-03,3.725280284881592,7.002633743455036,0.13489866256713867,0.38461416103752877,1.085537633249048,Hammer,1993-12-10,3.735656976699829,1994-04-08,3.3955464363098145,Stop loss (-3%),17,-0.09104437118058861,-0.09359600267301119,-9022.008943737652,87371.0922048138
ECL,1999-07-16,15.351286888122559,3.874776597732506,1.896066665649414,0.1325299144439359,2.318428261371871,Hammer,1999-07-23,15.214221954345703,1999-08-20,14.52889633178711,Stop loss (-3%),4,-0.045045065374693105,-0.04568733044595957,-3991.7519569939795,83379.34024781981
ECL,2000-09-22,13.326642036437988,4.660893185592954,0.8126001358032227,0.37142944325192795,1.006994450781625,Hammer,2000-09-29,13.326642036437988,2000-11-10,14.696454048156738,RSI(2) acum > 180,6,0.1027874844970984,0.10199883915290532,8504.595906108141,91883.93615392796
ECL,2008-10-31,30.301280975341797,5.110393425266224,3.2854862213134766,0.26980199600473953,1.065588360061395,Hammer,2008-11-07,30.179296493530273,2008-11-21,26.836883544921875,Stop loss (-3%),2,-0.11075185100238938,-0.1110648031610397,-10205.071272392477,81678.8648815355
ECL,2011-08-12,39.80720138549805,1.4054507844993935,3.2143516540527344,0.14473613941228758,1.606302831433427,Hammer,2011-08-19,40.29780960083008,2011-08-26,38.59758758544922,Stop loss (-3%),1,-0.042191425097850455,-0.04243431245412815,-3465.9864698156052,78212.8784117199
ECL,2014-10-17,94.7979507446289,4.0876310199825525,5.6436767578125,0.3009606233642636,1.8853262626536966,Hammer,2014-10-24,94.87703704833984,2014-12-19,91.10496520996094,Stop loss (-3%),8,-0.0397574793198594,-0.039860778246698494,-3117.6261992879326,75095.25221243195
ECL,2025-04-11,232.2694854736328,2.387738311194056,17.416259765625,0.22357524846853666,1.6044024113190243,Hammer,2025-04-17,234.94435119628906,2025-06-06,261.5647277832031,RSI(2) acum > 180,7,0.1133050292606248,0.11326005563080853,8505.292434684347,83600.5446471163
ECO-200301,1996-07-19,9.9375,9.480472620922114,1.3664064407348633,0.27272695548028625,1.4879580660920164,Hammer,1996-07-26,9.9375,1996-09-20,9.31640625,Stop loss (-3%),8,-0.0625,-0.06347435252703042,-6347.435246355606,93652.5647536444
ECO-200301,1997-11-21,2.875,1.0973627428330985,0.8125,0.15384615384615385,1.454788356948571,Hammer,1997-11-28,2.875,1997-12-05,2.25,Stop loss (-3%),1,-0.21739130434782605,-0.22048611111111105,-20649.089777463472,73003.47497618092
ED,2003-07-18,15.227646827697754,8.168043829661372,0.728327751159668,0.3589753662071973,1.1432388898850439,Hammer,2003-07-25,15.220176696777344,2003-08-08,14.66365909576416,Stop loss (-3%),2,-0.03656446387583778,-0.03720926280829941,-3720.9262771090152,96279.07372289099
ED,2022-10-14,72.00105285644531,7.760326501499918,4.5357818603515625,0.32558190387442515,1.0459595457584976,Hammer,2022-10-21,72.98555755615234,2022-12-02,86.03520965576172,RSI(2) acum > 180,6,0.17879773117536946,0.1786484791485233,17200.11007722292,113479.18380011391
ED,2025-05-16,100.93657684326172,4.536053727496906,7.66448974609375,0.17793947839936294,1.6413599024563574,Hammer,2025-05-23,100.99464416503906,2025-06-27,98.53631591796875,Stop loss (-3%),5,-0.024341174399833188,-0.024438979636769078,-2773.3154593148447,110705.86834079906
EDS-200808,2002-02-01,56.29111099243164,3.0061760482339253,6.305614471435547,0.21571417422725878,1.6147819725408448,Hammer,2002-02-08,54.948917388916016,2002-02-15,51.5258674621582,Stop loss (-3%),1,-0.06229512953877214,-0.06247143224497852,-6247.143218250709,93752.85678174929
EFU-200011,1997-04-04,28.091657638549805,5.1338427895052945,1.5302848815917969,0.14285749897171915,1.2078721786061721,Hammer,1997-04-11,28.200963973999023,1997-06-06,30.519779205322266,RSI(2) acum > 180,8,0.08222467974715908,0.08185556903680258,8185.556895494701,108185.5568954947
EFX,2006-06-16,28.51280975341797,6.444722496796132,1.242532730102539,0.28947340143834094,1.1383004309274352,Hammer,2006-06-23,28.488285064697266,2006-07-14,26.943296432495117,Stop loss (-3%),3,-0.05423241970141268,-0.05457386288282905,-5457.386282825519,94542.61371717448
EFX,2007-03-09,30.55889892578125,4.140606412225694,1.4762744903564453,0.25000096900101165,1.1930148866400783,Hammer,2007-03-16,30.501489639282227,2007-05-04,32.87993240356445,RSI(2) acum > 180,7,0.07797792148548321,0.07763734183406196,7340.037211705914,101882.6509288804
EFX,2011-08-12,26.22251319885254,1.5273480546005374,1.8215961456298828,0.1441854328767037,1.2971101607732656,Hammer,2011-08-19,26.400436401367188,2011-08-26,24.977048873901367,Stop loss (-3%),1,-0.053915302983101765,-0.05428380374700431,-5530.577822717312,96352.07310616308
EFX,2016-02-12,88.13409423828125,8.971687217772768,6.8538818359375,0.24142874953247725,1.516694802541511,Hammer,2016-02-19,89.49042510986328,2016-03-24,101.53761291503906,RSI(2) acum > 180,5,0.13461985223990158,0.13450059363815642,12959.411018086568,109311.48412424966
EFX,2023-10-20,172.56036376953125,1.8644702625014418,15.899002075195312,0.3618469860080598,1.4527128487481011,Hammer,2023-10-27,172.7169189453125,2023-11-03,160.07598876953125,Stop loss (-3%),1,-0.07318871974426411,-0.07324449758913813,-8006.464727397251,101305.01939685241
EFX,2026-02-06,194.4230499267578,6.163376654878562,37.32023620605469,0.21171803800690076,2.3805749648794854,Hammer,2026-02-13,193.3297882080078,2026-03-20,185.4709930419922,Stop loss (-3%),5,-0.04064968590127549,-0.04070035837290506,-4123.150590302841,97181.86880654958
EG,2020-03-27,164.24122619628906,3.1917492072955014,24.320785522460938,0.24616487868964362,1.6058454244696307,Hammer,2020-04-03,163.9549102783203,2020-04-09,162.15882873535156,Stop loss (-3%),1,-0.010954728589218976,-0.011015385040788082,-1101.5385029772697,98898.46149702273
EHC,1997-10-31,82.78469848632812,4.817224472663426,15.787788391113281,0.2692306762987372,2.387667119184692,Hammer,1997-11-07,86.0232162475586,1998-01-16,78.12931823730469,Stop loss (-3%),10,-0.09176473927150963,-0.09187564679371359,-9187.564670183794,90812.43532981622
EHC,2002-06-28,41.420684814453125,2.6316969371780914,3.659526824951172,0.18584043122076715,1.0347417342017742,Hammer,2002-07-05,41.420684814453125,2002-07-19,31.737506866455078,Stop loss (-3%),2,-0.2337763847066876,-0.23398956447947877,-21249.162170895368,69563.27315892086
EIX,1993-10-15,6.9509124755859375,2.6648257511615725,0.5020103454589844,0.23076923076923078,2.1131200257046134,Hammer,1993-10-22,6.873680114746094,1993-10-29,6.448902130126953,Stop loss (-3%),1,-0.061797752808988804,-0.06320660030215532,-6320.66002389487,93679.33997610513
EIX,2000-12-15,8.966936111450195,4.2706821753771465,1.7933874130249023,0.2812502825042023,1.960513257448016,Hammer,2000-12-22,8.938915252685547,2000-12-29,6.781245708465576,Stop loss (-3%),1,-0.24137934897321411,-0.2423624870069173,-22704.35779507101,70974.98218103411
EIX,2002-07-26,5.577434062957764,0.20583346475294206,1.2777886390686035,0.38947396310879095,1.9682984546985207,Hammer,2002-08-02,5.626752853393555,2002-08-09,5.205306529998779,Stop loss (-3%),1,-0.07490045046862093,-0.07660959822389864,-5437.364863400024,65537.61731763408
EIX,2004-05-14,10.24462604522705,4.673922660228499,0.4608945846557617,0.37623918076985946,1.0577047688420484,Hammer,2004-05-21,10.075782775878906,2004-06-10,11.180103302001953,RSI(2) acum > 180,3,0.10960146230690415,0.10855511426568122,7114.443529501814,72652.06084713589
EIX,2018-11-16,38.77730178833008,1.2755086756418592,7.519096374511719,0.15230994487302937,2.562803295234277,Hammer,2018-11-23,38.293033599853516,2019-03-01,44.35299301147461,RSI(2) acum > 180,14,0.1582522678914704,0.15797049725404805,11476.882167076528,84128.94301421242
EIX,2023-10-06,54.720985412597656,7.222748242080016,3.8884849548339844,0.2653052014876249,1.3397501406001093,Hammer,2023-10-13,54.56227111816406,2023-12-15,59.25313949584961,RSI(2) acum > 180,9,0.0859727478632013,0.08578161014409619,7216.716184263338,91345.65919847575
EIX,2025-01-17,58.29057693481445,0.6220416057362996,8.432140350341797,0.18081554083246057,2.1009172876992612,Hammer,2025-01-24,57.955894470214844,2025-01-31,53.1122932434082,Stop loss (-3%),1,-0.08357391894444666,-0.08373923955402081,-7649.21603019189,83696.44316828386
EKDKQ-201309,1994-10-28,32.07099914550781,6.5581829297123875,2.473339080810547,0.29999953730194595,1.7573155182987246,Hammer,1994-11-04,31.988554000854492,1994-11-11,30.834327697753906,Stop loss (-3%),1,-0.036082478222358993,-0.0363894021611194,-3638.9402124729995,96361.059787527
EKDKQ-201309,1997-10-31,42.51072311401367,6.332997715321497,3.239337921142578,0.28767165230171,1.0455441201684372,Hammer,1997-11-07,43.30946350097656,1997-12-19,38.88655471801758,Stop loss (-3%),6,-0.10212337963639873,-0.10234246080086018,-9861.827974172498,86499.2318133545
EKDKQ-201309,2003-03-14,24.557580947875977,3.956635275817007,2.231731414794922,0.2950191014212825,1.093785601536867,Hammer,2003-03-21,24.566131591796875,2003-06-13,27.175338745117188,RSI(2) acum > 180,12,0.1062115597472244,0.10578296500548902,9150.145202763615,95649.37701611813
EKDKQ-201309,2009-10-30,3.75,9.51945636514155,0.8100001811981201,0.395061851946805,1.0192214400575126,Hammer,2009-11-06,3.8299999237060547,2010-01-22,5.0,RSI(2) acum > 180,11,0.3054830547259668,0.3024772097447523,28931.756644727495,124581.13366084562
EL,2014-10-17,62.11045837402344,4.457954002801955,2.112506866455078,0.1832980907615104,1.163318361271309,Hammer,2014-10-24,62.0760383605957,2015-05-22,76.73456573486328,RSI(2) acum > 180,30,0.2361382549755695,0.2359581566465123,23595.815641055415,123595.81564105542
ELV,2006-04-28,56.15618133544922,2.0392937117616583,4.587409973144531,0.19827584773175935,1.6766196403225195,Hammer,2006-05-05,56.353912353515625,2006-07-28,60.980865478515625,RSI(2) acum > 180,12,0.0821052688582562,0.08192055048968672,8192.055040776617,108192.05504077663
ELV,2011-08-12,48.09075927734375,0.973104780072461,4.022163391113281,0.29108979064593044,1.2148952485752968,Hammer,2011-08-19,48.61642837524414,2011-08-26,47.31818389892578,Stop loss (-3%),1,-0.02670382254940462,-0.0269067470873493,-2911.096258931655,105280.95878184498
ELV,2025-05-16,393.2590026855469,5.127070610243393,65.12869262695312,0.3136696472625703,2.333319336456436,Hammer,2025-05-23,395.18975830078125,2025-05-30,366.3454895019531,Stop loss (-3%),1,-0.07298840162976739,-0.0730127821606057,-7686.8557015116985,97594.10308033328
EMC-201609,2005-01-28,12.280688285827637,5.783116971721526,0.9847278594970703,0.2980760477336954,1.1487331900278748,Hammer,2005-02-04,12.394309997558594,2005-02-25,11.83566665649414,Stop loss (-3%),3,-0.04507256484423039,-0.0458608859022332,-4586.0885856372315,95413.91141436278
EMC-201609,2005-03-18,11.769387245178223,6.999488474147782,0.8237628936767578,0.26436769632938095,1.094379203492778,Hammer,2005-03-24,11.949289321899414,2005-04-01,11.589484214782715,Stop loss (-3%),1,-0.030111004715342005,-0.030934930313192534,-2951.622697560816,92462.28871680195
EMC-201609,2008-09-19,12.346967697143555,5.260494822075643,2.234574317932129,0.3474575149981584,1.715619856596786,Hammer,2008-09-26,12.271219253540039,2008-10-10,10.5763521194458,Stop loss (-3%),2,-0.13811725624617932,-0.13887558529900101,-12840.754450790333,79621.53426601163
EMC-201609,2013-10-18,23.93798828125,4.914660250150206,1.2026252746582031,0.2698414964109103,1.154814769335055,Hammer,2013-10-25,24.081157684326172,2013-11-01,22.716272354125977,Stop loss (-3%),1,-0.05667855956479062,-0.05708196999369847,-4544.954025279756,75076.58024073187
EMN,2003-01-31,8.139317512512207,7.11050002874299,0.6657929420471191,0.38214269599912337,1.0398191166575093,Hammer,2003-02-07,8.163095474243164,2003-02-14,7.846843719482422,Stop loss (-3%),1,-0.038741645955092,-0.03994220633065904,-3994.220629071684,96005.77937092831
EMN,2011-08-12,27.374338150024414,6.394781713514831,3.0226192474365234,0.27931758420872294,1.349720436788785,Hammer,2011-08-19,27.674020767211914,2011-08-26,25.144432067871094,Stop loss (-3%),1,-0.09140661997109822,-0.09175139253297483,-8808.663939687558,87197.11543124076
EMR,1991-11-22,4.861755847930908,8.602032631388994,0.29305124282836914,0.39515240663029455,1.384465832217924,Hammer,1991-11-29,4.798451900482178,1992-01-10,5.393510341644287,RSI(2) acum > 180,6,0.12401050453424656,0.12179958356684696,12179.958344504736,112179.95834450475
EMR,1997-04-04,10.928926467895508,5.0148316736330685,0.5493373870849609,0.15789327490963886,1.0584071534728947,Hammer,1997-04-11,10.957839012145996,1997-05-16,12.1432523727417,RSI(2) acum > 180,5,0.10817948313365022,0.10721797148470695,12027.707562909014,124207.66590741376
EMR,2002-07-26,12.819623947143555,9.150491454340994,1.1130485534667969,0.25761106865127376,1.0608355093592285,Hammer,2002-08-02,13.085504531860352,2002-08-09,12.089755058288574,Stop loss (-3%),1,-0.07609561183883617,-0.07683045914112255,-9542.931990970821,114664.73391644293
EMR,2017-11-17,49.02756118774414,9.363604644915384,2.9968605041503906,0.3494422798109492,1.5528745066575498,Hammer,2017-11-24,49.0439453125,2017-12-22,55.52361297607422,RSI(2) acum > 180,4,0.132119625007467,0.13190227888397504,15124.539696078911,129789.27361252184
EMR,2021-12-03,82.4918441772461,3.3673181320926204,4.9935455322265625,0.3485823068719691,1.2445384031659605,Hammer,2021-12-10,83.3873062133789,2022-01-21,88.4219741821289,RSI(2) acum > 180,6,0.06037691103567777,0.06025337584372826,7820.24187563952,137609.51548816136
ENRNQ-200411,1992-11-27,9.79907512664795,5.865002912467716,0.48331451416015625,0.34065849500386747,1.1256138459132101,Hammer,1992-12-04,9.79907512664795,1993-01-15,9.506961822509766,Stop loss (-3%),6,-0.029810293355522988,-0.03081507436810894,-3081.5074337293872,96918.49256627061
ENRNQ-200411,1999-09-03,40.774757385253906,9.61227961893431,3.7458724975585938,0.34426217821943506,1.6373247170383098,Hammer,1999-09-10,40.83616638183594,1999-10-01,39.11674880981445,Stop loss (-3%),3,-0.04210526414120708,-0.04234496037289092,-4104.009723015042,92814.48284325558
ENRNQ-200411,2001-03-23,59.06144714355469,0.691659289167248,11.225654602050781,0.30115117281932674,1.6079980740210575,Hammer,2001-03-30,60.65232467651367,2001-04-06,57.56999588012695,Stop loss (-3%),1,-0.05081963161059655,-0.05098030308587041,-4731.710461375778,88082.77238187981
ENRNQ-200411,2001-07-27,45.94550704956055,9.24181978918314,6.159290313720703,0.33657000621198413,1.1275005124378454,Hammer,2001-08-03,46.842491149902344,2001-08-10,45.317623138427734,Stop loss (-3%),1,-0.03255309386929961,-0.03276307810301618,-2885.862748191862,85196.90963368794
EOG,2008-07-11,40.91014862060547,2.0184247754173725,3.5851593017578125,0.18768115016790307,1.0233912417139386,Hammer,2008-07-18,41.38633346557617,2008-07-25,37.30393600463867,Stop loss (-3%),1,-0.0986411967209685,-0.09887087750726875,-9887.087740839786,90112.9122591602
EOP-200702,2002-10-11,19.258737564086914,2.0711555069552503,1.9012432098388672,0.1659913382738145,1.9029286714995475,Hammer,2002-10-18,19.266433715820312,2002-11-08,18.489002227783203,Stop loss (-3%),3,-0.04035160318220876,-0.040860036655741366,-4086.003661488133,95913.99633851188
EP-201205,2002-02-01,30.992429733276367,3.968090239722258,6.148294448852539,0.2721089680490973,1.5077695896764076,Hammer,2002-02-08,30.74984359741211,2002-03-15,37.131011962890625,RSI(2) acum > 180,5,0.20751872591688736,0.20715983631321816,20715.98361060583,120715.98361060582
EQ-200906,2007-08-10,52.064640045166016,1.475892547333146,5.565441131591797,0.39778141358116503,2.1879157066876824,Hammer,2007-08-17,52.17048263549805,2007-10-05,50.06612777709961,Stop loss (-3%),7,-0.040336120198485315,-0.04052391567068928,-4052.3915630165366,95947.60843698346
EQIX,2023-09-29,684.8156127929688,7.980885832187468,35.39300537109375,0.3073123875843064,1.0351250898234077,Hammer,2023-10-06,681.65673828125,2023-12-01,752.203857421875,RSI(2) acum > 180,8,0.10349361368964782,0.10347257875349197,10347.257866036758,110347.25786603676
EQR,2018-12-28,50.02817916870117,7.959284962394719,3.2249488830566406,0.28103113197169155,1.5952681978490972,Hammer,2019-01-04,50.08909606933594,2019-02-08,54.536048889160156,RSI(2) acum > 180,5,0.08878085589064155,0.08857237015881012,8857.237007023774,108857.23700702378
EQT,2015-10-02,34.00931167602539,9.841906537117595,3.358633041381836,0.2207405228375862,1.297220007252352,Hammer,2015-10-09,34.38249588012695,2015-11-06,32.67083740234375,Stop loss (-3%),4,-0.049782845426662004,-0.050066410295905674,-5006.641024583927,94993.35897541606
ES,2014-08-08,28.705371856689453,1.550727001554833,1.2345714569091797,0.16577600417753924,1.3625113003500824,Hammer,2014-08-15,28.731779098510742,2014-09-12,30.718971252441406,RSI(2) acum > 180,4,0.06916356091689657,0.068803540826645,6880.354075784146,106880.35407578414
ES,2022-02-18,68.804931640625,4.862773910102575,4.394805908203125,0.2797741807803679,1.473512026395961,Hammer,2022-02-25,68.92955017089844,2022-04-14,77.80408477783203,RSI(2) acum > 180,7,0.12874789672833753,0.12859349317515198,13744.118068658056,120624.47214444219
ES,2025-04-11,53.1949577331543,2.7847647132031454,4.8831329345703125,0.21856846894422555,1.560819364842224,Hammer,2025-04-17,53.57276153564453,2025-05-23,60.09022903442383,RSI(2) acum > 180,5,0.12165636625700005,0.12145836840253144,14650.8515614297,135275.32370587188
ESRX-201812,2006-06-16,17.020000457763672,0.9713770083007915,1.5249996185302734,0.303278514243833,1.2016878371382977,Hammer,2006-06-23,17.0,2006-08-11,19.237499237060547,RSI(2) acum > 180,7,0.13161760218003216,0.13099084016821796,13099.08400372271,113099.08400372272
ESRX-201812,2012-11-16,52.130001068115234,0.690763935297241,3.829998016357422,0.38903358628540924,1.1147596840208054,Hammer,2012-11-23,52.400001525878906,2013-03-15,58.68000030517578,RSI(2) acum > 180,16,0.1198473014584811,0.11964504525776208,13531.745010705094,126630.82901442781
ESRX-201812,2015-08-28,84.45999908447266,6.024634925747378,17.44000244140625,0.34403664908639764,3.816256938244827,Hammer,2015-09-04,84.02999877929688,2015-10-02,80.33000183105469,Stop loss (-3%),4,-0.04403185769358575,-0.04414823587950342,-5590.527703355498,121040.30131107233
ESY-199505,1993-10-01,42.30321502685547,3.046729559954514,1.792510986328125,0.3333333333333333,1.0746345935503117,Hammer,1993-10-08,42.78121566772461,1993-11-26,40.98870849609375,Stop loss (-3%),7,-0.04189939775328022,-0.04212822151949663,-4212.822147736841,95787.17785226316
ETFC-202010,2007-11-16,53.10152053833008,0.33770326455322675,25.672245025634766,0.24714832852265847,1.2252621699419837,Hammer,2007-11-23,53.10152053833008,2007-12-07,39.533302307128906,Stop loss (-3%),2,-0.25551468382919984,-0.2556789278145417,-25567.892755886278,74432.10724411374
ETN,1995-10-06,5.155681610107422,4.7428088337186125,0.2830085754394531,0.39130464084972166,1.2617770153439245,Hammer,1995-10-13,5.14337682723999,1996-09-27,5.976016998291016,RSI(2) acum > 180,50,0.16188589695416744,0.1597863168636857,15978.631670389936,115978.63167038995
ETN,1999-02-05,7.167067050933838,3.9347586591780583,0.8788862228393555,0.3604384431502888,1.9697866053671276,Hammer,1999-02-12,7.167067050933838,1999-04-16,8.253189086914062,RSI(2) acum > 180,9,0.15154344563285593,0.15004349908303036,17401.83969728543,133380.47136767537
ETN,1999-09-17,10.285185813903809,5.147377392444028,0.5616245269775391,0.1325287906728748,1.1800122992596482,Hammer,1999-09-24,10.285185813903809,1999-10-01,9.371698379516602,Stop loss (-3%),1,-0.08881584163042822,-0.08974448577395143,-11970.161803209114,121410.30956446627
ETN,2001-06-29,9.20322322845459,4.944709725489901,0.8034763336181641,0.37908572757938813,1.390315057734035,Hammer,2001-07-06,9.216351509094238,2001-08-17,10.100377082824707,RSI(2) acum > 180,6,0.09591925534287138,0.09478280628045589,11507.609840391378,132917.91940485765
ETN,2011-08-12,28.354785919189453,2.006794304942204,2.75341796875,0.31527157408228407,1.2450392429573227,Hammer,2011-08-19,28.646404266357422,2011-08-26,26.774620056152344,Stop loss (-3%),1,-0.06534098286127021,-0.06567860313969578,-8729.863270015852,124188.05613484178
ETN,2014-10-03,46.69218063354492,1.0034164658427045,3.342021942138672,0.3871675430976919,1.6148354476203015,Hammer,2014-10-10,46.780906677246094,2014-10-17,43.505428314208984,Stop loss (-3%),1,-0.07001741940650075,-0.0702236762387032,-8720.941838006085,115467.1142968357
ETR,1995-03-24,2.857961893081665,4.951844409595097,0.13690829277038574,0.2500004353618292,1.0638558516026961,Hammer,1995-03-31,2.857961893081665,1995-05-12,3.0734527111053467,RSI(2) acum > 180,6,0.0754001719005859,0.0717756036223358,7177.560355056019,107177.56035505602
ETR,1996-03-15,3.9813036918640137,2.015777167131702,0.16512298583984375,0.3333323707434274,1.1864630089772714,Hammer,1996-03-22,3.999650716781616,1996-04-19,3.816180467605591,Stop loss (-3%),4,-0.04587156783621793,-0.04831139164404077,-5177.897088588032,101999.663266468
ETR,1997-02-07,4.1296796798706055,5.2608182754811565,0.15438079833984375,0.375,1.038596233459077,Hammer,1997-02-14,4.141456604003906,1997-03-27,3.925551176071167,Stop loss (-3%),6,-0.05213272734139107,-0.05448156088613115,-5557.10085905985,96442.56240740816
ETR,1999-01-22,5.2724690437316895,6.632173005711564,0.25159120559692383,0.26087088367685385,1.158866849420096,Hammer,1999-01-29,5.283408164978027,1999-02-12,5.0843000411987305,Stop loss (-3%),2,-0.037685546443130935,-0.0395408442873405,-3813.420339010024,92629.14206839814
ETR,2000-01-28,4.30458927154541,2.880093397706247,0.42134904861450195,0.351351748972707,1.6832729654373402,Hammer,2000-02-04,4.30458927154541,2000-02-25,3.991406202316284,Stop loss (-3%),3,-0.0727556218427986,-0.0749916172668662,-6946.409162805079,85682.73290559307
ETR,2001-09-28,6.926023483276367,4.483126785889965,0.6154732704162598,0.3797454330496978,1.3655703286471106,Hammer,2001-10-05,6.927970886230469,2002-01-18,8.036724090576172,RSI(2) acum > 180,15,0.16004010734938,0.15848230468238814,13579.196968784687,99261.92987437776
ETR,2002-07-26,7.292697906494141,3.0496265079459306,1.0754485130310059,0.17810753758015838,2.1959403749434454,Hammer,2002-08-02,7.3824849128723145,2002-08-30,8.755809783935547,RSI(2) acum > 180,4,0.18602474468571728,0.18454519868970679,18318.31255267247,117580.24242705024
ETR,2003-11-21,10.932629585266113,8.100809058736758,0.4018115997314453,0.3854152327154487,1.1193182098175138,Hammer,2003-11-28,10.945185661315918,2003-12-26,11.75090217590332,RSI(2) acum > 180,4,0.07361378230751114,0.07266694275316787,8544.196736805861,126124.4391638561
ETR,2011-08-12,16.775117874145508,4.477362946737927,1.47174072265625,0.3415066561605773,2.0981231175274035,Hammer,2011-08-19,16.845979690551758,2011-11-04,18.674753189086914,RSI(2) acum > 180,11,0.1085584532409738,0.10793280461639453,13612.964436011855,139737.40359986798
ETR,2022-10-14,43.78229522705078,8.291206831103182,3.651073455810547,0.3920857333610558,1.3622467173840358,Hammer,2022-10-21,44.517765045166016,2022-11-18,49.01301956176758,RSI(2) acum > 180,4,0.10097664408895746,0.1007407000003595,14077.243840806212,153814.6474406742
ETS-200603,1996-01-19,186.29563903808594,9.79163280045887,19.14886474609375,0.2033898034965815,1.0779304372823184,Hammer,1996-01-26,186.29563903808594,1996-03-15,175.90982055664062,Stop loss (-3%),7,-0.055749122926715744,-0.05580130339391944,-5580.130333811814,94419.86966618818
ETS-200603,1996-07-19,160.33108520507812,7.767146041954533,26.289108276367188,0.3703704778560123,1.6247671661085894,Hammer,1996-07-26,160.6556396484375,1996-09-13,149.29615783691406,Stop loss (-3%),7,-0.0707070217788891,-0.07076706426914817,-6681.816978269915,87738.05268791826
ETS-200603,1997-10-31,150.59437561035156,7.89540593027759,23.043548583984375,0.2816905512050865,1.25464576132214,Hammer,1997-11-07,153.1908416748047,1997-11-14,151.24349975585938,Stop loss (-3%),1,-0.012711869049451097,-0.012776730083184881,-1121.0054160967798,86617.04727182149
ETS-200603,2000-04-07,152.54171752929688,5.400643035513241,43.81517028808594,0.09629628855732829,1.2946536516850597,Hammer,2000-04-14,157.0855255126953,2000-04-20,101.2617416381836,Stop loss (-3%),1,-0.3553719140723769,-0.35542426058024423,-30785.799949445412,55831.24732237607
EXC,1996-03-01,3.19661021232605,4.3601682859871715,0.18306565284729004,0.3846161860717109,1.543364032710473,Hammer,1996-03-08,3.182528257369995,1996-03-22,2.9853806495666504,Stop loss (-3%),2,-0.06194685226966856,-0.06498690868838307,-6498.690862339616,93501.3091376604
EXC,2001-07-27,8.179352760314941,4.438828852335249,1.1371979713439941,0.39130403790216434,1.9305593847603186,Hammer,2001-08-03,8.200542449951172,2001-08-17,7.8436994552612305,Stop loss (-3%),2,-0.043514559782818485,-0.04470673290979369,-4180.138050153297,89321.1710875071
EXC,2010-05-07,15.657919883728027,5.078313546604647,10.339353561401367,0.09733869490457034,7.32412617259327,Hammer,2010-05-14,16.125320434570312,2010-05-28,15.005705833435059,Stop loss (-3%),2,-0.06943208388807987,-0.07003051214743863,-6255.207350611903,83065.9637368952
EXC,2011-08-12,16.553150177001953,8.532279600764497,1.066819190979004,0.34294291019192036,1.6942480143086411,Hammer,2011-08-19,16.687297821044922,2012-04-13,15.968000411987305,Stop loss (-3%),34,-0.04310448682413315,-0.043690654029557865,-3629.206279631281,79436.75745726393
EXC,2012-09-14,15.390484809875488,3.2035657899243404,0.663752555847168,0.09677512051092321,1.2710591911472067,Hammer,2012-09-21,15.42474365234375,2012-11-09,13.870278358459473,Stop loss (-3%),7,-0.10077738268590808,-0.10139282473734673,-8054.317218513166,71382.44023875076
EXPD,2012-07-13,31.389368057250977,7.795556387014415,1.8665294647216797,0.3303569695043629,1.0361973325339946,Hammer,2012-07-20,31.314376831054688,2012-08-03,29.997804641723633,Stop loss (-3%),2,-0.042043697578085015,-0.042356276642634,-4235.627660027772,95764.37233997222
EXPD,2022-02-25,99.89996337890625,0.6347405713680558,6.884422302246094,0.24242454466368557,1.1128745397107747,Hammer,2022-03-04,98.8473892211914,2022-03-11,94.17242431640625,Stop loss (-3%),1,-0.047294773707416415,-0.04739354244946077,-4538.612841101827,91225.7594988704
EXPE,2008-09-19,13.940855979919434,6.265498234677537,2.679973602294922,0.15838515726529062,1.5782345435916507,Hammer,2008-09-26,13.72446060180664,2008-10-03,12.942109107971191,Stop loss (-3%),1,-0.05700417062164642,-0.0577117715557729,-5771.177149806112,94228.8228501939
EXR,2024-02-16,127.02334594726562,4.752981839631573,7.4202423095703125,0.33373501160822794,1.0130577149083984,Hammer,2024-02-23,126.42217254638672,2024-04-26,120.82842254638672,Stop loss (-3%),9,-0.044246589718647256,-0.044323936754529225,-4432.393671020529,95567.60632897948
EXR,2025-04-11,126.5263671875,6.125740675422875,16.804649353027344,0.2778401530178392,2.096550120162569,Hammer,2025-04-17,126.93278503417969,2026-01-23,145.54190063476562,RSI(2) acum > 180,40,0.1466060608027704,0.14652150733194125,14002.709717424932,109570.31604640442
F,2002-10-11,3.6152453422546387,2.968733104302345,0.803870439529419,0.23243240678155114,1.3858828202559563,Hammer,2002-10-18,3.6195905208587646,2002-12-06,5.12357234954834,RSI(2) acum > 180,7,0.415511594480789,0.41217947795537724,41217.947754319786,141217.9477543198
F,2018-12-28,5.338161945343018,3.4993570769203046,0.4306068420410156,0.36507915415348907,1.103667000546104,Hammer,2019-01-04,5.365501880645752,2019-04-12,6.383874893188477,RSI(2) acum > 180,14,0.1898001408248804,0.18776141130807636,26515.281145865993,167733.2289001858
F,2022-05-13,10.176614761352539,5.331736440778272,1.5227231979370117,0.3316828365663738,1.2098084880309323,Hammer,2022-05-20,10.169075965881348,2022-05-27,9.528326988220215,Stop loss (-3%),1,-0.06300955758526483,-0.06396148208873342,-10728.465905256191,157004.7629949296
FANG,2019-08-09,74.1617660522461,5.9940094787672535,8.90679931640625,0.2797935982566865,1.3679964190039777,Hammer,2019-08-16,73.88487243652344,2019-10-04,69.21240234375,Stop loss (-3%),7,-0.06323987493905048,-0.06337093215035663,-6337.09320869857,93662.90679130142
FAST,2012-04-27,8.260388374328613,3.963617600325236,0.4364891052246094,0.1746043190617271,1.0660543483902825,Hammer,2012-05-04,8.24300479888916,2012-05-11,7.6467695236206055,Stop loss (-3%),1,-0.07233227322018598,-0.07350083929997255,-7350.083922647169,92649.91607735284
FAST,2022-02-25,23.096416473388672,6.052259895529517,1.2385940551757812,0.11272752471588285,1.0218482525749373,Hammer,2022-03-04,22.970306396484375,2022-04-01,25.866365432739258,RSI(2) acum > 180,4,0.12607838076979805,0.12561569305976691,11638.283408347637,104288.19948570048
FBF-200403,1990-08-17,4.762345790863037,7.434584219483398,0.446469783782959,0.25000026700415995,1.0821065189332002,Hammer,1990-08-24,4.762345790863037,1990-08-31,4.353081703186035,Stop loss (-3%),1,-0.0859374992177615,-0.08794497107395739,-8794.497098601241,91205.50290139875
FBF-200403,1990-09-28,3.8094704151153564,2.817573797463524,0.8380837440490723,0.27272729858914685,1.9384931399902101,Hammer,1990-10-05,3.847564935684204,1990-10-19,3.6570916175842285,Stop loss (-3%),2,-0.04950490018594167,-0.05203632422729604,-4745.999115544775,86459.50378585397
FBF-200403,1994-10-07,12.859264373779297,3.52123115996811,0.9216537475585938,0.3809528736869118,1.4035992069228718,Hammer,1994-10-14,12.859264373779297,1994-10-28,12.113163948059082,Stop loss (-3%),2,-0.0580204593383703,-0.058775255525791555,-5081.67942256503,81377.82436328895
FBF-200403,1996-07-26,15.01084041595459,4.574788262011083,0.8550472259521484,0.16666629488434967,1.1582728860518685,Hammer,1996-08-02,15.01084041595459,1996-10-11,17.610612869262695,RSI(2) acum > 180,10,0.17319299794466425,0.17246936445571343,14035.181634689936,95413.00599797888
FBF-200403,1999-12-10,31.390361785888672,3.884369013527291,4.364152908325195,0.21686720659699232,1.6369863169237615,Hammer,1999-12-17,31.127460479736328,1999-12-23,30.286178588867188,Stop loss (-3%),1,-0.027027000529542322,-0.02734386803199272,-2608.960641935504,92804.04535604337
FBF-200403,2000-01-07,27.814910888671875,0.22484449594639955,3.2073917388916016,0.32786868673053055,1.2181556299232377,Hammer,2000-01-14,28.288131713867188,2000-01-28,25.606542587280273,Stop loss (-3%),2,-0.09479555432331244,-0.09513224459587466,-8828.657133469107,83975.38822257426
FBF-200403,2001-03-23,31.782997131347656,2.905553367807485,4.20256233215332,0.38284469170396207,1.4316386461901196,Hammer,2001-03-30,32.22259521484375,2001-09-10,30.440916061401367,Stop loss (-3%),24,-0.05529285091914726,-0.055594565511271905,-4668.57521720582,79306.81300536844
FBIN,2018-04-27,42.857276916503906,7.546576906657961,2.350818634033203,0.33012739897412263,1.0845741647852913,Hammer,2018-05-04,42.857276916503906,2018-07-06,40.27082061767578,Stop loss (-3%),9,-0.06035045819329943,-0.06057672353445072,-6057.672347387399,93942.32765261261
FBIN,2022-02-25,70.07109069824219,1.6305657609327824,6.032051086425781,0.11448801150470572,1.2558931503447082,Hammer,2022-03-04,69.01182556152344,2022-03-18,67.43486022949219,Stop loss (-3%),2,-0.02285065377129314,-0.022993890534947797,-2160.099596482274,91782.22805613033
FCN-199810,1994-10-07,24.872385025024414,3.101087371869639,1.7531204223632812,0.3125008159801554,1.79899698174979,Hammer,1994-10-14,24.981956481933594,1994-11-04,27.453733444213867,RSI(2) acum > 180,3,0.09894248931495042,0.09852248168200158,9852.24815834791,109852.24815834792
FCX,2002-07-26,4.181436061859131,2.2605051344715434,0.9891257286071777,0.39358602972405293,2.1458758581653536,Hammer,2002-08-02,4.181436061859131,2002-09-27,3.806548595428467,Stop loss (-3%),8,-0.08965519522113252,-0.0919367836373313,-9193.678354539454,90806.32164546056
FCX,2006-06-16,15.924073219299316,7.149819231844802,2.175961494445801,0.21212134493248558,1.1135933596159542,Hammer,2006-06-23,15.792197227478027,2006-09-08,20.34247398376465,RSI(2) acum > 180,11,0.2881344939366166,0.2874102722721694,26098.669602057344,116904.9912475179
FCX,2008-07-11,38.460323333740234,8.933486166637095,4.258899688720703,0.3781296884306885,1.0967140714302601,Hammer,2008-07-18,38.95294952392578,2008-07-25,37.47150802612305,Stop loss (-3%),1,-0.03803156156102627,-0.03828336747771525,-4475.516735432297,112429.47451208561
FCX,2008-08-08,30.528371810913086,0.29795510885355725,5.672309875488281,0.38892419577635473,1.3673113130676071,Hammer,2008-08-15,30.5212345123291,2008-09-12,27.26920509338379,Stop loss (-3%),4,-0.1065497340099939,-0.106859868931028,-12014.198898331626,100415.27561375397
FCX,2008-09-12,26.373201370239258,8.408648082255056,4.890537261962891,0.22773736861605662,1.138890838169142,Hammer,2008-09-19,24.91318130493164,2008-10-03,21.479095458984375,Stop loss (-3%),2,-0.13784212477382318,-0.13821577922565464,-13878.975551234907,86536.30006251906
FCX,2014-02-07,27.573505401611328,6.424100474101351,1.6535587310791016,0.05154791387187825,1.0811666843694703,Hammer,2014-02-14,27.616125106811523,2014-03-21,26.652969360351562,Stop loss (-3%),5,-0.03487657094305374,-0.03523229928892268,-3048.8728201098174,83487.42724240925
FCX,2014-10-03,28.036020278930664,0.42110637671744655,1.3445491790771484,0.3096771173348881,1.0509389884086036,Hammer,2014-10-10,28.15746307373047,2014-10-17,27.216154098510742,Stop loss (-3%),1,-0.03343017702819684,-0.03377932436978825,-2820.1488828002894,80667.27835960896
FCX,2014-11-07,24.8327693939209,7.237729347032456,1.4983787536621094,0.2573098670794392,1.0312383744332587,Hammer,2014-11-14,24.8765811920166,2014-12-05,23.404489517211914,Stop loss (-3%),3,-0.05917580327626015,-0.059565815506943155,-4805.012215410683,75862.26614419826
FCX,2018-10-26,10.480998992919922,3.2091813926480626,1.3762006759643555,0.3973511677688453,1.1442150076306254,Hammer,2018-11-02,10.645049095153809,2018-11-30,9.797455787658691,Stop loss (-3%),4,-0.07962324080599936,-0.08052482198277897,-6108.795470362969,69753.4706738353
FDC-200709,1998-09-04,6.032398223876953,2.1499264598994614,0.9777789115905762,0.25423703190020636,1.444560455949409,Hammer,1998-09-11,6.231268405914307,1998-10-16,5.655906677246094,Stop loss (-3%),5,-0.0923346084919272,-0.09386410118478411,-9386.410109092001,90613.589890908
FDC-200709,1999-08-20,12.209346771240234,5.098750922544795,1.2790746688842773,0.3766234444049278,1.4134591751786902,Hammer,1999-08-27,12.19273567199707,1999-09-10,11.711006164550781,Stop loss (-3%),2,-0.03950955063781725,-0.04031317948421983,-3652.92190932874,86960.66798157924
FDC-200709,2003-10-31,19.117496490478516,6.475191466484034,1.7618083953857422,0.2583580077839547,1.2974080287050005,Hammer,2003-11-07,19.117496490478516,2003-12-19,21.15241241455078,RSI(2) acum > 180,6,0.10644259435777892,0.1058918183136032,9208.423245126538,96169.09122670579
FDC-200709,2006-06-16,24.879547119140625,9.354771457321107,1.2488441467285156,0.23809552900784112,1.2338416118585773,Hammer,2006-06-23,24.86873435974121,2006-07-14,24.06884002685547,Stop loss (-3%),3,-0.032164657891905146,-0.03256022281063585,-3131.287034706619,93037.80419199917
FDO-201507,2003-03-07,23.499757766723633,2.0285940256243578,2.5360050201416016,0.10855244107801086,1.3585703210239526,Hammer,2003-03-14,23.357940673828125,2003-04-04,26.016454696655273,RSI(2) acum > 180,3,0.11381628457537496,0.1133638979700057,11336.389785664185,111336.38978566417
FDO-201507,2004-05-14,23.731372833251953,0.4935422121934607,2.1681346893310547,0.3696498807541301,1.1502658569386008,Hammer,2004-05-21,23.663881301879883,2004-06-18,28.12138557434082,RSI(2) acum > 180,4,0.18836742018761,0.1879051323016139,20920.679031738604,132257.06881740276
FDS,2022-01-28,392.695068359375,3.561148286699833,24.529144287109375,0.3449216256869183,1.2038221088980545,Hammer,2022-02-04,393.5239562988281,2022-05-13,357.14947509765625,Stop loss (-3%),14,-0.09243269849002633,-0.09245693517287996,-9245.693508042303,90754.30649195769
FDX,2011-08-12,53.60561752319336,3.619029418810399,4.515983581542969,0.23156377815207824,1.2833545126183283,Hammer,2011-08-19,54.08518600463867,2011-08-26,49.902244567871094,Stop loss (-3%),1,-0.07733987336955495,-0.07751760063106458,-7751.760055354698,92248.2399446453
FDX,2015-08-28,104.01854705810547,5.005209548882519,16.188209533691406,0.3048461675136593,2.925043525637083,Hammer,2015-09-04,103.64340209960938,2015-09-25,99.60929107666016,Stop loss (-3%),3,-0.03892298922291382,-0.03901759159839919,-3599.3041482320014,88648.93579641331
FDX,2022-02-25,161.961669921875,0.7468540194005726,11.982391357421875,0.15243009481992364,1.2315641366376293,Hammer,2022-03-04,159.36404418945312,2022-04-14,146.96946716308594,Stop loss (-3%),6,-0.07777524151955151,-0.07783554886368653,-6900.038566995499,81748.89722941781
FE,1993-05-21,4.787223815917969,8.567073445690838,0.27570390701293945,0.2727272727272727,1.5956077726602012,Hammer,1993-05-28,4.762159824371338,1993-07-23,5.065265655517578,RSI(2) acum > 180,8,0.06364881531170652,0.06148437265471648,6148.437259323211,106148.43725932321
FE,1993-10-15,5.036802768707275,7.629057870851838,0.18080806732177734,0.28571240196000863,1.2759770204952552,Hammer,1993-10-22,5.01097297668457,1993-11-12,4.546037197113037,Stop loss (-3%),3,-0.09278353360411662,-0.09468467668768303,-10050.630452751197,96097.806806572
FE,1999-02-05,9.035737037658691,4.693513068827826,0.44066619873046875,0.16666666666666666,1.1891304422802427,Hammer,1999-02-12,9.054329872131348,1999-02-19,8.663896560668945,Stop loss (-3%),1,-0.04312117152525352,-0.044201206613993606,-4247.6390095612915,91850.16779701071
FE,2002-07-12,10.567903518676758,3.045253776812558,1.1310138702392578,0.3750002108007562,1.6837871541129394,Hammer,2002-07-19,10.30282211303711,2002-07-26,9.648955345153809,Stop loss (-3%),1,-0.06346482164880851,-0.06440417389854419,-5915.534173493606,85934.63362351712
FE,2002-09-27,10.859936714172363,6.633047805139867,0.8656463623046875,0.3966944880224216,1.0434612142186364,Hammer,2002-10-04,10.709700584411621,2002-10-18,10.015751838684082,Stop loss (-3%),2,-0.06479627887427664,-0.06569933897655382,-5645.848618611561,80288.78500490557
FE,2003-02-14,10.708919525146484,1.6451021409809243,1.025477409362793,0.21428524929530704,1.4183809235622011,Hammer,2003-02-21,10.75653076171875,2003-05-30,13.333169937133789,RSI(2) acum > 180,14,0.23954184044032112,0.2385013091766804,19148.980316726025,99437.76532163158
FE,2017-09-29,21.534292221069336,2.3628297847933055,0.9219989776611328,0.22727263324044825,1.2282421235354086,Hammer,2017-10-06,21.597156524658203,2017-11-17,23.9135684967041,RSI(2) acum > 180,6,0.10725541435981034,0.10676767245035,10616.738746437994,110054.50406806957
FE,2024-12-20,37.44170379638672,8.689129823618188,1.4773406982421875,0.3757965895123891,1.187551172763538,Hammer,2024-12-27,37.4040641784668,2025-05-02,40.220115661621094,RSI(2) acum > 180,18,0.07528731288979751,0.07500993528647275,8255.181219875569,118309.68528794513
FFB-199512,1990-09-28,10.539704322814941,0.6022475226476587,1.1366338729858398,0.27272712017566014,1.0110070661240815,Hammer,1990-10-05,11.159687042236328,1990-10-19,10.436373710632324,Stop loss (-3%),2,-0.06481484013543237,-0.06568149459361097,-6568.14945279295,93431.85054720704
FFIV,2020-03-20,100.13999938964844,3.45670932188915,25.209999084472656,0.38952796713398347,2.5070725210295346,Hammer,2020-03-27,100.7699966430664,2020-05-15,148.19000244140625,RSI(2) acum > 180,7,0.470576633700847,0.47045405485113234,47045.40543806783,147045.40543806783
FG-199804,1997-10-31,20.129840850830078,8.600256145349945,4.721814155578613,0.05263148327641425,2.8600098224410617,Hammer,1997-11-07,20.50261688232422,1998-03-20,25.116621017456055,RSI(2) acum > 180,19,0.22504464486724496,0.2245021526172594,22450.215239275727,122450.21523927573
FHI,2004-07-30,9.831501007080078,1.0906432080131907,0.6785173416137695,0.2835045967754404,1.3921758240318123,Hammer,2004-08-06,9.817510604858398,2004-08-13,9.435301780700684,Stop loss (-3%),1,-0.03893133804903359,-0.039929590298810325,-3992.9590258880744,96007.04097411192
FHI,2008-10-24,8.990072250366211,1.6103105350905338,2.3492074012756348,0.3763254709848183,1.1643479312411904,Hammer,2008-10-31,9.081384658813477,2008-11-21,8.693975448608398,Stop loss (-3%),3,-0.0426597071658118,-0.04373678037277513,-4199.038861125717,91808.00211298621
FHN,2006-06-16,19.583961486816406,8.910164149711179,0.8531990051269531,0.30548911075243335,1.1569079517685987,Hammer,2006-06-23,19.56914710998535,2006-08-11,21.114728927612305,RSI(2) acum > 180,7,0.07898054058974835,0.07844948793930388,7844.948786085439,107844.94878608544
FHN,2007-03-16,20.903701782226562,5.9087620344859175,1.8466720581054688,0.24498754374150475,2.328723079752917,Hammer,2007-03-23,20.980310440063477,2007-04-20,20.428733825683594,Stop loss (-3%),4,-0.026290202709613242,-0.026760462561838717,-2885.980711587473,104958.96807449797
FHN,2007-09-28,13.98939323425293,3.3724097474517976,3.4002723693847656,0.39506159681655356,2.2944458960582614,Hammer,2007-10-05,13.98939323425293,2007-10-19,13.538122177124023,Stop loss (-3%),2,-0.03225808650685236,-0.03296113303432768,-3459.566506389713,101499.40156810827
FIS,2007-08-17,19.762107849121094,5.438103343565615,3.0017356872558594,0.3890406119303026,2.5097587129119794,Hammer,2007-08-24,19.762107849121094,2007-09-14,18.25712776184082,Stop loss (-3%),3,-0.07615483625382635,-0.07664146413546451,-7664.146405882306,92335.85359411768
FIS,2011-08-12,21.371665954589844,7.03295386437685,1.956024169921875,0.24902683516654966,1.9029224553692232,Hammer,2011-08-19,21.249889373779297,2011-08-26,20.709508895874023,Stop loss (-3%),1,-0.025429801934501395,-0.025894299811517266,-2390.972273927475,89944.8813201902
FIS,2014-10-17,43.211273193359375,2.2349924105992187,2.4109649658203125,0.3187921268314294,1.7855518083622053,Hammer,2014-10-24,42.903831481933594,2014-11-28,48.50244903564453,RSI(2) acum > 180,5,0.13049225116569052,0.13024399315241145,11714.780495046532,101659.66181523672
FISV,2003-03-14,7.340000152587891,6.694851257171763,0.7600002288818359,0.2993419649198537,1.0538468686733873,Hammer,2003-03-21,7.34499979019165,2003-06-13,8.802499771118164,RSI(2) acum > 180,12,0.198434312125213,0.19693877853685895,19693.877833992017,119693.87783399202
FISV,2007-08-10,11.760000228881836,0.6008369115496919,1.0625,0.32235268985523896,1.5784327937026825,Hammer,2007-08-17,11.824999809265137,2007-10-05,12.725000381469727,RSI(2) acum > 180,7,0.07610998619208598,0.07523250942975925,9004.870783825387,128698.7486178174
FISV,2011-03-18,15.005000114440918,9.044896470155408,0.5900001525878906,0.1567791678789642,1.0226230410053205,Hammer,2011-03-25,15.102499961853027,2011-08-12,13.852499961853027,Stop loss (-3%),20,-0.08276775389222579,-0.08340228384455044,-10733.769551927882,117964.97906588952
FISV,2011-08-12,13.7524995803833,4.007235035702152,1.2799997329711914,0.2695315148449124,1.8572067352966595,Hammer,2011-08-19,13.792499542236328,2011-08-26,13.1274995803833,Stop loss (-3%),1,-0.048214608223594246,-0.04892190500073917,-5771.071493504562,112193.90757238495
FISV,2016-10-28,49.165000915527344,9.493021235029843,3.9850006103515625,0.30740233036326253,2.2590653448484463,Hammer,2016-11-04,49.2400016784668,2016-12-02,53.60499954223633,RSI(2) acum > 180,4,0.08864739469898097,0.08843532775578773,9921.904978444512,122115.81255082948
FITB,1999-06-04,21.062015533447266,9.652156795110841,1.4325275421142578,0.2702710979326469,1.0654562141146258,Hammer,1999-06-11,21.21688461303711,1999-06-18,20.287677764892578,Stop loss (-3%),1,-0.04379563093695493,-0.044256524115089846,-4425.652407083333,95574.34759291666
FITB,2003-03-14,24.650516510009766,6.415381047435488,2.2547988891601562,0.31808277024169235,1.3373401835719476,Hammer,2003-03-21,24.512969970703125,2003-06-13,28.546890258789062,RSI(2) acum > 180,12,0.16456269040051485,0.164121266682934,15685.78297365873,111260.13056657538
FITB,2007-03-16,21.86903953552246,6.32871955531445,1.2893562316894531,0.38793095796708255,1.8718754097482924,Hammer,2007-03-23,21.86903953552246,2007-05-11,23.175344467163086,RSI(2) acum > 180,7,0.05973307284568952,0.059262256042624535,6593.5263383787005,117853.65690495407
FITB,2016-02-12,10.394489288330078,0.6844766061400236,1.0415458679199219,0.30872415624370503,1.2968366327306193,Hammer,2016-02-19,10.42944049835205,2016-03-18,12.093116760253906,RSI(2) acum > 180,4,0.15951730700843747,0.15848250437223038,18677.742677044982,136531.39958199902
FITB,2018-10-26,19.327600479125977,4.82021598383524,1.7414264678955078,0.24463504740917122,1.5790370257923325,Hammer,2018-11-02,19.581714630126953,2018-12-21,17.683334350585938,Stop loss (-3%),7,-0.09694658079738894,-0.09743238289721529,-13302.579588263452,123228.81999373557
FJ-200011,1994-04-08,14.345133781433105,1.0282661349441184,1.7419090270996094,0.3529414341120073,2.1270470718695806,Hammer,1994-04-15,14.345133781433105,1994-05-20,13.115550994873047,Stop loss (-3%),5,-0.08571427811649313,-0.08638127040765925,-8638.127032127799,91361.8729678722
FJ-200011,1997-10-31,37.45477294921875,4.6465696083949695,4.010906219482422,0.13235340273055396,1.6536716096797786,Hammer,1997-11-07,38.22156524658203,1997-11-14,35.86220932006836,Stop loss (-3%),1,-0.061728396293886933,-0.061981920458457226,-5662.784337567546,85699.08863030464
FJCC-200809,1993-06-18,1.9497630596160889,8.521385809872314,0.42799675464630127,0.33333342617616313,1.823788073158603,Hammer,1993-06-25,1.9973182678222656,1993-07-02,1.7595423460006714,Stop loss (-3%),1,-0.11904758778421842,-0.12374452443620608,-12374.452431246154,87625.54756875384
FL-202509,1993-06-25,14.285749435424805,7.799658204080515,0.8968629837036133,0.2857142857142857,1.1091343800348104,Hammer,1993-07-02,14.285749435424805,1993-07-16,13.452947616577148,Stop loss (-3%),2,-0.05829598388324886,-0.058975340842409976,-5897.534078343464,94102.46592165655
FL-202509,1998-08-07,7.889925956726074,4.153202772432749,1.0427212715148926,0.13333333333333333,1.152153677198203,Hammer,1998-08-14,7.820411205291748,1998-08-21,6.951476573944092,Stop loss (-3%),1,-0.11111111788593475,-0.11231801221554936,-10569.401906332536,83533.06401532401
FLIR-202105,2011-08-12,20.693078994750977,1.1042208580373511,1.8541545867919922,0.33962273855557645,1.03119098914605,Hammer,2011-08-19,20.780540466308594,2011-08-26,19.824642181396484,Stop loss (-3%),1,-0.04599968352420403,-0.04646972189526368,-4646.972184879396,95353.0278151206
FLIR-202105,2019-08-09,47.29262924194336,2.996512607809805,3.1151962280273438,0.33124915812546685,1.212115051610785,Hammer,2019-08-16,47.05898666381836,2019-09-20,51.22243118286133,RSI(2) acum > 180,5,0.08847288932900166,0.08825101342798138,8415.001329695886,103768.0291448165
FLMIQ-200408,1996-03-22,13.394322395324707,2.725674389037451,1.8984079360961914,0.3888889167974882,1.6969788783637225,Hammer,1996-03-29,13.394322395324707,1996-04-04,12.023249626159668,Stop loss (-3%),1,-0.1023622344377505,-0.10307034403821218,-10307.034393514183,89692.96560648583
FLR,2001-07-20,15.213720321655273,1.0213138213038064,2.3099756240844727,0.2334437708102395,1.164812089461555,Hammer,2001-07-27,15.20224666595459,2001-08-17,14.552087783813477,Stop loss (-3%),3,-0.042767289363692784,-0.043410809112411575,-4341.080906900077,95658.91909309992
FLR,2014-10-17,55.67215347290039,0.8295047849208999,4.096042633056641,0.36026162441455345,1.4892399677864203,Hammer,2014-10-24,55.4217414855957,2014-12-19,51.451866149902344,Stop loss (-3%),8,-0.0716302885705088,-0.07180424518961934,-6868.71647426619,88790.20261883372
FLS,2011-06-17,27.246562957763672,1.9930693818571399,1.972146987915039,0.30457565139515247,1.0249627348092363,Hammer,2011-06-24,27.00423240661621,2011-08-05,26.246435165405273,Stop loss (-3%),6,-0.028062165582061538,-0.028427214429939052,-2842.7214401511837,97157.27855984883
FLS,2016-10-28,34.924781799316406,9.396301170145762,4.211494445800781,0.39489301804861876,1.7717371352211304,Hammer,2016-11-04,35.106815338134766,2016-12-09,41.37027359008789,RSI(2) acum > 180,5,0.17841146203738534,0.17810125143718436,17303.832880436363,114461.11144028518
FLS,2019-12-06,41.924896240234375,8.875678759017475,2.681243896484375,0.3928567363616704,1.1239085256426846,Hammer,2019-12-13,41.890071868896484,2020-01-03,43.552894592285156,RSI(2) acum > 180,3,0.039694912164219165,0.03945148318544242,4515.660608857801,118976.772049143
FMC,1994-03-31,3.966432571411133,4.74573502848375,0.1565697193145752,0.333332825745659,1.3753167204962156,Hammer,1994-04-08,3.924680709838867,1994-07-01,4.373513698577881,RSI(2) acum > 180,12,0.11436165688939348,0.11167141076889371,11167.14106572223,111167.14106572224
FMC,1997-11-21,6.273226261138916,4.371345614044671,0.42795705795288086,0.2682923839904801,1.235587468795538,Hammer,1997-11-28,6.26278829574585,1997-12-12,6.054028511047363,Stop loss (-3%),2,-0.033333361250657556,-0.03490222936326119,-3879.981051253869,107287.16001446838
FMC,1998-06-26,5.740889072418213,2.693233162725818,0.27138710021972656,0.3076923076923077,1.0208225808981803,Hammer,1998-07-02,5.761765003204346,1998-07-24,5.354683876037598,Stop loss (-3%),3,-0.07065215727131424,-0.07232497369582312,-7759.54101818645,99527.61899628193
FMC,2011-08-12,24.668371200561523,7.255879835929676,2.2566146850585938,0.17903992507919764,1.309725398279453,Hammer,2011-08-19,24.87859344482422,2011-08-26,22.530006408691406,Stop loss (-3%),1,-0.09440192193105745,-0.0947848244411579,-9433.707884175328,90093.91111210661
FMC,2020-03-13,73.53657531738281,6.1095340755314,11.571178436279297,0.2692189897851031,2.114665150308994,Hammer,2020-03-20,63.531253814697266,2020-03-27,54.1356086730957,Stop loss (-3%),1,-0.14789012615752883,-0.14803587836690874,-13337.13125365377,76756.77985845285
FMC,2023-07-14,84.98661804199219,1.3099407688155367,7.90447998046875,0.27064946296339193,1.3505392064999544,Hammer,2023-07-21,84.78135681152344,2023-08-11,81.63105773925781,Stop loss (-3%),3,-0.037157922339801974,-0.037273674575861865,-2861.0072310740325,73895.77262737883
FMCC,1998-08-14,35.078033447265625,2.806917963232266,2.4946632385253906,0.3673460649794101,1.0388893406541397,Hammer,1998-08-21,34.874385833740234,1998-10-09,41.24041748046875,RSI(2) acum > 180,7,0.1825417564936589,0.18222888662735762,18222.888644512874,118222.88864451289
FMCC,2002-07-05,52.086891174316406,3.5259635010702652,3.3954849243164062,0.30226624694137555,1.2912108082836664,Hammer,2002-07-12,52.17241668701172,2002-07-19,49.178916931152344,Stop loss (-3%),1,-0.05737705757081801,-0.057563213101867135,-6805.289325757114,111417.59931875578
FMCC,2003-03-14,45.782081604003906,3.1369204162005673,3.7548866271972656,0.20390401098828534,1.3769123705942514,Hammer,2003-03-21,45.366512298583984,2003-05-02,50.69101333618164,RSI(2) acum > 180,6,0.11736632965201177,0.11713299311302693,13050.676880623138,124468.27619937892
FNMA,1990-08-24,4.787665843963623,1.03933445815872,1.01118803024292,0.32653074697670254,1.8000805850314696,Hammer,1990-08-31,5.117849826812744,1990-09-07,4.828938961029053,Stop loss (-3%),1,-0.05645161064907944,-0.05834855127300562,-5834.855121465707,94165.14487853428
FNMA,2002-07-05,62.009307861328125,2.788286125494807,4.148090362548828,0.3865028135998168,1.378528225224128,Hammer,2002-07-12,62.60310745239258,2002-07-19,60.058265686035156,Stop loss (-3%),1,-0.04065040650406504,-0.04080688380973865,-3842.5861221429686,90322.55875639131
FNMA,2005-09-30,41.0416145324707,0.021527323174538537,5.192008972167969,0.3862433084947401,2.044502187273215,Hammer,2005-10-07,41.0324592590332,2005-10-14,38.77983856201172,Stop loss (-3%),1,-0.05489850566355159,-0.0551354966383167,-4979.979129697198,85342.57962669412
FOX,2022-05-13,29.51970672607422,0.681342560516299,2.8415088653564453,0.2417945332464295,1.3634618684913324,Hammer,2022-05-20,29.47245979309082,2022-06-17,28.064510345458984,Stop loss (-3%),4,-0.04777169796875591,-0.048102837136739615,-4810.283708863679,95189.71629113631
FOXA,2022-05-13,32.08062744140625,0.8986153795286356,3.008747100830078,0.22712986148530856,1.2861210562865548,Hammer,2022-05-20,32.033172607421875,2022-06-17,30.172876358032227,Stop loss (-3%),4,-0.05807405567310653,-0.05837712007820262,-5837.712001982551,94162.28799801746
FOXA,2026-02-27,56.064979553222656,8.836416181883038,4.045158386230469,0.1869618846978633,1.0550858541609929,Hammer,2026-03-06,55.547515869140625,2026-04-24,65.0199966430664,RSI(2) acum > 180,7,0.170529331973029,0.1703339736442463,16039.0366660972,110201.32466411465
FRM-199612,1992-09-04,5.218835353851318,0.7325835458831449,0.5332293510437012,0.18439758804503056,1.083568891012002,Hammer,1992-09-11,5.291318893432617,1992-09-18,5.0738677978515625,Stop loss (-3%),1,-0.041095821280200395,-0.042945128523717194,-4294.512848077207,95705.4871519228
FRM-199612,1995-05-26,13.701169967651367,0.3668279197660098,1.2315664291381836,0.2500001935897029,1.499907198297753,Hammer,1995-06-02,13.547224044799805,1995-07-07,21.025146484375,RSI(2) acum > 180,5,0.5519892794897452,0.5510477405692498,52738.292402408144,148443.77955433095
FRO-199909,1999-08-13,47.25,5.724934433887839,9.125,0.1095890410958904,1.9832015026596188,Hammer,1999-08-20,47.5,1999-09-03,45.0,Stop loss (-3%),2,-0.052631578947368474,-0.05283654352173456,-5283.654346889802,94716.3456531102
FRX-201406,2007-08-10,38.95000076293945,1.5620031973557928,5.240001678466797,0.24809137798614625,1.8664130230895946,Hammer,2007-08-17,38.279998779296875,2007-09-21,36.869998931884766,Stop loss (-3%),5,-0.03683385298786068,-0.037090241418004,-3709.024138091376,96290.97586190864
FRX-201406,2010-05-07,26.56999969482422,1.4941465455264193,2.510000228881836,0.3824704797931249,1.6159778875767796,Hammer,2010-05-14,27.290000915527344,2010-05-28,26.139999389648438,Stop loss (-3%),2,-0.042140032513688364,-0.042498680599750864,-4092.239423701336,92198.7364382073
FRX-201406,2012-08-03,33.540000915527344,5.8066132976908165,2.789999008178711,0.1899637877086035,1.8436577298545676,Hammer,2012-08-10,33.5,2012-09-14,35.59000015258789,RSI(2) acum > 180,5,0.062388064256355014,0.06208029107858205,5723.724389437653,97922.46082764496
FSH-200611,2005-10-14,59.709999084472656,1.871436091498225,2.5100021362304688,0.3665343428847598,1.1631125765094215,Hammer,2005-10-21,59.52000045776367,2005-11-04,54.75,Stop loss (-3%),2,-0.08014113610682072,-0.08030240102484919,-8030.240094454679,91969.75990554532
FSLR,2011-10-28,53.9900016784668,6.679749185971588,18.490001678466797,0.3785829834808563,1.455764958979035,Hammer,2011-11-04,52.20000076293945,2011-11-11,49.5,Stop loss (-3%),1,-0.051724151790748185,-0.05191075037514972,-5191.075032323897,94808.9249676761
FTI-201701,2015-01-30,37.47999954223633,2.908816567255357,4.1100006103515625,0.3600971587470717,1.109026843752401,Hammer,2015-02-06,37.95000076293945,2015-03-20,36.400001525878906,Stop loss (-3%),6,-0.04084319383134816,-0.041101283248656445,-4110.128320755515,95889.87167924449
FTL-200004,1995-10-27,18.0,2.969913923844132,1.625,0.07692307692307693,1.1900354658137418,Hammer,1995-11-03,18.0,1995-11-10,17.0,Stop loss (-3%),1,-0.05555555555555558,-0.05609552901971676,-5609.552896362124,94390.44710363788
FTL-200004,1996-07-19,24.125,2.2896394531244653,2.5,0.35,1.8327794182094985,Hammer,1996-07-26,24.125,1996-08-23,27.25,RSI(2) acum > 180,4,0.1295336787564767,0.12909241607956903,12185.090859254284,106575.53796289217
FTL-200004,1998-06-19,32.8125,2.8278573869231707,2.4375,0.38461538461538464,1.316880443732753,Hammer,1998-06-26,32.8125,1998-07-31,30.75,Stop loss (-3%),5,-0.06285714285714283,-0.06315228155709599,-6730.4883738010485,99845.04958909113
FTRCQ-202104,2008-10-31,42.73017501831055,9.791776534298549,6.513404846191406,0.3793100822864506,1.0760546917593814,Hammer,2008-11-07,43.572425842285156,2008-11-28,40.25957107543945,Stop loss (-3%),3,-0.07603099214252884,-0.07625174508636043,-7625.174501010868,92374.82549898913
FTRCQ-202104,2011-10-07,46.75132369995117,7.212799048735377,6.042686462402344,0.27631570640899866,1.5650893316608443,Hammer,2011-10-14,47.22837829589844,2011-11-11,45.00212478637695,Stop loss (-3%),4,-0.04713804686608991,-0.047344771646699445,-4373.465014779884,88001.36048420925
FTV,2020-03-13,36.6501579284668,1.2860749756578826,7.114658355712891,0.36826223214740506,2.563428032369901,Hammer,2020-03-20,32.729270935058594,2020-03-27,27.206897735595703,Stop loss (-3%),1,-0.16872887912536705,-0.16900859684452862,-16900.859667552002,83099.140332448
FWLT-201412,1999-12-10,94.08031463623047,2.576828959042274,10.650604248046875,0.3333333333333333,1.1196358838176237,Hammer,1999-12-17,92.89691162109375,1999-12-31,81.06291198730469,Stop loss (-3%),2,-0.12738851515384464,-0.12748929948928886,-12748.92993617996,87251.07006382005
G-200509,1998-08-14,44.16294479370117,5.091562213578825,3.809051513671875,0.3913041301125666,1.3385748800305302,Hammer,1998-08-21,44.49416732788086,1998-08-28,42.506832122802734,Stop loss (-3%),1,-0.04466507240001372,-0.044884777064731686,-4488.4777019846915,95511.5222980153
G-200509,2002-07-05,31.694124221801758,9.622661285673871,2.566478729248047,0.3235295866299438,1.5830484274667198,Hammer,2002-07-12,31.9394474029541,2002-07-19,29.014419555664062,Stop loss (-3%),1,-0.09158041497673186,-0.09187912410150577,-8775.515001567568,86736.00729644774
GAP,1996-10-11,4.650206565856934,5.750825595174348,0.5032691955566406,0.08000041689090344,1.163763544745221,Hammer,1996-10-18,4.650206565856934,1997-06-13,5.614428520202637,RSI(2) acum > 180,34,0.20735034899853266,0.20497950860963537,20497.950840465586,120497.95084046558
GAP,1998-09-04,13.077407836914062,5.839220689401628,2.7957534790039062,0.33879777319925225,2.243644001105277,Hammer,1998-09-11,14.055157661437988,1998-10-02,13.24128532409668,Stop loss (-3%),3,-0.05790559999012068,-0.05859623748038731,-7060.726536287231,113437.22430417834
GAP,2002-07-26,6.809788227081299,7.732819833942031,1.8308281898498535,0.11585365377227652,1.9175459153237608,Hammer,2002-08-02,6.92142391204834,2002-08-09,6.285099983215332,Stop loss (-3%),1,-0.09193540764427666,-0.0933127883941298,-10585.143696928088,102852.08060725025
GAP,2006-06-30,10.027653694152832,5.997052186582181,0.4703998565673828,0.20709173846933604,1.012449625381982,Hammer,2006-07-07,10.10257339477539,2006-07-14,9.595426559448242,Stop loss (-3%),1,-0.05019976747601973,-0.05116429187587814,-5262.353866968344,97589.7267402819
GAP,2011-08-12,10.457988739013672,7.254286070511654,0.925933837890625,0.23972512441910288,1.1166007067810082,Hammer,2011-08-19,10.553118705749512,2011-08-26,10.185281753540039,Stop loss (-3%),1,-0.03485575804326635,-0.035786389861644466,-3492.384004126694,94097.34273615522
GAPTQ-201203,1993-10-01,18.361480712890625,3.7269830023853245,2.0110206604003906,0.39130405916798344,1.5100399170693153,Hammer,1993-10-08,18.186609268188477,1994-01-28,16.96017837524414,Stop loss (-3%),16,-0.06743592908709906,-0.06796709816687155,-6796.709809890444,93203.29019010956
GAPTQ-201203,1996-07-19,21.25341796875,1.0576303997810044,2.490489959716797,0.35506236339101227,1.606914418675175,Hammer,1996-07-26,21.1610107421875,1996-08-09,20.421762466430664,Stop loss (-3%),2,-0.034934450190653665,-0.03539865328819164,-3299.2709514591306,89904.01923865043
GAPTQ-201203,2000-02-11,20.20276641845703,5.588687140778603,1.4499588012695312,0.333332456366516,1.0041918854657594,Hammer,2000-02-18,20.106101989746094,2000-02-25,19.236125946044922,Stop loss (-3%),1,-0.043269254485272746,-0.04375573472551819,-3933.8164126304564,85970.20282601999
GAS-201112,1993-10-29,12.610054969787598,6.43917770229794,0.6137638092041016,0.3636357986133771,1.333954398091316,Hammer,1993-11-05,12.777444839477539,1993-11-12,12.219477653503418,Stop loss (-3%),1,-0.043668134981902695,-0.04443337664325373,-4443.337659882036,95556.66234011795
GAS-201112,1995-11-17,12.719301223754883,3.5682077570903203,0.5530128479003906,0.3333333333333333,1.1365577798462783,Hammer,1995-11-24,12.657855033874512,1996-01-05,13.678729057312012,RSI(2) acum > 180,6,0.08065142322340346,0.07982986622947999,7628.27556431893,103184.93790443688
GAS-201112,1997-04-04,16.431264877319336,1.398289693775837,1.233968734741211,0.31579012450634125,1.7182894178907788,Hammer,1997-04-11,16.36631965637207,1997-05-09,17.730178833007812,RSI(2) acum > 180,4,0.08333328477454827,0.08269700946855502,8533.085778362394,111718.02368279926
GAS-201606,2013-12-06,41.73225402832031,6.57714654078714,1.3291664123535156,0.24657538178071536,1.0095225339761835,Hammer,2013-12-13,41.87791442871094,2014-04-25,47.6298942565918,RSI(2) acum > 180,19,0.13735115290119082,0.1370959950185487,13709.599488145268,113709.59948814528
GAS-201606,2014-08-08,47.62485122680664,6.6737063426153185,2.902820587158203,0.18399988435614628,1.8461077558968435,Hammer,2014-08-15,47.699161529541016,2014-09-12,50.89925003051758,RSI(2) acum > 180,4,0.0670889885348338,0.06687233144221782,7604.02601752907,121313.62550567434
GCO,1993-03-05,9.042213439941406,8.416794156473898,1.5823869705200195,0.35714264189969824,2.0454122478456833,Hammer,1993-03-12,9.155241012573242,1993-04-02,8.703129768371582,Stop loss (-3%),3,-0.04938277906400923,-0.05044749844107502,-5044.749839062753,94955.25016093726
GD,1997-10-31,11.391783714294434,5.602476845014138,0.8574466705322266,0.11224471637129657,1.5525072248998315,Hammer,1997-11-07,11.46177864074707,1997-12-05,12.161734580993652,RSI(2) acum > 180,4,0.06106870165492562,0.06016998861343943,6016.998855326945,106016.99885532695
GD,2005-12-09,35.86323165893555,4.695439638528086,1.0652732849121094,0.3194034126515192,1.0017811890766994,Hammer,2005-12-16,35.85369110107422,2006-03-10,40.56968688964844,RSI(2) acum > 180,12,0.13153445694836474,0.1312372438611749,13913.378718293065,119930.37757362002
GD,2007-08-10,50.35999298095703,8.559226020535519,6.377239227294922,0.31562878531842287,2.893517485118755,Hammer,2007-08-17,51.71491241455078,2007-09-28,53.85151672363281,RSI(2) acum > 180,6,0.04131505226103527,0.04111770901769235,4931.2623625228225,124861.63993614283
GD,2012-08-03,46.39098358154297,8.127406171428433,2.2423553466796875,0.34098363444591884,1.097864597643124,Hammer,2012-08-10,46.63359832763672,2012-12-28,52.68906784057617,RSI(2) acum > 180,20,0.12985207511535246,0.12962373934289273,16185.03265282367,141046.6725889665
GDW-200609,1990-08-24,3.8277018070220947,7.151157782134902,0.38086605072021484,0.20000025039625208,1.0992170755777373,Hammer,1990-08-31,3.9419615268707275,1990-09-28,3.6372690200805664,Stop loss (-3%),4,-0.07729464245482809,-0.07973032031038287,-7973.032023065256,92026.96797693474
GDW-200609,2002-07-26,29.465476989746094,0.6224423833792798,2.7746639251708984,0.32743347015204954,1.7345762136334066,Hammer,2002-08-02,30.079341888427734,2002-10-11,28.759416580200195,Stop loss (-3%),10,-0.04388145568887425,-0.04420656144514523,-4068.1958104145824,87958.77216652017
GDW-200609,2005-10-14,57.73891067504883,9.823671581349089,3.21490478515625,0.19195080971275605,1.1661457535673065,Hammer,2005-10-21,58.236572265625,2005-11-18,62.88966751098633,RSI(2) acum > 180,4,0.07989988188415209,0.07972132387129499,7012.189756196412,94970.96192271658
GE,1990-09-28,9.463715553283691,1.1478404977827523,0.9984645843505859,0.26086902535516915,1.6339393297087998,Hammer,1990-10-05,9.463715553283691,1990-11-02,8.812541961669922,Stop loss (-3%),4,-0.06880739260890267,-0.06982716799265126,-6982.71679228241,93017.2832077176
GE,1994-04-22,18.47051239013672,0.5588374478150229,0.6253032684326172,0.3846156192521329,1.0051050799912358,Hammer,1994-04-29,18.446462631225586,1994-07-01,17.700908660888672,Stop loss (-3%),9,-0.040417178363230666,-0.04094818852237127,-3808.889244819531,89208.39396289806
GE,1996-07-19,33.62912368774414,4.867715620546207,2.4569225311279297,0.3124998544407224,1.7526919444253017,Hammer,1996-07-26,33.424381256103516,1996-10-04,37.55448913574219,RSI(2) acum > 180,10,0.12356572431343027,0.12324810465603292,10994.765464341108,100203.15942723918
GE,1997-10-31,54.15462112426758,6.56191321068124,7.1228485107421875,0.3382352941176471,1.9610704838393864,Hammer,1997-11-07,55.41159439086914,1997-12-05,62.377323150634766,RSI(2) acum > 180,4,0.12570886718454455,0.12551707365315304,12577.207329530207,112780.36675676939
GE,2001-01-12,119.77009582519531,5.7031289748915555,10.649871826171875,0.38461566014757503,1.023826884784687,Hammer,2001-01-19,119.77009582519531,2001-03-16,113.13092041015625,Stop loss (-3%),8,-0.055432663464918264,-0.05551383924370339,-6260.871143720335,106519.49561304906
GE,2001-03-23,105.21176147460938,2.1264773567363733,14.943809509277344,0.37147823956011977,1.4909889360801467,Hammer,2001-03-30,106.55354309082031,2001-05-04,131.52127075195312,RSI(2) acum > 180,5,0.23432095204803938,0.23421611198138492,24948.582087757954,131468.07770080704
GE,2011-08-12,57.50489044189453,5.637066153259568,4.7437896728515625,0.35114462074888464,1.2237741249171932,Hammer,2011-08-19,58.5550422668457,2011-08-26,56.30988693237305,Stop loss (-3%),1,-0.03834264732046622,-0.03851013843528981,-5062.853867016664,126405.22383379037
GE,2017-05-19,123.13001251220703,7.286712394822331,5.179801940917969,0.19491639012736273,1.368952206960934,Hammer,2017-05-26,123.92015075683594,2017-07-07,120.22896575927734,Stop loss (-3%),6,-0.02978680202545647,-0.02986629408925231,-3775.255585662492,122629.96824812789
GEB-199408,1992-05-08,29.185293197631836,1.6703914120807752,1.4036998748779297,0.2083327105495942,1.1262442142272806,Hammer,1992-05-15,29.360755920410156,1992-10-02,33.26170349121094,RSI(2) acum > 180,20,0.13286264091344568,0.13249948618201401,13249.948604951453,113249.94860495145
GEN,2004-12-23,9.019186973571777,8.002284115204404,0.8603239059448242,0.23966900007205288,1.0139814724603209,Hammer,2004-12-31,9.17560863494873,2005-01-14,8.461041450500488,Stop loss (-3%),2,-0.07787681590151374,-0.07892365454834463,-7892.3654469421,92107.63455305791
GEN,2011-08-12,5.968945503234863,2.186618484621576,0.526148796081543,0.2635130603744379,1.3972215854510521,Hammer,2011-08-19,5.993831157684326,2011-08-26,5.599218845367432,Stop loss (-3%),1,-0.06583640778919608,-0.06744852483447517,-6212.524070384165,85895.11048267376
GEN,2013-06-07,7.888677597045898,3.1273164365533006,0.4088320732116699,0.32173952597613903,1.0073868739361596,Hammer,2013-06-14,7.881567478179932,2013-07-19,8.536080360412598,RSI(2) acum > 180,5,0.08304349154463009,0.0817228640997322,7019.594433787435,92914.7049164612
GEN,2016-01-22,7.440931797027588,9.409546785234397,0.6993789672851562,0.3661202260306101,1.7837122479960188,Hammer,2016-01-29,7.42946720123291,2016-03-24,9.140371322631836,RSI(2) acum > 180,8,0.2302862473253806,0.2287862835842294,21257.610006904877,114172.31492336607
GEN,2022-05-06,22.572355270385742,1.6593482847608527,1.8368606567382812,0.38805911256391196,1.1603826400399573,Hammer,2022-05-13,22.19767189025879,2022-06-17,20.625328063964844,Stop loss (-3%),5,-0.07083372680105027,-0.07126817142166501,-8136.852103429925,106035.46281993613
GENZ-201104,2002-02-01,46.54999923706055,1.7487296832213417,8.19000244140625,0.28449342325893356,1.4014733502162404,Hammer,2002-02-08,46.45000076293945,2002-02-15,43.369998931884766,Stop loss (-3%),1,-0.06630789624253552,-0.0665160215328165,-6651.602146630046,93348.39785336996
GEV,2025-11-07,574.0662231445312,7.079742670189958,54.06982421875,0.3348715401634533,1.0759571160118084,Hammer,2025-11-14,585.2355346679688,2025-11-28,558.4052124023438,Stop loss (-3%),2,-0.0458453403395046,-0.04586488188611884,-4586.488184484086,95413.51181551591
GHC,2014-04-17,361.30462646484375,7.519293653964411,21.644012451171875,0.28108472415898345,1.2869758481470759,Hammer,2014-04-25,360.7479553222656,2014-06-20,375.1358947753906,RSI(2) acum > 180,8,0.03988363410201967,0.03985536151819185,3985.536147833649,103985.53614783364
GIC-200001,1999-02-19,31.5,9.001927628781502,5.25,0.38095238095238093,1.2980948006831343,Hammer,1999-02-26,31.375,1999-03-05,29.75,Stop loss (-3%),1,-0.05179282868525892,-0.05210325047801146,-5210.325042590821,94789.67495740917
GILD,2014-10-17,69.14649200439453,9.342176356101206,8.812313079833984,0.2975081111382865,2.0968386250151614,Hammer,2014-10-24,69.4210205078125,2015-01-02,65.93452453613281,Stop loss (-3%),10,-0.050222482270875335,-0.05036290350656388,-5036.290345620098,94963.70965437991
GILD,2016-01-22,63.77608108520508,4.895267414307767,4.819843292236328,0.200288406821407,1.1092791129389683,Hammer,2016-01-29,63.56772994995117,2016-02-05,57.17137145996094,Stop loss (-3%),1,-0.10062272941044592,-0.10077211557587278,-9569.693915235104,85394.0157391448
GIS,2000-07-21,7.839108943939209,2.817408925744857,0.5549812316894531,0.2,1.2016112057559183,Hammer,2000-07-28,7.755861759185791,2000-08-25,7.3535003662109375,Stop loss (-3%),4,-0.05187836058298867,-0.05313345421811968,-5313.345416498623,94686.65458350137
GIS,2003-10-17,10.764477729797363,4.344683448381005,0.39226722717285156,0.398772737660519,1.1216300196058522,Hammer,2003-10-24,10.757258415222168,2004-03-12,11.500816345214844,RSI(2) acum > 180,20,0.06912150859372268,0.06816022266805352,6453.86345365066,101140.51803715204
GIS,2016-09-23,45.078399658203125,4.707813107385874,1.6873893737792969,0.3801654387245981,1.0457092361353002,Hammer,2016-09-30,44.93894577026367,2016-10-21,43.8995361328125,Stop loss (-3%),3,-0.023129372966709694,-0.023349299209627715,-2361.5602155046518,98778.95782164739
GIS,2021-01-15,46.28471755981445,1.0420045080122122,2.2302894592285156,0.15867081040678552,1.0462560683725268,Hammer,2021-01-22,46.597450256347656,2021-04-01,50.259735107421875,RSI(2) acum > 180,10,0.07859410398909827,0.07837109059682425,7741.414644758794,106520.37246640617
GIS,2023-10-06,55.92072677612305,0.05692155105406016,2.7157363891601562,0.2882497043182182,1.1275681913195335,Hammer,2023-10-13,56.019161224365234,2023-11-10,58.79327392578125,RSI(2) acum > 180,4,0.04952078254626624,0.04933786853758173,5255.488128066299,111775.86059447247
GL,1998-10-09,10.424854278564453,2.88905150903382,1.317220687866211,0.3571429605721377,1.5314749161555543,Hammer,1998-10-16,10.349584579467773,1998-11-06,13.214097023010254,RSI(2) acum > 180,3,0.2767755963099523,0.27567619170379143,27567.619142811527,127567.61914281151
GL,1999-04-01,11.074050903320312,6.746525951931517,0.8337602615356445,0.3333329520589389,1.091280501610576,Hammer,1999-04-09,11.13818645477295,1999-04-16,10.634106636047363,Stop loss (-3%),1,-0.04525690252829062,-0.04613400491969608,-5885.205163243178,121682.41397956833
GL,2001-12-14,13.542659759521484,5.939086834624632,0.7735633850097656,0.36529698942229455,1.135374233895157,Hammer,2001-12-21,13.454353332519531,2002-03-15,14.53394603729248,RSI(2) acum > 180,12,0.0802411441182791,0.07946835768020725,9669.901587849487,131352.31556741783
GL,2002-06-28,13.555368423461914,2.2104641771155684,0.7203502655029297,0.26108305906463564,1.269110765947743,Hammer,2002-07-05,13.484396934509277,2002-07-19,12.48530387878418,Stop loss (-3%),2,-0.07409252787332432,-0.0748063876112641,-9825.992222147346,121526.32334527047
GL,2003-02-14,12.703897476196289,5.41515998186361,0.7327795028686523,0.2682921750447373,1.0996049561887693,Hammer,2003-02-21,12.703897476196289,2003-08-01,14.62034797668457,RSI(2) acum > 180,23,0.15085531854135303,0.15000911794741076,18230.0565541858,139756.37989945628
GL,2011-08-12,21.10359764099121,3.369372031644488,2.615327835083008,0.36830405816866435,2.141785200531993,Hammer,2011-08-19,21.25537872314453,2011-08-26,21.091922760009766,Stop loss (-3%),1,-0.007690098833985082,-0.008158648789540802,-1140.2232185570801,138616.1566808992
GL,2014-10-17,46.53948974609375,0.8235158159505716,1.8049774169921875,0.28140560144051535,1.4233486545889107,Hammer,2014-10-24,46.46692657470703,2015-07-02,53.05859375,RSI(2) acum > 180,36,0.1418571801751347,0.1416267338241821,19631.753506345078,158247.91018724427
GLK-200507,1994-05-20,41.52900695800781,0.7246823121731438,4.452991485595703,0.1521735592058767,1.4200863423291337,Hammer,1994-05-27,41.72261428833008,1994-08-05,45.9645881652832,RSI(2) acum > 180,10,0.10167085522585806,0.10141902308890628,10141.902298748726,110141.90229874873
GLK-200507,1996-07-19,44.864349365234375,0.42080409052796597,4.033855438232422,0.21951277175018039,1.6484991674523024,Hammer,1996-07-26,44.66757583618164,1996-10-11,42.90896224975586,Stop loss (-3%),11,-0.03937114458316471,-0.039590588931147565,-4360.582773643795,105781.31952510493
GLW,1993-08-13,5.407942295074463,1.1265732063873486,0.42249536514282227,0.1999995485515842,1.4630427955369383,Hammer,1993-08-20,5.407942295074463,1993-10-15,4.694008827209473,Stop loss (-3%),8,-0.1320157333252684,-0.13374121289335325,-13374.121275961199,86625.8787240388
GLW,1995-10-06,4.777357578277588,6.79620866000171,0.7777090072631836,0.3714283612123798,2.551506149231243,Hammer,1995-10-13,4.777357578277588,1995-10-20,4.6218156814575195,Stop loss (-3%),1,-0.032558144177297854,-0.03461512321286734,-2998.5654624569406,83627.31326158188
GLW,1997-01-31,7.31946325302124,6.344618733534318,0.4622817039489746,0.3333329895046288,1.208093746925906,Hammer,1997-02-07,7.29378080368042,1997-03-21,9.238176345825195,RSI(2) acum > 180,6,0.2665826674094236,0.2650299542040437,22163.742981760523,105791.0562433424
GLW,2006-06-16,14.417608261108398,5.577697858365838,1.641770362854004,0.309523961659486,1.1365466646121525,Hammer,2006-06-23,14.463213920593262,2006-08-04,12.52826976776123,Stop loss (-3%),6,-0.13378383002943672,-0.13442876664020736,-14221.361198135968,91569.69504520643
GLW,2007-08-10,15.277584075927734,9.081877770858597,1.035879135131836,0.3647797178783242,1.0840076919523236,Hammer,2007-08-17,15.694540977478027,2007-08-24,15.134254455566406,Stop loss (-3%),1,-0.035699452613213944,-0.03632504432643818,-3326.273228149278,88243.42181705715
GLW,2012-08-03,7.898536682128906,0.6865338971494026,0.647763729095459,0.22580585796111624,1.1299757855265185,Hammer,2012-08-10,7.947292804718018,2012-09-21,9.19740104675293,RSI(2) acum > 180,6,0.15729988472209921,0.15594348353209145,13760.986583182665,102004.40840023982
GLW,2018-10-26,25.01483154296875,3.2234533015877815,3.040250778198242,0.32439630180549534,2.157651852194141,Hammer,2018-11-02,25.50387954711914,2018-12-28,23.264554977416992,Stop loss (-3%),8,-0.08780329147826049,-0.0881781014939238,-8994.555067749443,93009.85333249038
GLW,2023-10-27,25.019075393676758,0.21830858482013582,1.8724327087402344,0.33165833752676493,1.321400270713277,Hammer,2023-11-03,25.179031372070312,2023-12-22,28.816829681396484,RSI(2) acum > 180,7,0.1444772936484513,0.1440515323273257,13398.21188068685,106408.06521317722
GM,2014-02-07,26.805967330932617,6.358755315133337,1.5626277923583984,0.16864587491013308,1.1206719144988362,Hammer,2014-02-14,26.657499313354492,2014-03-21,25.56856346130371,Stop loss (-3%),5,-0.04084913739471663,-0.04121653559688433,-4121.65355556678,95878.34644443323
GM,2014-10-17,23.036466598510742,9.273535271724356,1.6378440856933594,0.3395357178625414,1.248648183601561,Hammer,2014-10-24,23.021230697631836,2014-12-05,25.375158309936523,RSI(2) acum > 180,6,0.1022502942271819,0.10179380390494196,9759.821586934904,105638.16803136814
GNW,2006-05-19,30.9776611328125,6.6386174612617594,1.5888404846191406,0.10179589680796149,1.3380108877692163,Hammer,2006-05-26,31.881488800048828,2006-07-14,33.179901123046875,RSI(2) acum > 180,7,0.04072621360756701,0.040406215029736195,4040.6214989329983,104040.62149893299
GNW,2008-07-18,15.906693458557129,0.23276022550477649,2.607013702392578,0.21052679711975042,1.431714230472973,Hammer,2008-07-25,15.867490768432617,2008-08-29,14.956016540527344,Stop loss (-3%),5,-0.05744287116388902,-0.05805479690294813,-6040.057144736997,98000.564354196
GNW,2011-08-12,6.400000095367432,0.6751828082788904,1.549999713897705,0.29032251117875707,1.4819883365068953,Hammer,2011-08-19,6.440000057220459,2011-09-16,5.699999809265137,Stop loss (-3%),4,-0.11490686977954945,-0.11636931594982429,-11404.258625190265,86596.30572900575
GNW,2013-08-23,12.279999732971191,6.629567999117455,0.9849996566772461,0.32994915994334106,1.2894083428828496,Hammer,2013-08-30,12.279999732971191,2013-09-06,12.020000457763672,Stop loss (-3%),1,-0.021172579874691233,-0.02197796345757174,-1903.2104409695885,84693.09528803617
GOOG,2014-12-19,25.521791458129883,7.950626912062617,1.6854686737060547,0.1979469734776857,1.5719418699840175,Hammer,2014-12-26,25.508447647094727,2015-01-16,24.46355438232422,Stop loss (-3%),3,-0.04096263634802233,-0.041346558856408845,-4134.655881506229,95865.34411849377
GOOG,2018-11-02,52.42726516723633,2.4156578292320035,5.016273498535156,0.38780717057063724,1.732509031282963,Hammer,2018-11-09,52.28898239135742,2018-12-28,48.26942443847656,Stop loss (-3%),7,-0.07687198658402716,-0.07705586319137976,-7386.986833802212,88478.35728469156
GOOGL,2008-09-12,10.855841636657715,6.775833389719409,1.1548871994018555,0.3281785849063615,1.2148579774646389,Hammer,2008-09-19,10.51701545715332,2008-10-10,9.276305198669434,Stop loss (-3%),3,-0.11797170628288822,-0.11886603508395342,-11886.603496508738,88113.39650349125
GOOGL,2014-12-19,25.773460388183594,6.47080705220516,1.396615982055664,0.18914164830947694,1.2821973473528951,Hammer,2014-12-26,25.80171012878418,2015-01-16,24.74260139465332,Stop loss (-3%),3,-0.041048005300599266,-0.041427548447502426,-3650.321998872053,84463.07450461919
GOOGL,2018-11-02,53.10361862182617,3.067523923264446,5.036834716796875,0.3674112525523033,1.663632058165501,Hammer,2018-11-09,53.1551628112793,2018-11-30,51.7411994934082,Stop loss (-3%),3,-0.02660067701967528,-0.026786285868352504,-2262.4520567382333,82200.62244788096
GP-200512,2000-02-11,32.893157958984375,1.935744202811037,4.111644744873047,0.3866667037778229,1.124052315634057,Hammer,2000-02-18,32.893157958984375,2000-02-25,30.152061462402344,Stop loss (-3%),1,-0.08333333333333337,-0.08362463637058194,-8362.463628695732,91637.53637130426
GP-200512,2004-02-06,26.862390518188477,9.288386859228453,2.0039443969726562,0.2619050791704897,1.3440462864400529,Hammer,2004-02-13,26.934280395507812,2004-03-05,30.85862159729004,RSI(2) acum > 180,3,0.14570061439015625,0.14530236681581707,13315.15091060588,104952.68728191013
GPC,2022-02-25,108.369873046875,2.392882287506822,9.620307922363281,0.28557765436142346,1.6190898245506422,Hammer,2022-03-04,106.77232360839844,2022-08-05,135.22235107421875,RSI(2) acum > 180,22,0.2664550747267105,0.2663489447452625,26634.894447891355,126634.89444789136
GPC,2023-06-02,139.60232543945312,5.1101030642624465,11.352035522460938,0.28012129570263195,1.5606687221686641,Hammer,2023-06-09,139.72976684570312,2023-09-29,133.83998107910156,Stop loss (-3%),16,-0.04215126024725546,-0.04222131613899774,-5346.691907366338,121288.20254052503
GPC,2023-10-06,131.97116088867188,3.0010071198316552,5.9316558837890625,0.39227549731566586,1.036618882014421,Hammer,2023-10-13,132.3009490966797,2023-10-27,117.46953582763672,Stop loss (-3%),2,-0.1121036044738033,-0.11217495033573993,-13605.498082689064,107682.70445783598
GPC,2025-04-11,110.35557556152344,5.436955007301563,10.858406066894531,0.13932996213550417,1.6013205993265067,Hammer,2025-04-17,111.49504089355469,2025-09-19,137.16217041015625,RSI(2) acum > 180,22,0.23020870983047748,0.23010870050797153,24778.72716519786,132461.43162303383
GPU-200111,1996-12-13,24.224361419677734,8.5915453529756,1.2158946990966797,0.38461502261250957,1.560194915195353,Hammer,1996-12-20,24.317890167236328,1997-05-16,26.40667152404785,RSI(2) acum > 180,21,0.08589484295088035,0.08546605039608754,8546.605031062147,108546.60503106214
GPU-200111,1998-05-08,31.552709579467773,6.908299660226874,1.371856689453125,0.25925828087113206,1.157864149141605,Hammer,1998-05-15,31.603519439697266,1998-06-12,29.977615356445312,Stop loss (-3%),4,-0.05144693097723951,-0.051755163236067846,-5617.847256485757,102928.75777457638
GPU-200111,2001-01-26,30.765073776245117,2.6614130889276453,4.330066680908203,0.2648764294983442,2.8507795951969515,Hammer,2001-02-02,30.520885467529297,2001-03-02,29.834264755249023,Stop loss (-3%),4,-0.02249674941478219,-0.022820655375297053,-2348.9017070321333,100579.85606754424
GQ-199404,1991-02-08,15.248747825622559,8.125411652559208,1.206735610961914,0.3636357888780531,1.0055376267576561,Hammer,1991-02-15,14.919637680053711,1991-03-01,14.261418342590332,Stop loss (-3%),2,-0.0441176489388454,-0.044772901814322294,-4477.290176954939,95522.70982304505
GQ-199404,1992-10-16,19.453115463256836,3.727502583326256,1.186166763305664,0.3000001607993658,1.2680279505680594,Hammer,1992-10-23,19.33449935913086,1992-12-04,21.849889755249023,RSI(2) acum > 180,6,0.13009855333700449,0.12954784141996317,12374.760851786235,107897.47067483127
GQ-199404,1993-09-10,34.832557678222656,5.325120102671406,3.3232498168945312,0.2962969340082877,1.8256918085665177,Hammer,1993-09-17,34.95564270019531,1993-11-26,38.71376037597656,RSI(2) acum > 180,10,0.10751104501249098,0.10720963307005531,11567.648228668066,119465.11890349933
GR-201207,1998-09-04,20.651966094970703,8.879674695768372,3.4754600524902344,0.228507986754051,1.5739679723899611,Hammer,1998-09-11,20.651966094970703,1998-09-18,20.096115112304688,Stop loss (-3%),1,-0.02691516052805165,-0.027392743932700834,-2739.274390530809,97260.72560946918
GR-201207,2011-03-04,84.94125366210938,5.787384578173217,5.1018218994140625,0.3081384046202666,1.432805721169927,Hammer,2011-03-11,84.90170288085938,2011-05-06,87.78877258300781,RSI(2) acum > 180,8,0.034004850364424355,0.033885071549480936,3295.6866429356096,100556.4122524048
GRA-202109,1992-04-10,3.375567674636841,7.058974859300207,0.29352760314941406,0.26923089419271834,1.3729731937929923,Hammer,1992-04-16,3.3642780780792236,1992-05-08,3.306678295135498,Stop loss (-3%),3,-0.01712099345147211,-0.020063580795997456,-2006.3580775933874,97993.6419224066
GRA-202109,1995-10-13,6.619226932525635,7.669828190986479,0.30550289154052734,0.3333333333333333,1.1038472995188302,Hammer,1995-10-20,6.631956100463867,1995-10-27,5.753635883331299,Stop loss (-3%),1,-0.13243758007854345,-0.13384452204987207,-13115.912153914906,84877.7297684917
GRMN,2022-02-25,101.36492919921875,5.695099699220066,7.237754821777344,0.3525357159045271,1.0502852267124605,Hammer,2022-03-04,99.7061767578125,2022-05-13,95.01057434082031,Stop loss (-3%),10,-0.04709439845836094,-0.047192326577607,-4719.232653041467,95280.76734695853
GS,2008-09-19,95.55473327636719,1.9358802929798884,47.917236328125,0.3318481268055577,3.281168703932488,Hammer,2008-09-26,97.74851989746094,2008-10-10,89.88623046875,Stop loss (-3%),2,-0.08043384633300377,-0.08053203032452044,-8053.203024398843,91946.79697560114
GS,2011-03-18,120.9705810546875,8.269229011965933,5.475288391113281,0.077347535103817,1.0333458764573635,Hammer,2011-03-25,122.2259521484375,2011-04-21,116.50110626220703,Stop loss (-3%),4,-0.046838218771066864,-0.04691811513720409,-4313.970402684414,87632.82657291673
GS,2020-03-13,153.0823974609375,0.21507633700058193,30.582794189453125,0.3338041605089923,2.550274916763751,Hammer,2020-03-20,129.8050994873047,2020-03-27,117.53569793701172,Stop loss (-3%),1,-0.09452172217234767,-0.09459511701163043,-8289.637475435338,79343.1890974814
GSX-199810,1995-10-06,27.17375373840332,7.0727341757571764,1.7323322296142578,0.26929196105438974,1.004899362851091,Hammer,1995-10-13,27.290380477905273,1995-12-08,30.789146423339844,RSI(2) acum > 180,8,0.1282050995319477,0.12781525241088376,12781.525228306851,112781.52522830684
GT,1990-07-13,9.1288480758667,1.3167726786140577,0.6295757293701172,0.24999924260555806,1.0073191955269007,Hammer,1990-07-20,9.168196678161621,1990-08-03,8.499272346496582,Stop loss (-3%),2,-0.0729613854443587,-0.07401174917369163,-7401.174909967989,92598.825090032
GT,2002-07-05,16.079191207885742,1.111360013928703,1.8058700561523438,0.16346182282138919,1.1070930685852722,Hammer,2002-07-12,16.166011810302734,2002-07-19,14.499054908752441,Stop loss (-3%),1,-0.10311491301076048,-0.10370142086482716,-9602.629722647296,82996.19536738469
GT,2005-10-14,12.415985107421875,2.759218076228734,1.1311540603637695,0.10236227774869087,1.107518019820772,Hammer,2005-10-21,12.647560119628906,2005-10-28,12.157690048217773,Stop loss (-3%),1,-0.03873237737378754,-0.039507425112775774,-3278.9659698432924,79717.2293975414
GT,2011-08-12,12.006275177001953,3.9622241987223816,2.3870038986206055,0.3843285236850043,1.6515185705110034,Hammer,2011-08-19,12.273477554321289,2011-08-26,10.037888526916504,Stop loss (-3%),1,-0.18214797049249265,-0.1828882300325965,-14579.342973039475,65137.88642450193
GT,2014-10-17,18.15532112121582,3.178784634125222,1.6888675689697266,0.28723489558452003,1.2427039703676868,Hammer,2014-10-24,18.074472427368164,2014-11-14,22.74521255493164,RSI(2) acum > 180,3,0.2584164017142263,0.2577918214310384,16792.014368748452,81929.90079325039
GTE-200006,1994-01-07,26.474332809448242,1.7029210774927463,1.338052749633789,0.21428459427675423,1.303932327284928,Hammer,1994-01-14,26.474332809448242,1994-02-11,25.327428817749023,Stop loss (-3%),4,-0.043321355818640606,-0.04369082861809938,-4369.082857440855,95630.91714255915
GTE-200006,1996-07-26,35.638755798339844,4.411165560691373,2.6156883239746094,0.33333430559424343,1.415288231209723,Hammer,1996-08-02,35.42078399658203,1996-09-13,34.38993835449219,Stop loss (-3%),6,-0.029102846571360974,-0.029381019265240938,-2809.7338161084563,92821.18332645069
GTE-200006,1999-03-05,60.828189849853516,7.688848492891367,4.711620330810547,0.3974357209767772,1.18682953107139,Hammer,1999-03-12,61.06980895996094,1999-03-26,57.50589370727539,Stop loss (-3%),2,-0.05835805471443589,-0.058517010753623706,-5431.618177446375,87389.56514900432
GTE-200006,2000-01-07,67.7612533569336,7.57131151131685,5.852108001708984,0.34736831812892943,1.3574754257175479,Hammer,2000-01-14,68.00765991210938,2000-01-21,65.1124038696289,Stop loss (-3%),1,-0.04257249913057137,-0.04271640083235746,-3732.9676897373183,83656.59745926701
GWF-199707,1996-01-12,23.449317932128906,5.8074875522455045,1.539602279663086,0.307692688879391,1.13354038510831,Hammer,1996-01-19,23.5677490234375,1996-02-02,21.554424285888672,Stop loss (-3%),2,-0.08542711209062137,-0.08583321086298056,-8583.321077714736,91416.67892228525
GWW,1996-01-12,19.8433780670166,7.7897086405262,0.8091487884521484,0.3333333333333333,1.3735931413556557,Hammer,1996-01-19,19.8433780670166,1996-02-16,21.57107925415039,RSI(2) acum > 180,4,0.08706688857607126,0.08654113607339081,8654.11359868497,108654.11359868495
GWW,1997-04-04,23.125484466552734,6.309917913306521,0.9798927307128906,0.3199985985292343,1.0898916671323897,Hammer,1997-04-11,23.360658645629883,1997-05-16,24.541881561279297,RSI(2) acum > 180,5,0.05056462377914972,0.05012582497298752,5446.377075396407,114100.49067408137
GWW,1998-07-24,29.912992477416992,3.8429748225278644,1.9888973236083984,0.3600001917996078,1.4125539333660428,Hammer,1998-07-31,29.912992477416992,1998-08-07,27.685428619384766,Stop loss (-3%),1,-0.0744681047780138,-0.07478990643243218,-8533.56501287558,105566.9256612058
GWW,1999-10-22,28.239486694335938,5.829796517266132,2.30609130859375,0.33333360903051634,1.063264953480825,Hammer,1999-10-29,28.158571243286133,1999-11-12,27.17128562927246,Stop loss (-3%),2,-0.035061637377964305,-0.035410481341261395,-3738.1756476422806,101828.7500135635
GWW,2008-10-10,55.2055778503418,4.426076025352174,8.713920593261719,0.36449383662930734,1.8309967937968192,Hammer,2008-10-17,55.497039794921875,2008-10-31,49.892032623291016,Stop loss (-3%),2,-0.10099650706313401,-0.10116758217136017,-10301.768424102313,91526.9815894612
GWW,2011-08-12,107.58594512939453,2.8706242439339746,10.31982421875,0.18112062337355098,1.8811252006379824,Hammer,2011-08-19,109.30459594726562,2011-08-26,105.52674102783203,Stop loss (-3%),1,-0.034562635602772174,-0.03465253792778599,-3171.6421977729315,88355.33939168828
H-200107,1990-09-28,10.965757369995117,7.708770096731428,0.7946195602416992,0.39999927990120243,1.0735463038681183,Hammer,1990-10-05,11.283604621887207,1990-10-12,11.363066673278809,Stop loss (-3%),1,0.007042257687535969,0.006153289420458862,615.3289414305573,100615.32894143055
H-200107,2001-05-04,54.849998474121094,5.127094490750721,1.6200027465820312,0.32716154038156325,1.227393058243062,Hammer,2001-05-11,54.849998474121094,2001-06-15,58.0,RSI(2) acum > 180,5,0.05742938219706817,0.057241848750761694,5759.4074355140965,106374.73637694465
HAL,2002-06-28,5.431897163391113,7.1743823347922415,0.6883583068847656,0.3366338965580302,1.0140028996138626,Hammer,2002-07-05,5.384189128875732,2002-07-12,5.053640842437744,Stop loss (-3%),1,-0.0613923988414965,-0.06319100671626111,-6319.100665307009,93680.899334693
HAL,2007-11-30,27.0601806640625,9.816226702534493,2.1012821197509766,0.19924896317160112,1.1618043087385364,Hammer,2007-12-07,27.030614852905273,2008-01-25,22.381378173828125,Stop loss (-3%),7,-0.17199892434475805,-0.17233699712127926,-16144.684862817154,77536.21447187585
HAL,2010-06-04,17.674646377563477,3.816384718454316,2.3250064849853516,0.33881554390458196,1.0146060978977482,Hammer,2010-06-11,17.728181838989258,2010-10-01,25.16303062438965,RSI(2) acum > 180,16,0.4193802191857636,0.4186980572812751,32464.262335854444,110000.4768077303
HAL,2016-01-22,24.652280807495117,5.0371173108545975,2.735513687133789,0.2388054081831157,1.0770212931490226,Hammer,2016-01-29,24.60328483581543,2016-02-19,24.211332321166992,Stop loss (-3%),3,-0.01593090179884704,-0.016334032108707718,-1796.751318353874,108203.72548937642
HAL,2018-07-27,35.562957763671875,2.8812177036783453,3.045818328857422,0.34916205665276046,1.2600794580231445,Hammer,2018-08-03,35.99686050415039,2018-08-24,34.03153991699219,Stop loss (-3%),3,-0.054596999839238824,-0.054867180737242276,-5936.833356931733,102266.89213244467
HAR-201703,2007-11-30,68.17005920410156,0.3794967038293322,4.89971923828125,0.22117169301294268,1.0675385165008453,Hammer,2007-12-07,68.43866729736328,2008-01-11,63.69639587402344,Stop loss (-3%),5,-0.06929228184317004,-0.06943332540456845,-6943.332533513514,93056.66746648648
HAR-201703,2011-08-12,30.920543670654297,3.2102348411353603,5.643047332763672,0.07907740938057488,1.6202079733219068,Hammer,2011-08-19,31.25522232055664,2011-08-26,30.438329696655273,Stop loss (-3%),1,-0.02613619623380814,-0.026451911167554503,-2461.526698910634,90595.14076757584
HAS,2001-09-21,6.835090637207031,4.150534294263238,1.479236125946045,0.37931063383430313,2.229529820294467,Hammer,2001-09-28,6.911602973937988,2001-11-02,8.686686515808105,RSI(2) acum > 180,5,0.2568266071653038,0.2551951512210571,25519.51509658619,125519.5150965862
HAS,2007-08-10,15.368165969848633,9.512723297153741,1.6404533386230469,0.16891880893415653,1.760089044023996,Hammer,2007-08-17,15.551054000854492,2007-09-14,14.686491012573242,Stop loss (-3%),4,-0.05559513768222679,-0.05622010493362967,-7056.720302891668,118462.79479369454
HAS,2011-07-22,24.712778091430664,8.819791096586187,1.5437850952148438,0.3162055775474803,1.2208978041518677,Hammer,2011-07-29,24.560230255126953,2011-08-12,22.45307731628418,Stop loss (-3%),2,-0.08579532508262644,-0.08618494175933514,-10209.709059732926,108253.0857339616
HAS,2012-06-29,21.37815284729004,6.171584530560139,1.2308063507080078,0.11282091811987348,1.1200130551922782,Hammer,2012-07-06,21.554885864257812,2012-07-20,20.721723556518555,Stop loss (-3%),2,-0.03865306051658579,-0.039107920749110264,-4233.553093496856,104019.53264046476
HBAN,2005-10-14,10.335737228393555,2.1329785035932787,0.43323421478271484,0.18681250949306483,1.053007843181191,Hammer,2005-10-21,10.283369064331055,2005-11-18,11.430726051330566,RSI(2) acum > 180,4,0.11157403569023305,0.11054784095397936,11054.784084343151,111054.78408434315
HBAN,2014-02-07,5.625044345855713,5.063385268499019,0.3145790100097656,0.2871278724307282,1.4219775642654089,Hammer,2014-02-14,5.61258602142334,2014-03-14,6.098470211029053,RSI(2) acum > 180,4,0.086570466403737,0.0847132892653307,9407.816039027988,120462.60012337114
HBAN,2016-02-05,5.584053993225098,1.3248780779266838,0.44255924224853516,0.3529415567484167,1.0046248246539164,Hammer,2016-02-12,5.531988143920898,2016-03-18,6.384565830230713,RSI(2) acum > 180,5,0.15411777179000508,0.15217256465229873,18331.102787126598,138793.70291049773
HCA,2015-10-02,72.30884552001953,1.9984406473105594,7.073997497558594,0.14042016688901998,1.119153746980177,Hammer,2015-10-09,73.032958984375,2015-10-23,67.6949691772461,Stop loss (-3%),2,-0.07309014835714023,-0.07322205989180221,-7322.205981858015,92677.794018142
HCA-200611,1997-04-04,31.340009689331055,2.023825764340586,4.062593460083008,0.11428570087170282,1.6540517306687306,Hammer,1997-04-11,31.688230514526367,1997-04-18,28.554229736328125,Stop loss (-3%),1,-0.09890109757821819,-0.0992010194971199,-9920.10193979189,90079.89806020811
HCA-200611,1998-06-26,27.54180145263672,2.502657948214491,2.1835460662841797,0.22666702771733577,1.0709158377555867,Hammer,1998-07-02,27.71648597717285,1998-08-07,26.570293426513672,Stop loss (-3%),5,-0.041354180021348275,-0.041707452176670455,-3757.003036668476,86322.89502353965
HCA-200611,1999-10-01,20.795974731445312,5.801898807042718,1.9177837371826172,0.2500002486396922,1.0406385247979921,Hammer,1999-10-08,20.795974731445312,1999-10-22,19.597360610961914,Stop loss (-3%),2,-0.05763683289492505,-0.05810372523823638,-5015.681769201188,81307.21325433847
HCA-200611,2004-03-05,40.43162536621094,2.857970961741259,2.595367431640625,0.25,1.3178291762338008,Hammer,2004-03-12,40.528465270996094,2004-04-02,38.44636154174805,Stop loss (-3%),3,-0.05137386070076755,-0.051614233208554655,-4196.6094622505025,77110.60379208798
HCBK-201510,2007-07-13,9.23732852935791,5.541927368522025,0.40461063385009766,0.3584905660377358,1.3349928557629789,Hammer,2007-07-20,9.206791877746582,2007-07-27,8.886157989501953,Stop loss (-3%),1,-0.03482579952954323,-0.03589246181770114,-3589.246178180869,96410.75382181913
HCBK-201510,2015-09-04,9.300000190734863,4.4284653065723205,0.6099996566772461,0.18032740752089876,1.3503180327536997,Hammer,2015-09-11,9.520000457763672,2015-10-30,10.119999885559082,End of data,7,0.06302514694798189,0.061942194166984176,5971.893627044539,102382.64744886367
HCR-200712,2002-07-05,21.195667266845703,1.3979199594533611,1.7342758178710938,0.22162087851659593,1.0973980261892573,Hammer,2002-07-12,21.205041885375977,2002-07-19,19.592632293701172,Stop loss (-3%),1,-0.0760389722590834,-0.07649252181785815,-7649.252174136564,92350.74782586345
HD,1996-04-12,5.652496814727783,8.451495369597993,0.472353458404541,0.36666676761589223,1.3791830842198671,Hammer,1996-04-19,5.699732303619385,1996-05-24,6.50273323059082,RSI(2) acum > 180,5,0.14088397212295778,0.13900756157625735,13900.756143724975,113900.75614372498
HD,2011-08-12,21.52754783630371,3.9583698684339765,1.7740154266357422,0.2103161505007553,1.4252802347734896,Hammer,2011-08-19,21.583864212036133,2011-12-30,30.012266159057617,RSI(2) acum > 180,19,0.3904955046150369,0.38994186374696327,44414.67308845783,158315.4292321828
HD,2014-02-07,56.99908447265625,2.321936089787883,2.0652427673339844,0.10108590648902549,1.083438657967619,Hammer,2014-02-14,57.08109664916992,2014-03-14,61.46507263183594,RSI(2) acum > 180,4,0.07680258859794997,0.07662068768770193,12130.237047213319,170445.66627939613
HDLM-201301,1990-08-03,8.66285228729248,2.6829016153129572,1.2375502586364746,0.38461529569831365,1.1448521544663695,Hammer,1990-08-10,8.47245979309082,1990-08-17,7.996479034423828,Stop loss (-3%),1,-0.05617976010404302,-0.05732622395485359,-5732.622389752736,94267.37761024726
HDLM-201301,1990-08-24,7.806086540222168,0.9576575121670601,1.6183347702026367,0.0,1.4549161511287123,Hammer,1990-08-31,7.996479034423828,1990-10-05,7.59281063079834,Stop loss (-3%),5,-0.050480768084021355,-0.05169899237951022,-4873.528431835057,89393.84917841222
HDLM-201301,1992-05-01,10.742986679077148,8.59466395675669,1.0040178298950195,0.3000002849573846,1.1119258287037423,Hammer,1992-05-08,10.843388557434082,1992-05-29,10.34138011932373,Stop loss (-3%),3,-0.04629626942273324,-0.047196727458612926,-4219.097131930774,85174.75204648144
HDLM-201301,1995-06-23,9.159037590026855,7.744953976945908,1.0052604675292969,0.3333333333333333,1.7806093759833224,Hammer,1995-06-30,9.145488739013672,1995-07-07,8.806766510009766,Stop loss (-3%),1,-0.03703708338286549,-0.03810968342238452,-3245.9828328255244,81928.7692136559
HES-202507,2016-01-22,32.76561737060547,2.9009865883722767,6.449689865112305,0.21471154030983336,1.4408952852597128,Hammer,2016-01-29,31.765466690063477,2016-03-18,42.741477966308594,RSI(2) acum > 180,7,0.34553281975480976,0.34516368246094564,34516.3682115782,134516.36821157823
HES-202507,2018-12-28,36.61648178100586,0.5719609765094731,5.674285888671875,0.2349181165461048,1.2476123884996524,Hammer,2019-01-04,36.8613166809082,2019-02-08,49.66529846191406,RSI(2) acum > 180,5,0.3473555188449766,0.3470371583834256,46682.178133522495,181198.54634510074
HES-202507,2020-03-13,32.439697265625,3.9605934563080183,11.320934295654297,0.38209531575639843,1.7343085528361004,Hammer,2020-03-20,28.79813003540039,2020-11-27,44.64051818847656,RSI(2) acum > 180,36,0.5501186408145862,0.5496759599952307,99600.48481238307,280799.0311574838
HES-202507,2021-12-03,72.28825378417969,2.7985250175169654,7.6213226318359375,0.39749955452869135,1.21060088956805,Hammer,2021-12-10,74.22216796875,2021-12-23,66.64557647705078,Stop loss (-3%),2,-0.10207990010328472,-0.10220774548334122,-28699.835879813072,252099.19527767075
HET-200801,1992-06-12,5.96097993850708,8.958472395036296,0.5854535102844238,0.2727277169862802,1.2714282706240607,Hammer,1992-06-19,5.96097993850708,1992-08-21,6.812548637390137,RSI(2) acum > 180,9,0.14285716571230922,0.14106126865281585,14106.126851175457,114106.12685117546
HET-200801,1994-11-25,18.04261016845703,9.90251471580818,2.0756988525390625,0.3461540582064646,1.003586180322546,Hammer,1994-12-02,17.8829402923584,1994-12-16,16.765256881713867,Stop loss (-3%),2,-0.06249998000172996,-0.06304154599209334,-7193.426636674589,106912.70021450087
HET-200801,1995-10-13,24.115842819213867,2.467283172030122,2.3776187896728516,0.2857141711129134,1.2079088101998365,Hammer,1995-10-20,24.002622604370117,1995-11-03,22.757204055786133,Stop loss (-3%),2,-0.05188676958813798,-0.052292497648453465,-5590.732118965865,101321.968095535
HET-200801,1997-10-31,17.832136154174805,0.4668930311869133,2.7172775268554688,0.10416695913903622,2.0365791545206346,Hammer,1997-11-07,17.88874626159668,1997-12-19,17.096206665039062,Stop loss (-3%),6,-0.0443038089404304,-0.04485028371504394,-4544.319011107056,96777.64908442795
HET-200801,1997-12-19,16.47349739074707,2.889195657423244,1.7549076080322266,0.3548387797977778,1.4080258329996462,Hammer,1997-12-26,16.69993782043457,1998-05-08,23.662961959838867,RSI(2) acum > 180,19,0.4169491056957182,0.41622568213925953,40281.34296571856,137058.9920501465
HET-200801,1998-09-04,14.322319030761719,9.428423587376301,2.0379581451416016,0.30555547756292367,1.1936236508386249,Hammer,1998-09-11,14.322319030761719,1998-09-18,13.982659339904785,Stop loss (-3%),1,-0.023715411598317804,-0.02440510259499299,-3344.9387592052153,133714.05329094132
HET-200801,1998-10-09,11.152161598205566,0.37738689902414535,1.7549095153808594,0.3548389375683366,1.045758443087731,Hammer,1998-10-16,11.378602027893066,1999-03-26,17.88874626159668,RSI(2) acum > 180,23,0.5721391975696923,0.5710094412802215,76351.98678462216,210066.0400755635
HET-200801,2007-07-27,83.81534576416016,6.887373738147943,2.5164337158203125,0.23621882522723553,2.1653829952691104,Hammer,2007-08-03,83.60729217529297,2007-09-21,86.1453857421875,RSI(2) acum > 180,7,0.030357322918353802,0.030235907916438706,6351.537437744124,216417.57751330765
HFS-199712,1996-12-06,64.125,9.664123952357883,6.875,0.21818181818181817,1.1825372865266817,Hammer,1996-12-13,64.75,1996-12-20,60.25,Stop loss (-3%),1,-0.06949806949806947,-0.06964713149563742,-6964.713142599028,93035.28685740098
HI-200303,1990-10-12,2.765362501144409,1.343563287977105,0.4243147373199463,0.241379329720375,1.2396694877805086,Hammer,1990-10-19,2.779994010925293,1990-10-26,2.692204713821411,Stop loss (-3%),1,-0.03157895188222437,-0.03511292904769728,-3511.2929012584345,96488.70709874158
HI-200303,1992-05-01,5.620007038116455,8.793530239225916,0.5194964408874512,0.24242401990705512,1.2255851704612137,Hammer,1992-05-08,5.525553226470947,1992-06-19,6.170988082885742,RSI(2) acum > 180,6,0.11680909222315461,0.11489535140416078,11086.103897556954,107574.81099629853
HI-200303,1993-11-05,9.73733901977539,5.1680844955156005,1.2338409423828125,0.3783784828285576,2.759136267769047,Hammer,1993-11-12,9.770686149597168,1993-11-26,9.403868675231934,Stop loss (-3%),2,-0.037542652455411996,-0.038546396498291974,-4146.621313745522,103428.189682553
HI-200303,1993-12-17,8.803621292114258,3.84384449964962,0.9003705978393555,0.29629692397154134,1.57503904396982,Hammer,1993-12-23,8.60353946685791,1994-04-08,7.98130989074707,Stop loss (-3%),15,-0.07232251081171404,-0.0734421417877987,-7595.987763925408,95832.2019186276
HI-200303,1998-10-09,28.727230072021484,5.363809645480174,10.359722137451172,0.2162162858801969,2.632360149326184,Hammer,1998-10-16,30.015195846557617,1999-04-16,44.86299514770508,RSI(2) acum > 180,26,0.49467607598003815,0.49426057634626963,47366.07930546689,143198.28122409448
HIG,2002-07-26,29.03046989440918,0.7749268577934316,4.43504524230957,0.30107502835189986,1.8886329862325175,Hammer,2002-08-02,29.507356643676758,2002-09-13,26.963722229003906,Stop loss (-3%),6,-0.0862033982030016,-0.0865276346956855,-8652.763460915787,91347.2365390842
HIG,2003-03-14,21.21660041809082,4.1116138673468186,2.283184051513672,0.15957448585935713,1.0889603796032343,Hammer,2003-03-21,21.210529327392578,2003-05-16,24.48957061767578,RSI(2) acum > 180,8,0.15459497684711,0.15408718961644563,14075.43894346074,105422.67548254493
HIG,2004-10-22,34.40696716308594,1.6199423322732969,2.288379669189453,0.37158455370612703,1.2215487093138622,Hammer,2004-10-29,34.35694885253906,2004-12-03,40.641456604003906,RSI(2) acum > 180,5,0.18291809841549433,0.18260046245896233,19250.229277523584,124672.90476006853
HIG,2011-08-12,14.603164672851562,1.5829154777003254,2.564925193786621,0.26361033329751526,1.8407398925685083,Hammer,2011-08-19,14.845693588256836,2011-08-26,13.478713035583496,Stop loss (-3%),1,-0.0920792649091614,-0.09272163246046537,-11559.875241381804,113113.02951868672
HIG,2013-03-01,17.971885681152344,9.545260197448698,1.2977256774902344,0.3918357628508691,1.3671107891825316,Hammer,2013-03-08,17.75937843322754,2013-03-28,20.27157211303711,RSI(2) acum > 180,3,0.1414572975768844,0.1408545584195234,15932.485808416652,129045.51532710338
HIG,2016-01-22,30.95423698425293,5.182439643484159,2.5028858184814453,0.306709250567544,1.357740235644732,Hammer,2016-01-29,30.914255142211914,2016-03-04,34.12882614135742,RSI(2) acum > 180,5,0.10398345308201096,0.10364321470249553,13374.692038066463,142420.20736516983
HIG,2017-09-08,43.950050354003906,4.539064411195682,2.1739463806152344,0.2509532591548851,1.6772966457888776,Hammer,2017-09-15,44.784915924072266,2017-10-13,45.99174118041992,RSI(2) acum > 180,4,0.026947136808154193,0.026720864097546378,3805.591001943486,146225.79836711334
HIG,2020-03-20,27.298595428466797,1.5831180942397793,15.783773422241211,0.32356197878418796,3.8229120421700435,Hammer,2020-03-27,27.438274383544922,2020-11-27,41.26532745361328,RSI(2) acum > 180,35,0.5039330417353294,0.5034768401526135,73621.30283704613,219847.10120415944
HLT,2018-06-29,77.1703109741211,7.479617500571365,3.665496826171875,0.3696809617770229,1.106173897582637,Hammer,2018-07-06,76.51715087890625,2018-08-17,73.88291931152344,Stop loss (-3%),6,-0.0344266813011852,-0.03455511295764832,-3455.51129230932,96544.48870769069
HLT,2018-10-26,66.68412017822266,1.7762259700388512,7.042518615722656,0.3744801354599887,1.9283600254021087,Hammer,2018-11-02,67.31902313232422,2018-12-28,64.65837097167969,Stop loss (-3%),8,-0.039523035790562155,-0.03966863589532385,-3829.7881664157985,92714.7005412749
HLT-200710,1991-12-20,4.628454208374023,0.9950482985080527,0.41353845596313477,0.3461538905025408,1.4243234484893053,Hammer,1991-12-27,4.612548828125,1992-01-24,5.28057336807251,RSI(2) acum > 180,4,0.14482763540067745,0.14250516116679735,14250.516102429221,114250.51610242922
HLT-200710,1996-07-19,14.648173332214355,6.24699237258686,2.30734920501709,0.31060608878699164,2.586948125213873,Hammer,1996-07-26,14.665653228759766,1996-08-02,14.088815689086914,Stop loss (-3%),1,-0.03933255005250336,-0.04000077777875892,-4570.109501151679,109680.40660127754
HLT-200710,1998-10-09,8.572500228881836,0.012146258717692149,1.9727506637573242,0.2909088799605913,1.6146246506252966,Hammer,1998-10-16,8.715972900390625,1998-11-13,11.836506843566895,RSI(2) acum > 180,4,0.358024741338562,0.35667281376793925,39120.01919856931,148800.42579984682
HLT-200710,2000-02-04,7.629718780517578,7.2212503283617195,1.2517509460449219,0.3333335872907518,1.3624144464228771,Hammer,2000-02-11,7.629718780517578,2000-02-18,7.391290187835693,Stop loss (-3%),1,-0.031249984375664064,-0.03253932460692988,-4841.865351908735,143958.5604479381
HMA-201401,2005-09-23,11.456273078918457,2.8647400317226612,0.48958492279052734,0.20000116875451676,1.0603321936983223,Hammer,2005-09-30,11.431794166564941,2005-10-14,10.907938957214355,Stop loss (-3%),2,-0.04582440881263661,-0.04667874594711974,-4667.874590044099,95332.1254099559
HMA-201401,2006-07-07,9.727466583251953,4.604224870604895,0.45427608489990234,0.2826072808879316,1.0807145818466823,Hammer,2006-07-14,9.727466583251953,2007-01-05,10.6448974609375,RSI(2) acum > 180,25,0.09431344429032662,0.0932375025306629,8888.529275275709,104220.6546852316
HNZ-201306,1991-01-11,9.202834129333496,6.759867310719741,0.6298513412475586,0.38888813182586945,1.2586003894541737,Hammer,1991-01-18,8.992883682250977,1991-03-22,10.77746295928955,RSI(2) acum > 180,9,0.19844349600126066,0.19722185123809385,19722.1851040872,119722.18510408721
HNZ-201306,2000-01-07,21.60504150390625,0.23033960586566593,1.5926799774169922,0.17391257486320735,1.1695766669875096,Hammer,2000-01-14,21.501171112060547,2000-01-21,20.635583877563477,Stop loss (-3%),1,-0.04025767852298712,-0.040713301774393744,-4874.285446358244,114847.89965772897
HNZ-201306,2000-09-08,20.976266860961914,1.8687164480711402,1.9422454833984375,0.0909087338062803,1.2480692522311363,Hammer,2000-09-15,20.693758010864258,2000-11-10,23.991849899291992,RSI(2) acum > 180,8,0.1593761696979461,0.15885454995424844,18244.11139507511,133092.01105280407
HNZ-201306,2011-08-12,47.925987243652344,6.40974686009173,2.92254638671875,0.3086821001190402,1.9697412865317938,Hammer,2011-08-19,48.20790481567383,2011-10-28,50.50519943237305,RSI(2) acum > 180,10,0.04765389878450588,0.047441543409258234,6314.090413472992,139406.10146627703
HOG,2001-09-21,23.776445388793945,1.9947034669158796,5.835086822509766,0.2936841713012206,2.2102647881954236,Hammer,2001-09-28,24.26167869567871,2001-10-26,30.46529769897461,RSI(2) acum > 180,4,0.2556961981530501,0.25523142581513747,25523.142555990606,125523.14255599062
HOG,2007-11-23,30.17856788635254,6.250862831304971,2.270040512084961,0.38285769500611266,1.1205144709760608,Hammer,2007-11-30,31.19684410095215,2007-12-21,29.186237335205078,Stop loss (-3%),3,-0.06444904360328252,-0.06475920971880657,-8128.77950521827,117394.36305077234
HOG,2014-10-03,44.344783782958984,4.84555010816392,2.0234031677246094,0.2952134428559848,1.0256415056194843,Hammer,2014-10-10,45.263187408447266,2014-10-17,42.269039154052734,Stop loss (-3%),1,-0.06614974388294503,-0.0663633431418096,-7790.682390261896,109603.68066051045
HOG,2016-01-29,30.676219940185547,8.91275887357331,3.8882102966308594,0.282051093379484,1.6214167457917446,Hammer,2016-02-05,30.5688533782959,2016-03-18,37.841453552246094,RSI(2) acum > 180,6,0.2379088310559203,0.2375428469577814,26035.57031511361,135639.25097562405
HOG,2020-03-13,21.083980560302734,2.6168204556278027,5.395437240600586,0.2602964617396367,2.166631501189634,Hammer,2020-03-20,18.115156173706055,2020-03-27,14.221909523010254,Stop loss (-3%),1,-0.2149165380283502,-0.21540910648219233,-29217.92982735508,106421.32114826897
HON,1990-08-03,3.363847494125366,3.134528292807971,0.16378283500671387,0.3846147127541105,1.0396127093998613,Hammer,1990-08-10,3.1244723796844482,1990-09-21,3.0259361267089844,Stop loss (-3%),6,-0.03153692559939203,-0.034681965458473775,-3468.1965423791808,96531.80345762082
HON,1991-12-20,4.116015911102295,7.688951166209051,0.23169612884521484,0.3529415396520286,1.071433408245205,Hammer,1991-12-27,4.129645347595215,1992-01-10,4.633925437927246,RSI(2) acum > 180,2,0.12211220283739022,0.11954594621265732,11539.985772415563,108071.78923003637
HON,1994-11-25,7.39257287979126,3.0583997259322473,0.6328272819519043,0.3636367061376574,1.5300989817207356,Hammer,1994-12-02,7.3638081550598145,1995-04-07,9.050000190734863,RSI(2) acum > 180,18,0.2289836997608954,0.22747125456429296,24583.225454580992,132655.01468461737
HON,1995-10-27,10.21125316619873,9.280790798694625,0.671025276184082,0.08695590381753814,1.5346831976443527,Hammer,1995-11-03,10.26960277557373,1995-12-01,10.724525451660156,RSI(2) acum > 180,4,0.04429798172607602,0.04330315106138816,5744.380134194271,138399.39481881165
HON,1997-10-31,17.2991886138916,1.1558261696466303,3.1835317611694336,0.33962269803110984,2.4402509226868654,Hammer,1997-11-07,17.53945541381836,1998-02-20,20.52733039855957,RSI(2) acum > 180,15,0.1703516394464124,0.16973311023354867,23490.95971354682,161890.35453235847
HON,2008-09-19,27.09870719909668,1.8506865230309444,3.2886791229248047,0.3036367274382835,1.5035359222392335,Hammer,2008-09-26,26.835613250732422,2008-10-10,21.788986206054688,Stop loss (-3%),2,-0.18805707913308067,-0.1883946166744067,-30499.2712549082,131391.0832774503
HON,2011-03-18,36.181156158447266,9.523528428437345,1.8006362915039062,0.28777016520276427,1.2621597514228935,Hammer,2011-03-25,36.75114059448242,2011-08-05,35.181522369384766,Stop loss (-3%),19,-0.04270937444954592,-0.042975628005263916,-5646.614312493743,125744.46896495656
HON,2011-08-12,30.537120819091797,1.3535972506321343,2.8009719848632812,0.26046566738122023,1.3887825695693992,Hammer,2011-08-19,30.680423736572266,2011-08-26,28.68625831604004,Stop loss (-3%),1,-0.0649979751796943,-0.06531327179111344,-8212.782669524655,117531.6862954319
HON,2019-08-09,135.77406311035156,5.777905675102346,5.5229339599609375,0.36727347071841215,1.2296780707489743,Hammer,2019-08-16,134.7557830810547,2019-08-30,129.25143432617188,Stop loss (-3%),2,-0.0408468462653806,-0.04091953629837612,-4809.342098765939,112722.34419666594
HOT-201609,2002-10-11,11.689584732055664,9.968673387245545,1.5833625793457031,0.2379315246380722,1.0180827264348127,Hammer,2002-10-18,11.689584732055664,2002-12-06,13.786174774169922,RSI(2) acum > 180,7,0.17935539115986754,0.1784236114339973,17842.36112555737,117842.36112555738
HPC-200811,1990-09-28,6.5949506759643555,9.733920006459655,0.4774622917175293,0.3125003120908489,1.105447769371247,Hammer,1990-10-05,6.5949506759643555,1990-10-19,6.296536922454834,Stop loss (-3%),2,-0.04524882264807617,-0.04672970581927231,-4672.97057725426,95327.02942274575
HPC-200811,1995-10-27,45.81525802612305,3.2222820891902444,2.5571327209472656,0.2499996270532583,1.2567432123676576,Hammer,1995-11-03,46.028350830078125,1996-03-08,53.25121307373047,RSI(2) acum > 180,18,0.1569220298662628,0.1566877516754542,14936.577899213324,110263.60732195906
HPC-200811,1997-10-31,40.55018997192383,2.6015254190171078,5.3588104248046875,0.28865943421745754,2.4061747209208884,Hammer,1997-11-07,40.77117156982422,1997-12-05,43.146728515625,RSI(2) acum > 180,4,0.05826560420841553,0.05801321837559118,6396.746724052498,116660.35404601155
HPC-200811,2008-09-19,20.258346557617188,8.187609257527981,4.9473876953125,0.24395186162994398,3.0273811177475545,Hammer,2008-09-26,19.879314422607422,2008-10-10,17.860000610351562,Stop loss (-3%),2,-0.1015786444807889,-0.10205601104097584,-11905.890368658012,104754.46367735355
HPQ,1990-08-24,0.7695439457893372,0.11282035161998749,0.09268230199813843,0.21212115365693196,1.3361961467864798,Hammer,1990-08-31,0.7892038226127625,1990-09-21,0.7442669868469238,Stop loss (-3%),3,-0.05693945528174127,-0.06917221272633527,-6917.221265716305,93082.77873428368
HPQ,1997-10-31,6.003136157989502,3.4776575629473,0.6210136413574219,0.39215654657698334,1.3983616404017156,Hammer,1997-11-07,6.064019680023193,1998-02-06,5.937544822692871,Stop loss (-3%),13,-0.020856604035598747,-0.02248713375894035,-2093.1648939585207,90989.61384032517
HPQ,1999-10-29,7.362028121948242,0.6871283681580138,1.0605788230895996,0.3274852249915138,1.1894132781193407,Hammer,1999-11-05,7.362028121948242,1999-12-03,9.476983070373535,RSI(2) acum > 180,4,0.2872788467243188,0.28572647118776423,25998.14125133532,116987.75509166048
HPQ,2010-05-28,12.977391242980957,9.552423069709405,0.823603630065918,0.369863283353269,1.1172515222914545,Hammer,2010-06-04,12.93226146697998,2010-07-09,12.253535270690918,Stop loss (-3%),5,-0.05248317921981849,-0.053235856602799,-6227.943348115063,110759.81174354542
HPQ,2023-09-01,26.860164642333984,6.553934941605348,3.546567916870117,0.3715711809523707,2.2657038360438726,Hammer,2023-09-08,26.683277130126953,2023-09-22,24.32560157775879,Stop loss (-3%),2,-0.08835779581609982,-0.08871593849328786,-9826.160636342356,100933.65110720307
HPQ,2025-11-21,23.01969337463379,4.086954451255863,1.916707992553711,0.350877245357033,1.065784136770318,Hammer,2025-11-28,23.10616111755371,2026-01-09,21.495281219482422,Stop loss (-3%),6,-0.06971646609213278,-0.07013407460692989,-7078.888210023524,93854.76289717953
HRB,1991-01-11,1.7328534126281738,7.250303455440786,0.10960817337036133,0.3809529506449438,1.2189575575481881,Hammer,1991-01-18,1.7224146127700806,1991-02-15,1.952069878578186,RSI(2) acum > 180,4,0.1333333241052579,0.1271583927704921,12715.839264333372,112715.83926433336
HRB,1996-01-19,3.3662331104278564,1.590614561689108,0.5188100337982178,0.3720930660045486,1.806174998503218,Hammer,1996-01-26,3.317971706390381,1996-03-01,3.897108793258667,RSI(2) acum > 180,5,0.1745455169954806,0.17127352778050536,19305.23940823754,132021.0786725709
HRB,1998-06-26,4.412309169769287,9.249416292214704,0.21964645385742188,0.35294117647058826,1.005478253257987,Hammer,1998-07-02,4.412309169769287,1998-08-14,4.224963665008545,Stop loss (-3%),6,-0.042459741045421384,-0.04467550202537662,-5898.1079617307405,126122.97071084016
HRB,1998-10-09,3.984428644180298,6.212547634322462,0.47449159622192383,0.34246609070015405,1.7696356063588867,Hammer,1998-10-16,4.010428428649902,1998-11-20,4.83591365814209,RSI(2) acum > 180,5,0.2058346743193431,0.20308797528894712,25614.05873347765,151737.02944431783
HRB,2007-03-16,10.348503112792969,0.6813735011686646,1.5314598083496094,0.16828512216567904,2.706399627788428,Hammer,2007-03-23,10.407978057861328,2007-05-04,11.19601058959961,RSI(2) acum > 180,6,0.07571427681316711,0.07471758102389371,11337.42378049334,163074.45322481115
HRB,2007-08-17,9.61677074432373,0.9353692048849211,0.9671611785888672,0.3144322984355248,1.5283406133774413,Hammer,2007-08-24,9.59682846069336,2007-09-28,10.443565368652344,RSI(2) acum > 180,5,0.08823090997479488,0.0871434968229542,14210.878082290448,177285.3313071016
HRB,2010-09-10,7.174241065979004,8.316286769241685,0.6165122985839844,0.14501283915478141,1.0510888398317357,Hammer,2010-09-17,7.224177837371826,2010-10-08,6.96339750289917,Stop loss (-3%),3,-0.0360982717124706,-0.03745658781180273,-6640.503573208485,170644.82773389312
HRL,2011-08-12,9.785262107849121,8.38424002685862,0.6575355529785156,0.236557907744432,1.5647139843945668,Hammer,2011-08-19,9.848895072937012,2011-09-02,9.520127296447754,Stop loss (-3%),2,-0.033381183783006474,-0.03437907284193208,-3437.907280755301,96562.0927192447
HRL,2018-12-28,34.201751708984375,6.734750629637517,1.7274398803710938,0.31775601870867726,1.122677445650033,Hammer,2019-01-04,34.27439880371094,2019-04-26,32.83924865722656,Stop loss (-3%),16,-0.04187236528067095,-0.04215797817107373,-4070.8625929402524,92491.23012630444
HRL,2019-04-26,32.56205368041992,7.460330016914071,1.5490226745605469,0.38947513587659177,1.085137190827402,Hammer,2019-05-03,32.49683380126953,2019-09-13,34.97408676147461,RSI(2) acum > 180,19,0.07623059450512693,0.07591119243581598,7021.1195617221165,99512.34968802656
HRL,2021-01-15,37.898345947265625,4.016154210328452,1.8666229248046875,0.35746662742886104,1.11418287525202,Hammer,2021-01-22,38.02504348754883,2021-09-10,36.43204879760742,Stop loss (-3%),33,-0.04189330356618859,-0.042150745645774264,-4194.519736118831,95317.82995190774
HRZIQ-200107,1991-09-13,17.17119598388672,4.735772300575817,1.32086181640625,0.16666714800609952,1.2516526788672775,Hammer,1991-09-20,16.951053619384766,1991-10-18,16.15226173400879,Stop loss (-3%),4,-0.04712343570564248,-0.047699299821235414,-4769.929977353611,95230.0700226464
HRZIQ-200107,1995-10-06,30.676687240600586,6.080864248480665,4.637172698974609,0.2564101720375088,2.646047868926347,Hammer,1995-10-13,30.31998062133789,1996-02-16,33.288414001464844,RSI(2) acum > 180,18,0.0979035381717197,0.09755763464677301,9290.420369365529,104520.49039201192
HSH-201408,2005-04-29,19.121652603149414,8.58782053831932,1.2694129943847656,0.3732408968383473,1.7699913358459813,Hammer,2005-05-06,19.121652603149414,2005-05-20,18.397552490234375,Stop loss (-3%),2,-0.03786807175838858,-0.0383810031031861,-3838.10030648051,96161.8996935195
HSH-201408,2008-01-25,16.139604568481445,0.37563627146792555,0.8385686874389648,0.3698611286439373,1.1811497832335793,Hammer,2008-02-01,16.128116607666016,2008-02-22,15.461854934692383,Stop loss (-3%),3,-0.041310568938777714,-0.04191760894186381,-4030.8769024288076,92131.02279109068
HSP-201509,2011-09-23,37.40999984741211,3.157928012649265,5.290000915527344,0.38941418086421264,1.8055697692782997,Hammer,2011-09-30,37.560001373291016,2011-10-28,29.399999618530273,Stop loss (-3%),4,-0.21725243494169133,-0.21748972330850697,-21748.972309101722,78251.02769089828
HSP-201509,2014-10-17,50.06999969482422,8.561741075610755,3.8400001525878906,0.08593797342228995,1.6981967722413744,Hammer,2014-10-24,49.90999984741211,2014-11-14,56.16999816894531,RSI(2) acum > 180,3,0.1254257331330726,0.12521282862143984,9798.032509913955,88049.06020081222
HST,1990-04-12,1.3753604888916016,7.1150359718163685,0.09075987339019775,0.3846146773687231,1.0909890476721713,Hammer,1990-04-20,1.382341980934143,1990-05-04,1.2357299327850342,Stop loss (-3%),2,-0.1060606204334712,-0.1128864045789609,-11288.64044660745,88711.35955339254
HST,1992-04-10,0.8692111968994141,1.7599356778132744,0.10865139961242676,0.1333332967609284,1.4299395199749518,Hammer,1992-04-16,0.883698046207428,1992-09-18,1.0185010433197021,RSI(2) acum > 180,22,0.15254418371841938,0.1404335225500703,12458.048699830695,101169.40825322323
HST,2011-03-18,10.163491249084473,9.167484493553886,0.6221351623535156,0.2710283955386323,1.1088977715660389,Hammer,2011-03-25,10.3262939453125,2011-04-15,9.709633827209473,Stop loss (-3%),3,-0.05971746701854763,-0.06065649873289628,-6136.58207738292,95032.82617584031
HST,2013-06-14,10.36734390258789,5.410689567290902,0.7013912200927734,0.25321906502307395,1.4608100397015875,Hammer,2013-06-21,10.43356990814209,2013-06-28,9.59671688079834,Stop loss (-3%),1,-0.08020773663391012,-0.08112730333713673,-7709.756908443029,87323.06926739727
HST,2020-03-20,8.547651290893555,1.7211084437826543,2.936246395111084,0.37209307612920617,2.6315205401429242,Hammer,2020-03-27,8.467315673828125,2020-04-09,8.09673023223877,Stop loss (-3%),2,-0.04376657914559734,-0.04492106482351984,-3922.6452512268206,83400.42401617045
HSY,1994-01-07,5.825000762939453,2.457662002922305,0.2552189826965332,0.3529416160812207,1.2404680566290354,Hammer,1994-01-14,5.8400139808654785,1994-03-04,6.161592483520508,RSI(2) acum > 180,7,0.0550646802745105,0.05330671640393455,5330.671635062783,105330.6716350628
HSY,1994-04-22,5.466903209686279,5.808330920121989,0.30203866958618164,0.19999968425423217,1.4053547920369986,Hammer,1994-04-29,5.451801300048828,1994-05-27,5.140110492706299,Stop loss (-3%),4,-0.05717207766536492,-0.058952267024942,-6209.481873937224,99121.18976112558
HSY,1999-09-10,13.918355941772461,0.16761078949552655,0.9737815856933594,0.3620691343709235,1.1399799986108048,Hammer,1999-09-17,13.431465148925781,1999-10-08,13.062100410461426,Stop loss (-3%),3,-0.027499958818260173,-0.028233968849663182,-2798.5845812585876,96322.60517986701
HSY,2002-06-07,18.70916748046875,8.489486750622717,0.9214267730712891,0.32615666134678,1.4082668063648882,Hammer,2002-06-14,18.740354537963867,2002-07-05,17.776403427124023,Stop loss (-3%),3,-0.05143718646768869,-0.0519569319890621,-5004.627041335003,91317.97813853201
HSY,2003-03-14,18.013492584228516,4.125766619593364,0.7623100280761719,0.2716991518002352,1.0907282815888923,Hammer,2003-03-21,18.03650665283203,2003-05-16,19.454687118530273,RSI(2) acum > 180,8,0.07862833380074541,0.07805226541194644,7127.575059423449,98445.55319795547
HTMXQ-201305,1990-06-29,9.910670280456543,0.3303470895388756,1.2388334274291992,0.09090916089240199,1.4544160811651794,Hammer,1990-07-06,9.798048973083496,1990-07-13,9.460185050964355,Stop loss (-3%),1,-0.03448277540225575,-0.035485278414326,-3548.527837884073,96451.47216211594
HTMXQ-201305,1994-10-07,5.25,4.774707701086427,0.375,0.3333333333333333,1.0299195395842584,Hammer,1994-10-14,5.375,1995-04-28,5.75,RSI(2) acum > 180,28,0.06976744186046502,0.06784386617100381,6543.640762819254,102995.1129249352
HUM,1990-11-02,8.147111892700195,9.962209205348017,1.1220569610595703,0.3478261239101722,2.0791410754044297,Hammer,1990-11-09,8.147111892700195,1991-01-18,7.49169397354126,Stop loss (-3%),10,-0.08044788481991871,-0.0816252190741866,-8162.521899256139,91837.47810074386
HUM,1992-09-04,6.581266403198242,3.5923490134086506,0.5419864654541016,0.28571441139933207,1.320724886297189,Hammer,1992-09-11,6.581266403198242,1992-10-23,7.199031829833984,RSI(2) acum > 180,6,0.09386725727065715,0.09227768654189496,8474.550008504037,100312.02810924788
HUM,2002-07-26,11.358948707580566,2.1740316685337433,2.2438507080078125,0.29571991050845614,1.7221256004124998,Hammer,2002-08-02,12.162195205688477,2002-08-09,10.389814376831055,Stop loss (-3%),1,-0.14572869444065883,-0.146490690642007,-14694.778262729364,85617.24984651852
HWM,1997-10-31,21.436134338378906,2.647763354379876,2.3491649627685547,0.26562491119556947,1.7936113869700723,Hammer,1997-11-07,21.729780197143555,1997-11-14,20.810115814208984,Stop loss (-3%),1,-0.0423227650989062,-0.04277312098406912,-4277.3120941296,95722.6879058704
HWM,1997-11-14,20.62595558166504,1.2869477221564267,1.5285301208496094,0.2289160084353436,1.138837678787326,Hammer,1997-11-21,20.69961929321289,1997-12-05,19.741987228393555,Stop loss (-3%),2,-0.04626326944734338,-0.04673508124520462,-4473.607591816612,91249.0803140538
HWM,2002-07-26,32.4979248046875,4.770720545275594,4.633493423461914,0.21917807091386973,1.385223217938797,Hammer,2002-08-02,32.94223403930664,2002-08-23,31.166187286376953,Stop loss (-3%),3,-0.0539139741042004,-0.05420930785263793,-4946.549481068076,86302.53083298574
HWM,2004-03-26,45.8293342590332,8.001088462309752,3.042938232421875,0.12608689111532329,1.0890920225872518,Hammer,2004-04-02,46.080711364746094,2004-04-30,43.28914260864258,Stop loss (-3%),4,-0.06057998397653208,-0.0607903984367402,-5246.365230189895,81056.16560279585
HWM,2008-09-19,39.21391677856445,7.128077354362361,7.672695159912109,0.2937920830327476,1.5542769947611899,Hammer,2008-09-26,38.93580627441406,2008-10-03,33.959049224853516,Stop loss (-3%),1,-0.12781954518894678,-0.12805993318215086,-10380.047140715345,70676.1184620805
HWM,2011-08-12,19.01422119140625,3.541124362427439,2.031698226928711,0.3206107801857876,1.159755279935109,Hammer,2011-08-19,19.35542106628418,2011-08-26,18.2697811126709,Stop loss (-3%),1,-0.05608970995233953,-0.05659174198030848,-3999.684656176092,66676.4338059044
HWM,2018-12-28,12.580429077148438,3.931021044770219,1.2235145568847656,0.32515425410850635,1.027129486287945,Hammer,2019-01-04,12.595441818237305,2019-04-18,15.588937759399414,RSI(2) acum > 180,15,0.23766502075598006,0.23677708958140933,15787.45192444208,82463.88573034649
IBM,1990-08-24,9.972023010253906,1.650635009081526,0.6209230422973633,0.38000107512843945,1.2861031029913743,Hammer,1990-08-31,10.232810974121094,1990-11-23,11.466072082519531,RSI(2) acum > 180,12,0.12052026676905991,0.11948463509343628,11948.463497395165,111948.46349739518
IBM,1991-12-13,9.255257606506348,2.7882375044941625,0.6573343276977539,0.2799997098358396,1.458115423376073,Hammer,1991-12-20,9.228963851928711,1992-04-03,8.886670112609863,Stop loss (-3%),15,-0.0370890757414023,-0.03815195131452283,-4271.052324817205,107677.41117257798
IBM,2002-02-01,53.22093963623047,3.859554039887385,4.538562774658203,0.2399565625585729,1.426383742152593,Hammer,2002-02-08,53.22093963623047,2002-02-22,50.08378982543945,Stop loss (-3%),2,-0.05894578021796859,-0.059128121218714566,-6366.763013962798,101310.6481586152
IBM,2020-10-30,84.36787414550781,9.408451317762598,6.78509521484375,0.3608017667113442,1.130429459095835,Hammer,2020-11-06,85.11589813232422,2020-12-11,96.95894622802734,RSI(2) acum > 180,5,0.13914025881852887,0.1390146057588363,14083.659798858407,115394.3079574736
ICE,2008-03-20,21.229162216186523,8.52159626072509,3.8666515350341797,0.3579597669539704,1.2563527216340964,Hammer,2008-03-28,21.127140045166016,2008-04-18,25.145122528076172,RSI(2) acum > 180,3,0.19018108813215773,0.18966287722605668,18966.287703639377,118966.28770363938
ICE,2008-10-03,13.298620223999023,8.955428241299217,4.194820404052734,0.31130922014064516,1.4070988384542886,Hammer,2008-10-10,12.905835151672363,2008-10-31,9.778847694396973,Stop loss (-3%),3,-0.2422925305124628,-0.24297324072556611,-28905.624431537697,90060.6632721017
ICE,2011-05-06,19.99639129638672,7.774787221251387,1.4572029113769531,0.3698877216313217,1.393539719310986,Hammer,2011-05-13,20.023597717285156,2011-07-15,21.562435150146484,RSI(2) acum > 180,9,0.07685119600325097,0.07633272455923881,6874.5757962971165,96935.23906839882
ICE,2021-05-21,105.70091247558594,9.210925230868526,4.338813781738281,0.11302327953198275,1.0104990625203645,Hammer,2021-05-28,106.16795349121094,2021-07-09,111.53532409667969,RSI(2) acum > 180,6,0.050555468283685956,0.050458901531002735,4891.2456781453,101826.48474654411
IFF,1997-10-03,24.944664001464844,9.741554118683993,1.2800140380859375,0.14634120900735514,1.1628858527415786,Hammer,1997-10-10,24.91344451904297,1997-11-07,24.039287567138672,Stop loss (-3%),4,-0.03508775959246113,-0.035482028231281194,-3548.2028195799166,96451.7971804201
IFF,1999-03-26,19.54323387145996,5.073168359875751,1.8455657958984375,0.321410116493456,1.384875729247619,Hammer,1999-04-01,19.576189041137695,1999-04-16,18.45566749572754,Stop loss (-3%),2,-0.05723900311012908,-0.05773508151292896,-5568.6523667113925,90883.14481370871
IFF,2002-06-28,19.12152862548828,5.424650610334879,1.2064990997314453,0.3414622964399821,1.1873366867561226,Hammer,2002-07-05,19.18626594543457,2002-07-19,18.062164306640625,Stop loss (-3%),2,-0.05858886987133771,-0.05909467577691178,-5370.709970981528,85512.43484272718
IFF,2004-07-30,22.330808639526367,8.079923726465893,0.8800315856933594,0.09722143956305945,1.111634401370388,Hammer,2004-08-06,22.361364364624023,2004-09-03,23.528629302978516,RSI(2) acum > 180,4,0.05220007685224792,0.051741307594223664,4424.52518990403,89936.96003263122
IFF,2005-04-01,24.676639556884766,6.032725335091996,0.8978958129882812,0.2896553628631393,1.083129381671891,Hammer,2005-04-08,24.52182960510254,2005-05-06,23.469125747680664,Stop loss (-3%),4,-0.04292925423488081,-0.04332821952661957,-3896.808343953847,86040.15168867738
IFF,2005-11-04,20.275224685668945,2.9834931605725927,1.038473129272461,0.391566674441969,1.192721168003046,Hammer,2005-11-11,20.375316619873047,2006-08-11,23.802141189575195,RSI(2) acum > 180,39,0.16818509540901072,0.16765316424821225,14424.903668578023,100465.05535725539
IFF,2008-02-01,27.8856258392334,6.541136828730529,3.319093704223633,0.25196863968333966,1.9921030799309045,Hammer,2008-02-08,27.8594913482666,2008-04-11,29.97115707397461,RSI(2) acum > 180,9,0.07579699497418835,0.07542451428379471,7577.527995238008,108042.5833524934
IFF,2008-11-21,18.126026153564453,0.8119354973565862,2.665395736694336,0.36408920629582053,1.0945735636763694,Hammer,2008-11-28,18.39190101623535,2009-03-06,17.317609786987305,Stop loss (-3%),14,-0.05841110325135623,-0.058938797805736645,-6367.899968254156,101674.68338423925
IFF,2011-08-12,40.0970458984375,1.4316126990607927,2.837158203125,0.12781951854401513,1.4863213659105492,Hammer,2011-08-19,40.367252349853516,2011-08-26,38.26249313354492,Stop loss (-3%),1,-0.052140264540849524,-0.052381501977713386,-5325.872623449039,96348.8107607902
IFF,2013-06-28,55.73177719116211,2.438492171157634,2.8483810424804688,0.35731887299346715,1.3878441743899956,Hammer,2013-07-05,56.48069381713867,2013-08-16,61.76023864746094,RSI(2) acum > 180,6,0.09347521203289877,0.09328990181799622,8988.371087166444,105337.18184795666
IFF,2025-04-11,71.05999755859375,4.315245610749471,8.021808624267578,0.24576233707377873,1.8815480354728522,Hammer,2025-04-17,71.64269256591797,2025-08-08,68.24882507324219,Stop loss (-3%),16,-0.047372137633619915,-0.04750840356155387,-5004.401340265111,100332.78050769155
IGT-201504,2006-03-24,29.319154739379883,8.99982300204475,1.7346115112304688,0.24877946331572534,1.4997184087259625,Hammer,2006-03-31,29.276844024658203,2006-09-22,33.982337951660156,RSI(2) acum > 180,25,0.16072408361498214,0.16035513074408445,16035.513058372933,116035.51305837293
IGT-201504,2008-09-26,16.18854522705078,7.257029989105078,2.8795242309570312,0.09756077366364178,1.1073429139964615,Hammer,2008-10-03,15.872498512268066,2008-10-10,13.388031005859375,Stop loss (-3%),1,-0.15652655468755683,-0.15710708487746303,-18230.001180631763,97805.51187774118
IGT-201504,2011-08-12,14.32580280303955,7.261929038173662,1.8934803009033203,0.1902437623963841,1.574132604432135,Hammer,2011-08-19,14.436640739440918,2011-08-26,13.282078742980957,Stop loss (-3%),1,-0.07997442184078851,-0.08063917510975588,-7886.955791121523,89918.55608661968
IKN-200810,1993-07-16,13.632867813110352,0.9598295042792557,0.6267986297607422,0.37499961962491973,1.059360115320223,Hammer,1993-07-23,13.672042846679688,1993-11-19,15.751479148864746,RSI(2) acum > 180,17,0.152094045162392,0.1513072910119197,15130.729086061241,115130.72908606124
IKN-200810,1994-11-25,17.72315216064453,4.084330687233859,1.0472774505615234,0.3846159449984064,1.6791775718807609,Hammer,1994-12-02,17.763431549072266,1994-12-30,20.260786056518555,RSI(2) acum > 180,4,0.1405896434226257,0.13998728591079043,16116.838273571375,131247.56735963264
IKN-200810,1997-03-21,29.409616470336914,1.5955542126930453,3.8047409057617188,0.29729744633493416,1.641132131640922,Hammer,1997-03-27,29.615278244018555,1997-04-04,28.38130760192871,Stop loss (-3%),1,-0.04166669081824581,-0.041997263896096204,-5512.038716611116,125735.52864302153
IKN-200810,1997-04-25,19.435026168823242,2.8665853860017307,3.496248245239258,0.29411780751221606,1.2435211413094425,Hammer,1997-05-02,19.435026168823242,1997-06-27,19.25650978088379,Stop loss (-3%),8,-0.00918529187399919,-0.009697332004716432,-1219.2991648206134,124516.22947820091
ILMN,2018-02-09,211.07266235351562,9.961621917740203,15.675704956054688,0.39987618305051087,1.3324747871596956,Hammer,2018-02-16,212.27774047851562,2018-05-25,263.3670654296875,RSI(2) acum > 180,14,0.2406720781745959,0.2406193025209294,24061.930228031015,124061.93022803101
INCLF-200701,1991-12-13,25.778833389282227,2.768244797477408,1.5489425659179688,0.3571430330553681,1.2219118260922857,Hammer,1991-12-20,25.668193817138672,1992-01-24,29.872467041015625,RSI(2) acum > 180,5,0.16379310729178598,0.16337169632073503,16337.169615736333,116337.16961573633
INCLF-200701,1992-10-16,19.85202407836914,1.2681217227338095,1.1344013214111328,0.30000016813702496,1.0310371239220302,Hammer,1992-10-23,19.511703491210938,1992-11-13,18.916078567504883,Stop loss (-3%),3,-0.03052654648910358,-0.031031107480768465,-3610.071210744234,112727.0984049921
INCLF-200701,1996-07-19,29.793107986450195,5.743909854602009,2.7630691528320312,0.21739088416477753,1.7741528849965507,Hammer,1996-07-26,29.6729736328125,1996-10-18,28.563779830932617,Stop loss (-3%),12,-0.037380608212900235,-0.03771126073926032,-4251.080996079832,108476.01740891227
INCLF-200701,2001-09-28,12.267330169677734,1.8572209990494173,2.0857419967651367,0.33175328146154265,1.5722476246527177,Hammer,2001-10-05,12.188249588012695,2001-12-14,16.606861114501953,RSI(2) acum > 180,10,0.3625304433242835,0.36156165710110694,39220.768570874076,147696.78597978633
INCLF-200701,2002-07-19,19.176969528198242,7.762740953762048,1.3740196228027344,0.3669067244878412,1.025787371016149,Hammer,2002-07-26,18.78156852722168,2002-08-02,17.348237991333008,Stop loss (-3%),1,-0.07631580577581831,-0.07682778969439204,-11347.217600445438,136349.56837934093
INFO-202202,2018-10-12,50.90451431274414,2.5958724007939225,5.547946929931641,0.329191308072755,2.668464888672921,Hammer,2018-10-19,50.649208068847656,2018-11-30,49.09771728515625,Stop loss (-3%),6,-0.03063208375504034,-0.03082647707312046,-3082.647704229398,96917.35229577062
INGR-200611,1990-07-20,16.5,1.5944368645256048,2.25,0.3333333333333333,1.4109613855343492,Hammer,1990-07-27,16.25,1990-08-03,15.25,Stop loss (-3%),1,-0.06153846153846154,-0.06213472777606892,-6213.472771393419,93786.52722860659
INTC,2012-05-25,18.06258773803711,3.9706300017103615,0.9543552398681641,0.39705850023083517,1.1608865397552888,Hammer,2012-06-01,18.273107528686523,2012-06-08,17.739791870117188,Stop loss (-3%),1,-0.02918582171817774,-0.02972494049050921,-2972.4940460784273,97027.50595392156
INTC,2020-03-13,48.250484466552734,8.09119151318096,8.536693572998047,0.3198338757455282,2.3689265361633822,Hammer,2020-03-20,42.116119384765625,2020-03-27,40.795284271240234,Stop loss (-3%),1,-0.03136174777781564,-0.031595435566860224,-3065.6263095146487,93961.8796444069
INTU,2011-08-12,37.23068618774414,1.0950206617830816,2.9071388244628906,0.24471420004750102,1.2569191697581585,Hammer,2011-08-19,37.45904541015625,2011-10-28,47.10400390625,RSI(2) acum > 180,10,0.257480093005219,0.25717880678955657,25717.88065323778,125717.88065323776
INTU,2022-05-13,361.3926696777344,1.1793878466244365,50.131866455078125,0.3717271526936102,1.2532816627985632,Hammer,2022-05-20,359.7789306640625,2022-08-12,458.935791015625,RSI(2) acum > 180,12,0.2756049671072833,0.275573342501886,34644.496549221425,160362.37720245917
IP,1992-06-12,10.55972957611084,2.0413118588540016,0.5650043487548828,0.10344839226938982,1.0634561376891483,Hammer,1992-06-19,10.540246963500977,1992-07-24,9.819379806518555,Stop loss (-3%),5,-0.0683918659096564,-0.06930773262229767,-6930.773255298995,93069.226744701
IP,1995-10-27,12.52698040008545,3.75789181107028,0.7170324325561523,0.2352941958840906,1.0958200323919196,Hammer,1995-11-03,12.569158554077148,1995-11-17,11.852126121520996,Stop loss (-3%),2,-0.05704697171821127,-0.057819569351653624,-5381.222604888793,87688.0041398122
IP,2000-03-10,13.462167739868164,7.856495679422977,1.7002391815185547,0.2876712866622168,1.0219011230708934,Hammer,2000-03-17,13.136094093322754,2000-06-02,12.751755714416504,Stop loss (-3%),11,-0.029258193202316818,-0.03000803252041408,-2631.3444772463445,85056.65966256586
IP,2007-08-17,15.114106178283691,2.7451981518123603,1.3619604110717773,0.3221475241208891,1.4985711987134458,Hammer,2007-08-24,14.762189865112305,2007-10-12,16.65888023376465,RSI(2) acum > 180,7,0.1284829951371116,0.12776231536845598,10867.03576512913,95923.695427695
IP,2014-03-28,25.85131072998047,7.163915552339091,1.1119461059570312,0.30456962503001817,1.055607215287791,Hammer,2014-04-04,26.05451011657715,2014-06-06,27.042362213134766,RSI(2) acum > 180,9,0.037914821354829265,0.0375238096258602,3599.4224822384012,99523.1179099334
IP,2016-01-29,20.71511459350586,7.282834042170151,1.5198726654052734,0.31872457962655504,1.0899175363142253,Hammer,2016-02-05,20.60611915588379,2016-03-18,24.519203186035156,RSI(2) acum > 180,6,0.1898991265919201,0.18936788442354743,18846.48227099287,118369.60018092627
IP,2020-03-13,24.0836238861084,3.582417800002773,4.06195068359375,0.17730481134768825,1.8884802352472287,Hammer,2020-03-20,20.727474212646484,2020-10-30,33.90424728393555,RSI(2) acum > 180,32,0.6357153281729571,0.6350796791662007,75174.12763075998,193543.72781168626
IPG-202511,2002-06-28,15.054360389709473,1.896236753866546,2.4381256103515625,0.2618452138811528,1.5110032731017777,Hammer,2002-07-05,15.060440063476562,2002-07-19,13.92345905303955,Stop loss (-3%),2,-0.07549454103896547,-0.07613325635390239,-7613.325627776914,92386.67437222307
IPG-202511,2002-08-09,10.427393913269043,8.312949416543745,4.140556812286377,0.35389134895329316,2.215528479381646,Hammer,2002-08-16,10.33619213104248,2002-09-27,9.684014320373535,Stop loss (-3%),6,-0.06309652552899758,-0.06403302465304764,-5915.798191773845,86470.87618044924
IPG-202511,2008-09-19,5.246018886566162,6.952161819888943,0.8610115051269531,0.25000055381043734,1.8109269408934328,Hammer,2008-09-26,5.209118843078613,2008-10-03,4.944665431976318,Stop loss (-3%),1,-0.05076739830070798,-0.05263658527204709,-4551.531643069311,81919.34453737993
IPG-202511,2015-09-04,12.861510276794434,6.393204242370771,0.7547512054443359,0.3936650097167854,1.1836580654570752,Hammer,2015-09-11,13.093741416931152,2015-10-30,15.306767463684082,RSI(2) acum > 180,7,0.16901403321523722,0.16818608571853674,13777.693888592432,95697.03842597237
IQV,2022-01-28,238.82000732421875,5.809550807878111,14.524993896484375,0.37796850542593313,1.046890972374373,Hammer,2022-02-04,238.92999267578125,2022-02-25,226.8300018310547,Stop loss (-3%),3,-0.050642410813387384,-0.05068320344839153,-5068.320339770833,94931.67966022916
ITT,1994-12-02,1.6088920831680298,4.6617097324352414,0.08533906936645508,0.26470645754292643,1.298803831153155,Hammer,1994-12-09,1.6088920831680298,1995-01-06,1.7720402479171753,RSI(2) acum > 180,4,0.10140404471870768,0.09489368362754438,9489.368353265068,109489.36835326508
ITT,2002-12-06,7.5106048583984375,3.7304169679777317,0.6889200210571289,0.1252261605653495,1.412774595525309,Hammer,2002-12-13,7.476846218109131,2003-01-31,7.160518169403076,Stop loss (-3%),7,-0.04230768421315112,-0.043615979157150736,-4775.486003250124,104713.88235001494
ITW,2002-09-20,17.69518280029297,6.3198816269381695,1.3659133911132812,0.335482843944971,1.035634489426183,Hammer,2002-09-27,17.389686584472656,2002-11-22,19.430200576782227,RSI(2) acum > 180,8,0.11734046973172907,0.116731852709672,11673.185259294016,111673.18525929401
ITW,2006-06-16,29.80666732788086,5.259534059526857,1.6686286926269531,0.35555563175979205,1.3494921649468286,Hammer,2006-06-23,29.800487518310547,2006-07-14,28.442590713500977,Stop loss (-3%),3,-0.04556626142358333,-0.045894126172880835,-5125.143249292392,106548.04201000163
ITW,2011-08-12,31.838903427124023,1.9610103030571366,2.725618362426758,0.13989624977869278,1.3086831566850379,Hammer,2011-08-19,31.782411575317383,2011-08-26,29.91119956970215,Stop loss (-3%),1,-0.05887570869758796,-0.05918103778780071,-6305.623694104461,100242.41831589719
IVZ,2014-02-07,19.43212127685547,2.18968277418368,0.9810619354248047,0.30722705347821266,1.0952527780888182,Hammer,2014-02-14,19.751258850097656,2014-04-04,21.898151397705078,RSI(2) acum > 180,7,0.10869649189964448,0.1081628138111208,10816.281370295797,110816.28137029581
IVZ,2014-10-17,22.1192569732666,1.4682572279373431,1.6277446746826172,0.15185251585702952,1.713287808538761,Hammer,2014-10-24,22.00471305847168,2015-02-27,24.399986267089844,RSI(2) acum > 180,18,0.10885273542324136,0.1083736622227366,12009.56623399461,122825.84760429041
IVZ,2016-07-01,16.122941970825195,4.199134454460378,1.9063644409179688,0.3472456787702454,1.3616751546877384,Hammer,2016-07-08,15.874701499938965,2016-08-05,18.598987579345703,RSI(2) acum > 180,4,0.17161179877411947,0.17092802905754706,20994.380027329615,143820.22763162004
J,2008-07-11,59.39089584350586,4.467491913487876,7.5379638671875,0.25529748506097066,1.3323649217135218,Hammer,2008-07-18,60.113502502441406,2008-08-15,55.45838165283203,Stop loss (-3%),4,-0.07743885576157061,-0.07759875338578037,-7759.875330818162,92240.12466918184
J,2008-09-12,49.14505386352539,5.451687186162857,8.53439712524414,0.2522280791385461,1.418204159196177,Hammer,2008-09-19,46.88594436645508,2008-10-03,40.983367919921875,Stop loss (-3%),2,-0.12589223756269796,-0.12609207441688786,-11630.748652378741,80609.3760168031
J,2011-08-12,26.797401428222656,5.8414489105556555,2.882831573486328,0.36411579996215515,1.2501036685906324,Hammer,2011-08-19,27.078838348388672,2011-08-26,24.971864700317383,Stop loss (-3%),1,-0.07780886391667041,-0.07816372335560173,-6300.728960544346,74308.64705625876
J,2016-01-22,28.45560073852539,8.706212175294922,2.4416580200195312,0.3115264675830305,1.2734705192819744,Hammer,2016-01-29,28.235013961791992,2016-03-18,31.55141258239746,RSI(2) acum > 180,7,0.1174569499095437,0.11708204624399056,8700.208442269053,83008.85549852783
J,2022-05-13,105.94151306152344,4.366283298358837,6.8462371826171875,0.35813896472948126,1.138371007918962,Hammer,2022-05-20,105.83006286621094,2022-06-24,96.0718994140625,Stop loss (-3%),5,-0.0922059685864931,-0.09229609911506019,-7661.3935468584405,75347.46195166938
JAVA-201001,1997-01-03,13.875,8.326260052611772,1.4375,0.21739130434782608,1.1131323568142173,Hammer,1997-01-10,14.1875,1997-01-17,13.875,Stop loss (-3%),1,-0.022026431718061623,-0.02272326933239381,-2272.326930967054,97727.67306903296
JCI,1993-05-21,2.1589231491088867,8.770781036080322,0.1366407871246338,0.20000069794263958,1.0639816275699774,Hammer,1993-05-28,2.1589231491088867,1993-11-12,2.6016829013824463,RSI(2) acum > 180,24,0.20508360960245953,0.1999885034973503,19998.850329736182,119998.85032973619
JCI,1997-10-31,8.55088996887207,3.4486619188572973,1.4063963890075684,0.3600000949336939,2.6335052880584255,Hammer,1997-11-07,8.986872673034668,1997-11-14,8.55088996887207,Stop loss (-3%),1,-0.04851328376675179,-0.04959842297367444,-5951.7537290571545,114047.09660067904
JCI,2002-02-08,13.520445823669434,0.38677596629156596,5.294150352478027,0.3264957391207387,1.8750623008286769,Hammer,2002-02-15,13.800990104675293,2002-02-22,12.44351577758789,Stop loss (-3%),1,-0.09836064780798137,-0.09904934863196219,-11296.290620367436,102750.8059803116
JCI,2011-08-12,13.446760177612305,1.6510312955184219,1.2790660858154297,0.2150264166812059,1.5634208576015627,Hammer,2011-08-19,13.744987487792969,2011-08-26,12.827108383178711,Stop loss (-3%),1,-0.0667791880807046,-0.06748217810656294,-6933.848182822432,95816.95779748917
JCI,2017-11-17,29.816614151000977,4.580090909897578,1.7616329193115234,0.1255820953374989,1.1258640101733282,Hammer,2017-11-24,30.1033935546875,2018-01-05,31.61772918701172,RSI(2) acum > 180,6,0.05030448243561625,0.04996399524244991,4787.398018752376,100604.35581624154
JCI,2022-02-25,59.67473220825195,4.524203722200895,3.693756103515625,0.15802502540545452,1.0492497324226313,Hammer,2022-03-04,58.88125228881836,2022-03-18,55.6617546081543,Stop loss (-3%),2,-0.05467780584679327,-0.054842982107681175,-5517.442880467483,95086.91293577406
JCI-201609,1993-10-08,2.813708782196045,8.596045505502744,0.13117504119873047,0.3500003635121086,1.188401123251892,Hammer,1993-10-15,2.820267677307129,1994-02-04,3.076848268508911,RSI(2) acum > 180,16,0.09097738958125157,0.08727689527698398,8727.689518970707,108727.68951897071
JCI-201609,1997-04-04,4.513252258300781,3.0413788141045472,0.31421375274658203,0.3636369154751318,1.6581023144345057,Hammer,1997-04-11,4.498970031738281,1997-04-18,4.156191349029541,Stop loss (-3%),1,-0.07619047921870681,-0.07832616119174922,-8516.22252675314,100211.46699221757
JCI-201609,2002-06-28,10.259536743164062,3.3733714016386216,0.8925704956054688,0.20422511133335042,1.4990446527402672,Hammer,2002-07-05,10.400337219238281,2002-07-19,9.780566215515137,Stop loss (-3%),2,-0.059591433494743606,-0.06052384372115972,-6065.183161239947,94146.28383097763
JCI-201609,2003-03-07,9.77156925201416,2.9703102756383544,0.5730075836181641,0.38495478012522427,1.1058839739449609,Hammer,2003-03-14,9.698040962219238,2003-04-04,9.191566467285156,Stop loss (-3%),3,-0.05222441283834123,-0.05322810621382301,-5011.228390380777,89135.05544059684
JCI-201609,2011-08-12,28.772275924682617,2.032895043108951,2.873859405517578,0.38602934832385366,1.1713593046434614,Hammer,2011-08-19,29.13580894470215,2011-08-26,26.22754669189453,Stop loss (-3%),1,-0.09981745344113524,-0.10014348806669497,-8926.295351913308,80208.76008868353
JCI-201609,2014-10-17,38.92681884765625,0.3611446456438614,2.8728981018066406,0.2913892071973263,1.4926340540070346,Hammer,2014-10-24,38.85071563720703,2014-11-14,46.37542724609375,RSI(2) acum > 180,3,0.19368270276288957,0.1934004170467746,15512.407636443677,95721.1677251272
JEF,2007-11-23,27.68988609313965,3.966663605437546,1.801675796508789,0.2551733702309027,1.0127981031928814,Hammer,2007-11-30,27.708524703979492,2008-01-25,25.489864349365234,Stop loss (-3%),8,-0.08007139962582033,-0.08041778800854728,-8041.778792812949,91958.22120718706
JEF,2011-08-12,17.817216873168945,4.586332070265939,2.413010597229004,0.23237617207955813,1.6207645855998425,Hammer,2011-08-19,17.99362564086914,2011-08-26,16.897375106811523,Stop loss (-3%),1,-0.06092438266403022,-0.06146305590942869,-5652.033285736916,86306.18792145015
JEF,2014-10-03,16.034799575805664,6.796311878373487,0.7738142013549805,0.38260888855476255,1.199783560306754,Hammer,2014-10-10,16.12227439880371,2014-10-17,14.776508331298828,Stop loss (-3%),1,-0.08347247008801317,-0.08406665838124831,-7255.4728089248965,79050.71511252526
JH-200705,1993-12-17,16.509366989135742,1.420264985222829,1.3058252334594727,0.2857140770505464,1.7266154929516264,Hammer,1993-12-23,16.60264015197754,1994-03-11,18.289838790893555,RSI(2) acum > 180,11,0.10162230967314279,0.10098958211810151,10098.958201711193,110098.95820171118
JHF-200404,2002-02-08,36.75299835205078,1.0011197272531263,2.653186798095703,0.39852368813415057,1.2436280698825517,Hammer,2002-02-15,36.615936279296875,2002-06-14,34.559959411621094,Stop loss (-3%),17,-0.05614978276107219,-0.05641518425195891,-5641.518419554373,94358.48158044562
JNJ,1991-01-11,3.6458303928375244,9.819775450896358,0.18799853324890137,0.2857139233731927,1.0991807931507767,Hammer,1991-01-18,3.5988306999206543,1991-02-08,4.0285420417785645,RSI(2) acum > 180,3,0.11940304440200089,0.11646255798507703,11646.255786861446,111646.25578686144
JNJ,2001-03-30,22.347265243530273,6.181312653454853,2.2303829193115234,0.20160377915155517,1.5639540664557638,Hammer,2001-04-06,22.354928970336914,2001-05-11,25.0886173248291,RSI(2) acum > 180,5,0.12228570970274877,0.12181113625653653,13599.757262585754,125246.01304944718
JNJ,2002-05-17,31.92759132385254,9.447108625715543,1.39617919921875,0.34153142076502735,1.0526827969681771,Hammer,2002-05-24,31.92759132385254,2002-06-14,30.416133880615234,Stop loss (-3%),3,-0.047340165059934325,-0.04764591222200092,-5967.460537942083,119278.55251150508
JNJ,2015-08-28,70.83406829833984,4.348320694180458,10.874073028564453,0.36413380748361823,4.003859902979231,Hammer,2015-09-04,70.61822509765625,2015-09-11,69.28594207763672,Stop loss (-3%),1,-0.01886599412796275,-0.01900625492765953,-2267.0385741688506,117011.51393733625
JNJ,2018-12-28,103.40099334716797,5.83248569225006,6.296516418457031,0.19096761529485748,1.2190035270971964,Hammer,2019-01-04,104.14031982421875,2019-05-10,114.70237731933594,RSI(2) acum > 180,18,0.10142140443725522,0.10132051553471089,11855.66690377225,128867.18084110851
JNJ,2025-04-11,146.7729949951172,4.04964862349982,11.695022583007812,0.19106654750177768,1.8427345843342477,Hammer,2025-04-17,146.63275146484375,2025-08-01,163.76808166503906,RSI(2) acum > 180,15,0.11685881925433028,0.1167866393825678,15049.964962088725,143917.14580319726
JNPR-202507,2020-03-13,17.508054733276367,7.111178403551364,3.096250534057617,0.3008358759510561,2.4999462028166093,Hammer,2020-03-20,14.480801582336426,2020-05-01,20.2420711517334,RSI(2) acum > 180,6,0.39785570823817706,0.39702805099925603,39702.8050602228,139702.8050602228
JNS-201705,2001-02-23,28.579442977905273,3.0879451460799316,6.538318634033203,0.30817611163717684,1.2440164726047251,Hammer,2001-03-02,27.96261978149414,2001-03-09,26.39177894592285,Stop loss (-3%),1,-0.05617645441829744,-0.056523967642656346,-5652.3967586132385,94347.60324138677
JNY-201404,2002-06-28,30.673145294189453,5.415979429189221,2.200288772583008,0.33457265827832366,1.2047656726328348,Hammer,2002-07-05,30.673145294189453,2002-07-12,29.127220153808594,Stop loss (-3%),1,-0.050399954929751245,-0.05071770556727749,-5071.770551655978,94928.22944834403
JNY-201404,2002-07-26,26.17441749572754,3.2041605322229287,2.2493629455566406,0.23636368261548663,1.099210351023077,Hammer,2002-08-02,26.583393096923828,2002-08-30,30.591352462768555,RSI(2) acum > 180,4,0.15076929236352887,0.1503648359368989,14273.867632506677,109202.0970808507
JOS-200005,1991-05-03,22.98001480102539,8.727578619911284,2.0250587463378906,0.13043531497182856,1.1705733747606626,Hammer,1991-05-10,23.06806182861328,1991-05-24,21.974939346313477,Stop loss (-3%),2,-0.047386836849202085,-0.04780997383415338,-4780.99737863434,95219.00262136565
JOS-200005,1997-10-31,21.143287658691406,5.749025564176449,2.60748291015625,0.19565246014840476,1.6330032458891366,Hammer,1997-11-07,21.31334114074707,1997-12-26,20.370868682861328,Stop loss (-3%),7,-0.04421983637675242,-0.044678544714026686,-4254.246461989464,90964.75615937618
JPM,1990-09-28,1.7764478921890259,4.869823354594544,0.41545963287353516,0.3793103151448096,1.847045921794258,Hammer,1990-10-05,1.7764478921890259,1990-10-19,1.4326192140579224,Stop loss (-3%),2,-0.19354841740244966,-0.19861859540349638,-19861.85952048778,80138.14047951224
JPM,1995-03-10,5.351072311401367,9.811285587792668,0.3087153434753418,0.05555564136584582,1.2958732559307313,Hammer,1995-03-17,5.333921432495117,1995-05-12,6.0201544761657715,RSI(2) acum > 180,8,0.1286545091365634,0.12666098428697437,10150.375741912467,90288.51622142471
JPM,1998-09-11,13.972417831420898,7.680940944955054,2.999513626098633,0.3987342053873531,1.5717397851510995,Hammer,1998-09-18,14.238198280334473,1998-10-09,12.794519424438477,Stop loss (-3%),3,-0.10139477112704476,-0.10206126652769315,-9214.960309249815,81073.5559121749
JPM,1998-10-09,13.120128631591797,7.815219328566215,2.681486129760742,0.2928572393910963,1.3403495538894752,Hammer,1998-10-16,13.618118286132812,1998-11-06,17.314739227294922,RSI(2) acum > 180,3,0.2714487320121415,0.27061505770780686,21939.724989810587,103013.28090198549
JPM,2000-10-20,18.45435333251953,1.5043989157019553,3.9974403381347656,0.27819554253486717,1.61891533672728,Hammer,2000-10-27,18.364185333251953,2001-01-12,23.736495971679688,RSI(2) acum > 180,11,0.2925428240315193,0.2919188053876764,30071.513869901224,133084.79477188672
JPM,2002-02-08,15.609258651733398,3.30455472963412,2.03140926361084,0.30370308818372205,1.2221196135286199,Hammer,2002-02-15,15.659416198730469,2002-02-22,14.696377754211426,Stop loss (-3%),1,-0.0614990004925674,-0.06211775990719031,-8266.929320670824,124817.8654512159
JPM,2008-01-11,25.786483764648438,4.904230876402366,2.2719364166259766,0.3555550145279894,1.1945129569731199,Hammer,2008-01-18,26.045230865478516,2008-01-25,23.766983032226562,Stop loss (-3%),1,-0.0874727448191539,-0.08783982933081466,-10963.979987707411,113853.88546350849
JPM,2008-06-13,25.182283401489258,7.81130774623503,2.487691879272461,0.19181578618488393,1.0050776615566532,Hammer,2008-06-20,25.1186580657959,2008-06-27,24.170665740966797,Stop loss (-3%),1,-0.03774056409963966,-0.038131084347678715,-4341.372105578621,109512.51335792987
JPM,2010-05-28,26.150352478027344,7.725990750300937,2.074586868286133,0.28980831696057946,1.13033136145719,Hammer,2010-06-04,25.97857093811035,2010-06-11,24.96770668029785,Stop loss (-3%),1,-0.038911465154134794,-0.0392888360204252,-4302.619175201711,105209.89418272815
JPM,2013-08-23,37.21542739868164,5.594440500191197,1.6288871765136719,0.2751081374135545,1.0309556042933532,Hammer,2013-08-30,37.10161590576172,2013-09-06,36.45433044433594,Stop loss (-3%),1,-0.017446287597550736,-0.017713430486225507,-1863.628145205268,103346.26603752289
JPM,2016-01-22,43.326698303222656,5.30472347380298,2.518199920654297,0.3081570173192897,1.006628469177967,Hammer,2016-01-29,42.9691276550293,2016-11-25,60.68388366699219,RSI(2) acum > 180,43,0.41226706192834417,0.4119863968871254,42577.25573396009,145923.52177148298
JPM,2025-03-14,226.6099395751953,2.5034502687118874,12.9468994140625,0.3817767605434608,1.0510588579481133,Hammer,2025-03-21,225.38153076171875,2025-04-11,201.84454345703125,Stop loss (-3%),3,-0.10443174835639757,-0.10447379985444487,-15245.184792364453,130678.33697911854
JPM-200012,1990-08-24,22.372669219970703,4.666472740891038,1.8786201477050781,0.31818144898460615,1.254172084541832,Hammer,1990-08-31,22.885019302368164,1991-04-19,35.160888671875,RSI(2) acum > 180,33,0.5364150760509308,0.5358610321590174,53586.10316231563,153586.10316231565
JPM-200012,1994-03-31,49.62107849121094,0.799298327985781,2.7677078247070312,0.357143250939303,1.3382391316877804,Hammer,1994-04-08,49.12684631347656,1994-11-25,46.95485305786133,Stop loss (-3%),33,-0.04421194150660168,-0.04441097616591561,-6820.908760136548,146765.19440217907
JPM-200012,1994-11-25,46.752899169921875,7.564346911551269,2.4234771728515625,0.16666614198016685,1.3336991886825653,Hammer,1994-12-02,46.85387420654297,1995-01-20,49.1129264831543,RSI(2) acum > 180,7,0.04821484487393479,0.0479962934384218,7044.185330029823,153809.37973220888
JPM-200012,1996-01-12,65.11498260498047,9.444420777512946,3.842853546142578,0.38888960581944665,1.4684548846059164,Hammer,1996-01-19,64.9014892578125,1996-03-01,70.23878479003906,RSI(2) acum > 180,6,0.08223687304038374,0.08207647021342074,12624.13096151123,166433.51069372013
JPM-200012,2000-01-07,120.01289367675781,4.790431579554777,11.848602294921875,0.27319545144299495,1.349719715051725,Hammer,2000-01-14,120.07396697998047,2000-01-28,114.94364166259766,Stop loss (-3%),2,-0.042726374803942146,-0.04280787424028883,-7124.664788021873,159308.84590569825
JPM-200012,2000-10-20,138.93800354003906,3.753188278927169,28.438003540039062,0.26373159386665224,1.9526727134601658,Hammer,2000-10-27,139.0,2000-12-29,168.43800354003906,RSI(2) acum > 180,9,0.21178419812977745,0.2117046404088995,33726.42190269621,193035.26780839445
JWN-202505,1998-08-07,8.004097938537598,9.7167818395328,1.1827921867370605,0.3972602242697526,1.3417096719913557,Hammer,1998-08-14,8.101313591003418,1998-09-11,7.340335369110107,Stop loss (-3%),4,-0.09393269540119809,-0.09510836377573162,-9510.836368062326,90489.16363193767
JWN-202505,2002-04-05,6.4532036781311035,8.045259104879435,0.646141529083252,0.3983050159513585,1.2942873660937884,Hammer,2002-04-12,6.4340386390686035,2002-07-05,6.1554365158081055,Stop loss (-3%),12,-0.043301282272191766,-0.04482068511119291,-4055.786305066501,86433.37732687117
JWN-202505,2002-07-05,6.111469268798828,2.407326690251253,0.6759986877441406,0.2317073342776044,1.3001349694318671,Hammer,2002-07-12,6.111469268798828,2002-07-19,5.386007308959961,Stop loss (-3%),1,-0.11870500004681395,-0.12024289300210929,-10392.99933133291,76040.37799553825
JWN-202505,2007-07-13,29.028600692749023,4.572757706311705,1.6450138092041016,0.1750003768286334,1.0179743628204903,Hammer,2007-07-20,28.969850540161133,2007-07-27,28.335344314575195,Stop loss (-3%),1,-0.0219022954469964,-0.02224364279955848,-1691.4150047847443,74348.9629907535
K-202512,1996-10-11,12.969321250915527,9.635260588390324,0.6049127578735352,0.27999974775223596,1.101832179139017,Hammer,1996-10-18,12.993517875671387,1996-11-01,12.509587287902832,Stop loss (-3%),2,-0.03724400061623412,-0.03799899284617813,-3799.8992808179137,96200.1007191821
K-202512,2011-06-24,31.99947166442871,8.496723953024613,1.1687164306640625,0.34500052224093586,1.291576553943537,Hammer,2011-07-01,31.92934799194336,2011-08-19,31.14630889892578,Stop loss (-3%),7,-0.024524117849671123,-0.02483342052944544,-2388.977553745479,93811.12316543663
K-202512,2017-05-05,49.08826446533203,9.998933276300676,1.9582557678222656,0.2836864097244543,1.3639931067537854,Hammer,2017-05-12,49.08826446533203,2017-06-09,50.82016372680664,RSI(2) acum > 180,4,0.035281330076310624,0.035074042849412866,3290.335350365737,97101.45851580237
K-202512,2018-05-04,42.85858154296875,5.042287748324128,3.045970916748047,0.2000005009499263,1.3129044865750894,Hammer,2018-05-11,42.84424591064453,2018-06-29,49.007659912109375,RSI(2) acum > 180,7,0.1438562838594286,0.1436061211974847,13944.36380612848,111045.82232193086
K-202512,2023-06-16,57.289955139160156,8.909363715257982,2.3291053771972656,0.37291278021360685,1.0835703860860693,Hammer,2023-06-23,57.3072395324707,2023-08-18,55.509639739990234,Stop loss (-3%),8,-0.03136776098702043,-0.031539507219157964,-3502.3305112775397,107543.49181065333
K-202512,2023-10-13,46.373573303222656,1.7266014804365852,3.241313934326172,0.35867980242229236,1.4307667224330063,Hammer,2023-10-20,46.55028533935547,2023-12-08,49.56153869628906,RSI(2) acum > 180,7,0.06468818257463527,0.06446643673337102,6932.94570396434,114476.43751461768
KATE-201707,1993-02-26,14.219161987304688,5.2051754367044225,1.1892385482788086,0.30434793068523275,1.226499268454613,Hammer,1993-03-05,14.11574935913086,1993-06-18,13.019475936889648,Stop loss (-3%),15,-0.07766314025206744,-0.07834381831342856,-7834.381823508475,92165.61817649152
KBH,1998-05-01,10.184432029724121,6.13739861988978,0.9335727691650391,0.1590903054584533,1.3584749702729566,Hammer,1998-05-08,10.184432029724121,1998-05-15,9.318942070007324,Stop loss (-3%),1,-0.08498166193173973,-0.08592137001972826,-8592.13699338069,91407.8630066193
KBH,2002-10-11,15.92758560180664,8.904797231957858,1.7495393753051758,0.28716861312873904,1.0167992073305772,Hammer,2002-10-18,15.849193572998047,2002-12-13,15.322744369506836,Stop loss (-3%),8,-0.03321615078183615,-0.033836423216432786,-3092.915134908766,88314.94787171054
KDP,2011-08-12,4.137704849243164,3.794141619188707,0.3758537769317627,0.2764701591238515,1.8994024826105438,Hammer,2011-08-19,4.144338130950928,2011-08-26,4.010578155517578,Stop loss (-3%),1,-0.03227535283243366,-0.03464648358276926,-3464.6483548122787,96535.35164518771
KEY,1997-04-04,8.866181373596191,5.908608199495291,0.5085344314575195,0.30434872298808974,1.1355760226533447,Hammer,1997-04-11,8.866181373596191,1997-04-18,8.534528732299805,Stop loss (-3%),1,-0.037406480571676615,-0.03851264300753307,-3851.2642969020426,96148.73570309795
KEY,2004-04-16,13.816977500915527,2.7447145138945217,0.746098518371582,0.34810140335224665,1.4360902523605148,Hammer,2004-04-23,13.873642921447754,2004-06-04,14.8284330368042,RSI(2) acum > 180,6,0.06882043315965714,0.06807510797013064,6545.335557634611,102694.07126073257
KEY,2005-10-14,15.736946105957031,9.895312090639194,0.560603141784668,0.33035800862486925,1.101685931510578,Hammer,2005-10-21,15.706913948059082,2005-11-25,16.547821044921875,RSI(2) acum > 180,5,0.053537384851255476,0.0528838879597756,5430.861753254931,108124.93301398751
KEY,2014-02-07,7.968429088592529,8.027011455159965,0.3877887725830078,0.2096779350066154,1.2118944499986515,Hammer,2014-02-14,7.98093843460083,2014-03-14,8.718316078186035,RSI(2) acum > 180,4,0.09239234829683096,0.09108230041364734,9848.267621137238,117973.20063512475
KEY,2016-02-12,6.825532913208008,0.8954683125732572,0.5986170768737793,0.33695717111242635,1.1991464008651036,Hammer,2016-02-19,7.033748149871826,2016-11-04,9.402087211608887,RSI(2) acum > 180,37,0.33671081353406396,0.3350509226246438,39527.02967825375,157500.2303133785
KEY,2020-03-13,9.41342830657959,0.9890539030425458,2.196220874786377,0.25925955679013174,2.1692658050828015,Hammer,2020-03-20,7.394680976867676,2020-03-27,6.69218635559082,Stop loss (-3%),1,-0.09499999032742945,-0.09628720798966903,-15165.25741943979,142334.97289393874
KEYS,2021-05-14,139.85000610351562,8.64512622578738,7.540008544921875,0.39787753317872193,1.0263228728585054,Hammer,2021-05-21,139.85000610351562,2021-07-09,153.39999389648438,RSI(2) acum > 180,7,0.09688943297534913,0.09681446642637116,9681.44663295567,109681.44663295567
KEYS,2022-02-25,159.97999572753906,6.6289290430338355,14.360000610351562,0.14972207965810114,1.3346875194552725,Hammer,2022-03-04,158.27999877929688,2022-03-11,151.6999969482422,Stop loss (-3%),1,-0.041571909791519146,-0.04163377377437636,-4566.452531796358,105114.99410115932
KG-201102,2004-05-14,13.880000114440918,1.854478407164308,1.4499998092651367,0.3931032895191179,1.0081760852351866,Hammer,2004-05-21,13.319999694824219,2004-06-25,12.65999984741211,Stop loss (-3%),5,-0.04954953922923644,-0.0502814155915031,-5028.141554122169,94971.85844587784
KG-201102,2010-05-07,9.59000015258789,0.771937106908581,1.010000228881836,0.2871286100341623,1.2559266399457358,Hammer,2010-05-14,9.920000076293945,2010-05-21,8.9399995803833,Stop loss (-3%),1,-0.09879037181184847,-0.09974816003027344,-9473.26812515863,85498.5903207192
KHC,2018-02-16,46.66670227050781,3.5021157822553164,3.3813552856445312,0.38596483311183866,1.6541722187277663,Hammer,2018-02-23,46.65351867675781,2018-03-09,43.97743606567383,Stop loss (-3%),2,-0.057360788360368065,-0.057568964623431355,-5756.896456586239,94243.10354341377
KIM,2008-10-10,12.573407173156738,9.190366145961036,3.4874534606933594,0.2288135176080025,1.7728020207775759,Hammer,2008-10-17,12.940729141235352,2008-10-24,10.390583038330078,Stop loss (-3%),1,-0.19706355608505,-0.19775990019369213,-19775.98999959323,80224.01000040676
KIM,2011-03-18,8.685566902160645,6.314439319806169,0.48635292053222656,0.2929283223982211,1.100283770537508,Hammer,2011-03-25,8.79855728149414,2011-05-06,9.778809547424316,RSI(2) acum > 180,6,0.1114105681839368,0.11021138784088243,8841.599471464062,89065.60947187082
KIM,2013-06-07,11.929302215576172,8.116122964905173,0.5714006423950195,0.13207723518209752,1.232516304269801,Hammer,2013-06-14,11.956255912780762,2013-06-28,11.093766212463379,Stop loss (-3%),2,-0.07213710601455225,-0.07294298413807171,-6496.711332457651,82568.89813941316
KIM,2022-05-13,19.09697723388672,6.358714429950709,1.4456195831298828,0.31249958768789887,1.2273397151712875,Hammer,2022-05-20,19.080549240112305,2022-05-27,18.250959396362305,Stop loss (-3%),1,-0.043478299985515334,-0.04399086624059126,-3632.2773500516523,78936.62078936149
KM-200212,1995-11-03,9.25,1.4265464695383514,1.3566665649414062,0.09090883528942026,1.2261428654805584,Hammer,1995-11-10,9.126667022705078,1995-11-17,7.5,Stop loss (-3%),1,-0.17823231839819498,-0.17922981845873828,-17922.981827950847,82077.01817204915
KM-200212,1996-07-19,10.875,7.767076003231452,1.5,0.3333333333333333,1.2462443573025708,Hammer,1996-07-26,10.875,1996-08-02,10.0,Stop loss (-3%),1,-0.08045977011494254,-0.08134191176470597,-6676.30156338469,75400.71660866446
KM-200212,1997-07-11,11.375,1.7523244528763655,1.6875,0.3333333333333333,1.8482827046133241,Hammer,1997-07-18,11.4375,1997-07-25,10.625,Stop loss (-3%),1,-0.07103825136612019,-0.07188114485470833,-5419.889827276331,69980.82678138814
KMB,1998-09-04,14.90729808807373,0.8386884188620911,1.6882362365722656,0.3698998556131245,1.4393753489964263,Hammer,1998-09-11,15.101530075073242,1998-10-09,16.728221893310547,RSI(2) acum > 180,4,0.10771702007350514,0.10701940221897487,10701.94021119555,110701.94021119554
KMB,2000-03-10,18.998613357543945,3.4432597883919556,3.6280155181884766,0.36610001971479267,1.8895357830003572,Hammer,2000-03-17,18.54864501953125,2000-12-08,28.579557418823242,RSI(2) acum > 180,38,0.5407894964149509,0.5401047820384118,59790.64722920641,170492.58744040196
KMB,2002-10-11,23.117748260498047,2.0915104624167924,1.7080821990966797,0.38725465563852346,1.3864870498239998,Hammer,2002-10-18,23.117748260498047,2002-11-01,21.30081558227539,Stop loss (-3%),2,-0.07859470817611158,-0.07901018761440719,-13470.65130706123,157021.93613334073
KMB,2017-05-05,92.46851348876953,8.19300194797087,3.624237060546875,0.3968267668134626,1.3776424084137995,Hammer,2017-05-12,92.28874206542969,2017-08-04,88.7320785522461,Stop loss (-3%),12,-0.03853843311313132,-0.038644695007112075,-6068.064825231118,150953.87130810964
KMB,2022-01-28,116.62789154052734,9.616477105023506,12.022117614746094,0.3945536225942607,2.716941064822243,Hammer,2022-02-04,115.70441436767578,2022-02-11,112.1112060546875,Stop loss (-3%),1,-0.031055066763227224,-0.03114014821247647,-4700.725921080908,146253.14538702872
KMB,2025-11-07,99.97799682617188,3.6785623772189524,6.9219207763671875,0.35605056929028844,1.1723846497793748,Hammer,2025-11-14,99.93949127197266,2026-01-16,95.37574768066406,Stop loss (-3%),9,-0.04566506726444053,-0.04576283828252574,-6692.959033964362,139560.18635306437
KMG-200608,1996-05-10,21.82710075378418,7.317509627121851,1.064737319946289,0.1666681594829362,1.0795725475600173,Hammer,1996-05-17,21.8714656829834,1996-06-07,20.851093292236328,Stop loss (-3%),3,-0.046653132695215205,-0.047099582065879414,-4709.958201877984,95290.04179812201
KMG-200608,2001-06-29,27.900766372680664,6.817840142312278,1.8314208984375,0.21379369959341465,1.0964506978731252,Hammer,2001-07-06,27.92181968688965,2001-07-20,25.871469497680664,Stop loss (-3%),2,-0.07343182543979043,-0.07377675697803229,-7030.190249136398,88259.85154898562
KMG-200608,2001-07-20,25.21889305114746,0.49230345535474385,2.639772415161133,0.2982454492446176,1.5284232389639767,Hammer,2001-07-27,25.47150230407715,2001-09-07,24.886289596557617,Stop loss (-3%),6,-0.02297519402402337,-0.02336320348905493,-2062.0328695906983,86197.81867939491
KMG-200608,2001-09-28,22.022226333618164,6.634361514728397,2.358766555786133,0.10611535951702673,1.3139272583216302,Hammer,2001-10-05,22.022226333618164,2002-03-08,24.304494857788086,RSI(2) acum > 180,22,0.10363477741057947,0.10315726954246462,8891.9316065909,95089.75028598582
KMG-200608,2002-07-26,18.872373580932617,0.038121703699772524,2.3867626190185547,0.2149364966344375,1.6194209967346,Hammer,2002-08-02,19.128875732421875,2002-09-27,18.188304901123047,Stop loss (-3%),8,-0.04917020971099928,-0.04967999398512404,-4724.0582175306645,90365.69206845516
KMG-200608,2003-08-08,19.231060028076172,8.000032520104071,0.8959407806396484,0.2828299601261147,1.0351044410200432,Hammer,2003-08-15,19.267261505126953,2003-09-26,20.301006317138672,RSI(2) acum > 180,6,0.053652918539390804,0.053120118349337275,4800.236252595871,95165.92832105102
KMI,2018-02-09,10.848841667175293,6.4181696079158,0.6292839050292969,0.32000054557688695,1.2390224393663927,Hammer,2018-02-16,10.918063163757324,2018-03-09,10.087409973144531,Stop loss (-3%),3,-0.07608063611228766,-0.0769613045360827,-7696.13044591214,92303.86955408787
KMI,2018-12-28,9.973118782043457,4.667481354945281,0.6652450561523438,0.34317191352715176,1.1043026128839877,Hammer,2019-01-04,9.986165046691895,2019-01-25,11.669005393981934,RSI(2) acum > 180,3,0.1685171774571772,0.16743196008396655,15454.617787321076,107758.48734140895
KMI,2020-03-20,8.552120208740234,1.577823239729426,3.08845853805542,0.3430494550921751,2.696005279516709,Hammer,2020-03-27,8.323602676391602,2020-12-04,10.661426544189453,RSI(2) acum > 180,36,0.28086682638380456,0.27949752896681457,30118.230907007346,137876.7182484163
KMI-200705,2002-02-01,44.810203552246094,6.20305425882141,5.496059417724609,0.192030728248097,1.9424375942349474,Hammer,2002-02-08,44.49240493774414,2002-02-15,42.52545928955078,Stop loss (-3%),1,-0.04420857112456833,-0.044428335786306776,-4442.833574187844,95557.16642581216
KMI-200705,2002-07-26,31.503211975097656,6.939637091234744,3.6971588134765625,0.17674486270981482,1.369017119770215,Hammer,2002-08-02,32.761962890625,2002-08-23,36.986534118652344,RSI(2) acum > 180,3,0.1289474395087673,0.12862257762782098,12290.809044207825,107847.97547002
KMX,2011-03-25,33.0099983215332,8.791994141341362,2.480001449584961,0.3790330209539045,1.2115600292772875,Hammer,2011-04-01,33.15999984741211,2011-05-13,31.770000457763672,Stop loss (-3%),6,-0.04191795524863118,-0.042213158332267645,-4221.315829005449,95778.68417099456
KMX,2011-08-12,28.0,3.0848354358590626,3.1100006103515625,0.11575580054656874,1.2938789037628273,Hammer,2011-08-19,28.190000534057617,2011-08-26,26.09000015258789,Stop loss (-3%),1,-0.07449451371711113,-0.07483597593555602,-7167.691296592078,88610.99287440248
KMX,2018-11-23,62.2400016784668,9.792706856739485,4.1399993896484375,0.27294623671766444,1.0211740076380595,Hammer,2018-11-30,62.81999969482422,2018-12-28,59.29999923706055,Stop loss (-3%),4,-0.05603311803348654,-0.05618783087800775,-4978.859476580417,83632.13339782206
KR,1991-05-17,1.8510979413986206,3.2031441022061955,0.17422103881835938,0.3125,1.3143389829376404,Hammer,1991-05-24,1.8402091264724731,1991-08-02,1.6115440130233765,Stop loss (-3%),10,-0.12426039527769794,-0.1293431243239935,-12934.312419465037,87065.68758053496
KR,1992-06-19,1.3611013889312744,2.609084858346435,0.10888814926147461,0.3,1.0403268224449402,Hammer,1992-06-26,1.3611013889312744,1992-07-02,1.2848796844482422,Stop loss (-3%),1,-0.05600001961858325,-0.06311515761687717,-5495.164589172084,81570.52299136287
KR,1994-04-15,2.0470964908599854,7.929883547413013,0.13066577911376953,0.25,1.1014951774253205,Hammer,1994-04-22,2.057985305786133,1994-04-29,1.9490971565246582,Stop loss (-3%),1,-0.05291007129901748,-0.05762917890303172,-4700.842257982271,76869.6807333806
KR,1998-05-01,7.458835601806641,8.827851701978929,0.45733022689819336,0.11904814037458385,1.0530647514641496,Hammer,1998-05-08,7.469724655151367,1998-05-15,7.186615467071533,Stop loss (-3%),1,-0.03790088673276504,-0.03921337595731123,-3014.319687302218,73855.36104607838
KR,2000-10-13,7.447947025299072,9.79504856377578,0.6751065254211426,0.22580645161290322,1.1957912749977844,Hammer,2000-10-20,7.360836505889893,2000-11-17,8.689270973205566,RSI(2) acum > 180,4,0.18047330167606712,0.1789931756238986,13219.605597267542,87074.96664334594
KR,2011-08-12,8.584050178527832,2.1726709606081727,0.734776496887207,0.3225814406549777,1.9424867548248657,Hammer,2011-08-19,8.599157333374023,2011-09-16,8.202621459960938,Stop loss (-3%),4,-0.04611334088214647,-0.04724877261788366,-4114.185295527071,82960.78134781888
KR,2015-04-24,28.769254684448242,5.84815330546995,1.159597396850586,0.2733570957443134,1.1023621810331132,Hammer,2015-05-01,28.83345603942871,2015-07-24,31.249738693237305,RSI(2) acum > 180,12,0.08380135390306376,0.08344006525587433,6922.253002418076,89883.03435023695
KRB-200512,2001-03-23,18.590795516967773,8.666773336556304,2.4615421295166016,0.2724993936726545,1.2501161102281206,Hammer,2001-03-30,19.230796813964844,2001-05-04,22.64618492126465,RSI(2) acum > 180,5,0.17759992684336656,0.1770338988415365,17703.389866450263,117703.38986645026
KRFT-201507,2014-10-17,54.1840705871582,2.4488029862439333,2.2132530212402344,0.39452525116728804,1.387249856445934,Hammer,2014-10-24,54.144657135009766,2014-12-05,59.17976379394531,RSI(2) acum > 180,6,0.09299360131472434,0.09280034121742621,9280.034112462585,109280.0341124626
KRI-200606,1990-04-27,16.975479125976562,7.233515454820747,1.2442760467529297,0.3928573070962461,1.1945401385186207,Hammer,1990-05-04,16.8866024017334,1990-08-17,16.104660034179688,Stop loss (-3%),15,-0.046305488158674524,-0.046883791645038995,-4688.37915981552,95311.62084018449
KRI-200606,1994-07-01,20.35167121887207,2.7914401094716226,0.987945556640625,0.25,1.198893457529304,Hammer,1994-07-08,20.25287628173828,1994-12-02,19.04882049560547,Stop loss (-3%),21,-0.059451100642849974,-0.0599300622260803,-5712.031362108799,89599.58947807568
KRI-200606,2001-03-23,48.4865837097168,9.375188982039262,4.6513824462890625,0.34241207480817365,1.5195653028414564,Hammer,2001-03-30,48.504676818847656,2001-05-25,50.93793869018555,RSI(2) acum > 180,8,0.05016551043985906,0.049954195332762415,4475.87539004724,94075.46486812293
KSE-200708,2001-07-27,23.07860565185547,0.06371926408402828,1.9760360717773438,0.30188646463554475,1.318509445516461,Hammer,2001-08-03,23.309764862060547,2002-01-04,26.2061824798584,RSI(2) acum > 180,22,0.124257693500466,0.12380213289197001,12380.21327681679,112380.2132768168
KSE-200708,2003-08-08,27.65522575378418,7.721250708045574,1.2574329376220703,0.2565782388355376,1.253332305521845,Hammer,2003-08-15,27.671770095825195,2003-09-26,28.93747329711914,RSI(2) acum > 180,6,0.04573987124462642,0.04537029418340093,5098.723331663794,117478.9366084806
KSE-200708,2004-05-14,29.712234497070312,2.0247058113747443,1.064218521118164,0.39516306812173696,1.0781045669403242,Hammer,2004-05-21,29.566335678100586,2004-07-09,31.574615478515625,RSI(2) acum > 180,7,0.06792454169092532,0.06757489151546478,7938.6263887316145,125417.5629972122
KSS,1999-08-13,17.55337905883789,3.7196256201039546,1.7569351196289062,0.39090909090909093,1.3319921772161338,Hammer,1999-08-20,17.569351196289062,2000-01-21,19.50197982788086,RSI(2) acum > 180,22,0.1100000000000001,0.109399693343887,10939.969323448731,110939.96932344872
KSS,2002-06-28,35.818477630615234,6.269818565853427,2.903095245361328,0.32746452500496037,1.2664147898002163,Hammer,2002-07-05,35.94625473022461,2002-07-19,34.26982116699219,Stop loss (-3%),2,-0.04663722481838506,-0.04690889305219777,-5204.071151003687,105735.89817244503
KSS,2002-10-11,26.782081604003906,2.357218996852694,6.920408248901367,0.3796157801188274,2.186161341682407,Hammer,2002-10-18,26.679859161376953,2003-03-07,25.069866180419922,Stop loss (-3%),20,-0.06034488305274621,-0.06070832044344351,-6419.048782209056,99316.84939023596
KSS,2003-12-05,24.20098114013672,5.182698608344097,2.3970985412597656,0.39232476905082075,1.258113218518124,Hammer,2003-12-12,24.149871826171875,2003-12-19,23.296321868896484,Stop loss (-3%),1,-0.03534387111530646,-0.03575055017844196,-3550.632004139763,95766.2173860962
KSS,2003-12-19,23.03054428100586,4.455409791560726,1.9013214111328125,0.2849464307210786,1.011697573964844,Hammer,2003-12-26,22.9998779296875,2004-01-16,21.062776565551758,Stop loss (-3%),3,-0.08422224544224188,-0.08463863055856657,-8105.521485227651,87660.69590086855
KSS,2004-04-23,21.99299430847168,3.055879066678159,1.9319896697998047,0.09788344378968111,1.15782332466072,Hammer,2004-04-30,22.079883575439453,2004-05-07,21.369441986083984,Stop loss (-3%),1,-0.03217596627845121,-0.03262148006778134,-2859.6216411984033,84801.07425967016
KSU-202112,2017-01-06,79.31967163085938,8.407866578876252,6.2369232177734375,0.27769405225288263,1.4393947559279192,Hammer,2017-01-13,78.83700561523438,2017-03-10,84.64804077148438,RSI(2) acum > 180,8,0.07370948593114868,0.07357797548378307,7357.797541020511,107357.79754102051
KSU-202112,2020-03-13,125.91498565673828,1.3068693379346996,26.108535766601562,0.3287980063691922,2.5403272010350313,Hammer,2020-03-20,113.53168487548828,2020-03-27,104.33547973632812,Stop loss (-3%),1,-0.08100122137045496,-0.08108573144667984,-8705.18553141303,98652.61200960749
KWP-199911,1994-03-11,16.62583351135254,2.4574202431800813,1.2425003051757812,0.28571384711740977,1.1544113200581951,Hammer,1994-03-18,16.74416732788086,1994-04-29,16.27083396911621,Stop loss (-3%),6,-0.02826855163926223,-0.02885715745164762,-2885.715742279046,97114.28425772095
KWP-199911,1995-10-06,17.03999900817871,8.681741157235109,2.2483339309692383,0.315789830879443,2.0713616813409454,Hammer,1995-10-13,17.75,1995-10-20,16.921667098999023,Stop loss (-3%),1,-0.04666664230991413,-0.047216722106503906,-4585.4181677834185,92528.86608993754
L,2006-02-17,28.407800674438477,7.487319355208356,0.8930454254150391,0.35666673074006916,1.068811713133941,Hammer,2006-02-24,28.407800674438477,2006-03-31,30.048683166503906,RSI(2) acum > 180,5,0.05776168704048623,0.05739956827039053,5739.956821299096,105739.95682129909
L,2011-08-12,33.637142181396484,1.6188497330042821,2.875764846801758,0.36774247892028344,1.9653488509202477,Hammer,2011-08-19,33.87833786010742,2011-08-26,33.39595031738281,Stop loss (-3%),1,-0.014238819646834933,-0.014531848803016658,-1536.5970634280316,104203.35975787105
L,2012-11-16,38.08632278442383,7.199653262542313,1.6648712158203125,0.35393047319652826,1.2596546438638472,Hammer,2012-11-23,38.479156494140625,2013-02-01,40.80574035644531,RSI(2) acum > 180,10,0.06046348398148926,0.060195781156263554,6272.6026334596045,110475.96239133064
L,2021-12-03,54.04356384277344,9.009521811469924,2.3933982849121094,0.33333439589426456,1.0401843679657143,Hammer,2021-12-10,55.097450256347656,2022-01-14,59.98274612426758,RSI(2) acum > 180,5,0.08866645997574274,0.08847693424228978,9774.574450076867,120250.5368414075
LDG-200810,1999-03-26,25.186187744140625,0.2620694709636666,2.7927188873291016,0.27777766394912135,1.3477718605994664,Hammer,1999-04-01,25.237903594970703,1999-06-18,30.583877563476562,RSI(2) acum > 180,11,0.21182321853274622,0.21138511060862977,21138.511039724464,121138.51103972447
LDOS,2020-10-30,77.04397583007812,3.6098899684467085,5.643707275390625,0.3667774275007705,1.0009010700405045,Hammer,2020-11-06,78.85404968261719,2020-11-27,93.08397674560547,RSI(2) acum > 180,3,0.18045905213825897,0.18032080173701065,18032.080155668984,118032.080155669
LDW-200012,1997-10-31,13.31238079071045,2.2143779652068787,1.8260345458984375,0.2903225301033667,2.3202162255507925,Hammer,1997-11-07,13.43018913269043,1997-11-14,13.13566780090332,Stop loss (-3%),1,-0.02192979777702575,-0.022665950496085736,-2266.595047341979,97733.40495265802
LDW-200012,1998-07-10,9.982281684875488,6.853396487597976,1.1883668899536133,0.100000561755824,1.2422596125295962,Hammer,1998-07-17,9.982281684875488,1998-07-31,9.447516441345215,Stop loss (-3%),2,-0.05357144392554214,-0.05454589754439924,-5330.956287882009,92402.44866477602
LDW-200012,1999-11-12,5.797077178955078,2.816790919646351,0.8017230033874512,0.07692280241593734,1.415526486124385,Hammer,1999-11-19,5.797077178955078,1999-12-10,5.550393104553223,Stop loss (-3%),3,-0.042553180988754824,-0.04424003102421384,-4087.887191555131,88314.56147322088
LEG,2003-03-14,7.399462699890137,0.21034432489389587,0.5111608505249023,0.3629025487368258,1.0310519788227772,Hammer,2003-03-21,7.317017078399658,2003-05-16,8.615530014038086,RSI(2) acum > 180,8,0.17746479497386014,0.17597786536712803,17597.78651911502,117597.78651911502
LEG,2015-08-28,29.552276611328125,6.915632015039648,5.014646530151367,0.3911884551440996,3.5262929081674175,Hammer,2015-09-04,30.201704025268555,2015-09-11,29.257692337036133,Stop loss (-3%),1,-0.03125690151266314,-0.0315827800157995,-3714.0650182640966,113883.72150085094
LEHMQ-201203,1999-05-28,12.698474884033203,7.996643092720916,1.438385009765625,0.17171687034561772,1.0167469415079615,Hammer,1999-06-04,12.669416427612305,1999-06-11,12.131837844848633,Stop loss (-3%),1,-0.0424312031919678,-0.043203455235282115,-4320.345519207867,95679.65448079213
LEHMQ-201203,2002-07-26,25.432153701782227,5.193228869628854,2.982027053833008,0.09493674529451383,1.2592847991671203,Hammer,2002-08-02,25.837934494018555,2002-09-27,23.226600646972656,Stop loss (-3%),8,-0.10106589006371303,-0.1014332891511456,-9705.102049126792,85974.55243166533
LEHMQ-201203,2004-04-16,37.85361099243164,2.066726386535734,2.65228271484375,0.3657663099758371,1.5285465546953783,Hammer,2004-04-23,37.609886169433594,2004-05-07,35.07707595825195,Stop loss (-3%),2,-0.06734426687098327,-0.0676011672540422,-5811.980092712449,80162.57233895289
LEHMQ-201203,2006-05-26,65.2369384765625,3.4681068257960845,4.406852722167969,0.19205179920881557,1.3289005436522185,Hammer,2006-06-02,64.6921615600586,2006-06-23,61.997467041015625,Stop loss (-3%),3,-0.041654111627438484,-0.04180545875311994,-3351.233108108855,76811.33923084404
LH,2014-10-17,80.55034637451172,1.1419465043745447,4.106292724609375,0.39165025454275204,1.4445821964329157,Hammer,2014-10-24,80.22380065917969,2015-01-16,95.62036895751953,RSI(2) acum > 180,12,0.19192020537334242,0.19178360104999692,19178.360085821332,119178.36008582133
LHX,1996-06-21,7.1563029289245605,3.7900335291712963,0.3892545700073242,0.34615337499969373,1.089059365050411,Hammer,1996-06-28,7.186245441436768,1996-07-19,6.617334365844727,Stop loss (-3%),3,-0.07916666362543512,-0.0805021995572965,-8050.21994767943,91949.78005232057
LHX,2011-08-12,26.522140502929688,4.082469948893404,2.0523948669433594,0.2535216895931958,1.1096320736611363,Hammer,2011-08-19,26.45709991455078,2011-08-26,25.63325309753418,Stop loss (-3%),1,-0.0311389691114069,-0.03151098437800437,-2897.4280798921827,89052.35197242838
LIN,2020-03-13,161.6715545654297,4.173689271006367,21.415756225585938,0.2275449357785484,1.9792137124112297,Hammer,2020-03-20,136.2254638671875,2020-06-12,202.9639892578125,RSI(2) acum > 180,12,0.4899122638018063,0.4898208777713578,48982.087728153696,148982.0877281537
LIN,2022-01-28,296.28924560546875,6.467084759580587,12.803985595703125,0.2894930653707089,1.117608641556537,Hammer,2022-02-04,291.6982116699219,2022-02-11,279.1387939453125,Stop loss (-3%),1,-0.04305620405661348,-0.04308974746165073,-6419.600530096037,142562.48719805767
LIN,2023-01-06,302.0227355957031,2.3582015557322364,18.94329833984375,0.29450295939967847,1.2290156552539466,Hammer,2023-01-13,307.8594970703125,2023-04-28,352.2578430175781,RSI(2) acum > 180,15,0.14421626219029848,0.14418143816410184,20554.86441191245,163117.35160997012
LIN,2024-04-26,430.4882507324219,3.7133120199687397,15.15325927734375,0.37179533654756297,1.1201095452572167,Hammer,2024-05-03,433.00408935546875,2024-05-10,414.752197265625,Stop loss (-3%),1,-0.04215177763566136,-0.042174385108235075,-6879.373997754896,156237.9776122152
LIT-200105,1992-09-18,19.518096923828125,4.105296061273535,1.1710872650146484,0.33333441913265266,1.4986368186893804,Hammer,1992-09-25,19.518096923828125,1992-10-02,18.904672622680664,Stop loss (-3%),1,-0.03142848934204123,-0.03193265410604832,-3193.2654074115662,96806.73459258843
LKQ,2016-10-28,28.224206924438477,2.7434374013561467,3.365467071533203,0.33420441446006005,2.385462821030108,Hammer,2016-11-04,28.33843994140625,2016-12-30,27.27520179748535,Stop loss (-3%),8,-0.037519289915722065,-0.037865486551370536,-3786.5486513505057,96213.45134864948
LKQ,2022-02-25,42.38870620727539,3.6417320191225286,5.154071807861328,0.24657596093283368,1.6527868325190043,Hammer,2022-03-04,41.594417572021484,2022-03-11,39.82579040527344,Stop loss (-3%),1,-0.04252078211422572,-0.04275605935272274,-4113.708032279452,92099.74331637002
LLL-201906,2011-08-12,55.77397537231445,2.868590886657074,4.3419342041015625,0.21415342660242556,1.2827397265949918,Hammer,2011-08-19,56.384368896484375,2011-08-26,51.997650146484375,Stop loss (-3%),1,-0.07780026336826684,-0.07797070327336326,-7797.070319539254,92202.92968046076
LLL-201906,2016-01-22,104.92744445800781,7.084524455620397,6.7484283447265625,0.20836263326286275,1.1848569477517121,Hammer,2016-01-29,104.92744445800781,2016-04-22,113.81627655029297,RSI(2) acum > 180,12,0.08471408160371707,0.08461474559318315,7801.727430056617,100004.65711051738
LLX-199710,1993-04-30,40.32527542114258,7.661024867795618,2.7198867797851562,0.26087023598811787,1.3088842697578238,Hammer,1993-05-07,40.32527542114258,1993-08-06,46.1361083984375,RSI(2) acum > 180,13,0.14409902763486881,0.14383321008152394,14383.320993769074,114383.32099376907
LLX-199710,1995-08-18,37.33937072753906,5.982190776957836,1.6073265075683594,0.3076935856328809,1.0103928819221635,Hammer,1995-08-25,37.58665466308594,1995-10-06,35.41817855834961,Stop loss (-3%),6,-0.05769271365525386,-0.05795105653796979,-6628.634295282023,107754.68669848704
LLY,1993-01-08,6.248567581176758,4.425151863409084,0.3214282989501953,0.2799992285827879,1.2190054469881517,Hammer,1993-01-15,6.248567581176758,1993-01-29,5.914281845092773,Stop loss (-3%),2,-0.053497978815335134,-0.05505429206846419,-5505.42920134099,94494.570798659
LLY,2002-06-14,31.085403442382812,8.41355823778349,2.2317733764648438,0.35483876481507437,1.1779710401634975,Hammer,2002-06-21,31.033977508544922,2002-06-28,30.031225204467773,Stop loss (-3%),1,-0.03231143361501276,-0.0326284041991507,-3083.2070475607015,91411.36375109831
LLY,2006-04-28,29.729028701782227,8.924323252303353,1.2976951599121094,0.17315827069547862,1.135399616365082,Hammer,2006-05-05,29.498703002929688,2006-05-19,28.58920669555664,Stop loss (-3%),2,-0.030831738849084966,-0.031165454291677826,-2848.876675875913,88562.4870752224
LLY,2010-05-07,22.944290161132812,7.375796486156872,1.3188667297363281,0.396985535080539,1.5160724008778144,Hammer,2010-05-14,23.507627487182617,2010-05-21,22.830598831176758,Stop loss (-3%),1,-0.028800382189780982,-0.02921956112222587,-2587.7570016430427,85974.73007357935
LLY,2011-08-12,25.070999145507812,4.813379885319804,1.718496322631836,0.33479950321147806,1.7563865889375705,Hammer,2011-08-19,25.365867614746094,2011-12-30,30.21602439880371,RSI(2) acum > 180,19,0.19120799878487293,0.19077616333642503,16401.929130920296,102376.65920449967
LLY,2013-06-14,40.420989990234375,7.271897553685548,1.55316162109375,0.3900017683813416,1.0302751245234627,Hammer,2013-06-21,40.70832443237305,2013-06-28,38.29316329956055,Stop loss (-3%),1,-0.05932843383973474,-0.05956676755396917,-6098.246655688103,96278.41254881157
LLY,2023-02-03,330.0013122558594,1.6194875683221994,29.975341796875,0.2831174305052167,1.6532748203519356,Hammer,2023-02-10,332.8236999511719,2023-02-24,319.42083740234375,Stop loss (-3%),2,-0.04027015669495426,-0.04029959721260783,-3879.9812421064125,92398.43130670517
LMT,1992-06-26,5.664609432220459,9.496220713598518,0.30663108825683594,0.31578939183767407,1.4759811895572479,Hammer,1992-07-02,5.664609432220459,1992-08-07,6.197179794311523,RSI(2) acum > 180,5,0.0940171371854499,0.09217043401989752,9217.04339277271,109217.0433927727
LMT,1997-10-31,23.136615753173828,1.3823222324941327,2.1296024322509766,0.20714269720785472,1.8512981187081177,Hammer,1997-11-07,23.456056594848633,1997-11-21,22.695484161376953,Stop loss (-3%),2,-0.032425417733631945,-0.03284474551929916,-3587.205993018667,105629.83739975403
LMT,1998-06-26,25.340707778930664,0.7017905450786515,1.1385612487792969,0.3513520757738712,1.0226433692421952,Hammer,1998-07-02,25.417638778686523,1998-08-07,24.479093551635742,Stop loss (-3%),5,-0.0369249573189222,-0.03731104529739091,-3941.1596440370995,101688.67775571694
LMT,1998-12-04,26.240150451660156,8.292078497120102,2.3741817474365234,0.28758109025470874,1.4573973069745703,Hammer,1998-12-11,26.240150451660156,1998-12-18,23.912519454956055,Stop loss (-3%),1,-0.08870494096411852,-0.08906906443572067,-9057.315382349872,92631.36237336705
LMT,2001-03-23,18.203393936157227,9.97409457411051,2.680959701538086,0.35797651528356317,1.7191167162806948,Hammer,2001-03-30,18.385948181152344,2001-09-07,20.824138641357422,RSI(2) acum > 180,23,0.132611624713731,0.13203182545495776,12230.287856305054,104861.65022967212
LMT,2005-01-07,29.89862632751465,3.7921342889786445,1.692270278930664,0.28064429233677135,1.3371116495143158,Hammer,2005-01-14,29.86041259765625,2005-05-20,34.92082977294922,RSI(2) acum > 180,18,0.1694690975465678,0.1691058899246317,17732.722663321445,122594.37289299356
LMT,2018-11-02,243.2466278076172,2.915431535390951,21.3677978515625,0.38874075237795996,1.6682006031866272,Hammer,2018-11-09,245.45736694335938,2018-12-14,237.37400817871094,Stop loss (-3%),5,-0.03293182382467952,-0.0329718924551722,-4042.1684745948933,118552.20441839867
LNC,1996-03-15,10.696024894714355,5.378568037414809,0.8979377746582031,0.38235325355050576,1.6000982534608104,Hammer,1996-03-22,10.722434997558594,1996-04-19,10.418448448181152,Stop loss (-3%),4,-0.028350514546990224,-0.02926948981269983,-2926.9489783430345,97073.05102165695
LNC,2000-10-13,22.01451873779297,5.4223841075573205,2.9230899810791016,0.3645833945062481,1.3774283307553323,Hammer,2000-10-20,21.679580688476562,2001-01-12,20.73331642150879,Stop loss (-3%),12,-0.043647719970467236,-0.044098812917140864,-4280.806312019315,92792.24470963764
LNC,2002-07-05,20.56596565246582,3.4287190593400965,2.027202606201172,0.3750007056578707,1.5560433696629448,Hammer,2002-07-12,20.48423194885254,2002-07-19,19.156078338623047,Stop loss (-3%),1,-0.06483785252704533,-0.06531009134797923,-6060.269972310207,86731.97473732743
LNC,2002-07-26,17.235363006591797,0.2660267229543791,2.605226516723633,0.18823491513585658,1.729994864305445,Hammer,2002-08-02,17.751298904418945,2002-09-20,16.80626678466797,Stop loss (-3%),7,-0.053237350395565874,-0.05378553970576048,-4664.926066328613,82067.04867099882
LNC,2003-03-14,14.233532905578613,7.668758860220052,1.6348981857299805,0.19488833732423738,1.2422609351788054,Hammer,2003-03-21,14.129066467285156,2003-05-09,17.5644474029541,RSI(2) acum > 180,7,0.24314281085897105,0.24234928734751354,19888.890740241382,101955.9394112402
LNC,2008-07-18,27.301557540893555,0.9447576747704574,3.5219879150390625,0.346153554547542,1.4458366377685041,Hammer,2008-07-25,27.24614143371582,2008-08-15,30.595722198486328,RSI(2) acum > 180,3,0.12293780287822909,0.12254828932188097,12494.525948558305,114450.4653597985
LNC,2011-03-18,18.71208381652832,5.715274998309667,1.6142005920410156,0.3882354609325705,1.3140752721350981,Hammer,2011-03-25,19.07923698425293,2011-04-21,17.962791442871094,Stop loss (-3%),4,-0.058516257348409484,-0.059024918958578435,-6755.4294358782645,107695.03592392025
LNC,2011-08-12,14.125885009765625,3.5675136242413856,1.8038454055786133,0.3521125643613509,1.40489699604192,Hammer,2011-08-19,14.221158027648926,2011-08-26,12.760297775268555,Stop loss (-3%),1,-0.10272442297175455,-0.10339124938171744,-11134.724305248332,96560.31161867193
LNC,2014-10-17,31.963586807250977,2.562820567428801,2.9202632904052734,0.338636852008969,1.700244923694924,Hammer,2014-10-24,31.718021392822266,2014-11-21,37.2266960144043,RSI(2) acum > 180,4,0.17367648988434814,0.17333388751003956,16737.17417530807,113297.48579398001
LNC,2016-01-22,26.80900001525879,2.980132474449988,3.0066146850585938,0.3558552386172456,1.3492560848048338,Hammer,2016-01-29,26.68033790588379,2016-02-12,23.63309097290039,Stop loss (-3%),2,-0.11421320613452168,-0.1145665437614456,-12980.101351297668,100317.38444268235
LNT,2020-12-24,41.87092590332031,2.4951482107527028,2.678668975830078,0.2468751646617687,1.1355944344402988,Hammer,2020-12-31,42.14716339111328,2021-02-19,40.97714614868164,Stop loss (-3%),7,-0.027760284400974333,-0.027994227282778516,-2799.422725478429,97200.57727452157
LO-201506,2008-07-03,15.779707908630371,5.766753998093662,1.6047163009643555,0.3669591190651507,1.3623363460768254,Hammer,2008-07-11,15.81959056854248,2008-09-12,17.95928955078125,RSI(2) acum > 180,9,0.1352562806836226,0.13458161669423357,13458.161655965196,113458.1616559652
LO-201506,2011-08-12,28.167638778686523,5.847620513193306,1.8183422088623047,0.35365847262504785,1.1830351473594873,Hammer,2011-08-19,28.428192138671875,2012-02-24,36.39375686645508,RSI(2) acum > 180,27,0.2801994825744605,0.27979850763794034,31745.424278937826,145203.58593490304
LOR-199604,1991-09-13,8.8751859664917,1.194415594996869,0.8356504440307617,0.27586183284773746,1.6455389732621764,Hammer,1991-09-20,8.788739204406738,1991-10-11,8.442952156066895,Stop loss (-3%),3,-0.03934432918051134,-0.0404591312148024,-4045.9131174343265,95954.08688256567
LOTS-199507,1994-04-15,66.25,9.56620851423419,10.25,0.36585365853658536,1.579474799786779,Hammer,1994-04-22,66.5,1994-04-29,55.75,Stop loss (-3%),1,-0.16165413533834583,-0.16179234644011728,-16179.234627832491,83820.76537216752
LOW,2004-01-16,18.552490234375,2.6719773122544836,1.1326828002929688,0.32826697561008467,1.1712743786174824,Hammer,2004-01-23,18.59809112548828,2004-02-27,20.09589958190918,RSI(2) acum > 180,5,0.08053560154720318,0.07997641071501481,7997.641063503841,107997.64106350383
LOW,2011-08-12,14.910276412963867,0.8445066601349254,1.5361175537109375,0.2835821636816958,1.6492531012442413,Hammer,2011-08-19,14.6962890625,2011-10-28,17.01108169555664,RSI(2) acum > 180,10,0.1575086488304871,0.15677486669762167,16931.31576445709,124928.95682796094
LOW,2014-02-07,36.929080963134766,9.288483349552465,1.7554740905761719,0.2602746274883906,1.0759863469436473,Hammer,2014-02-14,36.96114730834961,2014-03-14,40.30376052856445,RSI(2) acum > 180,4,0.09043586207779164,0.09015311204644001,11262.734231493294,136191.69105945423
LPX,1996-07-26,13.63018798828125,0.11591752660683596,1.1426506042480469,0.2857140472526115,1.153617561521325,Hammer,1996-08-02,13.466952323913574,1996-09-13,14.787510871887207,RSI(2) acum > 180,6,0.09805919826631349,0.09728052152079755,9728.052142351702,109728.05214235169
LPX,1999-10-29,9.059425354003906,2.1964698774848728,1.2942028045654297,0.275861967326667,1.0729118049290376,Hammer,1999-11-05,9.059425354003906,1999-11-19,8.669137001037598,Stop loss (-3%),2,-0.043080917134972196,-0.04416036729669739,-4845.631080511783,104882.42106183992
LPX,2001-09-28,5.05531644821167,0.4063847584711624,1.1899433135986328,0.3202614955287374,1.3851810874416746,Hammer,2001-10-05,4.993097305297852,2002-03-08,8.321828842163086,RSI(2) acum > 180,22,0.6666666666666667,0.6639989848431853,69641.82104331542,174524.24210515534
LPX,2002-07-26,5.755283355712891,3.064035094843163,1.353269100189209,0.34482776846178537,1.4277043388020996,Hammer,2002-08-02,5.871944904327393,2002-08-09,5.599735260009766,Stop loss (-3%),1,-0.04635766321939072,-0.048019787306467075,-8380.616977331309,166143.62512782405
LRCX,2013-11-22,4.376019477844238,7.3611178869449105,0.27912187576293945,0.37993819198750856,1.3754723606227328,Hammer,2013-11-29,4.394683837890625,2014-05-30,5.131938934326172,RSI(2) acum > 180,26,0.16776066803236,0.16529712661903906,16529.712645374195,116529.7126453742
LSI-201405,1997-07-03,15.690431594848633,8.075417982462241,2.4496917724609375,0.34177214204294176,1.0978176124287784,Hammer,1997-07-11,16.24858856201172,1997-09-19,15.070256233215332,Stop loss (-3%),10,-0.07251905753532717,-0.07311199765286203,-7311.199757975004,92688.80024202498
LSI-201405,1997-10-31,10.977100372314453,2.822668518523841,2.5737266540527344,0.32530121374800464,1.3468228246018357,Hammer,1997-11-07,11.380213737487793,1997-12-19,10.108855247497559,Stop loss (-3%),6,-0.11171657398685109,-0.11254584406888546,-10431.739248539277,82257.0609934857
LSI-201405,1998-08-07,10.015829086303711,6.717672977317406,1.2713594436645508,0.26829228042249853,1.0057120219857076,Hammer,1998-08-14,10.015829086303711,1998-08-21,9.364645004272461,Stop loss (-3%),1,-0.06501549461559009,-0.06598097585906793,-5427.401150221658,76829.65984326406
LSI-201405,2007-08-10,6.519281387329102,4.304044434979673,0.664827823638916,0.13432789789455943,1.024557451468433,Hammer,2007-08-17,6.608586311340332,2007-08-24,6.152137279510498,Stop loss (-3%),1,-0.06906908835352088,-0.07052890971272469,-5418.712136926208,71410.94770633786
LSI-201405,2008-09-19,5.904067039489746,3.1819662497347707,1.2403502464294434,0.33600030447450663,1.6602307322316534,Hammer,2008-09-26,5.953681468963623,2008-10-03,5.556769371032715,Stop loss (-3%),1,-0.06666666666666665,-0.06828894950172265,-4876.578596911684,66534.36910942617
LSI-201405,2010-06-11,5.050706386566162,5.707644052267071,0.5854458808898926,0.3559325899253035,1.1437335510394937,Hammer,2010-06-18,5.120165824890137,2010-07-02,4.862173080444336,Stop loss (-3%),2,-0.050387575963193876,-0.05228957532345709,-3479.0539016669827,63055.31520775919
LU-200611,2005-04-08,2.6500000953674316,0.4135899609836997,0.24000000953674316,0.3333330021964311,1.0489582814997171,Hammer,2005-04-15,2.680000066757202,2005-04-22,2.4000000953674316,Stop loss (-3%),1,-0.10447759866236506,-0.108007435448602,-10800.743534059457,89199.25646594053
LU-200611,2006-06-16,2.440000057220459,4.96659863074359,0.21000003814697266,0.09523798711177515,1.1829894186236307,Hammer,2006-06-23,2.4700000286102295,2006-07-14,2.369999885559082,Stop loss (-3%),3,-0.04048588740600689,-0.04444450172912319,-3964.41650427258,85234.83996166795
LUB-202205,1991-09-06,5.507275104522705,7.496546010577475,0.38512420654296875,0.3999992571168209,1.2890545392661579,Hammer,1991-09-13,5.546058177947998,1991-10-11,5.274572849273682,Stop loss (-3%),4,-0.04895104233738201,-0.05070840903677402,-5070.840898606562,94929.15910139342
LUB-202205,1991-12-27,4.143691539764404,1.4334186239351965,0.469097375869751,0.16666725962459664,1.3766336193377418,Hammer,1992-01-03,4.221874713897705,1992-10-30,5.6456170082092285,RSI(2) acum > 180,43,0.3372298779082199,0.33446515215206774,31750.495610764898,126679.65471215831
LUMN,2010-05-07,11.941100120544434,2.658734331149759,7.443756580352783,0.08353583880890844,7.58354267574559,Hammer,2010-05-14,12.1905517578125,2010-06-25,12.965798377990723,RSI(2) acum > 180,6,0.0635940550993841,0.06274801135487805,6274.801129213003,106274.80112921301
LUV,1997-04-04,3.797177314758301,4.419504669897549,0.269744873046875,0.1538458818870913,1.1286938480504236,Hammer,1997-04-11,3.8179268836975098,1997-05-09,4.56491231918335,RSI(2) acum > 180,4,0.19565210603572747,0.19278041613315725,19278.041594037684,119278.04159403767
LUV,1999-09-10,9.27628231048584,4.623908460517626,1.0189857482910156,0.13793093766495335,1.0802307726192901,Hammer,1999-09-17,9.27628231048584,1999-09-24,8.924907684326172,Stop loss (-3%),1,-0.037878819811518305,-0.038935851110939015,-4644.1920636656505,114633.84953037201
LUV,2002-07-26,10.257575035095215,1.3208446176942488,1.5390596389770508,0.3241759773853482,1.2018438959042428,Hammer,2002-08-02,10.925627708435059,2002-10-11,10.556819915771484,Stop loss (-3%),10,-0.03375621085631886,-0.03465563028656188,-3972.70830367723,110661.14122669477
LUV,2017-08-25,47.143611907958984,1.3381473964688837,3.21270751953125,0.38997283279822176,1.2430428230964146,Hammer,2017-09-01,47.080970764160156,2017-10-06,50.13259506225586,RSI(2) acum > 180,5,0.06481651182134751,0.0645972515535531,7148.405569875664,117809.54679657044
LUV,2021-07-09,48.73774719238281,1.3247695900785317,3.6045989990234375,0.2993859823647193,1.116115723964075,Hammer,2021-07-16,48.608619689941406,2021-07-23,44.31039810180664,Stop loss (-3%),1,-0.08842509035540869,-0.08862169934295541,-10440.48222549502,107369.06457107543
LUV,2022-03-11,37.1159553527832,6.579015250263794,4.740955352783203,0.3210112864928191,1.337797885404205,Hammer,2022-03-18,37.43878173828125,2022-06-24,33.20512771606445,Stop loss (-3%),14,-0.11308204555940116,-0.11333401235693648,-12168.56687868241,95200.49769239301
LVLT-201710,2015-09-04,44.959999084472656,0.5481459728764975,3.3500022888183594,0.3820900655102638,1.2858398893175098,Hammer,2015-09-11,45.75,2015-10-02,43.27000045776367,Stop loss (-3%),3,-0.05420764026746072,-0.05442027193173036,-5442.027187731008,94557.972812269
LVS,2020-03-13,45.37855529785156,1.4285827055084752,13.379310607910156,0.3114187926573843,2.765457098216125,Hammer,2020-03-20,37.51763153076172,2020-04-09,38.30386734008789,Stop loss (-3%),3,0.020956435074573232,0.02068713674012445,2068.7136719437312,102068.71367194373
LVS,2025-10-17,47.81429672241211,2.6438961743052403,4.13720703125,0.38333345627286675,1.2928489260313965,Hammer,2025-10-24,49.14411163330078,2025-11-14,65.13916015625,RSI(2) acum > 180,3,0.3254723300789253,0.3252357568985767,33196.39531356233,135265.10898550606
LXK-201611,2002-06-28,44.77423858642578,3.6124217702301564,5.061794281005859,0.3252029701888359,1.3922145056829776,Hammer,2002-07-05,44.77423858642578,2002-07-12,43.29273223876953,Stop loss (-3%),1,-0.03308836497122247,-0.033307988137796986,-3330.7988104488995,96669.20118955111
LYB,2012-11-16,23.76959800720215,9.953651067871562,1.5480995178222656,0.344823507669562,1.0019408602821658,Hammer,2012-11-23,24.220951080322266,2012-12-21,27.43621063232422,RSI(2) acum > 180,4,0.1327470395914434,0.13230686140555492,13230.686127324807,113230.68612732482
LYB,2016-07-01,42.33356857299805,4.1795096244385235,3.378070831298828,0.33724807772875565,1.0784612336414539,Hammer,2016-07-08,41.87446594238281,2016-10-14,47.11847686767578,RSI(2) acum > 180,14,0.1252317088057544,0.12497797685610057,14151.342056069847,127382.02818339468
LYB,2018-09-21,65.03186798095703,5.8339921782779385,4.036346435546875,0.24197054353825334,1.2355728779823698,Hammer,2018-09-28,65.13694763183594,2018-10-19,60.278560638427734,Stop loss (-3%),3,-0.07458726836370277,-0.0747350542990051,-9519.902783483496,117862.12539991118
LYV,2020-03-20,33.970001220703125,0.7887901721481967,17.529998779296875,0.30005697021184735,2.3327103813243966,Hammer,2020-03-27,33.56999969482422,2020-06-12,58.27000045776367,RSI(2) acum > 180,11,0.7357760198832433,0.7353686072183514,73536.86064829827,173536.8606482983
LYV,2022-05-13,91.25,2.959905375870676,10.980003356933594,0.12841559481117948,1.0398828372557134,Hammer,2022-05-20,91.08000183105469,2022-06-24,85.37000274658203,Stop loss (-3%),5,-0.06269212746684172,-0.06279847361788692,-10897.849954255227,162639.01069404304
M,2011-02-04,13.075945854187012,5.9012006073278656,0.9053459167480469,0.28481108662585164,1.0295256848866388,Hammer,2011-02-11,13.09313678741455,2011-05-20,16.290632247924805,RSI(2) acum > 180,14,0.24421156766526453,0.2433548765174741,24335.487627411923,124335.48762741192
M,2011-08-12,14.725407600402832,4.352449967562194,1.7520647048950195,0.2697372539221946,1.550858162416642,Hammer,2011-08-19,14.817621231079102,2011-08-26,13.68800163269043,Stop loss (-3%),1,-0.07623488148147295,-0.07688381026691771,-9559.386030631245,114776.10159678066
MA,2016-01-22,82.76527404785156,5.544996610221887,5.849998474121094,0.27974193077202975,1.3925589533961806,Hammer,2016-01-29,82.79348754882812,2016-02-12,76.59549713134766,Stop loss (-3%),2,-0.07486084474730159,-0.07497709923529078,-7497.709916031368,92502.29008396862
MA,2018-11-02,189.50067138671875,7.457372183924392,17.81719970703125,0.2485209837042721,1.9701909428171167,Hammer,2018-11-09,189.96070861816406,2018-11-30,177.86534118652344,Stop loss (-3%),3,-0.06367299595598619,-0.06372396112801983,-5894.612331669017,86607.6777522996
MA,2020-03-13,260.57281494140625,3.9656969135037343,38.54405212402344,0.39734594657293304,2.0801263640612895,Hammer,2020-03-20,226.2942657470703,2020-03-27,196.1750946044922,Stop loss (-3%),1,-0.13309736790344662,-0.13313861643834413,-11530.826377348298,75076.85137495131
MA,2025-11-21,538.663818359375,8.177988020787183,24.53594970703125,0.3621768321654142,1.0322848172913415,Hammer,2025-11-28,541.6940307617188,2026-01-02,577.7378540039062,RSI(2) acum > 180,5,0.0665390814654232,0.06651155581610117,4993.478186614695,80070.329561566
MAA,2018-12-28,73.01353454589844,4.577023378975284,4.644432067871094,0.3553712084500333,1.5413157623655374,Hammer,2019-01-04,73.04424285888672,2019-02-22,80.75093841552734,RSI(2) acum > 180,7,0.1055072276062754,0.10536311199705056,10536.311189168744,110536.31118916874
MAC,2013-06-14,30.148958206176758,2.603859226342479,1.2786064147949219,0.3939402528201349,1.129258552398916,Hammer,2013-06-21,30.240978240966797,2013-06-28,28.042163848876953,Stop loss (-3%),1,-0.07270976403505225,-0.0730283667630926,-7302.836669006423,92697.16333099357
MAR,2015-12-04,64.31766510009766,6.276880711885639,3.7391815185546875,0.3970948904513754,1.044981095937071,Hammer,2015-12-11,64.05510711669922,2015-12-18,60.460777282714844,Stop loss (-3%),1,-0.056113087555001995,-0.056264811225156364,-5626.481116889156,94373.51888311084
MAR,2020-03-20,71.64488220214844,0.2875584617751912,42.75945281982422,0.3705449502164931,3.5187326874765223,Hammer,2020-03-27,72.06756591796875,2020-04-09,62.009620666503906,Stop loss (-3%),2,-0.13956271622817606,-0.13969178318035647,-13183.205124603588,81190.31375850725
MAR,2021-05-07,140.91697692871094,9.262988240438531,9.202972412109375,0.36221287094239013,1.0239023836408765,Hammer,2021-05-14,139.17205810546875,2021-05-28,134.56710815429688,Stop loss (-3%),2,-0.033088178861895634,-0.03315884107619709,-2692.1767081527432,78498.13705035452
MAS,1992-06-26,5.322280406951904,1.4838327309821153,0.4174337387084961,0.31250071394139056,1.354792657362799,Hammer,1992-07-02,5.322280406951904,1992-10-16,4.755497455596924,Stop loss (-3%),15,-0.10649250096155305,-0.10826968120587395,-10826.968109760426,89173.03189023958
MAS,1994-03-04,7.56318998336792,4.004895281051844,0.6234889030456543,0.3478258209431219,1.529066717337362,Hammer,1994-03-11,7.56318998336792,1994-03-31,7.3463239669799805,Stop loss (-3%),3,-0.028673881902325005,-0.02997625811277291,-2673.073817967278,86499.95807227229
MAS,2002-10-11,9.855948448181152,2.2752520664441676,1.1091899871826172,0.3285717970543475,1.0677526560782848,Hammer,2002-10-18,9.797847747802734,2003-02-14,9.525830268859863,Stop loss (-3%),17,-0.027762982845275785,-0.028768933905566826,-2488.511574126992,84011.44649814529
MAS,2011-08-12,5.932055950164795,0.9274053662134065,0.9286155700683594,0.3805965550813167,1.392022010963753,Hammer,2011-08-19,5.994425296783447,2011-08-26,5.370728015899658,Stop loss (-3%),1,-0.10404621794493951,-0.10562633077930673,-8873.820828187305,75137.625669958
MAS,2012-08-03,9.0598783493042,7.9038044315835805,1.325836181640625,0.3655915525376913,1.438445299896504,Hammer,2012-08-10,9.116903305053711,2012-09-21,11.262476921081543,RSI(2) acum > 180,6,0.23534017464444212,0.23411491490429237,17590.838822241953,92728.46449219994
MAS,2014-10-17,16.008338928222656,7.055876137256618,1.7286357879638672,0.21794918476491856,1.945298381212906,Hammer,2014-10-24,16.037887573242188,2014-12-12,18.31318473815918,RSI(2) acum > 180,7,0.14187012812791666,0.14120258304965416,13093.49869543327,105821.96318763321
MAS,2022-02-25,52.24839782714844,0.7611663865720999,3.5488739013671875,0.21226658468735354,1.1954299676161972,Hammer,2022-03-04,51.53797149658203,2022-03-18,50.338558197021484,Stop loss (-3%),2,-0.023272419630254393,-0.023464174929083245,-2483.0250530906087,103338.9381345426
MAT,1993-12-23,7.459753036499023,8.18761901386246,0.497316837310791,0.3333336529398849,1.3701597827364869,Hammer,1993-12-31,7.459753036499023,1994-02-18,8.205728530883789,RSI(2) acum > 180,7,0.1000000255685225,0.0985934150515366,9859.34149529432,109859.34149529431
MAT,2001-09-21,9.169174194335938,4.1936681145341765,1.4839954376220703,0.3346006187334601,2.0874020436902034,Hammer,2001-09-28,8.633130073547363,2001-11-02,10.641884803771973,RSI(2) acum > 180,5,0.2326797711967301,0.2313874314471622,25420.07082365272,135279.41231894703
MAT,2011-08-12,18.434043884277344,2.029125208772996,1.4342632293701172,0.33684323913150443,1.5090897929636617,Hammer,2011-08-19,18.509531021118164,2011-08-26,18.25287437438965,Stop loss (-3%),1,-0.013866188529341295,-0.014402560152582776,-1948.369871381312,133331.04244756573
MAT,2016-12-23,27.211023330688477,9.40964637933834,1.6898860931396484,0.39204525574303006,1.0134943936170533,Hammer,2016-12-30,27.29743766784668,2017-01-06,26.567712783813477,Stop loss (-3%),1,-0.026732358286240765,-0.0270937303486406,-3612.435307565065,129718.60714000068
MAY-200508,1991-01-11,7.9181013107299805,5.537237229540878,0.554771900177002,0.31818201352711484,1.1502354652811635,Hammer,1991-01-18,7.8676676750183105,1991-02-15,9.885018348693848,RSI(2) acum > 180,4,0.25641025485622615,0.2549771889959611,25497.71887409839,125497.7188740984
MAY-200508,1993-04-30,14.910924911499023,2.2390259212618417,0.7791290283203125,0.3448277550380917,1.0000110932094595,Hammer,1993-05-07,14.9646577835083,1993-07-16,17.083560943603516,RSI(2) acum > 180,10,0.14159382665137432,0.14087851509996033,17679.93226573531,143177.65113983373
MAY-200508,1996-07-19,21.598955154418945,1.0124027701641438,1.2213687896728516,0.3684209704395572,1.1232457918501562,Hammer,1996-07-26,21.534671783447266,1996-08-16,23.398868560791016,RSI(2) acum > 180,3,0.08656722498908365,0.08608287052770497,12325.143193206073,155502.7943330398
MAY-200508,1999-09-17,31.891719818115234,9.57752911223426,2.177968978881836,0.26190424062710455,1.1173270187456954,Hammer,1999-09-24,31.321298599243164,1999-10-22,29.454465866088867,Stop loss (-3%),4,-0.05960266070192266,-0.059912368108489045,-9316.540646663205,146186.25368637659
MAY-200508,2002-07-05,29.501394271850586,8.265443398397409,2.429950714111328,0.1370383220015165,1.249778074482185,Hammer,2002-07-12,29.29439926147461,2002-07-19,27.215442657470703,Stop loss (-3%),1,-0.07096771589161632,-0.07129690903767598,-10422.62802121359,135763.62566516298
MBI,1998-08-07,16.387243270874023,6.7997274607891,2.274716377258301,0.23809529798806228,2.116743873558828,Hammer,1998-08-14,16.526512145996094,1998-08-21,15.892066955566406,Stop loss (-3%),1,-0.03838953947602286,-0.03898283379876845,-3898.2833759785617,96101.71662402143
MBI,1998-09-11,13.230493545532227,1.9423025563404508,2.336613655090332,0.33774836058849433,1.9751740826816986,Hammer,1998-09-18,13.292390823364258,1998-10-09,12.745776176452637,Stop loss (-3%),3,-0.04112237250433737,-0.04185893716334325,-4022.7157134316167,92079.0009105898
MCA-199101,1990-08-24,41.14591979980469,0.1875798158548463,7.1710205078125,0.3566702485317899,2.0054077377190107,Hammer,1990-08-31,42.76681900024414,1990-09-14,39.899070739746094,Stop loss (-3%),2,-0.06705544923698148,-0.06728140929619147,-6728.140922891007,93271.85907710898
MCD,2002-07-26,12.506768226623535,0.051054226484936294,1.4535322189331055,0.3626368723587547,1.6730472127853242,Hammer,2002-08-02,13.017900466918945,2002-08-16,12.059527397155762,Stop loss (-3%),2,-0.07361963414903949,-0.07435924679168565,-7435.924671732642,92564.07532826735
MCD,2011-01-14,48.7996711730957,2.7908540863743525,1.5484657287597656,0.18297895403292758,1.0385885354859814,Hammer,2011-01-21,49.18843460083008,2011-05-20,53.43699645996094,RSI(2) acum > 180,17,0.08637318698203011,0.08616112888892166,7975.425216867272,100539.50054513462
MCD,2020-03-20,128.45867919921875,3.1721414388086373,32.60560607910156,0.35632786903658253,2.9094677481214846,Hammer,2020-03-27,123.66602325439453,2020-07-31,173.3375244140625,RSI(2) acum > 180,18,0.4016584333555244,0.4015613346831695,40372.775986910725,140912.27653204533
MCHP,2008-10-24,6.743571758270264,2.8539978537102115,1.208298683166504,0.2817955584600704,1.3542666472698424,Hammer,2008-10-31,6.6381096839904785,2008-11-21,5.94967794418335,Stop loss (-3%),3,-0.10370900340310141,-0.10513626494686817,-10513.626484173194,89486.3735158268
MCIC-199809,1996-07-05,25.308801651000977,1.4068517840817094,1.7454357147216797,0.21428548012208354,1.0521998596329059,Hammer,1996-07-12,25.433475494384766,1996-07-26,23.812713623046875,Stop loss (-3%),2,-0.06372553651567303,-0.06410611641007585,-6410.611634596975,93589.38836540302
MCIC-199809,1998-03-13,46.47824478149414,9.873239301557419,2.7487144470214844,0.3636371206244041,1.2992646610267,Hammer,1998-03-20,47.35283660888672,1998-06-05,53.375,RSI(2) acum > 180,11,0.12717640214151604,0.12695181667114203,11881.342862247613,105470.73122765063
MCK,1999-03-12,48.497352600097656,7.57888745351427,7.5236968994140625,0.20270274381278228,1.1342417169147867,Hammer,1999-03-19,48.39567947387695,1999-05-07,28.468048095703125,Stop loss (-3%),7,-0.4117646780624369,-0.4119287496559767,-41192.874924404794,58807.12507559521
MCK,2002-03-08,27.895828247070312,6.139434188966334,3.2553482055664062,0.22564128103870537,1.7353522601196107,Hammer,2002-03-15,27.945911407470703,2002-07-19,25.20722007751465,Stop loss (-3%),18,-0.0979997141629787,-0.09833995356664414,-5783.089943538776,53024.035132056444
MCK,2008-09-26,48.10330581665039,8.54479588110216,5.774829864501953,0.20783082987137982,1.89235488104194,Hammer,2008-10-03,47.69454574584961,2008-10-10,41.71098327636719,Stop loss (-3%),1,-0.1254559064545261,-0.12565240141734332,-6662.597340517874,46361.43779153857
MCK,2015-08-28,185.12318420410156,1.2720900739503662,41.244140625,0.2908490493441303,4.060444728357935,Hammer,2015-09-04,185.12318420410156,2015-09-11,181.02061462402344,Stop loss (-3%),1,-0.022161295451546326,-0.0222147135389394,-1029.9060587624826,45331.53173277609
MCK,2016-01-15,152.34317016601562,3.808608082406451,13.359115600585938,0.3994755015117024,1.2830805009931674,Hammer,2016-01-22,153.71888732910156,2016-02-05,147.5420684814453,Stop loss (-3%),2,-0.040182562826076795,-0.040246307552782266,-1824.426766131589,43507.1049666445
MCO,1996-07-26,6.126703262329102,3.8764852274553334,0.28739309310913086,0.31818113942595655,1.24599278558479,Hammer,1996-08-02,6.100576400756836,1996-10-11,6.375969409942627,RSI(2) acum > 180,10,0.045142129381680274,0.04346731442962434,4346.731438615703,104346.7314386157
MCO,1996-11-08,5.219223976135254,7.649526769250116,0.41281986236572266,0.2857142857142857,1.315126487211964,Hammer,1996-11-15,5.248711109161377,1997-03-27,6.557219982147217,RSI(2) acum > 180,19,0.2493009894756637,0.2471603112553165,25790.37059505281,130137.1020336685
MCO,2006-05-12,45.886451721191406,3.7994821447510105,3.228313446044922,0.14250670284053915,1.3501916129824536,Hammer,2006-05-19,45.56917190551758,2006-05-26,43.0029411315918,Stop loss (-3%),1,-0.05631506271929987,-0.056528306850351845,-7356.430029018331,122780.67200465019
MCO,2006-06-16,41.87525177001953,0.7635524906357745,2.4380226135253906,0.0781770985725529,1.0348150698697183,Hammer,2006-06-23,41.772010803222656,2006-07-21,39.866065979003906,Stop loss (-3%),4,-0.04562731809098619,-0.045861223370987414,-5630.871818814332,117149.80018583586
MCO,2007-03-16,50.3568000793457,2.197050770829648,5.282680511474609,0.3137252919687209,1.9754197334691097,Hammer,2007-03-23,51.20935821533203,2007-04-05,49.43252944946289,Stop loss (-3%),2,-0.03469734493444909,-0.034889215214928146,-4087.2645869821918,113062.53559885368
MCO,2011-08-12,26.921302795410156,4.571816136007314,2.847606658935547,0.19881229713201773,1.3450634628650968,Hammer,2011-08-19,27.056501388549805,2011-08-26,23.48581886291504,Stop loss (-3%),1,-0.13197133193081134,-0.13231647698415636,-14960.036374376046,98102.49922447762
MCO,2014-10-17,81.22642517089844,6.791493148257189,4.5885162353515625,0.36750489669552033,1.5434829370037433,Hammer,2014-10-24,80.96016693115234,2014-11-28,90.26428985595703,RSI(2) acum > 180,5,0.11492222999881929,0.11479162307795668,11261.345102720428,109363.84432719805
MCO,2020-03-13,202.17205810546875,2.9364642614501406,36.62571716308594,0.3764245597326671,2.3272828709988453,Hammer,2020-03-20,172.69119262695312,2020-03-27,162.7756805419922,Stop loss (-3%),1,-0.05741758994264634,-0.057473832711537415,-6285.559287266442,103078.28503993162
MCO,2022-01-28,323.6681213378906,1.171100749668355,21.63653564453125,0.3983096986400296,1.2871431510410978,Hammer,2022-02-04,323.8989562988281,2022-02-25,308.68267822265625,Stop loss (-3%),3,-0.046978472082921385,-0.04700862024088521,-4845.567951678297,98232.71708825334
MD-199707,1991-01-04,5.921289920806885,7.102994029008357,0.6889548301696777,0.21621587951078422,1.268863924285934,Hammer,1991-01-11,5.995771884918213,1991-01-18,4.301314353942871,Stop loss (-3%),1,-0.28260873887440363,-0.28403971416730034,-28403.971388326063,71596.02861167393
MD-199707,1996-07-19,46.60824203491211,5.623203592883954,6.197902679443359,0.27999997538072174,2.3733994910116896,Hammer,1996-07-26,45.36865997314453,1996-09-27,50.94508361816406,RSI(2) acum > 180,9,0.12291356298203282,0.1226796262041491,8783.374018998347,80379.40263067227
MDLZ,2012-11-16,19.020143508911133,1.25631628267179,1.2427082061767578,0.3652701228019284,1.7833391274452421,Hammer,2012-11-23,19.213619232177734,2013-01-25,20.741117477416992,RSI(2) acum > 180,9,0.07950080756680666,0.07895979554548395,7895.979546652416,107895.97954665242
MDLZ,2018-12-28,33.406131744384766,4.378697968965497,1.7181663513183594,0.3392354026469393,1.1129684859670144,Hammer,2019-01-04,33.5150032043457,2019-02-15,39.23482894897461,RSI(2) acum > 180,6,0.17066463367926055,0.1703408472195091,18379.09254917651,126275.07209582892
MDP-202112,2006-04-28,29.566545486450195,3.2197897020046895,2.7718639373779297,0.3333337920736553,2.302598221584259,Hammer,2006-05-05,29.775182723999023,2006-05-12,28.881032943725586,Stop loss (-3%),1,-0.030030035031581748,-0.03036078685792648,-3036.07868275657,96963.92131724342
MDP-202112,2007-08-10,32.42231750488281,0.6609568495302227,4.039100646972656,0.19189177447474845,3.147279294861227,Hammer,2007-08-17,32.57371139526367,2007-10-05,34.962059020996094,RSI(2) acum > 180,7,0.07332132334418895,0.0730031214825209,7078.668920265653,104042.59023750907
MDP-202112,2008-01-25,28.170730590820312,0.4729324832872095,2.6396713256835938,0.3672059932887652,1.5816723007941593,Hammer,2008-02-01,28.006132125854492,2008-03-07,26.512636184692383,Stop loss (-3%),5,-0.053327461801958576,-0.05367494374760994,-5584.48017276945,98458.11006473962
MDRIQ-202006,1998-08-07,12.702284812927246,0.1836195324461869,1.6581802368164062,0.22641494241767546,1.133439375830515,Hammer,1998-08-14,12.639711380004883,1998-08-21,12.201702117919922,Stop loss (-3%),1,-0.034653422765480224,-0.035430564496189275,-3543.0564460758715,96456.94355392412
MDT,2011-03-18,25.72774314880371,8.485336462850626,1.1660118103027344,0.2941180319502197,1.0253201541178114,Hammer,2011-03-25,25.94036865234375,2011-04-21,28.124971389770508,RSI(2) acum > 180,4,0.08421633349568358,0.08381467870298752,8381.467861917285,108381.46786191729
MDT,2014-02-07,40.97554016113281,7.522207389610784,2.3955841064453125,0.3046156932935024,1.755805991111526,Hammer,2014-02-14,41.05662155151367,2014-03-14,43.953433990478516,RSI(2) acum > 180,4,0.07055652241941579,0.07030439446584454,7619.693461731791,116001.16132364908
MDT,2015-08-28,55.72929000854492,8.014221437932392,13.879287719726562,0.33078585697119484,4.856442298498595,Hammer,2015-09-04,55.85050964355469,2015-09-11,53.28981018066406,Stop loss (-3%),1,-0.04584916913441517,-0.04602409823660552,-5338.848838981101,110662.31248466797
MDT,2016-11-18,62.88998031616211,8.152139736251812,4.5304412841796875,0.2212696231479891,1.9963003661700454,Hammer,2016-11-25,63.11533737182617,2016-12-02,58.63151931762695,Stop loss (-3%),1,-0.07104165549783992,-0.07119445556393754,-7878.5430809137215,102783.76940375425
MEA-200201,2000-01-28,35.70497512817383,8.280404342533558,3.7615585327148438,0.3333333333333333,1.2177407841520858,Hammer,2000-02-04,36.18263626098633,2000-02-11,34.07869338989258,Stop loss (-3%),1,-0.05814786009283446,-0.05841616335059657,-5841.616329218041,94158.38367078197
MEDI-200706,2002-02-08,41.290000915527344,9.572334096360478,5.020000457763672,0.20517902099071175,1.1159192792156718,Hammer,2002-02-15,41.20000076293945,2002-04-05,38.79999923706055,Stop loss (-3%),7,-0.05825246314164567,-0.05848808351549674,-5848.808345700865,94151.19165429912
MEDI-200706,2002-07-12,24.229999542236328,4.689822815106481,4.569999694824219,0.23194779957896425,1.069960565970066,Hammer,2002-07-19,24.450000762939453,2002-08-16,28.889999389648438,RSI(2) acum > 180,4,0.18159503019071455,0.18114898746690947,17055.39301992383,111206.58467422295
MEE-201106,1990-08-24,6.944952011108398,1.0290025468342634,1.6628756523132324,0.38235306768583055,2.3832777815114854,Hammer,1990-08-31,7.336216926574707,1990-09-07,6.9694061279296875,Stop loss (-3%),1,-0.04999999350023099,-0.05132811118562498,-5132.811113429687,94867.18888657032
MEE-201106,1996-10-04,12.822773933410645,5.687570109767819,0.6776256561279297,0.38461484331679197,1.1335084076795745,Hammer,1996-10-11,12.822773933410645,1997-02-21,15.476076126098633,RSI(2) acum > 180,19,0.2069210770202088,0.20606086499570772,19548.414982129456,114415.60386869979
MEE-201106,1998-07-24,9.406750679016113,5.844285745417949,0.6556625366210938,0.38775468646365446,1.1605430648705823,Hammer,1998-07-31,9.353226661682129,1998-08-07,9.058847427368164,Stop loss (-3%),1,-0.03147354864390961,-0.03252531118531945,-3721.4031165642973,110694.2007521355
MEE-201106,1998-08-07,8.844754219055176,1.9222061621916424,0.7225666046142578,0.29629546528417533,1.227919785790493,Hammer,1998-08-14,8.777849197387695,1998-08-21,8.24261474609375,Stop loss (-3%),1,-0.06097558060728958,-0.062079450419815455,-6871.835140481458,103822.36561165404
MEL-200706,1994-10-07,6.636053562164307,3.106623570100396,0.2512540817260742,0.35294106483361737,1.2364701991585938,Hammer,1994-10-14,6.636053562164307,1994-11-11,6.433843612670898,Stop loss (-3%),4,-0.03047141612091786,-0.031954259592547024,-3195.4259560592764,96804.57404394074
MEL-200706,1994-11-25,5.925121307373047,0.6226372672082618,0.40398550033569336,0.277777056463559,1.6028896579726708,Hammer,1994-12-02,5.902677536010742,1994-12-16,5.5211358070373535,Stop loss (-3%),2,-0.06463875531836172,-0.06627676046749566,-6415.893559652313,90388.68048428843
MEL-200706,1996-07-26,10.199923515319824,7.065378571960181,0.6028318405151367,0.23999905080562872,1.166024710541677,Hammer,1996-08-02,10.195045471191406,1996-08-30,11.024307250976562,RSI(2) acum > 180,4,0.08133968427393867,0.08031942427110204,7259.966769862676,97648.64725415112
MEL-200706,2002-06-28,28.0302791595459,0.8619015532787984,2.3544349670410156,0.38257553049978854,1.2246313696502478,Hammer,2002-07-05,28.0302791595459,2002-07-19,25.149662017822266,Stop loss (-3%),2,-0.10276805041174986,-0.10310641550146257,-10068.201986874057,87580.44526727706
MEL-200706,2002-07-26,21.82312774658203,0.3813971683747752,2.4525375366210938,0.181818676720826,1.0911540551715202,Hammer,2002-08-02,22.3787899017334,2002-10-11,19.76180648803711,Stop loss (-3%),10,-0.1169403450851283,-0.11736097529636194,-10278.526463178754,77301.91880409831
MEL-200706,2007-03-16,41.3403434753418,9.921561941322423,1.9401588439941406,0.23076832330254954,1.350376565196868,Hammer,2007-03-23,41.53933334350586,2007-06-29,44.0,End of data,14,0.059237028099268674,0.05898919200919674,4559.977726454314,81861.89653055262
MER-200812,1993-01-08,5.534720420837402,8.143447047304079,0.44653797149658203,0.39473740413344754,1.6167698201792007,Hammer,1993-01-15,5.511218547821045,1993-01-29,6.275033473968506,RSI(2) acum > 180,2,0.13859274850376746,0.13665428945798838,13665.428932133407,113665.4289321334
MER-200812,1994-01-07,8.061545372009277,9.484819000693165,0.7176451683044434,0.3333331118510097,1.48550789505249,Hammer,1994-01-14,8.181153297424316,1994-01-28,7.822330951690674,Stop loss (-3%),2,-0.04385962867198823,-0.0450544147334363,-5121.129370841138,108544.29956129228
MER-200812,1998-10-09,19.128459930419922,0.056153586499732455,4.192539215087891,0.07499984077143057,1.0928371432248165,Hammer,1998-10-16,20.124187469482422,1998-11-13,26.515846252441406,RSI(2) acum > 180,4,0.3176107752251711,0.3170350910901956,34412.35186432343,142956.65142561574
MERQ-200611,2000-12-01,80.125,6.611914377143833,28.375,0.21585903083700442,1.1663379987346885,Hammer,2000-12-08,79.4375,2001-01-12,68.0625,Stop loss (-3%),5,-0.14319433516915814,-0.14331119992447364,-14331.119978116243,85668.88002188377
MET,2002-02-08,14.505868911743164,9.669892313120528,0.8197908401489258,0.37125776366806923,1.0538607732992855,Hammer,2002-02-15,14.535323143005371,2002-03-15,15.831277847290039,RSI(2) acum > 180,4,0.08915898817896606,0.08844058633616257,8844.058624772199,108844.05862477221
MET,2011-03-18,24.37816619873047,8.038373973050355,2.1099681854248047,0.27296559217740235,1.5082381111657046,Hammer,2011-03-25,24.749208450317383,2011-06-10,23.043514251708984,Stop loss (-3%),11,-0.06891914147607925,-0.0693091924975853,-7543.893803898902,101300.16482087331
MET,2013-03-01,20.516128540039062,8.279685739738,1.330179214477539,0.37554649647188043,1.244829530823981,Hammer,2013-03-08,20.428998947143555,2013-05-17,24.035728454589844,RSI(2) acum > 180,10,0.17654949793565833,0.1760169175279844,17830.542739016346,119130.70755988965
MET,2014-10-17,29.47322654724121,1.9177491886182736,2.4249343872070312,0.32587048241101685,1.7372734129653022,Hammer,2014-10-24,29.364646911621094,2015-02-06,28.359575271606445,Stop loss (-3%),15,-0.03422726801516185,-0.03456192861525343,-4117.387006452151,115013.3205534375
MET,2016-02-12,23.588478088378906,7.14040608800812,2.111177444458008,0.27462698703093874,1.0888381007685868,Hammer,2016-02-19,24.080036163330078,2016-03-24,28.113332748413086,RSI(2) acum > 180,5,0.16749545381601427,0.1670454865751271,19212.456075257578,134225.7766286951
MET,2016-07-01,25.11532974243164,5.874984866522496,2.4167709350585938,0.25526326589239545,1.3089469403851777,Hammer,2016-07-08,24.670133590698242,2016-09-16,27.978994369506836,RSI(2) acum > 180,10,0.1341241532658819,0.13369170897020644,17944.873447398568,152170.6500760937
META,2016-11-18,116.00132751464844,4.751544553141514,5.527961730957031,0.3783739395302811,1.0752514924691847,Hammer,2016-11-25,117.17105865478516,2017-03-17,137.5025177001953,RSI(2) acum > 180,16,0.1735194618776268,0.17342671599221174,17342.6715818785,117342.67158187849
META,2018-04-06,155.83155822753906,8.392533543965968,10.968673706054688,0.39539092680877463,1.0819992713405666,Hammer,2018-04-13,156.4461669921875,2018-05-11,175.80616760253906,RSI(2) acum > 180,4,0.12374864135417485,0.12368076878146793,14513.03181760501,131855.70339948352
META,2019-06-07,171.84097290039062,4.464550094530864,14.086318969726562,0.11963460328155111,1.3639106248467507,Hammer,2019-06-14,173.22879028320312,2019-07-12,193.49085998535156,RSI(2) acum > 180,4,0.11696710269131927,0.11690600124283083,15414.723010079633,147270.42640956317
META,2020-03-13,168.79769897460938,2.1635395314679755,23.741500854492188,0.3628386494704429,1.8622665632157065,Hammer,2020-03-20,150.99404907226562,2020-05-08,198.45724487304688,RSI(2) acum > 180,7,0.31433818811008507,0.3142615539126404,46281.43300256504,193551.8594121282
META,2021-09-24,349.887451171875,9.584833701108636,20.162841796875,0.39675735890636543,1.1433122900103105,Hammer,2021-10-01,346.7599182128906,2021-10-15,324.77301025390625,Stop loss (-3%),2,-0.06340671687863786,-0.06343464059844639,-12277.892626691482,181273.96678543673
MHK,2016-02-12,155.2100067138672,2.321807399538571,10.919998168945312,0.39102470051826793,1.0347921549730406,Hammer,2016-02-19,157.5500030517578,2016-03-11,185.4600067138672,RSI(2) acum > 180,3,0.17715013088854392,0.17708103913998874,17708.10389629077,117708.10389629078
MHS-201203,2006-04-28,26.614999771118164,7.927772023439985,2.0500011444091797,0.3585366829458006,1.441679113514577,Hammer,2006-05-05,25.975000381469727,2006-07-14,28.825000762939453,RSI(2) acum > 180,10,0.10972089854146394,0.10931487066087033,10931.487055155547,110931.48705515554
MI-201107,2003-03-14,16.736486434936523,8.262231872613569,1.1852283477783203,0.39560444865714733,1.2271073307613722,Hammer,2003-03-21,16.736486434936523,2003-05-02,18.885528564453125,RSI(2) acum > 180,6,0.128404616935045,0.12776894918080856,12776.894905303965,112776.89490530395
MII-199906,1993-06-18,15.725419044494629,6.112878035517596,1.4912042617797852,0.3818184608871218,2.1275481853477727,Hammer,1993-06-25,15.806756973266602,1993-07-23,18.19268226623535,RSI(2) acum > 180,4,0.15094337801257907,0.1502632058528219,15026.32057025587,115026.32057025588
MII-199906,1994-11-25,18.097959518432617,5.384712985093955,1.3282890319824219,0.3749996410140062,1.179437387201065,Hammer,1994-12-02,17.931922912597656,1994-12-16,17.18475914001465,Stop loss (-3%),2,-0.041666684394349285,-0.04221257883932976,-4855.557620814387,110170.7629494415
MII-199906,1996-07-12,24.608081817626953,4.932525274180861,1.6971092224121094,0.24999943805955221,1.3882641270359926,Hammer,1996-07-19,24.438369750976562,1996-10-18,28.026996612548828,RSI(2) acum > 180,13,0.1468439547375644,0.1464048082580469,16129.52940912619,126300.29235856769
MII-199906,1998-12-24,24.51736831665039,7.597256341038303,2.6689796447753906,0.39534872087322787,1.4205722213013656,Hammer,1998-12-31,24.39322853088379,1999-02-19,35.63252639770508,RSI(2) acum > 180,7,0.46075483007882423,0.46025054042784347,58129.77775609563,184430.0701146633
MIL-201007,1994-10-21,21.138303756713867,1.1674808541453814,1.5207405090332031,0.2333332497184268,1.701461946510086,Hammer,1994-10-28,21.08761215209961,1994-11-11,20.377933502197266,Stop loss (-3%),2,-0.03365381745375495,-0.034119939470403794,-3411.9939436283858,96588.00605637161
MIL-201007,1996-07-26,30.025569915771484,8.544308967334473,2.467855453491211,0.2500001932192412,1.0787274187048574,Hammer,1996-08-02,29.819915771484375,1997-06-13,36.12265396118164,RSI(2) acum > 180,45,0.2113600265673563,0.21098930296774748,20379.03605249938,116967.042108871
MIL-201007,1997-10-31,32.5350227355957,1.263153411586785,4.781503677368164,0.2608695652173913,1.9142386759659196,Hammer,1997-11-07,32.742916107177734,1997-11-28,31.651485443115234,Stop loss (-3%),3,-0.03333333721681686,-0.033633610775651426,-3934.023963934974,113033.01814493604
MIL-201007,1999-03-26,21.817996978759766,2.5733179550260274,1.9689407348632812,0.29729669512114787,1.0642809411355212,Hammer,1999-04-01,21.817996978759766,1999-04-09,21.232635498046875,Stop loss (-3%),1,-0.026829295158613875,-0.027281380338931238,-3083.6967557856196,109949.32138915041
MIL-201007,1999-10-29,27.301250457763672,4.353398500891458,2.408933639526367,0.3333328054791267,1.1452193254081697,Hammer,1999-11-05,27.087121963500977,2000-01-07,33.290252685546875,RSI(2) acum > 180,9,0.2290066375602553,0.22859526213522163,25133.893919408678,135083.21530855907
MIL-201007,2001-03-23,41.893856048583984,9.789209811221724,7.726894378662109,0.375703200943542,1.4404749738028293,Hammer,2001-03-30,41.893856048583984,2001-04-06,40.3293571472168,Stop loss (-3%),1,-0.03734435186755902,-0.03757856537995863,-5076.233433131481,130006.98187542759
MIR-200005,1997-10-24,26.8125,5.122195930688548,1.9375,0.3225806451612903,1.103915250606093,Hammer,1997-10-31,26.5625,1997-11-07,25.75,Stop loss (-3%),1,-0.030588235294117694,-0.030958878328785175,-3095.8878297826295,96904.11217021738
MIR-201012,2001-09-28,336.3615417480469,1.3757200161015675,64.81488037109375,0.3720378142753692,1.06878609851161,Hammer,2001-10-05,336.20794677734375,2001-12-21,222.7051239013672,Stop loss (-3%),11,-0.3375970852680191,-0.33762180773826705,-33762.18074006452,66237.8192599355
MJN-201706,2014-02-07,71.39720153808594,1.5363827605249867,3.807220458984375,0.32839565548475014,1.1718173723791314,Hammer,2014-02-14,71.99883270263672,2014-03-14,78.21260070800781,RSI(2) acum > 180,4,0.08630373260403612,0.08615885811233921,8615.885802618035,108615.88580261802
MJN-201706,2015-07-17,84.60972595214844,4.026971163704502,5.985038757324219,0.3091777771262418,1.7190552211606647,Hammer,2015-07-24,84.56153106689453,2015-08-21,80.76426696777344,Stop loss (-3%),4,-0.044905337583317606,-0.045020932644256655,-4889.9884739259505,103725.89732869207
MKC,2011-08-12,17.129472732543945,6.0222506616946845,1.0247745513916016,0.10948914619460726,1.5635400509073571,Hammer,2011-08-19,17.241674423217773,2011-08-26,16.837749481201172,Stop loss (-3%),1,-0.023427245643420358,-0.024000275755154708,-2400.0275731154434,97599.97242688456
MKC,2016-01-22,33.58745193481445,8.445985735404875,1.7885360717773438,0.25517111936764963,1.3688678072060476,Hammer,2016-01-29,33.57511901855469,2016-03-04,38.39387893676758,RSI(2) acum > 180,5,0.1435217523890202,0.14320258708897993,13976.56853736641,111576.54096425098
MKG-200010,1991-05-17,27.052387237548828,8.17953482979027,1.848520278930664,0.17307618889405949,1.1260485109464708,Hammer,1991-05-24,26.732450485229492,1991-07-19,30.330018997192383,RSI(2) acum > 180,8,0.1345768325260963,0.1341776589336655,13417.765879948787,113417.76587994878
MKG-200010,1993-02-26,24.14742088317871,2.0361147714379797,2.610532760620117,0.25000018265894436,1.3421645068247412,Hammer,1993-03-05,23.92987632751465,1993-03-19,22.719818115234375,Stop loss (-3%),2,-0.05056683936510553,-0.050974076305451414,-5781.365846576968,107636.40003337181
MKG-200010,1996-07-19,34.71658706665039,5.095116389983147,2.7589340209960938,0.16666712755690383,1.8024870220802354,Hammer,1996-07-26,34.60163116455078,1996-08-23,36.09605407714844,RSI(2) acum > 180,4,0.04318937756115626,0.04289417555668417,4616.974634703962,112253.37466807579
MKTX,2023-04-28,303.82177734375,4.942898324026473,25.985687255859375,0.39588772271018524,1.0489233507889841,Hammer,2023-05-05,303.62139892578125,2023-05-12,286.07171630859375,Stop loss (-3%),1,-0.05780120465579386,-0.05783318802091316,-5783.318796307998,94216.68120369202
ML-199503,1994-04-08,42.23313522338867,7.991109454956913,3.0603713989257812,0.27999970084436676,1.6698752238205754,Hammer,1994-04-15,42.35554885864258,1994-08-12,46.022586822509766,RSI(2) acum > 180,17,0.08657751021254767,0.08633122238502497,8633.122229869376,108633.12222986938
MLM,2016-01-22,114.22714233398438,2.9954154865586275,12.00494384765625,0.22170914489371546,1.2544611927923122,Hammer,2016-01-29,113.46932220458984,2016-03-04,132.2659149169922,RSI(2) acum > 180,5,0.16565352068034134,0.16555809585300574,16555.809568744764,116555.80956874478
MMM,1991-01-11,6.110072612762451,8.526829293539862,0.36492013931274414,0.3076926092359397,1.578507459234257,Hammer,1991-01-18,6.054305553436279,1991-10-04,6.918222427368164,RSI(2) acum > 180,37,0.14269462720485682,0.14092652473147224,14092.65245905457,114092.65245905456
MMM,1992-04-10,6.875066757202148,9.488158388155611,0.2640495300292969,0.29629689825048033,1.1320341950880857,Hammer,1992-04-16,6.8848466873168945,1992-05-15,7.315149307250977,RSI(2) acum > 180,4,0.06249995671316477,0.06100318904160698,6960.015639258056,121052.66809831263
MMM,2006-07-28,32.825626373291016,2.71769685898596,2.1598262786865234,0.2521558747089072,1.4138743411329928,Hammer,2006-08-04,32.630123138427734,2006-11-03,37.00702667236328,RSI(2) acum > 180,13,0.13413689906615667,0.13380992973161276,16198.048995861409,137250.71709417403
MNKKQ-202206,2015-10-02,65.87000274658203,0.5676070353124487,12.19000244140625,0.23707947586883701,1.3214581280690048,Hammer,2015-10-09,66.30999755859375,2015-11-20,56.5,Stop loss (-3%),6,-0.1479414555840589,-0.14808109658629068,-14808.10964382096,85191.89035617905
MNR-199809,1991-06-14,7.745530605316162,7.912858222821598,0.7134041786193848,0.3571425229443954,1.1576435057800096,Hammer,1991-06-21,7.796487808227539,1991-08-16,9.491412162780762,RSI(2) acum > 180,8,0.2173958834084997,0.2159747468651149,21597.474664914014,121597.47466491403
MNR-199809,1992-02-21,9.672074317932129,5.434869167424438,1.0234994888305664,0.24999976705549762,1.4010820904760648,Hammer,1992-02-28,9.82559871673584,1992-05-22,9.30095100402832,Stop loss (-3%),12,-0.053396004440308786,-0.05438607841832894,-6613.20978598357,114984.26487893045
MNR-199809,1993-07-09,11.57762336730957,6.724403608512006,1.2349472045898438,0.375,1.2062842282863686,Hammer,1993-07-16,11.654807090759277,1993-10-15,13.754706382751465,RSI(2) acum > 180,13,0.18017452160637903,0.17923961140390499,20609.73493385344,135593.99981278388
MNR-199809,1996-07-19,21.428905487060547,2.9338273906517855,2.1039295196533203,0.14814811457167076,1.702189074818761,Hammer,1996-07-26,21.27305793762207,1996-09-27,22.69019889831543,RSI(2) acum > 180,9,0.06661670197339609,0.06613108042183562,8966.977697370596,144560.97751015445
MNR-199809,1997-01-31,25.374624252319336,8.182741090686193,1.6170101165771484,0.3076922169574854,1.145138010477881,Hammer,1997-02-07,25.499008178710938,1997-04-11,23.90212631225586,Stop loss (-3%),9,-0.06262525409864028,-0.06300507179873004,-9108.074758213806,135452.90275194065
MNST,2016-02-12,20.39497947692871,4.068264856944211,1.7566642761230469,0.18690702911406973,1.0718078274987433,Hammer,2016-02-19,20.559978485107422,2016-06-10,25.439973831176758,RSI(2) acum > 180,16,0.2373541076224448,0.2368101357167016,23681.013547989147,123681.01354798915
MO,1993-02-26,0.7976449131965637,5.2755667127371595,0.08021008968353271,0.12962973971949213,1.9654789317883867,Hammer,1993-03-05,0.7991303205490112,1993-03-26,0.7591463327407837,Stop loss (-3%),3,-0.050034377097290084,-0.06215906368771368,-6215.906362555463,93784.09363744453
MO,1998-01-30,1.8640503883361816,6.511435737632482,0.16563093662261963,0.33898272148022224,1.4006529053610075,Hammer,1998-02-06,1.897737979888916,1998-04-09,1.8044500350952148,Stop loss (-3%),9,-0.049157442061185774,-0.05428385089560857,-5090.96175030387,88693.13188714065
MO,2004-05-28,3.018218994140625,1.6356991371764593,0.2925729751586914,0.30752725850351226,1.8779958803278012,Hammer,2004-06-04,3.0389821529388428,2004-07-16,3.1830408573150635,RSI(2) acum > 180,6,0.04740360328766946,0.044040568453002374,3906.09594228069,92599.22782942135
MO,2011-08-12,10.043237686157227,1.349295429326105,0.8967180252075195,0.20888950809176446,2.4309073917265924,Hammer,2011-08-19,10.138887405395508,2011-12-23,11.88476848602295,RSI(2) acum > 180,18,0.17219651533938074,0.17112582299603704,15846.119055261144,108445.3468846825
MO,2012-11-16,13.326051712036133,2.5772886915659967,0.6654491424560547,0.2115384064181239,1.4344029416656159,Hammer,2012-11-23,13.471085548400879,2012-12-07,14.473525047302246,RSI(2) acum > 180,2,0.0744141587773055,0.07364449382106615,7986.402670585972,116431.74955526846
MO,2013-08-23,15.200895309448242,4.393121637019519,0.5276870727539062,0.025213258150798813,1.0664310334815206,Hammer,2013-08-30,15.240804672241211,2013-11-08,16.870744705200195,RSI(2) acum > 180,10,0.10694579899233725,0.10625480699673986,12371.433064916368,128803.18262018482
MOLX-201312,2004-03-26,24.15719985961914,0.6052855689073482,1.6013126373291016,0.3333325392561959,1.0929930145582685,Hammer,2004-04-02,24.468826293945312,2004-05-14,23.554180145263672,Stop loss (-3%),6,-0.03738005810715839,-0.03778102114381643,-3778.1021106035405,96221.89788939645
MOS,2015-05-01,35.62062454223633,0.7497152371044535,1.6471977233886719,0.20673084716873202,1.0938677811837243,Hammer,2015-05-08,35.61270523071289,2015-05-29,37.02232360839844,RSI(2) acum > 180,3,0.03958189552165425,0.03929557978593939,3929.55797466438,103929.55797466439
MOS,2020-03-20,8.402192115783691,1.025430391672316,3.5615124702453613,0.2792125834763349,1.6422336034996738,Hammer,2020-03-27,8.130587577819824,2020-08-21,15.912333488464355,RSI(2) acum > 180,21,0.9570951467115452,0.9552777640588319,99281.59566237855,203211.15363704294
MPC,2022-07-08,76.37317657470703,7.521645528501395,6.933845520019531,0.34523834411822635,1.0194321461941727,Hammer,2022-07-15,75.46517181396484,2022-08-26,92.27623748779297,RSI(2) acum > 180,6,0.22276588351604643,0.2226186222981315,22261.86220755129,122261.86220755128
MPWR,2021-03-12,318.5859680175781,9.512555086840948,41.59906005859375,0.3396580486795714,1.2521630354767914,Hammer,2021-03-19,320.02008056640625,2021-04-23,363.5301513671875,RSI(2) acum > 180,5,0.13596043949421044,0.13592706772791457,13592.706759198754,113592.70675919874
MRK,1997-10-31,15.762859344482422,3.211348786186633,1.556417465209961,0.1773052078954818,1.4643837205530121,Hammer,1997-11-07,15.972589492797852,1997-12-12,18.52177619934082,RSI(2) acum > 180,5,0.15959758483071362,0.1589217639924688,15892.176383354705,115892.17638335472
MRK,2002-04-12,20.61726951599121,1.379050521435488,1.7181053161621094,0.33333259323565523,1.436125580964923,Hammer,2002-04-19,20.808170318603516,2002-06-21,20.177610397338867,Stop loss (-3%),9,-0.030303477509548093,-0.030776662635201454,-3566.774411042995,112325.40197231172
MRK,2010-04-23,19.653823852539062,5.958744799001892,1.585165023803711,0.32867114355605875,1.576784576896093,Hammer,2010-04-30,19.720335006713867,2010-05-14,18.80027198791504,Stop loss (-3%),2,-0.04665554710331188,-0.04715068304199973,-5296.219420665462,107029.18255164626
MRK,2011-08-12,18.34250259399414,2.5225302264829566,1.4339237213134766,0.32653044936810727,1.6768202171462343,Hammer,2011-08-19,18.52393913269043,2012-04-13,23.383312225341797,RSI(2) acum > 180,34,0.26232935974593596,0.2617188743469759,28011.55715168229,135040.73970332855
MRK,2022-02-25,66.50787353515625,9.91155475028954,3.8473854064941406,0.21970732790716352,1.1035143716928766,Hammer,2022-03-04,66.08087921142578,2022-04-01,71.53936767578125,RSI(2) acum > 180,4,0.082603145259176,0.0824455773210543,11133.511735569631,146174.25143889818
MRN-199606,1991-05-03,22.184667587280273,7.936233770020621,1.6897411346435547,0.3870975752643324,1.1457892363995303,Hammer,1991-05-10,22.45720672607422,1991-05-31,21.4081974029541,Stop loss (-3%),3,-0.046711478231268755,-0.047146272671901544,-4714.6272624755275,95285.37273752448
MRN-199606,1994-11-25,14.75,3.966918639532892,1.625,0.3076923076923077,1.3947666546307083,Hammer,1994-12-02,14.625,1994-12-16,13.75,Stop loss (-3%),2,-0.05982905982905984,-0.0604921394395079,-5764.0160484198,89521.35668910466
MRO-202411,1991-12-20,2.8872902393341064,6.995289361528151,0.27575230598449707,0.35294127818957294,1.062120347603439,Hammer,1991-12-27,2.8872902393341064,1992-03-27,2.750720739364624,Stop loss (-3%),13,-0.04730023262260585,-0.05067593078183857,-5067.593073116264,94932.40692688373
MRO-202411,1996-02-16,2.913783311843872,8.710460397829578,0.1615142822265625,0.24053938356164384,1.1089761149209125,Hammer,1996-02-23,2.8749330043792725,1996-04-12,3.1274609565734863,RSI(2) acum > 180,7,0.0878378563290163,0.0842130535069469,7994.5478560823685,102926.95478296612
MRO-202411,2001-09-28,4.893317222595215,6.2005138484031335,0.5121974945068359,0.35714272414807535,1.4723240003286309,Hammer,2001-10-05,4.869536876678467,2002-01-04,5.529240131378174,RSI(2) acum > 180,13,0.1354755639821119,0.13328512454344552,13718.631973406595,116645.58675637272
MRO-202411,2007-11-30,24.337060928344727,5.648150937694538,2.0070457458496094,0.15184315812481589,1.115021155221836,Hammer,2007-12-07,24.175973892211914,2008-01-25,19.230194091796875,Stop loss (-3%),7,-0.2045741703091547,-0.20494541793501425,-23905.978504153798,92739.60825221891
MRO-202411,2014-02-07,27.224462509155273,2.4407651056236546,1.1524486541748047,0.2536249513831997,1.0002317893325179,Hammer,2014-02-14,27.13260269165039,2014-03-14,28.682682037353516,RSI(2) acum > 180,4,0.05712976979462936,0.056750751464755264,5263.0424535974,98002.6507058163
MRO-202411,2014-10-17,28.804765701293945,0.859521262091306,2.7505874633789062,0.20370362665557173,1.8600023307836362,Hammer,2014-10-24,28.694400787353516,2014-11-21,27.2497501373291,Stop loss (-3%),4,-0.05034608182726419,-0.050685749880374165,-4967.3378363213415,93035.31286949496
MRO-202411,2019-08-09,11.902667045593262,5.922766560291052,1.4612445831298828,0.17088601812004234,1.3201128766710999,Hammer,2019-08-16,11.828680038452148,2019-08-30,11.057748794555664,Stop loss (-3%),2,-0.0651747482720283,-0.0659922561163511,-6139.610188608956,86895.702680886
MRSH,1994-07-01,6.6089935302734375,7.7676732199726075,0.3391714096069336,0.22857074571133737,1.8902795038145837,Hammer,1994-07-08,6.626585960388184,1994-09-23,6.235637187957764,Stop loss (-3%),11,-0.058997012151868033,-0.060460465237933886,-6046.046517747342,93953.95348225266
MRSH,1996-07-19,7.626827716827393,6.388598264555213,0.34667396545410156,0.3333324163581045,1.3685598289557035,Hammer,1996-07-26,7.605816841125488,1996-10-11,8.393712043762207,RSI(2) acum > 180,11,0.10359113545523257,0.10220916083978229,9602.95473339803,103556.9082156507
MRSH,1996-12-20,8.925568580627441,9.733356737301207,0.4028158187866211,0.2631568978865153,1.2791557866589713,Hammer,1996-12-27,8.893767356872559,1997-02-21,10.371428489685059,RSI(2) acum > 180,8,0.16614569209196306,0.16492858774187624,17079.494605842876,120636.40282149357
MRSH,2002-02-01,29.253150939941406,5.931629118130445,2.405355453491211,0.1437127457876027,1.4306776071103586,Hammer,2002-02-08,29.440393447875977,2002-03-22,32.3210563659668,RSI(2) acum > 180,6,0.09784729688450033,0.09749107014557129,11760.971997818651,132397.37481931224
MRSH,2007-08-17,17.46962547302246,1.377368084952522,1.5719356536865234,0.3907555326901633,1.479736168732346,Hammer,2007-08-24,17.529067993164062,2007-09-28,16.432674407958984,Stop loss (-3%),5,-0.0625471694007147,-0.06309965181134373,-8354.228243480346,124043.1465758319
MRSH,2011-08-12,21.12474822998047,2.5593570694704084,2.2089767456054688,0.3481228521594971,2.1811849974384194,Hammer,2011-08-19,21.32076644897461,2011-08-26,21.064434051513672,Stop loss (-3%),1,-0.012022663353796315,-0.012488760865790335,-1549.1451930765988,122494.00138275529
MS,2001-04-06,24.98839569091797,0.5106932439381922,5.215509414672852,0.3599219434843618,1.108712834491896,Hammer,2001-04-12,24.98839569091797,2001-09-10,23.231218338012695,Stop loss (-3%),22,-0.07031973459360252,-0.07070577262726357,-7070.577255655782,92929.4227443442
MS,2002-07-26,19.082590103149414,6.326268263640628,2.6350231170654297,0.13904775278662276,1.1754506362557462,Hammer,2002-08-02,19.770204544067383,2002-08-30,22.460439682006836,RSI(2) acum > 180,4,0.13607523037725655,0.13553514108876982,12595.202410357426,105524.62515470164
MS,2008-09-19,18.373811721801758,3.745341073117146,15.733546257019043,0.33433473842815226,3.3481869428510604,Hammer,2008-09-26,20.77098274230957,2008-10-03,16.47633171081543,Stop loss (-3%),1,-0.2067620528491474,-0.20719361798120237,-21864.028850048802,83660.59630465283
MS,2008-10-03,16.15220832824707,2.2806571169007555,5.125219345092773,0.3702237847545915,1.0671740660859619,Hammer,2008-10-10,15.186586380004883,2008-10-17,10.419254302978516,Stop loss (-3%),1,-0.3139172923879181,-0.3144722320319539,-26308.93442673947,57351.661877913364
MS,2016-02-12,17.30901336669922,4.7150155095834805,2.012763023376465,0.2793301224571021,1.2241198408788425,Hammer,2016-02-19,18.04365348815918,2016-07-29,21.722681045532227,RSI(2) acum > 180,23,0.20389593270494477,0.20328538967076473,11658.754921458803,69010.41679937216
MS,2020-03-13,30.902345657348633,1.9021037603110926,7.235271453857422,0.3576311908737517,2.3549234843286566,Hammer,2020-03-20,25.603622436523438,2020-03-27,24.021421432495117,Stop loss (-3%),1,-0.06179598250016838,-0.06217441051251159,-4290.6819794330095,64719.73481993915
MSFT,2000-12-22,14.120389938354492,1.8574118938788757,2.964712142944336,0.36538472673371664,1.233527595294541,Hammer,2000-12-29,14.253421783447266,2001-01-05,13.417221069335938,Stop loss (-3%),1,-0.058666664525596324,-0.05934743178194456,-5934.743172259714,94065.25682774029
MSFT,2008-11-21,14.30683422088623,8.7488850986567,1.8929004669189453,0.19073431241655542,1.0017102023808941,Hammer,2008-11-28,14.459498405456543,2008-12-26,13.986966133117676,Stop loss (-3%),4,-0.032679713990669934,-0.03335976532423952,-3137.99488979974,90927.26193794055
MSFT,2011-08-12,19.302288055419922,9.26297902215292,1.2227344512939453,0.37735799021940053,1.3632489368398626,Hammer,2011-08-19,19.409950256347656,2011-08-26,18.897884368896484,Stop loss (-3%),1,-0.02638161771093206,-0.026889890551250985,-2445.0241191911264,88482.23781874943
MSFT,2014-10-17,36.793460845947266,5.284489847979344,2.074535369873047,0.3780485338168204,1.5335810738016054,Hammer,2014-10-24,36.312774658203125,2014-11-21,41.66777038574219,RSI(2) acum > 180,4,0.14746864644586877,0.14717299663435698,13022.196075676988,101504.43389442643
MSFT,2018-11-02,98.46253967285156,2.7515917285899434,7.9671478271484375,0.2956917272352936,1.7365759770239477,Hammer,2018-11-09,98.65731048583984,2018-12-28,90.98878479003906,Stop loss (-3%),7,-0.07772891494849166,-0.0778263316355522,-7899.717726846899,93604.71616757954
MSI,1997-10-31,51.87177276611328,8.551983841437348,6.274810791015625,0.2000001215876428,1.2670559174356277,Hammer,1997-11-07,52.656124114990234,1997-12-19,46.94601058959961,Stop loss (-3%),6,-0.10844158436198037,-0.10862118159309048,-10862.11814844693,89137.88185155306
MSI,2002-10-11,26.08034324645996,3.458215028309965,5.336399078369141,0.14215690129065234,1.17188672424221,Hammer,2002-10-18,25.89723014831543,2002-10-25,20.325403213500977,Stop loss (-3%),1,-0.21515146225693527,-0.21549599794508317,-19208.856785102485,69929.02506645057
MSI,2008-09-19,23.688583374023438,3.7481009542878923,4.939054489135742,0.35668763735828757,1.5306833135735072,Hammer,2008-09-26,23.62566566467285,2008-10-10,20.353933334350586,Stop loss (-3%),2,-0.13848212265250348,-0.1388760002316972,-9711.463291619286,60217.56177483129
MST-199808,1990-07-06,32.08403015136719,9.196815940124736,2.3426437377929688,0.39130448942371887,1.2238277690357187,Hammer,1990-07-13,31.778467178344727,1990-07-27,30.250656127929688,Stop loss (-3%),2,-0.048076927116741386,-0.04838399290379513,-4838.399285541114,95161.60071445888
MST-199808,1991-12-13,28.84677505493164,3.7893629867102874,2.4482498168945312,0.26086953134494867,1.5664023317947684,Hammer,1991-12-20,29.16611099243164,1992-05-08,28.92472267150879,Stop loss (-3%),20,-0.008276328681101508,-0.00861771500537206,-820.0755535921414,94341.52516086673
MST-199808,1997-10-31,58.15705108642578,3.235347389691725,4.687099456787109,0.249999389596279,1.8106102889607247,Hammer,1997-11-07,58.40373992919922,1997-12-05,64.13360595703125,RSI(2) acum > 180,4,0.09810786149616701,0.09792825585289855,9238.701004267321,103580.22616513405
MTB,2007-03-16,64.68162536621094,6.34744320329618,3.1504364013671875,0.300883434156548,1.725366864394682,Hammer,2007-03-23,65.23921966552734,2007-04-13,58.94391632080078,Stop loss (-3%),3,-0.09649568736416114,-0.09664156268632713,-9664.156258968556,90335.84374103145
MTB,2008-07-18,39.68461608886719,0.1310824458589792,10.055593490600586,0.1362853414825076,2.2664752961988417,Hammer,2008-07-25,40.32646179199219,2008-09-26,54.33031463623047,RSI(2) acum > 180,9,0.34726212570970194,0.3469711292987838,31343.92968764023,121679.77342867169
MTB,2013-04-19,68.72657775878906,1.5147487941101616,3.3336715698242188,0.35908145306910844,1.475121394536748,Hammer,2013-04-26,68.82401275634766,2013-05-24,73.61921691894531,RSI(2) acum > 180,4,0.06967341732272647,0.0695230684121115,8459.551203992218,130139.32463266389
MTB,2015-09-04,86.43721008300781,0.9142020254955554,5.1422271728515625,0.25330340266052626,1.4437163791848133,Hammer,2015-09-11,88.32752227783203,2016-01-15,81.7552261352539,Stop loss (-3%),18,-0.07440824754378517,-0.0745172443041403,-9697.623837530416,120441.70079513347
MTB,2020-03-13,92.10179138183594,0.4085956299837221,14.826141357421875,0.381266942898957,1.7349643965874098,Hammer,2020-03-20,78.44377136230469,2020-04-09,79.39950561523438,Stop loss (-3%),3,0.012183685668496036,0.012055437408470631,1451.9773838535016,121893.67817898696
MTCH,2024-05-10,29.623920440673828,2.9291434483448455,4.647741317749023,0.36967811700396636,1.7284509857667634,Hammer,2024-05-17,29.884540557861328,2024-05-31,28.243593215942383,Stop loss (-3%),2,-0.054909572350352986,-0.055234952130594886,-5523.495207535994,94476.504792464
MTG,1997-04-04,28.97949981689453,4.5993965943353885,1.6987972259521484,0.3823528421090451,1.2285518551354278,Hammer,1997-04-11,29.079429626464844,1997-05-09,33.276458740234375,RSI(2) acum > 180,4,0.14432982928763716,0.14396119049072292,14396.119034676172,114396.11903467619
MTG,1998-10-09,26.0515079498291,4.8772825406152975,7.615055084228516,0.1315788023590338,2.0107426548327645,Hammer,1998-10-16,26.0515079498291,1999-04-30,37.06978988647461,RSI(2) acum > 180,28,0.4229421942816092,0.42247725435202477,48329.75822996763,162725.87726464382
MTLQQ-201103,1996-07-26,23.60442543029785,0.827776740122431,1.5447921752929688,0.35999906163108275,1.1464453819348315,Hammer,1996-08-02,23.542633056640625,1996-08-23,25.776296615600586,RSI(2) acum > 180,3,0.09487738918523037,0.09443257220847813,9443.257211404558,109443.25721140455
MTLQQ-201103,2002-06-28,40.52870559692383,0.5416603330725991,4.018749237060547,0.3490566127285378,1.4909304138112789,Hammer,2002-07-05,40.41496658325195,2002-07-12,39.194175720214844,Stop loss (-3%),1,-0.030206405355361787,-0.03045007126619179,-3332.554978358872,106110.70223304568
MTLQQ-201103,2002-10-11,26.708999633789062,0.6253998421200464,4.939863204956055,0.3757766193510125,1.5418124860395936,Hammer,2002-10-18,26.716670989990234,2002-12-06,31.677473068237305,RSI(2) acum > 180,7,0.18568189427888315,0.18527292249431584,19659.439890981062,125770.14212402674
MTLQQ-201103,2005-10-14,25.130346298217773,0.4414758979760336,2.532794952392578,0.3404249070346423,1.359294843094513,Hammer,2005-10-21,28.193050384521484,2005-10-28,25.3818302154541,Stop loss (-3%),1,-0.09971323183286318,-0.1000501854062937,-12583.326025501461,113186.81609852529
MTLQQ-201103,2005-11-18,22.004350662231445,1.0591811997928602,3.559122085571289,0.11311062939274011,1.6065005181600052,Hammer,2005-11-25,22.745454788208008,2005-12-02,21.464534759521484,Stop loss (-3%),1,-0.05631542831803893,-0.05674260320086571,-6422.5145870254655,106764.30151149981
MU,1994-10-07,8.055249214172363,6.33251709498704,1.029618740081787,0.3529410675011474,1.0480544888344856,Hammer,1994-10-14,8.29751205444336,1994-12-09,10.235616683959961,RSI(2) acum > 180,8,0.23357659703293066,0.23223147607292116,23223.147584068967,123223.14758406897
MU,1995-11-10,31.434223175048828,9.246219599240234,4.556362152099609,0.3543568735699162,1.0976437101055339,Hammer,1995-11-17,31.37342071533203,1995-11-24,26.691728591918945,Stop loss (-3%),1,-0.14922479017804924,-0.14951970228127648,-18424.2883225075,104798.85926156148
MU,2016-01-22,10.796428680419922,1.3286615388845178,2.204148292541504,0.22123928648846042,1.2412403284457785,Hammer,2016-01-29,10.786676406860352,2016-02-19,10.103975296020508,Stop loss (-3%),3,-0.06329114595536067,-0.06418846198904628,-6726.877587479272,98071.98167408221
MU,2020-03-20,35.217620849609375,0.9449609637871248,7.812051773071289,0.37827707400204846,1.4382206420544572,Hammer,2020-03-27,36.07587432861328,2020-11-27,61.0627326965332,RSI(2) acum > 180,35,0.6926196199797103,0.6922464832874765,67889.98435502726,165961.96602910946
MUR,2007-11-30,33.820491790771484,9.121880132043017,3.135204315185547,0.25339376425855514,1.5275641262082549,Hammer,2007-12-07,33.716461181640625,2007-12-28,38.96544647216797,RSI(2) acum > 180,3,0.15568019615847284,0.15536056585174507,15536.056569638447,115536.05656963844
MUR,2011-08-12,26.157230377197266,6.696121749908357,2.616060256958008,0.2771490169287874,1.0537116292814819,Hammer,2011-08-19,26.404186248779297,2011-08-26,25.260122299194336,Stop loss (-3%),1,-0.04332888500352294,-0.04369933774988262,-5048.849153277326,110487.20741636113
MWI-200402,1990-08-24,15.16812515258789,0.5713923986241696,0.7660665512084961,0.3999992530615141,1.034982383099533,Hammer,1990-08-31,15.236185073852539,1990-09-14,14.617457389831543,Stop loss (-3%),2,-0.040609094797806056,-0.04125188959877066,-4125.188955751877,95874.81104424811
MWV-201507,1991-11-29,9.737879753112793,6.7309383654573764,0.5447769165039062,0.375,1.0194631781488246,Hammer,1991-12-06,9.669782638549805,1992-01-24,10.9456787109375,RSI(2) acum > 180,7,0.13194671690976545,0.1308449109072124,13084.49107763675,113084.49107763675
MWV-201507,1993-05-28,9.096482276916504,9.97506919608442,0.49941444396972656,0.35714203874929823,1.210334792267445,Hammer,1993-06-04,9.060809135437012,1993-07-09,9.893973350524902,RSI(2) acum > 180,5,0.09195251799636384,0.09079875858738888,10267.931395068139,123352.42247270487
MWV-201507,1995-10-27,12.864030838012695,2.0163838935745986,0.6317157745361328,0.3636371870857878,1.1551719632081534,Hammer,1995-11-03,12.28974437713623,1995-12-22,11.578795433044434,Stop loss (-3%),7,-0.05784896107476756,-0.05863879085054438,-7233.236895051696,116119.18557765319
MWV-201507,1997-04-04,12.564188957214355,5.358744266423244,0.7213888168334961,0.3333337739992147,1.1322452516662518,Hammer,1997-04-11,12.504073143005371,1997-05-16,14.247429847717285,RSI(2) acum > 180,5,0.1394231051573085,0.13856795662603866,16090.398254484786,132209.58383213799
MWV-201507,1999-09-03,14.603231430053711,5.536241385291433,1.4190292358398438,0.2317273313798758,1.4635163908869815,Hammer,1999-09-10,14.570707321166992,1999-10-01,13.529942512512207,Stop loss (-3%),3,-0.0714285714285714,-0.07209014187111545,-9531.007645648951,122678.57618648904
MWV-201507,2000-01-28,14.677674293518066,7.087974319024013,1.6381330490112305,0.3599996972708384,1.3488829108659064,Hammer,2000-02-04,14.808724403381348,2000-02-11,14.25175952911377,Stop loss (-3%),1,-0.037610590831199775,-0.038272946007971105,-4695.270518024994,117983.30566846405
MWV-201507,2011-08-12,20.92228126525879,1.9697378580058142,2.2366809844970703,0.1979158583227094,1.5520310257433845,Hammer,2011-08-19,21.310592651367188,2011-08-26,20.16118621826172,Stop loss (-3%),1,-0.05393592059635788,-0.05439240897818079,-6417.396208099417,111565.90946036462
MWV-201507,2014-10-03,40.71732711791992,2.8724701909510912,1.5160713195800781,0.27921968452226686,1.2069641618354603,Hammer,2014-10-10,40.81576919555664,2014-10-17,38.79762649536133,Stop loss (-3%),1,-0.04944517131420412,-0.04968408827573193,-5543.050488648021,106022.8589717166
MWW-201610,2006-06-16,41.16999816894531,1.0955464032396804,6.729999542236328,0.2882613311537221,1.6289271012771893,Hammer,2006-06-23,42.77000045776367,2006-07-14,38.47999954223633,Stop loss (-3%),3,-0.10030397170006611,-0.10052602850988146,-10052.602840935546,89947.39715906445
MWW-201610,2008-09-19,18.1299991607666,3.941418258337464,3.239999771118164,0.3981484588445352,1.4157817063758529,Hammer,2008-09-26,18.170000076293945,2008-10-03,16.18000030517578,Stop loss (-3%),1,-0.10952117571614539,-0.11004125241940482,-9897.924225351144,80049.4729337133
MXIM-202108,2000-10-13,43.52544403076172,9.79748047743233,8.295429229736328,0.3351949809550919,1.4271339090380029,Hammer,2000-10-20,43.321502685546875,2000-11-03,35.2949104309082,Stop loss (-3%),2,-0.18527963614051968,-0.18548905996328124,-18548.90597777922,81451.09402222077
MXS-199506,1990-11-23,9.5840425491333,4.195952066015607,1.2287235260009766,0.2,1.333620490660628,Hammer,1990-11-30,9.338297843933105,1990-12-14,8.355319023132324,Stop loss (-3%),2,-0.10526316864474417,-0.10627712370804424,-10627.712360176713,89372.28763982328
MYG-200603,1990-09-28,8.201095581054688,8.394128000172415,0.9841313362121582,0.24999987886851566,1.2316922765425373,Hammer,1990-10-05,8.283106803894043,1990-11-02,7.380985736846924,Stop loss (-3%),4,-0.10891095435628273,-0.11005179935888042,-11005.179924882865,88994.82007511714
MYG-200603,1992-08-28,9.977096557617188,8.453800179536842,1.2445430755615234,0.14941019066695888,1.2903830322167398,Hammer,1992-09-04,9.977096557617188,1992-09-11,9.442609786987305,Stop loss (-3%),1,-0.05357137395065292,-0.05454633377738598,-4854.341155421409,84140.47891969573
MYG-200603,1994-09-30,12.217386245727539,1.0729537215026141,1.1365013122558594,0.16666666666666666,1.465608066606564,Hammer,1994-10-07,12.312094688415527,1994-10-14,11.64913558959961,Stop loss (-3%),1,-0.05384616635865358,-0.054636187821861096,-4597.115005080725,79543.36391461501
MYG-200603,1996-07-26,15.276817321777344,3.817018296578766,1.7972726821899414,0.277777984131187,1.7725864968283014,Hammer,1996-08-02,15.276817321777344,1996-08-30,16.874393463134766,RSI(2) acum > 180,4,0.10457519440780727,0.10388660641133601,8263.490131367787,87806.8540459828
MZIAQ-201302,1995-02-24,184.24835205078125,1.1041002001234261,12.116104125976562,0.021778472396261656,1.0594886914816672,Hammer,1995-03-03,182.09341430664062,1995-04-13,207.95281982421875,RSI(2) acum > 180,6,0.14201175597724558,0.14195294130375882,14195.294116180587,114195.2941161806
MZIAQ-201302,1996-06-21,202.63955688476562,1.3760679410677454,13.144180297851562,0.3333333333333333,1.0118427385692703,Hammer,1996-06-28,202.63955688476562,1996-07-12,196.0674591064453,Stop loss (-3%),2,-0.03243245237679648,-0.03248099963555021,-3709.1773028600346,110486.11681332056
MZIAQ-201302,2000-02-04,122.31534576416016,4.236656761762404,12.937202453613281,0.3181815233192094,1.078057798279111,Hammer,2000-02-11,123.491455078125,2000-04-14,141.765625,RSI(2) acum > 180,9,0.1479792258526238,0.14789226063469538,16340.041567930963,126826.15838125152
NAV-202106,1990-09-28,26.24179458618164,4.604627225180508,3.748828887939453,0.3333331637382687,1.0877560327477591,Hammer,1990-10-05,26.24179458618164,1990-10-19,23.74257469177246,Stop loss (-3%),2,-0.09523814715496681,-0.09560100324518211,-9560.100314958112,90439.89968504188
NAV-202106,1990-10-19,23.74257469177246,0.6743572499923971,3.7488269805908203,0.3333333333333333,1.0460949267230066,Hammer,1990-10-26,23.74257469177246,1990-11-02,23.74257469177246,Stop loss (-3%),1,0.0,-0.00042109563312436204,-38.08384677949265,90401.8158382624
NAV-202106,1991-05-17,32.48984146118164,1.0444619940419813,3.7488269805908203,0.33333282454788055,1.0207913367004697,Hammer,1991-05-24,31.240230560302734,1991-08-09,31.240230560302734,Stop loss (-3%),11,0.0,-0.00032004884651755665,-28.93299685319547,90372.8828414092
NAV-202106,2002-06-07,34.880001068115234,0.24073922168810213,2.8999977111816406,0.24827516353883167,1.043036267816813,Hammer,2002-06-14,34.88999938964844,2002-06-21,32.15999984741211,Stop loss (-3%),1,-0.07824590398377296,-0.07852126637518002,-7096.1931995870345,83276.68964182217
NAVI,2015-01-23,11.267075538635254,3.9654972769831716,1.863321304321289,0.28258644286055007,2.845617780654336,Hammer,2015-01-30,11.20341968536377,2015-07-02,10.799357414245605,Stop loss (-3%),22,-0.03606597650233834,-0.03694207414974452,-3694.2074112802447,96305.79258871975
NBR,2006-06-16,1352.805419921875,5.891444985143778,134.3211669921875,0.16770254071625715,1.1971984363980572,Hammer,2006-06-23,1353.2225341796875,2006-07-28,1228.495849609375,Stop loss (-3%),5,-0.0921701208928809,-0.0921891991916892,-9218.919910871977,90781.08008912802
NBR,2008-09-19,1169.2611083984375,6.0133520532513245,246.11627197265625,0.25423714942754494,1.5872881788131554,Hammer,2008-09-26,1167.592529296875,2008-10-03,1056.631591796875,Stop loss (-3%),1,-0.09503395638101653,-0.09505494055573029,-8629.190163875028,82151.889925253
NC,1991-12-13,1.3294118642807007,1.9193738048193865,0.12948822975158691,0.26666642116833883,1.3500438277101985,Hammer,1991-12-20,1.3380444049835205,1992-06-12,2.066189765930176,RSI(2) acum > 180,25,0.5441862454150939,0.5347145323578987,53471.45318231842,153471.45318231845
NC,1994-03-31,1.795657992362976,2.4193227719413386,0.10667276382446289,0.2916657353973242,1.3345023392781912,Hammer,1994-04-08,1.7912132740020752,1994-04-15,1.715653419494629,Stop loss (-3%),1,-0.04218361688366923,-0.04763346076204738,-7310.376435943981,146161.07674637449
NC,1995-09-01,2.1007893085479736,3.350074761728763,0.11283159255981445,0.3012044374009509,1.390877152494376,Hammer,1995-09-08,2.1007893085479736,1996-01-05,2.0256621837615967,Stop loss (-3%),17,-0.035761380011165134,-0.040425281124195425,-5908.602610978689,140252.47413539578
NC,1996-07-19,1.920071005821228,3.3258641629091557,0.10514676570892334,0.3043473331557138,1.3002764322268034,Hammer,1996-07-26,1.9154993295669556,1996-08-30,1.8377822637557983,Stop loss (-3%),5,-0.040572744981710374,-0.045674093430137265,-6405.904601062073,133846.5695343337
NC,1996-11-01,1.6841075420379639,4.816975186060915,0.11013245582580566,0.3750002706043569,1.5231888233579227,Hammer,1996-11-08,1.6886963844299316,1996-11-15,1.6336301565170288,Stop loss (-3%),1,-0.03260872020608485,-0.03841670119335046,-5141.94366241356,128704.62587192016
NCC-200812,2001-03-23,18.66116714477539,8.990927132901646,2.063671112060547,0.3879004545462948,1.5109561475178601,Hammer,2001-03-30,19.094465255737305,2001-07-06,22.846694946289062,RSI(2) acum > 180,14,0.19650876001485962,0.19593374162282517,19593.374142689143,119593.37414268915
NCC-200812,2004-04-16,28.592260360717773,5.113571136649284,1.626180648803711,0.22164893436095084,1.5268650090695397,Hammer,2004-04-23,28.592260360717773,2004-08-06,30.9711856842041,RSI(2) acum > 180,15,0.08320172289542649,0.0828374918997614,9906.815151903334,129500.18929459248
NCC-200812,2008-03-20,10.91191291809082,1.5816564750279838,5.455956935882568,0.1927272844862131,2.231529712578696,Hammer,2008-03-28,10.842473030090332,2008-04-04,9.910000801086426,Stop loss (-3%),1,-0.086001802948099,-0.08688403523931673,-11251.498998918061,118248.69029567443
NCR-199109,1990-09-28,55.24201202392578,8.713108702494864,3.5364646911621094,0.37931079117600425,1.1258145596722906,Hammer,1990-10-05,56.339534759521484,1990-10-19,49.07367706298828,Stop loss (-3%),2,-0.12896552531977135,-0.12913156045367258,-12913.156032454102,87086.8439675459
NDAQ,2022-01-28,54.68046951293945,4.135641050697572,3.2480812072753906,0.26987838607576353,1.0926084402553438,Hammer,2022-02-04,54.89335250854492,2022-03-18,52.16447830200195,Stop loss (-3%),6,-0.04971228904480163,-0.049889916206805274,-4988.991615691535,95011.00838430847
NDAQ,2022-05-13,46.32271194458008,1.7694326685903121,2.961711883544922,0.33510004572414814,1.0013946158988185,Hammer,2022-05-20,46.263038635253906,2022-08-05,56.52747344970703,RSI(2) acum > 180,11,0.22187117658612454,0.2216310679450277,21057.391233690876,116068.39961799936
NEBLQ-202102,2005-10-14,20.42530059814453,1.9564708915274167,1.8568458557128906,0.27697884588124355,1.3142443487868538,Hammer,2005-10-21,20.655736923217773,2006-11-17,23.914892196655273,RSI(2) acum > 180,56,0.1577845073043167,0.15726231283581266,15726.231267855037,115726.23126785504
NEC-199706,1990-04-27,4.5,3.938668490652077,1.375,0.18181818181818182,1.4821864798699087,Hammer,1990-05-04,4.375,1990-08-31,4.5,Stop loss (-3%),17,0.02857142857142847,0.026255707762557125,2625.570773630142,102625.57077363016
NEE,1996-03-15,2.023660659790039,4.566726659505065,0.07018482685089111,0.2499995753737136,1.1674994562686885,Hammer,1996-03-22,2.0704503059387207,1996-04-26,1.9885681867599487,Stop loss (-3%),5,-0.039547976082259795,-0.04427093191094928,-4427.093186667835,95572.90681333217
NEE,1999-02-05,2.7913215160369873,0.3596131538523224,0.16209745407104492,0.3399996469996441,1.134002157020493,Hammer,1999-02-12,2.8334670066833496,1999-02-19,2.6681272983551025,Stop loss (-3%),1,-0.05835243817494873,-0.06177267796856504,-5903.794389195849,89669.11242413633
NEE,2008-01-25,8.841216087341309,9.391841535554036,0.9250917434692383,0.39593146184289335,1.6794025998661493,Hammer,2008-02-01,8.747114181518555,2008-09-12,8.27790355682373,Stop loss (-3%),32,-0.05364176286691236,-0.054753698907031065,-4909.715578022164,84759.39684611418
NEE,2011-08-12,8.645221710205078,5.377963880906506,0.7268610000610352,0.3386007565251276,2.1793325764166056,Hammer,2011-08-19,8.689522743225098,2011-11-04,9.36876106262207,RSI(2) acum > 180,11,0.07816750579616705,0.0769724042551332,6524.134551936229,91283.5313980504
NEE,2024-11-08,73.10880279541016,9.871722218591131,5.822486877441406,0.30179450053396056,1.4967299083231762,Hammer,2024-11-15,73.1183090209961,2024-12-20,70.47198486328125,Stop loss (-3%),5,-0.03619235993210601,-0.03632664048275121,-3316.024023776884,87967.50737427353
NEE,2025-04-11,63.44560623168945,4.504888202377543,5.851924896240234,0.37726549447311586,1.4650675259859585,Hammer,2025-04-17,64.09153747558594,2025-05-23,71.55828094482422,RSI(2) acum > 180,5,0.11650123812496394,0.11633613550620463,10233.79984780274,98201.30722207626
NEM,1992-10-30,22.376401901245117,7.665383123835753,1.3413658142089844,0.3636368807073324,1.0594632408446687,Hammer,1992-11-06,22.254459381103516,1992-11-20,19.083961486816406,Stop loss (-3%),2,-0.1424657341700788,-0.14288298021231807,-14288.29800694351,85711.70199305649
NEM,2013-06-28,22.688703536987305,9.023563615642786,2.410533905029297,0.2520426265257388,1.1490811455364518,Hammer,2013-07-05,22.961421966552734,2013-07-12,21.340259552001953,Stop loss (-3%),1,-0.07060374644533263,-0.07102379364649536,-6087.570229357179,79624.13176369932
NFX-201902,2011-08-12,54.5,5.5127487381492415,8.520000457763672,0.26525845244187624,1.483984109817071,Hammer,2011-08-19,55.18000030517578,2011-08-26,48.16999816894531,Stop loss (-3%),1,-0.1270388201787115,-0.12720851857224813,-12720.851844503963,87279.14815549605
NFX-201902,2016-01-22,26.0,3.3223563584752895,5.529998779296875,0.3128390459529709,1.5521601234197562,Hammer,2016-01-29,25.190000534057617,2016-02-19,24.649999618530273,Stop loss (-3%),3,-0.021437114096017895,-0.021829763995593953,-1905.283204065675,85373.86495143037
NI,2001-09-28,3.3726806640625,3.9616659889905605,0.2459697723388672,0.3470589489682767,1.07787008718661,Hammer,2001-10-05,3.3422961235046387,2001-11-09,2.8571953773498535,Stop loss (-3%),5,-0.14513996612787317,-0.1479106502344381,-14791.065008652746,85208.93499134727
NI,2002-06-28,3.286243438720703,5.820706347961405,0.2769896984100342,0.39130419813062556,1.3612357658155527,Hammer,2002-07-05,3.286243438720703,2002-07-12,3.161297082901001,Stop loss (-3%),1,-0.03802102861507495,-0.041001633070374,-3493.7054833388675,81715.2295080084
NI,2002-09-13,2.852346181869507,8.549545546513656,0.22623109817504883,0.3851353487578013,1.0035237532748662,Hammer,2002-09-20,2.8278887271881104,2002-09-27,2.6811444759368896,Stop loss (-3%),1,-0.05189180530350457,-0.055330182843716234,-4521.318585273022,77193.91092273538
NI,2002-09-27,2.6521012783050537,2.28712199301242,0.256803035736084,0.34523771945298065,1.1398443190611438,Hammer,2002-10-04,2.615415096282959,2002-10-11,2.447270393371582,Stop loss (-3%),1,-0.06428987243758932,-0.06798339055673804,-5247.903789614462,71946.00713312092
NI,2012-11-16,6.164525985717773,7.968878230092585,0.31738710403442383,0.390244122300029,1.5142923337574117,Hammer,2012-11-23,6.208392143249512,2013-01-25,6.752852439880371,RSI(2) acum > 180,9,0.08769747207783252,0.08601747391906049,6188.613785965155,78134.62091908607
NI,2023-10-06,22.54909324645996,7.98348243988589,1.6597747802734375,0.060774534589749483,1.5194886327806019,Hammer,2023-10-13,22.530752182006836,2024-05-10,27.033817291259766,RSI(2) acum > 180,30,0.199863061511506,0.19937497861022443,15578.088358882691,93712.70927796875
NKE,1998-09-04,2.964268207550049,0.7147344917382981,0.4096078872680664,0.2894739292906951,1.4826505606887534,Hammer,1998-09-11,3.125955581665039,1998-09-18,2.9265410900115967,Stop loss (-3%),1,-0.06379313027449496,-0.06688516850247868,-6688.516843559351,93311.48315644065
NKE,2001-09-21,3.90718412399292,4.629701621801445,0.42488837242126465,0.38315795144073517,1.2490636128153234,Hammer,2001-09-28,3.9984235763549805,2001-11-30,4.7811126708984375,RSI(2) acum > 180,9,0.19574941963926884,0.19300708001699182,18009.776878069548,111321.2600345102
NKE,2011-03-25,15.608963966369629,5.815027720454154,1.734781265258789,0.15140760286962976,1.9591282078455505,Hammer,2011-04-01,15.613035202026367,2011-07-15,18.776771545410156,RSI(2) acum > 180,15,0.20263429259246002,0.20192913529703177,22479.00575646566,133800.2657909759
NKTR,2019-07-26,466.8000183105469,5.075700137546718,60.60003662109375,0.3861382797966705,1.1315860301460063,Hammer,2019-08-02,473.1000061035156,2019-08-16,303.75,Stop loss (-3%),2,-0.3579581566660588,-0.35797551054968024,-35797.551019170474,64202.44898082952
NL,1992-09-18,0.942412793636322,4.2063969364609335,0.10097277164459229,0.16666646989862116,1.2325852227330452,Hammer,1992-09-25,0.9255839586257935,1992-10-09,0.8077824115753174,Stop loss (-3%),2,-0.12727267575528756,-0.137334784106103,-13733.478396876824,86266.52160312317
NLC-199912,1990-09-28,18.84974479675293,8.543539328183755,1.168975830078125,0.375,1.142884048501472,Hammer,1990-10-05,19.288110733032227,1990-10-19,18.216548919677734,Stop loss (-3%),2,-0.05555556104929282,-0.0560594830103122,-5605.948295425271,94394.05170457474
NLC-199912,1992-07-10,27.57576560974121,3.8149975131561433,1.8383846282958984,0.3888880242944131,1.1434056304843674,Hammer,1992-07-17,27.57576560974121,1992-10-02,28.979036331176758,RSI(2) acum > 180,11,0.05088782452298757,0.05051602776912979,4768.412532380558,99162.4642369553
NLC-199912,1995-11-03,26.735490798950195,3.1716803939409886,1.3367748260498047,0.2500003567071648,1.0163894649435858,Hammer,1995-11-10,26.401296615600586,1996-08-30,29.824146270751953,RSI(2) acum > 180,42,0.12964702851483434,0.1292437824520643,12816.131942435528,111978.59617939084
NLSN-202210,2014-09-19,36.23665237426758,8.231123294681794,1.22100830078125,0.23026118470382403,1.005760372212282,Hammer,2014-09-26,36.1402587890625,2014-10-10,34.97547912597656,Stop loss (-3%),2,-0.032229422314995926,-0.032501625453610676,-3250.1625421109047,96749.83745788911
NLSN-202210,2020-03-13,14.613781929016113,3.023156274473422,2.500363349914551,0.3883491664762774,1.6531901442393366,Hammer,2020-03-20,13.011606216430664,2020-04-09,12.535808563232422,Stop loss (-3%),3,-0.03656717282124777,-0.03732137587330766,-3610.8370458364634,93139.00041205264
NMK-200201,1999-08-20,15.25,2.237274878771899,0.75,0.16666666666666666,1.0994875535604052,Hammer,1999-08-27,15.1875,1999-12-03,14.6875,Stop loss (-3%),14,-0.03292181069958844,-0.03356919532664145,-3356.9195293072253,96643.08047069279
NOC,1994-11-04,9.18075942993164,7.134339381897732,0.44719982147216797,0.3529406746949926,1.2680086522032048,Hammer,1994-11-11,9.15445327758789,1994-12-02,8.68209457397461,Stop loss (-3%),3,-0.05159878905818649,-0.05266239031903326,-5266.239026637088,94733.76097336292
NOC,1997-10-31,24.821247100830078,1.834463056045962,2.342966079711914,0.18787859546120977,1.9824204208224572,Hammer,1997-11-07,25.218841552734375,1997-11-21,24.295854568481445,Stop loss (-3%),2,-0.0365991031873093,-0.036988298642075514,-3504.0406388657057,91229.72033449722
NOC,2000-01-28,11.915005683898926,7.158420390184062,1.785019874572754,0.3583333912120825,1.6333035426448728,Hammer,2000-02-04,11.92988109588623,2000-02-18,11.171247482299805,Stop loss (-3%),2,-0.06359104566834495,-0.0644022849839168,-5875.402442109917,85354.3178923873
NOC,2010-05-28,35.980777740478516,9.841166775463435,1.8608665466308594,0.3308118856533727,1.0341014723888464,Hammer,2010-06-04,35.790435791015625,2010-06-11,34.713809967041016,Stop loss (-3%),1,-0.03008138348080336,-0.03035654686029386,-2591.0623482376113,82763.25554414968
NOC,2018-12-07,227.8567657470703,9.438354660269695,17.60638427734375,0.39849218097294975,1.2128019798547307,Hammer,2018-12-14,230.57290649414062,2018-12-28,205.791259765625,Stop loss (-3%),2,-0.10747857198540967,-0.10751961064034404,-8898.673002535597,73864.58254161409
NOV,2021-07-09,13.67518424987793,7.981608883016406,1.5731468200683594,0.2949682461547415,1.0769370815170947,Hammer,2021-07-16,13.402226448059082,2021-07-23,12.119324684143066,Stop loss (-3%),1,-0.09572303295187246,-0.09643320107442395,-9643.320097799075,90356.67990220094
NOVL-201104,2007-08-10,6.420000076293945,0.09465351218911167,0.9599995613098145,0.3124998447795,2.1581347803862845,Hammer,2007-08-17,6.5,2008-02-01,6.119999885559082,Stop loss (-3%),24,-0.05846155606783354,-0.059953899222278,-5995.3899162324105,94004.61008376758
NOW,2025-03-14,168.8660125732422,1.0442516478416621,14.26800537109375,0.36234904841145243,1.002875644059426,Hammer,2025-03-21,167.8000030517578,2025-04-04,156.3040008544922,Stop loss (-3%),2,-0.06851014295702773,-0.0685676945741403,-6856.769450557262,93143.23054944274
NRG,2011-10-07,15.185486793518066,8.2753908813269,1.8535232543945312,0.2971886641009282,1.5275483404653536,Hammer,2011-10-14,15.431134223937988,2011-12-02,14.299666404724121,Stop loss (-3%),7,-0.07332369758398227,-0.07394777751049258,-7394.77774365448,92605.22225634553
NRG,2022-03-04,33.61552429199219,6.511743671820014,2.0763587951660156,0.3103443841228723,1.001185800389207,Hammer,2022-03-11,33.543922424316406,2022-05-06,32.72455596923828,Stop loss (-3%),8,-0.024426673920643127,-0.024721105631607294,-2289.303479148285,90315.91877719725
NRTLQ-201510,1997-10-31,110.4797134399414,4.0453227525780875,14.166038513183594,0.24999959607296754,1.6290480521617985,Hammer,1997-11-07,113.02035522460938,1997-12-26,105.79588317871094,Stop loss (-3%),7,-0.0639218663889437,-0.06400751434509319,-6400.751428108568,93599.24857189142
NSC,1992-06-12,9.705316543579102,6.991988514286092,0.4795112609863281,0.3199994431229664,1.0595726826480403,Hammer,1992-06-19,9.724496841430664,1992-07-24,9.264165878295898,Stop loss (-3%),5,-0.04733725257368093,-0.04834072828226609,-4834.0728233925365,95165.92717660745
NSC,1994-04-22,9.970354080200195,0.0509517294581201,0.4642066955566406,0.3043496125368768,1.1774669628758694,Hammer,1994-04-29,9.990537643432617,1994-06-24,10.615245819091797,RSI(2) acum > 180,8,0.06252998566797241,0.061498260282483425,5852.53895367833,101018.46613028577
NSC,2004-03-05,13.510863304138184,7.201882532315167,0.6990509033203125,0.27433670573854585,1.1175125191299131,Hammer,2004-03-12,13.510863304138184,2004-03-26,12.879860877990723,Stop loss (-3%),2,-0.0467033387832585,-0.047425932899987505,-4790.894991563699,96227.57113872208
NSC,2024-05-10,221.0883331298828,0.24892321126554862,16.277542114257812,0.3919204323351441,1.4721044224973643,Hammer,2024-05-17,221.67396545410156,2024-06-21,210.02865600585938,Stop loss (-3%),5,-0.052533500830314606,-0.05257742620896259,-5059.398015754461,91168.17312296761
NSI-200306,1999-09-03,15.335359573364258,1.1534438129945812,1.6713485717773438,0.3157892334308682,1.6862983654835249,Hammer,1999-09-10,15.306037902832031,1999-10-22,14.572989463806152,Stop loss (-3%),6,-0.04789276256073072,-0.04853024620156144,-4853.0246153031185,95146.9753846969
NSI-200306,1999-12-17,13.597161293029785,2.646520428881445,0.9183273315429688,0.35483874317711667,1.0409680658617244,Hammer,1999-12-23,13.567538261413574,2000-01-21,12.740455627441406,Stop loss (-3%),4,-0.06096040549407644,-0.061674730094662907,-5868.164020306553,89278.81136439033
NSM-201109,1999-10-22,12.864063262939453,3.329828733562323,3.565427780151367,0.399999786017415,2.05762005134456,Hammer,1999-10-29,12.749969482421875,1999-11-26,18.511699676513672,RSI(2) acum > 180,4,0.451901489022023,0.4509403336494439,45094.033319850365,145094.03331985034
NTAP,2013-10-18,30.60175323486328,9.255547533396552,1.4752998352050781,0.3346878143253495,1.2448348529387527,Hammer,2013-10-25,30.631343841552734,2013-11-01,29.211103439331055,Stop loss (-3%),1,-0.0463655923673536,-0.04668443498410581,-4668.443493742137,95331.55650625785
NTAP,2020-03-13,34.605369567871094,1.922555943812398,6.488502502441406,0.35424846054081255,1.681409354519133,Hammer,2020-03-20,30.6444149017334,2020-10-23,41.74842071533203,RSI(2) acum > 180,31,0.3623500676780922,0.3619646851063118,34506.65679697554,129838.21330323341
NTRS,2001-03-23,33.74993896484375,1.2414533862609147,4.796041488647461,0.1185178645356724,1.2991179479460557,Hammer,2001-03-30,34.3538818359375,2001-09-07,32.30479049682617,Stop loss (-3%),23,-0.05964657353416691,-0.059928939158829915,-5992.893909890097,94007.10609010991
NTRS,2002-07-05,24.593481063842773,1.0929343957212012,3.5232391357421875,0.31587566425146923,1.7496883513152455,Hammer,2002-07-12,24.564647674560547,2002-07-19,22.575258255004883,Stop loss (-3%),1,-0.08098587229548992,-0.08137639766099852,-7649.9596404985,86357.14644961142
NTRS,2002-07-26,20.16492462158203,0.09347010040588088,2.502595901489258,0.21889349819104156,1.172259131063989,Hammer,2002-08-02,20.482072830200195,2002-08-30,25.654489517211914,RSI(2) acum > 180,4,0.2525338489854967,0.2519841038199343,21760.62813479153,108117.77458440296
NTRS,2015-08-28,52.403709411621094,3.5207309667386113,3.8701324462890625,0.2548258704506117,1.7208614326503688,Hammer,2015-09-04,51.9927864074707,2015-09-25,50.90249252319336,Stop loss (-3%),3,-0.02097009911591663,-0.021160398553413364,-2287.8151986262574,105829.9593857767
NTRS,2016-07-01,49.75788497924805,4.445181581747065,3.7987823486328125,0.3152612700185173,1.2459242519503546,Hammer,2016-07-08,49.26205825805664,2016-11-25,62.66517639160156,RSI(2) acum > 180,20,0.27207791569189843,0.2718473277497697,28769.591626120462,134599.5510118972
NUE,2000-01-28,6.37333345413208,7.4999488030307475,0.6208305358886719,0.2531644208495395,1.3189678821931483,Hammer,2000-02-04,6.271171569824219,2000-02-18,5.956826686859131,Stop loss (-3%),2,-0.05012538398369781,-0.051678778911101717,-5167.877885942295,94832.12211405771
NUE,2002-07-26,7.2505059242248535,8.720855241965666,0.8749709129333496,0.2686573508662648,1.436706730574447,Hammer,2002-08-02,7.371957302093506,2002-08-09,6.4773969650268555,Stop loss (-3%),1,-0.12134638067051895,-0.12261970620460906,-11628.28694075708,83203.83517330064
NUE,2011-08-12,23.332651138305664,6.563557705688268,2.1981029510498047,0.24223581465049343,1.2654244479025183,Hammer,2011-08-19,23.469179153442383,2011-08-26,22.083417892456055,Stop loss (-3%),1,-0.05904600463127274,-0.05945942781908303,-4947.252426810499,78256.58274649014
NUE,2015-01-09,36.634788513183594,9.52320333652618,2.0931968688964844,0.28205146896681177,1.1566491568216104,Hammer,2015-01-16,36.420101165771484,2015-01-23,33.951202392578125,Stop loss (-3%),1,-0.06778945401485292,-0.06805468465034138,-5325.727055300007,72930.85569119013
NUE,2020-03-13,31.789016723632812,2.8856993053216655,5.321819305419922,0.2933330848415471,1.697125556737964,Hammer,2020-03-20,28.16130828857422,2020-03-27,26.928421020507812,Stop loss (-3%),1,-0.04377947414348715,-0.04412673664338859,-3218.200659043924,69712.65503214621
NVLS-201206,2000-10-20,38.9375,0.8974637735532838,14.6875,0.2553191489361702,1.411465237514092,Hammer,2000-10-27,38.8125,2000-11-03,35.25,Stop loss (-3%),1,-0.09178743961352653,-0.09203323243382489,-9203.323234179166,90796.67676582083
NVR,2022-02-25,4917.490234375,8.702170657053486,468.72998046875,0.14840008792042161,1.383152731911666,Hammer,2022-03-04,4875.0,2022-04-01,4665.169921875,Stop loss (-3%),4,-0.04304206730769233,-0.04306163688703686,-4306.163684828178,95693.83631517182
NWL,1990-08-24,4.0461578369140625,6.926968816800596,0.7356648445129395,0.3235290876788387,1.5907283135782007,Hammer,1990-08-31,4.175981044769287,1990-09-28,3.959608793258667,Stop loss (-3%),4,-0.051813513804532696,-0.05414333360679261,-5414.333355264927,94585.66664473507
NWL,1997-04-04,13.659380912780762,5.470396842015319,0.8749780654907227,0.11111183773832918,1.263852599588563,Hammer,1997-04-11,13.659380912780762,1997-04-18,12.833012580871582,Stop loss (-3%),1,-0.060498227349086275,-0.06120791986462376,-5789.39189854357,88796.2747461915
NWL,1997-10-31,15.04859447479248,9.273219171911094,2.450911521911621,0.10000011673301641,2.4269897257200657,Hammer,1997-11-07,15.04859447479248,1997-12-05,16.143997192382812,RSI(2) acum > 180,4,0.07279103170898882,0.07210256124594415,6402.4388318965175,95198.71357808802
NWL,1999-09-10,13.382184982299805,6.658062260451416,1.774153709411621,0.385714400900913,1.261105931161291,Hammer,1999-09-17,13.382184982299805,1999-09-24,12.773903846740723,Stop loss (-3%),1,-0.045454545454545414,-0.04618455159740878,-4396.709894857437,90802.00368323058
NWL,2013-08-30,15.580363273620605,7.3173840654017255,0.9052629470825195,0.3333340356517919,1.271117469100386,Hammer,2013-09-06,15.765110969543457,2013-09-27,16.738113403320312,RSI(2) acum > 180,3,0.06171871772146709,0.06106503851727385,5544.82784681729,96346.83153004786
NWL,2014-01-31,19.123716354370117,7.602139372378133,0.9964141845703125,0.18633711581752194,1.3995313795158466,Hammer,2014-02-07,19.0927734375,2014-03-07,19.824392318725586,RSI(2) acum > 180,4,0.03831915167382749,0.037785498062754726,3640.5130124906673,99987.34454253851
NWL,2016-01-22,23.78803825378418,2.7972683978102566,2.1490955352783203,0.2604786353611509,1.2394495169271433,Hammer,2016-01-29,23.678651809692383,2016-02-19,22.694185256958008,Stop loss (-3%),3,-0.041576123532987785,-0.04198957832708034,-4198.426431187265,95788.91811135125
NWS,2019-05-10,11.213513374328613,2.3433345440935938,0.8948440551757812,0.3229171107264961,1.570738871442689,Hammer,2019-05-17,10.980481147766113,2019-07-05,13.208270072937012,RSI(2) acum > 180,7,0.20288627567327722,0.2018836403557876,20188.364015390398,120188.36401539038
NWS,2019-10-11,12.913647651672363,8.601763007821319,0.9337987899780273,0.3618084499044588,1.4524500582888555,Hammer,2019-10-18,12.819798469543457,2019-11-15,12.35993766784668,Stop loss (-3%),4,-0.03587114124994151,-0.036636895528035805,-4403.328531714067,115785.03548367633
NWS,2020-03-13,10.053234100341797,2.8142148158286773,1.6297416687011719,0.2848842652734963,1.6937000301486411,Hammer,2020-03-20,8.9920072555542,2020-03-27,8.205561637878418,Stop loss (-3%),1,-0.08746051858332393,-0.0885233939523729,-10249.684299661269,105535.35118401507
NWSA,2019-05-10,11.069121360778809,1.8602135566832914,0.9627342224121094,0.34299554234769686,1.6730221971144899,Hammer,2019-05-17,10.845878601074219,2019-07-05,12.771347045898438,RSI(2) acum > 180,7,0.17752996466634907,0.17652657588801976,17652.65757114932,117652.6575711493
NWSA,2019-10-11,12.645405769348145,9.809760142626558,0.908595085144043,0.3711341396469728,1.4218383329910742,Hammer,2019-10-18,12.673505783081055,2019-11-15,11.970983505249023,Stop loss (-3%),4,-0.05543235548682102,-0.0561992312045843,-6611.988898062817,111040.66867308649
NWSA,2020-03-13,9.90489673614502,2.828557522335771,1.6271648406982422,0.39022310318918113,1.7068879902933567,Hammer,2020-03-20,9.990038871765137,2020-03-27,8.618300437927246,Stop loss (-3%),1,-0.13731062025342433,-0.13824242722468516,-15350.531542669007,95690.13713041748
NXTL-200508,2000-09-22,47.9375,8.715612909944525,10.0625,0.3416149068322981,1.0886649362626826,Hammer,2000-09-29,49.0,2000-10-06,46.375,Stop loss (-3%),1,-0.0535714285714286,-0.05377002346699319,-5377.002341322317,94622.99765867769
NXTL-200508,2000-10-20,37.875,0.9015606706128381,11.375,0.23626373626373626,1.255562681388567,Hammer,2000-10-27,38.0,2000-11-03,34.8125,Stop loss (-3%),1,-0.08388157894736847,-0.08413366662281285,-7960.9797319054105,86662.01792677227
NYN-199708,1994-01-07,33.01323699951172,4.6708637965391375,1.4488582611083984,0.21428637251042956,1.0087175737575327,Hammer,1994-01-14,33.01323699951172,1994-02-11,31.771360397338867,Stop loss (-3%),4,-0.03761753511754151,-0.03791470156905598,-3791.4701531141272,96208.52984688587
NYT,1998-09-04,20.629453659057617,5.325738795920074,2.1785411834716797,0.30612257405336973,1.3047091889061986,Hammer,1998-09-11,20.89621353149414,1998-09-18,20.184852600097656,Stop loss (-3%),1,-0.03404257571948821,-0.03451287315492621,-3451.287312041334,96548.71268795866
NYT,2002-07-26,32.01711654663086,8.010196039969301,3.936229705810547,0.301887176445619,1.765637800448197,Hammer,2002-08-02,32.45530319213867,2003-10-24,35.229183197021484,RSI(2) acum > 180,64,0.08546769655674336,0.08514646300507055,8220.781384851678,104769.49407281032
NYX-201311,2011-08-12,25.672626495361328,8.947604208696191,3.227313995361328,0.3757063949949233,1.394793107085574,Hammer,2011-08-19,25.882308959960938,2011-08-26,23.539318084716797,Stop loss (-3%),1,-0.09052480127907714,-0.09089360654996764,-9089.360645907404,90910.63935409261
O,2022-06-17,52.39393997192383,9.896893747331845,2.8309059143066406,0.2624817242842994,1.1865927277632136,Hammer,2022-06-24,52.507015228271484,2022-08-05,59.87555694580078,RSI(2) acum > 180,6,0.14033442360977766,0.14013062887686697,14013.062873673633,114013.06287367363
O,2023-03-03,53.90492630004883,6.951943137758775,2.2582473754882812,0.3633616335521448,1.013020326814645,Hammer,2023-03-10,54.1138916015625,2023-03-17,51.305389404296875,Stop loss (-3%),1,-0.051899837807719784,-0.05207982118362999,-5937.779921121108,108075.28295255252
OAT-200108,2001-06-22,91.55000305175781,4.040239787778816,5.849998474121094,0.39316171321033266,1.6076353713444416,Hammer,2001-06-29,91.55000305175781,2001-07-27,88.5999984741211,Stop loss (-3%),4,-0.03222287798252643,-0.03233034218745384,-3233.03421551235,96766.96578448766
ODP-202512,2007-08-10,205.11048889160156,1.3125154313434848,25.945587158203125,0.20270294112457876,1.4362129148620804,Hammer,2007-08-17,205.3734588623047,2007-09-14,174.86984252929688,Stop loss (-3%),4,-0.1485275483111932,-0.14857262296171744,-14857.262281314484,85142.73771868553
OI,2016-01-22,12.6137113571167,2.102787101003301,1.3917226791381836,0.3309861326488169,1.0096056332716805,Hammer,2016-01-29,12.46669864654541,2016-03-04,14.867910385131836,RSI(2) acum > 180,5,0.19261007317697643,0.19173103891896706,19173.1038727236,119173.1038727236
OI,2016-07-01,17.504343032836914,7.151325696111144,2.009176254272461,0.30243870486345475,1.406987821945296,Hammer,2016-07-08,17.318126678466797,2016-08-12,18.7392520904541,RSI(2) acum > 180,5,0.0820599963478914,0.08145904825261016,9707.727609073787,128880.83148179737
OKE,1994-09-23,0.8377410173416138,3.764400453550266,0.056266188621520996,0.22222163370374687,1.2922646368717556,Hammer,1994-09-30,0.8439927697181702,1995-01-13,0.9084390997886658,RSI(2) acum > 180,15,0.07635886512631607,0.06413049911905558,6413.049905492508,106413.04990549252
OKE,1996-01-26,1.1209543943405151,1.8039710333100487,0.07383525371551514,0.3636359233097881,1.4177031418724608,Hammer,1996-02-02,1.123132586479187,1996-04-12,1.327338457107544,RSI(2) acum > 180,10,0.18181813357272847,0.17214809053114766,18318.803330507457,124731.85323599997
OKE,2014-08-08,30.86467933654785,6.20726458442455,1.8708839416503906,0.3593755416043928,1.7007010902960986,Hammer,2014-08-15,31.11802864074707,2014-09-12,34.54798126220703,RSI(2) acum > 180,4,0.11022396891069941,0.10988495563643416,13706.15414558192,138438.0073815819
OKE,2014-10-17,27.946298599243164,1.8884777399300674,3.210704803466797,0.1957514076232049,2.0222397386375763,Hammer,2014-10-24,27.946298599243164,2014-12-05,26.6225643157959,Stop loss (-3%),6,-0.04736707005210039,-0.047716362039915264,-6605.758073698267,131832.24930788364
OKE,2015-01-16,21.10613250732422,7.8001652683786915,2.0225276947021484,0.1824814902483716,1.0340222519148097,Hammer,2015-01-23,21.19963264465332,2015-02-27,23.535860061645508,RSI(2) acum > 180,5,0.11020131603937955,0.10970373578147025,14462.490231086489,146294.73953897014
OKE,2018-12-28,32.85291290283203,4.445843024390385,2.2881717681884766,0.26287259484137604,1.0228053948751261,Hammer,2019-01-04,33.00173568725586,2019-02-01,38.786407470703125,RSI(2) acum > 180,4,0.1752838650144426,0.17495434380919134,25594.90013318218,171889.63967215232
OKE,2023-05-19,50.14789962768555,1.9330632856714658,3.6933975219726562,0.39443215362083534,1.100872633800968,Hammer,2023-05-26,49.916526794433594,2023-07-28,57.20905685424805,RSI(2) acum > 180,9,0.14609450072210706,0.1458795539207442,25075.183933895853,196964.82360604816
OM-199709,1992-07-10,14.852028846740723,0.2211875031742352,1.5872392654418945,0.3571425567236522,1.024926097602532,Hammer,1992-07-17,14.852028846740723,1992-10-02,14.367255210876465,Stop loss (-3%),11,-0.03264022988823112,-0.03330232719934447,-3330.232716604215,96669.76728339578
OM-199709,1995-07-07,18.380468368530273,0.21230231358629226,1.5617389678955078,0.307692589530301,1.3915904204505176,Hammer,1995-07-14,18.740869522094727,1995-08-18,19.318605422973633,RSI(2) acum > 180,5,0.030827593148641252,0.03028591979741173,2927.7328158516484,99597.50009924742
OMC,1998-10-09,10.562567710876465,7.887624611545789,1.1423463821411133,0.3333333333333333,1.0506600595466402,Hammer,1998-10-16,10.59567928314209,1999-01-15,15.40537166595459,RSI(2) acum > 180,13,0.45392959283552536,0.45277215304921936,45277.21525964473,145277.21525964476
OMC,2001-03-23,22.123178482055664,5.880980833546289,1.9078712463378906,0.3404257233518016,1.1084989733118806,Hammer,2001-03-30,22.09611701965332,2001-06-01,25.43827247619629,RSI(2) acum > 180,9,0.151255329321903,0.15076864457031117,21903.24880974272,167180.46406938747
OMC,2002-07-05,12.265030860900879,0.4015638125224683,2.4184961318969727,0.32049856919049347,1.1362651639697552,Hammer,2002-07-12,12.434846878051758,2002-08-23,16.754175186157227,RSI(2) acum > 180,6,0.34735677491367745,0.3464132919279442,57913.53484640439,225093.99891579183
OMC,2005-10-21,22.163442611694336,8.96162124210582,0.9240684509277344,0.32307762168767207,1.1574946475295083,Hammer,2005-10-28,22.228837966918945,2005-12-23,24.92166519165039,RSI(2) acum > 180,8,0.12114116035840117,0.12066415293316174,27160.776682351272,252254.77559814308
OMC,2011-08-12,25.569625854492188,4.934197832275231,2.319427490234375,0.2332449048063892,1.5762599532334114,Hammer,2011-08-19,25.58828353881836,2011-08-26,23.604644775390625,Stop loss (-3%),1,-0.0775213687318449,-0.07789695137804044,-19649.87796999718,232604.89762814587
OMC,2020-03-13,50.020721435546875,2.8414926400314613,7.060630798339844,0.1824326733668233,2.1623766798399737,Hammer,2020-03-20,45.218223571777344,2020-03-27,38.7936897277832,Stop loss (-3%),1,-0.14207842185122843,-0.14228383860742216,-33095.91768032314,199508.97994782272
OMX-201311,1991-10-18,14.828628540039062,3.6804687795648476,1.6729736328125,0.2727272209047793,1.7792019425580912,Hammer,1991-10-25,14.828628540039062,1991-11-29,14.068185806274414,Stop loss (-3%),5,-0.05128206777257671,-0.051938925913175116,-5193.8925861236185,94806.1074138764
OMX-201311,2002-07-26,21.386381149291992,1.484247502073913,2.0552139282226562,0.28782282343595134,1.2004012454549897,Hammer,2002-08-02,21.507722854614258,2002-08-09,20.741756439208984,Stop loss (-3%),1,-0.0356135524240746,-0.036070116305097835,-3419.6673174324524,91386.44009644394
OMX-201311,2003-07-18,18.12139129638672,7.564358748862986,1.7647171020507812,0.19383281814055037,1.4088690559662802,Hammer,2003-07-25,18.12139129638672,2003-08-29,20.679065704345703,RSI(2) acum > 180,5,0.14114117211678812,0.14055055781935105,12844.415119835496,104230.85521627944
OMX-201311,2007-05-11,36.37203598022461,1.630645573075057,3.8732566833496094,0.36695290594090124,1.5000545859319911,Hammer,2007-05-18,36.77931213378906,2007-06-15,35.36631774902344,Stop loss (-3%),4,-0.03841818410376174,-0.038684817038035724,-4032.15155972761,100198.70365655182
ONE-200406,1992-08-21,17.80434799194336,6.590992572833201,0.7142143249511719,0.28571199666714736,1.0036455927782426,Hammer,1992-08-28,17.702316284179688,1992-11-06,19.942352294921875,RSI(2) acum > 180,10,0.12653914746422634,0.1259386783944541,12593.867826851543,112593.86782685154
ONE-200406,1993-09-03,21.632614135742188,5.752102727555695,1.3635101318359375,0.32692286171510426,1.4029743622170796,Hammer,1993-09-10,21.76371955871582,1993-10-29,21.266090393066406,Stop loss (-3%),7,-0.02286507893592693,-0.02331920186119389,-2625.5991295613367,109968.26869729019
ONE-200406,1994-11-25,15.580013275146484,4.352592876541891,1.4300498962402344,0.263158245727288,1.3890761724837413,Hammer,1994-12-02,15.580013275146484,1995-02-10,18.207717895507812,RSI(2) acum > 180,10,0.1686586894346931,0.16796293812182986,18470.59349209712,128438.8621893873
ONE-200406,2001-02-23,32.266170501708984,5.2711848765428755,3.2145748138427734,0.38328478790622555,1.1531977017086577,Hammer,2001-03-02,32.266170501708984,2001-08-10,36.36030960083008,RSI(2) acum > 180,23,0.12688642734669253,0.1265568938351589,16254.82343015607,144693.68561954336
ONE-200406,2002-07-26,33.210411071777344,5.561266931870804,3.105386734008789,0.07407452904183176,1.2818575154739498,Hammer,2002-08-02,34.50432205200195,2002-08-23,38.86528396606445,RSI(2) acum > 180,3,0.12638885956055113,0.12608077050908315,18243.091352467978,162936.7769720113
ORCL,1990-08-03,0.32148805260658264,2.6249076689752826,0.049082159996032715,0.3999996356844639,1.0159617684789761,Hammer,1990-08-10,0.3141257166862488,1990-08-17,0.2944928705692291,Stop loss (-3%),1,-0.06249996442229877,-0.08106432156245122,-8106.4321481386905,91893.5678518613
ORCL,1992-08-28,0.3411208987236023,7.87746437044801,0.03435748815536499,0.07142844751163642,1.052999822609043,Hammer,1992-09-04,0.33866679668426514,1992-09-25,0.39265716075897217,RSI(2) acum > 180,3,0.15942030515923755,0.13646148723529228,12539.932923882305,104433.5007757436
ORCL,1996-04-12,2.5915372371673584,4.7087005146795065,0.2797682285308838,0.10526293363148982,1.1456657825574752,Hammer,1996-04-19,2.5915372371673584,1996-07-05,3.4897403717041016,RSI(2) acum > 180,11,0.3465908657050636,0.34207217282418445,35723.79449027097,140157.29526601458
ORCL,1999-04-09,5.1435017585754395,5.671395342968097,1.1305761337280273,0.14285720310924974,1.480516212179163,Hammer,1999-04-16,5.0441107749938965,1999-04-23,4.957143306732178,Stop loss (-3%),1,-0.017241387459779545,-0.019204860535434857,-2691.7013059158726,137465.59396009872
ORCL,2011-08-12,22.275663375854492,4.11455362962559,1.8136100769042969,0.2914800800122837,1.1837341046953371,Hammer,2011-08-19,22.30006217956543,2011-08-26,20.665374755859375,Stop loss (-3%),1,-0.07330416438049192,-0.07373606092041372,-10136.171400566527,127329.42255953218
ORCL,2019-08-16,48.60483169555664,8.505945003004413,2.0679092407226562,0.285087347119482,1.029010618673405,Hammer,2019-08-23,49.17622756958008,2019-08-30,47.28971481323242,Stop loss (-3%),1,-0.038362291082177924,-0.03856172060090469,-4910.041612105169,122419.380947427
ORCL,2025-03-14,147.25830078125,2.5812866467250046,14.620269775390625,0.21929773293228438,1.070465859716026,Hammer,2025-03-21,148.37306213378906,2025-04-04,136.77154541015625,Stop loss (-3%),2,-0.07819152989625333,-0.07825629042899192,-9580.08661997916,112839.29432744785
ORLY,2011-08-05,3.890019178390503,3.9151448702707654,0.22466778755187988,0.3768551189876104,1.3241312661440356,Hammer,2011-08-12,3.827352285385132,2011-09-09,4.274021148681641,RSI(2) acum > 180,4,0.1167044029372808,0.11394277738029665,11394.277726635388,111394.2777266354
ORLY,2017-02-03,17.322751998901367,2.8557401203087522,0.6956710815429688,0.39626355790004714,1.0483615110776454,Hammer,2017-02-10,17.270084381103516,2017-05-05,16.5627498626709,Stop loss (-3%),12,-0.04095721264723895,-0.041524226603331583,-4625.561226009699,106768.7165006257
OWENQ-200610,1997-10-31,28.660245895385742,7.347616922848516,2.876483917236328,0.30909100553939844,1.5900182654956796,Hammer,1997-11-07,29.287843704223633,1998-01-02,28.26283836364746,Stop loss (-3%),8,-0.034997637618106925,-0.03533304417375285,-3533.304413841981,96466.695586158
OWENQ-200610,1999-10-01,19.749170303344727,0.21224927398921523,2.643352508544922,0.3842365633915828,1.2084758306734091,Hammer,1999-10-08,19.80342674255371,1999-10-15,18.826818466186523,Stop loss (-3%),1,-0.049315115462752024,-0.049807503099057036,-4804.765234558592,91661.93035159941
OXY,1996-07-19,4.613601207733154,7.127390520486358,0.4987678527832031,0.3499998087939487,1.861759914722397,Hammer,1996-07-26,4.613601207733154,1996-08-02,4.4889092445373535,Stop loss (-3%),1,-0.027027035407134137,-0.029162934217026416,-2916.2934187863484,97083.70658121366
OXY,1998-08-14,4.762142181396484,9.412075689129821,0.29679059982299805,0.22727280030204927,1.0768000181555195,Hammer,1998-08-21,4.748651504516602,1998-09-04,4.276484489440918,Stop loss (-3%),2,-0.0994318101942393,-0.1014308715347687,-9847.284960510973,87236.42162070268
OXY,1998-09-04,4.20903205871582,0.8987372642821185,0.5261290073394775,0.20512836779963248,1.7197213773671778,Hammer,1998-09-11,4.181700706481934,1998-12-18,4.028360843658447,Stop loss (-3%),14,-0.036669258176654895,-0.03901398124078939,-3403.4401132202483,83832.98150748241
OXY,2002-07-26,6.43060827255249,1.277470978728914,0.552670955657959,0.10280362542977563,1.4317081149726039,Hammer,2002-08-02,6.520998477935791,2002-08-30,7.554027557373047,RSI(2) acum > 180,4,0.15841578294069159,0.1567620775420171,13141.832334512612,96974.81384199503
OXY,2003-07-18,8.683414459228516,6.185691858376018,0.7641410827636719,0.3496505503831465,2.248563568815184,Hammer,2003-07-25,8.723492622375488,2003-09-19,9.435302734375,RSI(2) acum > 180,8,0.08159691797912916,0.08040450308687003,7797.211711110123,104772.02555310515
OXY,2011-08-12,52.88359451293945,4.283139685170127,4.914348602294922,0.25284432497300635,1.1146891058862476,Hammer,2011-08-19,53.22529602050781,2011-08-26,51.759071350097656,Stop loss (-3%),1,-0.027547515561871516,-0.027732790924954013,-2905.620676542584,101866.40487656256
OXY,2014-10-17,59.86506652832031,1.922355194118083,6.741252899169922,0.3909547363340103,2.592341931383861,Hammer,2014-10-24,59.71601104736328,2014-12-05,54.60297393798828,Stop loss (-3%),6,-0.08562254945863068,-0.08578282617003988,-8738.388093354682,93128.01678320787
OXY,2017-05-05,47.26155471801758,7.989762001302452,3.442890167236328,0.2727268698208265,1.5263724333827935,Hammer,2017-05-12,47.152008056640625,2017-09-29,50.82115936279297,RSI(2) acum > 180,20,0.07781537748604106,0.07759506925794166,7226.274904921493,100354.29168812938
PAC-199703,1991-01-11,18.02842903137207,7.532016285903055,0.9433479309082031,0.16666666666666666,1.0045109251044884,Hammer,1991-01-18,17.713979721069336,1991-02-01,17.189897537231445,Stop loss (-3%),2,-0.029585795630924117,-0.030141813594539046,-3014.1813564397235,96985.81864356027
PAS-201002,1990-07-27,5.258629322052002,1.9609423066297182,0.3470163345336914,0.3846163359194005,1.1728831453459019,Hammer,1990-08-03,5.258629322052002,1990-08-17,5.04508113861084,Stop loss (-3%),2,-0.04060909609004959,-0.04247035073397087,-4247.035069150052,95752.96493084995
PAYC,2026-02-13,124.62942504882812,4.823047069406002,28.1363525390625,0.2785437084857241,2.095809884283629,Hammer,2026-02-20,123.89344787597656,2026-02-27,112.66476440429688,Stop loss (-3%),1,-0.09063177806561773,-0.09070883182434787,-9070.883173363905,90929.11682663609
PAYX,1999-05-28,9.204816818237305,4.452740702675271,1.087489128112793,0.2500002192376668,1.2272723717455352,Hammer,1999-06-04,9.088299751281738,1999-06-11,8.816428184509277,Stop loss (-3%),1,-0.029914458613022554,-0.030997720792469236,-3099.772076147152,96900.22792385284
PAYX,2006-06-02,19.095470428466797,0.6416402383755297,0.9636974334716797,0.3915349674916626,1.091257380129014,Hammer,2006-06-09,19.57986831665039,2006-07-21,18.718149185180664,Stop loss (-3%),6,-0.044010466134592696,-0.04450982857661712,-4313.012529612806,92587.21539424003
PAYX,2011-08-12,16.489835739135742,1.9037061557950494,1.051487922668457,0.2823525143642325,1.3545126836957868,Hammer,2011-08-19,16.60735511779785,2011-08-26,16.06305503845215,Stop loss (-3%),1,-0.03277463963917926,-0.03336673670982674,-3089.3332356662913,89497.88215857373
PAYX,2015-07-02,33.83552169799805,6.366886728099303,2.7057018280029297,0.1679779664971764,2.3545022174851455,Hammer,2015-07-10,33.72544860839844,2015-09-04,32.10378646850586,Stop loss (-3%),8,-0.0480842273952361,-0.04837356771727958,-4329.3318588215425,85168.55029975218
PBCT-202204,2016-07-01,11.383454322814941,3.077734293955004,0.6837844848632812,0.29545467224546723,1.150389596665341,Hammer,2016-07-08,11.235818862915039,2016-09-09,12.871193885803223,RSI(2) acum > 180,9,0.1455501412795026,0.1445957845874122,14459.578444281644,114459.57844428164
PBCT-202204,2020-03-13,11.62518310546875,4.76710963369959,2.7526187896728516,0.331691109471197,3.080740980582552,Hammer,2020-03-20,10.278252601623535,2020-04-09,9.039800643920898,Stop loss (-3%),3,-0.12049246167651229,-0.12140632989075162,-13896.117325866704,100563.46111841494
PBG-201002,2008-06-20,28.71234893798828,1.7011708145174538,2.3046703338623047,0.37916645631795126,1.4837678813726243,Hammer,2008-06-27,28.76036262512207,2008-07-03,26.830202102661133,Stop loss (-3%),1,-0.06711182844318342,-0.06744780337886337,-6744.780331141557,93255.21966885844
PBI,1990-07-27,2.545907974243164,4.201194108106208,0.14844942092895508,0.29999903636439557,1.0960485875028554,Hammer,1990-08-03,2.545907974243164,1990-08-17,2.3603460788726807,Stop loss (-3%),2,-0.07288633259638788,-0.07666364186599299,-7666.364178932936,92333.63582106707
PBI,1992-06-12,3.7765486240386963,2.6279737880713583,0.27974438667297363,0.388888746843394,1.5515075364260895,Hammer,1992-06-19,3.761007308959961,1992-06-26,3.558969736099243,Stop loss (-3%),1,-0.0537190056449498,-0.05630301682002709,-5198.662245489133,87134.97357557794
PBI,1994-10-28,4.370543956756592,4.3467767934449455,0.7529778480529785,0.282608736952294,2.9413045163526665,Hammer,1994-11-04,4.386912822723389,1994-12-09,4.238914966583252,Stop loss (-3%),5,-0.03373622000727605,-0.035974725027024514,-3134.656711483807,84000.31686409414
PBI,1999-08-13,17.369245529174805,4.276514780421948,1.5573692321777344,0.38823529411764707,1.2802685673252083,Hammer,1999-08-20,17.295957565307617,1999-10-22,16.416015625,Stop loss (-3%),9,-0.050875583903640775,-0.051438883480770733,-4320.882507199076,79679.43435689507
PBI,2002-07-26,12.19244384765625,3.6338213883822448,1.1566848754882812,0.1492960510259945,1.451820273188866,Hammer,2002-08-02,12.283676147460938,2002-09-06,11.658866882324219,Stop loss (-3%),5,-0.05086500634143376,-0.05165806776248083,-4116.085615168543,75563.34874172653
PBI,2011-08-12,9.10495376586914,3.096070074490086,0.7054595947265625,0.22692665412151494,1.4333385432369508,Hammer,2011-08-19,9.14810562133789,2011-08-26,8.88919734954834,Stop loss (-3%),1,-0.02830184548652881,-0.02937891060304912,-2219.968865330239,73343.37987639628
PBY-201602,1995-10-13,17.930858612060547,2.09516994860266,1.6218852996826172,0.27777758177659395,1.2975831230647383,Hammer,1995-10-20,17.84075355529785,1995-10-27,17.029809951782227,Stop loss (-3%),1,-0.04545456003313342,-0.046002182030128604,-4600.218198412642,95399.78180158735
PBY-201602,1996-07-19,22.63835906982422,3.7286283331987704,3.078817367553711,0.2058819703045558,2.0453524236833114,Hammer,1996-07-26,22.63835906982422,1996-08-02,21.28005599975586,Stop loss (-3%),1,-0.06000006740236341,-0.060428449058683845,-5764.860849041916,89634.92095254542
PBY-201602,1998-09-04,10.69388198852539,0.8556290663712645,1.9820556640625,0.27906989052780684,1.7456574162242189,Hammer,1998-09-11,11.154825210571289,1998-09-18,10.555599212646484,Stop loss (-3%),1,-0.05371899483973319,-0.054590998194820065,-4893.259803019986,84741.66114952543
PCAR,1994-06-17,0.8957364559173584,3.1420605351476496,0.06815385818481445,0.35714323195432696,1.1110352818729068,Hammer,1994-06-24,0.8908683657646179,1994-07-29,0.9784947037696838,RSI(2) acum > 180,5,0.09836058992829733,0.08664926787409488,8664.92677874456,108664.92677874456
PCAR,2015-10-02,23.107728958129883,3.4023277398930105,1.4026203155517578,0.34810036212718104,1.1068977320177318,Hammer,2015-10-09,23.320785522460938,2015-11-20,22.282751083374023,Stop loss (-3%),6,-0.04451112669799018,-0.044930295619744036,-4882.347278784486,103782.57949996008
PCAR,2016-07-01,24.0292911529541,4.932989497642396,1.9839000701904297,0.3528042033005331,1.3222462478328687,Hammer,2016-07-08,23.94585609436035,2016-08-05,27.273988723754883,RSI(2) acum > 180,4,0.13898574418387,0.1385392077979144,14377.956332770584,118160.53583273066
PCG,1992-09-18,12.151346206665039,4.418646526967663,0.3827199935913086,0.3750009344373815,1.0618873641160262,Hammer,1992-09-25,12.199186325073242,1992-12-24,12.902839660644531,RSI(2) acum > 180,13,0.05768034988735726,0.05683732754441752,5683.7327487580205,105683.73274875802
PCG,1994-05-13,9.878881454467773,0.07482040283949232,0.6759233474731445,0.23077020756056024,1.1185263292742136,Hammer,1994-05-20,9.878881454467773,1994-10-14,9.474645614624023,Stop loss (-3%),21,-0.04091919127756438,-0.04191023959079394,-4429.230555920654,101254.50219283738
PCG,2008-09-26,26.682058334350586,9.65550952218075,1.835103988647461,0.39040642412664495,1.2706481948257504,Hammer,2008-10-03,26.41078758239746,2008-10-17,20.79058074951172,Stop loss (-3%),2,-0.21279966814134532,-0.21313795075477943,-21581.1770804955,79673.32511234189
PCG,2017-10-20,57.03322219848633,5.707875889774229,9.531818389892578,0.229576153125474,3.189956573510017,Hammer,2017-10-27,56.91493606567383,2017-11-24,53.22837829589844,Stop loss (-3%),4,-0.06477311624353743,-0.06494311176861343,-5174.233652573661,74499.09145976824
PCG,2025-01-17,16.825590133666992,6.225065880437597,1.5233049392700195,0.3051948255213012,1.5712234851921956,Hammer,2025-01-24,16.954179763793945,2025-01-31,16.27166175842285,Stop loss (-3%),1,-0.040256621958711714,-0.04083440443561715,-3042.126027712082,71456.96543205617
PCH-202601,1991-12-13,4.237627983093262,2.071788483563253,0.393831729888916,0.24,1.565647558198445,Hammer,1991-12-20,4.253381252288818,1992-01-10,4.946524620056152,RSI(2) acum > 180,3,0.16296290566342764,0.1604232517697081,16042.325160928485,116042.32516092848
PCH-202601,1994-03-31,5.686321258544922,0.7554599801314339,0.2885599136352539,0.3529415652875136,1.1792915736386302,Hammer,1994-04-08,5.635398864746094,1994-04-22,5.4317097663879395,Stop loss (-3%),2,-0.03614457525489312,-0.03788545872061727,-4396.316715332487,111646.008445596
PCH-202601,1995-11-17,5.837294578552246,6.273146536907575,0.23640155792236328,0.23076829981644714,1.2743876044593574,Hammer,1995-11-24,5.837294578552246,1996-05-24,6.342987537384033,RSI(2) acum > 180,26,0.08663139268143771,0.08484559485438047,9472.671990211107,121118.68043580711
PCH-202601,1996-07-19,5.489837169647217,0.6526584481707687,0.44512176513671875,0.375,1.9064723148142628,Hammer,1996-07-26,5.489837169647217,1996-11-08,6.33801794052124,RSI(2) acum > 180,15,0.15450016906940944,0.15253969225949543,18475.406222078782,139594.0866578859
PCI-199407,1990-07-13,39.88947677612305,2.16610748591026,2.4783401489257812,0.3333338464048565,1.0742961026969313,Hammer,1990-07-20,40.8336067199707,1990-07-27,36.8210563659668,Stop loss (-3%),1,-0.0982658813736742,-0.09849871670663092,-9849.87166081322,90150.12833918678
PCL-201602,2002-10-11,11.815240859985352,0.27906095547868404,1.706954002380371,0.24104195218538096,2.057943934608302,Hammer,2002-10-18,11.815240859985352,2002-11-29,13.575825691223145,RSI(2) acum > 180,6,0.14900964373907621,0.14810060572995487,14810.060558185425,114810.06055818543
PCL-201602,2010-05-28,27.914609909057617,7.660640855235457,2.120302200317383,0.30451158594124583,1.0824958827979223,Hammer,2010-06-04,27.691421508789062,2010-10-22,29.795982360839844,RSI(2) acum > 180,20,0.07600046286474704,0.0756256851227551,8682.589480015187,123492.6500382006
PCL-201602,2016-01-22,40.4900016784668,4.254621907065186,3.700000762939453,0.3756754332515751,1.5271305072384753,Hammer,2016-01-29,40.43000030517578,2016-02-12,37.95000076293945,Stop loss (-3%),2,-0.061340576886388054,-0.06158030229859053,-7604.714713401725,115887.93532479888
PCLB-199310,1990-04-12,36.5,4.194783334078139,2.75,0.2727272727272727,1.0490367582810172,Hammer,1990-04-20,37.375,1990-04-27,35.125,Stop loss (-3%),1,-0.06020066889632103,-0.060460139111824567,-6046.013905136442,93953.98609486356
PCLB-199310,1990-08-24,32.625,1.3699313594117655,3.25,0.3076923076923077,1.0701850430743634,Hammer,1990-08-31,33.75,1990-09-14,32.75,Stop loss (-3%),2,-0.029629629629629672,-0.02992149311213158,-2811.243544983523,91142.74254988003
PCLB-199310,1992-12-24,36.375,8.252097973693651,4.0,0.28125,1.25120993355928,Hammer,1992-12-31,36.5,1993-02-19,34.75,Stop loss (-3%),7,-0.047945205479452024,-0.048212573620052074,-4394.226180725318,86748.5163691547
PCP-201601,2010-06-11,108.54132080078125,4.8578719654786795,8.110954284667969,0.20515953529190994,1.0369604323440833,Hammer,2010-06-18,109.5975341796875,2010-07-09,103.02108764648438,Stop loss (-3%),3,-0.060005424231724946,-0.06009392558756883,-6009.392552747489,93990.60744725252
PCP-201601,2012-08-03,155.94873046875,9.157939923930911,8.0943603515625,0.2946979293911837,1.037916982330373,Hammer,2012-08-10,156.60745239257812,2012-11-09,173.2477569580078,RSI(2) acum > 180,13,0.10625487044969195,0.10618762627982319,9980.639487441778,103971.24693469431
PCP-201601,2014-01-31,254.48973083496094,7.542605093087417,9.929855346679688,0.32394435454996673,1.0425666426255096,Hammer,2014-02-07,254.2699432373047,2014-04-17,245.0376434326172,Stop loss (-3%),10,-0.03630904890740938,-0.03634766244372746,-3779.111783656591,100192.13515103771
PD-200703,1991-12-13,10.717446327209473,1.9438075803901285,0.749180793762207,0.1666668788260289,1.2182561651949895,Hammer,1991-12-20,10.675825119018555,1991-12-27,10.155561447143555,Stop loss (-3%),1,-0.04873287695095074,-0.04964632095050406,-4964.632090085774,95035.36790991422
PD-200703,1996-01-12,21.87213706970215,3.229948439823005,1.4365177154541016,0.29032236649056165,1.121434089806623,Hammer,1996-01-19,21.87213706970215,1996-03-29,25.1165771484375,RSI(2) acum > 180,10,0.14833667457349797,0.1478456741588348,14050.568023523592,109085.93593343781
PD-200703,2002-07-26,15.112939834594727,5.364716170414411,2.4460506439208984,0.28779626257861024,1.8159297986927923,Hammer,2002-08-02,15.505021095275879,2002-08-09,14.021350860595703,Stop loss (-3%),1,-0.09568966243665578,-0.09630355919600421,-10505.363878111988,98580.57205532581
PDCO-202504,2011-08-12,19.323305130004883,2.260333686796855,1.6235847473144531,0.2622957945363511,1.6018038643530303,Hammer,2011-08-19,19.396499633789062,2011-08-26,18.817598342895508,Stop loss (-3%),1,-0.02984565781575854,-0.030353390305352543,-3035.3390274999156,96964.66097250009
PDCO-202504,2017-07-14,32.30290222167969,9.017200877054478,1.5314769744873047,0.3904301095356411,1.023362650964717,Hammer,2017-07-21,32.31778335571289,2017-08-11,29.154481887817383,Stop loss (-3%),3,-0.09788113971425338,-0.09817537781240118,-9519.542215907044,87445.11875659304
PDG-200603,1997-10-31,14.368828773498535,7.762633676888726,2.6072463989257812,0.37777772087892153,1.7448975984686728,Hammer,1997-11-07,14.716461181640625,1997-11-14,12.978297233581543,Stop loss (-3%),1,-0.11811018468404011,-0.11874935011473217,-11874.934999598281,88125.06500040171
PEG,1994-05-13,3.0082383155822754,9.672295482146566,0.2423698902130127,0.3529416972514517,1.6680129023852412,Hammer,1994-05-20,2.99398136138916,1994-08-12,3.2569587230682373,RSI(2) acum > 180,12,0.08783533694313306,0.08435442945263762,8435.44293682832,108435.44293682833
PEG,2001-09-28,8.064003944396973,2.8746702127199057,0.5287566184997559,0.16129023530886485,1.1441632759743448,Hammer,2001-10-05,8.111383438110352,2001-11-02,7.504924297332764,Stop loss (-3%),4,-0.07476642491442498,-0.07595244180838148,-8235.936661389589,100199.50627543873
PEL-199706,1992-11-27,14.865937232971191,3.786138586246196,1.1849660873413086,0.2727272727272727,1.3717907586986202,Hammer,1992-12-04,14.865937232971191,1992-12-11,14.327316284179688,Stop loss (-3%),1,-0.0362318863823059,-0.036892156842349276,-3689.2156805457116,96310.7843194543
PEL-199706,1993-11-19,19.315479278564453,9.148655722764062,1.4514503479003906,0.23076882643125032,1.040709775958042,Hammer,1993-11-26,19.315479278564453,1994-02-11,22.181407928466797,RSI(2) acum > 180,11,0.14837471069552155,0.14781872689208683,14236.537509843558,110547.32182929784
PEP,1990-08-03,5.066858291625977,9.140108910865521,0.4075455665588379,0.34688920479474894,1.7321092924979062,Hammer,1990-08-10,4.742379665374756,1990-09-28,4.385349273681641,Stop loss (-3%),7,-0.07528507139567064,-0.07731220537722513,-7731.220529991293,92268.77947000871
PEP,1998-09-04,15.169365882873535,0.5025184763879622,2.635486602783203,0.3720933682840795,1.74811554387201,Hammer,1998-09-11,16.150012969970703,1998-09-18,15.108770370483398,Stop loss (-3%),1,-0.0644731741964164,-0.06507222256282783,-6004.134547268752,86264.64492273997
PEP,2002-07-05,24.909652709960938,3.620995172679642,1.3878974914550781,0.38432890176429035,1.3342564642514343,Hammer,2002-07-12,25.142696380615234,2002-07-19,21.517589569091797,Stop loss (-3%),1,-0.1441813064376961,-0.14455029027332741,-12469.579451438003,73795.06547130196
PEP,2005-07-08,29.062950134277344,6.954956153253022,0.9446964263916016,0.23563224192548654,1.167868334148681,Hammer,2005-07-15,29.399566650390625,2005-11-04,32.097110748291016,RSI(2) acum > 180,16,0.0917545530510242,0.09139886772875425,6744.785421301502,80539.85089260347
PEP,2014-02-07,54.99195098876953,8.650370806735594,1.5286979675292969,0.13004474233852956,1.0742447749363142,Hammer,2014-02-14,54.957672119140625,2014-05-16,60.2826042175293,RSI(2) acum > 180,13,0.09689151474329116,0.09670075877802439,7788.264685395436,88328.1155779989
PEP,2015-08-28,66.87812042236328,8.926806675128404,12.8636474609375,0.16064455441786313,4.668582001972488,Hammer,2015-09-04,66.45624542236328,2015-10-16,71.30210876464844,RSI(2) acum > 180,6,0.07291810290345513,0.07276215351597909,6426.943899036556,94755.05947703547
PEP,2017-10-06,84.18746185302734,1.6319151692067067,3.6603240966796875,0.22499927047769122,1.8602143244678893,Hammer,2017-10-13,84.33234405517578,2017-12-01,88.45783996582031,RSI(2) acum > 180,7,0.04891949769527759,0.04879802603164821,4623.859854366892,99378.91933140236
PEP,2026-01-09,137.22775268554688,8.135655136391605,5.6887969970703125,0.3275834783984808,1.0116883302171582,Hammer,2026-01-16,137.22775268554688,2026-02-13,166.25045776367188,RSI(2) acum > 180,4,0.2114929707012665,0.21141239616904187,21009.93544353176,120388.85477493411
PET-199806,1990-09-28,24.665851593017578,4.446805715955733,1.1866741180419922,0.35714343118077535,1.1011942550066633,Hammer,1990-10-05,24.665851593017578,1990-11-16,27.023361206054688,RSI(2) acum > 180,6,0.09557787227198244,0.09515316502903008,9515.31649338769,109515.3164933877
PFE,1999-05-28,12.541435241699219,4.7419158055201365,1.179422378540039,0.335403334966694,1.1368466176483039,Hammer,1999-06-04,12.658644676208496,1999-06-18,11.449919700622559,Stop loss (-3%),2,-0.09548612876840568,-0.09623808996122481,-9623.808986498672,90376.19101350133
PFE,2001-03-23,13.406801223754883,5.906552169391361,1.4682111740112305,0.2822385518706671,1.266238978395619,Hammer,2001-03-30,13.664007186889648,2001-05-11,15.468012809753418,RSI(2) acum > 180,6,0.13202610319135943,0.13124622720108403,11861.534087465032,102237.72510096636
PFE,2015-08-28,19.30167007446289,8.008488864218506,3.0435867309570312,0.32038846511534635,3.4592172686318015,Hammer,2015-09-04,19.331218719482422,2015-09-11,18.81114959716797,Stop loss (-3%),1,-0.026903069581966754,-0.02741327712539658,-2802.671088060234,99435.05401290611
PFE,2016-01-29,18.1646671295166,3.9875600657265124,0.8489570617675781,0.36491289558703927,1.0245246165102468,Hammer,2016-02-05,18.07530403137207,2016-02-12,17.25812530517578,Stop loss (-3%),1,-0.04520968083181165,-0.045750266409293194,-4549.180206963732,94885.87380594238
PFG,2014-02-07,27.879840850830078,3.6255607857348906,1.5962467193603516,0.08031970634238786,1.3659607325388687,Hammer,2014-02-14,27.886249542236328,2014-03-14,30.486873626708984,RSI(2) acum > 180,4,0.09325829493613935,0.0928830413477753,9288.304125489227,109288.30412548922
PFG,2014-10-17,32.24837112426758,4.084782955922705,2.2082557678222656,0.15088766084912097,1.6730635060642327,Hammer,2014-10-24,31.862905502319336,2014-11-28,35.090354919433594,RSI(2) acum > 180,5,0.10129174870381252,0.10096206093243539,11033.972409286202,120322.27653477542
PFG,2016-01-22,25.779308319091797,9.70910093701093,2.458650588989258,0.21760905975837852,1.249981816551568,Hammer,2016-01-29,25.65061378479004,2016-02-19,24.465280532836914,Stop loss (-3%),3,-0.046210716901284754,-0.04659148917582236,-5605.9940391743,114716.28249560113
PG,1991-10-25,4.365673542022705,4.0791689973233645,0.20725250244140625,0.32257960611080433,1.4673678576864075,Hammer,1991-11-01,4.372359275817871,1991-11-29,4.238647937774658,Stop loss (-3%),4,-0.03058105009410539,-0.03283060150834013,-3283.060147550953,96716.93985244904
PG,1994-03-31,6.0174431800842285,2.916953071866743,0.3936643600463867,0.35714303018263654,1.380872144170733,Hammer,1994-04-08,5.862789154052734,1994-09-09,6.845492839813232,RSI(2) acum > 180,22,0.16761709485683807,0.1657700473250094,16032.771680437792,112749.71153288684
PG,1996-07-19,10.149477005004883,8.057775186243987,0.5756168365478516,0.2650742737475521,1.2751525638976315,Hammer,1996-07-26,10.104961395263672,1996-10-04,11.410741806030273,RSI(2) acum > 180,10,0.12922171195811183,0.1281686803842447,14450.981726423379,127200.69325931022
PG,2007-03-16,35.567317962646484,3.53259059575295,1.1430511474609375,0.39899013496015273,1.1705020527085397,Hammer,2007-03-23,35.630821228027344,2007-08-17,38.06019973754883,RSI(2) acum > 180,21,0.06818193984287202,0.0678917568376018,8635.878527699588,135836.5717870098
PG,2010-05-07,37.92038345336914,7.547823712918969,14.756946563720703,0.10779706057601957,7.152755412292141,Hammer,2010-05-14,38.712615966796875,2010-07-09,37.65001678466797,Stop loss (-3%),8,-0.02744839519603326,-0.02770313087068023,-3763.098321476985,132073.4734655328
PG,2013-08-30,54.310482025146484,6.918412599626549,4.441623687744141,0.32810120711644747,2.408769192089227,Hammer,2013-09-06,54.575443267822266,2013-11-08,57.24382019042969,RSI(2) acum > 180,9,0.0488933623408736,0.0487056675146985,6432.72667969087,138506.20014522364
PGL-200702,1993-10-08,15.099785804748535,3.211754612021153,0.8388767242431641,0.14285730526382803,1.4914297237210405,Hammer,1993-10-15,15.099785804748535,1993-11-12,14.02122974395752,Stop loss (-3%),4,-0.07142856691727606,-0.07206696439540394,-7206.696432333698,92793.30356766631
PGL-200702,2004-05-14,34.70262145996094,1.7116532687235804,1.2897720336914062,0.20805605342703176,1.1788292211632154,Hammer,2004-05-21,34.72859191894531,2004-06-25,36.75092315673828,RSI(2) acum > 180,5,0.05823245706341851,0.05793616860844587,5376.088475854929,98169.39204352123
PGN-201207,1993-05-21,11.185005187988281,9.29179739155596,0.44561767578125,0.29999957197644156,1.2854354463055724,Hammer,1993-05-28,11.140443801879883,1993-09-17,12.365925788879395,RSI(2) acum > 180,16,0.11000297733136266,0.10905640085812442,10905.640074906802,110905.6400749068
PGN-201207,1993-10-15,11.69726276397705,6.024485669962758,0.5026168823242188,0.2727272727272727,1.4137362307504742,Hammer,1993-10-22,11.605877876281738,1993-10-29,11.194645881652832,Stop loss (-3%),1,-0.03543307960092512,-0.03627908234995591,-4023.554845328559,106882.08522957825
PGN-201207,2003-02-14,23.580862045288086,3.555961225574137,1.7343254089355469,0.31724122003418065,1.083301066411851,Hammer,2003-02-21,23.68252944946289,2003-05-09,25.137088775634766,RSI(2) acum > 180,11,0.06141908655812367,0.060983959059716486,6518.0927033396365,113400.17793291788
PGN-201207,2004-04-16,28.642112731933594,9.623927605419013,1.5621776580810547,0.3795924696379014,1.7148975044242132,Hammer,2004-04-23,28.642112731933594,2004-05-07,27.48163604736328,Stop loss (-3%),2,-0.04051644846982527,-0.04085845214221381,-4633.355738357299,108766.82219456059
PGR,1998-09-04,4.413492202758789,0.25455135636006787,0.5117092132568359,0.2916668219753022,1.4852796840564975,Hammer,1998-09-11,4.456134796142578,1998-11-06,6.3201799392700195,RSI(2) acum > 180,8,0.41830986458063135,0.415599444502458,41559.94440868586,141559.94440868584
PH,1995-09-29,10.239789962768555,9.526585885807279,0.8084049224853516,0.12500088477409949,1.6168893579197134,Hammer,1995-10-06,10.239789962768555,1995-10-13,9.53243637084961,Stop loss (-3%),1,-0.06907891611945682,-0.07002130785754912,-7002.13077875278,92997.86922124721
PH,1996-07-19,9.913435935974121,4.458586783205249,1.264817237854004,0.378378398756802,2.1071172045203608,Hammer,1996-07-26,9.708330154418945,1996-08-02,9.366487503051758,Stop loss (-3%),1,-0.03521127175630623,-0.036222659558948656,-3368.630153140238,89629.23906810697
PH,2000-06-16,17.140949249267578,9.389310117841504,3.03452205657959,0.3963962718189324,1.582101384863737,Hammer,2000-06-23,17.113611221313477,2000-06-30,15.965414047241211,Stop loss (-3%),1,-0.06709262932432913,-0.06765719246139865,-6064.062671735561,83565.17639637142
PH,2002-10-11,16.877229690551758,5.070365160705322,1.6936254501342773,0.2895452715391394,1.154077626790262,Hammer,2002-10-18,16.845447540283203,2002-11-01,20.3189697265625,RSI(2) acum > 180,2,0.20619946000086498,0.20554481879482975,17176.389022773765,100741.56541914518
PH,2006-06-16,35.63558578491211,6.4559236143484355,2.0204505920410156,0.22037802393660708,1.0722485332708755,Hammer,2006-06-23,35.764854431152344,2006-07-28,33.72046661376953,Stop loss (-3%),5,-0.05716192194541925,-0.05743349672660748,-5785.940361947849,94955.62505719732
PH,2012-07-13,58.608787536621094,6.128341467955465,4.584014892578125,0.3979230605356537,1.0887293233125215,Hammer,2012-07-20,57.47467803955078,2012-12-07,66.29631805419922,RSI(2) acum > 180,20,0.15348741942630606,0.1533000934449441,14556.70617983472,109512.33123703203
PH,2022-02-25,282.15081787109375,3.3777399467153657,20.69805908203125,0.19304694250067087,1.1734040370947418,Hammer,2022-03-04,277.691162109375,2022-03-11,267.95758056640625,Stop loss (-3%),1,-0.03505182328825773,-0.03508720275050504,-3842.4813659517285,105669.84987108031
PHA-200304,1990-08-24,5.532168388366699,3.122146118776584,0.5165581703186035,0.29032281886567074,1.432336766972348,Hammer,1990-08-31,5.732126235961914,1990-09-21,5.532168388366699,Stop loss (-3%),3,-0.034883713191926846,-0.0365963443995951,-3659.634436299876,96340.36556370012
PHA-200304,1996-07-19,23.304153442382812,3.001777741247537,3.4300479888916016,0.352941307310715,2.1350163109670945,Hammer,1996-07-26,22.698850631713867,1996-09-06,25.544353485107422,RSI(2) acum > 180,6,0.12535889590012728,0.12489083457203431,12032.028646193354,108372.39420989348
PHA-200304,1999-12-17,37.775428771972656,8.126161006439972,3.506103515625,0.3548379726342177,1.0172612485939403,Hammer,1999-12-23,36.022377014160156,1999-12-31,33.25142288208008,Stop loss (-3%),1,-0.07692313394507067,-0.07719002499091335,-8365.267809021523,100007.12640087196
PHB-199910,1999-03-05,22.635812759399414,8.592552565303691,2.6046676635742188,0.1666664225730011,1.0917252665377684,Hammer,1999-03-12,22.51177978515625,1999-03-26,37.457618713378906,RSI(2) acum > 180,2,0.663911919486597,0.6633203802112423,66332.03795479219,166332.03795479218
PHM,1990-08-24,0.6298931837081909,2.2294102996086878,0.08165282011032104,0.14285714285714285,1.173793508517472,Hammer,1990-08-31,0.6648872494697571,1990-10-12,0.6559367775917053,Stop loss (-3%),6,-0.013461638623976757,-0.02828904698970138,-2828.904696141233,97171.09530385876
PHM,1991-06-21,1.2745311260223389,8.921110525343352,0.15341579914093018,0.2307689916818512,1.221282080487732,Hammer,1991-06-28,1.2627298831939697,1991-07-05,1.1683201789855957,Stop loss (-3%),1,-0.07476634984639197,-0.082359582741175,-8002.970855725787,89168.12444813296
PHM,2004-04-23,19.86272430419922,3.0966855690224833,1.4225845336914062,0.3815020299151029,1.0152267426768329,Hammer,2004-04-30,19.920284271240234,2004-05-14,18.72794532775879,Stop loss (-3%),2,-0.05985551848790005,-0.06034237339423444,-5380.616254932187,83787.50819320079
PIN-199410,1994-05-13,20.34083366394043,4.681216944387259,1.6026115417480469,0.3846149268652631,1.617925447806743,Hammer,1994-05-20,20.21755599975586,1994-10-24,23.5,RSI(2) acum > 180,23,0.16235612258394538,0.16182148291658327,16182.148275476175,116182.14827547618
PKG,2020-03-13,70.13682556152344,7.256690216599097,15.61446762084961,0.29130329306449,2.780924201268335,Hammer,2020-03-20,61.723060607910156,2020-12-04,111.43498229980469,RSI(2) acum > 180,37,0.8054027328243614,0.805175493971788,80517.54931666126,180517.54931666126
PLD,2011-08-12,17.601688385009766,4.011397688613414,2.016331672668457,0.18867915604246746,1.270300490919082,Hammer,2011-08-19,17.677776336669922,2011-08-26,17.411468505859375,Stop loss (-3%),1,-0.015064554825152454,-0.015625817210476737,-1562.581719485092,98437.4182805149
PLD,2013-06-14,26.1173152923584,4.144152734561132,1.4999809265136719,0.32579200480149334,1.2564515399944114,Hammer,2013-06-21,26.415952682495117,2013-06-28,24.318696975708008,Stop loss (-3%),1,-0.07939352905401298,-0.07975699181291244,-7851.072356032191,90586.34592448271
PLD,2016-01-22,28.526691436767578,6.172132504755794,2.099397659301758,0.32746488790203226,1.5669585644926618,Hammer,2016-01-29,28.56365203857422,2016-02-19,26.922571182250977,Stop loss (-3%),3,-0.05745346757855119,-0.05779344626039426,-5235.297109876779,85351.04881460592
PLD,2018-12-28,47.52272415161133,1.3703374432888467,3.087474822998047,0.136842183297235,1.2601153837824797,Hammer,2019-01-04,47.62022399902344,2019-02-01,53.43767166137695,RSI(2) acum > 180,4,0.12216338298771579,0.12194058473032265,10407.756789391602,95758.80560399752
PLD,2025-04-11,92.32903289794922,5.967720406533161,13.259765625,0.2127344095227574,1.9426028112023683,Hammer,2025-04-17,93.68186950683594,2025-05-23,104.39905548095703,RSI(2) acum > 180,5,0.11439978760606473,0.11428694362916925,10943.98120711666,106702.78681111419
PLL-201508,1992-11-27,13.051268577575684,6.526822737136754,1.087606430053711,0.22222251450758393,1.3138609045598941,Hammer,1992-12-04,13.172113418579102,1993-01-15,12.487325668334961,Stop loss (-3%),6,-0.05198769009066195,-0.052726855129327635,-5272.685507660079,94727.31449233991
PLL-201508,2002-07-05,16.427486419677734,1.619281325842124,1.5617971420288086,0.35078523481326745,1.3959315058454236,Hammer,2002-07-12,16.353893280029297,2002-07-19,15.233651161193848,Stop loss (-3%),1,-0.06850002624166829,-0.0690903779056517,-6544.7459497185355,88182.56854262137
PM,2012-11-16,44.24501419067383,4.620040153744739,2.1411399841308594,0.3114360389604605,1.3106168044242776,Hammer,2012-11-23,44.588844299316406,2013-04-12,49.386131286621094,RSI(2) acum > 180,20,0.10758939960635483,0.10735309015235706,10735.309004500396,110735.3090045004
PMI-199911,1992-03-27,5.167319297790527,2.7049278445540637,0.31231021881103516,0.36363636363636365,1.3839391770626128,Hammer,1992-04-03,5.195711135864258,1992-06-12,3.7035839557647705,Stop loss (-3%),10,-0.28718439903246973,-0.2888311119109796,-28883.111162214853,71116.88883778515
PMI-199911,1994-03-04,9.602192878723145,8.941887572372636,0.6647672653198242,0.17777835161729494,1.5788416411923585,Hammer,1994-03-11,9.587420463562012,1994-03-31,9.132087707519531,Stop loss (-3%),3,-0.04749272839060514,-0.0485104627982171,-3449.9131868404047,67666.97565094475
PNC,1994-10-07,9.190439224243164,2.4271501770213177,0.5828084945678711,0.3846157622328875,1.3946435834465392,Hammer,1994-10-14,9.235270500183105,1994-10-28,8.590470314025879,Stop loss (-3%),2,-0.06981930698667049,-0.07086374648277351,-7086.374641190976,92913.62535880903
PNC,2001-03-23,28.654428482055664,3.278563036256344,4.265016555786133,0.36847775387203685,1.9173210905086746,Hammer,2001-03-30,29.264047622680664,2001-08-31,32.138858795166016,RSI(2) acum > 180,22,0.09823696330569365,0.09787852373663851,9094.248476045079,102007.87383485411
PNC,2002-06-28,25.221309661865234,6.425646930606504,1.6740245819091797,0.22766617559427166,1.2026996045874083,Hammer,2002-07-05,25.250255584716797,2002-07-19,23.01835823059082,Stop loss (-3%),2,-0.08839107971156046,-0.08876953735849971,-9055.191758189016,92952.68207666509
PNC,2016-01-22,61.507137298583984,6.500558526875821,3.7590103149414062,0.38931319400610104,1.1659581039954072,Hammer,2016-01-29,61.4569206237793,2016-02-19,59.082435607910156,Stop loss (-3%),3,-0.03863657651194441,-0.03879613574826346,-3606.2048684052697,89346.47720825984
PNC,2020-03-13,85.07633972167969,0.9767555820793064,14.386161804199219,0.35268131540610187,1.9518027294749216,Hammer,2020-03-20,72.51131439208984,2020-04-09,71.7081069946289,Stop loss (-3%),3,-0.011076994041478327,-0.01121413028610355,-1001.9430350158641,88344.53417324398
PNU-200003,1997-10-31,30.06920623779297,5.422498736759465,4.380161285400391,0.3783783430714846,1.9938499794579387,Hammer,1997-11-07,30.424354553222656,1998-02-13,38.638427734375,RSI(2) acum > 180,14,0.26998348204176703,0.26961048966066486,26961.048939105436,126961.04893910543
PNW,2001-07-27,14.006628036499023,8.933194585664339,1.1304759979248047,0.32551312226355883,1.2276595268801866,Hammer,2001-08-03,14.048439025878906,2001-09-28,13.513260841369629,Stop loss (-3%),8,-0.03809520641570319,-0.038793222321266065,-3879.3222282472834,96120.67777175273
PNW,2001-09-28,13.279119491577148,1.272317800583906,0.9198389053344727,0.254546038914653,1.1997991760698508,Hammer,2001-10-05,13.279119491577148,2002-04-05,15.466503143310547,RSI(2) acum > 180,26,0.16472354609963724,0.1639087673905657,15755.021798558715,111875.69957031144
PNW,2003-02-14,10.703822135925293,3.357510767712583,0.8644838333129883,0.3775936951516696,1.08225694728015,Hammer,2003-02-21,10.721757888793945,2003-05-30,13.70795726776123,RSI(2) acum > 180,14,0.27851770296812717,0.2774556310324174,31040.542790433363,142916.24236074483
PNW,2014-08-08,33.8693962097168,3.3912966982844353,1.1805381774902344,0.18716454853605022,1.0619586551778488,Hammer,2014-08-15,33.88201904296875,2014-10-31,37.39206314086914,RSI(2) acum > 180,11,0.10359607240197222,0.10328568864267272,14761.202495691443,157677.44485643625
PNW,2023-10-06,64.44406127929688,7.796508026843895,3.3620262145996094,0.25827636483289557,1.0770543707573195,Hammer,2023-10-13,64.07891082763672,2024-02-16,61.1492919921875,Stop loss (-3%),18,-0.04571892370844888,-0.04587140200222429,-7232.885452460254,150444.55940397602
PODD,2025-10-03,309.114990234375,5.839417139210212,31.58001708984375,0.3320142557019909,1.4984344662116043,Hammer,2025-10-10,310.8999938964844,2025-12-19,296.1000061035156,Stop loss (-3%),10,-0.047603692774263906,-0.04763509137424695,-4763.5091326611855,95236.49086733883
POOL,2025-04-11,303.23486328125,7.898863042671763,32.727783203125,0.27087327400356576,1.4809036013380594,Hammer,2025-04-17,305.17352294921875,2025-05-02,284.25775146484375,Stop loss (-3%),2,-0.06853730717607309,-0.06856895197653545,-6856.895190796649,93143.10480920336
PPG,1991-03-22,4.931306838989258,3.2953550011500568,0.40123462677001953,0.32258007011705986,1.2283799622906946,Hammer,1991-03-28,4.983078956604004,1991-05-31,4.830766201019287,Stop loss (-3%),9,-0.030565992815116627,-0.03254013358586107,-3254.013355332094,96745.9866446679
PPG,1998-09-04,13.41478443145752,5.113909377389021,1.3526182174682617,0.3294122706886936,1.3242624449986797,Hammer,1998-09-11,13.49435043334961,1998-10-23,15.913148880004883,RSI(2) acum > 180,6,0.17924526701763388,0.1784381003032881,17263.17005157865,114009.15669624654
PPG,2004-03-12,17.398359298706055,5.6315735081616225,1.0344314575195312,0.3965021941955231,1.5778409542189409,Hammer,2004-03-19,17.383281707763672,2004-04-30,18.719297409057617,RSI(2) acum > 180,6,0.07685635680041125,0.07625915680339443,8694.24214882759,122703.39884507413
PPG,2005-09-30,18.628990173339844,1.8156736284090584,0.8497772216796875,0.34074177156093444,1.0993253409948103,Hammer,2005-10-07,18.660465240478516,2005-10-14,18.0310001373291,Stop loss (-3%),1,-0.033732551414847434,-0.034259264096061726,-4203.728142314061,118499.67070276008
PPG,2021-07-23,146.87327575683594,7.255442055791974,14.234664916992188,0.33058486433990114,2.001689644341408,Hammer,2021-07-30,148.0452423095703,2021-09-10,135.251953125,Stop loss (-3%),6,-0.0864147269104324,-0.08647935312256276,-10247.77485736362,108251.89584539646
PPG,2022-03-11,109.6010513305664,0.33115243266365724,11.016624450683594,0.2627220352763317,1.316534358987932,Hammer,2022-03-18,111.18722534179688,2022-06-17,103.3387222290039,Stop loss (-3%),13,-0.07058817313469379,-0.07067493332952446,-7650.695514017325,100601.20033137912
PPL,1999-12-03,3.4848270416259766,2.238851703952065,0.19940447807312012,0.3809530072468533,1.018456664961137,Hammer,1999-12-10,3.456340789794922,1999-12-17,3.2168147563934326,Stop loss (-3%),1,-0.06930046773995957,-0.0720894152165447,-7208.941514445529,92791.05848555446
PPL,2008-09-12,16.26115608215332,8.622154442293578,1.1724214553833008,0.26760633265900585,1.1127149311620401,Hammer,2008-09-19,16.10841178894043,2008-09-26,15.55522632598877,Stop loss (-3%),1,-0.03434140312525791,-0.034951348003047084,-3243.172573456536,89547.88591209793
PPL,2008-09-26,15.522199630737305,4.349902930436926,1.2384729385375977,0.13666678730634443,1.090926176027765,Hammer,2008-10-03,15.365327835083008,2008-10-10,14.55206298828125,Stop loss (-3%),1,-0.05292857110050486,-0.05356195753500101,-4796.360057776545,84751.5258543214
PPL,2011-08-12,12.303836822509766,3.3473053697777004,0.7003717422485352,0.3243236250890191,1.5876347774956596,Hammer,2011-08-19,12.389017105102539,2011-11-04,14.161457061767578,RSI(2) acum > 180,11,0.1430654217060563,0.14220086528196352,12051.740298399465,96803.26615272085
PPL,2012-11-16,14.373780250549316,6.481905180938497,0.4583091735839844,0.12087886934736106,1.2122293701728355,Hammer,2012-11-23,14.439252853393555,2013-02-15,15.459877967834473,RSI(2) acum > 180,12,0.07068406688376871,0.06996728212241736,6773.061426505814,103576.32757922666
PPL,2013-06-14,15.218929290771484,4.102574638674582,0.5328969955444336,0.3333333333333333,1.1303574300587715,Hammer,2013-06-21,15.255500793457031,2014-02-28,17.081480026245117,RSI(2) acum > 180,36,0.11969316887789327,0.11899866572967852,12325.44477078263,115901.7723500093
PPL,2014-08-08,18.066328048706055,3.6372091344690034,0.7992973327636719,0.17123241906925468,1.3735577978685414,Hammer,2014-08-15,18.142972946166992,2014-09-05,18.903947830200195,RSI(2) acum > 180,3,0.04194322982739007,0.04138064820026177,4796.090462606471,120697.86281261576
PPL,2018-12-28,20.66970443725586,8.773716490930653,1.0207271575927734,0.2571423232521419,1.030386489944195,Hammer,2019-01-04,20.69157600402832,2019-02-08,22.558048248291016,RSI(2) acum > 180,5,0.09020445054061232,0.08969948671226373,10826.53633073232,131524.3991433481
PPL,2022-10-14,21.58832359313965,2.968462622544763,1.418661117553711,0.357143913512874,1.0491674103604374,Hammer,2022-10-21,21.92316246032715,2022-11-25,24.681182861328125,RSI(2) acum > 180,5,0.12580394849474752,0.1253192284566819,16482.53620739052,148006.93535073864
PPLI,2007-08-10,3.457348108291626,0.2854617341220944,0.3267383575439453,0.13953547765681096,1.399575099626262,Hammer,2007-08-17,3.4586145877838135,2007-10-12,3.790418863296509,RSI(2) acum > 180,8,0.09593560285226999,0.09290995500703239,9290.995491412246,109290.99549141224
PRD-200110,1998-04-09,39.46528244018555,1.0718529241580939,5.40777587890625,0.34042575704563155,2.077102286412,Hammer,1998-04-17,40.04058074951172,1998-05-22,38.5448112487793,Stop loss (-3%),5,-0.0373563388126098,-0.03760139002980459,-3760.1389992203203,96239.86100077967
PRGO,2015-10-02,120.67858123779297,1.6758016166266145,9.047325134277344,0.2821585511164556,1.0791684764848255,Hammer,2015-10-09,121.57205200195312,2015-10-30,114.03387451171875,Stop loss (-3%),3,-0.062005842346999906,-0.0620855446479581,-6208.554458587258,93791.44554141273
PRU,2003-03-14,13.962959289550781,1.6593762617079193,1.4370841979980469,0.20462050365918724,1.6407102890134801,Hammer,2003-03-21,13.88707447052002,2003-05-16,15.437986373901367,RSI(2) acum > 180,8,0.11168024674121813,0.11092021617442899,11092.021606350878,111092.02160635087
PRU,2004-10-22,21.307096481323242,4.609482051051629,1.3605365753173828,0.32155449290844274,1.441965768622729,Hammer,2004-10-29,21.249404907226562,2004-12-10,24.985074996948242,RSI(2) acum > 180,6,0.17580116271638468,0.17528931560228922,19473.244416778725,130565.2660231296
PRU,2011-03-18,32.79021453857422,6.147554048396756,3.174640655517578,0.279386407085686,1.7132621843414544,Hammer,2011-03-25,33.33103942871094,2011-06-17,32.25479507446289,Stop loss (-3%),12,-0.03228955270206735,-0.03258468530945249,-4254.428101454199,126310.8379216754
PRU,2014-02-07,49.14158630371094,3.1077286438090397,3.091838836669922,0.26294282467640623,1.5119519557100278,Hammer,2014-02-14,49.100341796875,2014-04-17,46.303619384765625,Stop loss (-3%),9,-0.056959326753350026,-0.0571571708780569,-7219.570139620178,119091.26778205522
PRU,2014-10-17,48.660888671875,4.244699545120682,4.208152770996094,0.2624820739306454,1.7464518495481536,Hammer,2014-10-24,48.450782775878906,2015-02-06,46.17005157470703,Stop loss (-3%),15,-0.047073154869797684,-0.047274671255794744,-5630.0005282024795,113461.26725385275
PRU,2016-01-22,43.475120544433594,4.6374666253909,4.032047271728516,0.259259189178194,1.3507561053997994,Hammer,2016-01-29,43.2573356628418,2016-02-12,40.32664108276367,Stop loss (-3%),2,-0.06775023323028195,-0.06797355101203882,-7712.3652298579655,105748.90202399479
PSA,2018-08-03,154.3839111328125,7.9010764993845015,12.265289306640625,0.23941240430047597,1.9639032448155238,Hammer,2018-08-10,154.3839111328125,2018-09-28,148.7910919189453,Stop loss (-3%),7,-0.03622669728230832,-0.03629029554491367,-3629.0295508623385,96370.97044913765
PSA,2025-04-11,266.4796142578125,9.963139709859291,27.699249267578125,0.18531172292372933,1.8755709566070593,Hammer,2025-04-17,268.2096252441406,2025-09-05,280.86456298828125,RSI(2) acum > 180,20,0.04718301117128565,0.04714484802098563,4543.394750916097,100914.36520005375
PSKY,2002-07-26,14.723166465759277,2.4786332602842975,3.1075096130371094,0.37517262756025854,1.5165713408103487,Hammer,2002-08-02,15.66613483428955,2002-08-09,14.5260009765625,Stop loss (-3%),1,-0.07277697209853962,-0.07339186790802654,-7339.186783463469,92660.81321653652
PSKY,2004-08-13,14.101215362548828,8.025741501194446,1.405808448791504,0.19938647185361616,1.6928559282074662,Hammer,2004-08-20,14.351327896118164,2004-11-12,15.68101692199707,RSI(2) acum > 180,12,0.0926526824210161,0.09192385653407514,8517.739291929898,101178.55250846643
PSKY,2016-09-23,41.12978744506836,9.019911876543219,2.4802284240722656,0.33876159876464407,1.2339868305468933,Hammer,2016-09-30,41.68722915649414,2016-12-02,49.04712677001953,RSI(2) acum > 180,9,0.1765504151378421,0.17628938922735782,17836.70520678899,119015.25771525543
PSKY,2017-05-05,52.97040939331055,8.80788786768288,4.809581756591797,0.3040546381948647,2.256703536008497,Hammer,2017-05-12,53.067901611328125,2017-05-19,50.54124450683594,Stop loss (-3%),1,-0.0476117771340866,-0.04779571169989979,-5688.418939959203,113326.83877529623
PSX,2022-03-18,67.52737426757812,5.074200181391063,6.104557037353516,0.31039203935828447,1.1072379158748669,Hammer,2022-03-25,68.59052276611328,2022-05-13,80.82535552978516,RSI(2) acum > 180,7,0.17837497470884434,0.17821619065947317,17821.6190481257,117821.61904812569
PTC,1997-04-04,56.40625,0.5021413325484758,7.65625,0.30612244897959184,1.3154976601122788,Hammer,1997-04-11,53.4375,1997-04-25,51.40625,Stop loss (-3%),2,-0.03801169590643272,-0.038195256584179195,-3819.525654598394,96180.4743454016
PTC,2005-11-18,15.075000762939453,3.9117550721365717,1.3999996185302734,0.3571422732604635,1.1880751226992892,Hammer,2005-11-25,15.149999618530273,2005-12-16,14.475000381469727,Stop loss (-3%),3,-0.04455440620836326,-0.04519955488636149,-4347.314624823948,91833.15972057766
PTC,2021-10-08,120.04000091552734,6.373824792081933,8.294998168945312,0.3562389973897256,1.0092817780404901,Hammer,2021-10-15,119.83000183105469,2021-12-03,107.87000274658203,Stop loss (-3%),7,-0.09980805225501677,-0.09988733593335405,-9172.969665657729,82660.19005491993
PVH,2015-10-02,99.83727264404297,2.009224106773175,8.14013671875,0.3748491017335493,1.2793817326969523,Hammer,2015-10-09,100.22114562988281,2015-10-30,87.24810791015625,Stop loss (-3%),3,-0.12944411718896187,-0.12953743395132242,-12953.743382178498,87046.2566178215
PVN-200509,1999-05-28,47.67380142211914,2.330109932808341,12.113189697265625,0.39763998236442655,1.9419758049822506,Hammer,1999-06-04,47.70487976074219,1999-06-11,38.785465240478516,Stop loss (-3%),1,-0.18697069492676366,-0.18716070057278136,-18716.070038562066,81283.92996143794
PWR,2014-10-17,30.87242317199707,1.802216006655712,2.9911346435546875,0.3409836400087743,1.8674685140338527,Hammer,2014-10-24,30.627248764038086,2014-12-12,29.303302764892578,Stop loss (-3%),7,-0.04322771559879901,-0.04354711302526194,-4354.711298171482,95645.28870182851
PX-201810,1996-07-19,12.908318519592285,8.575889548011773,0.8409318923950195,0.24999971648289088,1.1326454821671,Hammer,1996-07-26,12.78217887878418,1996-08-02,12.319665908813477,Stop loss (-3%),1,-0.0361842041452245,-0.03695208884225997,-3695.2088805307885,96304.79111946921
PX-201810,2008-10-03,58.219669342041016,3.6976532132293016,5.297794342041016,0.2779465504019701,1.073888247616215,Hammer,2008-10-10,57.08328628540039,2008-10-17,50.713134765625,Stop loss (-3%),1,-0.11159398721241143,-0.11175938068764613,-10762.963802002036,85541.82731746719
PX-201810,2010-05-21,63.91990280151367,5.77898421889941,5.977470397949219,0.3897366744992527,1.733005580166005,Hammer,2010-05-28,63.34785842895508,2010-08-06,73.16288757324219,RSI(2) acum > 180,10,0.15493861020250144,0.15476853590249012,13239.183359108847,98781.01067657604
PXD-202405,2011-08-12,59.920814514160156,8.574984559841468,6.961788177490234,0.3795788581971089,1.2608022728263233,Hammer,2011-08-19,60.18351745605469,2011-08-26,57.17009353637695,Stop loss (-3%),1,-0.050070584888596836,-0.05023257005599478,-5023.257000576221,94976.74299942378
PXD-202405,2017-05-05,131.52561950683594,5.475354767794997,8.832473754882812,0.360842712643281,1.0613348438654422,Hammer,2017-05-12,131.5333709716797,2017-06-23,123.22045135498047,Stop loss (-3%),6,-0.06320008036963531,-0.06327370146990152,-6009.530077119571,88967.2129223042
PXD-202405,2019-08-09,98.26094055175781,1.5721085407041357,10.198356628417969,0.28445918700938644,1.1544230313071657,Hammer,2019-08-16,97.65348052978516,2019-08-30,95.36380767822266,Stop loss (-3%),2,-0.023446914939853403,-0.023548112146401092,-2095.009905152154,86872.20301715206
PZE-199908,1995-07-07,22.30498504638672,6.859124010365875,0.8371829986572266,0.3571430198781113,1.2382359875558406,Hammer,1995-07-14,22.30498504638672,1995-08-18,21.168806076049805,Stop loss (-3%),5,-0.05093834261596908,-0.051375156368495566,-5137.51563171204,94862.48436828797
Q-201103,2007-08-03,6.784560203552246,2.6695763101161702,0.5620818138122559,0.2676066852679613,1.4354130766758106,Hammer,2007-08-10,6.776644229888916,2007-11-02,6.562894344329834,Stop loss (-3%),12,-0.03154214361974639,-0.03299345674503885,-3299.345671204538,96700.65432879547
QCOM,2006-05-26,28.961942672729492,5.784277896167239,1.8594284057617188,0.3469230958603966,1.1502068989988061,Hammer,2006-06-02,28.697681427001953,2006-06-16,27.225358963012695,Stop loss (-3%),2,-0.051304579003512596,-0.051644041263502624,-5164.4041211858585,94835.59587881413
QCOM,2008-10-03,26.480365753173828,3.5804781912541728,9.524377822875977,0.31972795927199205,2.9307442034968116,Hammer,2008-10-10,25.787094116210938,2008-10-31,22.18467903137207,Stop loss (-3%),3,-0.1396983727055242,-0.14005900678566374,-13282.579353430716,81553.0165253834
QEP-202103,2011-08-12,34.63240051269531,8.102545215093585,3.6622962951660156,0.37466941791512726,1.1677403801230575,Hammer,2011-08-19,35.02858352661133,2011-08-26,33.59751892089844,Stop loss (-3%),1,-0.040854195677815675,-0.04113380535617396,-4113.380531504015,95886.61946849599
QTRN-200309,2003-07-18,14.119999885559082,2.740163855370241,0.46000003814697266,0.17391286319957708,1.2026179646015436,Hammer,2003-07-25,13.989999771118164,2003-09-05,14.229999542236328,RSI(2) acum > 180,6,0.01715509471369936,0.016434424785973928,1643.4424769539505,101643.44247695396
R,2003-03-14,12.239158630371094,7.930268220495861,1.0797595977783203,0.31937184797873186,1.471959060710368,Hammer,2003-03-21,12.227851867675781,2003-04-11,11.815169334411621,Stop loss (-3%),3,-0.03374938932283622,-0.03455306561678078,-3455.306558222771,96544.69344177724
R,2003-07-03,14.210688591003418,6.742329092437146,1.6434125900268555,0.3460208455801068,1.997011753799117,Hammer,2003-07-11,14.176569938659668,2003-08-01,16.14980125427246,RSI(2) acum > 180,3,0.13918961527017681,0.13843540060123583,13365.203299170735,109909.89674094798
R,2011-08-12,30.63218879699707,4.290985124705287,3.7188186645507812,0.1907308286472192,1.4970185084765077,Hammer,2011-08-19,30.890714645385742,2011-08-26,28.051679611206055,Stop loss (-3%),1,-0.09190577384728016,-0.09221456978355383,-10135.29383278605,99774.60290816193
RADCQ-202409,1999-11-12,137.5,1.9257567242817828,76.25,0.3770491803278688,1.3056978815671276,Hammer,1999-11-19,148.75,1999-12-23,258.75,RSI(2) acum > 180,5,0.7394957983193278,0.7394037175220999,73940.37167826961,173940.3716782696
RAI-201707,2011-08-12,13.062189102172852,2.2549232227113407,0.9941539764404297,0.289574711783632,1.7568703618539683,Hammer,2011-08-19,13.158149719238281,2011-09-16,14.123709678649902,RSI(2) acum > 180,4,0.07338113488706499,0.07259356459457765,7259.356452198408,107259.35645219841
RBD-199903,1993-01-15,27.98934555053711,7.5025992521403,2.3324451446533203,0.1904760347149704,1.7163362345838613,Hammer,1993-01-22,27.767208099365234,1993-03-26,30.188508987426758,RSI(2) acum > 180,9,0.08720001230937124,0.0868242409618353,8682.424087501106,108682.4240875011
RBK-200601,1990-07-27,14.602954864501953,0.4179573724816805,1.3907575607299805,0.16666700952811977,1.1086696120103972,Hammer,1990-08-03,14.487058639526367,1990-08-10,12.51681900024414,Stop loss (-3%),1,-0.13599997682805265,-0.1366430876757027,-13664.308753905963,86335.69124609404
RBK-200601,1990-09-28,8.858753204345703,2.5920115113126343,1.8650012016296387,0.312500207737234,1.2507065082757443,Hammer,1990-10-05,9.208440780639648,1990-12-21,11.966583251953125,RSI(2) acum > 180,11,0.29952328923180493,0.2982753714647183,25751.810351340115,112087.50159743415
RBK-200601,1995-12-15,25.093202590942383,0.581051333502387,1.9489860534667969,0.312500122329546,1.1139110616406136,Hammer,1995-12-22,24.971391677856445,1996-03-15,28.816991806030273,RSI(2) acum > 180,12,0.1540002326575951,0.15356902540787712,17213.168363508667,129300.6699609428
RBK-200601,1997-04-04,44.27832794189453,7.445348981174092,4.415565490722656,0.3333333333333333,1.6701403982886511,Hammer,1997-04-11,44.15567398071289,1997-04-25,38.75886917114258,Stop loss (-3%),2,-0.1222222270217781,-0.12243483448490224,-15830.906109624095,113469.76385131871
RCL,2022-03-11,66.54689025878906,6.659804042333079,9.258026123046875,0.27941239488803987,1.0262684985324064,Hammer,2022-03-18,66.24542236328125,2022-05-20,59.86594772338867,Stop loss (-3%),9,-0.096300610854413,-0.09644428536404163,-9644.428526759737,90355.57147324026
RDC-201904,2002-07-26,16.983064651489258,2.279235295426858,2.638949394226074,0.26480852606247823,1.2117653956277854,Hammer,2002-08-02,17.452007293701172,2002-08-09,16.376197814941406,Stop loss (-3%),1,-0.061643882027716645,-0.06219906198650368,-6219.906192430462,93780.09380756953
REG,2022-05-13,57.05509948730469,4.676178400458852,3.8700637817382812,0.11509156108244933,1.1544449348002492,Hammer,2022-05-20,57.1307373046875,2022-05-27,53.71868896484375,Stop loss (-3%),1,-0.05972351313526281,-0.05989330848388302,-5989.330842398971,94010.66915760103
REG,2024-02-16,55.026947021484375,7.230516938221612,2.732799530029297,0.3211909205499262,1.1242703342440081,Hammer,2024-02-23,54.93645477294922,2024-05-24,55.701759338378906,RSI(2) acum > 180,13,0.013930723571309311,0.013747443866403947,1292.4063957947865,95303.07555339583
REGN,2016-02-12,375.9052429199219,5.143397358400733,43.024658203125,0.3372522399832037,1.019046408622515,Hammer,2016-02-19,383.2347106933594,2016-03-24,360.87933349609375,Stop loss (-3%),5,-0.0583333831030588,-0.058358715376342615,-5835.87153179839,94164.1284682016
REGN,2017-12-01,370.4106140136719,0.6126585152795769,30.611358642578125,0.3411725766718873,1.120454196025424,Hammer,2017-12-08,372.4239807128906,2018-02-09,343.492919921875,Stop loss (-3%),9,-0.07768313075768118,-0.07770893858909073,-7317.394469113335,86846.73399908826
RF,2005-01-21,16.567899703979492,2.709914126984259,0.8770360946655273,0.33333514563866906,1.6351687865150768,Hammer,2005-01-28,16.567899703979492,2005-07-22,17.675756454467773,RSI(2) acum > 180,25,0.06686766399377597,0.0662440954870839,6624.40954208398,106624.40954208399
RF,2006-06-16,18.099628448486328,2.4477056703922955,0.7610759735107422,0.3309859331416986,1.264411910963366,Hammer,2006-06-23,18.115705490112305,2006-07-28,19.251956939697266,RSI(2) acum > 180,5,0.0627218989735252,0.06215273738649454,6626.998918632191,113251.40846071618
RF,2008-01-11,11.852827072143555,5.964212896996742,1.5865535736083984,0.32116851063522844,1.2746414320726585,Hammer,2008-01-18,11.974425315856934,2008-01-25,10.393662452697754,Stop loss (-3%),1,-0.1320115848119977,-0.13279125009891066,-15038.796089922052,98212.61237079412
RF,2016-01-15,5.626267433166504,4.554333234732823,1.2487568855285645,0.38461520837716645,2.7881068202875676,Hammer,2016-01-22,5.701742172241211,2016-01-29,5.399844169616699,Stop loss (-3%),1,-0.05294837849636458,-0.054654300686939876,-5367.741642395511,92844.8707283986
RF,2016-02-12,5.2145891189575195,9.937665299776356,0.5420427322387695,0.24050667431422676,1.1521716768699188,Hammer,2016-02-19,5.324370384216309,2016-05-06,6.532619953155518,RSI(2) acum > 180,11,0.22692815896523144,0.22483886135743092,20875.134996575878,113720.00572497449
RHI,2001-06-29,15.216012954711914,3.3403343127000937,2.078523635864258,0.32647087162593086,1.330807741725137,Hammer,2001-07-06,15.393299102783203,2001-07-20,14.892008781433105,Stop loss (-3%),2,-0.032565489568084915,-0.03320433756593814,-3320.43375327338,96679.56624672662
RHI,2006-06-09,24.898046493530273,7.355084474992367,2.2640247344970703,0.3443527006295698,1.7511004733417561,Hammer,2006-06-16,24.954179763793945,2006-07-21,21.829450607299805,Stop loss (-3%),5,-0.12521866821797178,-0.125594237717756,-12142.396413498525,84537.16983322811
RHI,2008-10-10,12.696272850036621,6.239130678547241,3.6109838485717773,0.3345195992701229,2.07360456864827,Hammer,2008-10-17,12.18225383758545,2008-10-31,9.926995277404785,Stop loss (-3%),2,-0.18512654474680212,-0.1858711232545771,-15713.01869795204,68824.15113527607
RHI,2014-10-17,34.15642166137695,2.674637594750706,1.8504104614257812,0.30588116452335107,1.3868177796842884,Hammer,2014-10-24,33.96049499511719,2014-11-14,40.5349006652832,RSI(2) acum > 180,3,0.19358980695397054,0.193266892506931,13301.429806040745,82125.5809413168
RHT-201907,2011-08-12,37.41999816894531,5.983551220769996,4.150001525878906,0.37590380715839167,1.325718685521229,Hammer,2011-08-19,37.72999954223633,2011-08-26,32.77000045776367,Stop loss (-3%),1,-0.13146035368805808,-0.13170794076490694,-13170.7940633199,86829.20593668011
RHT-201907,2016-01-22,72.45999908447266,4.959125112998763,6.279998779296875,0.324840973258238,1.485024342232186,Hammer,2016-01-29,72.2699966430664,2016-02-05,69.37999725341797,Stop loss (-3%),1,-0.03998892381193575,-0.040124517804825705,-3483.980016101219,83345.2259205789
RHT-201907,2018-10-12,122.51000213623047,5.161710178065022,10.264297485351562,0.3955455855004081,1.117695661692558,Hammer,2018-10-19,122.55000305175781,2018-11-02,174.16000366210938,Stop loss (-3%),2,0.4211342254194361,0.4210354479658386,35091.29449619366,118436.52041677255
RIG,2001-07-20,30.67586898803711,2.535726747491452,5.777555465698242,0.3620438129703744,1.3427795539210976,Hammer,2001-07-27,30.996376037597656,2001-08-10,26.69483757019043,Stop loss (-3%),2,-0.13877552853887154,-0.13907571270960067,-13907.5712570525,86092.4287429475
RIG,2002-06-14,28.746685028076172,9.528019310828967,2.9635772705078125,0.2714285530400935,1.0316216629773405,Hammer,2002-06-21,29.297060012817383,2002-06-28,28.280981063842773,Stop loss (-3%),1,-0.034681942438254176,-0.03501729736836874,-3014.724175442165,83077.70456750534
RIG,2003-07-18,17.10406494140625,1.4039237773877602,2.2438507080078125,0.3584906462295907,1.3939791118245872,Hammer,2003-07-25,17.10406494140625,2003-08-01,16.071046829223633,Stop loss (-3%),1,-0.060396058815342935,-0.06096289398366678,-5064.65729089056,78013.04727661477
RIG,2016-01-22,9.770000457763672,4.192317060818354,1.8299999237060547,0.3551910631853557,1.096515802132293,Hammer,2016-01-29,9.65999984741211,2016-02-19,9.010000228881836,Stop loss (-3%),3,-0.06728774625233636,-0.06828759740818752,-5327.323559684046,72685.72371693072
RLM-200005,1993-09-24,38.029781341552734,4.824411786555302,2.7931480407714844,0.3461534784562289,1.153309756136733,Hammer,1993-10-01,38.137210845947266,1993-10-08,36.95549392700195,Stop loss (-3%),1,-0.030985929299307657,-0.03124404413154076,-3124.4044100296715,96875.59558997033
RLM-200005,1994-04-22,37.4481086730957,3.1366539487841294,3.0392684936523438,0.21428571428571427,1.117576533588089,Hammer,1994-04-29,37.23101806640625,1994-06-03,40.379417419433594,RSI(2) acum > 180,5,0.08456388024124872,0.08428396794282246,8165.059584981833,105040.65517495215
RLM-200005,1994-11-25,42.10140609741211,2.8569733324880815,4.166057586669922,0.31523193240222797,1.5264242819576355,Hammer,1994-12-02,42.10140609741211,1995-01-20,47.50184631347656,RSI(2) acum > 180,7,0.1282722055308363,0.1280194800666152,13447.250047906738,118487.90522285887
RLM-200005,1999-03-05,41.1602897644043,1.0969588980865836,5.129768371582031,0.35714317584540634,1.4605521201708451,Hammer,1999-03-12,41.28242874145508,1999-04-01,49.099220275878906,RSI(2) acum > 180,3,0.18934911953410216,0.1890839844571221,22404.165207111837,140892.0704299707
RMD,2024-06-28,187.87350463867188,4.910488076744812,14.893844604492188,0.3060958955334741,1.1581624879643184,Hammer,2024-07-05,187.37295532226562,2024-09-13,242.4327392578125,RSI(2) acum > 180,10,0.2938512862800755,0.2937900770710644,29379.00767772743,129379.00767772742
RML-200608,1994-12-09,24.04215431213379,9.586044445028435,0.9168624877929688,0.3333326399001456,1.0293972326878424,Hammer,1994-12-16,24.04215431213379,1995-01-06,25.4683837890625,RSI(2) acum > 180,3,0.05932203322598717,0.0588938490827625,5889.384902386866,105889.38490238685
RML-200608,1997-04-04,29.966548919677734,6.51336970831936,1.482442855834961,0.3571427652410428,1.3593404056171796,Hammer,1997-04-11,29.966548919677734,1997-04-25,23.719106674194336,Stop loss (-3%),2,-0.2084805381570306,-0.20877940817316556,-22107.523089633338,83781.86181275352
RML-200608,1997-04-25,22.76610565185547,0.2742415066645236,2.5413341522216797,0.375000281448914,1.5643086204314312,Hammer,1997-05-02,22.97788429260254,1997-06-13,27.447912216186523,RSI(2) acum > 180,6,0.19453609682520057,0.19405866847702513,16258.596529650466,100040.45834240399
RNB-199912,1996-07-19,28.646257400512695,3.3112399120578146,1.9917640686035156,0.3823528285155584,1.839841381497954,Hammer,1996-07-26,28.76342010498047,1996-08-16,30.813766479492188,RSI(2) acum > 180,3,0.07128312165341888,0.07092312914877406,7092.312907785094,107092.31290778509
ROK,1998-08-07,6.621345520019531,7.8899328020746395,0.5690217018127441,0.34545408836653885,1.0324408861535324,Hammer,1998-08-14,6.517886638641357,1998-08-21,6.0185112953186035,Stop loss (-3%),1,-0.0766161443131278,-0.07809047919141077,-7809.047911332029,92190.95208866797
ROK,2002-07-26,10.257601737976074,1.1604472093097797,1.066115379333496,0.2937848811569519,1.0638247899588258,Hammer,2002-08-02,10.408183097839355,2002-10-04,9.75625991821289,Stop loss (-3%),9,-0.06263563712304387,-0.06356588311251418,-5860.199278639464,86330.7528100285
ROK,2002-10-11,9.768417358398438,1.1663817801079261,0.9665079116821289,0.16981085531995932,1.0332435815241363,Hammer,2002-10-18,9.72586727142334,2002-11-22,12.234895706176758,RSI(2) acum > 180,5,0.2579747764115057,0.25681456390761,22170.994612552146,108501.74742258065
ROK,2003-03-14,12.742369651794434,9.230243662630016,1.6993951797485352,0.31999977552618064,1.643180656893946,Hammer,2003-03-21,12.742369651794434,2003-05-16,13.964201927185059,RSI(2) acum > 180,8,0.09588736701093592,0.09506528079853997,10314.749075545144,118816.49649812578
ROK,2008-09-19,26.780250549316406,2.815786914357986,5.4039306640625,0.1999999294088414,1.8270025791732614,Hammer,2008-09-26,26.53399658203125,2008-10-03,25.111186981201172,Stop loss (-3%),1,-0.05362213703583574,-0.05398883851547686,-6414.76463599727,112401.73186212851
ROK,2018-10-26,140.1977081298828,2.897495304145849,9.97686767578125,0.33362239310905967,1.3177970986551988,Hammer,2018-11-02,142.2660675048828,2018-12-21,136.50531005859375,Stop loss (-3%),7,-0.040492842371504634,-0.0405617076436923,-4559.206181877145,107842.52568025136
ROL,2026-06-05,47.099998474121094,1.243866771909552,3.4324989318847656,0.22141365556468096,1.1358496094653667,Hammer,2026-06-12,47.09000015258789,2026-06-22,44.290000915527344,Stop loss (-3%),2,-0.05946059095322953,-0.05966661488387611,-5966.66148242095,94033.33851757905
ROP,2011-08-12,66.50080871582031,5.7675782163271805,5.786659240722656,0.2104423516320377,1.5060792260524214,Hammer,2011-08-19,66.92198944091797,2011-08-26,61.7396354675293,Stop loss (-3%),1,-0.07743873152432068,-0.07758236276222161,-7758.236268463925,92241.76373153608
ROP,2012-07-13,88.6045913696289,7.754637179876227,4.87249755859375,0.3080789417644775,1.171518586595026,Hammer,2012-07-20,88.1716537475586,2012-08-17,96.1026840209961,RSI(2) acum > 180,4,0.0899498867985915,0.08983137754483933,8286.20469488328,100527.96842641935
ROP,2019-10-25,321.7209167480469,1.6823966006108009,19.1318359375,0.38310799601858,1.2210066297835076,Hammer,2019-11-01,321.58624267578125,2019-12-06,346.59521484375,RSI(2) acum > 180,5,0.07776754366069838,0.07773523918116124,7814.565662209368,108342.53408862872
ROST,2022-02-25,88.1962661743164,4.040165521770746,8.902374267578125,0.29700853235885954,1.3541048290831748,Hammer,2022-03-04,86.7410659790039,2022-03-18,84.27102661132812,Stop loss (-3%),2,-0.028476008909939732,-0.028589646569978765,-2858.964654138912,97141.03534586109
RRC,2013-04-19,70.10804748535156,5.0067586869841705,6.245231628417969,0.34472467397611706,1.6285144071911335,Hammer,2013-04-26,69.87605285644531,2013-08-02,75.02005004882812,RSI(2) acum > 180,14,0.07361602411845936,0.07346765657537287,7346.765650190522,107346.76565019051
RRD-202202,1994-04-08,18.730127334594727,1.0141035995512908,0.9239082336425781,0.36363580060859546,1.0458139242261417,Hammer,1994-04-15,18.730127334594727,1994-06-17,19.332950592041016,RSI(2) acum > 180,9,0.032184685489717424,0.03164233937986808,3164.233934822575,103164.23393482257
RRD-202202,2001-03-30,20.968421936035156,8.416623380491302,1.9992790222167969,0.3120002137000834,1.3053854779830105,Hammer,2001-04-06,20.968421936035156,2001-05-25,24.18326759338379,RSI(2) acum > 180,7,0.1533184360347013,0.15280509146875434,15764.020186950514,118928.25412177309
RRD-202202,2002-05-24,23.970773696899414,5.753002134333158,1.292337417602539,0.34193580761470993,1.1907719983064693,Hammer,2002-05-31,23.970773696899414,2002-06-28,22.928565979003906,Stop loss (-3%),4,-0.043478267788674474,-0.04388628835079384,-5219.319648225301,113708.93447354778
RRD-202202,2002-10-11,18.365053176879883,0.5768081054417706,1.759073257446289,0.239234880364669,1.2086166952044013,Hammer,2002-10-18,18.51655387878418,2002-11-08,17.338228225708008,Stop loss (-3%),3,-0.06363633647977385,-0.06415906898812417,-7295.459364158984,106413.4751093888
RRD-202202,2005-11-18,31.736600875854492,5.16469298826749,1.6518611907958984,0.3390804929501842,1.2986307549678573,Hammer,2005-11-25,31.869508743286133,2006-02-10,30.473970413208008,Stop loss (-3%),11,-0.04378913843069887,-0.04409599976577454,-4692.408568806455,101721.06654058234
RRD-202202,2011-08-12,18.59114646911621,1.8330349396059944,2.350605010986328,0.37967890139030214,1.5263782559609425,Hammer,2011-08-19,18.666566848754883,2011-08-26,17.660961151123047,Stop loss (-3%),1,-0.0538720218763159,-0.05439316934987504,-5532.931193258872,96188.13534732346
RSG,2014-10-17,31.093238830566406,3.614550601129352,1.1721000671386719,0.2916659886284861,1.6078822038174154,Hammer,2014-10-24,30.99556541442871,2015-07-31,34.193668365478516,RSI(2) acum > 180,40,0.10317937125163912,0.10284015495943032,10284.015485659016,110284.01548565902
RSG,2022-01-28,120.05562591552734,6.882157302398582,5.282905578613281,0.23698481170236887,1.1325830177762164,Hammer,2022-02-04,119.1925277709961,2022-02-18,113.98550415039062,Stop loss (-3%),2,-0.04368582257614073,-0.04376788443656716,-4826.8980401500085,105457.11744550901
RSHCQ-201510,1992-04-10,4.996559143066406,5.420886996953541,0.3843507766723633,0.2941174281240928,1.19181862400311,Hammer,1992-04-16,4.973950386047363,1992-06-26,4.566990852355957,Stop loss (-3%),10,-0.08181817310300998,-0.0837444644678248,-8374.446438408031,91625.55356159198
RSHCQ-201510,1996-06-28,9.219616889953613,3.500900327204377,0.6887474060058594,0.25829267076892404,1.0772251283180123,Hammer,1996-07-05,9.195290565490723,1996-07-12,8.635788917541504,Stop loss (-3%),1,-0.06084654356100383,-0.06190039802496644,-5671.658229048766,85953.89533254322
RSHCQ-201510,1998-06-05,17.672637939453125,7.891436276970268,1.6949787139892578,0.3382351120848651,1.4557727267142493,Hammer,1998-06-12,17.672637939453125,1998-06-26,17.99667739868164,Stop loss (-3%),2,0.018335658792913767,0.017764786240340367,1526.9525755802674,87480.8479081235
RSHCQ-201510,2008-10-10,13.060147285461426,6.121104439694449,3.1389570236206055,0.36565084833818684,1.6962925537607834,Hammer,2008-10-17,13.529685974121094,2008-10-24,12.460179328918457,Stop loss (-3%),1,-0.07904888903174367,-0.07975852910564009,-6977.343747088798,80503.5041610347
RTN-202004,1996-07-19,26.498130798339844,1.9800355511137298,2.1312179565429688,0.1999996420171617,1.623323994231363,Hammer,1996-07-26,26.42708969116211,1996-10-04,30.76056480407715,RSI(2) acum > 180,10,0.16397852217394426,0.16356917532557574,16356.917516200658,116356.91751620066
RTN-202004,2002-10-11,18.577896118164062,2.8023333771285337,2.2410411834716797,0.3333330496335592,1.0105238361833437,Hammer,2002-10-18,18.577896118164062,2003-01-10,20.727638244628906,RSI(2) acum > 180,12,0.11571504721479142,0.11514578313621031,13398.008377320344,129754.925893521
RTN-202004,2011-08-12,32.72495651245117,4.1601552280818055,1.9991474151611328,0.240964614088533,1.1376975978918202,Hammer,2011-08-19,32.90961837768555,2011-09-30,31.865886688232422,Stop loss (-3%),6,-0.03171509549198637,-0.03201409408311718,-4153.986401149092,125600.93949237191
RTN-202004,2012-10-05,46.66604995727539,9.876377020973194,2.018718719482422,0.22916505257986186,1.430490201213722,Hammer,2012-10-12,46.581939697265625,2012-12-28,49.610015869140625,RSI(2) acum > 180,11,0.06500536885227115,0.06478373963791714,8136.8985542147075,133737.83804658664
RTN-202004,2014-07-03,83.11389923095703,7.722018704754248,3.0938034057617188,0.17867332822044285,1.0022601394412571,Hammer,2014-07-11,83.17630767822266,2014-09-19,90.0147933959961,RSI(2) acum > 180,10,0.0822167502821709,0.08209158894434133,10978.751616246533,144716.5896628332
RTN-202004,2020-03-20,124.13999938964844,0.3392762014899944,34.529998779296875,0.38777873915468164,2.0526102424405757,Hammer,2020-03-27,120.3499984741211,2020-04-02,116.95999908447266,End of data,1,-0.028167839074608625,-0.02824975641023769,-4088.208402407151,140628.38126042605
RTX,1996-07-19,4.337331771850586,8.09847604412235,0.32128381729125977,0.18750009276011048,1.515536529723101,Hammer,1996-07-26,4.317251682281494,1996-10-04,4.892656326293945,RSI(2) acum > 180,10,0.13328031033585064,0.13081252216992667,13081.252203911416,113081.25220391141
RTX,2003-02-14,10.964110374450684,9.693086563196118,0.9819440841674805,0.38719245408359987,1.3753844281653647,Hammer,2003-02-21,11.026054382324219,2003-03-07,10.369446754455566,Stop loss (-3%),2,-0.05955055227382655,-0.06043009169973829,-6833.510433370089,106247.74177054132
RTX,2011-03-18,33.12153625488281,5.4645121979373386,1.7271442413330078,0.25598081104690007,1.5414203715843942,Hammer,2011-03-25,33.59257507324219,2011-07-15,37.121673583984375,RSI(2) acum > 180,16,0.10505590902298101,0.10474263404637409,11128.668323396796,117376.41009393813
RTX,2011-08-12,30.100337982177734,1.3860796556957098,2.5841808319091797,0.2266877267309048,1.5021055247564647,Hammer,2011-08-19,30.416091918945312,2011-08-26,28.86627960205078,Stop loss (-3%),1,-0.05095369651776982,-0.051274041084735954,-6018.362867517037,111358.0472264211
RVTY,1990-10-19,4.852907657623291,3.8881479961975742,0.7182302474975586,0.29729763822184807,2.558760819649504,Hammer,1990-10-26,4.814084529876709,1990-11-30,5.415844917297363,RSI(2) acum > 180,5,0.12499996285608761,0.12279518729168122,12279.518716888604,112279.51871688862
RVTY,1995-01-13,4.781580448150635,6.836606171233271,0.3441781997680664,0.35724874410150265,1.3352334582210603,Hammer,1995-01-20,4.781580448150635,1995-03-31,5.263368606567383,RSI(2) acum > 180,10,0.10075918697615727,0.09856476111229476,11066.803929066751,123346.32264595537
RVTY,1998-09-04,9.02602767944336,6.8891673889752525,2.274463176727295,0.21052622751653863,2.462460059455436,Hammer,1998-09-11,9.02602767944336,1998-09-25,8.37960147857666,Stop loss (-3%),2,-0.07161801667625334,-0.07268565928115492,-8965.508772461806,114380.81387349358
RX-201002,1999-09-24,22.335988998413086,1.0805347273579002,3.3736648559570312,0.3620687120782102,1.4071196922441702,Hammer,1999-10-01,22.103322982788086,1999-10-08,21.230823516845703,Stop loss (-3%),1,-0.03947367853339523,-0.039917069541160206,-3991.706950124313,96008.29304987569
RX-201002,2002-07-26,13.809425354003906,0.7201753511662474,1.639388084411621,0.16470634773356727,1.1105204796693486,Hammer,2002-08-02,13.819069862365723,2002-08-30,17.49322509765625,RSI(2) acum > 180,4,0.2658757262163185,0.2650561861862204,25447.59197260147,121455.88502247716
RYAN-200610,1994-07-29,4.083333492279053,6.14125497442906,0.75,0.3333333333333333,1.963653136456198,Hammer,1994-08-05,4.25,1994-09-30,4.1666669845581055,Stop loss (-3%),8,-0.01960776833926925,-0.021934903746626235,-2193.490372469133,97806.50962753088
RYC-199908,1993-07-02,18.681285858154297,4.560000089366284,1.7848377227783203,0.20000021372796065,1.511075949877171,Hammer,1993-07-09,18.62179183959961,1993-07-23,17.907855987548828,Stop loss (-3%),2,-0.03833873013941558,-0.03886529995528976,-3886.5299916424465,96113.47000835756
RYC-199908,1996-06-21,34.4251594543457,4.781157851339202,2.315319061279297,0.2368427556277566,1.307901868978089,Hammer,1996-06-28,34.97352600097656,1996-07-19,32.29262924194336,Stop loss (-3%),3,-0.07665503212225,-0.0769299643718,-7394.005815999008,88719.46419235856
RYC-199908,1996-07-19,31.01310920715332,4.2697947970635255,3.6557674407958984,0.38333311594297415,1.85572587087791,Hammer,1996-07-26,30.952180862426758,1996-10-11,37.03749084472656,RSI(2) acum > 180,11,0.19660359343812317,0.19624881249033596,17411.089475118162,106130.5536674767
RYI-200710,1994-10-28,30.27770233154297,9.973588206280368,2.011455535888672,0.2631573457540523,1.0112558314348543,Hammer,1994-11-04,30.48943328857422,1994-11-18,27.736915588378906,Stop loss (-3%),2,-0.09027775866292687,-0.09059088503311787,-9059.088494252697,90940.91150574731
S-200503,1997-10-31,35.254940032958984,0.41987581489156867,3.7885894775390625,0.3055552199251679,1.2641258554654153,Hammer,1997-11-07,36.25470733642578,1998-02-20,46.53517150878906,RSI(2) acum > 180,15,0.2835621889584061,0.28324729918726554,28324.729890401824,128324.72989040184
S-200503,2002-04-05,46.55522155761719,7.720939395134224,2.6164016723632812,0.21352318355849617,1.117412970115469,Hammer,2002-04-12,45.7637825012207,2002-05-31,53.49195098876953,RSI(2) acum > 180,7,0.16887084207566727,0.16863390428493424,21639.900196088165,149964.63008649
S-200503,2002-10-11,30.74527359008789,0.6921147951589433,9.255531311035156,0.3837562987319693,2.103434299342117,Hammer,2002-10-18,30.162689208984375,2002-10-25,22.880420684814453,Stop loss (-3%),1,-0.24143299934943463,-0.2417244646632787,-36250.119889833295,113714.51019665672
S-202003,1999-12-17,52.35655212402344,5.409466850622039,4.702396392822266,0.32989725846816553,1.2539619038495062,Hammer,1999-12-23,51.968727111816406,2000-01-14,50.2235107421875,Stop loss (-3%),3,-0.03358204956365163,-0.03377122379260444,-3377.122375883322,96622.87762411666
S-202003,2002-06-28,8.672954559326172,2.168410083251331,2.247938632965088,0.3418184240228973,1.3824412446874843,Hammer,2002-07-05,8.583037376403809,2002-08-02,5.852813720703125,Stop loss (-3%),4,-0.31809527746046184,-0.31907449113223774,-30829.895478817605,65792.98214529904
S-202003,2003-04-25,9.266085624694824,3.2953515581710207,1.061387062072754,0.3809523381658573,1.043111427432143,Hammer,2003-05-02,9.19869613647461,2003-06-06,11.45625114440918,RSI(2) acum > 180,5,0.2454211960522239,0.24420134852425457,16066.734947247493,81859.71709254655
S-202003,2005-09-23,21.853214263916016,7.406736328629961,1.6865348815917969,0.32978636780023296,1.5556613677082909,Hammer,2005-09-30,21.978805541992188,2005-10-14,20.965089797973633,Stop loss (-3%),2,-0.046122421988846196,-0.04656681219560076,-3811.9460684216783,78047.77102412486
S-202003,2006-04-28,22.292875289916992,9.804690804340012,1.2584686279296875,0.38571536829342223,1.2026403412209155,Hammer,2006-05-05,22.472658157348633,2006-06-02,21.228818893432617,Stop loss (-3%),4,-0.05534900478647986,-0.05578157898562479,-4353.62789968055,73694.14312444431
S-202003,2007-11-02,17.122230529785156,5.40135662172959,1.247976303100586,0.29600075806320963,1.0462728923221634,Hammer,2007-11-09,16.95250701904297,2007-11-16,16.22368812561035,Stop loss (-3%),1,-0.042991806026915436,-0.04356883901642719,-3210.7682550316904,70483.37486941261
S-202003,2008-09-19,7.150000095367432,4.141282633569006,1.820000171661377,0.2747252488133437,1.5536243960255383,Hammer,2008-09-26,7.010000228881836,2008-10-10,5.5,Stop loss (-3%),2,-0.21540658767178045,-0.21667857153072656,-15272.236968096797,55211.13790131582
SAF-200809,1998-05-08,36.259159088134766,2.9381346192203495,3.733245849609375,0.26249989781821453,1.9365242440067405,Hammer,1998-05-15,36.11915969848633,1998-06-05,34.90585708618164,Stop loss (-3%),3,-0.0335916622211877,-0.03386383579618443,-3386.3835762320596,96613.61642376795
SAF-200809,2007-01-19,57.692543029785156,3.26672969169681,3.4089317321777344,0.2535207484968628,1.7919426072212292,Hammer,2007-01-26,57.62532043457031,2007-02-16,65.66271209716797,RSI(2) acum > 180,3,0.139476736996605,0.13929111623995605,13457.418462188172,110071.03488595612
SAF-200809,2008-07-18,65.30000305175781,1.5690635353975324,7.560001373291016,0.1931215369392308,2.8713013440465893,Hammer,2008-07-25,65.23999786376953,2008-09-22,68.20999908447266,End of data,9,0.045524238472614886,0.045367481303065726,4993.645612204064,115064.68049816017
SANM,2006-06-16,27.239999771118164,8.71099621435755,2.579998016357422,0.27906971586397783,1.0166015563213107,Hammer,2006-06-23,27.239999771118164,2006-07-21,25.80000114440918,Stop loss (-3%),4,-0.05286338615302688,-0.053220724495879765,-5322.072444265905,94677.92755573409
SB-199711,1993-04-30,34.093814849853516,7.626522878896452,1.6346359252929688,0.3571421903806212,1.0097253690138535,Hammer,1993-05-07,33.977054595947266,1993-05-28,33.15974044799805,Stop loss (-3%),3,-0.024054885206168164,-0.024345618821055286,-2434.561879670967,97565.43812032902
SBUX,2020-03-13,60.746856689453125,2.6261688044018,11.720176696777344,0.37286866768173405,2.5251440654334747,Hammer,2020-03-20,52.6756591796875,2020-03-27,49.721717834472656,Stop loss (-3%),1,-0.05607791893288594,-0.05626241947932335,-5626.241942306093,94373.75805769392
SBUX,2022-02-25,83.48397827148438,4.602637743339912,6.122886657714844,0.2150225721117603,1.1990429813625958,Hammer,2022-03-04,82.32072448730469,2022-03-18,74.22752380371094,Stop loss (-3%),2,-0.09831304005155916,-0.09842853778764285,-9289.071001854518,85084.68705583941
SBUX,2024-07-12,71.13301849365234,4.005374154139801,4.154090881347656,0.37070810031497653,1.09002935155481,Hammer,2024-07-19,71.19004821777344,2024-08-30,90.08724212646484,RSI(2) acum > 180,6,0.2654471289425746,0.2652880274891973,22571.94877600733,107656.63583184675
SCG-201812,2014-08-08,42.84981155395508,4.57266989360339,2.091278076171875,0.3183672129233733,1.5481325079004475,Hammer,2014-08-15,42.89249038696289,2014-11-07,47.337467193603516,RSI(2) acum > 180,12,0.10363065344398059,0.1033854607025792,10338.546059919376,110338.54605991938
SCHW,2000-09-22,24.445940017700195,9.219449672038564,3.8267135620117188,0.32941185266410805,1.2290585364369986,Hammer,2000-09-29,24.806100845336914,2000-10-13,22.329994201660156,Stop loss (-3%),2,-0.09981845430343883,-0.10020138401654216,-10020.138391634078,89979.86160836591
SCHW,2003-02-21,5.862163066864014,2.4662616124931986,1.1477346420288086,0.33544317470816054,1.2751591212651427,Hammer,2003-02-28,5.883955955505371,2003-03-14,5.18659782409668,Stop loss (-3%),2,-0.11851858455130049,-0.12011605057894986,-10808.025597229363,79171.83601113656
SCHW,2004-03-19,8.254729270935059,1.1718447244709438,1.3429441452026367,0.23369543218582298,1.9667024652240903,Hammer,2004-03-26,8.247430801391602,2004-04-30,7.984679698944092,Stop loss (-3%),5,-0.03185853980165254,-0.0330510014578389,-2616.7084648071486,76555.12754632942
SCHW,2006-06-16,11.522956848144531,5.595146873875848,1.5368900299072266,0.3719806943146519,1.7410739203439722,Hammer,2006-06-23,11.604626655578613,2006-07-21,10.691402435302734,Stop loss (-3%),4,-0.07869483847951897,-0.07952230055841232,-6087.839855938959,70467.28769039045
SCHW,2014-10-17,22.410232543945312,3.841497311052464,2.697206497192383,0.199356769932813,1.924663142522012,Hammer,2014-10-24,22.323505401611328,2015-06-05,27.689584732055664,RSI(2) acum > 180,32,0.24037798875695437,0.2398763031428793,16903.432446773157,87370.7201371636
SCHW,2024-01-19,61.658477783203125,9.587603884704862,5.036701202392578,0.21113257862930865,1.2842115452757885,Hammer,2024-01-26,61.72615051269531,2024-03-15,65.22591400146484,RSI(2) acum > 180,7,0.05669823016178088,0.056531645041215293,4939.210532850284,92309.9306700139
SCI,1994-04-22,7.732211112976074,2.9635643555560733,0.6040792465209961,0.20000063148954175,1.5155437477034222,Hammer,1994-04-29,7.732211112976074,1995-01-06,8.973306655883789,RSI(2) acum > 180,36,0.1605097849468864,0.15911360371737104,15911.36035582575,115911.36035582575
SCI,1996-07-19,17.916793823242188,9.316038680874144,2.405496597290039,0.27586223301640617,2.675035333623979,Hammer,1996-07-26,17.916793823242188,1996-09-27,20.15639305114746,RSI(2) acum > 180,9,0.125,0.12440714639925049,14420.201562703289,130331.56191852904
SCI,1997-10-31,20.41695213317871,8.006522513701015,2.641206741333008,0.3492059594743611,1.9365673006917854,Hammer,1997-11-07,20.41695213317871,1997-11-28,24.23202896118164,RSI(2) acum > 180,3,0.1868582932025007,0.18632287467861477,24283.751253730457,154615.31317225948
SE-201702,2007-08-10,15.667608261108398,4.46977100310697,1.9354887008666992,0.37966166167448545,1.982654769320576,Hammer,2007-08-17,15.87756061553955,2007-08-24,14.903276443481445,Stop loss (-3%),1,-0.061362333651213574,-0.06197263752893074,-6197.2637466958095,93802.7362533042
SEE-202604,1999-03-05,17.129343032836914,8.103789853372746,1.4061393737792969,0.15151474047166255,1.196595129308109,Hammer,1999-03-12,17.214563369750977,1999-04-09,16.70323944091797,Stop loss (-3%),4,-0.02970298565524432,-0.030275095694284482,-3027.5095664009386,96972.49043359906
SEE-202604,2002-07-05,13.720519065856934,1.034963638805948,1.0090112686157227,0.14526972425037216,1.280283161800382,Hammer,2002-07-12,13.703474998474121,2002-07-19,12.646738052368164,Stop loss (-3%),1,-0.07711452359519211,-0.07781587275205265,-7545.998968484588,89426.49146511446
SEE-202604,2004-07-30,16.171463012695312,1.4723062820784776,0.9612874984741211,0.27659593465365984,1.3328780092102308,Hammer,2004-08-06,16.1544189453125,2004-09-10,17.020261764526367,RSI(2) acum > 180,5,0.05359789306845397,0.05296247483342393,4736.248298926277,94162.73976404073
SEE-202604,2011-03-18,19.585742950439453,4.372516843315111,0.9023227691650391,0.3361355550999097,1.058476924735137,Hammer,2011-03-25,19.81321907043457,2011-06-10,17.376192092895508,Stop loss (-3%),11,-0.12300005208015952,-0.1234736062227515,-11626.613038853979,82536.12672518674
SEE-202604,2016-01-29,34.0156135559082,9.239717367746678,2.4422740936279297,0.1374573881940404,1.103496712533551,Hammer,2016-02-05,33.78062057495117,2016-02-26,36.75163650512695,RSI(2) acum > 180,3,0.08795030640671042,0.0876413065613804,7233.573977477459,89769.7007026642
SEE-202604,2020-03-20,21.485713958740234,0.8260766919117941,7.263280868530273,0.3201971297128111,2.6244878426201823,Hammer,2020-03-27,20.626998901367188,2020-06-12,31.726577758789062,RSI(2) acum > 180,11,0.5381092475205485,0.5374941570342476,48250.6895581445,138020.3902608087
SEE-202604,2023-06-02,37.12461471557617,2.35928997197243,2.934825897216797,0.2420377280992842,1.0414974628302158,Hammer,2023-06-09,37.20873260498047,2023-06-30,35.87252426147461,Stop loss (-3%),3,-0.03591114907598347,-0.036175042095231605,-4992.893422692156,133027.49683811655
SFA-200602,1995-10-13,6.914916038513184,1.0202436627112945,1.7746243476867676,0.3448275862068966,1.9225483352453474,Hammer,1995-10-20,6.853722095489502,1995-10-27,5.874619007110596,Stop loss (-3%),1,-0.14285713291807722,-0.14421098779164263,-14421.098764743165,85578.90123525682
SFA-200602,1997-10-31,9.152169227600098,6.569090802268647,1.6948461532592773,0.16363610786782393,1.6341049662105174,Hammer,1997-11-07,9.491138458251953,1997-12-26,8.6039457321167,Stop loss (-3%),7,-0.09347590176222698,-0.09447974353781796,-8085.472632869843,77493.428602387
SFS-200008,1992-11-13,4.598928451538086,3.8842026508559258,0.40578794479370117,0.3333341167263416,1.2953686252918761,Hammer,1992-11-20,4.598928451538086,1992-12-04,4.3960347175598145,Stop loss (-3%),2,-0.04411761046432783,-0.046241755539695104,-4624.175549345335,95375.82445065466
SFX-199509,1990-09-14,3.9118504524230957,6.832614903047457,0.315471887588501,0.2,1.0431962870331934,Hammer,1990-09-21,3.9118504524230957,1990-10-05,3.501737117767334,Stop loss (-3%),2,-0.1048387047622763,-0.10725794608672529,-10725.794597946733,89274.20540205327
SFX-199509,1994-05-06,11.867176055908203,7.135297741594286,0.9603500366210938,0.35714299900695134,1.057079967489668,Hammer,1994-05-13,11.867176055908203,1994-05-20,11.318405151367188,Stop loss (-3%),1,-0.04624275412749135,-0.04706558443116614,-4201.742647673864,85072.4627543794
SGID-200610,1996-01-05,9.760998725891113,1.8824640545641813,1.6603765487670898,0.24242417280335618,1.021513985985402,Hammer,1996-01-12,10.163514137268066,1996-01-19,9.911941528320312,Stop loss (-3%),1,-0.02475252216408841,-0.02572377885467836,-2572.3778828954582,97427.62211710453
SGP-200911,1994-03-31,5.423765182495117,9.37092988577426,0.28862619400024414,0.3750002065115572,1.0039712792112945,Hammer,1994-04-08,5.339582920074463,1994-05-13,6.0637407302856445,RSI(2) acum > 180,5,0.1356206694512918,0.13362273930277643,13362.273916915372,113362.27391691538
SGP-200911,1997-04-04,15.654485702514648,9.76701835662918,0.908635139465332,0.17142803165077097,1.0435316846504514,Hammer,1997-04-11,15.628524780273438,1997-04-18,14.512201309204102,Stop loss (-3%),1,-0.07142858886325443,-0.0720453951939581,-8167.229816262667,105195.04410065273
SHLDQ-202210,2005-09-23,81.46656036376953,3.5951074485123087,7.002082824707031,0.331730910667842,1.0376178407820273,Hammer,2005-09-30,83.0353012084961,2005-10-21,78.91484069824219,Stop loss (-3%),3,-0.0496229970902099,-0.04974043265911597,-4974.043260937555,95025.95673906244
SHW,2005-09-23,11.143754005432129,4.97529857162759,1.299260139465332,0.3996100920966578,2.62905177040462,Hammer,2005-09-30,11.202005386352539,2005-11-04,10.72079849243164,Stop loss (-3%),5,-0.042957209653474715,-0.04383034334212708,-4383.034329829674,95616.96567017034
SHW,2020-03-20,130.1343536376953,5.537605753306792,41.49668884277344,0.33685416618404596,3.1386511024396566,Hammer,2020-03-27,129.5415496826172,2020-05-22,182.88812255859375,RSI(2) acum > 180,8,0.4118105195335253,0.41171743289689,39367.17160774542,134984.13727791575
SHW,2021-10-01,273.0256042480469,3.902054061605938,18.531982421875,0.3266563031077503,1.7425492709776047,Hammer,2021-10-08,272.9681396484375,2021-11-05,303.2745056152344,RSI(2) acum > 180,4,0.1110252867086583,0.11098661943741286,14981.4330591701,149965.57033708584
SHW,2022-02-25,257.0234680175781,0.8809132286120729,15.905044555664062,0.12975642608598048,1.0821807053188097,Hammer,2022-03-04,254.58087158203125,2022-03-18,225.8560028076172,Stop loss (-3%),2,-0.11283199949748901,-0.11286906298394218,-16926.47338687288,133039.096950213
SHW,2024-04-26,300.4481201171875,9.031205558383206,17.098419189453125,0.33600818160887125,1.2392619103055829,Hammer,2024-05-03,301.4873352050781,2024-06-14,285.7995300292969,Stop loss (-3%),6,-0.05203470708018321,-0.05206701246684588,-6926.94831255771,126112.14863765526
SIAL-201511,1998-07-31,12.098636627197266,8.875006899349202,1.4141263961791992,0.35185143972393124,1.2281485343698018,Hammer,1998-08-07,12.124823570251465,1998-08-14,11.522510528564453,Stop loss (-3%),1,-0.04967602523840431,-0.05047996272499109,-5047.996267451113,94952.00373254888
SIVBQ-202411,2020-03-13,156.6699981689453,2.157700559163743,37.81419372558594,0.30782090645959087,1.7112891972695883,Hammer,2020-03-20,132.6999969482422,2020-06-12,240.0,RSI(2) acum > 180,12,0.8085908479229935,0.8084850270830664,80848.50262745812,180848.50262745813
SIVBQ-202411,2022-03-11,530.5900268554688,8.555091039424042,60.3651123046875,0.37430714382490987,1.0178029857423687,Hammer,2022-03-18,540.8499755859375,2022-04-14,498.2099914550781,Stop loss (-3%),4,-0.07883883896761712,-0.07885659937704063,-14261.09790537005,166587.4047220881
SK-199805,1991-09-20,24.47872543334961,2.0775573359150883,1.9847602844238281,0.0,1.0749439029882517,Hammer,1991-09-27,24.699254989624023,1991-10-11,23.596609115600586,Stop loss (-3%),2,-0.044642879896039434,-0.04503863300029731,-4503.863295525869,95496.13670447412
SK-200006,1990-09-28,34.4908561706543,6.152732789923732,10.201522827148438,0.3809524699843097,2.1865476108929127,Hammer,1990-10-05,35.46242904663086,1990-10-12,34.97664260864258,Stop loss (-3%),1,-0.013698622769170776,-0.013978640440400723,-1397.8640426422085,98602.13595735778
SKY,1990-09-21,6.792172908782959,1.6238476681057392,0.39185619354248047,0.3333329277107554,1.1809122640722358,Hammer,1990-09-28,6.726863384246826,1990-12-28,8.162590026855469,RSI(2) acum > 180,13,0.21343181221293572,0.2117878158289684,21178.78156171806,121178.78156171805
SLB,2001-09-28,13.940252304077148,7.30365895120174,1.8363304138183594,0.19269064341698813,1.2130382639392243,Hammer,2001-10-05,13.78773307800293,2002-03-08,18.24608612060547,RSI(2) acum > 180,22,0.3233564950365506,0.3225142556914197,32251.42553689055,132251.42553689054
SLB,2002-07-26,12.485847473144531,1.3502978119347517,1.7634334564208984,0.28846180886423295,1.427226699206996,Hammer,2002-08-02,12.562920570373535,2002-08-09,11.650375366210938,Stop loss (-3%),1,-0.07263798246998432,-0.07340476087486762,-9707.884257187929,122543.54127970262
SLB,2002-10-11,11.354714393615723,7.470960431978568,1.3810195922851562,0.2668164717451233,1.057579941720544,Hammer,2002-10-18,11.357810974121094,2002-12-06,13.856653213500977,RSI(2) acum > 180,7,0.2200109021952843,0.21903402644365408,26841.205234316192,149384.74651401883
SLB,2006-06-16,37.801448822021484,7.417824472077854,3.7314720153808594,0.2608693874254613,1.2129819661031507,Hammer,2006-06-23,37.704105377197266,2006-12-08,44.299922943115234,RSI(2) acum > 180,24,0.17493632324470942,0.1746479398023698,26089.7381904829,175474.48470450172
SLB,2011-08-12,53.64331817626953,9.504166355118144,4.498359680175781,0.31651399486778525,1.0673818710928578,Hammer,2011-08-19,54.276119232177734,2011-08-26,51.84809875488281,Stop loss (-3%),1,-0.044734599887448545,-0.04491470536682794,-7881.384772017265,167593.09993248447
SLB,2015-08-28,55.8603515625,7.8292425212666075,6.499656677246094,0.33220373202742504,2.1232541846968696,Hammer,2015-09-04,55.542457580566406,2015-09-25,54.15999984741211,Stop loss (-3%),3,-0.024890107376847492,-0.02506789318187376,-4201.20592292541,163391.89400955907
SLB,2015-10-02,51.98649978637695,5.6498853345888165,3.8073196411132812,0.2718447477421333,1.2142903609728253,Hammer,2015-10-09,52.674034118652344,2015-12-24,50.181827545166016,Stop loss (-3%),11,-0.047313759334863925,-0.04749909741796811,-7760.9674831054,155630.92652645364
SLM,2007-01-26,12.828625679016113,7.466102168387849,0.6441154479980469,0.3684209747055096,1.0217888114421745,Hammer,2007-02-02,12.842750549316406,2007-02-16,12.017831802368164,Stop loss (-3%),2,-0.0642322486744984,-0.06498559757549655,-6498.559751051096,93501.4402489489
SLM,2007-07-13,15.243448257446289,6.657813219096425,4.26270866394043,0.2906665974610797,5.481311341167899,Hammer,2007-07-20,15.240606307983398,2007-07-27,14.501736640930176,Stop loss (-3%),1,-0.0484803328766642,-0.04912035978923799,-4592.824381247483,88908.61586770143
SLM,2007-11-23,11.014840126037598,1.1616238183535046,1.0401010513305664,0.07923530085959886,1.0658352487455398,Hammer,2007-11-30,10.798863410949707,2007-12-14,10.2731294631958,Stop loss (-3%),2,-0.048684192747620925,-0.049587256648481966,-4408.734348884273,84499.88151881717
SLM,2011-08-12,3.9705703258514404,6.94969171124707,0.9004530906677246,0.35555556143947187,2.6972006252210887,Hammer,2011-08-19,4.019165992736816,2011-08-26,3.827641248703003,Stop loss (-3%),1,-0.04765285742861203,-0.05007863601987202,-4231.638806071518,80268.24271274565
SLM,2014-02-07,7.0045166015625,5.419736103553859,0.36946916580200195,0.16666817236746498,1.0746749108708982,Hammer,2014-02-14,7.013753414154053,2014-08-15,7.821213245391846,RSI(2) acum > 180,26,0.11512520950740934,0.11361844250428174,9119.95271045787,89388.1954232035
SLR-200710,2004-03-12,6.019999980926514,2.946917793365941,1.0299997329711914,0.30097089625965134,1.460755100094967,Hammer,2004-03-19,5.920000076293945,2004-03-26,5.599999904632568,Stop loss (-3%),1,-0.05405408235428677,-0.055696230786850966,-5569.623073115474,94430.37692688452
SMI-200109,1990-09-28,13.207463264465332,5.2805992228505545,2.011733055114746,0.30434780547582196,1.5126804290821563,Hammer,1990-10-05,13.294929504394531,1990-12-14,14.519462585449219,RSI(2) acum > 180,10,0.09210527070865093,0.09131876079894885,9131.87607076301,109131.87607076301
SMS-200007,1991-11-22,15.551212310791016,2.299399886520362,1.6262712478637695,0.375000073302218,1.6414081338069657,Hammer,1991-11-29,15.449569702148438,1991-12-06,14.433151245117188,Stop loss (-3%),1,-0.06578943469797127,-0.06641520772257808,-6641.5207656162875,93358.47923438372
SMS-200007,1994-05-13,21.633174896240234,4.254069080067808,2.0176010131835938,0.27777830297484224,1.2698670611163434,Hammer,1994-05-20,21.521087646484375,1994-06-03,20.73646354675293,Stop loss (-3%),2,-0.03645838503239496,-0.03691446921434527,-3446.2787041494703,89912.20053023426
SMS-200007,1995-08-25,35.47752380371094,7.348239656751744,2.3187904357910156,0.05000024676856563,1.0686306574081907,Hammer,1995-09-01,35.12970733642578,1995-10-06,38.80850601196289,RSI(2) acum > 180,5,0.10472044757750054,0.10442092602073551,9388.715230540412,99300.91576077466
SNA,1992-06-26,8.344902038574219,7.077973300064315,0.48276329040527344,0.35714342155689094,1.0517826842372333,Hammer,1992-07-02,8.310419082641602,1992-10-23,7.997035026550293,Stop loss (-3%),16,-0.037709777686890655,-0.03888968828599057,-3888.9688247100894,96111.0311752899
SNA,1992-11-20,7.861930847167969,7.232308122870734,0.4211750030517578,0.3333325785605275,1.2020917896396854,Hammer,1992-11-27,7.8268327713012695,1992-12-31,8.809574127197266,RSI(2) acum > 180,5,0.12556054084858226,0.1242035401292632,11937.330305507658,108048.36148079757
SNA,1996-07-26,13.443329811096191,6.628831282209816,0.6198654174804688,0.375,1.1886563210153047,Hammer,1996-08-02,13.482071876525879,1996-10-11,15.324847221374512,RSI(2) acum > 180,10,0.13668339419382236,0.1358912714062539,14682.829200305263,122731.19068110282
SNA,2011-08-12,35.9351806640625,1.4779281978282057,3.4808387756347656,0.237113978263657,1.529797407402709,Hammer,2011-08-19,36.22226333618164,2011-08-26,33.89877700805664,Stop loss (-3%),1,-0.06414525526912951,-0.06441243729813984,-7905.415116367165,114825.77556473565
SNA,2014-10-03,92.36082458496094,6.735092858140774,3.2162017822265625,0.21852716377972928,1.1972752571604282,Hammer,2014-10-10,92.43721771240234,2014-10-17,88.61750030517578,Stop loss (-3%),1,-0.04132228881131794,-0.04142822946049632,-4757.028573318292,110068.74699141736
SNA,2015-10-02,117.2362289428711,9.545734110583155,5.0130157470703125,0.25966189089071723,1.0548990427250309,Hammer,2015-10-09,118.89431762695312,2015-11-13,131.54693603515625,RSI(2) acum > 180,5,0.10641903381709472,0.10633045387080654,11703.659812884722,121772.40680430207
SNDK-201605,2015-01-23,78.63468170166016,8.487334320683914,6.4048614501953125,0.3744225715844469,1.0206150136254588,Hammer,2015-01-30,78.68402862548828,2015-02-06,75.08191680908203,Stop loss (-3%),1,-0.04577945333164357,-0.04590362696682531,-4590.362692092169,95409.63730790782
SNI-201803,2011-03-18,44.82121658325195,9.48634213102467,2.8489990234375,0.3709670508590771,1.220174251187916,Hammer,2011-03-25,45.33587646484375,2011-06-10,43.37389373779297,Stop loss (-3%),11,-0.04327660299172165,-0.0434923821682144,-4349.238212472203,95650.7617875278
SNI-201803,2013-06-14,62.4398193359375,5.356546832854832,2.974224090576172,0.20189181389681599,1.21966699120948,Hammer,2013-06-21,62.74943161010742,2013-07-19,68.12554931640625,RSI(2) acum > 180,4,0.08567595862386845,0.0855097810404604,8179.075688625664,103829.83747615345
SNI-201803,2017-05-05,71.4137191772461,7.259965444888621,9.800918579101562,0.2814071955573062,2.723478262106843,Hammer,2017-05-12,71.14776611328125,2017-05-19,67.40470123291016,Stop loss (-3%),1,-0.052609731617032085,-0.05274657733468713,-5476.668546607256,98353.1689295462
SNPS,2020-03-13,129.8800048828125,6.12008668916414,18.865005493164062,0.38271927476084594,1.8849406072217072,Hammer,2020-03-20,112.58999633789062,2020-06-05,180.91000366210938,RSI(2) acum > 180,11,0.6068035309210378,0.6066877707356076,60668.77701289198,160668.77701289198
SNT-199910,1993-11-05,25.165428161621094,5.091757495446359,2.599733352661133,0.359999823918991,1.8276691657498205,Hammer,1993-11-12,25.165428161621094,1993-12-10,24.347434997558594,Stop loss (-3%),4,-0.032504639253863044,-0.03289547395641811,-3289.547392352263,96710.45260764775
SNT-199910,1995-11-03,26.055814743041992,1.5508785592138707,1.7892398834228516,0.31249993337433923,1.539127417421207,Hammer,1995-11-10,26.055814743041992,1995-12-01,29.298812866210938,RSI(2) acum > 180,3,0.12446350863140676,0.12405591133838693,11997.503322192119,108707.95592983987
SNT-199910,1997-10-31,43.14743423461914,1.4906360431219525,4.4615020751953125,0.381578992369754,1.7087510733326903,Hammer,1997-11-07,43.206138610839844,1997-12-05,41.34223556518555,Stop loss (-3%),4,-0.04313977378174383,-0.043366203851527646,-4714.251372422068,103993.70455741779
SO,1994-09-16,2.4583065509796143,3.125596773968752,0.1558082103729248,0.3333338434018304,1.4344787257336136,Hammer,1994-09-23,2.4583065509796143,1994-11-04,2.769922971725464,RSI(2) acum > 180,6,0.1267606029938264,0.12244372127614486,12244.372115370115,112244.3721153701
SO,2003-07-18,10.479978561401367,5.214060567566435,0.6020488739013672,0.22754532753360557,1.3640060176882915,Hammer,2003-07-25,10.454743385314941,2003-09-19,10.616661071777344,RSI(2) acum > 180,8,0.015487485488150377,0.01452403571159202,1630.2412673986178,113874.61338276872
SO,2004-04-16,11.037775993347168,6.92594447566178,0.44823455810546875,0.2916673758744532,1.510354628403055,Hammer,2004-04-23,10.996687889099121,2004-05-14,10.631500244140625,Stop loss (-3%),3,-0.033208876039893975,-0.03410273484764517,-3883.435742187233,109991.17764058149
SO,2018-01-26,31.386756896972656,0.46570252580569615,1.1900196075439453,0.31547507424913407,1.1565916718594669,Hammer,2018-02-02,31.287586212158203,2018-07-13,34.70381164550781,RSI(2) acum > 180,23,0.10918788717622707,0.10885087637870523,11972.636068130509,121963.81370871198
SOV-200901,2005-12-09,19.763301849365234,7.437545952647255,1.3859272003173828,0.373334250817134,1.21369064696274,Hammer,2005-12-16,19.837217330932617,2006-02-10,19.178977966308594,Stop loss (-3%),8,-0.03318204129354452,-0.03367765575182403,-3367.765571814637,96632.23442818537
SOV-200901,2007-11-09,12.84000015258789,1.689763656424418,1.8000001907348633,0.377777907289091,1.2698513887361,Hammer,2007-11-16,12.829999923706055,2007-11-23,11.600000381469727,Stop loss (-3%),1,-0.09586902178881951,-0.09661079467137877,-9335.71694964224,87296.51747854314
SPC-199204,1990-09-28,20.536653518676758,2.6202237123726917,4.7918853759765625,0.33333346601239966,2.0222879159259954,Hammer,1990-10-05,20.993024826049805,1990-10-19,18.140710830688477,Stop loss (-3%),2,-0.13586960521391622,-0.13631348753385547,-13631.348739754198,86368.65126024581
SPG,2002-10-11,10.746260643005371,9.172593080548282,0.8992824554443359,0.161290014698303,1.7468023671773163,Hammer,2002-10-18,10.717251777648926,2003-03-28,12.245821952819824,RSI(2) acum > 180,23,0.1426270658639155,0.14162791610027609,14162.79159586482,114162.79159586482
SPG,2004-04-16,17.929487228393555,7.002891414794291,1.5982704162597656,0.2885468653410569,2.1509984765690366,Hammer,2004-04-23,17.830917358398438,2004-05-07,16.968414306640625,Stop loss (-3%),2,-0.0483712102087428,-0.048918316575792764,-5584.651574878117,108578.1400209867
SPG,2008-10-10,32.924129486083984,4.55548798794554,8.496280670166016,0.2576505815021131,2.060068590454316,Hammer,2008-10-17,33.82575607299805,2008-10-24,29.024059295654297,Stop loss (-3%),1,-0.14195386400178,-0.14222847301908792,-15442.903042994752,93135.23697799195
SPG,2022-02-25,109.39697265625,1.3026670381795924,8.645256042480469,0.06250005515593245,1.1248501828314386,Hammer,2022-03-04,107.90127563476562,2022-03-18,103.99186706542969,Stop loss (-3%),2,-0.03623134709332698,-0.03632234127514609,-3382.889858873339,89752.34711911861
SPGI,1992-07-24,3.59804368019104,0.03293542245120307,0.24147939682006836,0.23333346497663002,1.6861288021109597,Hammer,1992-07-31,3.59804368019104,1993-04-02,4.1499857902526855,RSI(2) acum > 180,35,0.1534006140893598,0.15041230641780917,15041.230626739685,115041.23062673969
SPGI,1996-06-28,6.736669063568115,8.325763460589044,0.5337800979614258,0.34482740138178947,2.280278508746019,Hammer,1996-07-05,6.718262672424316,1996-07-19,6.16607666015625,Stop loss (-3%),2,-0.08219178665558302,-0.08361803482316567,-9619.521619027033,105421.70900771265
SPGI,1996-07-26,5.797952651977539,0.2848265597173878,0.4233427047729492,0.2608699569954968,1.5360883044506257,Hammer,1996-08-02,5.779546737670898,1996-10-18,6.660313129425049,RSI(2) acum > 180,11,0.1523936792505447,0.15053321050782234,15869.468298282933,121291.17730599559
SPGI,2015-01-09,77.7385025024414,8.44513668728817,2.8772201538085938,0.3975148691540956,1.0036892829845259,Hammer,2015-01-16,77.99762725830078,2015-02-27,93.68891143798828,RSI(2) acum > 180,6,0.20117642973578498,0.20103533343511515,24383.812248064685,145674.98955406027
SPGI,2020-03-13,235.47914123535156,9.876565538668999,43.43217468261719,0.24759597396122993,2.6099499251291776,Hammer,2020-03-20,211.2858123779297,2020-03-27,192.51202392578125,Stop loss (-3%),1,-0.08885494128004923,-0.08890016674530275,-12950.530849025661,132724.45870503463
SPLS-201709,2000-10-20,5.789360523223877,0.6772267712034079,1.1323866844177246,0.23179594633118675,1.0775346695146713,Hammer,2000-10-27,5.819356918334961,2000-11-17,5.4293999671936035,Stop loss (-3%),3,-0.06701031688101577,-0.06866971869156942,-6866.971862289969,93133.02813771002
SPLS-201709,2011-08-12,10.658967971801758,8.3325875428325,1.858123779296875,0.34469539885361405,2.0708976137408523,Hammer,2011-08-19,10.698504447937012,2012-01-27,12.743661880493164,RSI(2) acum > 180,23,0.19116292772589527,0.1901393550547277,17708.253886689738,110841.28202439974
SPLS-201709,2015-10-02,11.069793701171875,4.052292011329911,0.7926511764526367,0.37931071821742035,1.02613129993638,Hammer,2015-10-09,11.170015335083008,2015-11-13,11.999110221862793,RSI(2) acum > 180,5,0.07422504463138457,0.07329698100800881,8124.331335321445,118965.61335972119
SPLS-201709,2016-01-22,8.22259521484375,6.7104868351955105,0.8397932052612305,0.3186817429737209,1.0435349643915595,Hammer,2016-01-29,8.213366508483887,2016-02-19,7.77039909362793,Stop loss (-3%),3,-0.05393250312139364,-0.05511647775605466,-6556.965575919507,112408.64778380167
SPP-199512,1992-06-05,19.797094345092773,4.889079850356936,1.536489486694336,0.2307690397895633,1.413763197778212,Hammer,1992-06-12,19.3834228515625,1992-06-26,18.201507568359375,Stop loss (-3%),2,-0.06097557135569842,-0.06147561832792757,-6147.561826645195,93852.4381733548
SPXC,1992-08-14,1.8228669166564941,6.915685526346152,0.3388662338256836,0.37931046613401176,2.416447319044765,Hammer,1992-08-21,1.844008445739746,1992-09-11,1.7030651569366455,Stop loss (-3%),3,-0.07643310372505341,-0.0816347211127592,-8163.472103112448,91836.52789688756
SPXC,1993-05-07,1.5311336517333984,1.5248356822471578,0.13056182861328125,0.18181809881376731,1.3019438235147693,Hammer,1993-05-14,1.5192643404006958,1993-05-21,1.4814226627349854,Stop loss (-3%),1,-0.024907895656742673,-0.031386732863627746,-2882.448565340259,88954.07933154731
SPXC,1993-11-19,1.5727943181991577,4.719088343073324,0.12098419666290283,0.200000197065886,1.1012368071336314,Hammer,1993-11-26,1.5727943181991577,1993-12-03,1.5244005918502808,Stop loss (-3%),1,-0.030769265751345976,-0.03700972026285755,-3292.1655890084394,85661.91374253886
SRE,2001-07-27,5.946628093719482,8.900542403529542,0.5208220481872559,0.24888875460863563,1.2393465201970049,Hammer,2001-08-03,5.844778060913086,2001-11-02,5.164703369140625,Stop loss (-3%),13,-0.11635594793931625,-0.11796596120173967,-11796.59610837737,88203.40389162264
SRE,2011-08-12,15.072367668151855,1.8897262644421318,1.1640243530273438,0.18699244941699275,2.0111125101443745,Hammer,2011-08-19,15.198549270629883,2012-01-06,17.90066146850586,RSI(2) acum > 180,20,0.17778750785758324,0.17707129762631038,15618.291166528885,103821.69505815153
SRR-200708,1995-06-30,7.896907806396484,6.980274128567203,0.7704296112060547,0.3749996905381418,1.3310439784953472,Hammer,1995-07-07,7.896907806396484,1995-07-28,8.956249237060547,RSI(2) acum > 180,3,0.13414635913642003,0.1327959597066718,13279.595957387584,113279.59595738757
SRR-200708,1996-01-19,5.272611618041992,0.022864031220137804,0.6834869384765625,0.14285714285714285,1.1272311285378835,Hammer,1996-01-26,5.272611618041992,1996-02-09,6.639585018157959,RSI(2) acum > 180,2,0.25925926260876353,0.25711884434182897,29126.3187709465,142405.91472833406
STE,2022-01-28,210.436279296875,4.174270157485992,12.414642333984375,0.39398677000907073,1.09065789033321,Hammer,2022-02-04,210.82872009277344,2022-06-24,187.98753356933594,Stop loss (-3%),20,-0.1083400141754236,-0.10838487559476848,-10838.48754863836,89161.51245136163
STI-201912,2014-10-17,31.370010375976562,5.186929645163573,2.030649185180664,0.19396606380530598,1.5353038523301925,Hammer,2014-10-24,31.440031051635742,2015-03-20,37.64759826660156,RSI(2) acum > 180,21,0.19744151030801405,0.19709210033180824,19709.210013471617,119709.2100134716
STJ-201701,2002-07-05,16.296707153320312,0.6294394538680592,2.223294258117676,0.14285634624219265,2.24280737810724,Hammer,2002-07-12,16.193817138671875,2002-07-19,15.21413516998291,Stop loss (-3%),1,-0.06049728487728945,-0.06109594053792168,-6109.5940476825745,93890.40595231742
STT,1999-09-03,18.976234436035156,8.667597901536766,1.799142837524414,0.3999993639142175,1.057683800219535,Hammer,1999-09-10,18.976234436035156,1999-09-24,17.764179229736328,Stop loss (-3%),2,-0.06387227194016853,-0.06438228295514863,-6438.228289076635,93561.77171092338
STT,2001-03-23,26.95257568359375,8.28674622350691,4.196027755737305,0.2350364352998986,1.3377232656364149,Hammer,2001-03-30,27.18228530883789,2001-05-11,32.654998779296875,RSI(2) acum > 180,6,0.201333824889242,0.20092897869002005,18799.271215505374,112361.04292642877
STT,2002-07-26,23.96964454650879,4.570816005619605,2.8867874145507812,0.1913970722321917,1.352149083881243,Hammer,2002-08-02,24.29246711730957,2002-10-11,21.077404022216797,Stop loss (-3%),10,-0.13234815054259697,-0.13273248110685706,-14913.959992465003,97447.08293396376
STT,2006-06-16,38.480403900146484,7.768561240555442,2.6925811767578125,0.385922385116258,1.555655182048019,Hammer,2006-06-23,38.565364837646484,2006-07-14,37.054813385009766,Stop loss (-3%),3,-0.03916860268263711,-0.03942279154052979,-3841.6360328967367,93605.44690106701
STT,2014-10-17,49.14342498779297,3.116973502686676,3.1799545288085938,0.2729370949825217,1.5287810657188403,Hammer,2014-10-24,48.70581817626953,2015-05-15,57.74190902709961,RSI(2) acum > 180,29,0.18552384887833884,0.1852995122801556,17345.043640188676,110950.49054125568
STT,2015-10-02,49.80814743041992,7.835597120244657,3.1529579162597656,0.25861887483681756,1.1640820415184214,Hammer,2015-10-09,50.31275939941406,2015-12-24,48.50209045410156,Stop loss (-3%),11,-0.035988265539925623,-0.03618342642923211,-4014.568907772169,106935.92163348352
STT,2016-02-05,40.587764739990234,9.80707751685918,3.3263778686523438,0.3901352079725685,1.0552263077304143,Hammer,2016-02-12,39.923980712890625,2016-08-05,49.78989791870117,RSI(2) acum > 180,25,0.2471175726879622,0.24683618338969193,26395.654736872602,133331.57637035614
STX,2014-10-17,31.475704193115234,0.8682493616263969,2.4193801879882812,0.3832923910404178,1.3942987050533664,Hammer,2014-10-24,31.178483963012695,2014-12-05,39.4544563293457,RSI(2) acum > 180,6,0.26543857540189775,0.2650753320615949,26507.53317965196,126507.53317965195
STZ,2014-10-17,71.01423645019531,8.605551325935409,4.2921142578125,0.34055132106595376,1.5917042373079653,Hammer,2014-10-24,71.49583435058594,2014-11-14,78.9901351928711,RSI(2) acum > 180,3,0.10482150338348672,0.1046743147861438,10467.431468146948,110467.43146814696
SUN-201210,1994-05-20,6.956967830657959,7.3504182984956685,0.49252891540527344,0.3750004840702173,1.029432716444194,Hammer,1994-05-27,6.987751007080078,1994-07-01,6.279740810394287,Stop loss (-3%),5,-0.10132161205635781,-0.10267921680019988,-10267.921669752068,89732.07833024792
SUN-201210,2002-07-26,11.261438369750977,3.846759113897903,1.439910888671875,0.17907005701205944,2.0528473864757464,Hammer,2002-08-02,11.4188232421875,2002-08-23,12.37556266784668,RSI(2) acum > 180,3,0.08378616652234805,0.08287413115452687,7436.468020872777,97168.54635112069
SUN-201210,2002-10-11,9.812077522277832,0.5212970282820493,0.9174575805664062,0.23897116911844196,1.2437583672034678,Hammer,2002-10-18,9.528745651245117,2002-12-20,11.191557884216309,RSI(2) acum > 180,9,0.17450483975862152,0.1733644145158554,16845.56813067323,114014.11448179393
SVU-201810,1997-10-31,83.18929290771484,1.6729986435043287,10.079254150390625,0.2957744559869443,2.4583512813939286,Hammer,1997-11-07,83.75713348388672,1997-12-26,92.0326919555664,RSI(2) acum > 180,7,0.09880422272655442,0.09867893913267788,9867.893903399894,109867.8939033999
SVU-201810,2002-09-27,87.20652770996094,3.7420818152663458,11.575630187988281,0.3049330989605475,1.0946542058869062,Hammer,2002-10-04,84.87064361572266,2002-11-22,83.05384063720703,Stop loss (-3%),7,-0.02140673030290363,-0.021523288669085556,-2364.7183935826224,107503.17550981729
SVU-201810,2007-09-28,226.10292053222656,8.105499606557416,15.533355712890625,0.39925480896743987,1.0413687357662949,Hammer,2007-10-05,220.5387420654297,2007-10-19,205.17929077148438,Stop loss (-3%),2,-0.06964513876382072,-0.06968890230122961,-7491.778287683817,100011.39722213348
SWK,2011-08-12,41.551700592041016,3.9841730037408496,3.9069175720214844,0.2534723069787878,1.3518557792028025,Hammer,2011-08-19,41.958675384521484,2011-08-26,38.96744155883789,Stop loss (-3%),1,-0.07128999660430313,-0.07151980369170938,-7151.980362018956,92848.01963798105
SWY-201501,2014-10-17,33.468544006347656,3.1641843263357003,1.2914581298828125,0.35384642650377496,2.11870267136831,Hammer,2014-10-24,33.35926818847656,2014-11-14,34.57124710083008,RSI(2) acum > 180,3,0.03633110011604446,0.036025933659430846,3602.593362340491,103602.59336234049
SYK,2005-03-18,37.780792236328125,9.40648960732041,2.0918655395507812,0.2813684191330671,1.1069746956298803,Hammer,2005-03-24,37.62171173095703,2005-04-01,36.70702362060547,Stop loss (-3%),1,-0.024312772286724793,-0.024575310140396402,-2457.5310115821094,97542.4689884179
SYK,2011-08-12,40.34053421020508,1.045990569196377,3.2412033081054688,0.3051283922312637,1.4250234608102426,Hammer,2011-08-19,40.73945236206055,2011-08-26,37.34865188598633,Stop loss (-3%),1,-0.0832313710537742,-0.08346658941085426,-8141.537201035724,89400.93178738219
SYK,2022-01-28,237.61715698242188,9.959859442816608,16.750595092773438,0.3752144125301635,1.243259837636497,Hammer,2022-02-04,236.2778778076172,2022-05-20,222.4757537841797,Stop loss (-3%),15,-0.05841479596611032,-0.05845588199870928,-5226.010313911862,84174.92147347031
SYK,2024-08-09,322.4805603027344,5.345024604549593,15.542205810546875,0.1835448381757241,1.1501497208634286,Hammer,2024-08-16,321.7870788574219,2024-09-06,354.16497802734375,RSI(2) acum > 180,3,0.10061901579419219,0.10058637641066137,8466.850327201497,92641.77180067182
SYY,1999-04-09,6.786435604095459,4.847696398763688,0.5549654960632324,0.19999965631221286,1.3474193037437598,Hammer,1999-04-16,6.738867282867432,1999-05-07,7.5792436599731445,RSI(2) acum > 180,3,0.12470588035503316,0.1231305929188815,12313.059279575089,112313.0592795751
SYY,2004-08-20,17.275434494018555,5.2559477760143665,1.6163520812988281,0.3523495635058305,2.0543403365794703,Hammer,2004-08-27,17.210346221923828,2004-10-01,16.30996322631836,Stop loss (-3%),5,-0.0523163789964024,-0.052882061381146726,-5939.346088787515,106373.71319078757
SYY,2011-08-12,19.332887649536133,6.56203899456213,1.3478851318359375,0.3529405105564046,1.7854586488037127,Hammer,2011-08-19,19.213956832885742,2011-08-26,18.06429100036621,Stop loss (-3%),1,-0.059834933664044465,-0.06033968662311668,-6418.556512450859,99955.15667833672
T,2002-06-28,6.190953731536865,4.466597337136889,0.7104372978210449,0.2428567113789898,1.348445689161261,Hammer,2002-07-05,6.201102256774902,2002-07-26,5.118144989013672,Stop loss (-3%),3,-0.17463947906649424,-0.1761100965695662,-17611.00963934561,82388.9903606544
T,2002-07-26,5.37405252456665,5.871864763544778,0.8823680877685547,0.35034802157301426,1.5207437322647919,Hammer,2002-08-02,5.435470104217529,2002-09-06,4.964600563049316,Stop loss (-3%),5,-0.08662903707314151,-0.08838749813098609,-7282.156724234015,75106.83363642037
T,2008-09-26,8.188167572021484,6.6766694429802556,0.6223006248474121,0.24122740810951843,1.0331775406683823,Hammer,2008-10-03,8.087179183959961,2008-10-10,7.50036096572876,Stop loss (-3%),1,-0.07256154524127412,-0.0737524719440462,-5539.314635036926,69567.51900138344
T,2012-10-26,12.146424293518066,6.837593202801926,0.8663492202758789,0.3400812167765812,1.91767005627574,Hammer,2012-11-02,12.18851375579834,2012-11-16,11.806198120117188,Stop loss (-3%),2,-0.03136687896005996,-0.03217412499285487,-2238.2740495550433,67329.2449518284
T,2017-05-19,16.909578323364258,0.1694085013905493,0.5792751312255859,0.3969450819375253,1.2082773244401728,Hammer,2017-05-26,16.909578323364258,2017-07-21,16.26969337463379,Stop loss (-3%),8,-0.03784156745330125,-0.03842158736128678,-2586.896464299255,64742.34848752915
T,2021-12-03,13.7526273727417,4.328241000595867,1.1958818435668945,0.3921575663909829,2.0617156266754,Hammer,2021-12-10,13.828836441040039,2021-12-17,13.312965393066406,Stop loss (-3%),1,-0.03730400964485159,-0.03801339203444407,-2461.0762718259666,62281.272215703175
T-200511,1991-09-13,18.16796875,6.493949900775306,1.3790874481201172,0.3478263274871757,2.1765552236825005,Hammer,1991-09-20,18.16796875,1991-10-11,17.44844627380371,Stop loss (-3%),3,-0.03960390322645668,-0.040143274675266745,-4014.327463512347,95985.67253648766
T-200511,1992-10-09,20.67937660217285,9.30565385340229,0.7429714202880859,0.2500006417974436,1.0269922073020914,Hammer,1992-10-16,20.67937660217285,1992-11-13,22.22723388671875,RSI(2) acum > 180,4,0.07485028752671674,0.07434873741296845,7136.413555686086,103122.08609217375
T-200511,1998-09-04,43.920997619628906,5.999693480879628,6.031402587890625,0.3333333333333333,1.9186100017055316,Hammer,1998-09-11,45.05510711669922,1998-10-30,53.85902404785156,RSI(2) acum > 180,7,0.1954033070734673,0.19515969876363937,20125.27523750144,123247.36132967519
TA-199907,1992-09-11,16.983373641967773,2.568447543494969,0.762725830078125,0.06666616652662745,1.1015729350057122,Hammer,1992-09-18,17.288463592529297,1992-10-16,17.853832244873047,RSI(2) acum > 180,4,0.032702076116703394,0.03211436791549782,3211.4367883383447,103211.43678833835
TAP,2007-05-18,28.633567810058594,8.835142997489626,1.2443923950195312,0.25376751172557555,1.1709024030907422,Hammer,2007-05-25,28.561655044555664,2007-08-03,27.380374908447266,Stop loss (-3%),10,-0.04135895256299482,-0.04170177202232277,-4170.1771980621,95829.8228019379
TAP,2008-01-25,27.774473190307617,0.8634292858499748,5.054498672485352,0.3487499872642134,2.3493142642028033,Hammer,2008-02-01,27.755517959594727,2008-03-07,34.21482467651367,RSI(2) acum > 180,5,0.23272153401432183,0.23231939426727827,22263.1263638237,118092.9491657616
TAP,2015-08-28,51.0931510925293,7.831744835120858,3.2494468688964844,0.3887603410567688,1.300864715392684,Hammer,2015-09-04,51.024662017822266,2016-03-18,70.78947448730469,RSI(2) acum > 180,28,0.387358028213471,0.38712410955383153,45716.62774466473,163809.57691042635
TAP,2020-03-13,36.23140335083008,1.0832891320940234,8.240598678588867,0.3553715622480729,2.5784992835138647,Hammer,2020-03-20,31.92381477355957,2020-05-22,31.830171585083008,Stop loss (-3%),9,-0.0029333332855357996,-0.0032460706484597835,-531.7374590138129,163277.83945141255
TAP.B-200404,2004-03-19,17.1200008392334,1.9771577247246626,0.7199993133544922,0.388887564339964,1.019590145067604,Hammer,2004-03-26,17.020000457763672,2004-04-01,17.399999618530273,End of data,1,0.022326624591438637,0.02173269608329886,2173.2696061566166,102173.26960615661
TCOMA-199903,1994-02-25,16.49329376220703,0.25651307666747414,2.7632741928100586,0.34374977351188246,2.006916456664065,Hammer,1994-03-04,16.752349853515625,1994-03-11,16.57964515686035,Stop loss (-3%),1,-0.01030928187182234,-0.010902958895791253,-1090.2958884888294,98909.70411151118
TCOMA-199903,1995-03-31,14.507189750671387,3.1591640768171203,1.208932876586914,0.35714285714285715,1.0872153630079413,Hammer,1995-04-07,14.42083740234375,1995-04-13,13.816370964050293,Stop loss (-3%),1,-0.04191618152460519,-0.04259485402168932,-4213.044403745258,94696.65970776592
TCOMA-199903,1996-07-19,13.92391300201416,3.5002764176088164,2.625,0.2608697073800223,1.9621144413529041,Hammer,1996-07-26,13.92391300201416,1996-10-11,13.35326099395752,Stop loss (-3%),11,-0.040983594767799336,-0.04168681418088233,-3947.6020528402832,90749.05765492564
TDC,2008-04-04,21.889999389648438,3.4956265589753315,2.6099987030029297,0.3180077916326547,1.0203109986957006,Hammer,2008-04-11,22.010000228881836,2008-05-23,25.040000915527344,RSI(2) acum > 180,6,0.13766472763001136,0.13717922576641722,13717.922562923795,113717.9225629238
TDG,2020-03-20,251.42852783203125,0.31386630744198385,134.2874755859375,0.36590943592438024,2.9427373906355565,Hammer,2020-03-27,250.23997497558594,2020-04-09,245.77674865722656,Stop loss (-3%),2,-0.01783578470544056,-0.01787538918132434,-1787.538916344895,98212.4610836551
TDG,2021-01-29,459.85382080078125,2.7340504252925655,46.768341064453125,0.36182655195252217,1.4279891839715966,Hammer,2021-02-05,464.9902648925781,2021-06-11,552.4678955078125,RSI(2) acum > 180,18,0.18812787539851694,0.18810434690220101,18474.190831324588,116686.6519149797
TDM-199708,1996-01-12,10.375,1.9242236765194747,1.0,0.375,1.010178177787277,Hammer,1996-01-19,10.375,1996-01-26,9.625,Stop loss (-3%),1,-0.07228915662650603,-0.07321772639691704,-7321.77263236993,92678.22736763007
TDY,2022-05-13,400.95001220703125,2.0116930046253145,30.6400146484375,0.14164472137783213,1.2293123133169006,Hammer,2022-05-20,398.1400146484375,2022-05-27,389.7900085449219,Stop loss (-3%),1,-0.020972536786810547,-0.020997389885435452,-2099.7389864438064,97900.26101355618
TE-201606,2004-04-16,7.637032508850098,4.879270820162432,0.48934173583984375,0.2584260356413415,1.3112299224174018,Hammer,2004-04-23,7.59304666519165,2004-05-07,6.982743263244629,Stop loss (-3%),2,-0.08037661677292185,-0.08163985156721532,-8163.985148557547,91836.01485144245
TECH,2022-05-13,90.17453002929688,1.0996494963900147,9.120506286621094,0.11129848934662714,1.1239508038679034,Hammer,2022-05-20,89.3555908203125,2022-06-17,79.42527770996094,Stop loss (-3%),4,-0.11113253260582978,-0.11123822055227547,-11123.822044103723,88876.17795589629
TECH,2023-11-03,57.87284469604492,0.6358339240274944,8.71246337890625,0.2160631720900907,1.5990213414500665,Hammer,2023-11-10,57.87284469604492,2023-12-15,67.71248626708984,RSI(2) acum > 180,5,0.17002173683916677,0.16983427117348474,15094.220892730355,103970.39884862665
TEG-201506,2011-08-12,38.94070816040039,2.933804089442418,3.9628829956054688,0.1799159836972949,2.4597478416017267,Hammer,2011-08-19,39.139678955078125,2011-11-04,44.645408630371094,RSI(2) acum > 180,11,0.14066874901074367,0.14039531864853938,14039.531850814408,114039.5318508144
TEG-201506,2014-08-08,63.14146423339844,9.87434903142615,2.4457321166992188,0.2204500151294425,1.0344342036737468,Hammer,2014-08-15,63.12220764160156,2014-09-12,66.39913940429688,RSI(2) acum > 180,4,0.05191408673950759,0.05175156457486586,5901.724190763171,119941.25604157757
TEK-200711,1996-01-12,13.2809476852417,4.6935873337559,1.3999862670898438,0.3243239745175723,1.3810892888709148,Hammer,1996-01-19,13.318784713745117,1996-03-15,10.479378700256348,Stop loss (-3%),8,-0.2131880704219563,-0.21385860509658777,-21385.86048827292,78614.13951172707
TEK-200711,1996-03-15,10.175628662109375,4.160825691622932,1.3289060592651367,0.39999956941682535,1.1057537456013729,Hammer,1996-03-22,10.213597297668457,1996-04-04,9.947815895080566,Stop loss (-3%),2,-0.026022310733610277,-0.02698818581008331,-2121.6530023206496,76492.48650940642
TEL,2016-07-01,47.49497604370117,9.523407870188848,2.4825782775878906,0.282828795023917,1.0577958986531764,Hammer,2016-07-08,47.16061782836914,2016-09-02,53.35723114013672,RSI(2) acum > 180,8,0.13139381113111814,0.13116786329991545,13116.786316874757,113116.78631687477
TEN-202211,1990-08-24,28.59040641784668,0.6491983703936341,3.5063705444335938,0.38461542645897295,1.840991495212936,Hammer,1990-08-31,29.66929054260254,1990-09-21,27.983535766601562,Stop loss (-3%),3,-0.05681816939910911,-0.05714558781334395,-5714.5587756198365,94285.44122438018
TEN-202211,1990-10-12,23.60057258605957,3.0292873118005303,3.2366504669189453,0.3749997790135992,1.4204359667791728,Hammer,1990-10-19,23.46571159362793,1990-11-02,21.779956817626953,Stop loss (-3%),2,-0.07183906481057833,-0.07224982375316469,-6812.106504138728,87473.33472024146
TEN-202211,1995-09-29,31.151611328125,2.35701621178859,1.5154838562011719,0.3888880498395318,1.2803389520906605,Hammer,1995-10-06,31.488384246826172,1995-10-20,29.972900390625,Stop loss (-3%),2,-0.048128346133032296,-0.04843823211393695,-4237.053686722102,83236.28103351936
TEN-202211,1996-07-19,33.256771087646484,1.3777199601348116,2.245912551879883,0.30769296096407234,1.3724409830912203,Hammer,1996-07-26,33.17039108276367,1996-08-23,35.7618293762207,RSI(2) acum > 180,4,0.0781250449230797,0.07781184212770959,6476.768352601108,89713.04938612047
TER,2025-01-31,115.19622802734375,9.085978243949114,24.493751525878906,0.38992663010891015,2.2156401303912463,Hammer,2025-02-07,112.002685546875,2025-03-14,105.5188980102539,Stop loss (-3%),5,-0.0578895720666226,-0.05797626747589086,-5797.626741791459,94202.37325820855
TFC,2000-01-07,10.006047248840332,5.256420379616188,0.9351444244384766,0.2,1.1312307351224138,Hammer,2000-01-14,10.052803993225098,2000-02-18,9.59068775177002,Stop loss (-3%),5,-0.045968890049633226,-0.04694029052197626,-4694.029047503596,95305.97095249641
TFC,2001-03-23,12.91623592376709,5.00826813731328,1.931218147277832,0.39637802717887005,2.373538970871683,Hammer,2001-03-30,12.885149955749512,2001-05-11,14.347488403320312,RSI(2) acum > 180,6,0.11349021568183515,0.11267040744727733,10738.162568637985,106044.1335211344
TFC,2003-03-14,13.244078636169434,8.114977632481029,0.8295602798461914,0.28855662482454014,1.1994116646652802,Hammer,2003-03-21,13.211060523986816,2003-06-20,14.76220703125,RSI(2) acum > 180,13,0.11741271674948628,0.11661164115176692,12365.980432050601,118410.113953185
TFCFA-201903,2014-10-03,34.771610260009766,9.622202514988572,2.1432456970214844,0.2619042109928289,1.3299197610074631,Hammer,2014-10-10,34.84305191040039,2014-10-17,32.832481384277344,Stop loss (-3%),1,-0.05770362858263023,-0.0579823093502683,-5798.230929228599,94201.7690707714
TGNA-202603,1996-07-19,8.23880672454834,5.514184880854543,0.7942895889282227,0.3529409645888389,2.2396975080585753,Hammer,1996-07-26,8.192083358764648,1996-10-11,8.893548965454102,RSI(2) acum > 180,11,0.08562725450528541,0.0843550780717767,8435.507798742161,108435.50779874215
TGNA-202603,1998-08-07,16.313491821289062,6.031271942128171,1.414372444152832,0.39772715779423456,1.5860014676557015,Hammer,1998-08-14,16.32956314086914,1998-08-28,15.911681175231934,Stop loss (-3%),2,-0.02559051715176286,-0.02619488271263555,-2840.455405832673,105595.05239290948
TGNA-202603,2008-07-18,5.187592506408691,0.06061463586044624,1.0393633842468262,0.33431940039537494,1.387197039897312,Hammer,2008-07-25,5.196817398071289,2008-10-10,4.715389251708984,Stop loss (-3%),11,-0.09263903452543443,-0.09447239469507615,-9975.817457534373,95619.2349353751
TGNA-202603,2011-08-12,3.53963041305542,2.0795700036391196,0.3990762233734131,0.3478262947569282,1.0788737962849682,Hammer,2011-08-19,3.5708625316619873,2011-09-16,3.2883987426757812,Stop loss (-3%),4,-0.079102397944941,-0.0817883199917853,-7820.536576443619,87798.69835893148
TGNA-202603,2014-10-03,11.625749588012695,3.358025679437077,0.7201919555664062,0.35151673252327936,1.2108862741047923,Hammer,2014-10-10,11.69639778137207,2014-10-17,10.668057441711426,Stop loss (-3%),1,-0.08791940551974053,-0.08873643636947538,-7790.943602459141,80007.75475647235
TGT,1991-11-08,2.6107656955718994,7.915689502573457,0.2088613510131836,0.22499965754519263,1.3462283467855163,Hammer,1991-11-15,2.6107656955718994,1991-11-29,2.478342056274414,Stop loss (-3%),2,-0.050722146197220264,-0.05444816389273226,-5444.816383828409,94555.1836161716
TGT,1996-07-19,4.336775302886963,3.3878388174891683,0.6386148929595947,0.17272661090256092,2.48798471868127,Hammer,1996-07-26,4.214857578277588,1996-08-02,4.058106899261475,Stop loss (-3%),1,-0.037190029818319426,-0.03951571253837808,-3736.415451053779,90818.76816511783
TGT,2014-02-07,38.66604995727539,2.313526718727047,1.5169868469238281,0.24434391415976603,1.0521125806696243,Hammer,2014-02-14,38.67291259765625,2014-07-18,41.90314865112305,RSI(2) acum > 180,22,0.08352709523260904,0.08325775196208318,7561.3664658319485,98380.13463094977
TGT,2016-01-22,50.812557220458984,8.120674191902125,2.9881134033203125,0.2048764483299205,1.0773390973175934,Hammer,2016-01-29,50.84899139404297,2016-03-11,59.17797088623047,RSI(2) acum > 180,6,0.16379832252018378,0.16358557635580173,16093.571009471718,114473.70564042148
TGT,2022-02-25,173.1270294189453,0.6901637239184737,16.667877197265625,0.2064648014456958,1.647387135462017,Hammer,2022-03-04,171.51065063476562,2022-05-27,135.24525451660156,Stop loss (-3%),12,-0.21144690422399326,-0.21149904387099214,-24211.07926710746,90262.62637331401
THC,1993-04-16,20.159015655517578,0.35054202095247433,4.226890563964844,0.38461573172426616,1.7620406367622041,Hammer,1993-04-23,20.484161376953125,1993-04-30,19.18358039855957,Stop loss (-3%),1,-0.06349202949830535,-0.06396459836895706,-6396.459830499247,93603.54016950076
THC,1995-06-30,38.31480407714844,4.033643802454961,3.998065948486328,0.3333330152881156,1.4452035802316818,Hammer,1995-07-07,38.31480407714844,1995-09-08,42.97921371459961,RSI(2) acum > 180,9,0.12173909667028937,0.12146225038313216,11369.296621446174,104972.83679094692
THC,1996-07-19,51.9748649597168,4.242328546701117,4.33123779296875,0.384615045868974,1.1787420658205194,Hammer,1996-07-26,51.641693115234375,1996-08-23,58.30513381958008,RSI(2) acum > 180,4,0.12903218896167412,0.1288260739075881,13523.238417196473,118496.0752081434
THC,2002-07-26,179.0,5.070475348311533,19.240005493164062,0.2411641405870191,1.5948912300020766,Hammer,2002-08-02,177.39999389648438,2002-11-08,116.83999633789062,Stop loss (-3%),14,-0.34137542075639216,-0.3414221675965688,-40457.186808793165,78038.88839935025
THC,2005-09-16,46.63999938964844,4.196955936372532,4.119998931884766,0.35922328299227896,1.6202783699597074,Hammer,2005-09-23,46.79999923706055,2005-10-07,45.15999984741211,Stop loss (-3%),2,-0.035042722572305784,-0.03525263148262058,-2751.076171304573,75287.81222804567
THC,2006-01-27,29.920000076293945,8.804684869061418,2.8000011444091797,0.21428576294254728,1.0986960179847054,Hammer,2006-02-03,30.0,2006-02-10,28.239999771118164,Stop loss (-3%),1,-0.058666674296061205,-0.05899017593340565,-4441.2412845323815,70846.5709435133
THY-199708,1994-10-07,13.488632202148438,8.884143085658067,1.9983158111572266,0.12499988069024037,1.6856732044239715,Hammer,1994-10-14,13.488632202148438,1994-10-28,9.492000579833984,Stop loss (-3%),2,-0.2962962858219145,-0.2969275849742313,-29692.758467730368,70307.24153226963
TIF-202101,2000-12-22,23.416446685791016,4.659956337141466,4.436317443847656,0.2886597406260265,1.2428380117883584,Hammer,2000-12-29,23.416446685791016,2001-01-12,21.221155166625977,Stop loss (-3%),2,-0.09374998472749208,-0.0941569301311739,-9415.693003701697,90584.3069962983
TIF-202101,2001-08-17,23.924440383911133,4.811827744704402,2.3476905822753906,0.3718747613468891,1.0508350964706044,Hammer,2001-08-24,23.917102813720703,2001-09-07,22.85330581665039,Stop loss (-3%),2,-0.04447850583558288,-0.044887232758419,-4066.0788683368464,86518.22812796144
TIF-202101,2002-07-05,25.381834030151367,8.294356831815591,2.4931869506835938,0.2573962550529856,1.3680638871326876,Hammer,2002-07-12,25.337575912475586,2002-07-19,19.952880859375,Stop loss (-3%),1,-0.21251816163081716,-0.21287082543353059,-18417.206618228447,68101.02150973301
TIF-202101,2008-10-10,22.47532844543457,1.1188532107964022,7.783527374267578,0.29919672810054865,1.9902862390839522,Hammer,2008-10-17,23.420915603637695,2008-10-24,21.795440673828125,Stop loss (-3%),1,-0.0694027064235313,-0.06981477084958011,-4754.457206569879,63346.564303163126
TIF-202101,2011-08-12,56.57280731201172,4.240785171883672,7.577823638916016,0.3540980256040707,1.778189346564618,Hammer,2011-08-19,56.846107482910156,2011-08-26,48.821067810058594,Stop loss (-3%),1,-0.14117131371332958,-0.141334795901152,-8953.073727873689,54393.490575289434
TIF-202101,2020-03-20,123.66276550292969,0.17017175677571572,24.45037841796875,0.15328948189568017,4.825864339090993,Hammer,2020-03-27,122.2431640625,2020-06-19,116.57463073730469,Stop loss (-3%),12,-0.04637096371537908,-0.046450867943441235,-2526.62484516896,51866.86573012048
TIN-201202,2002-10-11,6.4321088790893555,6.466918398906543,0.9015030860900879,0.20231155475886087,1.4347874383566561,Hammer,2002-10-18,6.4060540199279785,2002-12-06,8.621685981750488,RSI(2) acum > 180,7,0.3458653259760396,0.3440357786670606,34403.57783230247,134403.5778323025
TIN-201202,2003-03-14,6.976833343505859,5.404779353553238,0.5730280876159668,0.3630766388705588,1.106168688954656,Hammer,2003-03-21,6.976833343505859,2003-04-04,6.647121906280518,Stop loss (-3%),2,-0.04725803541405249,-0.048656480398708325,-6539.6050437740905,127863.9727885284
TJX,1993-09-10,0.5463146567344666,6.618065242016641,0.05153912305831909,0.20000046259727552,1.2228947287912948,Hammer,1993-09-17,0.5463146567344666,1993-10-08,0.6339312195777893,RSI(2) acum > 180,3,0.1603774706815313,0.14078450825715264,14078.450811636812,114078.45081163682
TJX,1996-07-26,0.6528927087783813,4.204337997118756,0.07533377408981323,0.14814806023620708,1.5287930072061984,Hammer,1996-08-02,0.6528927087783813,1996-10-11,0.8389595150947571,RSI(2) acum > 180,10,0.28498833547172375,0.2676223705888278,30529.945408781292,144608.39622041813
TJX,2022-03-11,57.75301742553711,5.6773498184502245,4.785331726074219,0.3104119268585495,1.169600880521438,Hammer,2022-03-18,57.8564338684082,2022-05-20,53.53071594238281,Stop loss (-3%),9,-0.07476641121476713,-0.0749327770875144,-10835.908708131643,133772.4875122865
TKA-199108,1990-06-15,6.625,0.3796650729967439,1.625,0.38461538461538464,1.1943827502225957,Hammer,1990-06-22,6.625,1990-07-06,6.375,Stop loss (-3%),2,-0.037735849056603765,-0.0392156862745098,-3921.5686235294115,96078.4313764706
TKA-199108,1991-04-12,5.625,0.6780244992573046,1.125,0.3333333333333333,1.5653798247339301,Hammer,1991-04-19,4.75,1991-08-02,5.0,End of data,15,0.05263157894736836,0.05047318611987385,4849.384544120743,100927.81592059134
TKO,2025-08-08,160.7913818359375,3.2824957577044103,15.750259399414062,0.3122855933246077,1.50272544151951,Hammer,2025-08-15,161.69732666015625,2025-09-19,204.11634826660156,RSI(2) acum > 180,5,0.26233594879152555,0.26226599506867193,26226.599480640594,126226.5994806406
TKR,1998-10-09,5.657334327697754,0.005069984292632057,0.8474545478820801,0.21621603372868395,1.0161406981065992,Hammer,1998-10-16,5.748950958251953,1998-11-13,7.008681297302246,RSI(2) acum > 180,4,0.2191235145678354,0.21719516695880234,21719.51667416071,121719.51667416072
TLAB-201312,2000-10-13,31.31745719909668,2.2713357413158946,8.21025276184082,0.28865984889896407,1.487052554578669,Hammer,2000-10-20,30.76728630065918,2000-12-15,44.56389617919922,RSI(2) acum > 180,8,0.44841815894060355,0.44802033049603845,44802.03300480181,144802.0330048018
TLAB-201312,2010-06-11,4.690625190734863,7.760757580132321,0.6671714782714844,0.24489765287744075,1.2899467436924483,Hammer,2010-06-18,4.711048603057861,2010-07-02,4.370655059814453,Stop loss (-3%),2,-0.07225430512910958,-0.07429811961993238,-10758.518758641643,134043.51424616016
TMO,2001-03-23,17.33856773376465,1.0294461591562083,2.8722305297851562,0.38591490932852374,1.4691387851869728,Hammer,2001-03-30,17.850309371948242,2001-04-20,17.217205047607422,Stop loss (-3%),3,-0.035467414662053054,-0.036017540270188546,-3601.754023417101,96398.2459765829
TMO,2004-07-30,24.308902740478516,1.6665746730591309,2.2305221557617188,0.3983056789768743,1.532891546393684,Hammer,2004-08-06,24.034814834594727,2004-08-13,23.004615783691406,Stop loss (-3%),1,-0.04286278292522949,-0.04326984454998441,-4171.137114126765,92227.10886245614
TMO,2011-08-12,50.69710922241211,5.2402139474280744,4.943061828613281,0.30783905466455314,1.5417910849342038,Hammer,2011-08-19,51.13187026977539,2011-08-26,48.73122787475586,Stop loss (-3%),1,-0.04695002123633596,-0.04714098423118294,-4347.67668022496,87879.43218223119
TMO,2022-01-28,564.5755615234375,4.531478237172038,32.83636474609375,0.18394917387093837,1.0385082030198989,Hammer,2022-02-04,566.5198364257812,2022-02-25,529.3407592773438,Stop loss (-3%),3,-0.06562714093649968,-0.0656491526042212,-5769.210249081487,82110.2219331497
TMO,2022-05-13,534.6637573242188,6.868048706787661,39.26385498046875,0.33199181096193214,1.0877744124537834,Hammer,2022-05-20,530.6347045898438,2022-06-24,500.28509521484375,Stop loss (-3%),5,-0.057194919805441,-0.05721858074601719,-4698.230359753987,77411.99157339572
TMUS,2023-06-09,125.6187744140625,5.606959083249791,6.655799865722656,0.23706855542653563,1.0122737152546537,Hammer,2023-06-16,125.9343490600586,2023-07-14,132.95355224609375,RSI(2) acum > 180,4,0.05573700295768935,0.0556553868060139,5565.538675035852,105565.53867503584
TNB-201205,1995-10-06,26.290433883666992,0.8427531800744248,1.1318778991699219,0.31818243095226056,1.498303581504782,Hammer,1995-10-13,26.187536239624023,1995-12-15,30.663597106933594,RSI(2) acum > 180,9,0.1709233288062013,0.170508912403577,17050.89122330681,117050.8912233068
TNB-201205,1996-07-19,29.884477615356445,2.2429675497264725,2.5254478454589844,0.2916668554795772,1.8421660613267405,Hammer,1996-07-26,29.674022674560547,1996-08-16,31.357654571533203,RSI(2) acum > 180,3,0.056737568594501075,0.056391071745337945,6600.625198228616,123651.5164215354
TNB-201205,1997-10-31,43.184024810791016,8.221849268099618,5.6421356201171875,0.38461528059865374,2.2643767661697844,Hammer,1997-11-07,43.238277435302734,1997-11-21,41.55648422241211,Stop loss (-3%),2,-0.03889593463585794,-0.039122687114124435,-4837.579583309169,118813.93683822625
TNB-201205,2003-03-14,14.435978889465332,1.6748372626033898,1.519576072692871,0.22368458212704853,1.2170215682779064,Hammer,2003-03-21,14.395990371704102,2003-08-29,17.105236053466797,RSI(2) acum > 180,23,0.18819446330610412,0.18743472581346404,22269.857651821316,141083.79449004756
TNB-201205,2004-02-06,20.75,9.155353786463948,1.4200000762939453,0.30281710005117607,1.2837205579716675,Hammer,2004-02-13,20.75,2004-05-07,24.200000762939453,RSI(2) acum > 180,12,0.16626509700913017,0.16574323117029405,23383.683941162526,164467.47843121007
TOY-200507,1990-08-24,25.0,1.63373882983349,3.875,0.3870967741935484,1.5430083822172922,Hammer,1990-08-31,27.5,1990-09-07,25.25,Stop loss (-3%),1,-0.08181818181818179,-0.0821668787493182,-8216.687866715132,91783.31213328487
TOY-200507,1993-09-10,35.375,8.897210952997611,2.375,0.3157894736842105,1.241473756167671,Hammer,1993-09-17,35.625,1993-09-24,34.5,Stop loss (-3%),1,-0.03157894736842104,-0.03185517822060074,-2923.7737627590423,88859.53837052581
TOY-200507,1996-07-19,26.125,2.5767118336666925,3.0,0.20833333333333334,1.7068410013355928,Hammer,1996-07-26,26.0,1996-08-30,30.0,RSI(2) acum > 180,5,0.15384615384615374,0.1534320323014805,13633.899547927263,102493.43791845307
TOY-200507,2002-07-05,16.850000381469727,1.6676156497520367,1.9500007629394531,0.38461523413428905,1.3576124184748015,Hammer,2002-07-12,16.799999237060547,2002-07-19,14.699999809265137,Stop loss (-3%),1,-0.12499997161683452,-0.12555784133224876,-12868.854802892965,89624.58311556012
TOY-200507,2002-07-26,13.5,0.11261506818169664,1.8500003814697266,0.3621621287243552,1.20090634658637,Hammer,2002-08-02,13.720000267028809,2002-08-09,12.649999618530273,Stop loss (-3%),1,-0.07798838394120922,-0.07868857030866444,-7052.430302821062,82572.15281273906
TPR,2005-10-14,19.607351303100586,6.26451406442348,2.227231979370117,0.3294804964584559,1.5616014297530052,Hammer,2005-10-21,19.607351303100586,2006-06-16,18.493736267089844,Stop loss (-3%),34,-0.05679579147616143,-0.057291194647992344,-5729.119459070114,94270.88054092988
TPR,2011-08-12,35.931793212890625,4.201514514243129,4.156139373779297,0.23529357773745374,1.4295430344018234,Hammer,2011-08-19,36.21591567993164,2011-08-26,31.081859588623047,Stop loss (-3%),1,-0.141762426682298,-0.14201894112132238,-13388.250619609287,80882.6299213206
TPR,2012-07-13,38.35581970214844,3.04534815570355,3.863758087158203,0.3194446227073606,1.302752906873423,Hammer,2012-07-20,38.18141555786133,2012-08-10,35.55862045288086,Stop loss (-3%),3,-0.06869297711096656,-0.06894585591546734,-5576.522143042916,75306.10777827768
TPR,2014-02-07,33.02665328979492,0.5484644137884658,2.492971420288086,0.09470748679262606,1.4302184938092593,Hammer,2014-02-14,33.0474853515625,2014-03-28,35.30782699584961,RSI(2) acum > 180,6,0.06839678178963893,0.06808388598773647,5127.13245102932,80433.240229307
TRB-200712,1995-10-13,13.557596206665039,8.212967240199731,0.5894603729248047,0.36363724611466863,1.4249529278595683,Hammer,1995-10-20,13.611183166503906,1995-12-01,14.468581199645996,RSI(2) acum > 180,6,0.06299217508526977,0.06223462351965911,6223.4623457424495,106223.46234574246
TRB-200712,2007-08-17,25.670000076293945,1.2224086912913776,4.219999313354492,0.3151659099794576,2.5340079605041503,Hammer,2007-08-24,26.209999084472656,2007-12-20,33.97999954223633,End of data,17,0.29645176379906024,0.2960137603956651,31443.60649976696,137667.0688455094
TRIP,2014-10-17,72.0757827758789,0.8986963495475777,7.167564392089844,0.2915631948753921,1.1711762485021233,Hammer,2014-10-24,71.8178939819336,2014-11-14,65.5573959350586,Stop loss (-3%),3,-0.08717184116328835,-0.08730500400683226,-8730.500391952726,91269.49960804728
TRIP,2016-01-22,62.82732009887695,3.312197863363963,5.940361022949219,0.27095740513604283,1.1115116991698986,Hammer,2016-01-29,62.925140380859375,2016-02-05,59.154605865478516,Stop loss (-3%),1,-0.05992095516290308,-0.06007510061952333,-5483.02436696396,85786.47524108333
TROW,2000-10-20,10.376259803771973,7.365454996717588,1.1344308853149414,0.18666674512856682,1.1341072023346597,Hammer,2000-10-27,10.421636581420898,2000-11-24,9.559469223022461,Stop loss (-3%),4,-0.0827285956157271,-0.08364800591137343,-8364.800582772543,91635.19941722744
TROW,2002-07-26,6.174560546875,1.5511554636630365,0.9979090690612793,0.18750008959430267,1.3489161410012551,Hammer,2002-08-02,6.276845932006836,2002-10-11,5.734614372253418,Stop loss (-3%),10,-0.08638599156759219,-0.08790912189357039,-8055.569907255109,83579.62950997232
TROW,2017-02-03,47.372314453125,1.0420149651094732,2.7635574340820312,0.3974684243218994,1.27523856290028,Hammer,2017-02-10,46.66568374633789,2017-06-30,52.5638542175293,RSI(2) acum > 180,20,0.12639202938185323,0.12616422127420462,10544.758860967435,94124.38837093975
TROW,2020-03-13,82.2033920288086,1.50473743478247,16.722267150878906,0.3437643858691015,2.6949230981540677,Hammer,2020-03-20,70.33969116210938,2020-06-05,93.46968841552734,RSI(2) acum > 180,11,0.3288327951300083,0.3286672650269785,30935.605267278304,125059.99363821805
TROW,2025-11-21,96.48367309570312,4.949026899941288,5.5210418701171875,0.2369336727220467,1.1069260278673672,Hammer,2025-11-28,96.79146575927734,2026-02-13,91.85344696044922,Stop loss (-3%),11,-0.051017088749426454,-0.051117763030040037,-6392.787112943957,118667.20652527409
TRV,1991-10-11,5.932180881500244,3.551914648635986,0.28906822204589844,0.3478258717957177,1.1358023813965488,Hammer,1991-10-18,5.932180881500244,1991-11-15,6.761680603027344,RSI(2) acum > 180,4,0.13983048361083017,0.1380284242443399,13802.842410631147,113802.84241063114
TRV,1998-08-07,18.1378173828125,9.908809438885655,1.5270671844482422,0.2040823208926049,1.5271852592905064,Hammer,1998-08-14,18.1378173828125,1998-08-21,17.327537536621094,Stop loss (-3%),1,-0.04467350338190257,-0.04521237406977885,-5145.296676128251,108657.54573450288
TRV,2002-07-26,15.093502044677734,0.12362515551662057,3.4379653930664062,0.34959367184396645,1.8343319588578515,Hammer,2002-08-02,16.07178497314453,2002-12-06,21.16217613220215,RSI(2) acum > 180,18,0.3167284260935239,0.31600790627878367,34336.64349461479,142994.18922911768
TRV,2008-07-18,28.791366577148438,6.2974360149951,2.450052261352539,0.28074872346603785,1.3176049235229241,Hammer,2008-07-25,28.49657440185547,2008-10-10,25.337779998779297,Stop loss (-3%),11,-0.11084821489527863,-0.11117962672510752,-15898.040566454652,127096.14866266304
TRV,2011-08-12,36.373992919921875,1.090436936277115,2.539703369140625,0.2745100395332909,1.644925835525118,Hammer,2011-08-19,36.452247619628906,2011-08-26,35.925811767578125,Stop loss (-3%),1,-0.01444179402993262,-0.014714107264695351,-1870.106362481984,125226.04230018106
TRW-200212,1990-07-06,16.017065048217773,3.8136030292990313,0.6945075988769531,0.31249965670846586,1.074635248469258,Hammer,1990-07-13,16.103878021240234,1990-08-03,14.67145824432373,Stop loss (-3%),3,-0.08894874731584601,-0.0895419144036359,-8954.1914314094,91045.80856859061
TRW-200212,1991-10-25,14.010177612304688,0.28695508321098373,0.6890249252319336,0.33333379469754115,1.068677108341278,Hammer,1991-11-01,13.964242935180664,1991-11-29,13.199319839477539,Stop loss (-3%),4,-0.0547772692908417,-0.055473521313852234,-5050.631597115989,85995.17697147463
TRW-200212,1992-08-28,20.767959594726562,4.8768471299677,0.9548473358154297,0.2,1.1493687125814762,Hammer,1992-09-04,20.720216751098633,1992-09-18,20.624731063842773,Stop loss (-3%),2,-0.004608334381965173,-0.00508972661288417,-437.6919403737064,85557.48503110094
TRW-200212,1996-07-19,36.01578140258789,0.8830676950977363,1.649169921875,0.35483900814211694,1.2015192893267024,Hammer,1996-07-26,35.962581634521484,1996-08-16,39.92103576660156,RSI(2) acum > 180,3,0.11007146740211349,0.1097781377742221,9392.341369967802,94949.82640106874
TRW-200212,2000-09-08,41.476524353027344,9.789831230952174,6.449275970458984,0.3669724879172904,1.5290625568064897,Hammer,2000-09-15,41.23985290527344,2000-10-06,38.577308654785156,Stop loss (-3%),3,-0.0645624090028657,-0.0647970367751409,-6152.46738695083,88797.3590141179
TSCO,2014-02-07,11.088509559631348,2.4510048400290003,0.7651271820068359,0.08496635896566596,1.3269226315071532,Hammer,2014-02-14,11.101844787597656,2014-03-14,12.139396667480469,RSI(2) acum > 180,4,0.0934576099498261,0.09251519216602522,9251.519207351,109251.51920735101
TSCO,2018-02-09,11.613081932067871,6.732327134346875,0.7980718612670898,0.3763686921857131,1.0404716116538004,Hammer,2018-02-16,11.674203872680664,2018-03-09,11.319002151489258,Stop loss (-3%),3,-0.030426205081327207,-0.031269402021970476,-3416.229672189458,105835.28953516154
TSN,2008-09-26,9.041476249694824,2.02764954436482,1.3394765853881836,0.398936166425663,1.1330072462256668,Hammer,2008-10-03,9.034351348876953,2008-10-10,8.100992202758789,Stop loss (-3%),1,-0.10331224789416549,-0.1043613761329641,-10436.137602860272,89563.86239713973
TSN,2008-10-31,6.227147579193115,6.507707086846352,2.906951904296875,0.2573529604745158,2.058136656796791,Hammer,2008-11-07,6.220022678375244,2008-11-14,5.664281845092773,Stop loss (-3%),1,-0.08934707508616957,-0.09088173047911387,-8139.718794905575,81424.14360223415
TSS-201909,2008-09-19,15.699175834655762,2.7755783297034498,1.8971281051635742,0.2798158934651329,1.2603650724593642,Hammer,2008-09-26,15.620854377746582,2008-10-10,13.114554405212402,Stop loss (-3%),2,-0.16044576768506635,-0.16103439285327942,-16103.439269224502,83896.56073077551
TSS-201909,2014-01-31,28.523452758789062,2.050348382479754,4.228878021240234,0.3498874681460433,3.6516639317444946,Hammer,2014-02-07,28.456632614135742,2014-04-17,27.774559020996094,Stop loss (-3%),10,-0.023968879325547143,-0.024316018779468113,-2040.030344222294,81856.53038655323
TSS-201909,2018-10-12,93.47966003417969,8.692488745188896,6.706977844238281,0.3605335929937197,1.9380402010044808,Hammer,2018-10-19,93.31048583984375,2018-11-09,90.35504913330078,Stop loss (-3%),3,-0.031673146698813937,-0.03177861294782858,-2601.286993805157,79255.24339274809
TT,1990-10-19,1.8291336297988892,0.2778726360540702,0.19216573238372803,0.18518513923361185,1.1199015068209592,Hammer,1990-10-26,1.836250901222229,1990-11-02,1.7864301204681396,Stop loss (-3%),1,-0.02713179376572561,-0.03248920650324193,-3248.9206470752724,96751.07935292472
TT,1997-04-04,5.783318996429443,4.109154189509624,0.35941553115844727,0.36363696668254286,1.260101897774006,Hammer,1997-04-11,5.783318996429443,1997-05-09,6.518486499786377,RSI(2) acum > 180,4,0.12711861541976455,0.1252811919668313,12121.0905332908,108872.16988621552
TT,1997-11-14,7.508958339691162,6.155397109258118,0.7995610237121582,0.14711226913628989,1.3737852424564894,Hammer,1997-11-21,7.657161235809326,1998-01-16,7.249602794647217,Stop loss (-3%),8,-0.05322578807092759,-0.05449616998538719,-5933.116270864037,102939.05361535147
TT,2002-07-05,9.516091346740723,1.3580005235130983,0.7670183181762695,0.23076875255664403,1.1936223566849662,Hammer,2002-07-12,9.556127548217773,2002-07-19,8.850217819213867,Stop loss (-3%),1,-0.07386985213854325,-0.07487712358124066,-7707.780231184852,95231.2733841666
TT,2004-05-14,13.690023422241211,7.739694145364396,1.095383644104004,0.306538521478017,1.3858654454361847,Hammer,2004-05-21,13.403502464294434,2004-06-25,14.912074089050293,RSI(2) acum > 180,5,0.11255055376566991,0.11176278848039987,10643.312653310433,105874.58603747704
TT,2007-12-21,21.03104019165039,8.427044833705665,1.7464771270751953,0.23622054983470886,1.1949957181472481,Hammer,2007-12-28,21.118133544921875,2008-01-11,19.614608764648438,Stop loss (-3%),2,-0.07119591213282095,-0.07165247414900235,-7586.176031500474,98288.41000597656
TT,2011-08-12,14.80044937133789,1.0770792950488897,1.7581310272216797,0.3490307203447292,1.1928200861883835,Hammer,2011-08-19,14.94168472290039,2011-08-26,13.79232406616211,Stop loss (-3%),1,-0.07692309656197682,-0.07756640875430929,-7623.878978710842,90664.53102726572
TT,2014-10-03,36.13825988769531,1.0753332149957515,1.9539375305175781,0.37704822017402917,1.2975979198434258,Hammer,2014-10-10,36.25357437133789,2014-10-17,35.07480239868164,Stop loss (-3%),1,-0.03251464146906813,-0.03278595458501995,-2972.5231937595436,87692.00783350618
TT,2017-08-04,59.58771514892578,6.5456739773186,2.2570037841796875,0.36227563127471857,1.1326242979088403,Hammer,2017-08-11,59.54041290283203,2017-08-18,57.965911865234375,Stop loss (-3%),1,-0.026444241160490267,-0.026609959698882014,-2333.4807920301646,85358.52704147603
TT-200806,2007-08-10,36.588462829589844,2.978753614423809,6.770538330078125,0.29796445458110404,2.782335918933722,Hammer,2007-08-17,37.395416259765625,2007-08-24,32.97684860229492,Stop loss (-3%),1,-0.1181580016860172,-0.11840958204079773,-11840.958192238813,88159.0418077612
TTWO,2018-10-26,120.05999755859375,5.936468208045383,14.154998779296875,0.3472272228462522,1.5339219526761632,Hammer,2018-11-02,122.3499984741211,2018-11-16,111.2699966430664,Stop loss (-3%),2,-0.09055988532274706,-0.09063791401542377,-9063.791392478586,90936.20860752142
TTWO,2022-11-11,102.25,8.400406621686216,19.389999389648438,0.36823102704480765,1.7102987900571798,Hammer,2022-11-18,102.23999786376953,2022-11-25,98.33000183105469,Stop loss (-3%),1,-0.038243310978201994,-0.03833924509380719,-3486.4255862189175,87449.78302130249
TUPBQ-202506,1997-02-07,18.74470329284668,9.521685060766458,1.1496753692626953,0.21739130434782608,1.0433111378304012,Hammer,1997-02-14,18.74470329284668,1997-03-07,17.894943237304688,Stop loss (-3%),3,-0.045333342559029766,-0.04585459524951555,-4585.459520366096,95414.5404796339
TUPBQ-202506,2000-09-29,8.340892791748047,6.161315691985905,0.8109197616577148,0.3928574368672168,1.0448755836326518,Hammer,2000-10-06,8.427777290344238,2000-10-13,7.674780368804932,Stop loss (-3%),1,-0.08934703606869399,-0.09047990896343945,-8633.098927752584,86781.44155188132
TUPBQ-202506,2002-07-26,8.464500427246094,1.4591480038821345,0.7369093894958496,0.34459441533676155,1.048880477830261,Hammer,2002-08-02,8.345001220703125,2002-09-13,9.161576271057129,RSI(2) acum > 180,6,0.09785199891021734,0.09659580029212084,8382.722788825162,95164.16434070647
TWC-201605,2011-08-12,58.380558013916016,3.8746182451037328,5.7569580078125,0.2910210502321834,1.66846197492384,Hammer,2011-08-19,58.36273193359375,2011-08-26,56.18827819824219,Stop loss (-3%),1,-0.03725757282619491,-0.037425708743263425,-3742.5708705837715,96257.42912941622
TWX-200101,1990-08-24,9.030135154724121,0.9848279202801677,1.0847673416137695,0.3996761207637009,1.5044765540273046,Hammer,1990-08-31,9.348505020141602,1990-09-21,9.030135154724121,Stop loss (-3%),3,-0.034055698181853056,-0.03510661134092259,-3510.6611305815977,96489.33886941841
TWX-200101,1996-07-19,17.490243911743164,7.092896771762938,3.9138994216918945,0.28125002284345035,3.3784320358579705,Hammer,1996-07-26,17.36793327331543,1996-08-30,16.57292366027832,Stop loss (-3%),5,-0.04577456629561005,-0.04633700022745108,-4471.026512667819,92018.3123567506
TWX-201806,2002-06-28,22.411293029785156,3.3147491792435204,4.738212585449219,0.3697747513473215,1.1660031315297859,Hammer,2002-07-05,21.938995361328125,2002-07-19,19.88221549987793,Stop loss (-3%),2,-0.09374995653062956,-0.09418430087223213,-9418.430077804784,90581.56992219521
TWX-201806,2002-07-26,16.606599807739258,0.15450787035669578,5.332394599914551,0.37142865829634364,1.3157124028625258,Hammer,2002-08-02,17.52072525024414,2002-08-09,15.265884399414062,Stop loss (-3%),1,-0.12869563437727316,-0.12922950796564203,-11705.811700094873,78875.75822210034
TWX-201806,2017-11-17,87.96404266357422,1.5781765726934083,3.5891571044921875,0.24861937173442622,1.2170109174174844,Hammer,2017-11-24,87.99378967285156,2018-02-09,96.42198181152344,RSI(2) acum > 180,11,0.09578167016111827,0.095662590019337,7545.459313719675,86421.21753582002
TX-200110,1997-10-31,50.33586502075195,9.385434653914999,7.498004913330078,0.3750000635952048,3.065577032113092,Hammer,1997-11-07,51.12496566772461,1997-12-12,49.457847595214844,Stop loss (-3%),5,-0.032608688352865234,-0.032801079574524994,-3280.107954172392,96719.8920458276
TXN,2006-02-03,18.41521453857422,9.37719959978493,1.2460975646972656,0.36945787171253025,1.0185395017586447,Hammer,2006-02-10,18.445905685424805,2006-07-21,17.589401245117188,Stop loss (-3%),23,-0.04643330909928656,-0.04696270497941505,-4696.270493245234,95303.72950675477
TXN,2014-02-07,30.06848907470703,8.035624383994389,1.5553874969482422,0.2534559782015547,1.534291918881779,Hammer,2014-02-14,30.08282470703125,2014-03-07,32.0252685546875,RSI(2) acum > 180,3,0.06456986225772354,0.06422677167501091,6121.050868686289,101424.78037544104
TXT,1993-10-22,9.444205284118652,5.928865752699238,0.36241817474365234,0.35294179562815936,1.0312469874718524,Hammer,1993-10-29,9.401568412780762,1993-11-12,9.060467720031738,Stop loss (-3%),2,-0.03628125412408012,-0.037325055997251985,-3732.505595992694,96267.4944040073
TXT,1997-10-31,21.569812774658203,2.3467865611334418,2.2619152069091797,0.371134038005051,1.6641775728010257,Hammer,1997-11-07,21.919593811035156,1997-11-21,20.986845016479492,Stop loss (-3%),2,-0.04255319704355487,-0.04299960139198374,-4139.463882237875,92128.03052176944
TXT,1998-09-25,22.962799072265625,9.753012647832435,2.0853729248046875,0.340908924612379,1.2877293440555715,Hammer,1998-10-02,22.962799072265625,1998-10-30,26.63589859008789,RSI(2) acum > 180,4,0.15995870130042733,0.15948848674166516,14693.36015971359,106821.39068148303
TXT,2003-03-14,13.956755638122559,0.17262486640170494,1.5041427612304688,0.29859219582959257,1.2689015505345853,Hammer,2003-03-21,13.960993766784668,2003-03-28,11.439964294433594,Stop loss (-3%),1,-0.18057664908847593,-0.18122802534615354,-19359.029678576146,87462.36100290688
TXT,2004-03-26,22.973461151123047,9.46817993121509,1.1334152221679688,0.18846047698220908,1.0011595881095554,Hammer,2004-04-02,23.060646057128906,2004-06-18,24.79240608215332,RSI(2) acum > 180,11,0.07509590237559993,0.07464607844757373,6528.722254104279,93991.08325701115
TXT,2008-09-19,34.008941650390625,8.279846135196209,9.513236999511719,0.2515163374685926,2.1458209195590277,Hammer,2008-09-26,33.611732482910156,2008-10-03,30.225967407226562,Stop loss (-3%),1,-0.10073164414851521,-0.10101413269150729,-9494.427746447807,84496.65551056335
TXT,2015-09-04,38.053104400634766,9.318928597427316,2.7862930297851562,0.34982270231787627,1.114521659602303,Hammer,2015-09-11,38.8210563659668,2016-01-22,37.331661224365234,Stop loss (-3%),19,-0.03836565207193254,-0.03861827035608672,-3263.1146834289457,81233.54082713439
TXT,2017-01-27,47.174034118652344,9.979396499275325,6.241153717041016,0.3496837870496632,2.8620797060245176,Hammer,2017-02-03,46.90740203857422,2017-06-30,45.35575485229492,Stop loss (-3%),21,-0.03307894103799014,-0.03328857867894334,-2704.14911248907,78529.39171464533
TXU-200710,1991-06-21,7.436707973480225,9.711901833179766,0.29111671447753906,0.27272831506463385,1.2475959280112787,Hammer,1991-06-28,7.410243034362793,1991-08-23,7.860150337219238,RSI(2) acum > 180,8,0.06071424388783675,0.05932473161269042,5932.473155336569,105932.47315533656
TXU-200710,1995-03-24,8.914116859436035,8.007768347207048,0.4616870880126953,0.23077002524198845,1.4107826595409527,Hammer,1995-03-31,8.985145568847656,1995-06-09,10.128995895385742,RSI(2) acum > 180,10,0.1273045959882857,0.1261214646475875,13360.358654731932,119292.8318100685
TXU-200710,1998-08-07,13.772659301757812,6.279525246858981,0.6671133041381836,0.19354870989923076,1.4892535956759738,Hammer,1998-08-14,13.686580657958984,1998-09-04,15.149925231933594,RSI(2) acum > 180,3,0.10691820042894706,0.10614877933248515,12662.788467091439,131955.62027715993
TXU-200710,2007-08-17,63.09157180786133,1.0444442980224693,4.103435516357422,0.27845078186951455,1.9746312263327153,Hammer,2007-08-24,63.09157180786133,2007-09-21,67.69999694824219,RSI(2) acum > 180,4,0.07304343525336998,0.07287915981210132,9616.814728667283,141572.43500582722
UAL,2019-08-09,86.9800033569336,9.903688313838558,4.849998474121094,0.39175144211332724,1.1058503447360264,Hammer,2019-08-16,86.23999786376953,2019-08-23,84.0199966430664,Stop loss (-3%),1,-0.025742129820202297,-0.025856586189793695,-2585.658616393711,97414.3413836063
UAL,2022-03-11,34.869998931884766,5.325237963702236,5.959999084472656,0.273490154111233,1.1264156462594304,Hammer,2022-03-18,34.869998931884766,2022-09-30,32.72999954223633,Stop loss (-3%),28,-0.061370790226541794,-0.061648729906706376,-6005.470414992165,91408.87096861412
UALAQ-200602,1992-05-29,19.27997589111328,7.620212618066546,1.588003158569336,0.34615306082003816,1.3172460159611417,Hammer,1992-06-05,19.2392578125,1992-07-02,18.343460083007812,Stop loss (-3%),4,-0.04656092964824121,-0.047068467816089615,-4706.846776902114,95293.15322309789
UAWGQ-200303,1991-10-11,8.0,0.6637016386616494,1.5,0.3333333333333333,1.0840559649528427,Hammer,1991-10-18,8.375,1992-01-24,15.5,RSI(2) acum > 180,14,0.8507462686567164,0.8490453460620524,84904.53452130071,184904.53452130072
UAWGQ-200303,1996-07-19,16.5,4.423873783884645,2.25,0.3888888888888889,1.4108223869005745,Hammer,1996-07-26,16.375,1996-11-15,20.0,RSI(2) acum > 180,16,0.22137404580152675,0.2206959706959707,40807.6856914574,225712.2202127581
UCC-199904,1992-07-10,36.049537658691406,1.8675295093904936,2.0912704467773438,0.3809534232982011,1.016867860165631,Hammer,1992-07-17,35.850372314453125,1992-07-24,34.257022857666016,Stop loss (-3%),1,-0.044444432621547625,-0.044717133118174594,-4471.713307345746,95528.28669265425
UCL-200508,1991-06-14,17.529417037963867,2.2098381253055805,1.5935821533203125,0.38888875590068656,1.170697450930174,Hammer,1991-06-21,17.529417037963867,1991-06-28,16.289962768554688,Stop loss (-3%),1,-0.07070710148117676,-0.07125724606093144,-7125.724598967419,92874.27540103259
UCL-200508,1994-03-11,20.84311866760254,4.245660123849106,1.3385486602783203,0.2857142857142857,1.2068820417477906,Hammer,1994-03-18,20.84311866760254,1994-04-08,18.930906295776367,Stop loss (-3%),3,-0.09174310247527473,-0.09220075933341862,-8563.078705953169,84311.19669507943
UCL-200508,1996-05-10,25.366018295288086,7.803479669599554,1.9355602264404297,0.36842068958041607,1.4584519086261232,Hammer,1996-05-17,25.26414680480957,1996-11-22,33.377838134765625,RSI(2) acum > 180,27,0.3211543770958234,0.3206950908375605,27038.186855713735,111349.38355079315
UCL-200508,1997-10-31,34.66537094116211,7.359539926951442,3.151397705078125,0.16666707015929888,1.5555196515699514,Hammer,1997-11-07,35.13808059692383,1997-12-05,33.08967208862305,Stop loss (-3%),4,-0.05829597045434831,-0.05857222740117322,-6521.9814077955325,104827.40214299761
UCL-200508,2002-07-26,28.54559326171875,2.0996095657170315,2.0510120391845703,0.38812782415669367,1.1679080069371208,Hammer,2002-08-02,28.61115074157715,2002-11-01,26.73023223876953,Stop loss (-3%),13,-0.0657407498145226,-0.06607871617269091,-6926.86014640081,97900.54199659682
UCM-200010,1999-02-05,32.4437141418457,2.4669738761598836,1.9187145233154297,0.36363708660094496,1.3857897359383422,Hammer,1999-02-12,32.327430725097656,1999-05-14,37.02229309082031,RSI(2) acum > 180,13,0.14522844099941912,0.14489669538164626,14489.669523674958,114489.66952367495
UDR,2022-05-13,41.14682388305664,2.767610107041733,2.834217071533203,0.26488041961147984,1.1632714605736576,Hammer,2022-05-20,41.23117446899414,2022-05-27,39.68753433227539,Stop loss (-3%),1,-0.03743866519930372,-0.037676631179425976,-3767.663114174935,96232.33688582506
UHS,2014-10-17,98.3908920288086,8.092402962995507,7.61907958984375,0.23000096129967718,1.4182309767479444,Hammer,2014-10-24,98.05755615234375,2014-11-14,93.74325561523438,Stop loss (-3%),3,-0.04399763471982321,-0.04409736709689085,-4409.736705279349,95590.26329472064
UIS,2002-07-05,83.80000305175781,0.8364512879802817,14.5,0.3241377205684267,1.229940706492155,Hammer,2002-07-12,84.0,2002-07-19,79.0,Stop loss (-3%),1,-0.059523809523809534,-0.059639307184096255,-5963.9307124456955,94036.0692875543
UIS,2005-10-28,50.400001525878906,3.3761886632649976,8.199996948242188,0.19512183775435202,1.5654087016076739,Hammer,2005-11-04,50.70000076293945,2005-12-09,63.0,RSI(2) acum > 180,5,0.24260353159701653,0.24238238935287368,22792.687136477107,116828.75642403141
ULTA,2019-05-31,333.3800048828125,7.581703109837818,34.459991455078125,0.14857795666786222,1.7450144367212963,Hammer,2019-06-07,333.8900146484375,2019-06-28,357.7300109863281,RSI(2) acum > 180,3,0.07140074662907314,0.07136972788581922,7136.972781444949,107136.97278144494
UMG-200006,1996-04-26,19.25,5.829770247256192,1.5,0.25,1.380330477094365,Hammer,1996-05-03,19.25,1996-05-24,18.75,Stop loss (-3%),3,-0.025974025974025983,-0.026486626850168834,-2648.662682368221,97351.33731763178
UMG-200006,1996-07-19,16.125,7.892849153431342,2.875,0.391304347826087,2.313082623292847,Hammer,1996-07-26,16.125,1996-11-29,19.0,RSI(2) acum > 180,18,0.17829457364341095,0.17761934283942962,17291.480541605917,114642.81785923771
UMG-200006,1998-06-12,36.5,9.509566251025788,1.875,0.23333333333333334,1.0362012935708094,Hammer,1998-06-19,36.125,1998-07-02,43.875,RSI(2) acum > 180,2,0.2145328719723183,0.21422640464987544,24559.518664355506,139202.3365235932
UN-202011,2001-09-28,9.271336555480957,2.467555659708509,0.7517309188842773,0.20319645999287025,1.5212165871252428,Hammer,2001-10-05,9.008746147155762,2001-11-30,9.864439964294434,RSI(2) acum > 180,8,0.09498478513670094,0.09382267964197381,9382.267954815114,109382.2679548151
UNH,2006-04-13,41.06120300292969,4.501015042629703,2.2410964965820312,0.1027387700216174,1.0841419204560354,Hammer,2006-04-21,40.700477600097656,2006-04-28,37.975852966308594,Stop loss (-3%),1,-0.06694330864025355,-0.06718075293587751,-6718.075286869676,93281.92471313031
UNH,2006-04-28,38.17540740966797,7.442190878328205,3.06231689453125,0.26817087875949214,1.325894000304253,Hammer,2006-05-05,37.837703704833984,2006-05-12,35.42008590698242,Stop loss (-3%),1,-0.06389441115959416,-0.06415022078724948,-5984.0560598228385,87297.86865330748
UNH,2006-05-12,35.182159423828125,1.638596651046356,2.563446044921875,0.24251479184276004,1.0709987714846083,Hammer,2006-05-19,35.1898307800293,2006-05-26,34.09998321533203,Stop loss (-3%),1,-0.03097052587464466,-0.031250258640861436,-2728.080971483728,84569.78768182376
UNH,2008-02-15,36.66047286987305,1.715882974123943,3.5708236694335938,0.19569903960173918,1.619218980140326,Hammer,2008-02-22,37.00603485107422,2008-03-07,35.50091552734375,Stop loss (-3%),2,-0.04067226682857583,-0.04093696190411973,-3462.0301731082827,81107.75750871547
UNH,2008-10-03,18.530696868896484,7.99097203262663,3.8429489135742188,0.3780000317647503,1.543013763072056,Hammer,2008-10-10,18.269376754760742,2008-10-17,13.880728721618652,Stop loss (-3%),1,-0.2402188149083121,-0.2407003036093243,-19522.6618378966,61585.09567081887
UNH,2022-05-20,449.2754821777344,7.176803085846814,29.81109619140625,0.31492347852792135,1.2752506929181042,Hammer,2022-05-27,449.79345703125,2022-06-24,424.96099853515625,Stop loss (-3%),4,-0.05520858097846559,-0.05524015990838795,-3401.970530324448,58183.12514049442
UNM,1999-10-01,16.461036682128906,2.632459660370756,2.082028388977051,0.18750025765345268,1.0667992919239164,Hammer,1999-10-08,16.591163635253906,1999-10-22,15.777871131896973,Stop loss (-3%),2,-0.049019617986817976,-0.04960739851998562,-4960.739847037823,95039.26015296219
UNM,2002-11-22,10.021207809448242,7.654572640756868,1.1541271209716797,0.3707318685495666,1.06516807737106,Hammer,2002-11-29,10.021207809448242,2002-12-06,9.644004821777344,Stop loss (-3%),1,-0.037640471572225276,-0.03861908660081983,-3670.3294146547623,91368.93073830742
UNM,2004-10-22,7.747175693511963,4.977311397149506,1.4178242683410645,0.2507475466579763,2.5031018810997425,Hammer,2004-10-29,7.694153785705566,2004-12-31,10.386517524719238,RSI(2) acum > 180,9,0.3499233072278367,0.3483972152879728,31832.681001233286,123201.6117395407
UNM,2011-08-12,14.708341598510742,3.810802829468642,2.015199661254883,0.39610333681953913,2.2798053625186054,Hammer,2011-08-19,14.904627799987793,2011-08-26,14.610198974609375,Stop loss (-3%),1,-0.019754188385613936,-0.02041827129840676,-2515.563930383353,120686.04780915735
UNM,2014-10-17,22.743669509887695,2.5060954826315083,1.5282859802246094,0.32272714792414964,1.6513299834752029,Hammer,2014-10-24,22.785348892211914,2015-02-06,21.84202003479004,Stop loss (-3%),15,-0.04140067645592682,-0.041830375740656255,-5048.342721463512,115637.70508769384
UNM,2016-01-22,19.96847915649414,3.729289058145099,1.7958793640136719,0.36507894362322874,1.3400515779430195,Hammer,2016-01-29,19.861581802368164,2016-02-19,18.77496910095215,Stop loss (-3%),3,-0.05470927301905304,-0.055198861702786484,-6383.0696843801525,109254.63540331369
UNP,1994-03-04,5.2262983322143555,5.8272174007801425,0.27391481399536133,0.36000041779747616,1.0910391186250277,Hammer,1994-03-11,5.237255096435547,1994-04-08,5.008250713348389,Stop loss (-3%),4,-0.043726031837367896,-0.04559190247145144,-4559.1902425859535,95440.80975741404
UNP,1998-06-05,6.741457462310791,0.6410380345967326,0.4873342514038086,0.3518513445021301,1.0042431808788062,Hammer,1998-06-12,6.707015514373779,1998-06-26,6.308219909667969,Stop loss (-3%),2,-0.05945947252561934,-0.06090504466659459,-5812.826775478432,89627.98298193562
UNP,2002-07-26,8.829017639160156,3.202407441184434,0.8860006332397461,0.3006999706147966,1.730427806144609,Hammer,2002-08-02,8.98391342163086,2003-02-21,8.705656051635742,Stop loss (-3%),29,-0.030972846346131067,-0.03206809949926282,-2874.1990733087478,86753.78390862687
UNP,2003-03-14,8.331802368164062,6.694984768396708,0.5906519889831543,0.395224943831654,1.397933962550747,Hammer,2003-03-21,8.331802368164062,2003-05-09,9.40030288696289,RSI(2) acum > 180,7,0.12824362263819222,0.12696720781590656,11014.885699327991,97768.66960795486
UNP,2019-08-16,142.3689422607422,4.585240381890287,7.71575927734375,0.3773583039987343,1.1654189038686433,Hammer,2019-08-23,144.68109130859375,2019-08-30,138.2670135498047,Stop loss (-3%),1,-0.044332522659151885,-0.04440010577856762,-4340.939268082086,93427.73033987277
UNP,2020-03-13,125.3580322265625,0.910473593995917,19.171890258789062,0.1431812990419826,2.084525627414394,Hammer,2020-03-20,111.58911895751953,2020-03-27,96.1993179321289,Stop loss (-3%),1,-0.13791488963408083,-0.13799832078295154,-12892.86988857199,80534.86045130077
UPS,2003-02-14,28.658676147460938,1.6873391151927706,1.2434959411621094,0.26562466446813404,1.2456312807387508,Hammer,2003-02-21,28.658676147460938,2003-03-14,26.83067512512207,Stop loss (-3%),3,-0.0637852569648728,-0.06412300407258406,-6412.300400846105,93587.6995991539
UPS,2004-03-12,34.1091423034668,8.824163549277088,0.836029052734375,0.3786959299142179,1.0102564252655355,Hammer,2004-03-19,34.01020431518555,2004-04-23,35.31619644165039,RSI(2) acum > 180,5,0.03840000825522005,0.038100377538707535,3565.7266841411847,97153.42628329508
UPS,2011-08-12,38.560394287109375,5.684733641737537,3.0812835693359375,0.33973060638324215,1.6686294823463668,Hammer,2011-08-19,38.94481658935547,2011-08-26,37.54149627685547,Stop loss (-3%),1,-0.03603355813167597,-0.03628567311113467,-3525.277464217087,93628.148819078
UPS,2016-01-22,60.483436584472656,0.9954372855272453,2.7920570373535156,0.37349249440854954,1.1034329024891998,Hammer,2016-01-29,60.5305290222168,2016-02-26,66.65023803710938,RSI(2) acum > 180,4,0.10110119825066177,0.10092765543769,9449.669533830995,103077.81835290899
URBN,2015-11-20,23.0,8.143084130395394,4.659999847412109,0.1974249155404714,1.8894046691768616,Hammer,2015-11-27,23.110000610351562,2015-12-11,21.399999618530273,Stop loss (-3%),2,-0.0739939829796169,-0.07441059685938417,-7441.059678497357,92558.94032150265
URBN,2017-03-10,25.170000076293945,5.6346938159123425,3.3599987030029297,0.31547615330774686,1.429201543879961,Hammer,2017-03-17,25.06999969482422,2017-03-24,23.75,Stop loss (-3%),1,-0.05265256126416051,-0.05304086584291149,-4909.406331245467,87649.53399025717
URI,2014-10-03,105.26680755615234,3.750490205372131,11.7841796875,0.3739770655506754,2.184534556980329,Hammer,2014-10-10,105.71040344238281,2014-10-17,90.5703353881836,Stop loss (-3%),1,-0.14322211968901688,-0.1433099393359107,-14330.99391926008,85669.00608073991
URI,2025-03-07,621.9776611328125,2.9818916170126073,64.58721923828125,0.3339642807530167,1.242477078727569,Hammer,2025-03-14,609.1080322265625,2025-04-11,536.4700927734375,Stop loss (-3%),4,-0.11925296599291402,-0.11927491963894865,-10218.163807003075,75450.84227373684
USB,1999-05-21,11.896493911743164,7.448454066354188,1.1743316650390625,0.17391276100882266,1.3322452695422011,Hammer,1999-05-28,11.922022819519043,1999-06-11,11.513559341430664,Stop loss (-3%),2,-0.03426125618713227,-0.035085325518414014,-3508.532548332869,96491.46745166712
USB,1999-09-24,9.778580665588379,6.013672925794339,1.0293245315551758,0.3500002316262479,1.195353224578157,Hammer,1999-10-01,9.881513595581055,1999-12-17,8.877922058105469,Stop loss (-3%),11,-0.10156253166765716,-0.10252264639868879,-9892.560588145298,86598.90686352183
USB,2001-03-23,8.854686737060547,9.11013582874773,1.583939552307129,0.39353150526738523,1.6787267852345007,Hammer,2001-03-30,9.39262866973877,2001-05-18,9.059661865234375,Stop loss (-3%),7,-0.03544979964737127,-0.036495036839323085,-3160.4302930689073,83438.47657045293
USB,2003-08-08,11.169775009155273,9.719169076544418,0.6119775772094727,0.2519085872792015,1.1402655902388001,Hammer,2003-08-15,11.207147598266602,2003-10-31,12.390470504760742,RSI(2) acum > 180,11,0.10558644794480654,0.10464747241425314,8731.625666462154,92170.10223691507
USB,2008-10-24,17.469802856445312,9.080100954120851,3.3159990310668945,0.35778155042295584,1.38273339551422,Hammer,2008-10-31,16.941852569580078,2008-11-14,16.520679473876953,Stop loss (-3%),2,-0.02485991977402524,-0.025442665175307497,-2345.053048042638,89825.04918887245
USB,2020-03-13,28.3520565032959,0.7794513256490632,6.136577606201172,0.24283956841285362,2.3511749803025443,Hammer,2020-03-20,22.964401245117188,2020-12-18,36.8098030090332,RSI(2) acum > 180,39,0.6029071525154568,0.6023405493365717,54105.26941850473,143930.31860737718
USB-200102,1996-01-12,12.57194709777832,6.4704001905828505,0.7857465744018555,0.3333329287608552,1.4489736959602804,Hammer,1996-01-19,12.57194709777832,1996-02-09,13.816045761108398,RSI(2) acum > 180,3,0.09895831199845984,0.09812386533358942,9812.386523546556,109812.38652354655
USG-201904,1990-09-21,78.41436767578125,0.022592819737411673,18.450439453125,0.375,1.2616126064457165,Hammer,1990-09-28,78.41436767578125,1990-10-05,69.18914794921875,Stop loss (-3%),1,-0.11764705882352944,-0.1177670771937972,-11776.707707603011,88223.29229239697
USH-199706,1990-09-21,10.6110200881958,5.714852613927761,0.5723781585693359,0.3846150001166313,1.0212906409761011,Hammer,1990-09-28,10.566990852355957,1990-10-05,9.510292053222656,Stop loss (-3%),1,-0.0999999729249037,-0.1008985737909135,-10089.857369001493,89910.1426309985
USS-199810,1997-10-31,26.807161331176758,4.838101131439629,4.602621078491211,0.2027024170993399,1.4874858052797308,Hammer,1997-11-07,27.118148803710938,1997-11-21,26.122987747192383,Stop loss (-3%),2,-0.036697234155687375,-0.0370591579831996,-3705.915794614044,96294.08420538595
UST-200901,1993-02-26,11.710049629211426,3.3814301814482803,1.7328767776489258,0.24242385885276874,2.2491128776793543,Hammer,1993-03-05,11.758779525756836,1993-04-08,11.123169898986816,Stop loss (-3%),5,-0.05405404747812115,-0.05488113963343631,-5488.113957855518,94511.88604214447
UST-200901,1995-07-28,12.82911205291748,2.528988740262406,0.8668317794799805,0.3333337000612802,1.45252519170351,Hammer,1995-08-04,12.713534355163574,1995-09-29,13.91672134399414,RSI(2) acum > 180,8,0.09463827722633988,0.09381481824170611,8866.61540185801,103378.50144400247
UST-200901,1996-07-19,15.748311996459961,8.920260998476422,1.0860910415649414,0.38888913279987075,1.5098568968455568,Hammer,1996-07-26,15.62763500213623,1996-08-23,15.084589958190918,Stop loss (-3%),4,-0.034749022732555535,-0.03537759589920304,-3657.282845093815,99721.21859890866
UST-200901,1998-01-23,17.33451271057129,7.5230236173265155,1.6322517395019531,0.3,1.7390597094947735,Hammer,1998-01-30,17.465091705322266,1998-04-09,15.850768089294434,Stop loss (-3%),10,-0.09243144228872768,-0.09297739493450868,-9271.819115749386,90449.39948315929
UST-200901,1998-04-09,15.784723281860352,0.4594117792816661,1.023695945739746,0.3548386796258325,1.1765276975467325,Hammer,1998-04-17,15.71867847442627,1998-05-08,14.529870986938477,Stop loss (-3%),3,-0.07563024394334039,-0.07624217764549114,-6896.059176426967,83553.34030673232
UST-200901,1999-01-15,18.403976440429688,9.253863006985014,1.3096466064453125,0.36842005615817497,1.1575545326820138,Hammer,1999-01-22,18.2661190032959,1999-01-29,17.473438262939453,Stop loss (-3%),1,-0.043396232128642964,-0.043931668345636124,-3670.6376318547973,79882.70267487752
UVN-200703,2002-02-01,34.86000061035156,6.896688175858571,3.700000762939453,0.29459457508920717,1.0674538233571729,Hammer,2002-02-08,34.66999816894531,2002-06-28,31.799999237060547,Stop loss (-3%),20,-0.0827804754387177,-0.08305693104445702,-8305.69309614001,91694.30690385998
UVN-200703,2002-06-28,31.399999618530273,0.2960426496849209,6.600000381469727,0.24242428621093945,1.8404397138860162,Hammer,2002-07-05,31.3799991607666,2002-07-19,29.0,Stop loss (-3%),2,-0.07584446221854069,-0.07615100285725865,-6982.613420047579,84711.69348381239
UVN-200703,2005-10-21,24.700000762939453,8.758396037063363,1.8199996948242188,0.3516480752543481,1.4984414218419682,Hammer,2005-10-28,24.700000762939453,2005-11-18,30.09000015258789,RSI(2) acum > 180,3,0.21821859203080418,0.21776965081980898,18447.635891876875,103159.32937568925
V,2018-10-12,132.60195922851562,7.697363358562328,12.071075439453125,0.38823521976007785,2.5165052970063058,Hammer,2018-10-19,132.45046997070312,2018-11-30,127.66150665283203,Stop loss (-3%),6,-0.036156635147692295,-0.036230767358513306,-3623.0767322282545,96376.92326777175
V,2022-03-11,190.39247131347656,2.4384651689682073,13.71490478515625,0.29145991410961036,1.0213635836674817,Hammer,2022-03-18,192.04754638671875,2022-06-24,189.786376953125,Stop loss (-3%),14,-0.011774008448098172,-0.011825771000299625,-1139.7314231383862,95237.19184463337
V,2025-11-21,326.6279602050781,6.074595066504443,15.296661376953125,0.3502586580108171,1.120196539123471,Hammer,2025-11-28,327.88275146484375,2026-01-02,354.0245361328125,RSI(2) acum > 180,5,0.07972906336541996,0.07969734932526333,7590.151739608715,102827.3435842421
VALPQ-202104,2007-01-12,151.0247344970703,9.547604698914768,13.16802978515625,0.24523859185612645,1.0831243064472238,Hammer,2007-01-19,149.6138916015625,2008-01-04,186.57192993164062,RSI(2) acum > 180,50,0.24702277264801897,0.24694768110213877,24694.768085519107,124694.7680855191
VAR-202104,2007-09-21,34.78403091430664,3.553619382362328,2.5060806274414062,0.3215552382663017,1.3270134605027208,Hammer,2007-09-28,34.686622619628906,2007-10-12,39.07890701293945,RSI(2) acum > 180,2,0.12662761784207222,0.12632111335233434,12632.111322601322,112632.11132260133
VAR-202104,2011-08-12,49.09436798095703,1.8434310491153667,5.330951690673828,0.3438539596716082,1.7882479831704063,Hammer,2011-08-19,49.076656341552734,2011-08-26,47.411842346191406,Stop loss (-3%),1,-0.03392272659683515,-0.03412301295837523,-3843.3469903469395,108788.76433225437
VAR-202104,2014-10-17,70.25878143310547,1.4116026685196772,3.4801712036132812,0.33588072423068577,1.5111387021102642,Hammer,2014-10-24,70.26763916015625,2014-11-14,74.92558288574219,RSI(2) acum > 180,3,0.06628860427442862,0.06614158484916091,7195.461279521711,115984.22561177608
VAR-202104,2015-10-02,66.58379364013672,0.6868645911083462,3.692699432373047,0.30695471886398923,1.238515303198148,Hammer,2015-10-09,66.95571899414062,2016-07-29,77.07745361328125,RSI(2) acum > 180,42,0.15117057618373697,0.1510099468917807,17514.771732403846,133498.99734417992
VAT-199609,1990-04-12,30.0,0.4092181779022326,3.75,0.3333333333333333,1.1071648111104035,Hammer,1990-04-20,30.0,1990-04-27,27.5,Stop loss (-3%),1,-0.08333333333333337,-0.08365272454590912,-8365.272446225641,91634.72755377437
VAT-199609,1990-09-28,21.25,6.524116334272023,3.75,0.3333333333333333,1.3040053828880942,Hammer,1990-10-05,20.0,1990-11-02,17.5,Stop loss (-3%),4,-0.125,-0.1254686328417896,-11497.283975504655,80137.44357826971
VAT-199609,1993-07-09,29.25,3.24768644168617,3.375,0.2962962962962963,1.7663515052799361,Hammer,1993-07-16,29.5,1993-08-13,35.625,RSI(2) acum > 180,4,0.2076271186440677,0.20725300796475185,16608.726215593255,96746.16979386297
VAT-199609,1994-02-11,42.125,9.394404112387363,2.75,0.3181818181818182,1.2292624545883446,Hammer,1994-02-18,41.75,1994-03-25,48.0,RSI(2) acum > 180,5,0.14970059880239517,0.14944318045743035,14458.055296611405,111204.22509047437
VAT-199609,1994-04-22,38.25,5.139522035707259,7.5,0.36666666666666664,2.3406222296052572,Hammer,1994-04-29,38.0,1994-06-03,36.25,Stop loss (-3%),5,-0.046052631578947345,-0.04630969609261938,-5149.833863005273,106054.3912274691
VAT-199609,1996-01-19,34.625,9.04991308386873,2.125,0.11764705882352941,1.0089128712421813,Hammer,1996-01-26,34.875,1996-05-24,46.875,RSI(2) acum > 180,17,0.34408602150537626,0.34375,36456.196947986304,142510.5881754554
VFC,1994-06-24,2.4076263904571533,9.440804740169199,0.10191011428833008,0.3749982453759808,1.0590636294892481,Hammer,1994-07-01,2.4076263904571533,1994-07-29,2.554121971130371,RSI(2) acum > 180,4,0.06084647570481305,0.056575515054095867,5657.551499752035,105657.55149975204
VFC,1996-01-19,2.6440322399139404,8.888410143163426,0.17229294776916504,0.3076915625704872,1.7074457342167224,Hammer,1996-01-26,2.6440322399139404,1996-03-01,2.822951555252075,RSI(2) acum > 180,5,0.06766911259144037,0.06376642488262897,6737.404314254036,112394.95581400608
VFC,1996-07-19,2.971724271774292,2.141133396671691,0.22807812690734863,0.32352981145250664,1.908676536713819,Hammer,1996-07-26,2.971724271774292,1996-08-30,3.226635217666626,RSI(2) acum > 180,5,0.08577880132201399,0.08227532130355944,9247.331093249384,121642.28690725547
VFC,2002-06-07,5.183618545532227,5.433963684831838,0.2693314552307129,0.32910668538619653,1.143622952375893,Hammer,2002-06-14,5.188566207885742,2002-06-21,4.960986614227295,Stop loss (-3%),1,-0.04386174995947145,-0.04574498218540356,-5564.524241999625,116077.76266525584
VFC,2016-10-28,38.37826919555664,9.845899872934197,2.7836952209472656,0.3502533132162762,1.4203557520117502,Hammer,2016-11-04,38.35707473754883,2017-01-20,36.714599609375,Stop loss (-3%),11,-0.04282065666926271,-0.04307574966888806,-5000.136641693025,111077.62602356281
VFC,2022-03-11,46.362422943115234,0.26673872696690637,4.205406188964844,0.38777074477831536,1.0474863350092263,Hammer,2022-03-18,46.787052154541016,2022-05-06,45.3138542175293,Stop loss (-3%),7,-0.03148729977998266,-0.03169764668822666,-3520.8993411409665,107556.72668242184
VFC,2022-05-20,41.00691223144531,0.5020387583127928,3.708995819091797,0.2943923167035383,1.0397236159395435,Hammer,2022-05-27,41.05891036987305,2022-07-08,38.13131332397461,Stop loss (-3%),6,-0.07130235604222368,-0.07153719700434659,-7694.306738128767,99862.41994429307
VIAB-201912,2014-10-17,60.441566467285156,2.0473680454678345,4.046295166015625,0.2564664112407515,1.49141742923643,Hammer,2014-10-24,60.30204391479492,2014-12-12,66.76390838623047,RSI(2) acum > 180,7,0.10715829932010235,0.10698359681749783,10698.359671051425,110698.35967105141
VIAB-201912,2015-01-23,59.393272399902344,5.138864155528722,3.460224151611328,0.2379731819900626,1.0628823650321761,Hammer,2015-01-30,59.11294937133789,2015-02-06,56.476165771484375,Stop loss (-3%),1,-0.04460585418077645,-0.04477123492948406,-4956.102262185064,105742.25740886634
VIAB-201912,2017-10-13,24.6072940826416,5.632596782228589,3.0001964569091797,0.1955838870109799,1.512967475617826,Hammer,2017-10-20,24.692472457885742,2017-11-03,23.216035842895508,Stop loss (-3%),2,-0.059792984178006936,-0.06018577882918645,-6364.180110944753,99378.07729792158
VIAV,2008-09-19,5.236227989196777,3.9128590886103467,0.9380865097045898,0.10303053407952992,1.5325365749945972,Hammer,2008-09-26,5.185059547424316,2008-10-03,4.781398296356201,Stop loss (-3%),1,-0.07785084189990343,-0.07970260211627121,-7970.260203656862,92029.73979634314
VICI,2023-10-06,24.40336036682129,4.900362896379761,1.283712387084961,0.3986702028869227,1.2053288309613759,Hammer,2023-10-13,24.26688575744629,2023-10-27,23.354209899902344,Stop loss (-3%),2,-0.037609929294857736,-0.03801418096494128,-3801.41809269271,96198.58190730728
VLO,2007-11-30,33.451927185058594,7.545874963927716,2.9957714080810547,0.26243579875045125,1.1297869178322508,Hammer,2007-12-07,33.50331115722656,2008-01-04,36.2061882019043,RSI(2) acum > 180,4,0.08067492290518663,0.08036445143541579,8036.445135505133,108036.44513550514
VMC,2011-08-05,30.30992889404297,5.624859039287543,3.5294227600097656,0.2544527391952374,1.527552804530054,Hammer,2011-08-12,29.48370361328125,2011-08-19,27.79532814025879,Stop loss (-3%),1,-0.0572647010418974,-0.05759410434908168,-5759.410429148758,94240.58957085125
VMC,2013-03-01,47.12899398803711,4.784508947702662,3.0277137756347656,0.20957997825366606,1.0497589057059418,Hammer,2013-03-08,46.79358673095703,2013-04-12,44.36416244506836,Stop loss (-3%),5,-0.05191788994198743,-0.05212602465781318,-4912.387290824658,89328.20228002658
VMC,2022-05-13,162.41708374023438,8.103100716255511,13.881149291992188,0.2298060381548067,1.2708024541718859,Hammer,2022-05-20,159.0144500732422,2022-06-17,147.28836059570312,Stop loss (-3%),4,-0.07374228865450916,-0.073802855387398,-6592.676388296362,82735.52589173021
VNO,2008-10-10,28.215362548828125,4.107038125130529,7.094413757324219,0.313675488961467,2.006160510239812,Hammer,2008-10-17,29.052120208740234,2008-10-24,24.14698028564453,Stop loss (-3%),1,-0.16883930975956818,-0.16915440648578986,-16915.44063166355,83084.55936833644
VNO,2015-05-08,54.641117095947266,6.394713605602007,3.6943626403808594,0.28103628976049483,1.6566062792734069,Hammer,2015-05-15,54.42338180541992,2015-06-12,52.02828598022461,Stop loss (-3%),4,-0.044008581343925046,-0.04418826622098507,-3671.362624549927,79413.19674378652
VNO,2015-08-28,47.857601165771484,9.499334268276144,4.169895172119141,0.3858978897881555,1.9496590656654404,Hammer,2015-09-04,47.72394943237305,2015-09-11,46.173606872558594,Stop loss (-3%),1,-0.032485629924894566,-0.03269174323699076,-2596.1558349803436,76817.04090880619
VNO,2016-01-22,48.83418655395508,5.183339938159293,2.980510711669922,0.2707587003070433,1.341531618942669,Hammer,2016-01-29,48.77500915527344,2016-02-12,45.381858825683594,Stop loss (-3%),2,-0.06956739503190812,-0.06976526631549308,-5359.161311211828,71457.87959759436
VNO,2018-02-23,48.09801483154297,4.261557284979773,2.3313331604003906,0.3292688314557102,1.1579972881766183,Hammer,2018-03-02,48.105125427246094,2018-03-29,46.697792053222656,Stop loss (-3%),4,-0.029255372718066774,-0.029460188711558886,-2105.162615767821,69352.71698182655
VNO,2018-12-28,45.36512756347656,4.836995510843664,2.40301513671875,0.20060768078026975,1.061355665023027,Hammer,2019-01-04,45.445472717285156,2019-02-08,51.27766418457031,RSI(2) acum > 180,5,0.12833382774048885,0.1280996900406479,8884.061539964696,78236.77852179126
VNO,2019-08-09,46.62500762939453,4.021223763048923,2.00262451171875,0.21428598640699764,1.0826182072892458,Hammer,2019-08-16,46.414207458496094,2019-08-30,44.56968307495117,Stop loss (-3%),2,-0.03974051232468656,-0.039951659777971764,-3125.689154501444,75111.08936728981
VRSK,2022-01-28,187.35801696777344,3.9355311513557325,11.447555541992188,0.3480093358410188,1.1831839306673064,Hammer,2022-02-04,187.21261596679688,2022-03-04,173.27392578125,Stop loss (-3%),4,-0.07445379743007796,-0.07450522277786432,-7450.52227033591,92549.47772966408
VRSN,2006-08-04,14.704997062683105,1.6561489615699685,1.7983932495117188,0.24186054157704726,1.4591781295026467,Hammer,2006-08-11,14.562798500061035,2006-11-17,18.61127281188965,RSI(2) acum > 180,14,0.27800112126880316,0.2772192594379784,27721.925916075917,127721.92591607591
VRSN,2008-07-11,29.610746383666992,1.5131136170296173,3.036355972290039,0.2258950641518916,1.3770208513180366,Hammer,2008-07-18,30.028976440429688,2008-07-25,28.75755500793457,Stop loss (-3%),1,-0.04233981917489971,-0.04266572676570906,-5449.348787676081,122272.57712839982
VRSN,2014-03-21,51.99127960205078,9.924973594078367,4.600116729736328,0.2912265018538129,1.804518077485725,Hammer,2014-03-28,52.02083206176758,2014-04-11,49.98176574707031,Stop loss (-3%),2,-0.039197110732026696,-0.03938555585741553,-4815.773411504966,117456.80371689486
VRSN,2020-03-13,179.89100646972656,9.356644616189499,26.153244018554688,0.19849309705661505,2.3675517718420034,Hammer,2020-03-20,163.1352081298828,2020-03-27,157.56964111328125,Stop loss (-3%),1,-0.034116283544202486,-0.03417653489912565,-4014.2665473559427,113442.53716953892
VRTS-200507,2000-04-07,126.25,9.572204974676595,41.18800354003906,0.07133153558130136,1.7244356882562335,Hammer,2000-04-14,128.18800354003906,2000-04-20,78.5,Stop loss (-3%),1,-0.38761820270115366,-0.38768109153879576,-38768.10911511146,61231.89088488854
VRTS-200507,2004-07-09,18.5,5.919400611198711,3.020000457763672,0.3973511857769918,1.0150121293749583,Hammer,2004-07-16,18.8700008392334,2004-07-23,18.1299991607666,Stop loss (-3%),1,-0.03921577347936456,-0.039735186496408025,-2433.060601405692,58798.83028348285
VRTX,2016-01-29,90.75,3.049325145855832,14.109992980957031,0.3784549251794477,1.224679820698604,Hammer,2016-02-05,91.91999816894531,2016-02-12,85.2300033569336,Stop loss (-3%),1,-0.07278062386071604,-0.07288544950197402,-7288.544942908857,92711.45505709114
VRTX,2018-10-26,169.47999572753906,7.034086598751088,25.610000610351562,0.3565015488176971,2.3682214019799295,Hammer,2018-11-02,173.49000549316406,2018-11-23,164.75999450683594,Stop loss (-3%),3,-0.05031996489660673,-0.050376153258616364,-4670.446464114901,88041.00859297624
VRTX,2022-05-13,246.72000122070312,9.106648074878635,17.990005493164062,0.23790980947299942,1.2585049064919842,Hammer,2022-05-20,245.85000610351562,2022-11-04,310.3500061035156,RSI(2) acum > 180,24,0.2623550880565859,0.262309078111051,23093.955776896764,111134.964369873
VSTNQ-201010,2004-02-27,9.900132179260254,9.868131144378523,2.66617488861084,0.3749997764413541,2.9720190247854825,Hammer,2004-03-05,9.939340591430664,2004-03-19,9.115962982177734,Stop loss (-3%),2,-0.08284026507380338,-0.08380421020284397,-8380.421011903978,91619.57898809602
VTR,2011-08-12,22.01116943359375,6.809360384479547,2.3123321533203125,0.29258583485657347,1.9068223334596508,Hammer,2011-08-19,22.173355102539062,2011-11-04,25.836868286132812,RSI(2) acum > 180,11,0.16522141852922578,0.1647332801148756,16473.32799501423,116473.32799501425
VTR,2015-05-08,37.53185272216797,4.825772260380347,2.0362319946289062,0.34399928061058177,1.2406374042993433,Hammer,2015-05-15,37.3526611328125,2015-06-05,36.1580696105957,Stop loss (-3%),3,-0.03198143013075461,-0.03224483240356731,-3755.662936929296,112717.66505808495
VTR,2017-10-27,43.74060821533203,2.630085511889874,1.6376457214355469,0.2820505055916739,1.0493390186136677,Hammer,2017-11-03,43.901573181152344,2017-12-29,42.081966400146484,Stop loss (-3%),8,-0.04144741632600646,-0.04167045270094655,-4696.996125667069,108020.66893241789
VTR,2018-03-02,35.35672378540039,2.764253968201203,2.09814453125,0.36163311612753085,1.1308729791515273,Hammer,2018-03-09,35.35672378540039,2018-03-29,34.3285026550293,Stop loss (-3%),3,-0.02908134635471149,-0.029360026017728753,-3171.489647136764,104849.17928528112
VTR,2018-09-28,40.311767578125,5.307350614341871,1.8188095092773438,0.3622580171564001,1.0048459676899228,Hammer,2018-10-05,40.252464294433594,2018-11-23,45.55274200439453,RSI(2) acum > 180,7,0.13167585644424507,0.13141110108846152,13778.346084321955,118627.52536960308
VTR,2026-06-05,82.0199966430664,7.552574557686384,6.225006103515625,0.36626573063177453,1.5794636593982734,Hammer,2026-06-12,81.77999877929688,2026-06-22,83.04000091552734,End of data,2,0.01540721637366227,0.015284002627470799,1813.1034076262695,120440.62877722934
VTRS,2011-08-12,15.479997634887695,3.706105407792762,1.8022451400756836,0.3750001984346417,1.5695419491404647,Hammer,2011-08-19,15.60068416595459,2011-08-26,14.699562072753906,Stop loss (-3%),1,-0.05776170350061982,-0.05838398903320042,-5838.398897481644,94161.60110251835
VTRS,2013-04-05,23.034944534301758,7.604606643621594,0.9091682434082031,0.31858576025980456,1.0052469546999026,Hammer,2013-04-12,23.042991638183594,2013-08-02,26.816442489624023,RSI(2) acum > 180,16,0.16375698566793728,0.16328758316648828,15375.420255741741,109537.02135826008
VTRS,2025-04-11,7.151689529418945,2.8438956424480324,1.0812897682189941,0.3947365287707998,1.3778687677924866,Hammer,2025-04-17,7.274994373321533,2025-05-16,8.49855899810791,RSI(2) acum > 180,4,0.16818770737106914,0.16669856631121022,18259.664400162706,127796.6857584228
VYX,2000-07-07,5.5417256355285645,8.073728843919383,0.5203924179077148,0.33333363876768235,1.0129557036943773,Hammer,2000-07-14,5.505207061767578,2000-07-28,5.231316089630127,Stop loss (-3%),2,-0.049751257139729055,-0.05152092633818072,-5152.09262866598,94847.90737133402
VYX,2001-01-19,6.089507579803467,7.067976588406879,0.6025600433349609,0.37878780684677843,1.0356441315264577,Hammer,2001-01-26,6.08037805557251,2001-02-23,7.157681941986084,RSI(2) acum > 180,4,0.17717712230512594,0.1753882629257883,16635.209699369138,111483.11707070316
VZ,1994-12-02,5.194371700286865,5.610139796528799,0.2577853202819824,0.2,1.1956848011181131,Hammer,1994-12-09,5.181482315063477,1995-02-03,5.736966133117676,RSI(2) acum > 180,8,0.10720558023315263,0.10517414018166237,10517.414007648822,110517.41400764883
VZ,2002-06-28,10.846292495727539,7.2103935000155275,0.9995336532592773,0.2567573111774118,1.2989728285292368,Hammer,2002-07-05,10.711219787597656,2002-07-19,9.344952583312988,Stop loss (-3%),2,-0.12755477260084291,-0.12842842266798987,-14193.577144153973,96323.83686349484
VZ,2011-08-12,16.19490623474121,2.8737631109069923,1.2559318542480469,0.3609017874770301,1.9162732269657419,Hammer,2011-08-19,16.336551666259766,2011-11-04,17.933250427246094,RSI(2) acum > 180,11,0.09773780866399262,0.09709596697982908,9352.656074115683,105676.49293761051
WAB,2020-10-30,57.39596939086914,8.689261964553623,5.294364929199219,0.36563089475648575,1.026905006871161,Hammer,2020-11-06,58.5090446472168,2020-11-27,69.1906509399414,RSI(2) acum > 180,3,0.18256333456015028,0.18237683546000105,18237.68352776242,118237.68352776242
WAI-199808,1995-06-23,34.91434097290039,6.924105186530653,1.6719551086425781,0.05882366362228007,1.1878357811393774,Hammer,1995-06-30,34.7176399230957,1995-07-21,35.89784240722656,RSI(2) acum > 180,3,0.03399431778038964,0.03370142612205293,3370.142608835151,103370.14260883516
WAI-199808,1995-08-11,34.61928939819336,9.15134264445463,1.5736045837402344,0.18750045453333367,1.228786587266693,Hammer,1995-08-18,34.42258834838867,1995-09-15,38.651649475097656,RSI(2) acum > 180,4,0.12285715077282822,0.12254884321301732,12667.89138680949,116038.03399564464
WAI-199808,1998-08-07,64.25,2.1825368262677785,11.6875,0.1657754010695187,1.926522644847269,Hammer,1998-08-10,63.0,1998-08-10,60.0625,End of data,0,-0.04662698412698407,-0.04678200142845805,-5428.491466711221,110609.54252893341
WAMUQ-201203,1999-09-10,15.287945747375488,9.581163162262811,1.2218437194824219,0.39024395955029517,1.02367850378496,Hammer,1999-09-17,15.287945747375488,1999-10-01,13.827692985534668,Stop loss (-3%),2,-0.09551661066638106,-0.09613927794735944,-9613.927785122018,90386.07221487798
WAT,2006-05-26,42.18000030517578,8.18227866947204,2.8400001525878906,0.3732399001194108,1.2275310364854346,Hammer,2006-06-02,41.869998931884766,2006-08-04,40.38999938964844,Stop loss (-3%),9,-0.03534749414835259,-0.035582079528169275,-3558.207949258719,96441.7920507413
WAT,2014-10-17,96.9800033569336,1.0836911467655028,3.7900009155273438,0.09762401789183171,1.1053488031817311,Hammer,2014-10-24,96.62999725341797,2014-11-07,111.0,RSI(2) acum > 180,2,0.1487116129052124,0.14860043622626712,14331.292354851805,110773.0844055931
WB-200108,1996-01-12,36.11549758911133,7.66843299978099,2.2111549377441406,0.38095303817362813,1.35331132192509,Hammer,1996-01-19,36.22079086303711,1996-02-16,39.70258712768555,RSI(2) acum > 180,4,0.09612700832000809,0.09583769413826322,9583.769404242554,109583.76940424254
WB-200108,1997-04-04,48.751468658447266,6.8798112245510765,3.0675086975097656,0.3928573649252794,1.1256272651035704,Hammer,1997-04-11,48.751468658447266,1997-06-20,58.33891296386719,RSI(2) acum > 180,10,0.19665959958231305,0.19643433105282088,21526.014415642952,131109.7838198855
WB-200108,2000-10-20,50.04087448120117,9.17382980573062,5.172492980957031,0.1511625162802429,1.164562438774823,Hammer,2000-10-27,50.04087448120117,2000-12-01,47.195926666259766,Stop loss (-3%),5,-0.056852479986339244,-0.05704661661999373,-7479.369565223895,123630.4142546616
WB-200108,2001-03-16,59.83488464355469,5.9431932221679205,4.241657257080078,0.23842615284304247,1.1135719842442058,Hammer,2001-03-23,59.844703674316406,2001-03-30,57.193668365478516,Stop loss (-3%),1,-0.04429857858876218,-0.04446196297509542,-5496.850895689622,118133.563358972
WB-200812,1993-05-21,11.944269180297852,8.565314036842693,0.7207746505737305,0.3333333333333333,1.0135767320467202,Hammer,1993-05-28,11.937348365783691,1993-10-29,11.379972457885742,Stop loss (-3%),22,-0.0466917686255659,-0.047509576049845605,-4750.957600233602,95249.04239976639
WBA-202508,1994-07-15,2.3643040657043457,1.832528802048003,0.15873432159423828,0.315788999369161,1.3409171757405804,Hammer,1994-07-22,2.3726584911346436,1994-10-28,2.643834352493286,RSI(2) acum > 180,14,0.11429199034411486,0.10984582619096266,10984.582608111683,110984.58260811168
WBA-202508,2000-03-10,13.905169486999512,3.8082135443666942,2.1638145446777344,0.36065553539915834,1.49576018022712,Hammer,2000-03-17,13.266666412353516,2000-07-14,18.25446319580078,RSI(2) acum > 180,17,0.37596458887386963,0.37506946217498655,41626.92766691289,152611.51027502457
WBA-202508,2001-09-21,18.151546478271484,3.856724122193171,2.928220748901367,0.3957117853925566,2.037001857727358,Hammer,2001-09-28,18.779430389404297,2001-11-09,18.06592559814453,Stop loss (-3%),6,-0.037993952769852846,-0.03851619539487736,-5878.014743382166,146733.49553164243
WBA-202508,2022-02-25,38.4633903503418,3.3396020910374915,2.4548301696777344,0.2306178993938019,1.0961701543482951,Hammer,2022-03-04,37.963863372802734,2022-04-08,36.498592376708984,Stop loss (-3%),5,-0.03859646690077034,-0.03885475795281479,-5701.294446751102,141032.2010848913
WBA-202508,2023-01-06,31.570724487304688,2.8086789706809157,3.1432762145996094,0.3662552139525796,1.4374307097098287,Hammer,2023-01-13,31.674205780029297,2023-03-17,28.85171890258789,Stop loss (-3%),9,-0.08910994949780227,-0.08941154955428261,-12609.907623441402,128422.2934614499
WBD,2013-06-14,39.01801681518555,7.186834497394841,2.0842323303222656,0.1274504959102731,1.2732482358851513,Hammer,2013-06-21,39.48799514770508,2013-07-19,44.09577560424805,RSI(2) acum > 180,4,0.11668813367980668,0.11642015094948155,11642.015083306142,111642.01508330613
WBD,2023-05-05,12.890000343322754,5.106139389806728,2.0699996948242188,0.39130414751639214,1.3081588211833743,Hammer,2023-05-12,13.0,2023-05-19,12.619999885559082,Stop loss (-3%),1,-0.029230778033916716,-0.029988474774388152,-3347.9737497396136,108294.04133356652
WBD,2024-05-03,7.96999979019165,7.899578393992556,0.9549999237060547,0.34031446289657374,1.0933108645966534,Hammer,2024-05-10,8.069999694824219,2024-05-31,7.730000019073486,Stop loss (-3%),3,-0.04213131209519061,-0.04334361473413664,-4693.855200870921,103600.18613269561
WCOEQ-200404,1996-07-26,14.892117500305176,7.781680842128807,2.3218889236450195,0.2068964384187307,1.9136844315284414,Hammer,1996-08-02,15.052247047424316,1996-09-06,13.290814399719238,Stop loss (-3%),5,-0.11702124222087407,-0.11764651547030956,-11764.651535266305,88235.3484647337
WCOEQ-200404,1999-08-13,50.40100860595703,1.9628174123796214,4.763874053955078,0.27731115988600447,1.20068785881962,Hammer,1999-08-20,50.76130294799805,1999-08-27,47.999053955078125,Stop loss (-3%),1,-0.05441643205553026,-0.05460805360909675,-4818.36063436115,83416.98783037254
WCOEQ-200404,2000-01-14,44.73640060424805,3.7718214415495197,8.466888427734375,0.3333333333333333,1.6854962672536362,Hammer,2000-01-21,45.216793060302734,2000-01-28,41.91410446166992,Stop loss (-3%),1,-0.0730411949876284,-0.07325425142287884,-6110.648993354685,77306.33883701786
WCOEQ-200404,2002-02-08,8.180000305175781,0.2641509074137076,3.2599997520446777,0.30981575215582335,1.933920292180353,Hammer,2002-02-15,8.300000190734863,2002-02-22,6.619999885559082,Stop loss (-3%),1,-0.20240967067098803,-0.20349190443862494,-15731.214099391185,61575.12473762667
WDAY,2026-02-27,133.75999450683594,0.6271186010907144,24.807090759277344,0.35502342754070026,1.489339208155435,Hammer,2026-03-06,131.76499938964844,2026-04-02,124.5999984741211,Stop loss (-3%),4,-0.05437711796544231,-0.05445094443926212,-5445.094438481119,94554.90556151887
WEC,2010-02-12,14.04830551147461,6.4968359437110905,0.44727325439453125,0.3504371002132196,1.0162323045756745,Hammer,2010-02-19,14.136345863342285,2010-05-07,15.524449348449707,RSI(2) acum > 180,11,0.09819393912163599,0.0974520741112621,9745.207401381002,109745.207401381
WEC,2014-08-08,29.316162109375,4.049920317457648,1.4654693603515625,0.30414744744432065,1.3808465553902851,Hammer,2014-08-15,29.363435745239258,2014-09-12,31.054977416992188,RSI(2) acum > 180,4,0.05760707590313863,0.057256766629986834,6283.655722656722,116028.86312403773
WELL,2020-03-20,35.52559280395508,0.7715900898954118,18.575143814086914,0.18169524244703492,2.7458304689215707,Hammer,2020-03-27,34.16051483154297,2020-04-09,34.32801055908203,Stop loss (-3%),2,0.0049031968155350825,0.004609786456185842,460.97864515760557,100460.97864515761
WEN-200809,1991-09-20,4.16390323638916,0.7029255059131998,0.3569059371948242,0.3333328879898889,1.076540594854201,Hammer,1991-09-27,4.16390323638916,1992-01-17,5.6510114669799805,RSI(2) acum > 180,16,0.3571428407833046,0.35431578687112875,35431.578651681295,135431.57865168128
WEN-200809,1996-07-26,8.387290000915527,6.66605412520947,0.5948433876037598,0.30000072145618717,1.1695029833725372,Hammer,1996-08-02,8.32780647277832,1996-08-30,9.398524284362793,RSI(2) acum > 180,4,0.12857140893996544,0.1272941853443534,17239.65245712584,152671.23110880711
WEN-200809,2006-06-30,27.738733291625977,2.4226351428563646,1.403829574584961,0.30847365052967957,1.221240497714411,Hammer,2006-07-07,27.767284393310547,2006-10-13,33.70000076293945,RSI(2) acum > 180,14,0.21365850133541198,0.21325996398969266,32558.661215967586,185229.89232477473
WFC,1990-08-17,0.8634954690933228,1.4174243545717076,0.08871525526046753,0.33333288542356027,1.230044777839234,Hammer,1990-08-24,0.8575810790061951,1990-08-31,0.8398380279541016,Stop loss (-3%),1,-0.020689648461758248,-0.03216283283660369,-3216.283280444086,96783.71671955592
WFC,1996-01-12,3.5854129791259766,5.212096268790134,0.2790205478668213,0.3500000427241974,1.7304212865519695,Hammer,1996-01-19,3.5435597896575928,1996-02-16,4.046457767486572,RSI(2) acum > 180,4,0.14191886342563276,0.13890085190773696,13443.34068970006,110227.05740925597
WFC,2000-10-20,10.488842010498047,9.746747957788784,1.0690250396728516,0.3768120725738969,1.3312989489532576,Hammer,2000-10-27,10.581801414489746,2000-12-29,13.44021224975586,RSI(2) acum > 180,9,0.27012516331596137,0.26905301457412834,29656.922053938906,139883.97946319488
WFC,2007-03-16,20.23040008544922,6.276213208461968,0.9176673889160156,0.38961011967858467,1.5926669948197265,Hammer,2007-03-23,20.313825607299805,2007-08-10,19.704174041748047,Stop loss (-3%),20,-0.030011656954103128,-0.030496426197444196,-4265.961451638161,135618.0180115567
WFC,2022-03-11,43.51947021484375,5.874044390950218,3.7979660034179688,0.3617024268441384,1.083973050028033,Hammer,2022-03-18,44.587928771972656,2022-04-22,41.4992790222168,Stop loss (-3%),5,-0.06927098510342422,-0.069487468867562,-9423.752795034754,126194.26521652196
WFC,2025-03-14,68.95049285888672,7.272937977376202,5.401206970214844,0.2729724117765878,1.3133096146383292,Hammer,2025-03-21,68.58068084716797,2025-04-11,59.06288146972656,Stop loss (-3%),3,-0.13878251513209416,-0.1389182007053711,-17530.680245684947,108663.58497083701
WFM-201708,2011-08-12,26.569622039794922,9.489644915631132,2.465974807739258,0.3419587726944707,1.3327459729623528,Hammer,2011-08-19,26.747390747070312,2011-08-26,26.519481658935547,Stop loss (-3%),1,-0.008520797048576778,-0.008893002886511096,-889.3002877618094,99110.6997122382
WFRD,2005-10-14,21676.630859375,2.5181131037553257,1553.58984375,0.3814891921180532,1.2499917652683075,Hammer,2005-10-21,22076.42578125,2005-10-28,20249.291015625,Stop loss (-3%),1,-0.08276406623652033,-0.08278323859587525,-8278.32385213711,91721.67614786289
WHR,1994-11-25,19.744152069091797,9.988457339163105,1.0901031494140625,0.34237692641480383,1.01527348525477,Hammer,1994-12-02,19.744152069091797,1994-12-09,18.946407318115234,Stop loss (-3%),1,-0.04040410285460583,-0.040900224381821115,-4090.0224340920895,95909.9775659079
WHR,1996-11-15,19.537076950073242,2.3465443643831634,1.2503719329833984,0.29166584039478,1.5529334275637254,Hammer,1996-11-22,19.537076950073242,1996-12-06,20.876605987548828,RSI(2) acum > 180,2,0.06856343151530475,0.06803417266610455,6525.155967596038,102435.13353350393
WHR,1997-10-31,25.943262100219727,7.6139664869454435,3.717641830444336,0.3237407746592684,2.3731520161232806,Hammer,1997-11-07,26.4246826171875,1997-11-14,23.96408462524414,Stop loss (-3%),1,-0.09311740949134062,-0.09347815589494465,-9575.447371988907,92859.68616151503
WHR,2000-09-01,17.316844940185547,8.768101756680153,3.61844539642334,0.21428569546006224,1.434000440950561,Hammer,2000-09-08,17.23069190979004,2000-10-20,16.57018280029297,Stop loss (-3%),6,-0.038333289977855456,-0.03890236104279718,-3612.461033763633,89247.22512775139
WHR,2002-07-26,25.889976501464844,8.102049256593332,2.631580352783203,0.3709094546229414,1.1573754884594585,Hammer,2002-08-02,26.124425888061523,2002-08-09,25.277536392211914,Stop loss (-3%),1,-0.032417535201668346,-0.03279404222352702,-2926.7772662453235,86320.44786150607
WHR,2002-10-11,21.077062606811523,3.3620839734052055,2.921621322631836,0.2602960886451043,1.3083997047385567,Hammer,2002-10-18,21.072248458862305,2002-12-06,26.401962280273438,RSI(2) acum > 180,7,0.2529257298676937,0.25239128493427065,21786.528730080703,108106.97659158676
WHR,2007-08-10,50.6526985168457,1.2316193567055649,16.14484405517578,0.2611444816663571,3.9640848275588563,Hammer,2007-08-17,50.953468322753906,2007-09-21,49.09006118774414,Stop loss (-3%),5,-0.03657076144859084,-0.0367634113950253,-3974.381251134493,104132.59534045226
WHR,2008-10-31,25.71900749206543,0.8208023195410021,7.376642227172852,0.3692076375215418,1.409990599815563,Hammer,2008-11-07,25.746572494506836,2008-11-14,24.842411041259766,Stop loss (-3%),1,-0.035117740562942035,-0.03549924780096721,-3696.628802451929,100435.96653800034
WHR,2011-08-12,37.46619415283203,1.6184898776345733,5.231739044189453,0.2356976351634634,1.6386443040168583,Hammer,2011-08-19,37.7654914855957,2011-08-26,34.61687088012695,Stop loss (-3%),1,-0.08337295455746097,-0.08362667471969049,-8399.125895431946,92036.84064256841
WHR,2020-03-13,86.61051940917969,2.0333030282241396,13.603469848632812,0.2749588622538886,1.6815836616808897,Hammer,2020-03-20,78.78458404541016,2020-03-27,55.46434783935547,Stop loss (-3%),1,-0.2959999914781968,-0.2961081275998154,-27252.85652562067,64783.98411694774
WINMQ-202009,2008-10-31,25.15010643005371,8.73575040420107,4.755413055419922,0.19718266360661735,1.3420851886216552,Hammer,2008-11-07,25.3845272064209,2009-03-13,22.1592960357666,Stop loss (-3%),18,-0.12705500261744052,-0.12742384465655276,-12742.384452912891,87257.61554708712
WINMQ-202009,2010-05-07,40.038902282714844,5.036041546859167,20.332866668701172,0.19075131061310033,7.0172259020324095,Hammer,2010-05-14,41.919395446777344,2010-06-25,44.857669830322266,RSI(2) acum > 180,6,0.07009343413063962,0.06984655001793272,6094.64340266052,93352.25894974763
WINMQ-202009,2014-10-17,61.299339294433594,6.697226452825944,4.013652801513672,0.28787868707557346,1.3095178801005574,Hammer,2014-10-24,59.41414260864258,2014-12-19,51.873348236083984,Stop loss (-3%),8,-0.12691918188956053,-0.1270767978308109,-11862.90612574368,81489.35282400394
WLBAQ-202004,1993-02-26,7.719224452972412,7.952352236147121,0.9649028778076172,0.22222205749505325,1.2840366357578517,Hammer,1993-03-05,7.719224452972412,1993-06-04,7.504801273345947,Stop loss (-3%),13,-0.027777813811839303,-0.029054461194496083,-2905.4461165441626,97094.55388345582
WLL-200203,1997-10-31,30.410480499267578,2.468387876156683,5.231290817260742,0.37362630952020687,2.3308093763451563,Hammer,1997-11-07,31.38775634765625,1997-11-21,30.9278621673584,Stop loss (-3%),2,-0.014652024668599606,-0.014968235827846734,-1496.8235812878497,98503.17641871216
WLL-200203,1999-09-03,40.784637451171875,6.850573760200149,4.0546112060546875,0.2647061037245553,1.2864799258891373,Hammer,1999-09-10,40.784637451171875,1999-10-01,39.11509323120117,Stop loss (-3%),3,-0.04093561508226018,-0.04117575749432035,-4055.9429005812044,94447.23351813095
WLL-200203,2000-01-28,40.058414459228516,9.306974837615442,3.6525611877441406,0.27868807944045776,1.0866196911390738,Hammer,2000-02-04,40.11829376220703,2000-02-11,37.3639030456543,Stop loss (-3%),1,-0.06865672635229259,-0.06889740241506716,-6507.169048181318,87940.06446994962
WLP-200411,2002-03-08,60.29499816894531,8.630922433870765,3.2249984741210938,0.15658955257424173,1.0761701213699715,Hammer,2002-03-15,60.349998474121094,2002-04-12,65.69999694824219,RSI(2) acum > 180,4,0.08864952128234505,0.0884764909141827,8847.649082570624,108847.64908257061
WM,2008-07-18,22.180892944335938,8.025835831682002,1.8614215850830078,0.2718129848625042,1.673314960482465,Hammer,2008-07-25,22.155908584594727,2008-10-03,20.805240631103516,Stop loss (-3%),10,-0.060961975372580635,-0.06139946601454263,-6139.946595314317,93860.05340468569
WM,2020-03-27,86.11050415039062,8.060051987012116,12.794593811035156,0.29660950749934556,1.8313082998121977,Hammer,2020-04-03,86.86949920654297,2020-04-09,83.13774871826172,Stop loss (-3%),1,-0.04295812134715493,-0.04307075750025676,-4042.6235951117433,89817.42980957394
WMB,1992-04-10,1.0760303735733032,4.918467942552795,0.06215333938598633,0.25,1.12429206699746,Hammer,1992-04-16,1.079914927482605,1992-05-08,0.9672619700431824,Stop loss (-3%),3,-0.10431651102557538,-0.11305306465274821,-11305.306453969515,88694.6935460305
WMB,1993-11-19,1.8090167045593262,9.30477590932992,0.1891244649887085,0.0869566861709269,1.831828314848326,Hammer,1993-11-26,1.7350115776062012,1993-12-17,1.6820155382156372,Stop loss (-3%),3,-0.03054506383391553,-0.03620437944282529,-3211.13633649446,85483.55720953603
WMB,1994-12-16,1.7764534950256348,9.083318955177234,0.1793534755706787,0.23809558625108507,1.7438148375640234,Hammer,1994-12-23,1.7593721151351929,1995-02-10,1.8874818086624146,RSI(2) acum > 180,7,0.0728155757529314,0.06694148729400642,5722.396453066231,91205.95366260225
WMB,1998-09-04,5.459174633026123,0.6228902593366001,1.1708307266235352,0.1927710647101706,1.8722844932215024,Hammer,1998-09-11,5.459174633026123,1999-02-12,7.856845855712891,RSI(2) acum > 180,22,0.4392003157733193,0.4369683223986651,39854.11252486358,131060.0661874658
WMB,2008-01-25,9.030913352966309,7.691547191994687,1.578354835510254,0.38060996057461366,2.4099459823019225,Hammer,2008-02-01,9.06208324432373,2008-02-29,10.087872505187988,RSI(2) acum > 180,4,0.11319574464368198,0.11203043288481686,14682.715934211828,145742.78212167762
WMB,2012-11-16,15.281915664672852,1.7404787659928047,0.8731155395507812,0.37569031203851766,1.051074191617364,Hammer,2012-11-23,15.426630020141602,2013-02-15,17.55727195739746,RSI(2) acum > 180,12,0.13811454183279248,0.13742177167855665,20028.231308494578,165771.0134301722
WMB,2016-02-12,7.5818257331848145,8.50714257607875,2.690506935119629,0.32008371611948244,1.0360434143060278,Hammer,2016-02-19,7.812601089477539,2016-07-29,14.666799545288086,RSI(2) acum > 180,23,0.8773260502244478,0.8754857631483409,145130.16205565806,310901.17548583023
WMB,2019-08-09,16.48455047607422,2.891554290672161,0.975743293762207,0.3521137360344273,1.054229934473983,Hammer,2019-08-16,16.42957878112793,2019-08-30,15.955451011657715,Stop loss (-3%),2,-0.02885818168478116,-0.029457875125229665,-9158.487994590214,301742.68749124004
WMB,2021-08-06,19.928075790405273,9.661366367422033,1.0218505859375,0.36965043005614623,1.090925393135946,Hammer,2021-08-13,19.769033432006836,2021-08-27,19.435043334960938,Stop loss (-3%),2,-0.016894609349243916,-0.017396051151056698,-5249.131220805795,296493.5562704343
WMT,1992-02-21,2.6303815841674805,8.241082901413051,0.16400480270385742,0.3846160555673469,1.144639080370475,Hammer,1992-02-28,2.6303815841674805,1992-06-12,2.721381187438965,RSI(2) acum > 180,15,0.03459559016806524,0.0307354364764874,3073.5436445751966,103073.54364457518
WMT,2000-10-13,9.56684684753418,3.735408569144468,1.1161327362060547,0.3214286324603751,1.1041986576579905,Hammer,2000-10-20,9.619996070861816,2000-11-03,9.2213773727417,Stop loss (-3%),2,-0.04143647203011869,-0.042453908044404076,-4375.874739321791,98697.66890525339
WMT,2002-04-05,12.675603866577148,7.893820450655028,1.4017333984375,0.18654478359313767,2.2604964841423487,Hammer,2002-04-12,12.645597457885742,2002-05-03,11.981167793273926,Stop loss (-3%),3,-0.052542370324897614,-0.05331208007029044,-5261.778022166105,93435.8908830873
WMT,2003-12-19,11.342460632324219,8.454370318293897,0.6063270568847656,0.3073138507030734,1.2737175175852973,Hammer,2003-12-26,11.288293838500977,2004-01-30,11.747626304626465,RSI(2) acum > 180,5,0.04069104443036764,0.03978754759693135,3717.5849520549345,97153.47583514224
WMT,2014-02-07,19.37176513671875,8.503217163418626,0.5857505798339844,0.3363247390117941,1.1197031345299742,Hammer,2014-02-14,19.32973861694336,2014-05-09,20.847639083862305,RSI(2) acum > 180,12,0.07852669386788502,0.0779891829309524,7576.920191707852,104730.39602685008
WMX-199807,1990-08-24,31.381933212280273,2.4032277880000947,3.8137741088867188,0.31428555710481937,1.4488291166463374,Hammer,1990-08-31,33.12537384033203,1990-09-21,29.92777442932129,Stop loss (-3%),3,-0.09653021355844993,-0.09681748314913059,-9681.748305231311,90318.2516947687
WMX-199807,1996-07-19,29.276695251464844,5.472977046006548,2.28912353515625,0.3684208772163711,1.495022456521225,Hammer,1996-07-26,29.035734176635742,1996-08-02,27.8309326171875,Stop loss (-3%),1,-0.04149375221990126,-0.04183095207095677,-3778.098453998382,86540.1532407703
WNDXQ-200611,1996-04-12,25.85500144958496,7.063530928342104,1.8269290924072266,0.34682310246941805,1.1359324265025499,Hammer,1996-04-19,26.15332794189453,1996-05-31,28.203933715820312,RSI(2) acum > 180,6,0.0784070684419842,0.07800979399213034,7800.979391412056,107800.97939141205
WOR,1997-11-28,4.749640464782715,2.7647071222643547,0.29480504989624023,0.3333338724886818,1.1707804421602637,Hammer,1997-12-05,4.815153121948242,1997-12-19,4.223181247711182,Stop loss (-3%),2,-0.1229393664634999,-0.12488646294160709,-12488.646281672063,87511.35371832793
WOR,2000-03-17,3.6173529624938965,8.623204356563733,0.41599559783935547,0.3478260122007414,1.0236779567902952,Hammer,2000-03-24,3.6716132164001465,2000-04-20,3.4907455444335938,Stop loss (-3%),4,-0.04926109078120311,-0.05191399277877677,-4543.063780451192,82968.28993787675
WOR,2000-12-22,2.2391128540039062,1.2343288316160965,0.47438836097717285,0.36000028144536267,1.943136977336553,Hammer,2000-12-29,2.277064085006714,2001-01-26,2.713501214981079,RSI(2) acum > 180,4,0.19166659948135734,0.18686466027666807,15503.841297473595,98472.13123535033
WOR,2002-11-15,5.649837970733643,6.27030392447476,0.6068711280822754,0.3858698940285267,1.1383071797324702,Hammer,2002-11-22,5.590470790863037,2002-12-27,5.293054580688477,Stop loss (-3%),5,-0.05320056598107126,-0.05494018674470556,-5410.077273809224,93062.05396154111
WRK-202407,2018-10-26,34.73463439941406,0.8312361078364745,2.8924636840820312,0.3236987663569151,1.1916352048116003,Hammer,2018-11-02,35.21949768066406,2018-12-28,31.023588180541992,Stop loss (-3%),8,-0.11913598365787248,-0.11940296603380217,-11940.296591439921,88059.70340856009
WRK-202407,2022-03-11,40.517757415771484,7.740306970651801,2.849346160888672,0.17241434708858422,1.00792846148418,Hammer,2022-03-18,41.17277908325195,2022-04-29,46.69367599487305,RSI(2) acum > 180,6,0.13409094636186114,0.13383181498155444,11785.189922119782,99844.89333067987
WST,2021-02-26,276.89300537109375,9.82285970724999,18.290802001953125,0.17908144282251026,1.0564233495659818,Hammer,2021-03-05,277.9190673828125,2021-03-12,258.87744140625,Stop loss (-3%),1,-0.0685150038674176,-0.06854975229734528,-6854.975222879553,93145.02477712044
WTW,2019-10-11,172.47848510742188,8.899470977513602,12.9166259765625,0.2747311294453423,1.6390558566999889,Hammer,2019-10-18,172.4601287841797,2019-12-27,188.56179809570312,RSI(2) acum > 180,10,0.09336459055804958,0.09330390105503789,9330.390096173396,109330.3900961734
WU,2011-08-12,8.114729881286621,3.3807660698423803,0.7716903686523438,0.35403793488684787,1.5656392011049534,Hammer,2011-08-19,8.186626434326172,2011-08-26,7.764833450317383,Stop loss (-3%),1,-0.05152219750008735,-0.05271150820542846,-5271.150815271696,94728.8491847283
WWY-200810,1993-01-15,9.47131633758545,2.646060422792928,0.6792182922363281,0.38888982493976515,1.1815041590853224,Hammer,1993-01-22,9.509051322937012,1993-01-29,9.093973159790039,Stop loss (-3%),1,-0.04365084897015459,-0.044678985714757494,-4467.898567007851,95532.10143299216
WWY-200810,2005-02-25,50.18315124511719,6.4549989429300325,1.4891815185546875,0.2361826937855423,1.0332305328062665,Hammer,2005-03-04,49.988590240478516,2005-04-01,47.9755744934082,Stop loss (-3%),4,-0.040269504248596766,-0.04046550242419536,-3865.754478259467,91666.3469547327
WY,2006-05-26,13.10578727722168,6.039053188321461,0.8722324371337891,0.2930236321372575,1.420646048362623,Hammer,2006-06-02,13.081445693969727,2006-06-16,12.170673370361328,Stop loss (-3%),2,-0.06962321634131352,-0.0703607644994616,-7036.076442910084,92963.9235570899
WY,2006-06-16,11.977971076965332,0.7038846639958223,0.7038707733154297,0.30259382003137947,1.0898629123311099,Hammer,2006-06-23,12.06925106048584,2006-07-28,11.004317283630371,Stop loss (-3%),5,-0.08823528249752066,-0.08902695260108469,-8276.29480785161,84687.62874923828
WY,2014-02-07,18.521242141723633,3.4382512226256523,0.7934131622314453,0.18750075124345816,1.0325790953550897,Hammer,2014-02-14,18.496448516845703,2014-04-17,17.42827796936035,Stop loss (-3%),9,-0.05775003490602593,-0.05827492623097419,-4935.165313102825,79752.46343613545
WY,2016-01-22,16.91590690612793,3.7719986208070964,1.676950454711914,0.32936459642517957,1.5412872882775908,Hammer,2016-01-29,16.83605194091797,2016-02-12,15.87779426574707,Stop loss (-3%),2,-0.056917006346480226,-0.05749389518943067,-4585.279769310793,75167.18366682465
WY,2025-04-11,24.717430114746094,3.4957949170276095,2.546854019165039,0.3605177920818402,1.5671608099947274,Hammer,2025-04-17,24.94736099243164,2025-05-02,23.7210693359375,Stop loss (-3%),2,-0.049155165424758285,-0.049546079301638984,-3724.239239113118,71442.94442771154
WYE-200910,1992-06-12,11.151510238647461,1.0266770380450794,0.6982154846191406,0.2857135052149066,1.188619257685955,Hammer,1992-06-19,11.131561279296875,1992-10-09,10.422008514404297,Stop loss (-3%),16,-0.0637424299331888,-0.064611754638323,-6461.175457371124,93538.82454262888
WYE-200910,1992-10-09,10.44212818145752,0.2884645521757676,0.6035919189453125,0.3333338599994944,1.2149116341910793,Hammer,1992-10-16,10.462247848510742,1992-12-11,11.776969909667969,RSI(2) acum > 180,8,0.12566344060988488,0.12464805267249503,11659.43231685344,105198.25685948232
WYE-200910,1993-01-08,10.8209810256958,4.266799755494262,0.7322473526000977,0.3333333333333333,1.4789138989272725,Hammer,1993-01-15,10.861660957336426,1993-02-05,10.190434455871582,Stop loss (-3%),3,-0.06179777697917088,-0.06268958828654043,-6594.835404387841,98603.42145509449
WYE-200910,1999-06-04,45.1929817199707,5.770422143796836,5.216503143310547,0.2499994515439039,1.3226223382226237,Hammer,1999-06-11,44.74155044555664,1999-06-18,42.534568786621094,Stop loss (-3%),1,-0.04932733973135539,-0.04954530878604741,-4885.336958468093,93718.0844966264
WYE-200910,2008-10-03,36.68581771850586,4.376886141444814,2.9810867309570312,0.3550482805569987,1.0094580354893867,Hammer,2008-10-10,36.180877685546875,2008-10-17,31.053796768188477,Stop loss (-3%),1,-0.14170692490985382,-0.1419636953951849,-13304.565587194706,80413.51890943169
WYNN,2013-06-28,102.50299835205078,4.965417910403048,6.295799255371094,0.39058510451367723,1.1334686201745092,Hammer,2013-07-05,103.55229949951172,2013-09-20,122.5442886352539,RSI(2) acum > 180,11,0.1834048034426483,0.18329938331224727,18329.93831289479,118329.9383128948
WYNN,2022-05-13,64.10509490966797,4.470953359563765,10.021556854248047,0.18243220352854164,1.1972237613582848,Hammer,2022-05-20,62.808876037597656,2022-06-17,57.38214111328125,Stop loss (-3%),4,-0.08640076477515601,-0.08655308774548821,-10241.821523472368,108088.11678942243
X-202506,1992-10-09,13.905923843383789,4.620723740136128,1.0410842895507812,0.28571454743985286,1.0411517071731902,Hammer,1992-10-16,13.831561088562012,1992-11-27,17.273727416992188,RSI(2) acum > 180,6,0.24886318372816718,0.2480505312311579,24805.05309831074,124805.05309831075
X-202506,2002-07-26,13.117653846740723,0.5658222064970886,1.5167293548583984,0.24324354913147964,1.1951060146446013,Hammer,2002-08-02,13.421000480651855,2002-08-09,12.978279113769531,Stop loss (-3%),1,-0.03298721041852026,-0.03371974904475387,-4208.395065783825,120596.65803252692
X-202506,2008-09-12,94.54857635498047,3.3240389010282456,20.96538543701172,0.3305681456345127,1.3376861038325116,Hammer,2008-09-19,89.95722961425781,2008-10-03,72.17448425292969,Stop loss (-3%),2,-0.19768000234757832,-0.1977801732751653,-23851.6278982274,96745.03013429952
X-202506,2011-10-07,19.654924392700195,3.8598326838014856,4.094030380249023,0.32385132481477563,1.1129053639778521,Hammer,2011-10-14,20.138681411743164,2012-02-03,26.187767028808594,RSI(2) acum > 180,16,0.30037148378235523,0.29980049294985495,29004.207695707366,125749.2378300069
XEC-202109,2014-10-17,101.169921875,0.8104697527931108,13.302078247070312,0.31219537375324774,1.6341489763525643,Hammer,2014-10-24,100.23367309570312,2014-12-19,92.89051055908203,Stop loss (-3%),8,-0.07326043543879557,-0.07335654303405079,-7335.654296069424,92664.34570393056
XEC-202109,2017-02-10,123.40555572509766,8.252495244665099,12.848495483398438,0.3311455882684769,1.6897765626831287,Hammer,2017-02-17,123.37743377685547,2017-03-03,119.15763092041016,Stop loss (-3%),2,-0.03420238796729547,-0.0342820507503942,-3176.7237989974965,89487.62190493308
XEL,1995-03-24,5.574244499206543,3.9336859867909624,0.16017961502075195,0.29999910693288007,1.079244125878613,Hammer,1995-03-31,5.606280326843262,1995-05-19,5.951845169067383,RSI(2) acum > 180,7,0.06163888034095133,0.059801831788521595,5980.183172871977,105980.18317287197
XEL,2002-08-02,2.7615177631378174,0.7188504427669926,0.9868247509002686,0.26612890950879226,1.0635865931263446,Hammer,2002-08-09,2.666018486022949,2002-11-08,4.342938423156738,RSI(2) acum > 180,13,0.6289978655156834,0.6240765258108615,66139.74445318492,172119.92762605692
XEL,2011-08-12,13.922942161560059,7.804363459065939,1.3016643524169922,0.2289716271007126,2.642801267408231,Hammer,2011-08-19,14.026345252990723,2011-11-04,15.832043647766113,RSI(2) acum > 180,11,0.1287362005002961,0.12797763595708306,22027.501416659492,194147.42904271642
XEL,2014-08-08,20.909717559814453,5.619889161281435,0.9442214965820312,0.3043487043575925,1.5064182023970292,Hammer,2014-08-15,20.984981536865234,2014-09-12,22.196048736572266,RSI(2) acum > 180,4,0.057711139634766706,0.057220974568156016,11109.305088616846,205256.73413133327
XL-201809,2011-08-12,16.7081356048584,4.814716735362566,1.8410205841064453,0.3867927167240799,1.5758755452350788,Hammer,2011-08-19,16.92523765563965,2011-08-26,16.67340087890625,Stop loss (-3%),1,-0.014879364287655017,-0.015465629134046874,-1546.5629118581246,98453.43708814189
XL-201809,2014-10-17,29.85165786743164,9.870082231893178,1.6342506408691406,0.20113372968355006,1.776190232506642,Hammer,2014-10-24,29.777584075927734,2014-11-21,31.89794158935547,RSI(2) acum > 180,4,0.07120649909076526,0.07085877800420501,6976.2902354033195,105429.72732354522
XL-201809,2017-09-08,37.86731719970703,1.387198952090671,4.119209289550781,0.3833330555107953,2.299547282756281,Hammer,2017-09-15,40.937110900878906,2017-09-22,38.98063278198242,Stop loss (-3%),1,-0.04779228616386022,-0.04803069689438685,-5063.863271671193,100365.86405187403
XLNX-202202,2000-10-13,52.690765380859375,7.921205918636943,18.547500610351562,0.2232778897089251,2.0413950138088004,Hammer,2000-10-20,52.33831787109375,2000-11-03,45.5537223815918,Stop loss (-3%),2,-0.12962960533450885,-0.12980826905613918,-12980.826892633093,87019.1731073669
XLNX-202202,2016-01-15,38.70367431640625,6.759153726397528,2.9925079345703125,0.2839873646853664,1.4276700187463485,Hammer,2016-01-22,39.25516128540039,2016-06-10,43.47056198120117,RSI(2) acum > 180,20,0.10738462300926921,0.10711623585114101,9321.166260818816,96340.33936818571
XOM,1997-10-31,12.675806999206543,5.34978447475612,1.8697786331176758,0.2620691062197638,2.4181881336282465,Hammer,1997-11-07,12.817652702331543,1998-01-16,11.78758430480957,Stop loss (-3%),10,-0.08036326318426479,-0.08111179657332968,-8111.179649221789,91888.82035077822
XOM,2010-05-28,33.116703033447266,5.41989971803649,1.7582626342773438,0.37694557383308963,1.1207326917987437,Hammer,2010-06-04,33.07288360595703,2010-07-09,31.314617156982422,Stop loss (-3%),5,-0.053163385144255004,-0.053457665854297856,-4912.161849145345,86976.65850163286
XOM,2011-08-12,40.67536926269531,6.178036218928,3.6775970458984375,0.16897703462440097,1.6249072927398123,Hammer,2011-08-19,41.262901306152344,2011-08-26,40.760108947753906,Stop loss (-3%),1,-0.012185094660890239,-0.012425937403363558,-1080.7665130142523,85895.8919886186
XOM,2013-04-19,51.283851623535156,6.153457836729842,2.140491485595703,0.3342457990044857,1.585351724927655,Hammer,2013-04-26,51.377681732177734,2013-05-24,54.095069885253906,RSI(2) acum > 180,4,0.05289043922303471,0.0526906744024749,4525.912472756543,90421.80446137516
XOM,2014-02-07,54.60704040527344,3.723691861173336,1.7539558410644531,0.37148561622831344,1.0538559635996905,Hammer,2014-02-14,54.52866744995117,2014-05-09,61.304813385009766,RSI(2) acum > 180,12,0.12426758716005737,0.1240728205428013,11218.888306873581,101640.69276824873
XOM,2014-10-17,55.74581527709961,3.938326872500454,3.434833526611328,0.2348756859291376,1.8442157526953715,Hammer,2014-10-24,55.39133071899414,2014-12-19,53.88290786743164,Stop loss (-3%),8,-0.02723211072893128,-0.027410170165690487,-2785.9886817503757,98854.70408649836
XRAY,2011-08-12,28.514188766479492,3.0159132029455833,2.393035888671875,0.19718325575463877,1.474231806546025,Hammer,2011-08-19,28.573171615600586,2011-08-26,27.250261306762695,Stop loss (-3%),1,-0.04629903626503962,-0.0466408532626443,-4664.085321600345,95335.91467839965
XRAY,2019-08-09,46.29421615600586,1.035063845010015,2.7138290405273438,0.23452729353091167,1.1673484036355921,Hammer,2019-08-16,46.055538177490234,2019-10-25,49.100318908691406,RSI(2) acum > 180,10,0.06611106615380558,0.06588678402989792,6281.376814427118,101617.29149282677
XRX,1990-10-19,5.213768005371094,4.414009963559124,0.5013241767883301,0.12000060873940532,1.1319393155657054,Hammer,1990-10-26,5.233820915222168,1990-11-02,4.792655944824219,Stop loss (-3%),1,-0.08429118564505234,-0.08611956348555883,-8611.956339943925,91388.04366005608
XRX,1993-04-30,13.97411060333252,5.085665690414743,1.064478874206543,0.38297883777539066,1.9081908667203722,Hammer,1993-05-07,13.90616512298584,1993-05-14,13.475844383239746,Stop loss (-3%),1,-0.030944601616646028,-0.03165232644809457,-2892.6441884881706,88495.39947156791
XRX,1993-07-30,13.358102798461914,6.264919933119344,0.6862039566040039,0.26666592544928197,1.2104251961768207,Hammer,1993-08-06,13.358102798461914,1993-11-12,14.719581604003906,RSI(2) acum > 180,14,0.10192156970814414,0.10113510506688216,8949.991514542737,97445.39098611065
XRX,2002-05-10,10.672036170959473,0.9032105742528245,1.6633472442626953,0.18399950462862627,1.2629383168840955,Hammer,2002-05-17,10.884943962097168,2002-06-21,10.24621868133545,Stop loss (-3%),5,-0.05867970317402149,-0.05957103939374062,-5804.9232193671305,91640.46776674352
XRX,2008-09-19,17.499889373779297,2.6124920302654573,2.2277488708496094,0.21084400273291884,1.8333898721253608,Hammer,2008-09-26,17.432788848876953,2008-10-03,15.52794075012207,Stop loss (-3%),1,-0.10926812200089231,-0.10981025836186833,-10063.063431805509,81577.40433493801
XRX,2016-01-22,14.295516967773438,8.222693014547389,1.229384422302246,0.2435903104717001,1.1677232807947202,Hammer,2016-01-29,14.248233795166016,2016-03-18,16.84885025024414,RSI(2) acum > 180,7,0.1825220229022655,0.18175639944647046,14827.21527328001,96404.61960821801
XTO-201006,2010-05-28,42.7400016784668,7.066442337484659,2.322307586669922,0.3444846159279476,1.005074433114351,Hammer,2010-06-04,42.540000915527344,2010-06-25,41.810001373291016,End of data,3,-0.017160308569007854,-0.017393337085726924,-1739.333706833359,98260.66629316664
XYL,2019-08-09,70.5807113647461,6.498240801787702,3.2800445556640625,0.3501402580002884,1.0017922907000028,Hammer,2019-08-16,70.13969421386719,2019-08-30,68.32970428466797,Stop loss (-3%),2,-0.025805500715190832,-0.0259462237250643,-2594.622369911808,97405.37763008819
XYL,2024-07-05,130.99398803710938,8.634677959203813,5.463783264160156,0.3553590104852482,1.1728383423437234,Hammer,2024-07-12,131.53060913085938,2024-08-09,123.97889709472656,Stop loss (-3%),4,-0.05741410372865863,-0.057487946314294075,-5599.635114322415,91805.74251576579
YELLQ,1991-12-20,141080.0,1.7493710351129437,11932.140625,0.35294117647058826,1.3052505059152424,Hammer,1991-12-27,140378.109375,1992-01-24,166348.0625,RSI(2) acum > 180,4,0.18500002059170773,0.18497817059148214,18497.817042500348,118497.81704250035
YELLQ,1992-06-26,147627.53125,5.622085866306264,20682.109375,0.3448277685650717,1.7883923126439127,Hammer,1992-07-02,147627.53125,1992-07-17,139782.59375,Stop loss (-3%),2,-0.053140071052973026,-0.053156500553358306,-6298.929271341127,112198.88777115922
YELLQ,1993-03-05,152277.84375,5.940072459812981,13910.0,0.31578900071890725,1.488565469350235,Hammer,1993-03-12,151545.734375,1993-03-19,144224.6875,Stop loss (-3%),1,-0.048309158322358714,-0.04832655324384371,-5422.185518781553,106776.70225237767
YELLQ,1993-06-18,107233.2890625,0.05361553822368137,8874.4765625,0.16666651994439813,1.024845205620829,Hammer,1993-06-25,107233.2890625,1993-09-10,145794.640625,RSI(2) acum > 180,11,0.3596024322262916,0.35958033374989556,38394.802197596306,145171.504449974
YUM,1999-05-28,6.997927665710449,3.0763418574487957,0.7508506774902344,0.18999992379249203,1.282107560412232,Hammer,1999-06-04,6.967893600463867,1999-06-11,6.457315444946289,Stop loss (-3%),1,-0.07327582549245415,-0.07465740700287571,-7465.7406928218315,92534.25930717816
YUM,2008-10-10,13.981047630310059,4.099312954982608,3.6968374252319336,0.305898362275453,2.267750827705958,Hammer,2008-10-17,14.493228912353516,2008-10-31,13.032519340515137,Stop loss (-3%),2,-0.10078565519608418,-0.10144063669633667,-9386.734170957334,83147.52513622084
YUM,2013-10-25,37.706138610839844,3.358802117357726,1.8125190734863281,0.22187519073285614,1.1106649344985573,Hammer,2013-11-01,37.706138610839844,2013-11-22,41.829627990722656,RSI(2) acum > 180,3,0.10935856950086587,0.10907889635293082,9069.640267266903,92217.16540348774
YUM,2014-10-17,39.5275764465332,4.566810125416751,2.034099578857422,0.27238305637186416,1.3043116943231903,Hammer,2014-10-24,39.429290771484375,2014-11-21,43.01955795288086,RSI(2) acum > 180,4,0.09105583973610298,0.09079070807038417,8372.461734853925,100589.62713834168
YUM,2025-04-11,141.56988525390625,7.197503074286942,9.626739501953125,0.3995939121696376,1.42207177495312,Hammer,2025-04-17,143.52256774902344,2025-06-27,137.42735290527344,Stop loss (-3%),10,-0.04246868586136676,-0.04253687942671586,-4278.768836883177,96310.85830145849
ZBH,2008-04-25,64.06700897216797,7.6601852809848765,6.913402557373047,0.36894411377321834,1.959013223126321,Hammer,2008-05-02,64.1700668334961,2008-05-16,59.884620666503906,Stop loss (-3%),2,-0.06678263524505523,-0.06693325584119504,-6693.32557742618,93306.67442257381
ZBH,2016-01-22,88.43726348876953,9.164163613194859,6.315032958984375,0.39265503960257286,1.3868486775932474,Hammer,2016-01-29,87.83073425292969,2016-02-12,84.69105529785156,Stop loss (-3%),2,-0.03574692824537551,-0.03585874225185373,-3345.859985150848,89960.81443742296
ZBRA,2022-02-25,418.07000732421875,4.390550140486141,38.529998779296875,0.2042563033097277,1.0773047548152905,Hammer,2022-03-04,414.25,2022-03-11,394.0,Stop loss (-3%),1,-0.04888352444176225,-0.048907074145152184,-4890.707409624511,95109.29259037548
ZBRA,2023-05-05,273.79998779296875,6.683209025893547,44.589996337890625,0.37093540935922664,1.7840257108446935,Hammer,2023-05-12,274.0,2023-06-02,268.0199890136719,Stop loss (-3%),3,-0.02182485761433617,-0.021860955042163878,-2079.179967331029,93030.11262304445
ZION,2002-02-01,31.22951316833496,5.067878541465888,1.729806900024414,0.26523375347468403,1.160400472585049,Hammer,2002-02-08,31.19231414794922,2002-03-28,34.28767395019531,RSI(2) acum > 180,7,0.09923469568703358,0.09889825090756772,9889.825080866947,109889.82508086694
ZION,2002-09-27,27.873754501342773,2.7544855349818533,2.1320762634277344,0.3676470851352004,1.0540199122036136,Hammer,2002-10-04,27.811046600341797,2002-10-11,23.195730209350586,Stop loss (-3%),1,-0.16595263232324697,-0.1662823066644696,-18272.733575128907,91617.09150573805
ZION,2002-10-11,23.65976905822754,0.7100707045669594,2.78424072265625,0.3581079970186553,1.2274692131613483,Hammer,2002-10-18,23.5092716217041,2003-05-02,30.408309936523438,RSI(2) acum > 180,28,0.2934603175221322,0.292972643407786,26841.301452927793,118458.39295866583
ZION,2005-10-14,45.98938751220703,5.105901251773773,2.032867431640625,0.2360650323510426,1.2708590721093873,Hammer,2005-10-21,45.72944641113281,2005-11-11,49.33606719970703,RSI(2) acum > 180,3,0.07886867372390038,0.07864139769490502,9315.733581646044,127774.12654031189
ZION,2016-07-01,18.7452335357666,4.439848297819239,1.5946979522705078,0.25471575122506074,1.1103331202243585,Hammer,2016-07-08,18.406734466552734,2016-08-12,21.81427574157715,RSI(2) acum > 180,5,0.18512470428778816,0.18453129884077352,23578.32550515078,151352.45204546268
ZTS,2016-02-12,37.13920593261719,1.5912085121732957,2.480236053466797,0.20740596051241272,1.0715132110730516,Hammer,2016-02-19,38.26908874511719,2016-04-15,43.264259338378906,RSI(2) acum > 180,8,0.13052755519032466,0.13024923013739156,13024.923000714232,113024.92300071422
ZTS,2022-01-28,186.4368896484375,3.5620209291309664,13.765579223632812,0.33564487147796185,1.3375071001844843,Hammer,2022-02-04,187.10511779785156,2022-03-18,177.9598846435547,Stop loss (-3%),6,-0.04887751474642932,-0.04892965309437702,-5530.270267913351,107494.65273280088
