ticker,signal_date,signal_close,rsi_at_signal,signal_range,signal_body_percentile,signal_atr_mult,pattern,entry_date,entry_price,exit_date,exit_price,exit_reason,bars_held,gross_return,net_return,pnl,equity_after
A,2011-08-12,22.911645889282227,1.3851431906370522,3.2649574279785156,0.28875940688570595,1.4114268990151186,Hammer,2011-08-19,23.234346389770508,2011-09-30,20.27310562133789,Time stop (5 bars),6,-0.12745100373197393,-0.1278538870499602,-12785.388692210632,87214.61130778937
A,2025-03-07,125.4020767211914,4.6947765680286295,7.967529296875,0.34782537919411677,1.0257699282778592,Hammer,2025-03-14,123.92733764648438,2025-04-25,101.02080535888672,Time stop (5 bars),6,-0.1848384119486285,-0.184911643908201,-16126.997133611112,71087.61417417825
A,2026-02-27,121.1036605834961,1.7807091888852682,11.309196472167969,0.39214838371497635,1.3851228389300836,Hammer,2026-03-06,118.57942199707031,2026-04-17,114.94000244140625,Time stop (5 bars),6,-0.03069183079467175,-0.030774864811115212,-2187.7117137673413,68899.90246041091
AABA-201910,2002-06-28,2.011779546737671,6.1810307984075195,0.35165250301361084,0.24806203652697148,1.1817199242664058,Hammer,2002-07-05,2.011779546737671,2002-08-16,1.5919773578643799,Time stop (5 bars),6,-0.20867206327554522,-0.21311312362748636,-21311.312341437326,78688.68765856269
AABA-201910,2015-08-14,9.878983497619629,8.786652580377734,1.0467796325683594,0.37760334102264154,1.6502502129297623,Hammer,2015-08-21,9.878983497619629,2015-10-02,7.91354513168335,Time stop (5 bars),6,-0.1989514777922099,-0.19986257225257678,-15726.923506893007,62961.76415166969
AAL,2017-03-24,40.41477584838867,6.490205741499295,3.1039886474609375,0.21372951927756448,1.1500414154255538,Hammer,2017-03-31,39.775577545166016,2017-04-28,44.065956115722656,RSI > 90,4,0.10786464547711039,0.10759970907151326,10759.970896391354,110759.97089639136
AAL,2017-08-25,44.007286071777344,3.392646878641287,3.3260765075683594,0.24561337108948048,1.154085379629312,Hammer,2017-09-01,43.98783493041992,2017-10-13,49.823055267333984,RSI > 90,6,0.13265532041175088,0.1324129337454012,14666.052673280381,125426.02356967173
AAL,2022-03-11,14.020000457763672,5.884063075533788,2.3099002838134766,0.31603076000802605,1.1085465430204928,Hammer,2022-03-18,14.039999961853027,2022-04-29,19.975000381469727,Time stop (5 bars),6,0.42272082875656825,0.42185834358912916,52912.014493160765,178338.0380628325
AAL-199702,1994-03-11,19.101064682006836,6.649469713016657,1.5812187194824219,0.30465589242159963,1.3201850366306702,Hammer,1994-03-18,18.97783088684082,1994-04-29,14.664688110351562,Time stop (5 bars),6,-0.22727269529416982,-0.22773962441429763,-22773.9624186558,77226.0375813442
AAMRQ-201312,1996-06-28,19.263263702392578,7.865324525627429,1.0055007934570312,0.315788774821121,1.0695210545952947,Hammer,1996-07-05,19.289724349975586,1996-08-16,18.046079635620117,Time stop (5 bars),6,-0.06447187589578196,-0.0649734451561135,-6497.344509114006,93502.655490886
AAMRQ-201312,2002-07-05,15.649999618530273,0.9288943067070647,2.59999942779541,0.3846154692610526,1.1679551632803993,Hammer,2002-07-12,15.850000381469727,2002-08-23,9.699999809265137,Time stop (5 bars),6,-0.38801264505927524,-0.38852099804450274,-36327.74499480259,57174.91049608341
AAPL,2008-07-25,4.853126525878906,9.292470115599443,0.6537890434265137,0.28617273055477555,1.5624758997147503,Hammer,2008-08-01,4.859712600708008,2008-09-12,4.926468849182129,Time stop (5 bars),6,0.013736665922259528,0.011666927346511964,1166.6927334845036,101166.69273348451
AAPL,2008-09-19,4.218197345733643,2.658660505627992,0.8085553646087646,0.2510179643543663,1.8737880112252343,Hammer,2008-09-26,4.189159870147705,2008-11-07,3.1710567474365234,Time stop (5 bars),6,-0.2430327689249263,-0.24512730905390478,-24798.719130843565,76367.97360264094
AAV-199901,1991-12-13,13.362825393676758,6.486932736064915,1.0834722518920898,0.22222192882159453,1.1154797981480848,Hammer,1991-12-20,13.483211517333984,1992-01-31,13.122054100036621,Time stop (5 bars),6,-0.026785711759624964,-0.02751717059154803,-2751.7170564030857,97248.2829435969
AAV-199901,1993-07-02,12.566668510437012,4.353405420712818,0.7250003814697266,0.3333333333333333,1.0184438125786994,Hammer,1993-07-09,12.44583511352539,1993-08-20,12.44583511352539,Time stop (5 bars),6,0.0,-0.0008031589775963671,-78.10583142387569,97170.17711217304
ABBV,2015-08-28,41.15253448486328,4.340900047664363,7.236110687255859,0.3511112587201349,3.0952910889378944,Hammer,2015-09-04,41.25544738769531,2015-10-16,35.89107894897461,Time stop (5 bars),6,-0.130028124245252,-0.1302547301104506,-13025.472998019592,86974.5270019804
ABI-200811,2008-09-19,34.439998626708984,3.368744454441071,4.129999160766602,0.35108984445176183,2.4858943986409376,Hammer,2008-09-26,34.290000915527344,2008-11-07,30.520000457763672,Time stop (5 bars),6,-0.10994460067385192,-0.11022015911515089,-11022.015900493072,88977.98409950694
ABKFQ-201304,2006-06-16,76.16952514648438,3.0667738066887438,3.1012649536132812,0.3613726324697593,1.319319933233269,Hammer,2006-06-23,76.32411193847656,2006-07-14,80.17896270751953,RSI > 90,3,0.05050632979719816,0.050372009727324335,5037.200967695233,105037.20096769524
ABS-200606,1991-05-17,16.26871109008789,5.0823161143371465,1.084580421447754,0.12499989008718285,1.0996165154363722,Hammer,1991-05-24,16.359092712402344,1991-07-05,14.822603225708008,Time stop (5 bars),6,-0.09392265901943786,-0.09450505529843711,-9450.505520393206,90549.49447960679
ABS-200606,1999-04-09,42.60243225097656,7.0146294130126705,3.3005447387695312,0.24615414843426744,1.0758023792907814,Hammer,1999-04-16,42.95787811279297,1999-05-28,42.289398193359375,Time stop (5 bars),6,-0.01556128814552693,-0.0157922362103474,-1429.9790041195192,89119.51547548728
ABS-200606,1999-11-05,28.3441104888916,8.602317055478906,4.056493759155273,0.3417721042839121,1.273056511004062,Hammer,1999-11-12,27.933326721191406,1999-12-23,24.338964462280273,Time stop (5 bars),6,-0.12867648364218276,-0.12901138621795852,-11497.432219067989,77622.08325641928
ABT,1993-01-22,3.003448009490967,4.448726859021036,0.18855738639831543,0.3571422249253035,1.038548392603052,Hammer,1993-01-29,3.016916275024414,1993-03-12,2.7340803146362305,Time stop (5 bars),6,-0.09375001975681108,-0.09690406144221105,-9690.406134530698,90309.59386546932
ABT,1997-10-31,7.350193977355957,6.575659766030313,0.6968073844909668,0.3225808879834614,1.810851086169487,Hammer,1997-11-07,7.492552280426025,1997-11-28,7.837209701538086,RSI > 90,3,0.046000002163810505,0.04463555685843702,4031.019007813493,94340.61287328282
ABT,2002-03-22,13.789704322814941,6.444713429407074,0.744694709777832,0.2068951386212028,1.1327314971657356,Hammer,2002-03-28,13.751184463500977,2002-05-10,13.862229347229004,Time stop (5 bars),6,0.00807529591525502,0.007345415001967083,692.9709524012096,95033.58382568404
ABT,2010-04-30,17.326465606689453,0.9520139205720568,0.7992668151855469,0.2923712432525307,1.4009702865232283,Hammer,2010-05-07,17.424680709838867,2010-06-18,16.066604614257812,Time stop (5 bars),6,-0.07793979804830597,-0.07849117366841898,-7459.29752493472,87574.28630074933
ABT,2011-08-12,17.58615493774414,2.713515141999892,1.3606853485107422,0.2161465451624705,2.1669901441187376,Hammer,2011-08-19,17.72080421447754,2011-09-30,18.124759674072266,Time stop (5 bars),6,0.022795548932519782,0.022224969588288766,1946.3358478039117,89520.62214855324
ABT,2021-06-04,99.4908218383789,0.5071309860538946,5.40740966796875,0.33838393814549356,1.132521062166492,Hammer,2021-06-11,100.11895751953125,2021-07-09,107.41986083984375,RSI > 90,4,0.07292228665972922,0.07281876886348862,6518.781486232418,96039.40363478566
ABT,2022-01-28,115.39311981201172,5.9951370370431505,6.011299133300781,0.2327718923282139,1.2084166150581157,Hammer,2022-02-04,115.54961395263672,2022-03-18,105.773193359375,Time stop (5 bars),6,-0.08460799009911912,-0.08469086831334101,-8133.660477991776,87905.74315679389
ABT,2022-05-13,101.55510711669922,7.967729181413617,6.072235107421875,0.20091343133559492,1.0163999306476215,Hammer,2022-05-20,101.11148071289062,2022-07-01,101.57359313964844,Time stop (5 bars),6,0.004570325975840506,0.004471204135768297,393.04452196739805,88298.78767876128
ACAS-201701,2008-07-18,15.211991310119629,5.174188431052045,4.518199920654297,0.1626795500578765,2.246924008358067,Hammer,2008-07-25,15.69479751586914,2008-09-05,16.091129302978516,Time stop (5 bars),6,0.025252430731179665,0.02460743756210083,2460.7437537493397,102460.74375374934
ACKH-200712,1990-09-28,17.63048553466797,0.22588552034486042,1.806051254272461,0.19047598931661616,1.3302742162151895,Hammer,1990-10-05,18.060497283935547,1990-11-16,14.999543190002441,Time stop (5 bars),6,-0.1694833783262304,-0.16999001165962377,-16999.001148963376,83000.99885103664
ACKH-200712,1996-04-19,46.210147857666016,5.362994621715629,3.0046920776367188,0.37930990704134515,1.338933279140843,Hammer,1996-04-26,46.41736602783203,1996-06-07,49.14835739135742,Time stop (5 bars),6,0.0588355522346502,0.05861380184487039,4865.004094715972,87866.00294575263
ACKH-200712,1998-07-17,58.425140380859375,7.3130136685151115,3.6721267700195312,0.2985074161720128,1.1610032175156788,Hammer,1998-07-24,58.31552505493164,1998-09-04,42.43803405761719,Time stop (5 bars),6,-0.27226867943584987,-0.2724168032155086,-23936.175609870217,63929.82733588241
ACKH-200712,1999-08-13,47.216552734375,2.140221101355209,3.9442405700683594,0.13043457235731784,1.2582814926230126,Hammer,1999-08-20,46.98789978027344,1999-10-01,40.47132873535156,Time stop (5 bars),6,-0.13868615272006002,-0.13888419474938596,-8878.842581132467,55050.98475474994
ACN,2011-08-12,41.123878479003906,5.251809468462184,3.0649032592773438,0.2629000580001643,1.3280035026971153,Hammer,2011-08-19,41.357322692871094,2011-09-30,38.32254409790039,Time stop (5 bars),6,-0.07337947423501423,-0.07361236982698453,-7361.236975337215,92638.7630246628
ACN,2015-09-04,78.14715576171875,3.489495438988911,3.5246963500976562,0.3497659035171833,1.1326456436878667,Hammer,2015-09-11,79.65300750732422,2015-10-16,86.6196517944336,RSI > 90,5,0.08746241360024953,0.08733138707329262,8090.271663607582,100729.03468827039
ACN,2019-10-04,169.43028259277344,8.859480719252758,9.394424438476562,0.35425623667109,1.459733622988812,Hammer,2019-10-11,168.22413635253906,2019-11-22,177.14794921875,RSI > 90,6,0.053047161125022724,0.052986141755678104,5337.24290556807,106066.27759383846
ACN,2020-03-13,149.9819793701172,1.2166865990884048,24.9144287109375,0.3376719141201084,2.554858567943666,Hammer,2020-03-20,133.57052612304688,2020-05-01,159.45339965820312,Time stop (5 bars),6,0.1937768330066516,0.19369471553735615,20544.477446100318,126610.75503993877
ACN,2022-03-11,288.31597900390625,6.2432809796764985,19.76519775390625,0.3342710594658358,1.0610444975048916,Hammer,2022-03-18,285.993408203125,2022-04-08,316.4554443359375,RSI > 90,3,0.10651307078790095,0.10647624343134289,13481.037561177607,140091.79260111635
ACN,2026-02-27,206.96487426757812,1.4296174109441324,25.077346801757812,0.20956890577187645,1.3066710387690026,Hammer,2026-03-06,203.51414489746094,2026-04-17,180.97999572753906,Time stop (5 bars),6,-0.1107252234544952,-0.11077163861552325,-15518.197407493495,124573.59519362287
ACS-201002,2005-04-29,47.66999816894531,3.0380011191408585,2.6999969482421875,0.39259213210735416,1.0290873089408914,Hammer,2005-05-06,47.869998931884766,2005-06-03,50.470001220703125,RSI > 90,4,0.0543138154759093,0.05409926572538079,5409.926567128154,105409.92656712815
ACS-201002,2006-05-12,53.31999969482422,0.16669475165682002,4.720001220703125,0.32627129602689686,1.8325583063807251,Hammer,2006-05-19,53.0,2006-06-30,50.63999938964844,Time stop (5 bars),6,-0.044528313402859676,-0.04471277446187268,-4713.170267925392,100696.75629920277
ACY-199411,1991-03-22,46.51076889038086,5.151329850072742,3.144084930419922,0.3793106795291937,1.3640989841785118,Hammer,1991-03-28,46.185516357421875,1991-04-26,50.30535125732422,RSI > 90,4,0.0892018802608947,0.08897572973855651,8897.572964958079,108897.57296495809
ADBE,2005-07-08,27.93000030517578,4.633159349609969,2.440000534057617,0.31147543546557666,1.262085260432839,Hammer,2005-07-15,27.75,2005-08-26,26.200000762939453,Time stop (5 bars),6,-0.055855828362542215,-0.05620606150461342,-5620.606144840736,94379.39385515926
ADBE,2016-02-12,76.66999816894531,2.0643046582830067,7.060005187988281,0.23512782468399093,1.311952719044871,Hammer,2016-02-19,77.12999725341797,2016-03-24,92.69000244140625,RSI > 90,5,0.20173740103820315,0.2015946812949325,19026.383806013357,113405.77766117263
ADBE,2019-10-04,276.9599914550781,5.244038774343537,15.799896240234375,0.17024864263488182,1.083959614761189,Hammer,2019-10-11,276.32000732421875,2019-11-15,291.95001220703125,RSI > 90,5,0.056564868516643774,0.05652765572710249,6410.562750684534,119816.34041185716
ADBE,2021-10-08,576.8599853515625,1.7112043318693821,34.0050048828125,0.3398009110848659,1.2809672321333918,Hammer,2021-10-15,574.5,2021-11-12,666.5599975585938,RSI > 90,4,0.1602436859157419,0.16022488500290463,19197.55934476113,139013.89975661828
ADI,2020-03-13,89.55719757080078,8.299326276914556,14.682388305664062,0.24449842812232067,1.9807486647066688,Hammer,2020-03-20,80.62750244140625,2020-05-01,95.6778564453125,RSI > 90,6,0.18666526369018643,0.18652966915960134,18652.966897307168,118652.96689730717
ADM,1990-08-24,4.359854698181152,1.254952939920102,0.3963503837585449,0.2499990976976854,1.3583093552191339,Hammer,1990-08-31,4.558029651641846,1990-09-14,4.929608345031738,RSI > 90,2,0.08152178063520199,0.07924092565556544,7924.092557632452,107924.09255763245
ADM,1992-04-24,4.998600482940674,2.7147363821208472,0.4187307357788086,0.24999943061600516,1.0780158343166353,Hammer,1992-05-01,5.129453659057617,1992-06-12,5.449207782745361,Time stop (5 bars),6,0.06233687736375604,0.060328545986837616,6510.903574439944,114434.99613207241
ADM,1993-04-16,5.406792163848877,4.951089984603172,0.3861994743347168,0.35714312171957935,1.1961107352882714,Hammer,1993-04-23,5.461963653564453,1993-06-04,5.2741379737854,Time stop (5 bars),6,-0.03438794025230807,-0.03618565849620574,-4140.905685908891,110294.09044616351
ADM,1997-10-31,9.706804275512695,2.0357356721071227,1.3087825775146484,0.2500003643364195,2.313397664716074,Hammer,1997-11-07,9.65227222442627,1997-12-19,9.01780891418457,Time stop (5 bars),6,-0.06573201578754806,-0.06673347248218275,-7360.307642376121,102933.78280378738
ADM,2008-07-18,18.591108322143555,2.486946852876372,2.2244720458984375,0.22346398414081203,1.1683044930246915,Hammer,2008-07-25,18.70295524597168,2008-09-05,15.938474655151367,Time stop (5 bars),6,-0.14780982761618588,-0.1483048550384859,-15265.579722013103,87668.20308177429
ADM,2011-08-12,18.00413703918457,8.747631561783066,1.2803535461425781,0.3402068305937665,1.0178026235933095,Hammer,2011-08-19,18.103134155273438,2011-09-30,16.945016860961914,Time stop (5 bars),6,-0.06397330342791296,-0.06450787719458898,-5655.289672614092,82012.9134091602
ADM,2018-12-28,32.687583923339844,4.283209704303459,1.867635726928711,0.33905751655213195,1.112479862388436,Hammer,2019-01-04,32.735679626464844,2019-02-15,33.52922439575195,Time stop (5 bars),6,0.024240974323489484,0.023931841923457108,1962.7200774274775,83975.63348658769
ADM,2019-08-09,31.273719787597656,5.622169351962853,2.5191822052001953,0.3818767286226214,1.6852409620246531,Hammer,2019-08-16,31.00467872619629,2019-09-20,34.09498596191406,RSI > 90,5,0.09967228697992381,0.0993337358608492,8341.613387162572,92317.24687375025
ADP,1998-05-29,14.105761528015137,4.549707796747526,0.6789608001708984,0.3469397788022058,1.0269047918397567,Hammer,1998-06-05,14.105761528015137,1998-06-26,15.285734176635742,RSI > 90,3,0.08365182172384578,0.08291350160639975,8291.350152348623,108291.35015234863
ADP,2000-02-04,21.542682647705078,3.472977579353909,2.244029998779297,0.2499995750171268,1.5937065206309835,Hammer,2000-02-11,21.542682647705078,2000-03-24,24.05950927734375,RSI > 90,6,0.11682976864103733,0.11633857202299482,12598.4610265679,120889.81117891654
ADP,2002-07-05,19.663576126098633,1.4917176734602435,2.0568599700927734,0.16222283836878598,1.3702278252889315,Hammer,2002-07-12,19.663576126098633,2002-08-23,17.7484130859375,Time stop (5 bars),6,-0.0973964770131115,-0.09788014281352043,-11832.711971059158,109057.09920785739
ADP,2011-08-12,29.26028060913086,2.314869876850622,2.110799789428711,0.25219962283143893,1.6446270284637157,Hammer,2011-08-19,29.309799194335938,2011-09-30,29.537473678588867,Time stop (5 bars),6,0.0077678623024113325,0.007425412768817009,809.7939761783737,109866.89318403577
ADP,2025-09-19,285.5804443359375,9.614261980612312,12.381683349609375,0.23143622619373316,1.1763080283064773,Hammer,2025-09-26,283.09625244140625,2025-11-07,254.5773468017578,Time stop (5 bars),6,-0.10073925526637317,-0.10077279910852079,-11071.594344440553,98795.29883959523
ADSK,1998-08-28,6.148478984832764,6.759586553998375,1.3729615211486816,0.39130430252536286,1.2663390045568754,Hammer,1998-09-04,6.476795673370361,1998-10-16,5.760096549987793,Time stop (5 bars),6,-0.11065643560894001,-0.11211385856671165,-11211.38584545978,88788.61415454022
ADSK,1999-04-23,6.452834129333496,4.024883740571909,1.5456790924072266,0.36893202086426014,1.3893236080115514,Hammer,1999-04-30,6.542873382568359,1999-06-11,6.032649517059326,Time stop (5 bars),6,-0.07798161995131692,-0.07944928606804834,-7054.19199849544,81734.42215604478
ADSK,2001-04-06,7.236032009124756,3.9434412634602722,1.4646239280700684,0.16676916685739623,1.3339987129973478,Hammer,2001-04-12,7.234810829162598,2001-04-27,8.861543655395508,RSI > 90,2,0.22484801118444708,0.2233114737916311,18252.234252921473,99986.65640896626
ADSK,2013-03-01,37.36000061035156,7.961609029266356,2.479999542236328,0.35887078787356735,1.224979637357678,Hammer,2013-03-08,37.34000015258789,2013-03-28,41.0,RSI > 90,3,0.09801820654675186,0.09773730974691607,9772.426798229179,109759.08320719542
ADSK,2016-01-22,49.029998779296875,3.510911974637807,4.770000457763672,0.1802936117022425,1.204963852663097,Hammer,2016-01-29,48.810001373291016,2016-03-11,55.869998931884766,RSI > 90,6,0.14464243720462178,0.14442276677781957,15851.710459928367,125610.79366712378
ADSK,2020-03-13,158.02999877929688,1.785868399573431,30.800003051757812,0.2818179160954942,2.3600094065342647,Hammer,2020-03-20,140.98919677734375,2020-04-24,178.19000244140625,RSI > 90,5,0.26385571741933966,0.2637754355435902,33133.04177538857,158743.83544251235
ADT-201604,2013-05-03,40.90467071533203,9.054829580424439,4.334953308105469,0.281995842947178,1.574085599019491,Hammer,2013-05-10,41.1491584777832,2013-06-21,37.180938720703125,Time stop (5 bars),6,-0.09643501602159266,-0.09666628851681389,-9666.628842014761,90333.37115798524
ADT-201604,2014-10-03,33.637046813964844,5.5815896084411065,1.9746818542480469,0.3804880121935435,1.2763902791586006,Hammer,2014-10-10,33.743003845214844,2014-11-21,34.685791015625,Time stop (5 bars),6,0.027940226505467347,0.027639773145943212,2496.793883818208,92830.16504180346
AEE,2001-07-27,13.357466697692871,2.1564848938350565,0.7202720642089844,0.17535418266557212,1.0810586531732782,Hammer,2001-08-03,13.449633598327637,2001-09-10,14.276065826416016,RSI > 90,6,0.061446449231980615,0.0606803761783493,6068.037611766893,106068.0376117669
AEE,2001-09-28,13.312310218811035,7.335056251368769,0.8736200332641602,0.25793591446820446,1.4309274267390957,Hammer,2001-10-05,13.381644248962402,2001-11-16,14.66434097290039,RSI > 90,6,0.095854941296728,0.09507212564019815,10084.113788151051,116152.15139991793
AEE,2002-10-11,15.092361450195312,7.321101151424386,1.3030967712402344,0.36440680446956814,1.506927207976009,Hammer,2002-10-18,15.096041679382324,2002-11-29,15.140214920043945,Time stop (5 bars),6,0.0029261472377855036,0.002262972408603998,262.8491135551594,116415.0005134731
AEE,2004-05-14,16.88258934020996,4.672620068741068,0.6796474456787109,0.15384572209546743,1.3740424921840828,Hammer,2004-05-21,16.88258934020996,2004-07-02,17.883092880249023,Time stop (5 bars),6,0.059262446054772155,0.05865274907417593,6828.059806758742,123243.06032023185
AEE,2005-08-19,23.326169967651367,9.83673931146015,0.759796142578125,0.3446323854279632,1.197499796851718,Hammer,2005-08-26,23.326169967651367,2005-09-23,24.441072463989258,RSI > 90,4,0.04779620905978277,0.04735735489775423,5836.465340434086,129079.52566066594
AEE,2011-08-12,16.434043884277344,7.816074376690565,1.5354442596435547,0.3398433569560816,2.29060985240303,Hammer,2011-08-19,16.54200553894043,2011-09-23,18.243160247802734,RSI > 90,5,0.10283848018656072,0.10220306658400947,13192.323342537078,142271.849003203
AEE,2014-08-08,26.37967300415039,6.479496365898541,1.3698348999023438,0.25252580104373784,1.3656945106570042,Hammer,2014-08-15,26.441938400268555,2014-09-12,27.86711883544922,RSI > 90,4,0.05389848556511989,0.05351018003529259,7612.9922465023665,149884.84124970538
AEE,2016-08-19,37.839351654052734,6.856031531014224,1.503997802734375,0.3880597772051214,1.140911717280178,Hammer,2016-08-26,37.93662643432617,2016-10-07,36.958438873291016,Time stop (5 bars),6,-0.025784779854596263,-0.026044944666397726,-3903.742392776642,145981.09885692873
AEE,2023-10-06,67.99415588378906,7.67166148838831,4.493125915527344,0.12270025113639643,1.363836100443994,Hammer,2023-10-13,67.99415588378906,2023-11-24,70.54853057861328,Time stop (5 bars),6,0.03756756241212811,0.037417739408009236,5462.28271006111,151443.38156698985
AEP,2004-04-23,12.840553283691406,3.30453208304381,0.4965963363647461,0.28571456006022444,1.0200442276927741,Hammer,2004-04-30,12.903149604797363,2004-06-04,13.413823127746582,RSI > 90,5,0.03957743175816164,0.03878739697618169,3878.7396937394296,103878.73969373944
AEP,2011-08-12,20.7450008392334,8.136551566638843,1.827371597290039,0.31428634054540955,2.326024105627744,Hammer,2011-08-19,20.890031814575195,2011-09-09,21.60357666015625,RSI > 90,3,0.03415719286187047,0.03367043667721544,3497.642523469357,107376.3822172088
AEP,2012-11-16,25.528854370117188,8.522033033111882,0.7070846557617188,0.30434618414095965,1.0394221313224072,Hammer,2012-11-23,25.633378982543945,2013-01-04,25.89776611328125,Time stop (5 bars),6,0.010314173988429376,0.009922122257046999,1065.4015908131514,108441.78380802194
AEP,2021-06-11,70.75617218017578,2.839374344068105,3.6396484375,0.35321220150254895,1.3704279503319075,Hammer,2021-06-18,70.73113250732422,2021-07-23,73.1195297241211,RSI > 90,5,0.03376726954781262,0.033623512234721174,3646.193640977821,112087.97744899975
AES,2007-01-12,13.205652236938477,1.0480387394621573,0.9144315719604492,0.2965518104481301,1.5525612602406043,Hammer,2007-01-19,12.839879989624023,2007-02-16,14.302969932556152,RSI > 90,4,0.11394887990498814,0.11312600383233803,11312.600371921202,111312.60037192122
AES,2008-09-19,8.33078670501709,2.0941227419648953,1.87931489944458,0.2248320248938841,2.0338516344723527,Hammer,2008-09-26,8.387544631958008,2008-11-07,4.919011116027832,Time stop (5 bars),6,-0.413533837151156,-0.4144790011225264,-46136.735368368136,65175.86500355308
AES,2011-08-12,6.6280517578125,2.763042548194832,0.9838018417358398,0.21794878008823265,1.9377304813387666,Hammer,2011-08-19,6.684809684753418,2011-09-23,6.855082988739014,RSI > 90,5,0.025471675637071867,0.023957827133837754,1561.4721054919987,66737.33710904508
AES,2014-10-17,8.610929489135742,9.977154871110884,0.7386350631713867,0.2719301756583152,1.7741691161904212,Hammer,2014-10-24,8.617408752441406,2014-12-05,8.974835395812988,Time stop (5 bars),6,0.04147727624853803,0.04029345550026381,2689.0779203203347,69426.41502936542
AES,2019-08-16,11.840527534484863,2.0896101248198136,0.6971893310546875,0.3575430609966952,1.126612199742301,Hammer,2019-08-23,11.840527534484863,2019-09-27,12.526032447814941,RSI > 90,5,0.05789479491801219,0.057026157033828774,3959.121641801242,73385.53667116666
AES,2020-03-20,9.386638641357422,1.3066526496945698,3.629711627960205,0.2505446293951819,2.841986897145072,Hammer,2020-03-27,9.473625183105469,2020-05-08,10.280299186706543,Time stop (5 bars),6,0.08514945314066624,0.08404953125702791,6168.019952088969,79553.55662325563
AES,2021-05-14,20.854755401611328,5.6373107848506265,1.6687088012695312,0.3866992652740249,1.1189508673479185,Hammer,2021-05-21,20.66568946838379,2021-07-02,21.55347442626953,Time stop (5 bars),6,0.0429593679535325,0.042465199780990996,3378.257671916672,82931.8142951723
AES,2022-02-25,17.692617416381836,0.6985979796317991,1.3208694458007812,0.14593886639442266,1.2140982407215632,Hammer,2022-03-04,17.60042381286621,2022-03-25,19.80466651916504,RSI > 90,3,0.125238047091087,0.12463447228661752,10336.1629001144,93267.97719528669
AET-201811,1992-05-15,3.418747901916504,3.2904287205476237,0.2734997272491455,0.3076919053542677,1.4604521786990174,Hammer,1992-05-22,3.439786434173584,1992-07-02,3.471343994140625,Time stop (5 bars),6,0.009174278860316187,0.0062580250993739825,625.8025093115957,100625.8025093116
AET-201811,1994-04-08,4.819294452667236,1.204915804152506,0.30048322677612305,0.3461539071885032,1.1538445259906456,Hammer,1994-04-15,4.819294452667236,1994-05-27,5.175281047821045,RSI > 90,6,0.07386695265253773,0.07171755342639184,7216.636360318473,107842.43886963006
AET-201811,1996-04-12,7.359824180603027,4.718700659545249,0.5857300758361816,0.3478265824897323,1.7027088871495921,Hammer,1996-04-19,7.347091197967529,1996-05-31,7.676225185394287,Time stop (5 bars),6,0.044797863339141264,0.04340724004008303,4681.14262584087,112523.58149547093
AET-201811,1996-10-25,6.535581588745117,7.364939089197009,0.4447455406188965,0.3016192791029046,1.1716753697357145,Hammer,1996-11-01,6.535581588745117,1996-11-29,7.376795291900635,RSI > 90,4,0.12871290668364788,0.12708559504644826,14300.126296809314,126823.70779228024
AFL,2008-07-18,19.39594078063965,3.9487390350034133,1.4030818939208984,0.2906178334164833,1.4980545954570548,Hammer,2008-07-25,19.386308670043945,2008-09-05,18.5517520904541,Time stop (5 bars),6,-0.04304876156642523,-0.04355335650422244,-4355.335646066909,95644.66435393308
AFS-200011,1998-10-09,27.175979614257812,9.912957989501535,6.602075576782227,0.25581406770519005,1.9730738727855148,Hammer,1998-10-16,28.005077362060547,1998-11-27,36.909271240234375,Time stop (5 bars),6,0.3179492690934913,0.3175354984995849,31753.54981820494,131753.54981820495
AGC-200108,1993-11-05,11.044816017150879,2.2230437629249593,1.118748664855957,0.3857128121981804,1.5118137462558277,Hammer,1993-11-12,11.093904495239258,1993-12-23,10.603023529052734,Time stop (5 bars),6,-0.04424780891138691,-0.04512886532192164,-4512.886527679277,95487.11347232074
AGN-201503,1995-03-10,6.016519069671631,8.382328723688104,0.371063232421875,0.14285714285714285,1.084706039134428,Hammer,1995-03-17,6.043023586273193,1995-03-31,6.361077308654785,RSI > 90,2,0.052631554029352934,0.050934609957666334,5093.460990673173,105093.46099067318
AGN-201503,1997-10-31,7.257162094116211,7.203428328866977,0.6196818351745605,0.3555553503590042,1.57688035865609,Hammer,1997-11-07,7.339786529541016,1997-12-19,7.340946674346924,Time stop (5 bars),6,0.00015806247242200477,-0.0012035550874811031,-126.48576950983579,104966.97522116333
AGN-201503,2001-03-23,31.351215362548828,6.52791566386982,5.600069046020508,0.23770447972768846,1.515836820582659,Hammer,2001-03-30,32.177452087402344,2001-05-11,35.04634094238281,Time stop (5 bars),6,0.08915835993439813,0.08883377957702501,9324.613130339258,114291.58835150258
AGN-201503,2002-02-08,31.53713607788086,8.056775473998059,2.838113784790039,0.07467595526579833,1.2551743410871323,Hammer,2002-02-15,31.81357765197754,2002-03-28,29.940052032470703,Time stop (5 bars),6,-0.05889075538759403,-0.05919578304562495,-6765.580061229843,107526.00829027274
AGN-201503,2002-07-26,26.637723922729492,4.263420354218766,4.497030258178711,0.34255318336762464,1.8321397395752024,Hammer,2002-08-02,26.76689338684082,2002-09-13,27.335979461669922,Time stop (5 bars),6,0.021260818975312068,0.020883322174886088,2245.500271059738,109771.50856133249
AGN-201503,2011-03-18,69.71104431152344,7.7379296228652095,3.175445556640625,0.3406244894428801,1.1596087170364964,Hammer,2011-03-25,70.38582611083984,2011-04-15,74.29560089111328,RSI > 90,3,0.05554775721629701,0.055401747581889614,6081.533402916644,115853.04196424913
AGN-201503,2011-08-12,73.94401550292969,3.455137186372241,6.9207763671875,0.27259678984037394,1.9542278730279832,Hammer,2011-08-19,74.27168273925781,2011-09-23,81.61442565917969,RSI > 90,5,0.09886329014113904,0.09872200331916904,11437.24438189319,127290.28634614231
AGN-202005,2020-03-20,170.20281982421875,3.502062886487167,17.251373291015625,0.2950346103701974,2.1579169508332368,Hammer,2020-03-27,167.1250457763672,2020-05-08,190.4600067138672,RSI > 90,6,0.13962575644541575,0.13956174564034166,13956.17455007799,113956.17455007798
AHM-199810,1994-11-25,14.845934867858887,0.5072817395059985,1.4621000289916992,0.23076948163976407,1.4225839644721283,Hammer,1994-12-02,14.845934867858887,1995-01-13,15.070873260498047,Time stop (5 bars),6,0.015151514178211034,0.014473054696667013,1447.305468219396,101447.30546821939
AHM-199810,1996-07-19,23.660442352294922,8.701142366898083,1.6729602813720703,0.2142848184897499,1.203966201928065,Hammer,1996-07-26,23.42144775390625,1996-08-23,25.309600830078125,RSI > 90,4,0.08061641176118028,0.08017233751791082,8133.267606147419,109580.5730743668
AIG,1993-10-29,162.07080078125,7.565881727029989,8.328643798828125,0.18919032805326239,1.3134929497419485,Hammer,1993-11-05,162.07080078125,1993-12-17,159.10336303710938,Time stop (5 bars),6,-0.01830951491469357,-0.01837064959598253,-1837.0649577611875,98162.93504223882
AIG,2002-06-14,753.9970092773438,5.3163120716483405,51.70135498046875,0.3981902428946669,1.1521231650481216,Hammer,2002-06-21,769.7880859375,2002-08-02,687.791259765625,Time stop (5 bars),6,-0.10651869997703811,-0.10653798914459313,-10458.081698558773,87704.85334368005
AIG,2007-10-26,753.5656127929688,8.114028768454261,71.90093994140625,0.37773986120837844,1.939666732435746,Hammer,2007-11-02,753.6868286132812,2007-12-14,751.6595458984375,Time stop (5 bars),6,-0.0026898210740577966,-0.0027125941602043264,-237.90767279466672,87466.94567088538
AIG,2017-09-08,47.46649932861328,1.5324981402752655,2.2073745727539062,0.32374146720815694,1.45887996936653,Hammer,2017-09-15,47.927032470703125,2017-10-13,49.6815299987793,RSI > 90,4,0.03660768125271807,0.03639523379573864,3183.379933907663,90650.32560479305
AIT-199910,1996-03-15,24.358640670776367,7.465825027940284,1.5119152069091797,0.3703706039897613,1.0835949372810714,Hammer,1996-03-22,24.638626098632812,1996-04-26,26.452499389648438,RSI > 90,5,0.0736190923858484,0.07319837120543311,7319.837113223475,107319.83711322348
AIV,2003-11-14,0.4459935128688812,3.598382233920006,0.024073481559753418,0.29473663360453195,1.044389586379207,Hammer,2003-11-21,0.44662702083587646,2004-01-02,0.44769132137298584,Time stop (5 bars),6,0.0023829739076635104,-0.01746619389248817,-1746.619387502198,98253.3806124978
AIV,2004-04-16,0.3807787001132965,4.245053642490575,0.028492748737335205,0.11520744557338572,1.4209778738982197,Hammer,2004-04-23,0.3807787001132965,2004-06-04,0.3878133296966553,Time stop (5 bars),6,0.01847432532666793,-0.001693483095642265,-166.39043899058004,98086.99017350722
AIV,2011-10-07,0.5884236693382263,5.842264595424112,0.06892186403274536,0.3992097322792971,1.264041597599564,Hammer,2011-10-14,0.601227343082428,2011-11-25,0.5797868371009827,Time stop (5 bars),6,-0.03566122903113844,-0.05186256664303968,-5087.043059601654,92999.94711390557
AIZ,2008-09-19,38.351985931396484,0.6807292931851094,15.112836837768555,0.25558671891475954,4.455941426852071,Hammer,2008-09-26,37.9931640625,2008-11-07,17.856786727905273,Time stop (5 bars),6,-0.5300000100404832,-0.5301934404372179,-53019.343990702444,46980.65600929756
AIZ,2009-02-06,18.192768096923828,9.088957468966115,4.216350555419922,0.39057270890652324,1.082558877431299,Hammer,2009-02-13,18.29924201965332,2009-03-27,15.802087783813477,Time stop (5 bars),6,-0.13646216784049903,-0.13697121318369293,-6434.997443324244,40545.658565973325
AIZ,2020-03-20,81.5361099243164,1.2296316499330828,21.384765625,0.3810718301899717,2.609911059397229,Hammer,2020-03-27,82.02863311767578,2020-05-08,91.45834350585938,Time stop (5 bars),6,0.11495632719682192,0.11482741931801534,4655.753333024346,45201.41189899767
AKS-202003,2008-09-12,36.8397102355957,4.972399253530696,9.559377670288086,0.38959772875058335,1.2429705862813518,Hammer,2008-09-19,33.95970153808594,2008-10-31,10.882115364074707,Time stop (5 bars),6,-0.6795579798641525,-0.6797523643221839,-67975.23636424314,32024.76363575686
AL-200711,1992-07-31,13.712324142456055,7.316124627421814,0.6942949295043945,0.24999965660331228,1.0786608694691981,Hammer,1992-08-07,13.712324142456055,1992-09-18,12.895695686340332,Time stop (5 bars),6,-0.05955434305897711,-0.06026164050153564,-6026.164044127399,93973.83595587261
AL-200711,1998-08-07,19.094812393188477,7.7756206249991635,1.2442741394042969,0.38461550253081894,1.0371163514273074,Hammer,1998-08-14,19.04695701599121,1998-09-25,16.951217651367188,Time stop (5 bars),6,-0.11003014092300978,-0.11052614504938144,-10386.56581331899,83587.2701425536
ALGN,2018-11-23,218.8699951171875,8.168761515597012,35.37998962402344,0.14358403959523225,1.12049075783329,Hammer,2018-11-30,221.9199981689453,2019-01-11,187.41000366210938,Time stop (5 bars),6,-0.15550646535497825,-0.15554802204191898,-15554.802188637095,84445.1978113629
ALK,2021-07-09,59.380001068115234,0.9053424629579183,5.159999847412109,0.33139518120921474,1.1203047809036122,Hammer,2021-07-16,58.81999969482422,2021-08-27,55.0,Time stop (5 bars),6,-0.06494389178244686,-0.06510836744060712,-6510.836737549875,93489.16326245014
ALK,2022-03-11,48.81999969482422,9.387692880029107,7.299999237060547,0.30958884352475974,1.3716786897479514,Hammer,2022-03-18,49.5,2022-04-29,56.040000915527344,Time stop (5 bars),6,0.1321212306167141,0.1319058865877657,12331.770954150088,105820.93421660022
ALL,1998-08-07,21.506067276000977,8.281999728247257,2.0282669067382812,0.19047654871750505,1.3860147635587603,Hammer,1998-08-14,21.634845733642578,1998-09-25,21.15741539001465,Time stop (5 bars),6,-0.02206765647908071,-0.022524668134308427,-2252.466811178376,97747.53318882163
ALL,2002-07-19,19.59404754638672,7.693974923540424,1.4969234466552734,0.335820106292024,1.3619362724287531,Hammer,2002-07-26,19.32594108581543,2002-08-16,21.113311767578125,RSI > 90,3,0.09248557024084914,0.091944343209803,8987.332730437294,106734.86591925894
ALL,2013-06-07,35.95186996459961,9.294945773249339,2.1021156311035156,0.3279279638948421,1.7782641685427343,Hammer,2013-06-14,35.989742279052734,2013-07-12,37.36085510253906,RSI > 90,4,0.0380973226441903,0.03781421222394563,4036.0948675291447,110770.9607867881
ALL,2015-08-28,46.33914566040039,8.743999812306797,4.866794586181641,0.22164114936420334,2.3280556495450417,Hammer,2015-09-04,46.10203552246094,2015-10-16,47.8487434387207,RSI > 90,6,0.037887869732102564,0.03766687440604872,4172.395863620899,114943.35665040901
ALL,2016-01-15,46.163997650146484,9.711499631395412,2.6365814208984375,0.36746994924504167,1.339948638898991,Hammer,2016-01-22,46.870792388916016,2016-02-12,49.92827224731445,RSI > 90,3,0.06523209236636385,0.06501180466698687,7472.675042851522,122416.03169326053
ALL,2017-09-08,73.51277923583984,8.686454670647962,3.95416259765625,0.2925310642895732,2.092729817041947,Hammer,2017-09-15,75.01404571533203,2017-10-13,76.50711059570312,RSI > 90,4,0.019903804229371547,0.019769178163086074,2420.064338141995,124836.09603140253
ALLE,2018-12-28,70.95038604736328,3.9469240289466967,4.561408996582031,0.3722763864566555,1.1347822744761642,Hammer,2019-01-04,71.21232604980469,2019-02-08,78.1854248046875,RSI > 90,5,0.09791982851404057,0.09777253852543231,9777.253842765978,109777.25384276599
ALLE,2019-07-26,95.61039733886719,8.695556894484127,9.846260070800781,0.3523988256342745,2.4198771235358345,Hammer,2019-08-02,95.67398071289062,2019-09-13,90.16044616699219,Time stop (5 bars),6,-0.05762835940153965,-0.05772986401760729,-6337.425930231811,103439.82791253418
ALLE,2021-10-08,122.45679473876953,5.289339570838138,5.496345520019531,0.26949114193585105,1.006523763111548,Hammer,2021-10-15,122.00963592529297,2021-11-26,124.82302856445312,Time stop (5 bars),6,0.02305877415192681,0.022975871852591735,2376.6202281959067,105816.44814073009
AMAT,2000-10-20,18.245275497436523,0.532142956924929,4.606479644775391,0.21568599847129877,1.0923952950303857,Hammer,2000-10-27,18.696889877319336,2000-12-08,14.225894927978516,Time stop (5 bars),6,-0.23913041038790395,-0.23960118355606047,-23960.11833164593,76039.88166835406
AMAT,2007-11-09,13.849411010742188,4.206259920041049,1.339787483215332,0.3756905448123633,1.4008886515661267,Hammer,2007-11-16,13.953042030334473,2007-12-28,13.300826072692871,Time stop (5 bars),6,-0.046743638858369185,-0.04744332738090591,-3607.5849963894834,72432.29667196459
AMAT,2014-10-17,17.214916229248047,8.429079257371384,1.4807605743408203,0.3274845590555745,1.5204782693051913,Hammer,2014-10-24,17.085025787353516,2014-11-14,19.42306900024414,RSI > 90,3,0.1368475085721712,0.13622233470316694,9866.896550700549,82299.19322266514
AMCR,2023-08-18,40.65828323364258,9.849201832681445,2.2092323303222656,0.3846171113225368,1.1166856843996567,Hammer,2023-08-25,40.57331466674805,2023-10-06,39.08151626586914,Time stop (5 bars),6,-0.03676796961579065,-0.037009876166926164,-3700.9876129916292,96299.01238700836
AMD,1990-08-10,2.749241352081299,0.8328716185700813,0.4998619556427002,0.3750000596211055,1.0280589376753928,Hammer,1990-08-17,2.749241352081299,1990-09-28,2.749241352081299,Time stop (5 bars),6,0.0,-0.003630763873486721,-363.07638698559566,99636.9236130144
AMD,2002-02-08,15.25,9.182788695310947,2.8500003814697266,0.2105264214597439,1.0375219086818754,Hammer,2002-02-15,15.010000228881836,2002-03-28,14.649999618530273,Time stop (5 bars),6,-0.023984050956832093,-0.024642064915847042,-2455.2595372319347,97181.66407578245
AME,2021-01-29,109.29413604736328,7.564391365641015,10.093742370605469,0.3977053787319341,1.7167701166501903,Hammer,2021-02-05,110.00822448730469,2021-03-19,117.23529052734375,Time stop (5 bars),6,0.06569568842439666,0.06560180445280832,6560.18043872065,106560.18043872066
AME,2022-01-28,131.05685424804688,7.633781363688669,6.9319610595703125,0.3417376010636307,1.2951389673032294,Hammer,2022-02-04,130.717041015625,2022-03-18,124.04546356201172,Time stop (5 bars),6,-0.0510383145286758,-0.05111286055283233,-5446.595637802386,101113.58480091827
AMG,2014-10-17,179.2359619140625,2.339584424867283,16.060089111328125,0.3535268889534961,1.7461005550019137,Hammer,2014-10-24,178.2678985595703,2014-12-05,195.4896697998047,RSI > 90,6,0.09660612695492965,0.0965473236779343,9654.732358138695,109654.7323581387
AMG,2015-07-10,206.99020385742188,8.548548002410556,8.838363647460938,0.38335137449480433,1.1472117149968768,Hammer,2015-07-17,208.43260192871094,2015-08-28,173.7567596435547,Time stop (5 bars),6,-0.16636477194204125,-0.1664087571733788,-18247.507711649843,91407.22464648886
AMGN,1992-04-10,4.950979232788086,9.069108276827876,0.5034894943237305,0.3333336490215874,1.0986517230593071,Hammer,1992-04-16,4.971958160400391,1992-05-29,4.9300007820129395,RSI > 90,6,-0.00843880359284288,-0.010439585126685346,-1043.9585116245762,98956.04148837543
AMGN,1993-01-08,5.832086086273193,7.703647265925184,0.4615316390991211,0.3636359879409279,1.237138012450731,Hammer,1993-01-15,5.811107158660889,1993-02-26,3.692255973815918,Time stop (5 bars),6,-0.364620910782385,-0.36602681600782644,-36220.56475450787,62735.47673386756
AMGN,1998-09-04,10.709639549255371,2.7956673916151544,1.4370431900024414,0.3138688747180374,1.7188045692536158,Hammer,1998-09-11,11.496341705322266,1998-10-02,12.922895431518555,RSI > 90,3,0.12408762393830575,0.12316421531418162,7726.76575656113,70462.24249042869
AMGN,2002-06-14,26.973608016967773,5.713355667828196,3.7728118896484375,0.38612060423449474,1.2127300617647156,Hammer,2002-06-21,27.9872989654541,2002-08-02,29.40378189086914,Time stop (5 bars),6,0.050611633768712805,0.05024535237891015,3540.4001997994055,74002.64269022808
AMGN,2004-03-19,40.916908264160156,7.732040600214958,2.416748046875,0.3888871350641479,1.2974729550284823,Hammer,2004-03-26,40.84977340698242,2004-05-07,38.60085678100586,Time stop (5 bars),6,-0.05505334395789219,-0.055291375709612775,-4091.7079163979224,69910.93477383014
AMGN,2013-06-07,68.98764038085938,2.664860947802538,4.9571075439453125,0.3436631380648815,1.365952222896988,Hammer,2013-06-14,69.08538818359375,2013-07-19,72.7857666015625,RSI > 90,5,0.05356238873747121,0.05341377454939619,3734.2069048126996,73645.14167864283
AMGN,2021-10-15,178.93267822265625,9.28503343834086,8.109817504882812,0.2176223223609321,1.007464319782207,Hammer,2021-10-22,177.65853881835938,2021-12-03,175.78170776367188,Time stop (5 bars),6,-0.010564260334294473,-0.010620249192585312,-782.1297556683078,72863.01192297453
AMGN,2025-04-11,275.20281982421875,5.446725704503521,28.426788330078125,0.3710220947321976,1.7576652375086559,Hammer,2025-04-17,275.9630126953125,2025-05-30,265.7132263183594,Time stop (5 bars),6,-0.03714188462013135,-0.037177447765588054,-2708.8608171009446,70154.15110587359
AMH-199709,1996-07-19,9.125,9.409577522026382,1.25,0.2,1.1958924390254357,Hammer,1996-07-26,9.0,1996-08-23,10.75,RSI > 90,4,0.19444444444444442,0.19322598556357581,19322.59853703498,119322.59853703498
AMP,2010-05-28,28.478649139404297,9.83189289863168,2.984569549560547,0.2877699910658025,1.251279096564485,Hammer,2010-06-04,28.18520164489746,2010-07-16,27.805866241455078,Time stop (5 bars),6,-0.013458672682977069,-0.013811018748525224,-1381.1018734714207,98618.89812652857
AMP,2011-03-25,44.02598571777344,8.995571239931095,2.5680618286132812,0.3746483224945856,1.132951391026594,Hammer,2011-04-01,43.960880279541016,2011-05-13,44.662654876708984,Time stop (5 bars),6,0.015963615667053954,0.015734351109759834,1551.7043676287321,100170.6024941573
AMP,2011-08-12,32.24645233154297,3.0137819134539257,4.726467132568359,0.3657413348506677,1.7239378843417592,Hammer,2011-08-19,32.54550552368164,2011-09-30,29.34347152709961,Time stop (5 bars),6,-0.09838636533858969,-0.0986784673511495,-9884.681517879995,90285.9209762773
AMP,2014-10-17,87.96463012695312,2.2787324103038173,7.809501647949219,0.3089261796763797,1.9870791409810578,Hammer,2014-10-24,87.57298278808594,2014-11-14,101.18890380859375,RSI > 90,3,0.15548084108835702,0.15535778043016016,14026.620272940661,104312.54124921795
AMP,2015-08-28,91.16637420654297,3.7918591606358234,15.862663269042969,0.0624370235735644,3.120481090412492,Hammer,2015-09-04,90.87883758544922,2015-10-16,88.5785140991211,Time stop (5 bars),6,-0.02531198183697314,-0.025420619856153834,-2651.689454674046,101660.85179454391
AMP,2016-01-29,72.82504272460938,7.208934128163563,10.700828552246094,0.3055556941890617,1.959881012088918,Hammer,2016-02-05,71.69229888916016,2016-03-18,74.4917984008789,RSI > 90,6,0.03904881772653046,0.03890661928605085,3955.2800531106795,105616.13184765459
AMP,2020-03-13,102.09314727783203,1.997283288851051,24.789161682128906,0.22529080548387048,2.262710049526337,Hammer,2020-03-20,81.77180480957031,2020-05-01,98.06671905517578,Time stop (5 bars),6,0.1992730169470145,0.1991385489262801,21032.24321831637,126648.37506597096
AMP,2022-03-11,255.38748168945312,4.256710032976443,19.769088745117188,0.3490139990598856,1.1004755703900366,Hammer,2022-03-18,259.9434509277344,2022-04-29,259.8401184082031,Time stop (5 bars),6,-0.00039751922644115645,-0.0004359807459009397,-55.216252973187736,126593.15881299776
AMP-199904,1994-11-25,31.808568954467773,2.4490189999994385,2.0756893157958984,0.24324264720071234,1.7254124377844364,Hammer,1994-12-02,31.864667892456055,1995-01-13,31.864667892456055,Time stop (5 bars),6,0.0,-0.0003137779795429598,-31.377797922918184,99968.6222020771
AMP-199904,1996-07-19,35.21556854248047,2.822593694272598,2.6731300354003906,0.39130496828375516,1.314054572353902,Hammer,1996-07-26,35.09934616088867,1996-09-06,35.56271743774414,Time stop (5 bars),6,0.01320170679908017,0.012914961434621293,1291.0908991209608,101259.71310119805
AMP-199904,1997-10-31,43.4866828918457,1.557728188966749,7.385688781738281,0.24211745795960363,2.26947430375585,Hammer,1997-11-07,44.21146011352539,1997-12-19,38.41323471069336,Time stop (5 bars),6,-0.13114756644416292,-0.13135889639106038,-13301.364148547415,87958.34895265063
AMT,2016-11-18,81.86141967773438,6.875722647361968,5.281379699707031,0.309736060129348,1.3730413973874758,Hammer,2016-11-25,82.85850524902344,2017-01-06,83.59375,Time stop (5 bars),6,0.008873497642358563,0.008752281825358962,875.2281816606683,100875.22818166066
AMX-199311,1992-10-16,15.736600875854492,1.991539566694982,1.5982494354248047,0.3846156600150607,1.4090848026036722,Hammer,1992-10-23,15.613658905029297,1992-12-04,16.41200065612793,Time stop (5 bars),6,0.05113098447676978,0.05047435608218453,5047.435603171018,105047.435603171
AMZN,2008-02-08,3.674999952316284,2.068956250837104,0.4720001220703125,0.3347461650987618,1.2214398519630956,Hammer,2008-02-15,3.6570000648498535,2008-03-28,3.690999984741211,Time stop (5 bars),6,0.009297216102935213,0.006553773748319441,655.3773741765667,100655.37737417656
AMZN,2012-10-26,11.91200065612793,8.420549191064183,0.8015003204345703,0.04429140182334365,1.258210945484172,Hammer,2012-11-02,11.816000938415527,2012-12-07,12.626999855041504,RSI > 90,5,0.06863565100010294,0.06776066771324882,6820.475572982767,107475.85294715934
AN,2014-09-26,50.45000076293945,1.595620416762344,2.4499969482421875,0.3673464621363577,1.1363506010085285,Hammer,2014-10-03,50.02000045776367,2014-11-14,57.7400016784668,Time stop (5 bars),6,0.1543382876859789,0.15412296152226346,15412.29613681405,115412.29613681405
AN-199812,1997-10-31,44.350650787353516,4.655946589404962,4.441066741943359,0.2567567915794465,2.399079824126184,Hammer,1997-11-07,44.41066360473633,1997-12-19,42.39667892456055,Time stop (5 bars),6,-0.04534912376227118,-0.04556916447737047,-4556.916443180131,95443.08355681988
ANDV-201809,2011-08-12,17.911970138549805,6.667732906651253,2.6885604858398438,0.2065579818101846,1.2641023035570629,Hammer,2011-08-19,18.202863693237305,2011-09-30,16.82773208618164,Time stop (5 bars),6,-0.07554479505148137,-0.07607326320056562,-7607.326312449235,92392.67368755076
ANDV-201809,2016-01-22,84.99088287353516,3.3166452322677173,11.072227478027344,0.3713989026080114,1.4831542240845919,Hammer,2016-01-29,83.85741424560547,2016-03-11,78.88642120361328,Time stop (5 bars),6,-0.059279111891441305,-0.05939482051404451,-5487.6462649971145,86905.02742255366
ANDW-200712,2000-07-07,31.0,8.223446613601737,7.6875,0.3983739837398374,1.502512677030451,Hammer,2000-07-14,30.4375,2000-08-25,27.6875,Time stop (5 bars),6,-0.09034907597535935,-0.09066272480906627,-9066.272471840355,90933.72752815964
ANRZQ-201607,2011-08-12,32.2400016784668,4.097192509394048,6.880001068115234,0.34447681268785857,1.2917135927597472,Hammer,2011-08-19,33.16999816894531,2011-09-30,20.739999771118164,Time stop (5 bars),6,-0.37473617980071106,-0.37498113291448704,-37498.113253950585,62501.88674604941
ANSS-202507,2020-03-13,235.4199981689453,5.058023488318952,35.42999267578125,0.3660740587612083,2.031359234440151,Hammer,2020-03-20,226.6300048828125,2020-04-24,262.44000244140625,RSI > 90,5,0.1580108405200391,0.15796323068938575,15796.323053142252,115796.32305314226
ANSS-202507,2022-05-13,254.57000732421875,1.33203848291744,27.60400390625,0.13599468452054553,1.042676167930401,Hammer,2022-05-20,251.97999572753906,2022-07-01,255.4499969482422,Time stop (5 bars),6,0.013770939279065475,0.013730981127321896,1589.9971248659685,117386.32017800823
ANV-199904,1995-10-27,26.4473819732666,0.9154231811483555,2.563180923461914,0.272727137430284,1.482836666447235,Hammer,1995-11-03,26.56389045715332,1995-12-08,29.19254493713379,RSI > 90,5,0.09895592982588153,0.09856092726956278,9856.092717100186,109856.09271710018
ANV-199904,1998-10-09,25.309242248535156,0.6432973492645573,5.816795349121094,0.39361689569646086,1.4459931848972076,Hammer,1998-10-16,26.484975814819336,1998-11-13,37.99480438232422,RSI > 90,4,0.4345795385270732,0.4341200100708101,47690.72802899666,157546.82074609684
AON,1998-08-14,29.14207649230957,8.014178729743321,1.893411636352539,0.3623184609944867,1.3236964813523013,Hammer,1998-08-21,29.14207649230957,1998-10-02,29.85553550720215,Time stop (5 bars),6,0.02448209258804379,0.024134805254934766,2413.4805230799957,102413.48052308
AON,1999-09-03,23.227846145629883,7.728936003000214,1.7641410827636719,0.2619042985432222,1.113331064771607,Hammer,1999-09-10,23.311851501464844,1999-10-22,18.06143569946289,Time stop (5 bars),6,-0.22522517362775896,-0.22560575134560848,-23105.070198223235,79308.41032485677
AON,2002-07-26,16.411630630493164,1.1215295676159087,2.021670341491699,0.20357143699510585,1.1515946913528596,Hammer,2002-08-02,16.7509822845459,2002-09-13,15.089600563049316,Time stop (5 bars),6,-0.0991811520826058,-0.09974835811554318,-7910.883706747372,71397.52661810939
AON,2006-06-16,27.372459411621094,3.2549451665911846,1.5917949676513672,0.3567824443808047,1.1119866528170006,Hammer,2006-06-23,27.43644905090332,2006-08-04,27.629764556884766,Time stop (5 bars),6,0.007045937527220936,0.00668024147126486,476.95271778307836,71874.47933589247
AON,2010-05-28,33.52577590942383,9.893768953357224,1.4949378967285156,0.3806817746861994,1.0916746992365287,Hammer,2010-06-04,33.33890914916992,2010-07-16,30.136672973632812,Time stop (5 bars),6,-0.0960510183824308,-0.09633652014725082,-6924.137219691231,64950.34211620123
AON,2019-08-09,179.16603088378906,5.134738625553425,8.720428466796875,0.2386115884108892,1.4701711998563465,Hammer,2019-08-16,177.84188842773438,2019-09-27,181.27520751953125,Time stop (5 bars),6,0.019305457910676616,0.019248687014211615,1250.2088056105158,66200.55092181175
AOS,2022-02-25,64.04618072509766,0.5801574755886065,6.008659362792969,0.37019961476293445,1.5431688553706107,Hammer,2022-03-04,63.0585823059082,2022-04-14,57.76062774658203,Time stop (5 bars),6,-0.08401639183108922,-0.08416830070924923,-8416.830062508092,91583.16993749191
APA,2002-07-26,16.120037078857422,5.4574123958312555,1.6057519912719727,0.196721253057901,1.385655368240192,Hammer,2002-08-02,16.271398544311523,2002-08-23,18.61421775817871,RSI > 90,3,0.14398388727846845,0.14332526986951247,14332.526972618718,114332.52697261871
APA,2010-05-28,65.11929321289062,8.678378434862239,6.552650451660156,0.3351826646438514,1.2126511113083709,Hammer,2010-06-04,63.926578521728516,2010-07-16,63.0902214050293,Time stop (5 bars),6,-0.01308308900678834,-0.013238483019961111,-1513.5892154426692,112818.93775717604
APA,2011-08-12,75.55369567871094,5.67291297935337,7.988853454589844,0.3510540867048987,1.3372478795958962,Hammer,2011-08-19,76.4470443725586,2011-09-30,61.201568603515625,Time stop (5 bars),6,-0.19942531322395352,-0.19954307166334875,-22512.237359350824,90306.70039782522
APC-201908,1997-12-05,13.626320838928223,3.050604609274174,0.8574161529541016,0.38461581240976744,1.0181922262379504,Hammer,1997-12-12,13.60254955291748,1998-01-23,12.59886646270752,Time stop (5 bars),6,-0.07378639469794768,-0.074494168569287,-7449.416849479283,92550.58315052072
APC-201908,2002-07-26,17.5601806640625,1.8059829390156779,2.21881103515625,0.25341185734327293,1.44066044910417,Hammer,2002-08-02,17.90619468688965,2002-09-06,19.052364349365234,RSI > 90,5,0.06400967277066272,0.06343349409892918,5870.806864260203,98421.39001478093
APC-201908,2008-07-11,62.770259857177734,3.0421305228377378,6.293373107910156,0.2554107542263467,1.210139565887514,Hammer,2008-07-18,63.39686965942383,2008-08-29,53.63442611694336,Time stop (5 bars),6,-0.15398936248628015,-0.15413494262827188,-15170.175288152856,83251.21472662807
APC-201908,2010-06-11,38.531978607177734,0.12898392726636132,10.981473922729492,0.39126766948243624,1.917905605794765,Hammer,2010-06-18,36.604915618896484,2010-07-30,45.97282409667969,RSI > 90,6,0.2559194118985273,0.2556113096571314,21279.952005540516,104531.16673216858
APD,1992-06-12,9.784585952758789,7.766793453595554,0.6701774597167969,0.1599998292378887,1.392967953038584,Hammer,1992-06-19,9.784585952758789,1992-07-31,8.917734146118164,Time stop (5 bars),6,-0.0885936115054734,-0.0895698562607257,-8956.98561711558,91043.01438288443
APD,2000-03-10,12.417015075683594,7.990046492562712,1.5248966217041016,0.36734710469864973,1.0187157710135764,Hammer,2000-03-17,12.26141357421875,2000-04-28,14.531818389892578,Time stop (5 bars),6,0.18516664509609693,0.1842759337924731,16777.03647391055,107820.05085679499
APD,2008-09-19,49.189815521240234,3.22346799402834,9.130622863769531,0.2989027122193172,2.5148788867442597,Hammer,2008-09-26,49.03066635131836,2008-11-07,34.33490753173828,Time stop (5 bars),6,-0.29972586369275256,-0.2998992348593771,-32335.150722116785,75484.90013467822
APD,2011-08-12,52.297080993652344,2.2176389565740067,4.484066009521484,0.32005723663110364,1.5572371677595602,Hammer,2011-08-19,52.74995040893555,2011-09-30,49.26730728149414,Time stop (5 bars),6,-0.06602173273041534,-0.06620503100406337,-4997.480148757519,70487.41998592069
APD,2022-02-25,215.5724639892578,0.329552799808809,12.106781005859375,0.1155552474698461,1.0575126400075692,Hammer,2022-03-04,212.82826232910156,2022-04-14,226.72666931152344,Time stop (5 bars),6,0.0653033898333033,0.06525487055188973,4599.6474621182915,75087.06744803899
APH,2020-03-20,16.54222869873047,1.7389435998090477,2.5484094619750977,0.36700607476757924,1.5949068560755364,Hammer,2020-03-27,16.282428741455078,2020-05-08,20.002304077148438,Time stop (5 bars),6,0.22845948812430872,0.22777538398377836,22777.5383756003,122777.5383756003
APO,2025-02-28,146.40098571777344,3.8730120889611612,11.239730834960938,0.29581174221803486,1.0745879027247456,Hammer,2025-03-07,147.98985290527344,2025-04-17,125.53980255126953,Time stop (5 bars),6,-0.1516999301862535,-0.15176237492786207,-15176.237477609971,84823.76252239002
APO,2026-02-06,131.93292236328125,1.8564047207193113,14.400260925292969,0.24449117363922412,1.5337543139060539,Hammer,2026-02-13,133.23211669921875,2026-03-27,113.99969482421875,Time stop (5 bars),6,-0.14435274580541713,-0.14442238282924968,-12250.449891775526,72573.3126306145
APTV,2014-10-03,41.83837127685547,3.3628249618001007,2.1431808471679688,0.27469198429395786,1.2375638721089466,Hammer,2014-10-10,41.9772834777832,2014-11-14,46.069984436035156,RSI > 90,5,0.09749799460982378,0.09724818709331276,9724.818699606458,109724.81869960645
APTV,2022-03-11,89.92074584960938,7.436033719353361,11.750350952148438,0.23005411189357863,1.051474848990341,Hammer,2022-03-18,89.734375,2022-04-29,89.90380096435547,Time stop (5 bars),6,0.0018880831827876587,0.0017765441798036398,194.93098784586442,109919.7496874523
APTV,2022-05-13,83.12691497802734,0.9748070597284197,10.732887268066406,0.21231307502731414,1.0527520618077209,Hammer,2022-05-20,81.39881134033203,2022-07-01,82.93208312988281,Time stop (5 bars),6,0.018836537835179135,0.018712536482871932,2056.8773241577246,111976.62701161003
ARC-200004,1998-08-07,62.91322326660156,2.0594766342985906,5.491031646728516,0.23404224278730423,1.4093843318476222,Hammer,1998-08-14,62.73797607421875,1998-09-25,63.78227996826172,Time stop (5 bars),6,0.01664548267874566,0.016484775806928392,1648.4775790443618,101648.47757904435
ARE,2018-12-28,86.51161193847656,7.8710289365973125,5.1963348388671875,0.14903963329584463,1.2739055082376307,Hammer,2019-01-04,86.55716705322266,2019-01-25,94.1119384765625,RSI > 90,3,0.08728071493715284,0.0871601495223768,8716.014943521666,108716.01494352167
AS-199909,1990-10-26,4.902439117431641,6.032700589697583,1.1030488014221191,0.2222222222222222,1.4354332372685124,Hammer,1990-11-02,5.025000095367432,1990-12-14,4.5,Time stop (5 bars),6,-0.10447762893605339,-0.10636184596898127,-10636.184586261945,89363.81541373805
AS-199909,1995-12-15,5.75,4.0443925723665615,0.375,0.3333333333333333,1.0310014735846669,Hammer,1995-12-22,5.625,1996-02-02,5.75,Time stop (5 bars),6,0.022222222222222143,0.020426287744227296,1825.371005737657,91189.18641947569
AS-199909,1996-07-19,4.5,0.4830839541223497,0.5,0.25,1.3148091864595681,Hammer,1996-07-26,4.375,1996-09-06,4.25,Time stop (5 bars),6,-0.02857142857142858,-0.030821917808219117,-2810.6256060088253,88378.56081346687
ASC-199906,1990-08-10,6.45570182800293,5.182357767793263,0.3884134292602539,0.37931059882488993,1.0558839186991187,Hammer,1990-08-17,6.428915023803711,1990-09-28,6.268191814422607,Time stop (5 bars),6,-0.025000051919493282,-0.02653488719535061,-2653.488716881572,97346.51128311842
ASC-199906,1991-06-14,8.853386878967285,5.7828324547254795,0.7468347549438477,0.23636435610186524,1.576479359658157,Hammer,1991-06-21,8.826229095458984,1991-08-02,8.774810791015625,Time stop (5 bars),6,-0.005825625404377255,-0.006954672308856796,-677.0130857075064,96669.49819741091
ASC-199906,1999-02-19,31.971614837646484,9.338713150884118,2.9291725158691406,0.3404257258762934,1.1486460933347074,Hammer,1999-02-26,31.72232437133789,1999-03-19,35.83563232421875,RSI > 90,3,0.12966603281433442,0.12933041263913644,12502.306078987105,109171.80427639802
ASC-199906,1999-04-09,31.78464698791504,8.641162531041317,2.6798839569091797,0.3023257138098732,1.0744139415576073,Hammer,1999-04-16,31.78464698791504,1999-05-28,31.75,Time stop (5 bars),6,-0.0010900541990670476,-0.0014044505726034792,-153.32640287481576,109018.4778735232
ASH,1997-10-31,8.927178382873535,2.920811543422559,0.7605066299438477,0.13846151916925095,1.866613993949225,Hammer,1997-11-07,9.196280479431152,1997-12-19,9.039134979248047,Time stop (5 bars),6,-0.017087941209990798,-0.01816546083523354,-1816.5460817068079,98183.45391829319
ASH,1999-04-09,8.05748462677002,2.0748191050953295,0.6412110328674316,0.3584902994459057,1.3780202653111928,Hammer,1999-04-16,8.0090913772583,1999-05-28,8.372040748596191,Time stop (5 bars),6,0.045317171978893844,0.04404109645411079,4324.106959889186,102507.56087818238
ASH,2001-06-22,8.470688819885254,5.215269977149688,0.5327062606811523,0.386832395543724,1.1030708211048865,Hammer,2001-06-29,8.470688819885254,2001-08-10,8.621952056884766,Time stop (5 bars),6,0.017857253431907028,0.016666873926292125,1708.4805919399,104216.04147012229
ASND-199906,1998-09-04,38.75,4.327255226095005,8.0,0.234375,1.5312111484003135,Hammer,1998-09-11,41.25,1998-10-23,47.4375,Time stop (5 bars),6,0.1499999999999999,0.14973942552417902,14973.94253744396,114973.94253744395
ASO-200611,2000-01-07,14.058455467224121,9.81020908857245,1.3121223449707031,0.17857122090910413,1.0732817475874628,Hammer,2000-01-14,14.058455467224121,2000-02-25,11.62165641784668,Time stop (5 bars),6,-0.1733333405692108,-0.17398277792252978,-17398.2777748547,82601.72222514529
ASO-200611,2006-06-02,26.847185134887695,5.292697601627395,1.0012474060058594,0.39215570482072304,1.0130988190780366,Hammer,2006-06-09,26.69994354248047,2006-07-21,26.364761352539062,Time stop (5 bars),6,-0.012553666617613701,-0.012925778681850261,-1067.6915791542083,81534.03064599108
AT-200711,1995-05-12,14.598212242126465,6.986538199660657,1.042729377746582,0.28571467768325953,1.2890972140954502,Hammer,1995-05-19,14.523731231689453,1995-06-23,15.867753028869629,RSI > 90,5,0.0925397045524805,0.09181956606578723,9181.956597396766,109181.95659739677
AT-200711,1996-07-26,17.25841522216797,0.5283049908099571,1.0883674621582031,0.3571426067877284,1.1000578597759612,Hammer,1996-08-02,17.180675506591797,1996-09-13,17.418729782104492,Time stop (5 bars),6,0.01385593223161452,0.013270021037300675,1448.8468594922574,110630.80345688903
AT-200711,2002-02-01,39.79781723022461,2.238197432617582,2.265789031982422,0.277603150364585,1.0924210573254922,Hammer,2002-02-08,39.726341247558594,2002-03-15,41.78382873535156,RSI > 90,5,0.0517915172447303,0.05153330905784064,5701.171380159916,116331.97483704894
AT-200711,2002-06-28,34.02531814575195,3.626256719240345,3.395294189453125,0.26439235284072016,1.513331639263365,Hammer,2002-07-05,33.88052749633789,2002-08-16,28.70433807373047,Time stop (5 bars),6,-0.1527777105349647,-0.15305027856414247,-17804.64113692251,98527.33370012643
AT-200711,2006-05-26,50.38764190673828,6.22491883143347,1.9367485046386719,0.28630883560793924,1.084195006961265,Hammer,2006-06-02,50.14655303955078,2006-07-14,51.79365158081055,RSI > 90,6,0.03284569808737792,0.032643027823459674,3216.230492128292,101743.56419225472
ATI,2002-07-05,11.36534595489502,1.370998212625338,1.428145408630371,0.3455495389374025,1.5752829232510057,Hammer,2002-07-12,11.402731895446777,2002-08-23,6.91641092300415,Time stop (5 bars),6,-0.39344264283141295,-0.3941467956691081,-39414.679527496126,60585.32047250388
ATI,2005-01-14,15.495020866394043,7.746006904409654,1.8345069885253906,0.2767859556461255,1.1226633638583021,Hammer,2005-01-21,16.379514694213867,2005-02-11,18.942909240722656,RSI > 90,3,0.15650003033449567,0.15584193942653135,9441.733833771206,70027.05430627508
ATI,2007-06-29,87.56627655029297,7.944069116973893,7.280494689941406,0.3451835907904375,1.2072811437119246,Hammer,2007-07-06,89.3363037109375,2007-08-17,84.82774353027344,Time stop (5 bars),6,-0.05046727918419658,-0.050576385087056815,-3541.7152615646937,66485.33904471039
ATI,2011-08-12,43.118743896484375,4.825269495338986,5.948638916015625,0.3203597537514429,1.164285954159775,Hammer,2011-08-19,43.74210739135742,2011-09-30,33.78823471069336,Time stop (5 bars),6,-0.22755814189763413,-0.22776072007523177,-15142.74868012641,51342.59036458398
ATI-199906,1996-07-19,27.125,0.9950618710360146,3.25,0.34615384615384615,1.5842088053720764,Hammer,1996-07-26,26.875,1996-09-06,27.125,Time stop (5 bars),6,0.009302325581395321,0.008928571428571341,892.8571419642769,100892.85714196428
ATI-199906,1997-04-04,23.75,1.7501040415908733,2.25,0.2222222222222222,1.2391861969503128,Hammer,1997-04-11,24.0,1997-05-23,25.875,Time stop (5 bars),6,0.078125,0.07769214746927726,7838.58272783163,108731.43986979591
ATVI-202310,2018-11-02,66.54766845703125,9.542503758509753,6.694309234619141,0.19452461802079124,1.3574347098911634,Hammer,2018-11-09,65.59272003173828,2018-12-21,45.91490173339844,Time stop (5 bars),6,-0.3000000348943962,-0.30012961256601983,-30012.961226589025,69987.03877341097
ATVI-202310,2021-08-06,81.06837463378906,1.5049705460627507,6.250022888183594,0.27301291621246504,1.2701726453622457,Hammer,2021-08-13,80.50287628173828,2021-09-24,77.34098052978516,Time stop (5 bars),6,-0.03927680473039674,-0.03939857686536198,-2757.389723935911,67229.64904947506
AV-200710,2002-06-21,5.300000190734863,4.624879339429256,1.169999599456787,0.3418801328786669,1.155874215628636,Hammer,2002-06-28,5.150000095367432,2002-08-09,1.1799999475479126,Time stop (5 bars),6,-0.7708738008355853,-0.7720659697748923,-77206.59690028263,22793.40309971736
AV-200710,2003-12-12,11.90999984741211,6.444556558402326,2.119999885559082,0.37735860090572076,1.8505545354748245,Hammer,2003-12-19,12.010000228881836,2004-01-16,15.6899995803833,RSI > 90,4,0.3064112640607404,0.30545145914183724,6962.278228654466,29755.68132837183
AVB,2008-10-10,42.984703063964844,3.8750666327840264,9.19854736328125,0.2643683356667485,1.6814553838548938,Hammer,2008-10-17,43.04814147949219,2008-11-28,25.8669490814209,Time stop (5 bars),6,-0.3991157761423052,-0.3993016957022775,-39930.16953029758,60069.83046970242
AVB,2017-09-08,138.2413330078125,7.27493868677459,4.3968353271484375,0.265992483107815,1.0791437994102786,Hammer,2017-09-15,138.56703186035156,2017-10-27,135.3824920654297,Time stop (5 bars),6,-0.022981944205395566,-0.023053279597871786,-1384.8065958300012,58685.02387387242
AVB,2018-12-28,134.45623779296875,4.828087538597671,8.15325927734375,0.32422164496979405,1.5007136959237135,Hammer,2019-01-04,134.82223510742188,2019-02-01,145.0386199951172,RSI > 90,4,0.07577670611642984,0.07569972698441456,4442.440280883553,63127.46415475597
AVGO,2020-03-20,16.756256103515625,0.5056916736475472,5.41120719909668,0.369280420270346,2.4414403947554035,Hammer,2020-03-27,16.81409454345703,2020-05-08,22.59592628479004,Time stop (5 bars),6,0.3438681593224968,0.3431713714682915,34317.13711251202,134317.137112512
AVGO,2021-05-14,39.892059326171875,2.5611209099830177,2.6550140380859375,0.2351665814171346,1.1332612787136211,Hammer,2021-05-21,39.93903350830078,2021-07-02,42.4238395690918,Time stop (5 bars),6,0.06221497724211544,0.06195683919293545,8321.865256613502,142639.0023691255
AVGO,2025-03-07,192.5049285888672,7.497362141126743,26.116928100585938,0.3440449544548694,1.2526788908015742,Hammer,2025-03-14,187.21241760253906,2025-04-25,165.38607788085938,Time stop (5 bars),6,-0.11658596155741152,-0.11663626173948213,-16636.87999794705,126002.12237117846
AVP-202001,1996-07-19,6.8002777099609375,4.227011416672724,0.7357025146484375,0.18918904905112516,2.1626983050250477,Hammer,1996-07-26,6.760509967803955,1996-08-09,7.317257881164551,RSI > 90,2,0.0823529461552508,0.08081399864348546,8081.399856267146,108081.39985626713
AVP-202001,2004-01-30,23.024721145629883,8.127891351489012,0.9563331604003906,0.3536121293832794,1.102308187525657,Hammer,2004-02-06,23.15562629699707,2004-02-27,25.9931640625,RSI > 90,3,0.1225420435236042,0.12208382144957532,13194.990308877681,121276.39016514483
AVP-202001,2014-11-21,9.420509338378906,9.33911552178374,0.7826566696166992,0.32926798062570445,1.048694109150776,Hammer,2014-11-28,9.458687782287598,2015-01-09,8.819199562072754,Time stop (5 bars),6,-0.06760855574621605,-0.06862950629356529,-8323.138773776547,112953.25139136828
AVY,1991-09-20,4.598528861999512,7.413614370917173,0.37648773193359375,0.2857139238454212,1.3967322430138829,Hammer,1991-09-27,4.57163667678833,1991-11-08,4.813664436340332,Time stop (5 bars),6,0.05294116235895441,0.05069831318024311,5069.83131295448,105069.83131295448
AVY,1994-03-31,6.49293327331543,3.16137593400434,0.5240931510925293,0.33333363661094545,1.7334054652315265,Hammer,1994-04-08,6.434700965881348,1994-05-20,6.667631149291992,Time stop (5 bars),6,0.03619906886826718,0.034618095559369386,3637.3174571613636,108707.14877011583
AVY,1996-07-26,12.723819732666016,0.05671733682196134,0.7739553451538086,0.3599995564049579,1.6096400540662907,Hammer,1996-08-02,12.692861557006836,1996-09-13,12.8610200881958,Time stop (5 bars),6,0.013248275846523772,0.012455524930628353,1354.0046002896984,110061.15337040552
AVY,2022-02-25,166.1129608154297,0.7561240086035639,13.237808227539062,0.16422973582017467,1.2725001408607768,Hammer,2022-03-04,162.75051879882812,2022-04-14,162.76144409179688,Time stop (5 bars),6,6.712908228734271e-05,5.685171080990573e-06,0.6257164856561812,110061.77908689118
AVY,2024-08-09,199.5519561767578,4.65787204432263,9.494705200195312,0.3286149346318572,1.0742294789091316,Hammer,2024-08-16,198.98553466796875,2024-09-06,211.91714477539062,RSI > 90,3,0.06498768932626087,0.06493580274550546,7146.949969458814,117208.72905634998
AVY,2025-04-11,165.0579376220703,8.268968200204,15.126419067382812,0.3247592868131037,1.7485674825386144,Hammer,2025-04-17,167.1591033935547,2025-05-23,176.6240692138672,RSI > 90,5,0.05662249693950838,0.05656098186374781,6629.440791799701,123838.16984814967
AW-200812,2002-07-12,7.900000095367432,0.7128954884585852,1.489999771118164,0.3959729975716504,1.179023575738214,Hammer,2002-07-19,8.0,2002-08-30,8.600000381469727,Time stop (5 bars),6,0.07500004768371582,0.07370398269453177,7370.398262082777,107370.39826208279
AW-200812,2004-10-29,8.15999984741211,6.6007772801998215,0.8199996948242188,0.207317243368472,1.1424453406679134,Hammer,2004-11-05,8.239999771118164,2004-12-17,9.0,Time stop (5 bars),6,0.09223304004760968,0.09096425102509414,9766.867850409562,117137.26611249236
AW-200812,2007-08-10,12.430000305175781,3.5579329489471263,1.330000877380371,0.28571418327887355,1.9073307763030687,Hammer,2007-08-17,12.510000228881836,2007-09-28,12.960000038146973,Time stop (5 bars),6,0.03597120711686497,0.03515779474375988,4118.287954709898,121255.55406720225
AW-200812,2008-01-25,9.4399995803833,2.9562432441765054,0.7699995040893555,0.27272749791615836,1.1007217930353776,Hammer,2008-02-01,9.470000267028809,2008-03-14,10.119999885559082,Time stop (5 bars),6,0.06863776137296873,0.06754613197820689,8190.3436499234995,129445.89771712576
AWK,2024-10-11,132.912353515625,5.693721885913774,8.087478637695312,0.37633225853315244,1.4814091205719713,Hammer,2024-10-18,133.26649475097656,2024-11-29,133.08395385742188,Time stop (5 bars),6,-0.0013697433394326275,-0.0014447267505663117,-144.47267491215848,99855.52732508784
AXP,1990-10-19,2.6965394020080566,0.3314129180925107,0.3214418888092041,0.38888909492109996,1.099918397973713,Hammer,1990-10-26,2.714397430419922,1990-11-23,3.142986536026001,RSI > 90,4,0.1578947507107593,0.1539271534655535,15392.715331162635,115392.71533116265
AXP,1997-10-31,15.673240661621094,8.73063436218645,1.594954490661621,0.2440949731259466,1.6531093959688115,Hammer,1997-11-07,15.87417984008789,1997-12-12,17.494251251220703,RSI > 90,5,0.10205701506805176,0.10139512414035987,11700.258684196186,127092.97401535882
AXP,2002-07-26,18.8967342376709,4.509035923504101,3.0690746307373047,0.33673486509984907,1.524375351991869,Hammer,2002-08-02,19.416597366333008,2002-09-13,21.063879013061523,Time stop (5 bars),6,0.08483884254533614,0.084302110472474,10714.205925003844,137807.17994036266
AXP,2011-08-12,36.589839935302734,3.2182262995809907,3.863574981689453,0.3966250433199416,1.8085412473236047,Hammer,2011-08-19,36.80991744995117,2011-09-30,38.18743896484375,Time stop (5 bars),6,0.03742256463263005,0.03714585308392127,5118.965254855249,142926.1451952179
AXP,2014-10-17,70.16921997070312,3.5151863747840792,5.811943054199219,0.3903565713595604,2.198412254271404,Hammer,2014-10-24,70.34765625,2014-11-14,78.35194396972656,RSI > 90,3,0.1137818677466822,0.11363164016606069,16240.932284904211,159167.07748012213
AXP,2020-03-13,91.81503295898438,2.238219206884878,19.870208740234375,0.1746694475715973,2.666285089618151,Hammer,2020-03-20,75.99629974365234,2020-05-01,77.37321472167969,Time stop (5 bars),6,0.018118184473084886,0.017985415810491023,2862.6860689579516,162029.76354908006
AXP,2022-03-11,159.22430419921875,7.820274372374016,15.732757568359375,0.26582300579402596,1.2470124253317145,Hammer,2022-03-18,162.47706604003906,2022-04-29,171.1645965576172,Time stop (5 bars),6,0.05346927249066202,0.05340608184684084,8653.374805073065,170683.1383541531
AYE-201102,2001-07-27,37.640777587890625,4.945577418722806,4.1966400146484375,0.25819634877522896,1.6305082961859096,Hammer,2001-08-03,37.640777587890625,2001-09-10,36.80660629272461,Time stop (5 bars),6,-0.022161372549178604,-0.022424063181990438,-2242.4063159566376,97757.59368404336
AZO,2022-02-25,1864.6300048828125,9.680403806776695,168.6400146484375,0.37375488509220783,1.6689180961728727,Hammer,2022-03-04,1829.68994140625,2022-04-01,2025.0,RSI > 90,4,0.10674489386089103,0.10672382641193338,10672.38263158829,110672.38263158829
AZO,2023-10-27,2446.169921875,5.220445297978145,113.829833984375,0.377844790422244,1.0254355770202517,Hammer,2023-11-03,2455.429931640625,2023-11-17,2702.340087890625,RSI > 90,2,0.10055679173260867,0.10053781177804627,11126.759163824303,121799.1417954126
B,1997-10-31,13.4564208984375,6.048707259549701,1.5542373657226562,0.39473693898889145,1.4115740779758255,Hammer,1997-11-07,13.66092586517334,1997-12-19,11.093978881835938,Time stop (5 bars),6,-0.18790431985883782,-0.1885673176308216,-18856.731744225428,81143.26825577459
BA,1998-05-29,30.20547866821289,4.721040338554161,2.174478530883789,0.2727267942806168,1.0790813395216357,Hammer,1998-06-05,30.047334671020508,1998-07-17,30.64037322998047,Time stop (5 bars),6,0.01973681078381717,0.019400774194165592,1940.077417476482,101940.07741747648
BA,1998-09-04,21.547412872314453,2.7742372751956026,3.8094863891601562,0.1770833959188251,1.6797495901936155,Hammer,1998-09-11,23.96802520751953,1998-10-23,20.75377082824707,Time stop (5 bars),6,-0.13410593286025285,-0.13449509819316088,-13710.44070837148,88229.636709105
BA,2008-09-19,44.490352630615234,8.073433414277886,6.551456451416016,0.36818201668195116,1.6273717537955699,Hammer,2008-09-26,44.17022705078125,2008-11-07,38.638710021972656,Time stop (5 bars),6,-0.1252317997471275,-0.12544399652860627,-11067.878229989285,77161.75847911573
BA,2011-08-12,50.2072868347168,4.568946448978664,4.9021759033203125,0.22404978382601495,1.4822521046990407,Hammer,2011-08-19,50.4593391418457,2011-09-30,49.43486404418945,Time stop (5 bars),6,-0.020302982858660945,-0.020499130975410975,-1581.748991774673,75580.00948734104
BA,2016-01-22,111.75440979003906,5.43204525433805,6.636566162109375,0.35270293883669707,1.014349327875319,Hammer,2016-01-29,111.74544525146484,2016-03-11,109.34001159667969,Time stop (5 bars),6,-0.021526010741396373,-0.021614532714834874,-1633.6265860180365,73946.38290132301
BA,2020-01-24,321.1393127441406,8.21915228832151,23.738677978515625,0.1675012116436058,1.2948596354554696,Hammer,2020-01-31,314.3397521972656,2020-03-13,238.0034942626953,Time stop (5 bars),6,-0.24284633871781214,-0.24287428818490206,-17959.675093047364,55986.70780827565
BA,2021-12-03,198.49000549316406,9.437805175317905,16.279998779296875,0.35565071991871977,1.097293700354719,Hammer,2021-12-10,199.77000427246094,2022-01-21,224.5,RSI > 90,6,0.12379233718096372,0.12373918257473782,6927.749452318971,62914.457260594616
BA,2024-01-19,215.02000427246094,4.424643611974616,15.660003662109375,0.32503161862000557,1.0528577289671752,Hammer,2024-01-26,213.07000732421875,2024-03-08,199.5,Time stop (5 bars),6,-0.06368802204793611,-0.06373345938012884,-4009.7560022312027,58904.70125836341
BAC,1997-10-31,14.292567253112793,7.90516258531342,1.672694206237793,0.31250032070524364,1.7975540429293018,Hammer,1997-11-07,14.755545616149902,1997-12-19,14.93716812133789,Time stop (5 bars),6,0.012308762407891027,0.011627111195687123,1162.7111184060013,101162.71111840599
BAC,2002-07-26,17.301223754882812,4.575625330527345,2.0598697662353516,0.18119939072099558,1.8158551499407436,Hammer,2002-08-02,17.736209869384766,2002-09-06,19.279706954956055,RSI > 90,5,0.0870251929210415,0.08643700721998554,8744.201982590766,109906.91310099677
BAC,2003-10-31,22.26010513305664,7.829514668589582,0.9993972778320312,0.2852938706648447,1.1053288219873914,Hammer,2003-11-07,22.26598358154297,2003-12-19,22.783138275146484,Time stop (5 bars),6,0.023226222713655487,0.022771993511046355,2502.799509452235,112409.712610449
BAC,2010-05-28,12.083934783935547,6.650717374102328,1.0748100280761719,0.32857180884101433,1.0259758390286642,Hammer,2010-06-04,11.961099624633789,2010-07-16,11.577058792114258,Time stop (5 bars),6,-0.03210748547972986,-0.03292976365568165,-3701.625265163557,108708.08734528546
BAC,2011-08-12,5.541675090789795,1.300039753422567,1.0790462493896484,0.3714282936590005,1.5978211932929278,Hammer,2011-08-19,5.749776840209961,2011-09-30,5.000602722167969,Time stop (5 bars),6,-0.1302962078115426,-0.13192068765159878,-14340.845621539276,94367.24172374618
BAC,2011-10-07,4.553018093109131,6.928721538911802,0.9260375499725342,0.3583332282034138,1.1997763450343601,Hammer,2011-10-14,4.73822546005249,2011-11-04,5.471338272094727,RSI > 90,3,0.15472307475088254,0.15245170572900285,14386.446951339785,108753.68867508597
BAC-199809,1990-07-13,11.184344291687012,9.287041281769447,0.7848663330078125,0.25,1.2939463221897516,Hammer,1990-07-20,11.282452583312988,1990-08-31,8.327844619750977,Time stop (5 bars),6,-0.26187639094818316,-0.2626463271212136,-26264.632685856726,73735.36731414327
BALL,1991-11-29,1.1395732164382935,2.6244112497870447,0.056328773498535156,0.3846144078557521,1.1448989941555925,Hammer,1991-12-06,1.1222412586212158,1992-01-10,1.3215582370758057,RSI > 90,5,0.17760617596564798,0.1679471692565198,16794.716908857263,116794.71690885726
BALL,1992-04-03,1.218682885169983,4.14279580477519,0.06988859176635742,0.3749991471477208,1.225652618898636,Hammer,1992-04-10,1.223050832748413,1992-05-22,1.223050832748413,Time stop (5 bars),6,0.0,-0.008142985398755614,-951.0576734895625,115843.6592353677
BALL,1992-07-10,1.1894577741622925,2.170426007082341,0.06608092784881592,0.26666750852835963,1.2089393303470979,Hammer,1992-07-17,1.1850523948669434,1992-08-28,1.1498092412948608,Time stop (5 bars),6,-0.029739742921695567,-0.03801778288689641,-4404.119081229703,111439.54015413798
BALL,2016-01-29,29.90032196044922,4.223269653159974,2.5770721435546875,0.3333333333333333,1.572592307914752,Hammer,2016-02-05,29.730304718017578,2016-03-11,30.371017456054688,RSI > 90,5,0.021550829838915764,0.02121090548821375,2363.7335514956885,113803.27370563366
BALL,2017-12-15,35.83966827392578,1.4175598165483052,1.5372848510742188,0.32544231866795703,1.2378290547236832,Hammer,2017-12-22,36.057979583740234,2018-02-02,34.7208137512207,Time stop (5 bars),6,-0.03708377030427146,-0.037355921448235865,-4251.226148848511,109552.04755678515
BAX,1990-08-24,2.3930206298828125,3.46983576999763,0.20808863639831543,0.24999914068380946,1.278026624812236,Hammer,1990-08-31,2.445042610168457,1990-10-12,2.6580326557159424,RSI > 90,6,0.08711097494240017,0.08285163886742697,8285.163878457533,108285.16387845753
BAX,1996-07-26,5.9358625411987305,4.462983397221322,0.49895668029785156,0.3793105425520935,1.570475595780941,Hammer,1996-08-02,5.918657302856445,1996-09-13,6.149720668792725,Time stop (5 bars),6,0.03903982848014609,0.03731872973638774,4041.064761199548,112326.22863965709
BAX,2001-11-09,16.279205322265625,2.720367827155755,1.182882308959961,0.35362343611681296,1.0649399100147956,Hammer,2001-11-16,16.286062240600586,2001-12-28,18.501392364501953,RSI > 90,6,0.1360261364087525,0.13537055419291463,15205.663806144756,127531.89244580183
BAX,2002-07-05,14.995318412780762,1.0638572969344011,1.5258874893188477,0.35454488068504614,1.3943672423984341,Hammer,2002-07-12,14.90861988067627,2002-08-23,11.773612976074219,Time stop (5 bars),6,-0.21028149685843645,-0.21088152505999358,-26894.119945863647,100637.77249993818
BAX,2011-08-12,21.89789581298828,4.807832691539872,1.647787094116211,0.24438862619586418,1.571427861927221,Hammer,2011-08-19,22.1608829498291,2011-09-30,22.28866958618164,Time stop (5 bars),6,0.005766315206927386,0.0053138707183079895,534.7761119083864,101172.54861184656
BAX,2013-10-04,28.363693237304688,6.937811499147941,1.5248584747314453,0.367667127391443,1.2716292773248823,Hammer,2013-10-11,28.464040756225586,2013-11-22,30.222318649291992,Time stop (5 bars),6,0.061771900487524345,0.06140979276528982,6212.985237576724,107385.53384942329
BAX,2015-10-02,28.444318771362305,4.007250706984394,1.831289291381836,0.36574063948056657,1.11470710078595,Hammer,2015-10-09,28.68170928955078,2015-11-06,31.801679611206055,RSI > 90,4,0.10877909298076349,0.10841153965289732,11641.831049422468,119027.36489884576
BAY-199808,1997-10-31,31.625,9.069496411576324,6.125,0.2653061224489796,1.6814783019394697,Hammer,1997-11-07,32.875,1997-12-19,24.0625,Time stop (5 bars),6,-0.26806083650190116,-0.2683242092457421,-26832.420897741787,73167.5791022582
BBI-199801,1990-09-28,6.955704689025879,1.1751978101505358,1.2646737098693848,0.26923063871566877,1.5404171008253178,Hammer,1990-10-05,7.150269508361816,1990-11-16,7.3934760093688965,Time stop (5 bars),6,0.03401361315439422,0.03259227353135324,3259.227349876096,103259.2273498761
BBWI,1996-07-19,2.1059377193450928,4.069527174604659,0.2078227996826172,0.19999954111179435,1.4560204273192503,Hammer,1996-07-26,2.078227996826172,1996-09-06,2.02280855178833,Time stop (5 bars),6,-0.026666681962940197,-0.03140292139771025,-3140.292136630733,96859.70786336926
BBWI,1998-09-04,2.746588945388794,0.5613090059939623,0.4334836006164551,0.20384212187912848,1.6839766753255796,Hammer,1998-09-11,2.768679618835449,1998-10-23,3.085310459136963,Time stop (5 bars),6,0.11436167556096422,0.110550201335169,10707.860194853263,107567.56805822252
BBWI,2005-09-23,6.168032169342041,8.689604269931692,0.45847606658935547,0.18000008320384733,1.2274110895235393,Hammer,2005-09-30,6.26584005355835,2005-11-11,6.293348789215088,Time stop (5 bars),6,0.004390270964723442,0.002792087743779021,300.33808810314076,107867.90614632565
BBWI,2007-03-09,8.252251625061035,9.892802007293454,0.550572395324707,0.36206797998326745,1.0365835766694869,Hammer,2007-03-16,8.252251625061035,2007-04-27,8.495895385742188,Time stop (5 bars),6,0.029524519095035506,0.028295584449919847,3052.1854447472006,110920.09159107285
BBY,2002-06-28,13.054827690124512,1.0815090629834572,1.4745121002197266,0.31707324960643873,1.0914706254045636,Hammer,2002-07-05,13.097984313964844,2002-08-16,7.645885467529297,Time stop (5 bars),6,-0.4162548004140312,-0.4168591456386141,-41685.91452217549,58314.08547782452
BBY,2006-12-22,27.53557777404785,4.0983416285575345,2.205934524536133,0.2550000216161066,1.0821853173499913,Hammer,2006-12-29,27.386676788330078,2007-02-09,28.237699508666992,RSI > 90,6,0.031074333221019046,0.030703586598072825,1790.4515715653547,60104.53704938987
BC,1996-07-19,11.95716667175293,2.526698388410807,1.2423028945922852,0.0,1.6635387343649524,Hammer,1996-07-26,11.95716667175293,1996-09-06,13.041925430297852,Time stop (5 bars),6,0.09072038454624098,0.0898464958762714,8984.649578642493,108984.64957864248
BC,1997-10-31,21.458425521850586,9.16704550411086,2.1061038970947266,0.18867873266286606,1.9844877335649111,Hammer,1997-11-07,21.577638626098633,1997-12-19,17.59050941467285,Time stop (5 bars),6,-0.1847806092462435,-0.18520113692643142,-20184.08098930923,88800.56858933326
BC,2001-07-27,15.365694999694824,4.42844920808507,1.8731918334960938,0.2656833575673155,1.6684115368019155,Hammer,2001-08-03,15.524674415588379,2001-09-10,14.255234718322754,Time stop (5 bars),6,-0.08176916715180682,-0.08238676890620131,-7315.991915792687,81484.57667354056
BC,2002-06-14,18.221567153930664,9.24867398406542,1.4700450897216797,0.35714332052724246,1.2190585438466077,Hammer,2002-06-21,18.51557731628418,2002-08-02,15.470481872558594,Time stop (5 bars),6,-0.16446127451005643,-0.16495681487419953,-13441.43621599831,68043.14045754226
BC,2006-06-30,24.95639419555664,0.3644550979225585,1.5311603546142578,0.22058898637092364,1.1497120226185316,Hammer,2006-07-07,24.90385627746582,2006-08-18,22.38194465637207,Time stop (5 bars),6,-0.10126590809856606,-0.10164704444436014,-6916.384115305253,61126.756342237015
BCO,1992-03-13,3.7645423412323,2.367404300541736,0.36431050300598145,0.3333333333333333,1.5281496156927472,Hammer,1992-03-20,3.7341830730438232,1992-05-01,3.7949016094207764,Time stop (5 bars),6,0.016260192708618337,0.013564068778174641,1356.4068764610574,101356.40687646107
BCR-201712,1992-06-19,8.757255554199219,6.362530426430411,0.866602897644043,0.368421226390697,1.251876665452393,Hammer,1992-06-26,8.80286693572998,1992-07-17,9.669469833374023,RSI > 90,3,0.09844552961792319,0.09725429594867623,9725.429585142192,109725.4295851422
BCR-201712,1992-10-09,9.945408821105957,2.512506913287581,0.7791337966918945,0.2941169990489375,1.205731215057248,Hammer,1992-10-16,9.945408821105957,1992-10-30,11.0482177734375,RSI > 90,2,0.11088623626926042,0.1098255329985609,12050.653775633651,121776.08336077587
BCR-201712,1996-07-19,12.47282886505127,7.792002587735354,1.1606531143188477,0.3438846769150878,1.6650267949470254,Hammer,1996-07-26,12.47282886505127,1996-09-06,12.173480987548828,Time stop (5 bars),6,-0.02399999877663761,-0.024791803193332997,-3019.0486893162197,118757.03467145965
BCR-201712,1996-09-20,12.273263931274414,8.529368382704007,0.9978265762329102,0.29999990442484303,1.611102378308469,Hammer,1996-09-27,12.173480987548828,1996-10-04,12.522720336914062,RSI > 90,1,0.02868853614857092,0.02785563730912506,3308.052882407317,122065.08755386696
BCR-201712,1996-11-08,11.184041023254395,4.493888493379131,0.7021369934082031,0.28571370360912957,1.0828477456551817,Hammer,1996-11-15,11.133888244628906,1996-12-27,11.484956741333008,Time stop (5 bars),6,0.03153152690152616,0.030619617435210553,3737.5862793573015,125802.67383322427
BCR-201712,2002-02-01,22.232751846313477,3.8253067356487804,3.066282272338867,0.1512967968076934,1.4049199884271506,Hammer,2002-02-08,21.75999641418457,2002-03-22,25.44925308227539,RSI > 90,6,0.16954307334747187,0.1690446714566419,21266.27164523821,147068.9454784625
BCR-201712,2002-10-11,23.828771591186523,8.420965410569792,1.7949504852294922,0.14888249664478026,1.384810325602848,Hammer,2002-10-18,23.784231185913086,2002-11-01,25.260417938232422,RSI > 90,2,0.06206577546192249,0.06163237226378078,9064.20798710607,156133.15346556858
BCR-201712,2005-10-14,59.59727478027344,7.387133217081882,2.8068504333496094,0.324590003519983,1.2663340677649813,Hammer,2005-10-21,59.588069915771484,2005-12-02,59.92170333862305,Time stop (5 bars),6,0.005598996969077064,0.005430722453281694,847.9158213792241,156981.0692869478
BCR-201712,2012-08-03,94.6635513305664,4.922419346747262,6.090087890625,0.3987234415714572,1.4704540948557918,Hammer,2012-08-10,94.60527038574219,2012-09-14,97.62603759765625,RSI > 90,5,0.031930221219148125,0.03182283698840152,4995.582973187922,161976.65226013574
BDK-201003,2006-06-16,76.1800537109375,3.104284269739523,4.350791931152344,0.19579074363412227,1.2929143077954273,Hammer,2006-06-23,76.4823226928711,2006-08-04,65.35345458984375,Time stop (5 bars),6,-0.14550902366965723,-0.1456302523197812,-14563.025217415092,85436.9747825849
BDX,1996-03-15,10.078534126281738,8.976598415815872,0.39345645904541016,0.3846168762073738,1.0011678119699987,Hammer,1996-03-22,10.04826831817627,1996-05-03,9.442951202392578,Time stop (5 bars),6,-0.06024093869873437,-0.06120567921888645,-6120.567915768077,93879.43208423191
BDX,1997-04-04,11.141008377075195,0.8721607179417248,0.550929069519043,0.22222260689538179,1.0697759566674983,Hammer,1997-04-11,11.079793930053711,1997-05-16,11.691937446594238,RSI > 90,5,0.05524863733070884,0.054321579664910476,5099.679043760478,98979.11112799238
BDX,1997-10-31,11.338104248046875,8.75638598596501,1.5537967681884766,0.33663337167351837,2.143069589997925,Hammer,1997-11-07,11.353487968444824,1997-11-28,12.799596786499023,RSI > 90,3,0.12737132606943558,0.12643485841107324,12514.409888607192,111493.52101659957
BDX,2005-10-14,27.726802825927734,3.727857412506168,1.170114517211914,0.2119834973438287,1.1627023680532522,Hammer,2005-10-21,27.6351375579834,2005-11-11,31.220964431762695,RSI > 90,3,0.12975607109809384,0.1293708059982675,14424.006663078257,125917.52767967783
BDX,2020-03-27,149.53640747070312,2.674170774758366,17.7030029296875,0.2656009736386642,1.5143202859770974,Hammer,2020-04-03,151.9322509765625,2020-04-24,180.8273468017578,RSI > 90,3,0.1901840829676955,0.1901120076843502,23938.43396589486,149855.96164557268
BDX,2025-09-26,142.36428833007812,8.98003829633889,7.742889404296875,0.35358408317863466,1.0691025369267155,Hammer,2025-10-03,142.36428833007812,2025-11-14,136.36431884765625,Time stop (5 bars),6,-0.04214518649867216,-0.0422139462303694,-6326.011500880493,143529.95014469218
BEAM-201404,2003-01-31,25.758563995361328,6.9335642661056625,1.7184066772460938,0.3231291761937532,1.004692504342131,Hammer,2003-02-07,25.834548950195312,2003-03-21,24.53299331665039,Time stop (5 bars),6,-0.05038042800956588,-0.050757682963928366,-5075.768291317068,94924.23170868294
BEAM-201404,2004-07-23,43.388736724853516,8.679242345841516,2.8544464111328125,0.39873388963430606,1.6806228771942622,Hammer,2004-07-30,43.497135162353516,2004-09-10,45.30960464477539,RSI > 90,6,0.041668709345036525,0.041434046298989995,3933.0950075805276,98857.32671626346
BEN,2000-03-03,4.426873207092285,8.523092870236184,0.5769855976104736,0.12068991877450617,1.1965328651818683,Hammer,2000-03-10,4.74521017074585,2000-04-20,4.9535136222839355,Time stop (5 bars),6,0.043897623928708995,0.04174624793642542,4174.624789467916,104174.62478946793
BEN,2001-03-23,6.195973873138428,8.481188945070059,1.065783977508545,0.32932324166450794,1.8706023964422989,Hammer,2001-03-30,6.195973873138428,2001-05-04,7.2402024269104,RSI > 90,5,0.16853340171414288,0.16678485910932087,17374.750100903024,121549.37489037095
BEN,2002-07-26,5.1097412109375,2.489780071282283,0.48910951614379883,0.3245032596074822,1.025830630645365,Hammer,2002-08-02,5.376970291137695,2002-09-13,5.457948684692383,Time stop (5 bars),6,0.015060227074000343,0.013188180111578266,1603.0150469009454,123152.38993727189
BEN,2006-06-16,14.535794258117676,6.936385096729808,1.1674432754516602,0.2855051615280116,1.424168195232816,Hammer,2006-06-23,14.580236434936523,2006-08-04,15.473429679870605,RSI > 90,6,0.06126054600828357,0.06055392032031375,7457.360000060413,130609.7499373323
BEN,2022-02-25,24.242536544799805,2.9944133360048824,2.0703659057617188,0.027132075749814827,1.1530198208359277,Hammer,2022-03-04,23.66476058959961,2022-04-14,21.188526153564453,Time stop (5 bars),6,-0.10463805144614191,-0.10503842768598162,-13719.04276015758,116890.7071771747
BEV-200603,1993-02-26,8.141852378845215,2.956638540908827,1.3722219467163086,0.1333329626744153,1.7092108799749253,Hammer,1993-03-05,8.324814796447754,1993-04-16,8.233333587646484,Time stop (5 bars),6,-0.010988978258147597,-0.01218288896945786,-1218.2888957274972,98781.71110427252
BEV-200603,1996-08-02,7.22703742980957,1.2016426330860526,0.6403703689575195,0.2857141793389796,1.1405919093441494,Hammer,1996-08-09,7.22703742980957,1996-09-20,7.775926113128662,Time stop (5 bars),6,0.07594933451639174,0.07451408936268199,7360.6292412617695,106142.34034553428
BF.B,1993-01-15,1.3295711278915405,0.942578006398918,0.03693258762359619,0.3333333333333333,1.1237771036201198,Hammer,1993-01-22,1.3254674673080444,1993-03-05,1.2803276777267456,Time stop (5 bars),6,-0.03405575066506561,-0.04144392173140773,-4144.392168996381,95855.60783100362
BF.B,1994-06-03,1.490871548652649,6.79585246950181,0.09639251232147217,0.3333333333333333,2.3619467715453437,Hammer,1994-06-10,1.484445333480835,1994-07-22,1.4316710233688354,Time stop (5 bars),6,-0.03555153492129648,-0.04214609875294719,-4039.9399096293173,91815.6679213743
BF.B,1999-12-31,3.381173610687256,3.5301168395566265,0.199326753616333,0.31481501416803326,1.0494798435973023,Hammer,2000-01-07,3.3664088249206543,2000-02-18,3.0674185752868652,Time stop (5 bars),6,-0.08881578714398608,-0.0916501871116331,-8414.9231363586,83400.74478501572
BF.B,2011-08-12,13.155421257019043,6.891467138233992,1.4093027114868164,0.18929989355518248,2.277301735486809,Hammer,2011-08-19,13.219215393066406,2011-09-30,13.109495162963867,Time stop (5 bars),6,-0.008300056156138269,-0.009053106482620477,-755.0358225135658,82645.70896250215
BF.B,2014-10-17,27.735624313354492,6.373363624032081,2.0222530364990234,0.3871999154910714,1.969154070651223,Hammer,2014-10-24,28.149782180786133,2014-11-14,30.197921752929688,RSI > 90,3,0.07275862949808287,0.07239052886491366,5982.766574228499,88628.47553673064
BFH,2016-01-22,170.74542236328125,6.409459570905142,13.668106079101562,0.39248096294402585,1.5205345226130862,Hammer,2016-01-29,170.30694580078125,2016-03-11,146.9032745361328,Time stop (5 bars),6,-0.1374205329947329,-0.13747521440472582,-13747.52142672506,86252.47857327494
BFI-199907,1997-10-31,31.293533325195312,0.8586510353700447,4.814388275146484,0.38749967315419276,2.2313431746616668,Hammer,1997-11-07,31.534252166748047,1997-12-19,34.001625061035156,Time stop (5 bars),6,0.07824421778706014,0.07791474830458811,7791.474822667336,107791.47482266734
BFO-200010,2000-03-10,38.03295135498047,6.459544996383684,4.561489105224609,0.39189156415923837,1.2864148558604138,Hammer,2000-03-17,37.231605529785156,2000-04-28,49.56494140625,RSI > 90,6,0.3312598449883719,0.33094681164231105,33094.68113113643,133094.68113113643
BGGSQ-202101,2000-09-29,10.745880126953125,4.785339895111022,1.2078018188476562,0.2205883746344175,1.1952587806213166,Hammer,2000-10-06,10.94126033782959,2000-11-17,10.10645580291748,Time stop (5 bars),6,-0.07629875436066158,-0.07717745685186368,-7717.745677468622,92282.25432253139
BHF,2018-02-16,56.81999969482422,9.22356364564041,5.799999237060547,0.3413792763255253,1.3570798921257008,Hammer,2018-02-23,56.7599983215332,2018-04-06,50.880001068115234,Time stop (5 bars),6,-0.10359403501228182,-0.10376107509164965,-10376.107498788857,89623.89250121116
BHMSQ-200401,1994-03-04,21.875,5.780530827497117,2.5,0.15,1.6906691262493736,Hammer,1994-03-11,21.875,1994-04-22,21.75,Time stop (5 bars),6,-0.005714285714285672,-0.006170018281535579,-617.001827536556,99382.99817246346
BHMSQ-200401,2000-12-08,2.0625,4.2572431243400075,0.6875,0.36363636363636365,1.4095080034279832,Hammer,2000-12-15,2.125,2001-01-26,2.5,RSI > 90,6,0.17647058823529416,0.17136150234741787,17030.419857593603,116413.41803005706
BIGGQ,2001-08-24,8.111948013305664,2.0179592953499395,1.3081364631652832,0.3160925594553542,1.4702881668629926,Hammer,2001-08-31,8.119466781616211,2001-10-12,5.869508743286133,Time stop (5 bars),6,-0.27710662520651574,-0.2781669368682558,-27816.693659008888,72183.3063409911
BIGGQ,2008-07-18,21.882732391357422,6.898133581451688,3.7324047088623047,0.3850806523733235,1.7021524620621058,Hammer,2008-07-25,21.79243278503418,2008-08-22,26.22466278076172,RSI > 90,4,0.20338390116643357,0.2028784783666716,14644.439339291155,86827.74568028224
BIIB,2005-03-18,35.24131774902344,7.565929298925994,5.158166885375977,0.2928576578975101,1.0129932281611218,Hammer,2005-03-24,34.9834098815918,2005-05-06,33.50965118408203,Time stop (5 bars),6,-0.04212735986852023,-0.042407148610957644,-4240.714856855049,95759.28514314495
BIIB,2011-08-12,83.8017578125,4.425747749524547,9.247848510742188,0.287848538197922,1.6295014162591512,Hammer,2011-08-19,84.13334655761719,2011-09-23,91.77848815917969,RSI > 90,5,0.09086933914279594,0.09074508727520599,8689.684679036342,104448.9698221813
BJS-201004,2002-07-26,14.164515495300293,4.449116314970695,2.24025821685791,0.3205943090085016,1.405921364517471,Hammer,2002-08-02,14.459410667419434,2002-09-13,13.898157119750977,Time stop (5 bars),6,-0.038815796893652,-0.039493731255514274,-3949.373121602055,96050.62687839793
BJS-201004,2008-09-12,22.113502502441406,4.318517454633877,3.3036842346191406,0.38637200779177894,1.236179540223555,Hammer,2008-09-19,21.43775749206543,2008-10-31,11.566008567810059,Time stop (5 bars),6,-0.4604842147276419,-0.46084319742514285,-44264.277961066,51786.34891733193
BKB-199909,1993-10-29,9.813764572143555,9.057834455631934,0.6264104843139648,0.33333282585230173,1.0551442634183197,Hammer,1993-11-05,9.865965843200684,1993-12-17,9.278214454650879,Time stop (5 bars),6,-0.059573628967595216,-0.06055652486747772,-6055.652480692119,93944.34751930789
BKNG,2025-03-14,176.81613159179688,5.323470899782663,12.0279541015625,0.3874057422386409,1.1269479178468327,Hammer,2025-03-21,177.1586456298828,2025-05-02,193.2295684814453,Time stop (5 bars),6,0.09071486629637948,0.09065586110773431,9065.586101707846,109065.58610170786
BKR,1998-08-07,10.362688064575195,1.046964200471649,1.7904119491577148,0.18181798812495906,1.2783276936431787,Hammer,1998-08-14,10.362688064575195,1998-09-25,9.386099815368652,Time stop (5 bars),6,-0.09424082275958934,-0.09515990865673943,-9515.99085615795,90484.00914384206
BKR,2002-07-05,15.297523498535156,3.2754766966885427,1.4424705505371094,0.1273890277281923,1.0909171638304112,Hammer,2002-07-12,15.021892547607422,2002-08-23,13.481080055236816,Time stop (5 bars),6,-0.10257112993502371,-0.10320247432776944,-9338.173621402842,81145.83552243923
BKR,2011-08-12,31.456789016723633,6.984209535755525,3.407480239868164,0.24813140322899344,1.1864558674445262,Hammer,2011-08-19,31.787860870361328,2011-09-30,25.522987365722656,Time stop (5 bars),6,-0.19708383430355247,-0.19736737534332358,-16015.540561089321,65130.29496134991
BKR,2014-11-07,27.693769454956055,5.384973128058334,2.208087921142578,0.3165467998763037,1.1423182725796868,Hammer,2014-11-14,28.03795623779297,2014-11-28,34.45041275024414,RSI > 90,2,0.22870627438271285,0.2283089007507241,14869.826033326397,80000.1209946763
BKR,2017-10-20,26.220449447631836,4.488712443809575,2.2231407165527344,0.3546105497243399,1.3169631824366768,Hammer,2017-10-27,26.094314575195312,2017-12-08,24.34235954284668,Time stop (5 bars),6,-0.06713933900429037,-0.06750962854875835,-5400.778446805543,74599.34254787076
BKR,2020-01-24,19.150999069213867,6.659278538010611,1.3990440368652344,0.38922184261256276,1.0787614256764742,Hammer,2020-01-31,18.07029914855957,2020-03-13,11.257894515991211,Time stop (5 bars),6,-0.37699456863232916,-0.3774435253599684,-28157.038812647195,46442.30373522357
BKR,2025-03-14,41.8494873046875,4.028435242585303,2.569580078125,0.1653726247030879,1.0087538483400542,Hammer,2025-03-21,42.103477478027344,2025-05-02,35.65607833862305,Time stop (5 bars),6,-0.15313222388267145,-0.15335152268979177,-7121.99798789634,39320.30574732723
BLK,2014-02-07,220.16851806640625,7.420579784351872,11.174728393554688,0.19382478524524577,1.1053096784268883,Hammer,2014-02-14,218.66339111328125,2014-03-28,222.9937744140625,Time stop (5 bars),6,0.01980387882367496,0.019757694647979874,1975.769462822218,101975.76946282222
BLK,2022-02-25,671.5996704101562,2.653577105606047,47.43157958984375,0.15840045089619478,1.209883990937429,Hammer,2022-03-04,661.9487915039062,2022-04-14,659.5768432617188,Time stop (5 bars),6,-0.003583280568876912,-0.003602857932516788,-367.4042096015619,101608.36525322066
BLK,2022-10-14,503.351318359375,9.592460234794416,72.68319702148438,0.3988364530460183,1.5296154833392603,Hammer,2022-10-21,517.10107421875,2022-11-04,601.1619873046875,RSI > 90,2,0.16256186126269223,0.16254057795734786,16515.482398644133,118123.8476518648
BLS-200612,1992-09-25,8.113974571228027,7.162689532269951,0.3120756149291992,0.37499961801152076,1.1703384347957995,Hammer,1992-10-02,8.094470024108887,1992-10-23,8.301888465881348,RSI > 90,3,0.025624709357706887,0.024374241917659516,2437.424189328527,102437.42418932852
BLY-199612,1991-06-28,3.553476572036743,1.4670742848863938,1.0316545963287354,0.3333334103677012,1.51415770647193,Hammer,1991-07-05,3.4388482570648193,1991-08-16,4.126617908477783,RSI > 90,6,0.19999999999999996,0.19680589875659174,19680.589855978586,119680.58985597859
BLY-199612,1994-11-25,5.502157211303711,2.7898008972323822,0.8023977279663086,0.2857144555043827,1.5921827321819524,Hammer,1994-12-02,5.502157211303711,1995-01-13,6.189927101135254,Time stop (5 bars),6,0.125000043331837,0.12307073574009963,14729.178232655213,134409.76808863378
BMC-201309,2000-10-06,17.625,9.472193225494877,6.25,0.26,1.1379328881998416,Hammer,2000-10-13,17.6875,2000-11-10,21.5,RSI > 90,4,0.215547703180212,0.21492157693938116,21492.15767244596,121492.15767244597
BMC-201309,2007-07-13,29.8700008392334,4.411970021414376,1.789999008178711,0.3296081408668318,1.0980619623006267,Hammer,2007-07-20,29.579999923706055,2007-08-31,30.3799991607666,RSI > 90,6,0.027045275156319715,0.026702695254277504,3244.168058867789,124736.32573131376
BMET-200709,1992-02-21,9.350068092346191,1.7961733415720715,1.3657398223876953,0.3076925762630911,1.2883528699898803,Hammer,1992-02-28,9.350068092346191,1992-04-10,7.879271030426025,Time stop (5 bars),6,-0.15730335302307963,-0.15828821846114344,-15828.821830285524,84171.17816971448
BMET-200709,2000-03-10,13.328668594360352,2.7192947057284726,2.1411514282226562,0.2,1.2226410317226741,Hammer,2000-03-17,13.275139808654785,2000-04-28,14.927852630615234,Time stop (5 bars),6,0.12449682984754373,0.12369695241385024,10411.718210265164,94582.89637997963
BMET-200709,2001-11-23,27.7775821685791,6.943775744724448,2.5719985961914062,0.2188676334922297,1.0072886646307766,Hammer,2001-11-30,27.884342193603516,2002-01-04,30.766923904418945,RSI > 90,5,0.10337635691031921,0.10299926369271853,9741.968675320626,104324.86505530025
BMET-200709,2003-05-23,27.705114364624023,7.834020122174792,2.0854358673095703,0.21028033536710844,1.1495708298399687,Hammer,2003-05-30,27.714860916137695,2003-07-11,27.919504165649414,Time stop (5 bars),6,0.007383881525905744,0.007021797479452787,732.5480737570115,105057.41312905727
BMG-200101,1997-04-18,5.914405345916748,7.794384357357359,0.7393007278442383,0.33333354832800793,1.3360694133366697,Hammer,1997-04-25,5.914405345916748,1997-06-06,5.914405345916748,Time stop (5 bars),6,0.0,-0.0016893588824590429,-168.9358880769684,99831.06411192304
BMS-201906,1996-07-19,9.03830337524414,7.808835763902778,0.815485954284668,0.25000029236380816,1.7765576910915073,Hammer,1996-07-26,8.970346450805664,1996-09-06,8.063433647155762,Time stop (5 bars),6,-0.10110120145565271,-0.10215904296012948,-10215.904285797045,89784.09571420295
BMS-201906,1997-10-31,10.622441291809082,0.45466657795670073,1.2886238098144531,0.18918902917363567,1.713085775030102,Hammer,1997-11-07,10.552785873413086,1997-12-05,11.832926750183105,RSI > 90,4,0.12130833432290467,0.12030371632829993,10801.360370793042,100585.456084996
BMS-201906,2000-01-28,9.175851821899414,6.507551046482348,0.8441781997680664,0.391304642532352,1.348699596017218,Hammer,2000-02-04,9.230907440185547,2000-03-17,8.856632232666016,Time stop (5 bars),6,-0.0405458737339488,-0.04160665424683076,-4185.0242894031835,96400.43179559281
BMS-201906,2002-06-07,15.359603881835938,2.9289687953062185,0.8484411239624023,0.27306202966318405,1.0352501046124016,Hammer,2002-06-14,15.390911102294922,2002-07-26,12.914464950561523,Time stop (5 bars),6,-0.16090315480830364,-0.1615004227559335,-15568.710473274063,80831.72132231876
BMS-201906,2002-10-11,15.23123550415039,3.7271609013528604,1.0794038772583008,0.1632646750371299,1.115902396974029,Hammer,2002-10-18,15.152562141418457,2002-11-01,16.87079620361328,RSI > 90,2,0.11339561231682094,0.11269846999518661,9109.611310993016,89941.33263331177
BMY,1991-11-29,5.339213848114014,8.887804956264816,0.3655829429626465,0.27906970677581217,1.4993259968670811,Hammer,1991-12-06,5.296704292297363,1992-01-03,5.828006267547607,RSI > 90,4,0.10030803041485248,0.09832724469518651,9832.724459685927,109832.72445968594
BMY,2003-08-29,10.543939590454102,8.1458919225214,0.644190788269043,0.374192984871566,1.0222125446232142,Hammer,2003-09-05,10.597968101501465,2003-09-26,11.325279235839844,RSI > 90,3,0.0686274130448965,0.0676519185450348,7430.39452129553,117263.11898098147
BMY,2012-11-16,20.33384895324707,4.3257469625177265,1.0324039459228516,0.33540313000552396,1.3137283952993237,Hammer,2012-11-23,20.46209716796875,2013-01-04,20.73783302307129,Time stop (5 bars),6,0.013475444517689672,0.012983563468805855,1522.4931463172124,118785.61212729868
BMY,2015-08-28,42.114410400390625,0.9606460615469956,6.413398742675781,0.3315273186242962,2.7564257398113616,Hammer,2015-09-04,42.13525390625,2015-10-16,42.63912582397461,Time stop (5 bars),6,0.011958440284843608,0.011719718605002552,1392.1339470627854,120177.74607436146
BMY,2018-10-26,38.082340240478516,2.1770773443845144,3.7455596923828125,0.29637143590433007,1.6111899192532555,Hammer,2018-11-02,38.648704528808594,2018-12-14,40.21187210083008,Time stop (5 bars),6,0.04044553604264545,0.040181596847047536,4828.933737917909,125006.67981227937
BMY,2021-12-03,46.78668975830078,7.16412920952834,2.88262939453125,0.24495675326600183,1.476613426656989,Hammer,2021-12-10,46.95283889770508,2021-12-23,51.0400276184082,RSI > 90,2,0.08704880932988468,0.0868265835143104,10853.902913713631,135860.582725993
BMY,2022-09-02,58.32243347167969,8.712316678906674,3.3662338256835938,0.32828255356183667,1.21073657190097,Hammer,2022-09-09,58.60295104980469,2022-10-21,60.59954833984375,Time stop (5 bars),6,0.03406991037605289,0.033896378468355824,4605.181726406443,140465.76445239945
BNI-201002,1994-04-22,14.31174373626709,2.5459584243057094,1.3798322677612305,0.32558113817586926,2.0004135627200554,Hammer,1994-04-29,14.279654502868652,1994-06-10,14.066890716552734,Time stop (5 bars),6,-0.014899785304551716,-0.01559462192601025,-1559.462191041563,98440.53780895843
BNI-201002,1995-12-22,20.2879638671875,2.098538284881215,1.0310287475585938,0.38709587905785897,1.1501786081954504,Hammer,1995-12-29,20.32122230529785,1996-02-09,21.751358032226562,RSI > 90,6,0.0703764618802416,0.06986717480495942,6877.762256114955,105318.30006507337
BNI-201002,2001-09-21,21.860925674438477,3.101666609082116,3.164196014404297,0.2790053949787516,1.8830710690576455,Hammer,2001-09-28,23.07590675354004,2001-11-09,24.38703727722168,Time stop (5 bars),6,0.05681815833652992,0.056372591318669805,5937.065482008353,111255.36554708173
BNI-201002,2003-03-14,21.68909454345703,4.97238624317778,1.247323989868164,0.3669063868113653,1.0157967122039466,Hammer,2003-03-21,21.769855499267578,2003-05-02,25.027257919311523,RSI > 90,6,0.1496290326848304,0.14913542917210978,16592.116671971875,127847.48221905362
BNI-201002,2004-03-12,28.469379425048828,9.840289057820115,1.653982162475586,0.18158869785726559,1.461786875148229,Hammer,2004-03-19,28.469379425048828,2004-04-23,29.594253540039062,RSI > 90,5,0.03951171882589444,0.039153587804251856,5005.687615610555,132853.16983466415
BNI-201002,2006-07-28,65.00044250488281,6.109879849062395,5.095855712890625,0.1703711799546056,1.0067340477906987,Hammer,2006-08-04,64.9249496459961,2006-09-15,62.28190612792969,Time stop (5 bars),6,-0.040709211674057943,-0.040860088950184635,-5428.392331329971,127424.77750333419
BNSSA-201206,1990-08-31,380.95849609375,8.222038222064384,30.784515380859375,0.3749998760838942,1.0592149371294766,Hammer,1990-09-07,380.95849609375,1990-10-19,330.93365478515625,Time stop (5 bars),6,-0.131313100564853,-0.13133762636481278,-13133.762623347513,86866.23737665248
BNSSA-201206,1991-03-28,306.38848876953125,5.381215614718414,34.904998779296875,0.0,1.1977313429744492,Hammer,1991-04-05,310.266845703125,1991-05-17,306.38848876953125,Time stop (5 bars),6,-0.012500068851393542,-0.012532097215530818,-1088.6161304629695,85777.6212461895
BNSSA-201206,1991-07-19,271.4834899902344,3.474128227639099,31.026687622070312,0.12499969262773776,1.224782777831864,Hammer,1991-07-26,271.4834899902344,1991-09-06,267.6051330566406,Time stop (5 bars),6,-0.014285792973021127,-0.014322363845825057,-1228.5383000887614,84549.08294610075
BNSSA-201206,1991-12-13,217.18678283691406,0.45256084136786967,23.27001953125,0.16666688524246176,1.4768597508201649,Hammer,1991-12-20,217.18678283691406,1992-01-10,279.2401428222656,RSI > 90,3,0.2857142556043455,0.28566163588214083,24152.429322565527,108701.5122686663
BNY,1997-10-31,13.13839340209961,9.08803985888973,1.7622547149658203,0.37623778450508644,2.068111725122257,Hammer,1997-11-07,13.43501091003418,1997-12-05,15.110025405883789,RSI > 90,4,0.12467533573780676,0.12388490656704194,12388.490644315705,112388.4906443157
BNY,2001-03-23,26.588764190673828,3.8390627168747216,3.469888687133789,0.16949177697487,1.3458869897634154,Hammer,2001-03-30,27.25921630859375,2001-04-27,30.63299560546875,RSI > 90,4,0.12376655508659584,0.12337707634070988,13866.163376174733,126254.65402049043
BNY,2007-03-16,26.662538528442383,9.852016961571621,1.2572803497314453,0.21195672785913344,1.2722133839216614,Hammer,2007-03-23,26.874364852905273,2007-05-04,28.09609603881836,Time stop (5 bars),6,0.04546083945053714,0.04508035039310524,5691.6040363123775,131946.25805680282
BNY,2014-02-07,23.661344528198242,4.944596853347477,0.8782768249511719,0.1949160640215432,1.0445417565509645,Hammer,2014-02-14,23.631572723388672,2014-03-14,24.837339401245117,RSI > 90,4,0.05102354769063133,0.05058968116275235,6675.119119036781,138621.3771758396
BNY,2014-10-17,27.31657600402832,1.3738887671377285,1.5701770782470703,0.37799143612013725,1.5777476291194008,Hammer,2014-10-24,27.376676559448242,2014-11-21,29.7994384765625,RSI > 90,4,0.08849729848885235,0.08811593080781303,12214.751667495282,150836.12884333488
BNY,2015-07-10,31.75615882873535,3.208558853860623,0.9783420562744141,0.38132270686424935,1.0320132560845818,Hammer,2015-07-17,31.862747192382812,2015-08-14,34.39457702636719,RSI > 90,4,0.0794605003359421,0.07913423621570456,11936.301837814612,162772.4306811495
BOL-200710,1992-02-21,38.43992233276367,7.621219253663568,3.1015090942382812,0.3939402884475833,1.1453771986544272,Hammer,1992-02-28,38.53390884399414,1992-04-10,36.42506408691406,Time stop (5 bars),6,-0.054726987745204125,-0.054979365546055946,-5497.936549107657,94502.06345089235
BOL-200710,1993-06-11,39.172157287597656,7.334273296951835,2.598644256591797,0.2592587699403569,1.3804526311303453,Hammer,1993-06-18,39.07591247558594,1993-07-30,35.996036529541016,Time stop (5 bars),6,-0.07881776140145624,-0.07906355686999846,-7471.66926051016,87030.3941903822
BOL-200710,1994-01-21,38.64873504638672,0.5029445081234485,1.8450393676757812,0.21052544524527256,1.1254566049920256,Hammer,1994-01-28,38.64873504638672,1994-03-11,38.528221130371094,Time stop (5 bars),6,-0.0031181852619751593,-0.0033764891247637895,-293.857179213874,86736.53701116832
BR-200603,1997-10-31,22.128276824951172,8.468778184961067,2.091306686401367,0.3648648771896863,1.8969292292400364,Hammer,1997-11-07,22.32610321044922,1997-12-19,19.788116455078125,Time stop (5 bars),6,-0.11367799975874193,-0.11410035282891158,-11410.035271481123,88589.96472851888
BR-200603,2000-07-07,17.771787643432617,1.4634457455085936,1.530019760131836,0.2884609391264456,1.0240722488178005,Hammer,2000-07-14,17.44812774658203,2000-08-25,18.419103622436523,Time stop (5 bars),6,0.055649287416794646,0.055060381715402625,4877.7972692285075,93467.76199774738
BR-200603,2001-09-28,16.349716186523438,1.6500361884125283,1.6488313674926758,0.2695663490319129,1.0444056077436932,Hammer,2001-10-05,16.349716186523438,2001-11-16,17.205198287963867,Time stop (5 bars),6,0.052323972580366584,0.05169653155688016,4831.9591028355535,98299.72110058293
BRCM-201601,2008-09-19,19.904273986816406,4.722763293897984,3.638416290283203,0.29155976846031983,1.4079667339957473,Hammer,2008-09-26,19.829832077026367,2008-11-07,15.819199562072754,Time stop (5 bars),6,-0.20225246988349876,-0.2027056493011857,-20270.564909848006,79729.435090152
BRCM-201601,2013-08-16,25.042625427246094,2.3784246574417267,3.402162551879883,0.31249982480365396,1.6972840273354215,Hammer,2013-08-23,25.013629913330078,2013-10-04,24.87238883972168,Time stop (5 bars),6,-0.005646564456969538,-0.0060451381283600164,-481.9754475341074,79247.45964261789
BRCM-201601,2014-10-17,35.25455856323242,2.7565724185556064,1.9908905029296875,0.37128760298907837,1.1146799933463694,Hammer,2014-10-24,35.23484802246094,2014-12-05,42.15476989746094,RSI > 90,6,0.19639425918876685,0.1960826241530838,15539.04982865107,94786.50947126896
BRK.B,2016-10-14,144.17999267578125,9.987737806515767,3.7599945068359375,0.3989367530385731,1.0935540205315986,Hammer,2016-10-21,144.5,2016-11-18,157.47999572753906,RSI > 90,4,0.0898269600521735,0.08975465020268543,8975.46501129308,108975.46501129307
BRK.B,2020-03-13,196.39999389648438,2.645518710860898,27.860000610351562,0.2821249259926839,2.948008276295555,Hammer,2020-03-20,174.0,2020-05-01,187.77999877929688,Time stop (5 bars),6,0.07919539528331532,0.07913565000601637,8623.844249752729,117599.3092610458
BRK.B,2023-10-06,346.3399963378906,7.875037373791557,10.489990234375,0.34890439174250004,1.0563648101926,Hammer,2023-10-13,344.239990234375,2023-11-24,359.3500061035156,Time stop (5 bars),6,0.04389384237099536,0.043864155753900666,5158.3944128192525,122757.70367386503
BSC-200805,2002-06-14,55.63871765136719,9.869835871879673,3.7123947143554688,0.33333230577630907,1.1674674266012912,Hammer,2002-06-21,56.20549392700195,2002-08-02,55.782684326171875,Time stop (5 bars),6,-0.007522567124473856,-0.007699800706112788,-769.9800698412987,99230.0199301587
BSET,1991-08-23,3.832306385040283,0.6182579560339718,0.17159581184387207,0.16666643509673834,1.0715967072129322,Hammer,1991-08-30,3.832306385040283,1991-10-11,3.9467036724090576,Time stop (5 bars),6,0.029850767625295704,0.027205877481080647,2720.5877453874773,102720.58774538747
BSET,1993-10-29,6.760979652404785,4.3143955362819355,0.5587587356567383,0.29999948796810383,1.0791770629491877,Hammer,1993-11-05,6.928606986999512,1993-12-17,7.53233528137207,Time stop (5 bars),6,0.0871355952943158,0.08563050883700168,8796.016187877394,111516.60393326485
BSX,2012-07-27,5.21999979019165,1.5583447328000233,0.5799999237060547,0.2586208881011026,1.6980309356714514,Hammer,2012-08-03,5.179999828338623,2012-09-14,5.630000114440918,Time stop (5 bars),6,0.08687264498358549,0.08486023156596317,8486.023148110296,108486.02314811028
BSX,2016-11-18,21.34000015258789,0.38327479167590184,1.0939998626708984,0.3427788364474494,1.1903011263684558,Hammer,2016-11-25,21.389999389648438,2017-01-06,21.719999313354492,Time stop (5 bars),6,0.015427766859392955,0.014956762460151457,1622.5996768501782,110108.62282496045
BSX,2017-08-04,26.829999923706055,5.495013874770876,0.9099998474121094,0.3516480752543481,1.0836461563038993,Hammer,2017-08-11,26.799999237060547,2017-09-15,29.049999237060547,RSI > 90,5,0.08395522627062513,0.08356650116605789,9201.392348493693,119310.01517345413
BSX,2017-12-08,25.770000457763672,7.38180822478418,1.6899986267089844,0.2721890285605939,1.5036044197990384,Hammer,2017-12-15,25.639999389648438,2018-01-19,27.479999542236328,RSI > 90,5,0.07176287817427762,0.07135894701274842,8513.837042338888,127823.85221579303
BSX,2025-03-14,97.16000366210938,4.103199662149692,5.2740020751953125,0.2664008772208994,1.1991245352342221,Hammer,2025-03-21,96.76000213623047,2025-05-02,102.5,Time stop (5 bars),6,0.059322010510996837,0.05921560210067022,7569.1663642161075,135393.01858000914
BUD-200811,2008-09-19,66.76179504394531,9.688467915361386,4.672828674316406,0.1425522917595273,2.4014919892570803,Hammer,2008-09-26,66.44364166259766,2008-11-07,62.41705322265625,Time stop (5 bars),6,-0.0606015615517963,-0.06074749368749711,-6074.749362674962,93925.25063732505
BWA,2014-10-03,40.20146560668945,1.8964152257723157,3.104389190673828,0.3651549465038578,1.599414934901109,Hammer,2014-10-10,40.55710220336914,2014-11-21,40.860870361328125,Time stop (5 bars),6,0.00748988811961393,0.007242429312122414,724.2429304879984,100724.24293048799
BWA,2016-07-01,22.904443740844727,1.970738807291312,2.5974502563476562,0.31295509218599926,1.2093745965658047,Hammer,2016-07-08,22.473424911499023,2016-08-05,25.089778900146484,RSI > 90,4,0.11641990479647557,0.11594913784702769,11678.889116405768,112403.13204689375
BWA,2020-02-28,25.357099533081055,5.057988871704481,3.0881824493408203,0.27736571681622535,1.4915908791214494,Hammer,2020-03-06,25.27685546875,2020-04-17,20.911582946777344,Time stop (5 bars),6,-0.17269840100836442,-0.1730597869836244,-19452.462068875175,92950.66997801856
BXP,2008-10-10,38.86825942993164,1.5866907350249164,9.38287353515625,0.33768352100124244,1.9050557323166868,Hammer,2008-10-17,39.96522521972656,2008-11-28,22.9597225189209,Time stop (5 bars),6,-0.42550749075753647,-0.42570444893084997,-42570.444850514556,57429.55514948544
BXP,2015-07-02,78.79395294189453,4.8267744977990645,4.0868072509765625,0.37500046670873266,1.2716749790392574,Hammer,2015-07-10,78.27017211914062,2015-08-21,78.83921813964844,Time stop (5 bars),6,0.007270279406587088,0.007142060571350763,410.1653610531888,57839.720510538624
BXP,2018-12-28,79.59846496582031,5.2098530266087835,4.540809631347656,0.2170662983703898,1.1706654070510742,Hammer,2019-01-04,79.80469512939453,2019-02-01,87.66996002197266,RSI > 90,4,0.09855641801306891,0.09842494548867117,5692.871332636869,63532.5918431755
BXP,2021-12-03,86.62020111083984,7.999907995103044,5.74481201171875,0.3105338227638303,1.2452914900900598,Hammer,2021-12-10,88.66350555419922,2022-01-14,99.73350524902344,RSI > 90,5,0.12485407187128672,0.12473425175823817,7924.690297895351,71457.28214107086
C,1990-08-24,11.003124237060547,2.0353080867752595,1.4960384368896484,0.2903226217720292,1.7383446458284182,Hammer,1990-08-31,11.4857177734375,1990-10-12,7.383675575256348,Time stop (5 bars),6,-0.35714286900447434,-0.35785773171513696,-35785.77313572792,64214.22686427208
C,1998-10-09,92.5557861328125,2.8408691657127036,22.52680206298828,0.19565215182516757,1.424583538756976,Hammer,1998-10-16,96.63673400878906,1998-11-27,121.94420623779297,Time stop (5 bars),6,0.26188252830132064,0.2617655041941117,16809.069454752185,81023.29631902426
C,1999-06-04,172.9145965576172,7.30366199338404,16.326705932617188,0.13636333899383823,1.1167305279760356,Hammer,1999-06-11,172.9145965576172,1999-07-23,197.65200805664062,Time stop (5 bars),6,0.14306144184178593,0.14299947485005976,11586.288812654959,92609.58513167923
C,2002-06-28,211.95877075195312,3.058282443110926,24.8880615234375,0.39560434170578224,1.4233210620760295,Hammer,2002-07-05,213.05276489257812,2002-08-16,185.6053466796875,Time stop (5 bars),6,-0.12882920447772506,-0.12887311676593635,-11934.885866384931,80674.6992652943
C,2015-07-10,40.28190612792969,9.999923832595414,1.83099365234375,0.2782259408646955,1.268985278882654,Hammer,2015-07-17,40.63629150390625,2015-08-28,36.30371856689453,Time stop (5 bars),6,-0.10661831522188092,-0.10685125340060442,-8620.192725593322,72054.50653970099
C,2016-02-12,27.799135208129883,8.66174531103745,3.450824737548828,0.3519311573015201,1.3798885075720475,Hammer,2016-02-19,28.57668113708496,2016-03-24,32.16080093383789,RSI > 90,5,0.12542113549014244,0.12504932021355036,9010.367052102061,81064.87359180306
C,2020-03-13,40.90185546875,0.9838808169489681,10.32162857055664,0.3618013174151521,2.384093948546745,Hammer,2020-03-20,32.447418212890625,2020-05-01,35.396453857421875,Time stop (5 bars),6,0.09088660383338798,0.09056445733106627,7341.596278111534,88406.46986991458
C-199811,1998-09-04,48.24362564086914,1.4932297418246492,6.138969421386719,0.3333337475936653,1.4902422337988408,Hammer,1998-09-11,51.3441162109375,1998-10-23,46.1875,Time stop (5 bars),6,-0.1004324661028837,-0.10061743204524708,-10061.743194462964,89938.25680553705
CA-201811,1996-01-05,18.474754333496094,7.87935429298328,2.2630538940429688,0.21818183350583065,1.3795907249507606,Hammer,1996-01-12,18.68048667907715,1996-02-09,22.79513168334961,RSI > 90,4,0.22026433652186483,0.21967022185558535,21967.022163591508,121967.02216359152
CA-201811,2006-04-28,19.312864303588867,0.7619975599219941,1.0661659240722656,0.29285589057172196,1.4628624964647057,Hammer,2006-05-05,19.312864303588867,2006-06-16,16.548442840576172,Time stop (5 bars),6,-0.14313886431123468,-0.14361947156328583,-17516.83925376575,104450.18290982576
CA-201811,2006-06-16,16.29808807373047,9.632211595526229,0.9138584136962891,0.3156211844508218,1.1171579879063906,Hammer,2006-06-23,16.336238861083984,2006-08-04,15.65715217590332,Time stop (5 bars),6,-0.04156934107999466,-0.04216857063522251,-4404.514911490383,100045.66799833537
CA-201811,2008-01-25,16.904977798461914,1.709173655082651,1.7644672393798828,0.36244512690130354,1.5886125709020054,Hammer,2008-02-01,16.958911895751953,2008-03-14,17.105310440063477,Time stop (5 bars),6,0.008632543479879518,0.008040512421293571,804.4184354328097,100850.08643376819
CA-201811,2011-08-12,15.948473930358887,7.839841212000167,1.211573600769043,0.24183050265776782,1.2639341496760497,Hammer,2011-08-19,16.027860641479492,2011-09-30,15.87702751159668,Time stop (5 bars),6,-0.0094106838870599,-0.01003146808790395,-1011.6744227110262,99838.41201105715
CA-201811,2018-10-12,43.70000076293945,8.830992947419361,3.05999755859375,0.130718310561484,2.8752903925375857,Hammer,2018-10-19,44.0,2018-11-02,44.439998626708984,End of data,2,0.009999968788840574,0.00977158565410724,975.5795935605147,100813.99160461767
CAG,2003-01-31,8.085779190063477,7.989973235961955,0.34877681732177734,0.34788184371060843,1.010129825274076,Hammer,2003-02-07,8.10226058959961,2003-03-21,6.816710472106934,Time stop (5 bars),6,-0.15866560983521805,-0.15980121807786357,-15980.121791806236,84019.87820819375
CAH,2016-01-15,60.971771240234375,7.867139713791914,4.180362701416016,0.3788158491482009,1.4195028419511218,Hammer,2016-01-22,61.692264556884766,2016-03-04,62.10504913330078,Time stop (5 bars),6,0.006691026490612817,0.00652840250388481,652.8402497356408,100652.84024973564
CAH,2020-03-13,40.497310638427734,5.2549957990488,6.344181060791016,0.2949060453168772,1.7789403714286791,Hammer,2020-03-20,36.21966552734375,2020-05-01,43.5835075378418,Time stop (5 bars),6,0.20331060221797936,0.20300648476511363,20433.1792602902,121086.01951002584
CAL,1991-06-21,4.325889587402344,9.116213590462209,0.4163956642150879,0.2222217132648913,1.48142601884393,Hammer,1991-06-28,4.325889587402344,1991-07-26,4.649753093719482,RSI > 90,4,0.07486633668604936,0.0724709092630998,7247.09091906289,107247.0909190629
CAL,1993-07-09,6.376129150390625,3.524690077883534,0.23422527313232422,0.2222224484228613,1.0064526954633604,Hammer,1993-07-16,6.402154445648193,1993-08-06,6.792529582977295,RSI > 90,3,0.06097558886516019,0.05936724962006427,6366.964811250771,113614.05573031367
CAL,1995-03-10,6.782773971557617,6.390655235154682,0.24720048904418945,0.1997137439551558,1.0134071672351685,Hammer,1995-03-17,6.726250648498535,1995-04-28,6.471896648406982,Time stop (5 bars),6,-0.03781512366749684,-0.03927264246957133,-4461.924185752636,109152.13154456105
CAM-201604,2008-02-01,42.119998931884766,3.6827736137252174,7.930000305175781,0.35435072700526554,1.9060473713877173,Hammer,2008-02-08,41.90999984741211,2008-03-20,41.630001068115234,Time stop (5 bars),6,-0.006680953956485491,-0.006918735067460007,-691.8735060541271,99308.12649394586
CAM-201604,2014-10-17,57.349998474121094,0.39366995222995627,5.30999755859375,0.3935971965195002,1.5608580096965934,Hammer,2014-10-24,57.470001220703125,2014-12-05,50.630001068115234,Time stop (5 bars),6,-0.11901861853665374,-0.11918225327710731,-11835.766272440702,87472.36022150517
CAR,1996-07-19,30.81928253173828,2.534059122999949,2.7806873321533203,0.33333379061802715,1.1543264032299603,Hammer,1996-07-26,30.58755874633789,1996-09-06,31.63031768798828,Time stop (5 bars),6,0.03409095018984587,0.03375850154325574,3375.8501509497246,103375.85015094971
CAR,2002-02-08,22.968475341796875,1.3954041326928177,2.460906982421875,0.21468907724550157,1.054604936651442,Hammer,2002-02-15,22.82944107055664,2002-03-22,26.49994659423828,RSI > 90,5,0.16077947385297708,0.16030633341849554,16571.803485146775,119947.6536360965
CAR,2002-07-26,18.143983840942383,2.2411407270327715,2.9892406463623047,0.36744164678542873,1.4169786424249873,Hammer,2002-08-02,18.71402359008789,2002-09-13,19.65945816040039,Time stop (5 bars),6,0.05052011213736307,0.049972401915655024,5994.0723503487225,125941.7259864452
CAT,1990-08-24,2.383244037628174,0.15889417218794222,0.2580149173736572,0.31578932778164337,1.5662054723464394,Hammer,1990-08-31,2.4307732582092285,1990-10-12,2.294975757598877,Time stop (5 bars),6,-0.05586596781568787,-0.05985676216740365,-5985.676210754689,94014.32378924532
CAT,1993-09-24,4.47352933883667,9.115130485773818,0.2791481018066406,0.35897378957869275,1.5377258487788426,Hammer,1993-10-01,4.487844467163086,1993-10-29,5.155880928039551,RSI > 90,4,0.14885463740207383,0.14646321849907437,13769.640433417324,107783.96422266265
CAT,2008-07-11,43.96503829956055,2.9981507250188173,3.1929931640625,0.3826437473716405,1.0928655019339568,Hammer,2008-07-18,44.58222579956055,2008-08-29,44.35512924194336,Time stop (5 bars),6,-0.005093881104954345,-0.005317589362546208,-573.150861030341,107210.81336163232
CAT,2012-07-13,57.79194641113281,2.3757067679410255,4.295490264892578,0.3737701336634587,1.0219475723626377,Hammer,2012-07-20,57.63702392578125,2012-08-31,62.1156005859375,Time stop (5 bars),6,0.07770312127710266,0.07752289659207488,8311.29278947477,115522.10615110709
CAT,2013-03-01,65.51099395751953,9.811034581653473,3.3415260314941406,0.38626605522391977,1.0746408509686411,Hammer,2013-03-08,64.97319030761719,2013-04-19,60.40549087524414,Time stop (5 bars),6,-0.07030129520725636,-0.07044978339195787,-8138.507347189752,107383.59880391734
CB,2002-07-12,18.0655574798584,6.035480516838064,2.32708740234375,0.39473666955176123,1.2614557094428565,Hammer,2002-07-19,17.851219177246094,2002-08-30,20.33140754699707,RSI > 90,6,0.13893663761141473,0.13833770437241835,13833.770423408063,113833.77042340807
CB,2003-03-14,16.47821617126465,9.221109312106307,2.143406867980957,0.1300577301698535,1.3506495084170382,Hammer,2003-03-21,16.41626739501953,2003-05-02,20.56770133972168,Time stop (5 bars),6,0.2528853755124405,0.25219940977017524,28708.809683988336,142542.5801073964
CB,2004-10-22,22.199188232421875,7.897760944778071,2.531545639038086,0.30203072648217116,1.6387307982449402,Hammer,2004-10-29,22.61682891845703,2004-12-10,26.2149600982666,RSI > 90,6,0.1590908784243057,0.15861366438334398,22609.200938881302,165151.78104627773
CB,2007-03-16,36.85732650756836,3.7816230474930563,1.8841018676757812,0.24911015456382388,1.3763057776946692,Hammer,2007-03-23,36.93107986450195,2007-04-20,39.395381927490234,RSI > 90,4,0.06672705136242074,0.06644728059912589,10973.88672565353,176125.66777193127
CB-201601,1996-04-12,14.741852760314941,5.089563569933276,0.8268337249755859,0.19512155737383477,1.4505359865367513,Hammer,1996-04-19,14.721686363220215,1996-05-31,15.407353401184082,Time stop (5 bars),6,0.04657530537241272,0.04588045275761018,4588.045271172972,104588.04527117297
CB-201601,2003-03-14,16.787683486938477,0.35264282389557877,1.6617813110351562,0.18222282416568342,1.2764054266054226,Hammer,2003-03-21,16.787683486938477,2003-05-02,19.04732322692871,RSI > 90,6,0.1346010449713524,0.1339654702442303,14011.186652666347,118599.23192383932
CB-201601,2007-03-09,40.42876434326172,5.740067877423954,1.3852119445800781,0.2616289156626506,1.1249573206349768,Hammer,2007-03-16,40.348228454589844,2007-04-27,43.392513275146484,RSI > 90,6,0.07545027222156353,0.07519311184658177,8917.845302050097,127517.07722588941
CBB-199801,1994-12-09,38.0937385559082,3.1026228103141165,3.516345977783203,0.3888894313123719,1.457055556908631,Hammer,1994-12-16,37.89838790893555,1995-01-06,43.75896072387695,RSI > 90,3,0.15463910573250583,0.15435487795966024,15435.487780530537,115435.48778053053
CBB-199801,1995-09-29,39.68574142456055,6.898977449008058,5.58392333984375,0.39285704526326143,2.186861978464987,Hammer,1995-10-06,39.68574142456055,1995-11-17,41.60565185546875,RSI > 90,6,0.048377839546170476,0.048119797271571035,5554.732264389313,120990.22004491984
CBE-201211,1992-07-10,12.481820106506348,2.842500201264258,0.9466543197631836,0.1851851478734968,1.2341399361147372,Hammer,1992-07-17,12.446759223937988,1992-08-07,13.638842582702637,RSI > 90,3,0.09577459781434494,0.09493304018376325,9493.30400888302,109493.30400888302
CBE-201211,1994-10-28,11.472323417663574,4.058079349498428,0.7170200347900391,0.3157890536676199,1.5301989268285778,Hammer,1994-11-04,11.510061264038086,1994-12-16,9.791626930236816,Time stop (5 bars),6,-0.14929845240444795,-0.15010205279577868,-16435.169682690437,93058.13432619258
CBE-201211,1995-09-29,11.02966594696045,1.121719018723212,0.5084600448608398,0.1538471637916644,1.1627053436890593,Hammer,1995-10-06,10.990553855895996,1995-11-17,10.560318946838379,Time stop (5 bars),6,-0.039145880607901584,-0.04003753833842171,-3725.8186170611143,89332.31570913146
CBE-201211,1997-10-31,17.346609115600586,4.161347325866316,1.747140884399414,0.3333333333333333,1.972977019125101,Hammer,1997-11-07,17.346609115600586,1997-12-19,16.830215454101562,Time stop (5 bars),6,-0.02976914151104071,-0.030336878729347896,-2710.0636255696772,86622.25208356179
CBE-201211,2002-07-05,14.778172492980957,0.37100064623724904,1.368779182434082,0.37570518139805154,1.182383201352919,Hammer,2002-07-12,14.778172492980957,2002-08-23,11.812483787536621,Time stop (5 bars),6,-0.2006803416899431,-0.2012889118933836,-17436.098850218434,69186.15323334337
CBE-201211,2007-08-10,44.251705169677734,2.3653179324817586,3.2419776916503906,0.25875992069328657,1.4882477662156839,Hammer,2007-08-17,44.66241455078125,2007-09-28,43.673309326171875,Time stop (5 bars),6,-0.02214625506833623,-0.022367652899934854,-1547.5318594575983,67638.62137388576
CBOE,2018-12-28,86.83556365966797,5.347653726993229,8.206283569335938,0.13418103520407879,1.4701872810955068,Hammer,2019-01-04,86.62798309326172,2019-02-15,85.7885971069336,Time stop (5 bars),6,-0.009689547838421464,-0.009804418086512742,-980.4418076708325,99019.55819232916
CBRE,2008-10-10,9.25,3.9691443014564243,3.390000343322754,0.38643076311098096,1.1307247998422927,Hammer,2008-10-17,9.720000267028809,2008-11-28,3.7100000381469727,Time stop (5 bars),6,-0.6183127637628102,-0.6190231427850718,-61902.314216604864,38097.685783395136
CBRE,2011-06-17,23.979999542236328,4.186842210106576,2.1999988555908203,0.30454564764490005,1.2784072346626851,Hammer,2011-06-24,23.829999923706055,2011-08-05,22.110000610351562,Time stop (5 bars),6,-0.07217789839954802,-0.07258230832356133,-2765.2179731793276,35332.46781021581
CBRE,2016-01-22,28.75,2.580387713461519,2.4099998474121094,0.269709402358781,1.1783143290419935,Hammer,2016-01-29,28.540000915527344,2016-03-11,27.670000076293945,Time stop (5 bars),6,-0.030483560312714264,-0.03082854478924601,-1089.2485653125827,34243.21924490322
CBRE,2022-01-28,98.33000183105469,6.240527460005097,6.459999084472656,0.3900924148926747,1.1446085464585212,Hammer,2022-02-04,97.72000122070312,2022-03-18,88.58999633789062,Time stop (5 bars),6,-0.09343025755998657,-0.09352780525600218,-3202.693137673201,31040.52610723002
CBS-199511,1994-04-22,56.301185607910156,6.654093501186949,3.9579010009765625,0.2249995180908688,1.350852956888738,Hammer,1994-04-29,56.499080657958984,1994-06-10,54.41231918334961,Time stop (5 bars),6,-0.036934432389129745,-0.037108142459690414,-3710.814242258227,96289.18575774178
CBS-199511,1994-10-28,58.69381332397461,6.386833175616019,4.591270446777344,0.3243240548566187,1.2054554330091194,Hammer,1994-11-04,58.19746017456055,1994-12-16,51.21290969848633,Time stop (5 bars),6,-0.12001469574659074,-0.12017619968462154,-11571.668403520325,84717.51735422145
CBS-200005,1996-07-19,16.836698532104492,2.3299930492652976,2.335017204284668,0.26315826016778826,2.0313545334961063,Hammer,1996-07-26,16.836698532104492,1996-09-06,16.024263381958008,Time stop (5 bars),6,-0.048253827708402586,-0.04883326634654554,-4883.326629771227,95116.67337022877
CBS-200005,1998-05-22,32.1875,5.58651219090757,2.5,0.3,1.203317690946471,Hammer,1998-05-29,32.1875,1998-07-10,33.5,Time stop (5 bars),6,0.040776699029126284,0.04045973441018869,3848.395338691729,98965.0687089205
CBSS-200709,2007-08-17,67.95999908447266,5.122509967767797,3.4300003051757812,0.320699235058733,1.9412209918073837,Hammer,2007-08-24,67.72000122070312,2007-09-06,64.36000061035156,End of data,2,-0.04961607427325854,-0.049760067177693434,-4976.006712793336,95023.99328720666
CCB-199602,1995-04-21,84.88777160644531,2.1677061137397686,6.990753173828125,0.3928572987650225,1.974356862930212,Hammer,1995-04-28,84.63810729980469,1995-05-26,89.88117218017578,RSI > 90,4,0.06194685878075146,0.061825056372702046,6182.505631087699,106182.50563108771
CCEP,2014-04-17,23.41466522216797,7.672345114724465,0.8031139373779297,0.3612927281665689,1.0280722725339644,Hammer,2014-04-25,23.492387771606445,2014-05-16,24.34731674194336,RSI > 90,3,0.036391744366241374,0.035958421359411796,3595.8421323453376,103595.84213234535
CCEP,2014-10-17,21.531902313232422,3.3695104424167255,1.3460712432861328,0.19844302841458974,1.3836634343545169,Hammer,2014-10-24,21.50047492980957,2014-12-05,22.983482360839844,Time stop (5 bars),6,0.06897556616175682,0.06849453154780046,7095.748670059136,110691.59080240448
CCI,2013-06-14,42.480995178222656,6.66656435113272,1.9688377380371094,0.19018482171747214,1.0401587385575752,Hammer,2013-06-21,42.722572326660156,2013-07-19,46.87766647338867,RSI > 90,4,0.09725758353121483,0.0970121614923148,9701.216139530265,109701.21613953025
CCI-199810,1994-10-07,38.896080017089844,8.548474608526874,1.9621200561523438,0.29411810451086595,1.1724576885177371,Hammer,1994-10-14,39.12691879272461,1994-10-28,41.78154754638672,RSI > 90,2,0.0678466088200056,0.06758239399581391,6758.23939282315,106758.23939282315
CCI-199810,1997-10-31,123.53789520263672,5.801805668574872,20.47412872314453,0.3955749491817848,2.4613408426753014,Hammer,1997-11-07,125.76046752929688,1997-12-19,126.93348693847656,Time stop (5 bars),6,0.00932740973554691,0.009247525827459437,987.24957509198,107745.48896791512
CCK,1998-09-04,27.781448364257812,2.644340356490389,3.4726810455322266,0.3939396435956796,1.5714072292079042,Hammer,1998-09-11,28.09714698791504,1998-10-23,23.782604217529297,Time stop (5 bars),6,-0.15355803819659997,-0.15388656148747126,-15388.656133358472,84611.34386664153
CCL,2002-07-26,15.808424949645996,5.309905486983581,1.8884220123291016,0.2575249197789667,1.3847723598910013,Hammer,2002-08-02,16.105266571044922,2002-09-13,15.219600677490234,Time stop (5 bars),6,-0.05499231506959312,-0.055595969787642904,-5559.596973204694,94440.40302679532
CCL,2005-02-25,35.87610626220703,9.508007279659452,4.128208160400391,0.07142863743260164,2.791146152639058,Hammer,2005-03-04,35.81058120727539,2005-04-15,33.41883850097656,Time stop (5 bars),6,-0.06678871511342332,-0.06705859922806297,-6333.0411311775715,88107.36189561774
CCL,2007-07-13,32.83481979370117,6.343700578880089,1.5065631866455078,0.23287794366942532,1.1303787224029826,Hammer,2007-07-20,32.73851013183594,2007-08-31,31.56939697265625,Time stop (5 bars),6,-0.03571064029706117,-0.036010591241812495,-3172.798191444738,84934.563704173
CCL,2014-10-17,29.30287742614746,4.607828549798086,2.274076461791992,0.33210402668520833,1.412737786982126,Hammer,2014-10-24,29.672101974487305,2014-11-21,34.841224670410156,RSI > 90,4,0.17420817373731623,0.173841863007986,14765.182773338714,99699.74647751171
CCL,2016-01-22,42.80294418334961,9.440837136871622,3.7993316650390625,0.38409111902744253,1.597051961567969,Hammer,2016-01-29,42.785675048828125,2016-03-11,41.3254508972168,Time stop (5 bars),6,-0.034128809465899135,-0.034358517362338185,-3425.535466942766,96274.21101056895
CCL,2022-03-11,17.026525497436523,7.612019916882758,3.2549266815185547,0.3100305358451913,1.135931262491144,Hammer,2022-03-18,17.11556625366211,2022-04-29,18.53032112121582,Time stop (5 bars),6,0.0826589577339285,0.08205072465130837,7899.368770750785,104173.57978131973
CCTYQ-201109,1998-05-01,12.496920585632324,6.822808950014348,1.1378364562988281,0.20338980209670876,1.20350658438163,Hammer,1998-05-08,12.57406234741211,1998-06-12,14.039750099182129,RSI > 90,5,0.11656437762706617,0.11572307311677324,11572.307300105018,111572.307300105
CCU-200807,2004-06-18,33.01436996459961,3.3616489647622956,2.127103805541992,0.20833471572746062,1.1253802029869855,Hammer,2004-06-25,33.023231506347656,2004-08-06,31.7275447845459,Time stop (5 bars),6,-0.039235612709576984,-0.039532444283334404,-3953.2444243801956,96046.7555756198
CCU-200807,2007-11-09,35.57841110229492,3.1379781387819463,4.9632720947265625,0.3867735717382014,4.032406839084856,Hammer,2007-11-16,35.588356018066406,2007-12-28,34.81253433227539,Time stop (5 bars),6,-0.021799874245305717,-0.022077763203676267,-2120.4975239594096,93926.25805166038
CCU-200807,2008-02-01,31.770000457763672,6.597930870750062,5.229999542236328,0.23518157741757373,2.596214138696293,Hammer,2008-02-08,31.729999542236328,2008-03-20,33.04999923706055,Time stop (5 bars),6,0.04160099949157403,0.04127933555129674,3877.2135193149625,97803.47157097534
CDNS,2020-03-13,62.470001220703125,6.390337177224694,8.669998168945312,0.28719704609492835,1.7836976203525663,Hammer,2020-03-20,55.7599983215332,2020-04-24,77.7300033569336,RSI > 90,5,0.39401014520683897,0.393795493524129,39379.54931303335,139379.54931303335
CDNS,2026-02-06,283.5199890136719,5.2082209211666,33.59100341796875,0.38165002589237856,1.506461934676149,Hammer,2026-02-13,283.489990234375,2026-03-27,289.20001220703125,Time stop (5 bars),6,0.02014188214524082,0.020106252911008465,2802.400466307824,142181.9497793412
CDW,2020-03-13,93.44149780273438,2.452700177155762,13.162979125976562,0.2957245646838981,1.7328115804707769,Hammer,2020-03-20,81.22860717773438,2020-05-01,96.64229583740234,Time stop (5 bars),6,0.18975689963440634,0.18962211817044639,18962.211798082426,118962.21179808243
CE,2022-02-25,132.31333923339844,5.079639236384281,11.303947448730469,0.3786246373084796,1.1835065178331496,Hammer,2022-03-04,129.58802795410156,2022-04-14,134.78579711914062,Time stop (5 bars),6,0.04010994879002294,0.04003123661001608,4003.123656998484,104003.12365699849
CEG-201203,1990-07-27,7.210995197296143,6.117036534798075,0.28972768783569336,0.22222240509016578,1.1034098301998325,Hammer,1990-08-03,7.146611213684082,1990-09-14,6.669640064239502,Time stop (5 bars),6,-0.06674088392150013,-0.06809250879197645,-6809.250872388395,93190.7491276116
CEG-201203,1997-04-18,15.310057640075684,0.2695818160076442,0.8175268173217773,0.3636360454902308,1.6748462071215942,Hammer,1997-04-25,15.235736846923828,1997-06-06,15.681660652160645,Time stop (5 bars),6,0.02926827955333522,0.028602541308545917,2665.4922488313578,95856.24137644295
CELG-201911,2007-12-21,24.0,0.8937216182587662,4.880001068115234,0.30942620868421894,1.9423233199972019,Hammer,2007-12-28,23.6200008392334,2008-02-08,29.899999618530273,Time stop (5 bars),6,0.26587631482491925,0.2653967642991342,26539.67640337375,126539.67640337374
CELG-201911,2010-04-23,29.905000686645508,6.268743801308133,2.104999542236328,0.33254109634966916,1.3439618213835407,Hammer,2010-04-30,30.200000762939453,2010-06-11,27.1200008392334,Time stop (5 bars),6,-0.10198674986411715,-0.10230093844253046,-12945.127633334134,113594.54877003962
CELG-201911,2010-12-10,28.729999542236328,6.5679356675245515,2.0749988555908203,0.2240965826728082,1.3278157583778263,Hammer,2010-12-17,28.790000915527344,2011-01-28,27.934999465942383,Time stop (5 bars),6,-0.02969786114608397,-0.030039986875587107,-3412.3787507778516,110182.17001926176
CELG-201911,2011-08-12,27.21500015258789,3.77558414789101,1.6000003814697266,0.24687522724265404,1.0627954509198567,Hammer,2011-08-19,27.334999084472656,2011-09-16,29.489999771118164,RSI > 90,4,0.07883668406155664,0.07845650177302785,8644.50760882776,118826.67762808951
CELG-201911,2014-10-17,88.12000274658203,8.20783295435848,7.7299957275390625,0.3583438776295764,1.567614000040135,Hammer,2014-10-24,88.83999633789062,2014-11-07,106.52999877929688,RSI > 90,2,0.1991220527984352,0.19899829107051334,23646.305757930306,142472.9833860198
CEN-200711,1991-01-11,2.507648468017578,2.5900785938909365,0.4776473045349121,0.25000024957597045,1.2126389537081805,Hammer,1991-01-18,2.507648468017578,1991-02-08,3.502747058868408,RSI > 90,3,0.39682539380709336,0.3920558738676446,39205.587347558874,139205.58734755887
CEN-200711,1991-06-28,3.3833353519439697,4.888438746525466,0.5970590114593506,0.13333309374035388,1.7326888316847282,Hammer,1991-07-05,3.3833353519439697,1991-08-16,3.1445116996765137,Time stop (5 bars),6,-0.0705882294908291,-0.0734353676429046,-10222.613474591843,128982.97387296702
CEN-200711,1999-10-22,14.970809936523438,6.18772370389145,2.9005937576293945,0.12903235351848583,1.302872013658005,Hammer,1999-10-29,14.970809936523438,1999-12-10,15.62578296661377,Time stop (5 bars),6,0.04375000637022519,0.04306765596145509,5554.994338091301,134537.9682110583
CF,2013-03-01,28.55565071105957,4.300483920543314,1.9018192291259766,0.12965787818886954,1.1449367544683737,Hammer,2013-03-08,28.48479461669922,2013-04-19,25.583879470825195,Time stop (5 bars),6,-0.10184083069264471,-0.10217396036150429,-10217.396025933034,89782.60397406695
CF,2016-01-22,22.327451705932617,2.5109563019178722,4.501262664794922,0.36092718599229306,1.3484442388787619,Hammer,2016-01-29,21.977188110351562,2016-02-26,25.11097526550293,RSI > 90,4,0.14259272566699788,0.14210537820301683,12758.590881027874,102541.19485509483
CFC-200806,1997-10-31,7.166942596435547,8.417231966628307,0.8093814849853516,0.24193529382654372,1.964574110690148,Hammer,1997-11-07,7.284433364868164,1997-11-28,8.433233261108398,RSI > 90,3,0.15770614386847726,0.15622612063768143,15622.61204814553,115622.61204814553
CFC-200806,2005-10-14,27.829120635986328,3.3994582374742635,1.8027324676513672,0.3065330301718985,1.0660487343212877,Hammer,2005-10-21,28.01030158996582,2005-11-18,31.079395294189453,RSI > 90,4,0.10957017704240224,0.10919367383570489,12625.25777539219,128247.86982353772
CFG,2016-07-01,13.520244598388672,3.2985779580230314,1.2247352600097656,0.31460768648557735,1.08932876256007,Hammer,2016-07-08,13.286306381225586,2016-08-05,15.391899108886719,RSI > 90,4,0.1584784113240436,0.15766642251368365,15766.642235601721,115766.64223560173
CFG,2020-03-13,17.98786163330078,0.7201158866779167,4.097827911376953,0.34693885150262377,1.9643140623803819,Hammer,2020-03-20,14.91639232635498,2020-05-01,15.843914985656738,Time stop (5 bars),6,0.062181433620713156,0.0614904185369605,7118.539276567179,122885.18151216891
CFL-199804,1994-10-07,23.227867126464844,8.076005516106534,1.0956535339355469,0.2999993036672365,1.1667481286770855,Hammer,1994-10-14,23.446996688842773,1994-11-25,22.241777420043945,Time stop (5 bars),6,-0.05140186117620471,-0.05181730514984106,-5181.730509802375,94818.26949019764
CFL-199804,1997-04-04,47.74458312988281,8.896915469654104,2.7942123413085938,0.1304352574656717,1.0697177017741017,Hammer,1997-04-11,47.74458312988281,1997-05-16,51.14623260498047,RSI > 90,5,0.07124681486576012,0.07102992848905272,6734.934894609532,101553.20438480718
CG-200011,1994-12-02,15.146526336669922,2.0353873657743833,0.9368982315063477,0.33333367263532804,1.1196411517896896,Hammer,1994-12-09,15.146526336669922,1995-01-20,14.756152153015137,Time stop (5 bars),6,-0.025773182245072523,-0.02642467661398549,-2642.4676587560816,97357.53234124392
CG-200011,1999-01-29,50.41157531738281,5.465782231434048,3.3485946655273438,0.3818177882786103,1.2122222745082842,Hammer,1999-02-05,50.2898063659668,1999-03-19,53.116355895996094,RSI > 90,6,0.056205218001040835,0.05600080273765971,5452.099958215227,102809.63229945915
CGP-200101,1994-10-07,13.114627838134766,2.2062984045299316,0.8901338577270508,0.3333329762056541,1.3389176947643346,Hammer,1994-10-14,13.233311653137207,1994-11-25,12.580547332763672,Time stop (5 bars),6,-0.04932735943075783,-0.05006411223265572,-5006.411218259162,94993.58878174084
CGP-200101,1997-10-31,29.472421646118164,7.379708969917772,2.971752166748047,0.36082446436387955,2.324960216697422,Hammer,1997-11-07,29.809423446655273,1997-12-19,29.520130157470703,Time stop (5 bars),6,-0.009704759627514048,-0.010038540229364908,-953.5969615636554,94039.99182017718
CGP-200101,1999-07-30,39.57911682128906,9.88090711949846,2.9157028198242188,0.31914843510821184,1.1212432425610697,Hammer,1999-08-06,39.5170783996582,1999-08-27,44.04572296142578,RSI > 90,3,0.1145996805727103,0.11433215925725845,10751.795310583984,104791.78713076118
CHA-200006,1990-11-09,22.660093307495117,6.431564852557614,1.5184593200683594,0.3076924043159865,1.202590884828062,Hammer,1990-11-16,22.543289184570312,1990-12-21,24.324066162109375,RSI > 90,5,0.07899366250236062,0.07853265332213309,7853.265324360043,107853.26532436005
CHA-200006,2000-02-11,50.61471939086914,2.01414554251069,6.6221466064453125,0.3568097348089468,1.1641935435993123,Hammer,2000-02-18,50.24163818359375,2000-03-31,52.01715850830078,Time stop (5 bars),6,0.03533961846982181,0.03513708356479651,3789.6491926485596,111642.91451700861
CHRS-201206,1992-05-01,13.100003242492676,3.713457324280853,1.2736120223999023,0.23809509546761873,1.0476552671186972,Hammer,1992-05-08,13.039355278015137,1992-06-19,14.919447898864746,Time stop (5 bars),6,0.14418601079299664,0.1433641280839269,14336.41279405628,114336.41279405628
CHRS-201206,1995-05-19,4.479230880737305,3.631652234063978,0.6221153736114502,0.1999999233522947,1.0890119485598024,Hammer,1995-05-26,4.479230880737305,1995-07-07,5.375,Time stop (5 bars),6,0.19998279684909814,0.19752977552240936,22584.845930662625,136921.2587247189
CHRW,2019-05-03,70.90547943115234,7.1851953558892205,8.214553833007812,0.3641977601890224,2.180688277143586,Hammer,2019-05-10,69.98429870605469,2019-06-21,71.2268295288086,Time stop (5 bars),6,0.01775442271662575,0.01761027536410046,1761.0275346490184,101761.02753464902
CHRW,2026-05-15,163.03167724609375,9.959515416274769,21.780410766601562,0.3962481461061047,1.5395868519341895,Hammer,2026-05-22,164.45680236816406,2026-06-18,192.22000122070312,RSI > 90,4,0.16881757672988496,0.1687516399121711,17172.34025844728,118933.36779309629
CHTR,2020-03-13,454.19000244140625,5.2302327723259765,64.95999145507812,0.3760775229269443,2.4650939767543605,Hammer,2020-03-20,414.9800109863281,2020-05-01,511.80999755859375,RSI > 90,6,0.23333650780460302,0.23330959916394536,23330.959893063577,123330.95989306357
CI,1990-10-12,2.31404185295105,3.455628858722818,0.22734451293945312,0.32142872124435795,1.4928748027409087,Hammer,1990-10-19,2.3302807807922363,1990-11-30,2.3952362537384033,Time stop (5 bars),6,0.02787452631527243,0.023532704674391874,2353.270465085917,102353.27046508591
CI,2002-07-26,23.54319190979004,9.719633765556424,2.83087158203125,0.28542668334016086,1.723980437884131,Hammer,2002-08-02,23.68544578552246,2002-09-13,21.964160919189453,Time stop (5 bars),6,-0.07267268186208808,-0.07307945498395903,-7479.921213934309,94873.3492511516
CI,2004-07-30,18.457902908325195,4.255469954137823,1.0001373291015625,0.32440498893889697,1.07866635027729,Hammer,2004-08-06,18.440044403076172,2004-09-10,20.67547035217285,RSI > 90,5,0.12122671183610412,0.1206516992024988,11446.630784736928,106319.98003588853
CI,2007-08-10,42.450531005859375,2.6590070688656198,6.260112762451172,0.3719597989337321,2.4712194375717327,Hammer,2007-08-17,41.97587203979492,2007-09-14,46.78520202636719,RSI > 90,4,0.1145736765638321,0.11432182690304375,12154.694341843224,118474.67437773175
CI,2011-08-12,39.467308044433594,3.899071049303288,3.6682357788085938,0.13267908062137715,1.4003257396760647,Hammer,2011-08-19,39.692626953125,2011-09-30,38.51194381713867,Time stop (5 bars),6,-0.029745653704922437,-0.029993811403192665,-3553.5070357868417,114921.16734194489
CI,2014-10-17,80.4194564819336,8.657966354852093,4.8952484130859375,0.39298817075261444,1.4066249601013958,Hammer,2014-10-24,80.65428924560547,2014-11-07,89.99320220947266,RSI > 90,2,0.11578941493649109,0.115658258969539,13291.582120224808,128212.7494621697
CI,2016-02-12,117.72340393066406,5.269627423733596,7.923515319824219,0.22919047788697908,1.226563703087577,Hammer,2016-02-19,119.06055450439453,2016-04-01,124.95081329345703,Time stop (5 bars),6,0.04947279822088424,0.049386733329709366,6332.008860825004,134544.7583229947
CI,2021-12-03,183.12648010253906,7.379523146206594,12.058151245117188,0.3829784003148399,1.1574597341582904,Hammer,2021-12-10,186.671875,2021-12-31,209.58338928222656,RSI > 90,3,0.12273683050661255,0.12267997459367448,16505.947516271117,151050.7058392658
CI,2024-12-20,268.30120849609375,5.819978819655134,21.939895629882812,0.34246338116622493,1.1208936890305101,Hammer,2024-12-27,267.3226318359375,2025-01-31,285.8184814453125,RSI > 90,5,0.06918923954304912,0.06915053817077915,10445.237589416047,161495.94342868184
CI,2025-05-16,312.47882080078125,6.940716898969924,31.1514892578125,0.22862892007225905,1.6607574276314359,Hammer,2025-05-23,312.09906005859375,2025-07-03,318.8854064941406,Time stop (5 bars),6,0.021744206580669667,0.02171181763631866,3506.3704692224046,165002.31389790427
CIC-199505,1990-10-12,14.679615020751953,2.4682214327028333,1.545222282409668,0.3125003471615761,1.1544418731308357,Hammer,1990-10-19,14.679615020751953,1990-11-23,18.735824584960938,RSI > 90,5,0.2763157997314569,0.2755407314724271,27554.07311968864,127554.07311968863
CIC-199505,1994-07-01,15.875,1.900531033677467,2.0,0.125,1.3700890326317263,Hammer,1994-07-08,15.875,1994-08-19,19.0,RSI > 90,6,0.1968503937007875,0.19615869017632231,25020.839884792127,152574.91300448077
CIC-199505,1994-10-07,13.5,7.429523618370965,1.5,0.0,1.1316765802224635,Hammer,1994-10-14,13.5,1994-11-11,15.0,RSI > 90,4,0.11111111111111116,0.11032950758978144,16833.51500550459,169408.42800998533
CIEN,2003-03-14,34.15999984741211,6.474849364992664,7.489999771118164,0.3831774391972125,1.034280280705385,Hammer,2003-03-21,32.970001220703125,2003-05-02,29.75,Time stop (5 bars),6,-0.09766457693308073,-0.09795302808586985,-9795.302798791683,90204.69720120833
CIEN,2008-01-25,24.790000915527344,0.2488543856524501,5.130001068115234,0.39571155243274275,1.323077343350116,Hammer,2008-02-01,24.610000610351562,2008-03-14,26.889999389648438,Time stop (5 bars),6,0.09264521425236594,0.09222013906196096,8318.689711618823,98523.38691282715
CIN-200603,2004-05-14,33.089603424072266,2.1581294908116178,1.4506568908691406,0.29113997280958026,1.2604941696335947,Hammer,2004-05-21,33.089603424072266,2004-07-02,35.45839309692383,Time stop (5 bars),6,0.071587127911249,0.07127414831433916,7127.414824306501,107127.41482430651
CIN-200603,2005-08-19,41.50345230102539,2.860503016336537,1.4412269592285156,0.18243345182354045,1.1836505751110635,Hammer,2005-08-26,42.04878616333008,2005-09-23,43.119964599609375,RSI > 90,4,0.02547465774918023,0.025233838212755794,2703.235851124091,109830.6506754306
CINF,2001-06-29,15.557817459106445,6.7477303139312,2.698000907897949,0.19708037195406672,2.9966622061093666,Hammer,2001-07-06,15.628714561462402,2001-08-17,15.691733360290527,RSI > 90,6,0.004032244531710694,0.0033913116821780334,339.13116787867216,100339.13116787866
CINF,2011-03-18,19.985788345336914,8.704932058472977,0.7969799041748047,0.3615390322295003,1.1604411202314289,Hammer,2011-03-25,20.221647262573242,2011-05-06,19.706485748291016,Time stop (5 bars),6,-0.025475744265191502,-0.025963844005623682,-2605.1895466974256,97733.94162118122
CINF,2011-08-12,16.055843353271484,5.856577262520219,1.5546045303344727,0.2510120414374148,1.9763080037482896,Hammer,2011-08-19,16.206897735595703,2011-09-23,17.243335723876953,RSI > 90,5,0.06395042439275045,0.06331387016015715,6187.914083855931,103921.85570503716
CITGQ-200912,2007-11-23,26.7691593170166,0.8495040300394976,5.9163055419921875,0.1399046632845968,1.5158181788438243,Hammer,2007-11-30,26.665695190429688,2008-01-11,20.551868438720703,Time stop (5 bars),6,-0.22927685582722912,-0.2296088162676168,-22960.8816038008,77039.11839619919
CKL-199505,1992-08-28,20.375,1.0043701007774075,1.625,0.38461538461538464,1.070345447166141,Hammer,1992-09-04,20.125,1992-10-16,18.125,Time stop (5 bars),6,-0.0993788819875776,-0.09985096870342773,-9985.096860357677,90014.90313964231
CL,2002-06-28,14.548761367797852,7.441862207062059,1.7295722961425781,0.3025213003173819,2.144231804054561,Hammer,2002-07-05,14.606898307800293,2002-08-16,15.611157417297363,Time stop (5 bars),6,0.068752385916234,0.0680444859766306,6804.44859085861,106804.4485908586
CL,2011-08-05,29.829557418823242,8.483759205076552,1.2158699035644531,0.33527748930923373,1.3278450016212715,Hammer,2011-08-12,29.343917846679688,2011-09-09,30.81146812438965,RSI > 90,4,0.05001207696183685,0.049662828637303764,5304.211022765319,112108.65961362392
CL,2015-08-28,49.19826126098633,4.18818977553191,9.82412338256836,0.12569199735180084,4.581364148482957,Hammer,2015-09-04,48.833255767822266,2015-10-16,51.5125617980957,RSI > 90,6,0.054866422239225665,0.05465604756573121,6127.416226245181,118236.07583986911
CL,2022-02-25,70.56084442138672,2.122181022271178,3.9190521240234375,0.3824886407438123,1.5867789313983787,Hammer,2022-03-04,69.6488037109375,2022-04-14,72.57454681396484,RSI > 90,6,0.0420070833545112,0.04186050075782858,4949.421337348098,123185.4971772172
CLX,1992-06-12,4.2881598472595215,1.3830883281261777,0.2464456558227539,0.2999996130285546,1.2014305683885884,Hammer,1992-06-19,4.263514995574951,1992-07-10,4.670151233673096,RSI > 90,3,0.0953758198388388,0.09292136457511016,9292.13644821888,109292.13644821887
CLX,2005-05-13,31.07689094543457,6.005200049119054,1.2168998718261719,0.3511111180772595,1.0078479224685233,Hammer,2005-05-20,30.990354537963867,2005-07-01,30.070920944213867,Time stop (5 bars),6,-0.029668379321820093,-0.029986222374440236,-3277.258304036697,106014.87814418218
CLX,2014-08-01,63.35665512084961,9.680128192201508,2.3581199645996094,0.21988071184647515,1.3983352702534073,Hammer,2014-08-08,63.17908477783203,2014-09-19,63.29273223876953,Time stop (5 bars),6,0.0017988146130500926,0.0016404045623505678,173.90728961084864,106188.78543379303
CLX,2025-04-11,134.1773681640625,9.044744184136206,9.021675109863281,0.1987384237823777,1.3189926541118304,Hammer,2025-04-17,135.1165313720703,2025-05-30,125.8860092163086,Time stop (5 bars),6,-0.0683152687685834,-0.06838674829932945,-7261.9057344104,98926.87969938264
CLX,2025-11-21,101.50206756591797,6.316571622863464,7.2375946044921875,0.2982450777212996,1.3036602349394175,Hammer,2025-11-28,101.09184265136719,2026-01-09,97.92723083496094,Time stop (5 bars),6,-0.03130432420071683,-0.031401691023664434,-3106.471307148764,95820.40839223386
CMA-202601,1998-09-04,22.535202026367188,9.679427949100102,2.759927749633789,0.3211008730494949,1.539364591613045,Hammer,1998-09-11,23.193532943725586,1998-10-23,24.95810890197754,Time stop (5 bars),6,0.07608051617376876,0.07563305673286151,7563.305665722846,107563.30566572284
CMA-202601,2014-02-07,29.951705932617188,7.322695134921304,1.4730339050292969,0.20444416245626665,1.288879655260394,Hammer,2014-02-14,29.899330139160156,2014-03-28,34.57575607299805,RSI > 90,6,0.15640570916045426,0.1560451584142706,16784.7330553856,124348.03872110846
CMA-202601,2020-03-13,29.27113151550293,0.6101842307623002,5.661962509155273,0.24465260052302526,1.539686464651891,Hammer,2020-03-20,23.858963012695312,2020-05-01,24.517505645751953,Time stop (5 bars),6,0.027601477595913693,0.027176652625199967,3379.363449569116,127727.40217067757
CMA-202601,2022-03-11,72.55340576171875,5.506342758828239,6.155998229980469,0.3842038273396631,1.0904803132732779,Hammer,2022-03-18,73.57493591308594,2022-04-29,66.62356567382812,Time stop (5 bars),6,-0.09448013991435156,-0.09460962629106824,-12084.241774412541,115643.16039626501
CMA-202601,2023-03-17,37.85284423828125,0.37356999498399546,18.94540023803711,0.38883578784972606,3.1697041389474547,Hammer,2023-03-24,38.85149002075195,2023-05-05,37.70521926879883,Time stop (5 bars),6,-0.029503907091873782,-0.029757467834474964,-3441.247622327637,112201.91277393737
CMB-199603,1990-09-28,8.959304809570312,1.6461830417936483,1.9062347412109375,0.3499998999415659,1.3957633465459809,Hammer,1990-10-05,9.149928092956543,1990-11-16,8.409255027770996,Time stop (5 bars),6,-0.08094851212609033,-0.08199660964711307,-8199.660956511645,91800.33904348836
CMCSA,1991-06-28,0.9133642911911011,0.27690285430909967,0.08736526966094971,0.36363667374838476,1.2332746623619983,Hammer,1991-07-05,0.9371911883354187,1991-08-16,0.8815951347351074,Time stop (5 bars),6,-0.05932199778687375,-0.069620746205662,-6962.074613604127,93037.92538639586
CMCSA,1998-09-04,3.855527639389038,7.607118699382312,0.8548784255981445,0.36498764509345666,2.115085639067677,Hammer,1998-09-11,3.972735643386841,1998-10-09,4.55260705947876,RSI > 90,4,0.14596274913413732,0.14326528135155353,13329.104543517744,106367.0299299136
CMCSA,2002-07-05,5.065281867980957,3.781866712517015,0.6549386978149414,0.3750001820159504,1.0884099926736506,Hammer,2002-07-12,5.027497291564941,2002-08-23,4.383053779602051,Time stop (5 bars),6,-0.12818376114177688,-0.13004349014947608,-13832.339795087406,92534.69013482619
CMCSA,2007-08-17,7.950582027435303,6.1982793561123515,0.5163941383361816,0.39024356461059856,1.1033697281788688,Hammer,2007-08-24,7.922243118286133,2007-10-05,7.616815090179443,Time stop (5 bars),6,-0.03855322584101217,-0.03979038152356867,-3681.9906209479486,88852.69951387825
CMCSA,2020-03-13,30.76654815673828,5.441430324037725,4.130369186401367,0.2935608955517494,1.9765422812305062,Hammer,2020-03-20,27.097715377807617,2020-05-01,29.581464767456055,Time stop (5 bars),6,0.09165899615591089,0.09127311987617322,8109.8630859419445,96962.56259982019
CME,2007-03-02,53.092628479003906,5.518350144288789,4.029243469238281,0.2621955953275859,1.4057179830215873,Hammer,2007-03-09,53.16633605957031,2007-04-20,54.29960250854492,Time stop (5 bars),6,0.02131548895347679,0.021125413281249228,2112.5413260123814,102112.54132601239
CME,2008-01-11,61.0589485168457,7.407558738161256,5.4053192138671875,0.20647479272702637,1.3281214863637252,Hammer,2008-01-18,61.48698806762695,2008-02-29,51.92783737182617,Time stop (5 bars),6,-0.15546623759301847,-0.15561621922642882,-15890.367600866153,86222.17372514625
CME,2008-03-20,46.762664794921875,2.279714555769175,7.668281555175781,0.10361736230433481,1.4159364238670455,Hammer,2008-03-28,46.99845886230469,2008-05-09,48.090248107910156,Time stop (5 bars),6,0.023230320143138528,0.023015098713789,1984.4118376172937,88206.58556276355
CME,2020-03-20,123.79914093017578,9.545014240181558,28.65019989013672,0.27414100673752057,2.254948920794727,Hammer,2020-03-27,123.33805084228516,2020-05-08,136.41273498535156,Time stop (5 bars),6,0.10600689773981653,0.1059215258083068,9342.976119805906,97549.56168256946
CMG,2014-05-02,10.035399436950684,3.7818994902060297,0.6513996124267578,0.09855762895985898,1.017521586111972,Hammer,2014-05-09,10.087800025939941,2014-06-06,10.960000038146973,RSI > 90,4,0.08646087451815476,0.08542723624673564,8542.72361613084,108542.72361613082
CMG,2020-03-20,11.319999694824219,1.2949627830931831,3.639799118041992,0.17028401674157614,2.547642352691483,Hammer,2020-03-27,11.226200103759766,2020-04-24,16.143999099731445,RSI > 90,4,0.4380644341378397,0.4369790361342366,47430.89469773079,155973.61831386163
CMI,1997-10-31,7.8407368659973145,2.0641146323593205,1.0373897552490234,0.302325741738694,1.5656920925295053,Hammer,1997-11-07,7.816611289978027,1997-12-12,8.642058372497559,RSI > 90,5,0.10560165420760637,0.10425563893265549,10425.563882839986,110425.56388283998
CMI,2015-10-02,81.04850769042969,5.812425907819659,5.112449645996094,0.2760636861120521,1.1644931068282771,Hammer,2015-10-09,81.64908599853516,2015-11-20,74.03671264648438,Time stop (5 bars),6,-0.09323280547423829,-0.09334956430946416,-10308.178266781833,100117.38561605813
CMI,2021-12-03,195.4728546142578,1.115212076017059,10.728363037109375,0.33341772223913163,1.0502169327507809,Hammer,2021-12-10,197.0400390625,2022-01-14,212.11727905273438,RSI > 90,5,0.07651866119175899,0.07646596971901054,7655.57296920843,107772.95858526658
CMS,2023-10-06,48.61726379394531,9.001412456831233,3.0019149780273438,0.08702254572810426,1.263320883190199,Hammer,2023-10-13,48.59893035888672,2023-11-24,52.91083908081055,RSI > 90,6,0.08872435442677107,0.08850948246693117,8850.94823784217,108850.94823784218
CMVT-201302,2000-04-07,48.62025833129883,8.132223402688922,11.848636627197266,0.29885072643734856,1.4144526845268892,Hammer,2000-04-14,49.5735969543457,2000-05-26,40.959503173828125,Time stop (5 bars),6,-0.17376374339854017,-0.17394791926966086,-17394.791909571293,82605.20809042871
CNCEQ-200309,1998-08-07,38.641632080078125,3.8149693843518975,5.076568603515625,0.3764705528737774,1.5035086716266886,Hammer,1998-08-14,38.70135498046875,1998-09-25,31.622905731201172,Time stop (5 bars),6,-0.18289926161086167,-0.18313399060294913,-18313.39904198151,81686.6009580185
CNG-200001,1990-07-13,29.437938690185547,3.008476372290474,1.2688770294189453,0.2666668670904628,1.1993605773839486,Hammer,1990-07-20,29.691713333129883,1990-08-10,32.73701858520508,RSI > 90,3,0.10256414703685213,0.10221014083363168,10221.014073142156,110221.01407314216
CNG-200001,1991-01-18,28.90671157836914,2.833527331071423,1.8983516693115234,0.31818186385178887,1.4509398327864302,Hammer,1991-01-25,28.47526741027832,1991-03-08,29.510732650756836,Time stop (5 bars),6,0.03636367046389033,0.036006166153778184,3968.6361423868448,114189.650215529
CNG-200001,1994-10-14,30.51953887939453,1.6678657647603785,1.2248649597167969,0.33333385239698404,1.2408328309739005,Hammer,1994-10-21,30.41746711730957,1994-12-02,28.376026153564453,Time stop (5 bars),6,-0.06711410111407334,-0.06743177520201508,-7700.010816030275,106489.63939949874
CNG-200001,1998-08-07,48.4987678527832,2.0576808415967207,2.5556983947753906,0.2790699757150043,1.131244760262199,Hammer,1998-08-14,48.617637634277344,1998-09-25,47.72611618041992,Time stop (5 bars),6,-0.018337407929275074,-0.01854118776193002,-1974.4443968318828,104515.19500266685
CNP,1999-07-02,7.270534992218018,5.997271972184279,0.404818058013916,0.3600007067429164,1.0116148303033419,Hammer,1999-07-09,7.205764293670654,1999-08-20,6.978611469268799,Time stop (5 bars),6,-0.03152376557770287,-0.032888722296750085,-3288.8722263861364,96711.12777361386
CNP,2008-09-19,7.498348236083984,3.528892465484816,0.8646106719970703,0.33918112529091893,1.9872914155967767,Hammer,2008-09-26,7.518572807312012,2008-11-07,5.941037654876709,Time stop (5 bars),6,-0.20981843135190603,-0.21100814640783538,-20406.835788114753,76304.2919854991
CNP,2010-05-07,7.621135234832764,9.312424779268355,2.648108959197998,0.18837515960692805,5.654112322726137,Hammer,2010-05-14,7.859468936920166,2010-06-25,7.924098014831543,Time stop (5 bars),6,0.00822308459134935,0.006946314919614889,530.0336413194896,76834.32562681861
CNP,2014-08-08,16.126697540283203,9.103737186997336,0.6694602966308594,0.14851420268383714,1.322039423020634,Hammer,2014-08-15,16.146583557128906,2014-09-12,16.747474670410156,RSI > 90,4,0.03721475265372476,0.03658409784967771,2810.914484134618,79645.24011095324
CNP,2014-10-17,15.50915241241455,9.435624949177765,2.0616397857666016,0.3181818181818182,3.5117071925073526,Hammer,2014-10-24,15.502458572387695,2014-12-05,16.115602493286133,Time stop (5 bars),6,0.03955139876913094,0.03889379540064573,3097.705670413012,82742.94578136624
CNP,2023-03-03,26.123632431030273,7.97187670411185,1.6735305786132812,0.3571435084088205,1.2913354829004418,Hammer,2023-03-10,26.14202308654785,2023-04-21,28.073020935058594,Time stop (5 bars),6,0.07386566227555647,0.07346908449777054,6079.048469126594,88821.99425049285
CNX,2011-08-12,32.337100982666016,6.853752605099672,5.123893737792969,0.39035830905048996,1.3961006546870558,Hammer,2011-08-19,32.735538482666016,2011-09-30,27.659456253051758,Time stop (5 bars),6,-0.15506334903585361,-0.15534510015181965,-15534.509999647456,84465.49000035254
COC-200208,1999-12-23,21.041656494140625,8.467449243015508,2.1906375885009766,0.18421018262554145,1.2169152874690612,Hammer,1999-12-31,21.09930419921875,2000-02-11,19.773391723632812,Time stop (5 bars),6,-0.06284152610279126,-0.06330047477402223,-6330.0474710721755,93669.95252892782
COC-200208,2001-09-28,24.594749450683594,5.2371311162352185,2.183828353881836,0.30222235808394216,1.1195824073131766,Hammer,2001-10-05,24.23563003540039,2001-11-16,25.7718563079834,Time stop (5 bars),6,0.06338709867823034,0.06296149358965293,5897.600109795585,99567.5526387234
COC-200208,2002-07-26,21.994760513305664,4.095547867002139,2.2510414123535156,0.3700442469627875,1.4563646758786792,Hammer,2002-08-02,22.312088012695312,2002-08-30,24.549999237060547,End of data,4,0.10030039425677639,0.09982983546499723,9939.812387636397,109507.36502635978
COF,1999-05-28,36.03500747680664,5.599788500702772,4.7528533935546875,0.37106920762930884,1.4177265305641933,Hammer,1999-06-04,36.49833679199219,1999-07-16,38.11251449584961,Time stop (5 bars),6,0.044226061945145334,0.043946056575554754,4394.60565316087,104394.60565316086
COF,2006-07-28,56.535091400146484,1.9214707924095507,3.187328338623047,0.3538805489630047,1.227122468636174,Hammer,2006-08-04,56.535091400146484,2006-09-15,52.48530960083008,Time stop (5 bars),6,-0.07163306362508004,-0.07180359456061804,-7495.907931139258,96898.6977220216
COF,2020-03-13,65.42831420898438,0.865441819413121,15.51272201538086,0.3190504423018236,2.6714480849478535,Hammer,2020-03-20,54.80205154418945,2020-05-01,51.09229278564453,Time stop (5 bars),6,-0.06769379346234095,-0.06787007608949326,-6576.521980789892,90322.17574123172
COF,2022-03-11,120.46376037597656,4.497128584692504,11.649116516113281,0.39109736042224863,1.078325859681245,Hammer,2022-03-18,123.11212921142578,2022-04-29,124.01036071777344,Time stop (5 bars),6,0.007296043956847464,0.007214524185520228,651.6315207222933,90973.807261954
COL-201811,2005-07-08,38.223388671875,5.485149116699958,1.8709030151367188,0.27391190875244165,1.2691765419225995,Hammer,2005-07-15,38.003761291503906,2005-08-26,40.242584228515625,Time stop (5 bars),6,0.05891056203198053,0.05863971519403145,5863.971513539174,105863.97151353916
COL-201811,2011-03-18,55.695682525634766,4.779606023806153,3.0163345336914062,0.34411810085568234,1.3497622381983432,Hammer,2011-03-25,56.29008102416992,2011-05-06,56.20136260986328,Time stop (5 bars),6,-0.001576093206697382,-0.0017535886352888256,-185.6418571470404,105678.32965639212
COL-201811,2018-05-04,131.5643310546875,2.4462082509574543,3.23602294921875,0.22392915747184972,1.2162832146233529,Hammer,2018-05-11,132.10035705566406,2018-05-25,135.72943115234375,RSI > 90,2,0.027472099073513334,0.02739536213625886,2895.09610799671,108573.42576438883
COMS-201004,1997-01-31,12.255608558654785,2.2842388890913696,1.7116765975952148,0.2666664066595982,1.5331190115152298,Hammer,1997-02-07,12.255608558654785,1997-03-21,6.298971652984619,Time stop (5 bars),6,-0.4860335475926775,-0.4866509584027382,-48665.09579160872,51334.90420839128
COMS-201004,2000-04-07,9.3115234375,2.929664596674769,3.332064628601074,0.3493150822156069,1.5548612371490236,Hammer,2000-04-14,9.471280097961426,2000-05-26,7.850892543792725,Time stop (5 bars),6,-0.17108432412609875,-0.17204932075819881,-8832.135391408785,42502.7688169825
COO,2019-09-13,75.32671356201172,1.2608468001123327,3.9623336791992188,0.3284984528767635,1.070984147715542,Hammer,2019-09-20,74.95196533203125,2019-11-01,70.72980499267578,Time stop (5 bars),6,-0.05633154942170804,-0.0564612017123236,-5646.120165586239,94353.87983441376
COP,2001-09-28,9.293603897094727,9.006914665712927,0.6822891235351562,0.21717228192197163,1.2265492722337945,Hammer,2001-10-05,9.293603897094727,2001-11-16,9.674212455749512,Time stop (5 bars),6,0.04095381757918126,0.03985636583257174,3985.636579271538,103985.63657927154
COP,2002-07-26,8.334226608276367,3.4295921300963244,0.7879705429077148,0.38975512165248405,1.4712866884654554,Hammer,2002-08-02,8.448297500610352,2002-09-13,9.056055068969727,Time stop (5 bars),6,0.07193846669290083,0.07071294584346696,7353.130680575334,111338.76725984688
COP,2011-08-12,30.36958122253418,2.1552381192905017,3.250762939453125,0.32531848180171047,1.686244417334452,Hammer,2011-08-19,30.833972930908203,2011-09-30,28.939611434936523,Time stop (5 bars),6,-0.061437476779800826,-0.0617517807820066,-6875.367141493551,104463.40011835334
COP,2014-02-07,43.176273345947266,2.3878562767148708,1.7610740661621094,0.15848848165838125,1.287677529273174,Hammer,2014-02-14,43.16962432861328,2014-03-28,45.45814895629883,RSI > 90,6,0.05301238227752392,0.05277462544533355,5513.016808479093,109976.41692683243
COP,2014-10-17,46.98406219482422,2.5460762807063446,4.872322082519531,0.35977373262869444,2.252332784060496,Hammer,2014-10-24,47.05307388305664,2014-12-05,45.500282287597656,Time stop (5 bars),6,-0.033000853447284095,-0.033209850435924185,-3652.300353966645,106324.1165728658
COP,2016-01-22,27.29901695251465,3.4026703068084174,5.203264236450195,0.3091925283237702,1.7146306297822276,Hammer,2016-01-29,26.66853904724121,2016-03-11,30.126291275024414,RSI > 90,6,0.12965660479781316,0.12925739706594333,13743.178539801382,120067.29511266717
COP,2018-11-16,51.151939392089844,2.0340533921695396,4.231716156005859,0.35648898107758004,1.2603684329544005,Hammer,2018-11-23,50.571720123291016,2019-01-04,48.065181732177734,Time stop (5 bars),6,-0.04956403272426724,-0.04975685226283368,-5974.170658544861,114093.12445412231
COR,2014-02-07,55.97956085205078,6.086714593876266,2.3976783752441406,0.2070156569939399,1.3113249230264674,Hammer,2014-02-14,55.912254333496094,2014-03-28,55.119163513183594,Time stop (5 bars),6,-0.014184561680915309,-0.01436212900445342,-1436.2128990091292,98563.78710099087
COST,1995-03-10,4.330296993255615,7.7855056868040435,0.45801210403442383,0.27272698879045854,1.2422218640902136,Hammer,1995-03-17,4.330296993255615,1995-03-31,4.829946517944336,RSI > 90,2,0.11538458573786481,0.11294486293567992,11294.486282273505,111294.48628227352
COST,2006-08-04,35.337806701660156,7.748290093606016,1.9859619140625,0.3848807548097609,1.245221074492744,Hammer,2006-08-11,35.38557815551758,2006-09-22,34.05478286743164,Time stop (5 bars),6,-0.03760840877707772,-0.03788565652118054,-4216.464675774989,107078.02160649853
COTY,2020-03-13,7.769999980926514,3.205387289190199,2.2900004386901855,0.23580800665656215,2.0256188693506827,Hammer,2020-03-20,6.820000171661377,2020-05-01,6.0,Time stop (5 bars),6,-0.1202346262495213,-0.12161174370481144,-12161.174358319971,87838.82564168001
COV-201501,2011-10-07,37.26789474487305,5.802077944676199,2.6197967529296875,0.28758205147619853,1.0061826247614651,Hammer,2011-10-14,38.14116287231445,2011-11-25,38.72708511352539,Time stop (5 bars),6,0.015361939623404597,0.015097776495599454,1509.777648050168,101509.77764805016
CPAY,2020-03-13,235.4600067138672,2.5246067966958066,33.660003662109375,0.26559719158527284,1.5870395563693853,Hammer,2020-03-20,210.0,2020-05-01,224.36000061035156,Time stop (5 bars),6,0.06838095528738841,0.06833170929430994,6833.170922597825,106833.17092259781
CPB,1991-05-17,7.264925003051758,8.009370190093207,0.4300107955932617,0.07894672642875677,1.248529540823999,Hammer,1991-05-24,7.242292881011963,1991-07-05,6.710436820983887,Time stop (5 bars),6,-0.07343752438161,-0.07476668446058643,-7476.668438581975,92523.33156141802
CPB,1998-04-17,23.099193572998047,8.17964178125004,1.2649555206298828,0.19565260004131477,1.0198356938121267,Hammer,1998-04-24,23.126693725585938,1998-06-05,23.951663970947266,Time stop (5 bars),6,0.035671776309669,0.03523175842761109,3259.7596632298846,95783.0912246479
CPNLQ-200802,2001-09-28,22.809999465942383,4.837594939236084,5.840000152587891,0.3304794956761322,1.1194893343324317,Hammer,2001-10-05,23.0,2001-11-16,25.760000228881836,Time stop (5 bars),6,0.12000000995138427,0.11953924055126428,11953.924043172505,111953.9240431725
CPNLQ-200802,2003-10-24,4.650000095367432,9.870115196980052,1.3700001239776611,0.27737232120653016,1.8855649647668111,Hammer,2003-10-31,4.710000038146973,2003-12-12,4.369999885559082,Time stop (5 bars),6,-0.07218686832997456,-0.07423120885603275,-8310.47510959069,103643.44893358182
CPNLQ-200802,2005-04-22,2.190000057220459,7.115627327391024,0.8199999332427979,0.39024385279803125,1.972061280063189,Hammer,2005-04-29,2.1700000762939453,2005-06-10,2.799999952316284,Time stop (5 bars),6,0.29032251330529446,0.28505740426399306,29544.33249243022,133187.78142601205
CPPRQ-202102,1996-07-19,32.131744384765625,6.598952323130419,1.9982414245605469,0.23999908366693584,1.4483087307160438,Hammer,1996-07-26,31.97188377380371,1996-08-16,33.81026840209961,RSI > 90,3,0.057500041014229675,0.057178324230385394,5717.8324173207075,105717.8324173207
CPPRQ-202102,1998-08-07,39.457054138183594,3.683484199315018,4.3075408935546875,0.25,1.438555966126804,Hammer,1998-08-14,39.54320526123047,1998-09-25,34.11570739746094,Time stop (5 bars),6,-0.1372548792621735,-0.1374903823789944,-14535.18518880069,91182.64722852001
CPPRQ-202102,2002-07-05,17.035289764404297,1.615475216958842,2.4312896728515625,0.3177251674124654,1.409774083919818,Hammer,2002-07-12,16.98211669921875,2002-08-23,13.742753028869629,Time stop (5 bars),6,-0.19075146683558863,-0.19128400233446097,-17441.78168788077,73740.86554063925
CPPRQ-202102,2007-06-29,63.80078125,6.686215519134791,3.4906158447265625,0.17171633276651177,1.0377185946508274,Hammer,2007-07-06,64.03878021240234,2007-08-17,57.85431671142578,Time stop (5 bars),6,-0.0965737242412188,-0.09672232776442168,-7132.388159321472,66608.47738131777
CPPRQ-202102,2010-05-21,25.927453994750977,6.153253762323885,2.6088733673095703,0.3563639739991417,1.1945587157873792,Hammer,2010-05-28,25.91796875,2010-07-09,20.482025146484375,Time stop (5 bars),6,-0.20973648266767142,-0.21008178716087936,-13993.227954339018,52615.249426978764
CPQ-200205,1993-03-05,2.9050040245056152,9.714868936254248,0.2692840099334717,0.3333330382067875,1.0338720892426108,Hammer,1993-03-12,2.9376444816589355,1993-04-23,3.3211703300476074,Time stop (5 bars),6,0.13055556953307312,0.12693543196155804,12693.543183462261,112693.54318346227
CPQ-200205,1997-11-14,30.63106346130371,6.019514889607848,3.7944564819335938,0.34677398275248467,1.1733140659021533,Hammer,1997-11-21,31.76327896118164,1998-01-02,26.637392044067383,Time stop (5 bars),6,-0.16137776340341559,-0.1616671436117113,-18218.843211734544,94474.69997172774
CPQ-200205,2000-10-13,24.89141082763672,9.247824160124836,3.9252471923828125,0.19799218643705416,1.2554108176717758,Hammer,2000-10-20,25.1352596282959,2000-11-10,30.369712829589844,RSI > 90,3,0.20825140773168238,0.2078122214542967,19632.997252719928,114107.69722444765
CPQ-200205,2000-12-01,22.518030166625977,5.44829237909947,6.982564926147461,0.3437058080376959,1.8374660827077782,Hammer,2000-12-08,23.0118465423584,2001-01-19,18.320322036743164,Time stop (5 bars),6,-0.20387431738602313,-0.20426449370303254,-23308.150977862577,90799.54624658507
CPRI,2014-08-08,79.26000213623047,9.817670077910506,5.519004821777344,0.26617149603186124,1.0879737663690072,Hammer,2014-08-15,79.97000122070312,2014-09-26,76.80000305175781,Time stop (5 bars),6,-0.03963984144750321,-0.039762402255795276,-3976.240221603288,96023.7597783967
CPRI,2020-02-28,25.81999969482422,2.542044654470601,3.030000686645508,0.3597359424345946,1.0023532795460015,Hammer,2020-03-06,25.81999969482422,2020-04-17,13.34000015258789,Time stop (5 bars),6,-0.4833462312061151,-0.4836398718230979,-46440.918824754815,49582.84095364189
CPRT,2026-02-20,36.47999954223633,3.4774531597602873,4.259998321533203,0.3732396194972299,1.8336712560019384,Hammer,2026-02-27,36.41999816894531,2026-04-10,33.310001373291016,Time stop (5 bars),6,-0.08539255771589072,-0.08565537275206504,-8565.537266640968,91434.46273335903
CPWR-201412,2005-10-14,7.192245960235596,4.928364327843866,1.4312024116516113,0.3481012004535143,2.2443479395239763,Hammer,2005-10-21,7.1650710105896,2005-12-02,8.089012145996094,RSI > 90,6,0.12895072973330723,0.12746612049680944,12746.612036934333,112746.61203693433
CRM,2011-08-12,32.949951171875,4.200304455400698,3.315145492553711,0.32839247197068505,1.233609564351405,Hammer,2011-08-19,33.525001525878906,2011-09-30,29.620059967041016,Time stop (5 bars),6,-0.11647849011501321,-0.11675936118930041,-11675.936107254107,88324.06389274588
CRM,2018-11-16,130.2958221435547,6.937682354563478,10.183822631835938,0.39671894361311766,1.19957755096671,Hammer,2018-11-23,129.3619842529297,2019-01-04,133.68714904785156,Time stop (5 bars),6,0.03343458914842623,0.03335599743505781,2946.137245714175,91270.20113846006
CRM,2020-03-20,136.98019409179688,0.9913031971263848,30.38433074951172,0.39437092203834995,2.4452977887485376,Hammer,2020-03-27,136.40020751953125,2020-05-08,152.93417358398438,Time stop (5 bars),6,0.1212165755839163,0.12113882134659064,11056.364578922941,102326.565717383
CSCO,1996-07-26,3.6736538410186768,4.811285454765127,0.4916081428527832,0.03636356582154597,1.4311433160308569,Hammer,1996-08-02,3.6825921535491943,1996-09-13,3.8345437049865723,Time stop (5 bars),6,0.04126211785112588,0.038494373978085916,3849.437393959154,103849.43739395915
CSCO,2012-07-27,10.332605361938477,4.6271115615279825,0.7836704254150391,0.3865550820334462,1.317811977304085,Hammer,2012-08-03,10.345776557922363,2012-08-24,12.512396812438965,RSI > 90,3,0.20942074694794122,0.20835347400731477,21637.391033099142,125486.82842705828
CSCO,2022-01-28,49.15143966674805,6.01004952591245,3.142120361328125,0.3909975621837395,1.2706743705233186,Hammer,2022-02-04,48.99234390258789,2022-03-18,48.37364196777344,Time stop (5 bars),6,-0.01262854326881413,-0.012831347267810735,-1610.1650714736038,123876.66335558466
CSE-199911,1996-07-19,44.65882873535156,8.72140956347674,5.167137145996094,0.3095234228155218,1.513147038718976,Hammer,1996-07-26,44.65882873535156,1996-09-06,44.41277313232422,Time stop (5 bars),6,-0.005509674346487414,-0.005732952375054098,-573.2952369321147,99426.70476306789
CSE-199911,1998-07-10,46.39593505859375,0.3820696877092331,5.3891143798828125,0.2528731726791645,1.3986595307902348,Hammer,1998-07-17,45.90038299560547,1998-08-28,28.122501373291016,Time stop (5 bars),6,-0.38731445060091374,-0.38749010380802823,-38526.86411140447,60899.84065166342
CSE-199911,1999-07-23,46.07852554321289,4.087246779547087,4.620338439941406,0.2162163947311496,1.630383882392531,Hammer,1999-07-30,46.07852554321289,1999-09-03,49.20037841796875,RSI > 90,5,0.06775071115997755,0.06752636301313043,4112.344743173677,65012.1853948371
CSR-200006,1992-04-10,14.499664306640625,6.895585608218809,0.7895851135253906,0.2727274923303621,1.5805803132059342,Hammer,1992-04-16,14.499664306640625,1992-05-15,15.661422729492188,RSI > 90,4,0.08012312549329126,0.07940607231594157,7940.607223653549,107940.60722365355
CSR-200006,1993-05-21,18.727815628051758,5.803480361739858,1.45831298828125,0.2631576193864312,2.053406694332996,Hammer,1993-05-28,18.727815628051758,1993-07-09,20.109375,Time stop (5 bars),6,0.07377044922841147,0.07321693648094087,7903.080574905351,115843.6877985589
CSR-200006,2000-03-10,15.482994079589844,0.7450699531933225,1.2239513397216797,0.34999992208233405,1.2380449186859288,Hammer,2000-03-17,15.666586875915527,2000-04-20,19.277246475219727,RSI > 90,5,0.23046880778192458,0.2297571795258195,26615.918947850565,142459.60674640944
CSX,1994-04-22,1.183459997177124,1.445216135047275,0.07195436954498291,0.36842131422124363,1.2929032072863464,Hammer,1994-04-29,1.1815664768218994,1994-06-10,1.1772891283035278,Time stop (5 bars),6,-0.003620065905962866,-0.012032489369337247,-1203.2489357304758,98796.75106426951
CSX,1997-10-31,1.8011692762374878,6.421702756083192,0.17602336406707764,0.13953491522026074,1.7162077490744332,Hammer,1997-11-07,1.8216370344161987,1997-12-19,1.7329524755477905,Time stop (5 bars),6,-0.04868398983600486,-0.0540252699409154,-5337.52114019506,93459.22992407446
CSX,1998-06-05,1.5791385173797607,3.3615998278709327,0.09778594970703125,0.27659553717718655,1.0282122134026606,Hammer,1998-06-12,1.5791385173797607,1998-07-24,1.4792720079421997,Time stop (5 bars),6,-0.06324113327516567,-0.06935410523272004,-6481.781260641457,86977.448663433
CSX,2013-06-28,6.266936302185059,1.4462180486516871,0.31618404388427734,0.32478592520427213,1.0728437432555973,Hammer,2013-07-05,6.304770469665527,2013-07-26,6.864173412322998,RSI > 90,3,0.08872693230450746,0.0870717794409079,7573.281218782047,94550.72988221505
CTAS,2022-05-13,90.60113525390625,2.99044358968969,4.889030456542969,0.27553974235933926,1.014133015968644,Hammer,2022-05-20,90.20352172851562,2022-07-01,91.4710693359375,Time stop (5 bars),6,0.014052085585270158,0.013940452446460526,1394.0452432520074,101394.045243252
CTB-202106,2004-10-22,12.847604751586914,7.082220222832504,1.204463005065918,0.21839139616032355,1.3101637146325011,Hammer,2004-10-29,12.74377155303955,2004-12-10,14.660462379455566,RSI > 90,6,0.15040216457418065,0.1495587883494095,14955.878819985071,114955.87881998507
CTRA-202605,2014-09-26,23.119422912597656,8.882755613644107,1.6180000305175781,0.37777644176928393,1.3371979201481758,Hammer,2014-10-03,22.989980697631836,2014-11-14,24.32174301147461,RSI > 90,6,0.05792794397517498,0.057480470682843406,5748.047062536294,105748.0470625363
CTSH,2008-09-19,11.636209487915039,3.0037656516258124,1.813094139099121,0.29468584295856176,1.3872362230461537,Hammer,2008-09-26,11.618691444396973,2008-11-07,8.408552169799805,Time stop (5 bars),6,-0.2762909480779123,-0.2770324117773608,-27703.241150032845,72296.75884996714
CTSH,2011-03-18,32.49116897583008,8.701136555622625,2.526945114135742,0.36568449036001893,1.5829784578395316,Hammer,2011-03-25,32.885318756103516,2011-05-06,36.54654312133789,Time stop (5 bars),6,0.11133309646131528,0.11101213072180427,8025.817236189496,80322.57608615662
CTSH,2011-08-12,28.291271209716797,2.3889891185809233,3.1838645935058594,0.32599795598294334,1.4673266865272079,Hammer,2011-08-19,28.16426658630371,2011-09-30,27.498592376708984,Time stop (5 bars),6,-0.02363541786379919,-0.02398621943260839,-1926.634933468301,78395.94115268833
CTSH,2012-05-11,26.841672897338867,5.4215978133869385,2.5882568359375,0.10321505211526671,1.2819649484074709,Hammer,2012-05-18,26.491317749023438,2012-06-29,25.322002410888672,Time stop (5 bars),6,-0.0441395686395355,-0.04450865019454373,-3489.2975179477426,74906.6436347406
CTSH,2026-02-27,63.97886657714844,0.7641896363977878,5.009674072265625,0.16451933210280403,1.0228097493890371,Hammer,2026-03-06,62.71775817871094,2026-04-17,57.534305572509766,Time stop (5 bars),6,-0.08264728773358254,-0.08280013119646105,-6202.279914240795,68704.36372049981
CTX-200908,1992-05-01,4.985931873321533,2.0598754588919093,0.6110892295837402,0.38636351222389814,1.964309598877998,Hammer,1992-05-08,4.985931873321533,1992-06-19,4.552506446838379,Time stop (5 bars),6,-0.08692967282651909,-0.08884621905048132,-8884.62189616351,91115.3781038365
CTX-200908,1994-03-11,7.88160514831543,2.1101342407154107,0.8834428787231445,0.22303712283709196,1.5283832831986084,Hammer,1994-03-18,7.937902450561523,1994-04-29,6.474175453186035,Time stop (5 bars),6,-0.1843972014637122,-0.18554011037505613,-16905.557293345242,74209.82081049125
CTX-200908,1998-09-04,17.45639419555664,3.6543122320597945,1.9652881622314453,0.3823532551677687,1.4923586488980465,Hammer,1998-09-11,17.70636749267578,1998-10-23,14.408123016357422,Time stop (5 bars),6,-0.18627448445779038,-0.1867865074611785,-13861.39323465015,60348.4275758411
CTX-200908,1999-03-26,15.541333198547363,1.4960713926158462,1.6527166366577148,0.0877190350369504,1.09720174527447,Hammer,1999-04-01,15.251382827758789,1999-04-23,18.614805221557617,RSI > 90,3,0.2205322908606766,0.21980455207884017,13264.85907870522,73613.28665454632
CTXS-202209,2008-01-25,25.657758712768555,1.3716092552486288,4.420064926147461,0.39378230740053344,2.0404897246629794,Hammer,2008-02-01,25.657758712768555,2008-03-14,24.74931526184082,Time stop (5 bars),6,-0.035406188868540855,-0.03578896022861173,-3578.896019282277,96421.10398071773
CTXS-202209,2008-07-18,21.23769187927246,1.4045223529599014,1.9329204559326172,0.34834178173231484,1.0208836733819806,Hammer,2008-07-25,21.153718948364258,2008-09-05,23.56605339050293,Time stop (5 bars),6,0.11403831392612918,0.1135387472181718,10947.531340416237,107368.63532113397
CTXS-202209,2011-08-12,46.3763427734375,1.7471665757260126,4.962078094482422,0.38769229823052187,1.0594948808439797,Hammer,2011-08-19,46.67406463623047,2011-09-30,40.68140411376953,Time stop (5 bars),6,-0.12839380005077106,-0.12859427602587192,-13806.99191320009,93561.6434079339
CTXS-202209,2016-07-01,61.34654998779297,7.346077269882514,3.6032333374023438,0.29237448733068944,1.1151998889412533,Hammer,2016-07-08,61.14042663574219,2016-07-29,66.52237701416016,RSI > 90,3,0.088026052066698,0.08785530944807947,8219.88712585501,101781.53053378891
CTXS-202209,2021-10-15,97.12442016601562,6.319374843161455,8.311019897460938,0.1592814745047928,1.3152326327865578,Hammer,2021-10-22,97.07465362548828,2021-12-03,83.1798324584961,Time stop (5 bars),6,-0.14313541844401612,-0.14323105457950952,-14578.275940492858,87203.25459329606
CTXS-202209,2022-06-17,94.94000244140625,6.763843452553942,8.339996337890625,0.24700221380609985,2.4443705897865597,Hammer,2022-06-24,95.87999725341797,2022-07-22,102.61000061035156,RSI > 90,4,0.07019194357239811,0.07008399175496723,6111.552169811317,93314.8067631074
CUE-199309,1990-07-13,14.75,0.8847895335224223,3.0,0.3333333333333333,1.5765928701254268,Hammer,1990-07-20,14.75,1990-08-31,11.0,Time stop (5 bars),6,-0.2542372881355932,-0.25482887156895967,-25482.88713141308,74517.11286858692
CUE-199309,1991-12-20,10.0,4.768096695997798,1.25,0.3,1.004481645770096,Hammer,1991-12-27,10.25,1992-01-10,14.0,RSI > 90,2,0.36585365853658547,0.36470014627011216,27176.401935623704,101693.51480421063
CVG-201810,2001-03-23,30.968276977539062,0.38331605420086134,4.671703338623047,0.2949220966816069,1.067685987082851,Hammer,2001-03-30,31.75297737121582,2001-05-11,35.530487060546875,Time stop (5 bars),6,0.11896552708015906,0.11863191554339293,11863.1915424761,111863.19154247611
CVG-201810,2007-08-10,15.85823917388916,1.4774561602830545,3.1935462951660156,0.22571458092690963,2.299335801037552,Hammer,2007-08-17,16.104598999023438,2007-09-28,15.62100601196289,Time stop (5 bars),6,-0.030028253860271303,-0.03063968178788739,-3427.4525892115116,108435.7389532646
CVH-201305,2006-04-13,49.84442901611328,0.9444377306338936,4.0347900390625,0.29024313224215653,1.2828554949514834,Hammer,2006-04-21,49.74601364135742,2006-06-02,50.62186050415039,Time stop (5 bars),6,0.017606372826320493,0.017403602447874634,1740.3602430471033,101740.3602430471
CVS,1990-08-24,4.835761070251465,2.541603908180136,0.4470033645629883,0.24242453335381478,1.4479325716545466,Hammer,1990-08-31,4.8899431228637695,1990-10-12,3.914663791656494,Time stop (5 bars),6,-0.1994459458326191,-0.2012851439693219,-20128.51437680368,79871.48562319632
CVS,1996-07-19,5.089770317077637,6.612832541415912,0.3460540771484375,0.24436290180343048,1.30115705399513,Hammer,1996-07-26,5.089770317077637,1996-08-16,5.63510274887085,RSI > 90,3,0.10714283706741479,0.10507489022592086,8392.487575646082,88263.97319884239
CVS,2002-07-26,8.266046524047852,8.18108675093923,0.8925933837890625,0.30357112330546865,1.2587389113703014,Hammer,2002-08-02,8.368057250976562,2002-08-23,9.61449909210205,RSI > 90,3,0.14895235581472943,0.1476691015078488,13033.861604752037,101297.83480359442
CVS,2007-06-29,23.97260856628418,5.957970090601464,1.2496013641357422,0.32631561273660575,1.19908716273989,Hammer,2007-07-06,23.97260856628418,2007-08-17,25.198322296142578,Time stop (5 bars),6,0.05112976030411143,0.050702042553478724,5136.007125651096,106433.84192924551
CVS,2008-10-10,20.473905563354492,3.6491875140212358,3.9383087158203125,0.19696940345058717,2.0931173156363587,Hammer,2008-10-17,21.083879470825195,2008-11-28,17.765987396240234,Time stop (5 bars),6,-0.15736629870115182,-0.15780317200773228,-16795.597848608915,89638.2440806366
CVS,2011-08-12,22.79466438293457,4.5249901738124265,1.6453304290771484,0.24583278751998255,1.390857700759628,Hammer,2011-08-19,22.91120719909668,2011-09-30,23.452795028686523,Time stop (5 bars),6,0.023638554916966426,0.023197024925258877,2079.340580115626,91717.58466075223
CVX,2001-07-20,17.340883255004883,7.756313070430281,0.9923019409179688,0.24361655505408916,1.1737396092312349,Hammer,2001-07-27,17.370126724243164,2001-08-31,18.278738021850586,RSI > 90,5,0.05230884679380554,0.051718258627351986,5171.825857563374,105171.82585756337
CVX,2011-08-12,52.218345642089844,7.724978909148945,5.3111724853515625,0.2841027600532072,1.8473090109711445,Hammer,2011-08-19,52.8393440246582,2011-09-30,49.77588653564453,Time stop (5 bars),6,-0.05797682665371595,-0.05816057604158242,-6116.853969104024,99054.97188845935
CVX,2013-10-11,68.95486450195312,8.852311272731583,2.3791732788085938,0.26354607927707213,1.1198721891089962,Hammer,2013-10-18,68.75563049316406,2013-11-29,73.13851165771484,RSI > 90,6,0.06374577810011561,0.06359571070229667,6299.471329543119,105354.44321800246
CVX,2014-10-17,67.79228210449219,2.7564638176938416,4.814582824707031,0.35138505713430007,1.8730196500350835,Hammer,2014-10-24,67.6285629272461,2014-12-05,66.93994140625,Time stop (5 bars),6,-0.010182406533418509,-0.010329509355400984,-1088.2597057651583,104266.18351223732
CVX,2017-02-03,75.89131164550781,2.8205774052547383,2.3855972290039062,0.3165262164798439,1.0294918921459102,Hammer,2017-02-10,75.69752502441406,2017-03-24,72.36756134033203,Time stop (5 bars),6,-0.04399039047852682,-0.044119580991583786,-4600.1803235513125,99666.003188686
CVX,2020-03-13,63.37274932861328,6.934255875223528,11.509124755859375,0.3815143146545895,2.308663623310761,Hammer,2020-03-20,55.130191802978516,2020-05-01,65.90249633789062,Time stop (5 bars),6,0.19539755227788125,0.195198460057424,19454.650323055168,119120.65351174117
CVX,2020-10-30,54.34542465209961,8.723636676691754,5.262432098388672,0.3551168345396752,1.0319097711762892,Hammer,2020-11-06,55.28376007080078,2020-11-20,67.43524169921875,RSI > 90,2,0.2198020108049057,0.21960126457656162,26159.046122205757,145279.6996339469
CXT,1991-09-20,1.8764300346374512,7.147834331709902,0.1941133737564087,0.2857141102508627,1.435500865052167,Hammer,1991-09-27,1.8671865463256836,1991-11-08,1.636099100112915,Time stop (5 bars),6,-0.12376237750186814,-0.12877319660582015,-12877.319647704695,87122.68035229531
CXT,1992-07-02,1.8251222372055054,4.316515809748367,0.11347901821136475,0.08333272054382093,1.0189165374290374,Hammer,1992-07-10,1.8062089681625366,1992-08-21,1.881861686706543,RSI > 90,6,0.04188480949741269,0.0362480087599227,3158.023677439922,90280.70402973524
CXT,1996-07-19,3.2410550117492676,0.4063128630959909,0.19928812980651855,0.15789442201286077,1.4046151132238858,Hammer,1996-07-26,3.2305660247802734,1996-09-06,3.3300864696502686,Time stop (5 bars),6,0.030805884822231455,0.027667630388124885,2497.853147776558,92778.5571775118
CXT,1999-08-06,4.8221869468688965,1.0781603754088849,0.5385184288024902,0.3181816169406431,1.279075998946953,Hammer,1999-08-13,4.8221869468688965,1999-09-24,4.6456685066223145,Time stop (5 bars),6,-0.03660547427784766,-0.038639158230149996,-3584.885347562011,89193.6718299498
CXT,2002-09-27,4.323695182800293,1.6866183799800183,0.37160205841064453,0.30000025663859897,1.0317503429675146,Hammer,2002-10-04,4.273419380187988,2002-11-15,4.334624290466309,Time stop (5 bars),6,0.014322233516811611,0.011968183978278145,1067.4862730915174,90261.15810304132
CXT,2004-07-30,6.263420581817627,1.2820145374096228,0.4277682304382324,0.2842107023224965,1.4743668906140943,Hammer,2004-08-06,6.265672206878662,2004-09-17,6.331693172454834,Time stop (5 bars),6,0.010536932574240376,0.008933805456250716,806.3756259420834,91067.5337289834
CYM-199912,1990-10-19,13.006052017211914,3.9073223284592586,1.0442819595336914,0.2727274387699097,1.0238089568809063,Hammer,1990-10-26,12.816183090209961,1990-12-07,13.385790824890137,RSI > 90,6,0.044444413026159646,0.04364712138831275,4364.712134466563,104364.71213446656
CYM-199912,1997-11-14,18.414531707763672,1.3711589962197053,1.262054443359375,0.3636365010276871,1.0378647459125705,Hammer,1997-11-21,18.529264450073242,1998-01-02,13.882606506347656,Time stop (5 bars),6,-0.2507740097425841,-0.2512458995213692,-26221.205952291602,78143.50618217496
CZR,2022-05-13,54.9900016784668,0.3078989036462474,13.002399444580078,0.3147418762676027,1.323310052508326,Hammer,2022-05-20,54.13999938964844,2022-07-01,44.45000076293945,Time stop (5 bars),6,-0.17898039778259978,-0.17914855916617572,-17914.85589870272,82085.14410129726
D,1997-10-31,5.38030481338501,6.363481441941019,0.37978601455688477,0.142856784130958,2.142884047746284,Hammer,1997-11-07,5.416475296020508,1997-12-05,5.7374267578125,RSI > 90,4,0.05925467102707849,0.05735550653901129,5735.5506481655775,105735.55064816558
D,2002-07-26,10.212796211242676,2.637103835894351,1.6592540740966797,0.3505621736076705,2.5291545749524778,Hammer,2002-08-02,10.486852645874023,2002-08-30,12.082718849182129,RSI > 90,4,0.1521778036936552,0.1511521612850476,15982.156989152685,121717.70763731825
D,2004-05-14,12.565729141235352,8.341806641352207,0.4325380325317383,0.23720921003022827,1.2176694461875377,Hammer,2004-05-21,12.545611381530762,2004-07-02,12.98776912689209,Time stop (5 bars),6,0.03524401736309635,0.034433202672284405,4191.130491690508,125908.83812900877
D,2013-06-07,32.377037048339844,9.41778105632605,1.2305831909179688,0.309615921138287,1.2383370091948696,Hammer,2013-06-14,32.4759635925293,2013-07-26,34.762840270996094,RSI > 90,6,0.07041751577135247,0.07009880331846087,8826.058871235255,134734.89700024403
D,2022-10-14,53.644439697265625,1.0710723610355615,3.5284690856933594,0.38297906844244173,1.0140212714819226,Hammer,2022-10-21,54.35347366333008,2022-12-02,50.96680450439453,Time stop (5 bars),6,-0.062308237738637584,-0.06248647046222943,-8419.108153218167,126315.78884702588
DAL,2014-07-11,32.28044128417969,6.597194300640979,3.2341156005859375,0.3404831777156041,1.5134618905299266,Hammer,2014-07-18,32.58391189575195,2014-08-29,35.38569259643555,Time stop (5 bars),6,0.08598662768446985,0.08566658222938427,8566.658214371768,108566.65821437177
DAL,2018-10-12,48.39591979980469,7.836202726799584,3.021839141845703,0.2707695570448787,1.1126903773319143,Hammer,2018-10-19,48.349430084228516,2018-11-16,52.957183837890625,RSI > 90,4,0.09530109756485317,0.09508443684794311,10322.999546453655,118889.65776082542
DAL,2021-12-03,34.816650390625,9.875840307563465,4.141517639160156,0.39718276388676527,1.2580077936383998,Hammer,2021-12-10,36.045589447021484,2022-01-21,38.60990524291992,Time stop (5 bars),6,0.07114090337369516,0.07085364858325434,8423.766022745134,127313.42378357056
DAY-202602,2021-12-17,101.8499984741211,0.680185163002534,8.19000244140625,0.3980465402243172,1.0932725955826166,Hammer,2021-12-23,100.12000274658203,2022-02-04,71.7699966430664,Time stop (5 bars),6,-0.28316026094479363,-0.2832459957608715,-28324.599547762547,71675.40045223746
DCNAQ-200801,1992-10-16,12.389832496643066,7.824176214967551,0.67889404296875,0.375,1.0072070939004982,Hammer,1992-10-23,12.389832496643066,1992-11-06,14.426517486572266,RSI > 90,2,0.16438357746006838,0.16351047829634596,16351.047813283547,116351.04781328354
DCNAQ-200801,1994-11-25,15.349040985107422,2.6323561244313822,1.8086624145507812,0.36359331828823316,1.4181549375153277,Hammer,1994-12-02,15.166314125061035,1994-12-30,17.450397491455078,RSI > 90,4,0.15060240395652835,0.1498936313392622,17440.28104942091,133791.32886270448
DCNAQ-200801,1999-07-09,38.442020416259766,9.284818614724728,3.4286117553710938,0.3333325915953671,1.1710797100537655,Hammer,1999-07-16,38.49396896362305,1999-08-27,35.2212028503418,Time stop (5 bars),6,-0.0850202304775074,-0.0852689358092439,-11408.244221219145,122383.08464148533
DD,2020-03-13,13.759899139404297,1.1655352999824231,1.9694089889526367,0.2391714586637289,1.1700160556453076,Hammer,2020-03-20,12.20217514038086,2020-05-01,15.669965744018555,Time stop (5 bars),6,0.28419446235955736,0.2832588673361012,28325.88670528424,128325.88670528424
DD,2022-03-11,27.881526947021484,5.149405405575877,2.4346790313720703,0.21958944685864878,1.2826465782691872,Hammer,2022-03-18,28.13922882080078,2022-04-29,25.708391189575195,Time stop (5 bars),6,-0.08638607854912816,-0.08672604414804987,-11129.196504610933,117196.6902006733
DD-201708,1996-07-19,18.609689712524414,6.550623694003903,1.1917533874511719,0.3333333333333333,1.4078995785870119,Hammer,1996-07-26,18.548574447631836,1996-08-23,20.245849609375,RSI > 90,4,0.0915043453358142,0.09094070614293545,9094.070605199475,109094.07060519946
DD-201708,1999-09-03,34.703792572021484,3.7548434485824345,2.427295684814453,0.39189157332771757,1.0025838596026573,Hammer,1999-09-10,34.83499526977539,1999-10-22,32.24369430541992,Time stop (5 bars),6,-0.07438786611817949,-0.07466421692118201,-8145.423344335935,100948.64726086352
DD-201708,2016-07-01,62.76009750366211,7.025378032025202,3.5105133056640625,0.2388890096277139,1.107855380158998,Hammer,2016-07-08,62.44805145263672,2016-08-05,67.71381378173828,RSI > 90,4,0.0843222839882416,0.08415541285580629,8495.375078977755,109444.02233984128
DDS,2002-06-28,16.67880630493164,7.61955456388381,1.5099115371704102,0.3529408049356485,1.0098003706408758,Hammer,2002-07-05,16.95160484313965,2002-08-16,14.210926055908203,Time stop (5 bars),6,-0.16167665613917404,-0.16221872318645933,-16221.872302424064,83778.12769757592
DDS,2008-10-10,6.670248508453369,9.542001248358673,2.608067035675049,0.296675225015463,1.4546123852423858,Hammer,2008-10-17,6.923717975616455,2008-11-28,1.894350528717041,Time stop (5 bars),6,-0.726396924977526,-0.7273160005406419,-60933.17270885095,22844.95498872496
DE,1996-07-19,10.220271110534668,0.8930377050180311,0.7375450134277344,0.380952504098933,1.0529182657129998,Hammer,1996-07-26,10.150028228759766,1996-08-30,11.273907661437988,RSI > 90,5,0.11072672975369158,0.10968747772887877,10968.74776191913,110968.74776191913
DE,2019-08-16,135.82388305664062,6.712217546283767,11.918609619140625,0.39022504218420734,1.4197999624201456,Hammer,2019-08-23,136.69764709472656,2019-09-20,149.39443969726562,RSI > 90,4,0.09288230538262776,0.09280575667088507,10298.53859256695,121267.28635448609
DELL-201310,2011-08-12,14.249472618103027,3.162706974761875,1.5140666961669922,0.3481016166398129,1.5795939343826069,Hammer,2011-08-19,14.393213272094727,2011-09-30,13.83741569519043,Time stop (5 bars),6,-0.03861525334178617,-0.039296374224493016,-3929.6374185196637,96070.36258148034
DFS-202505,2025-03-21,164.8300018310547,8.075844013116011,21.639999389648438,0.13123828179261163,1.617314610090902,Hammer,2025-03-28,168.8699951171875,2025-05-02,185.4600067138672,RSI > 90,5,0.09824132217903503,0.09817919808183746,9817.919798365827,109817.91979836584
DG,2015-10-16,58.39476776123047,7.934752188476722,3.5636863708496094,0.3923864187394763,1.1942752688962,Hammer,2015-10-23,58.29910659790039,2015-12-04,56.525089263916016,Time stop (5 bars),6,-0.030429580100087894,-0.030598485048197628,-3059.848501759914,96940.1514982401
DG,2016-08-19,79.70142364501953,7.644466562868757,4.017974853515625,0.3930131170202262,1.2919775593338838,Hammer,2016-08-26,79.93829345703125,2016-10-07,60.9856071472168,Time stop (5 bars),6,-0.23709145504841156,-0.23720171498822112,-22994.370163606152,73945.78133463395
DG,2022-02-25,184.61203002929688,2.657552906761609,13.248199462890625,0.0672261164616912,1.276068059677974,Hammer,2022-03-04,183.6100616455078,2022-04-14,228.241943359375,RSI > 90,6,0.2430797164048506,0.24301863536671842,17970.2028530983,91915.98418773225
DG,2023-01-20,215.92311096191406,6.607195121667246,13.205673217773438,0.25099399501067077,1.0987362335473665,Hammer,2023-01-27,216.26954650878906,2023-03-10,204.96824645996094,Time stop (5 bars),6,-0.052255623740205315,-0.052300653180971726,-4807.266005983,87108.71818174925
DG-200707,1998-08-07,18.868877410888672,9.42744999995675,1.9971790313720703,0.388059558952036,1.3418135584031965,Hammer,1998-08-14,18.123661041259766,1998-09-25,15.641032218933105,Time stop (5 bars),6,-0.13698274408657196,-0.13749657609315888,-13749.65759556623,86250.34240443377
DGN-199910,1997-10-17,25.125,1.5381897951930483,3.0625,0.22448979591836735,1.0275268635660748,Hammer,1997-10-24,25.1875,1997-12-05,18.125,Time stop (5 bars),6,-0.2803970223325062,-0.2807383149746948,-28073.83146939565,71926.16853060434
DGN-199910,1998-08-07,12.375,2.2644401271488164,2.0,0.3125,1.1251323279839116,Hammer,1998-08-14,12.25,1998-09-25,10.6875,Time stop (5 bars),6,-0.12755102040816324,-0.1283149734802121,-9229.204398308557,62696.964132295776
DGX,2004-07-30,29.09687614440918,1.4832819655139247,1.4817848205566406,0.3636356615290353,1.3897543873420222,Hammer,2004-08-06,29.064970016479492,2004-09-10,30.787811279296875,RSI > 90,5,0.059275521765222994,0.05892132884369651,5892.132878477518,105892.13287847751
DGX,2010-05-07,40.31415939331055,2.290044459667868,12.41232681274414,0.18355211740549637,5.213531830099617,Hammer,2010-05-14,41.142635345458984,2010-06-25,39.52267074584961,Time stop (5 bars),6,-0.039374351837386024,-0.0396125946466874,-4194.662131793626,101697.47074668389
DHI,2007-08-03,12.913389205932617,2.543776378605912,1.7887325286865234,0.3596497588533297,1.3840068166002342,Hammer,2007-08-10,12.803555488586426,2007-09-21,11.24174690246582,Time stop (5 bars),6,-0.12198241242542829,-0.12271552303624159,-12271.552291352607,87728.44770864739
DHI,2013-06-07,20.56938362121582,6.387932809760372,2.1302757263183594,0.39754118175843733,1.2667606024169658,Hammer,2013-06-14,20.691612243652344,2013-07-26,19.443130493164062,Time stop (5 bars),6,-0.06033757716831778,-0.060806171351751356,-5334.43101846074,82394.01669018666
DHI,2018-10-26,33.096099853515625,6.841125206937889,2.5338497161865234,0.39130516602971693,1.0464154509435395,Hammer,2018-11-02,33.702022552490234,2018-12-14,33.613346099853516,Time stop (5 bars),6,-0.0026311908283429553,-0.0029274746080896158,-241.20639147782708,82152.81029870884
DHI,2020-03-20,29.413570404052734,2.72209826505825,8.81094741821289,0.3755319328564248,1.906370696164573,Hammer,2020-03-27,28.916784286499023,2020-05-08,42.94868850708008,Time stop (5 bars),6,0.4852511981123855,0.48482154771919145,39829.452598671705,121982.26289738054
DHR,2005-04-08,16.108610153198242,3.6786095847990907,0.6058197021484375,0.3846151424325618,1.06135247287072,Hammer,2005-04-15,16.124143600463867,2005-05-27,16.636760711669922,RSI > 90,6,0.031791896916082196,0.03116204577604485,3116.2045744882807,103116.20457448828
DHR,2011-08-12,27.715993881225586,1.46400412758031,2.6485843658447266,0.37914664980581453,1.4854269719439381,Hammer,2011-08-19,27.948213577270508,2011-09-30,27.119747161865234,Time stop (5 bars),6,-0.029642911276413053,-0.029995349661230027,-3093.006608857697,100023.19796563058
DI-199809,1998-06-05,45.13851547241211,7.339883023705255,3.663238525390625,0.3050850987612153,1.015580717034851,Hammer,1998-06-12,45.2626953125,1998-07-24,40.916481018066406,Time stop (5 bars),6,-0.09602199481110707,-0.09623229688105392,-9623.229678482163,90376.77032151783
DIGI-199809,1995-10-13,41.0,7.391750702993406,7.0,0.375,1.1466626830627042,Hammer,1995-10-20,41.375,1995-12-01,37.25,Time stop (5 bars),6,-0.09969788519637457,-0.09992750120831313,-9992.750110838566,90007.24988916142
DIGI-199809,1996-01-19,26.125,5.725987285328969,6.375,0.3333333333333333,1.1486404491388795,Hammer,1996-01-26,26.375,1996-02-23,35.375,RSI > 90,4,0.34123222748815163,0.3407884761182714,30673.433498650345,120680.68338781178
DIGI-199809,1998-01-30,20.0,7.424586160724559,4.5,0.3333333333333333,1.5603551449098416,Hammer,1998-02-06,20.5,1998-03-20,18.125,Time stop (5 bars),6,-0.11585365853658536,-0.11631309436722749,-14036.743701151314,106643.93968666045
DINO,2020-02-21,34.70515823364258,9.231414735162517,3.1881484985351562,0.13379056516630491,1.3729775154178794,Hammer,2020-02-28,33.0356330871582,2020-04-09,18.889026641845703,Time stop (5 bars),6,-0.42822265303617413,-0.42846050824657794,-42846.05078181173,57153.949218188274
DIS,2011-08-12,28.467241287231445,4.628332501313878,4.430530548095703,0.32233001015121787,2.3503802800200426,Hammer,2011-08-19,28.759740829467773,2011-09-30,25.860538482666016,Time stop (5 bars),6,-0.10080766596586221,-0.1011377910216195,-10113.779092048171,89886.22090795184
DIS,2014-10-17,75.37507629394531,2.000295670659412,7.058258056640625,0.3261138854659835,2.6178672620421355,Hammer,2014-10-24,75.73473358154297,2014-12-05,83.28752136230469,Time stop (5 bars),6,0.09972686802455955,0.09958825340520902,8951.611736466093,98837.83264441794
DIS,2016-02-12,84.01631927490234,7.660385111448406,6.40606689453125,0.29496365178120565,1.2457976195378666,Hammer,2016-02-19,85.2330093383789,2016-04-01,89.86934661865234,Time stop (5 bars),6,0.05439602938184396,0.05427551999610582,5364.47475669939,104202.30740111733
DIS,2022-05-13,104.860595703125,0.48878352736718966,11.010704040527344,0.30257311035584245,1.1865725274632832,Hammer,2022-05-20,104.98760223388672,2022-07-01,95.96019744873047,Time stop (5 bars),6,-0.08598543630937872,-0.08607658628199423,-8969.378894825782,95232.92850629156
DISH-202312,2022-05-13,20.860000610351562,1.575741662908598,5.6699981689453125,0.3262784958650552,1.6773935595162321,Hammer,2022-05-20,20.770000457763672,2022-07-01,18.829999923706055,Time stop (5 bars),6,-0.09340397165626735,-0.09386283952301425,-9386.283942915143,90613.71605708486
DJ-200712,2002-06-28,42.2591667175293,6.08423868634155,2.433502197265625,0.32616533527294617,1.0765812702671538,Hammer,2002-07-05,42.215553283691406,2002-08-16,33.82101821899414,Time stop (5 bars),6,-0.1988493437071739,-0.19906264629515644,-19906.264609609374,80093.73539039063
DLR,2023-09-29,111.3117904663086,9.555222082811554,6.948936462402344,0.38848454838599883,1.0994460493160898,Hammer,2023-10-06,110.69554138183594,2023-11-17,117.6214828491211,Time stop (5 bars),6,0.06256748357546438,0.06247432380145472,6247.43237389804,106247.43237389805
DLR,2026-06-12,182.97999572753906,9.057740712295896,9.476806640625,0.39308324960713087,1.0382324098485955,Hammer,2026-06-18,184.83999633789062,2026-06-22,195.5399932861328,End of data,1,0.05788788768791364,0.05783222245681572,6144.525138368232,112391.95751226626
DLTR,2012-08-17,48.900001525878906,3.5703176367586025,12.369998931884766,0.15117211749021886,3.7417101133525117,Hammer,2012-08-24,48.86000061035156,2012-10-05,48.310001373291016,Time stop (5 bars),6,-0.011256635902375023,-0.011460129541918274,-1146.0129530458144,98853.98704695418
DLTR,2016-10-07,77.97000122070312,0.12652457500755077,5.370002746582031,0.3575413755919171,1.2913208882339702,Hammer,2016-10-14,78.08999633789062,2016-11-25,81.97000122070312,RSI > 90,6,0.049686324302333995,0.049555093978982924,4898.718613410256,103752.70566036445
DLX,1993-10-08,6.55840539932251,5.332965812464224,0.6292195320129395,0.3461539335949844,1.943043918682888,Hammer,1993-10-15,6.55840539932251,1993-11-26,6.870832920074463,Time stop (5 bars),6,0.04763772620463924,0.04607783648152674,4607.78364354489,104607.78364354488
DLX,1999-10-22,7.1916303634643555,7.587581456924482,1.1614799499511719,0.3972604483126693,1.9488461471757048,Hammer,1999-10-29,7.1916303634643555,1999-12-10,7.232935905456543,Time stop (5 bars),6,0.005743557427816626,0.0043500277784333545,455.0467642347199,105062.83040777959
DOC,2015-05-08,20.0181884765625,9.491990154434191,1.2161178588867188,0.34310597933487663,1.307691624096289,Hammer,2015-05-15,19.61098861694336,2015-06-26,19.027835845947266,Time stop (5 bars),6,-0.029736021084233677,-0.0302382297715934,-3023.822974135517,96976.17702586448
DOC,2022-02-25,24.589895248413086,0.869731062572427,1.5504684448242188,0.25564035566840365,1.2843192911068884,Hammer,2022-03-04,24.20907974243164,2022-04-08,27.28670310974121,RSI > 90,5,0.12712682183930224,0.12668758837586572,12285.677985032129,109261.8550108966
DOFSQ-202104,2010-05-21,53.5568962097168,1.2417242102225998,6.308399200439453,0.3802646051995847,1.3097171301950843,Hammer,2010-05-28,53.837772369384766,2010-07-09,49.77640914916992,Time stop (5 bars),6,-0.07543705917751464,-0.07561577981689958,-7561.577974128382,92438.42202587161
DOFSQ-202104,2016-01-22,16.530000686645508,5.554767191324643,2.9250001907348633,0.1948716778309046,1.1825230071020756,Hammer,2016-01-29,15.960000038146973,2016-03-11,23.520000457763672,RSI > 90,6,0.47368423568590723,0.4729095146618623,43715.009252648335,136153.43127851994
DOV,1990-09-28,2.6795995235443115,1.545166469549784,0.2809257507324219,0.15384608856238882,1.9320842162790681,Hammer,1990-10-05,2.657989740371704,1990-11-16,2.971330165863037,RSI > 90,6,0.11788624340119314,0.11390972368109546,11390.972356718576,111390.97235671859
DOV,1994-11-25,5.042096138000488,2.864253403586602,0.2922954559326172,0.33333278954889817,1.4319038313644592,Hammer,1994-12-02,5.029917240142822,1995-01-13,5.3587493896484375,Time stop (5 bars),6,0.06537526042799824,0.0633242085815439,7053.745160564093,118444.71751728268
DOV,1996-07-19,8.566710472106934,2.670734046804469,0.5727739334106445,0.3913039858673953,1.1756480942838916,Hammer,1996-07-26,8.5169038772583,1996-09-06,8.698823928833008,Time stop (5 bars),6,0.021359880796643305,0.020173901753749605,2389.492092054794,120834.20960933747
DOV,1998-06-19,14.76640796661377,0.7876140372256373,0.9181194305419922,0.3888885426469641,1.2589911071861304,Hammer,1998-06-26,14.715400695800781,1998-08-07,11.88453483581543,Time stop (5 bars),6,-0.19237436468808988,-0.19298835124751407,-23319.594863482962,97514.61474585452
DOV,2003-01-31,11.316736221313477,6.303056543450623,1.4745912551879883,0.24633412688095685,1.5078522760281994,Hammer,2003-02-07,11.321060180664062,2003-03-21,10.428967475891113,Time stop (5 bars),6,-0.07879939604036457,-0.07964752883028195,-7766.798081577486,89747.81666427702
DOV,2006-06-16,21.017871856689453,8.6907038165661,0.8749809265136719,0.13089056593902454,1.0124149381655236,Hammer,2006-06-23,21.072843551635742,2006-08-04,21.613407135009766,Time stop (5 bars),6,0.025652142391199284,0.025171625459419877,2259.0984246147646,92006.91508889178
DOV,2014-02-07,45.97690200805664,3.4274823420883536,2.8143653869628906,0.28107036213232056,1.4791634339634125,Hammer,2014-02-14,45.8692741394043,2014-03-07,50.530548095703125,RSI > 90,3,0.1016208353795276,0.10139177226356508,9328.744172037339,101335.65926092911
DOV,2014-10-17,48.98905563354492,0.3328336164905039,3.8986778259277344,0.23942114352529073,1.8248316695556492,Hammer,2014-10-24,49.02192687988281,2014-12-05,49.516632080078125,Time stop (5 bars),6,0.010091508671363991,0.009886509945501065,1001.8560021152268,102337.51526304433
DOW-201708,1998-09-11,13.31281852722168,8.532540723967202,1.3887090682983398,0.39849618896733685,1.8602722074532205,Hammer,1998-09-18,13.552970886230469,1998-10-02,14.535327911376953,RSI > 90,2,0.07248278133206476,0.07171847714572202,7171.847707400355,107171.84770740035
DOW-201708,2001-09-21,16.649017333984375,2.2101636101292,3.871344566345215,0.32080906557842676,2.4429062195839495,Hammer,2001-09-28,16.92314338684082,2001-11-09,20.211002349853516,Time stop (5 bars),6,0.19428181206390316,0.19363369556290244,20752.08091113642,127923.92861853678
DOW-201708,2007-08-17,28.719907760620117,9.9826204434125,2.484640121459961,0.36516853501316915,1.5498416537231745,Hammer,2007-08-24,28.88043212890625,2007-10-05,30.363595962524414,Time stop (5 bars),6,0.05135531999653398,0.05100023524120801,6524.150446000725,134448.0790645375
DOW-201708,2014-10-17,41.623924255371094,3.418389034778272,5.712558746337891,0.27215256228159623,2.46067748890598,Hammer,2014-10-24,41.714317321777344,2014-11-21,46.45067596435547,RSI > 90,4,0.11354275813847403,0.11328945308774234,15231.549330687445,149679.62839522495
DPHIQ-200910,2005-09-23,3.4600000381469727,3.7819150344141974,1.179999828338623,0.33898297893147245,1.445585114988754,Hammer,2005-09-30,3.25,2005-11-11,0.4000000059604645,Time stop (5 bars),6,-0.8769230750890878,-0.8783410120120245,-87834.10111336835,12165.898886631641
DRE-202209,2022-01-28,56.32374954223633,9.289377702513193,3.358348846435547,0.21700964706924694,1.3691222689991953,Hammer,2022-02-04,55.944583892822266,2022-03-18,53.38716125488281,Time stop (5 bars),6,-0.04571349825103577,-0.04588814534988564,-4588.81453039975,95411.18546960026
DRI,1996-08-02,2.57601261138916,0.04550277521083501,0.3122439384460449,0.24999961821744196,1.3143368065325165,Hammer,1996-08-09,2.57601261138916,1996-09-20,2.57601261138916,Time stop (5 bars),6,0.0,-0.0038744483292616583,-387.44483253872096,99612.55516746128
DRI,2001-09-21,8.12893295288086,3.619590611418218,0.8543248176574707,0.16917264486514938,1.2566697974331955,Hammer,2001-09-28,8.832304954528809,2001-10-19,9.654837608337402,RSI > 90,3,0.09312774615949326,0.09194348933180128,9158.725894194216,108771.28106165549
DRI,2022-03-11,111.93476104736328,5.8638026725378865,14.625274658203125,0.23079202322005005,1.5929778040952562,Hammer,2022-03-18,112.04756164550781,2022-04-29,116.44588470458984,Time stop (5 bars),6,0.03925407206091003,0.03916307663688253,4259.818011849686,113031.09907350517
DTE,1992-09-18,5.709653377532959,4.555789542639616,0.2227182388305664,0.20198726540119982,1.4889448222081902,Hammer,1992-09-25,5.731870174407959,1992-11-06,5.665220737457275,Time stop (5 bars),6,-0.011627869250818823,-0.013360845656332727,-1336.084564297188,98663.91543570282
DTE,2003-02-14,13.552129745483398,2.737013846818769,0.8686008453369141,0.2689400676772135,1.1402638254366726,Hammer,2003-02-21,13.617932319641113,2003-04-04,12.895215034484863,Time stop (5 bars),6,-0.0530709999280784,-0.05378557772762628,-5306.695687272244,93357.21974843057
DTE,2011-08-12,23.694486618041992,6.949921460889854,2.361879348754883,0.36111135786417725,2.5528148326276825,Hammer,2011-08-19,23.835796356201172,2011-09-30,25.00519561767578,Time stop (5 bars),6,0.049060633175378454,0.04863089488086835,4540.045135416009,97897.26488384657
DUK,2012-11-16,34.85931396484375,4.641247953328062,1.1333580017089844,0.35858607957509686,1.145695230262919,Hammer,2012-11-23,35.06538009643555,2013-01-04,35.95832824707031,Time stop (5 bars),6,0.025465235174380263,0.02517646367695079,2517.646365177432,102517.64636517744
DUK,2019-11-15,68.58445739746094,1.3312981154043655,2.121826171875,0.16760513749856173,1.0430867182818317,Hammer,2019-11-22,68.83222198486328,2020-01-03,70.14846801757812,RSI > 90,6,0.019122527135682077,0.018975867925089592,1945.361315471287,104463.00768064872
DVN,2001-07-20,14.993785858154297,6.086782306947725,1.3674240112304688,0.3632386417528218,1.002070597627822,Hammer,2001-07-27,15.065597534179688,2001-09-07,13.464784622192383,Time stop (5 bars),6,-0.10625618455262076,-0.10688447543861664,-10688.447533173217,89311.55246682678
DVN,2001-09-28,10.30495834350586,2.8851876280299678,1.8542938232421875,0.3780287476444788,1.3054035320480273,Hammer,2001-10-05,10.334914207458496,2001-11-16,11.323471069335938,Time stop (5 bars),6,0.09565215946969552,0.09463877961110924,8452.336322181702,97763.88878900847
DVN,2002-07-26,12.010696411132812,2.524863671405015,1.9481678009033203,0.06172795992954775,1.8075094715965434,Hammer,2002-08-02,12.311339378356934,2002-08-23,13.982914924621582,RSI > 90,3,0.1357752795933187,0.13490823005287406,13189.153186421998,110953.04197543046
DVN,2003-07-18,15.275135040283203,4.0116905258468165,1.0445051193237305,0.3323709898168717,1.2702232563306435,Hammer,2003-07-25,15.305323600769043,2003-09-05,15.356642723083496,Time stop (5 bars),6,0.003353024323633047,0.0026987752442003453,299.4373226525762,111252.47929808304
DVN,2014-10-17,38.96073532104492,1.3693149136972238,4.387016296386719,0.2625957583715207,1.870259182856023,Hammer,2014-10-24,39.067901611328125,2014-12-05,39.309017181396484,Time stop (5 bars),6,0.0061717051626455355,0.005914983544538061,658.0565836791659,111910.53588176222
DXC,1990-04-12,2.1545679569244385,6.47716617285829,0.17211031913757324,0.3333324098226444,1.1900028309733894,Hammer,1990-04-20,2.180065631866455,1990-06-01,2.4031717777252197,Time stop (5 bars),6,0.10233918768204853,0.09752848736023197,9752.84872627035,109752.84872627034
DXC,2007-08-10,16.152870178222656,6.219504119475317,2.4815263748168945,0.2799011094632771,2.606029926968029,Hammer,2007-08-17,16.278322219848633,2007-09-28,16.933128356933594,Time stop (5 bars),6,0.04022565275717027,0.03959917567061162,4346.12233271552,114098.97105898587
DXC,2013-11-01,16.58507537841797,7.49868467072109,1.8628997802734375,0.3657238280898048,2.30981402603534,Hammer,2013-11-08,16.614696502685547,2013-12-20,17.312461853027344,Time stop (5 bars),6,0.04199687609274183,0.04138254571800774,4721.705881504418,118820.67694049029
DXC,2020-03-20,11.443921089172363,0.1779609081782354,5.942601203918457,0.3778877143644417,1.577997679423944,Hammer,2020-03-27,11.247795104980469,2020-05-08,16.5,Time stop (5 bars),6,0.4669541759961364,0.46585802426095363,55353.56574549229,174174.24268598258
DXCM,2022-01-28,103.34750366210938,2.309329666642057,11.382499694824219,0.3110031522990066,1.0060411219905465,Hammer,2022-02-04,103.75,2022-03-18,97.0999984741211,Time stop (5 bars),6,-0.06409640024943519,-0.06418969231245636,-6418.969224826667,93581.03077517333
DYN-201804,2001-06-22,13961.54296875,3.209644491452579,2090.4296875,0.30605998318228533,1.1661333406991805,Hammer,2001-06-29,13964.7099609375,2001-08-10,14696.3603515625,Time stop (5 bars),6,0.05239280963740711,0.052372285709292095,5237.228566215752,105237.22856621575
DYN-201804,2005-04-01,1260.942626953125,3.6424078534256523,151.1844482421875,0.17021274877816203,1.1954095879746374,Hammer,2005-04-08,1248.075927734375,2005-05-20,1257.7259521484375,Time stop (5 bars),6,0.00773192095097941,0.0077128427982179545,811.6781997129729,106048.90676592872
DYN-201804,2006-03-10,1611.5618896484375,7.650670107166221,238.0350341796875,0.3513512681905432,1.809559110365554,Hammer,2006-03-17,1608.34521484375,2006-04-28,1614.778564453125,Time stop (5 bars),6,0.003999980570091655,0.003981083628637874,422.1895661761373,106471.09633210486
DYN-201804,2008-09-19,1386.3935546875,0.28403141481835803,562.9207763671875,0.16571414569006215,2.1762253058555228,Hammer,2008-09-26,1392.826904296875,2008-11-07,1164.44189453125,Time stop (5 bars),6,-0.1639722847548799,-0.16398952913180634,-17460.144937729303,89010.95139437556
E-199504,1991-09-27,16.6068058013916,2.0806309379619847,3.256237030029297,0.36666694001778344,1.5346935127772694,Hammer,1991-10-04,16.498266220092773,1991-11-15,18.58970832824707,Time stop (5 bars),6,0.12676738756992467,0.12612304015432615,12612.30400282031,112612.30400282031
EA,2011-08-12,19.341209411621094,5.851990358283814,2.3485069274902344,0.16942176279588791,1.531027196541129,Hammer,2011-08-19,19.360618591308594,2011-09-30,20.874530792236328,Time stop (5 bars),6,0.07819544575953596,0.07765887745009599,7765.887737243711,107765.88773724371
EA,2014-10-17,33.26241683959961,1.103269471350231,2.9210758209228516,0.1677731091065208,1.636596834706015,Hammer,2014-10-24,33.13140106201172,2014-11-07,39.94401168823242,RSI > 90,2,0.2056239823202648,0.20529117249306114,22123.385426210974,129889.27316345468
EA,2017-12-08,102.16000366210938,2.0825386439627493,6.569999694824219,0.16691420588682715,1.2545524753927022,Hammer,2017-12-15,102.4899673461914,2018-01-26,112.88356018066406,RSI > 90,6,0.10141083174868326,0.10130831886994583,13158.863890269899,143048.13705372458
EA,2018-08-03,127.00370788574219,7.255535038910537,8.432304382324219,0.3602261592289089,1.1685525011686215,Hammer,2018-08-10,126.17882537841797,2018-09-21,111.00086975097656,Time stop (5 bars),6,-0.12028924490239778,-0.120363727933383,-17217.807032493984,125830.33002123059
EA,2021-09-24,126.68767547607422,6.880359207835525,7.460823059082031,0.34379106354911776,1.0834538770488393,Hammer,2021-10-01,126.0732650756836,2021-11-12,136.52816772460938,Time stop (5 bars),6,0.08292719826562389,0.08284459373434273,10424.362559642756,136254.69258087335
EBAY,2022-02-25,50.28413391113281,7.381888397086513,6.649295806884766,0.29778443014148004,1.633558157978407,Hammer,2022-03-04,50.026268005371094,2022-04-14,50.270565032958984,Time stop (5 bars),6,0.004883375021331959,0.00468301198288117,468.3011978198158,100468.3011978198
EC-200606,1990-08-10,4.433257579803467,5.784441217493196,0.35796499252319336,0.38461610188795364,1.1354169995480066,Hammer,1990-08-17,4.350650310516357,1990-09-28,4.778909683227539,RSI > 90,6,0.09843571469671941,0.09602684855148469,9602.684845545784,109602.6848455458
EC-200606,1991-12-20,6.276589870452881,1.6463097222198542,0.5579419136047363,0.3807590704638707,1.3433877434302184,Hammer,1991-12-27,6.334173202514648,1992-01-10,7.341882228851318,RSI > 90,2,0.1590908543417493,0.15738787921757613,17250.134107142687,126852.8189526885
EC-200606,1993-04-30,11.938362121582031,1.5112697079865853,1.8570785522460938,0.09523809523809523,2.0634547460529027,Hammer,1993-05-07,11.98257827758789,1993-06-18,12.02679443359375,Time stop (5 bars),6,0.0036900369003689537,0.002854300944989807,362.0761206492035,127214.89507333771
EC-200606,1993-11-26,13.043047904968262,3.300883663334261,0.8695363998413086,0.2307685558388857,1.2436076091798267,Hammer,1993-12-03,12.976160049438477,1994-01-14,13.7072114944458,Time stop (5 bars),6,0.0563380416257242,0.05554599452292508,7066.277857911828,134281.17293124954
EC-200606,2004-02-06,26.996803283691406,6.728516718986128,1.7289543151855469,0.2793297075468576,1.4621730829054844,Hammer,2004-02-13,26.851919174194336,2004-03-12,28.21383285522461,RSI > 90,4,0.05071941682064662,0.05033763077074259,6759.396095716078,141040.56902696565
ECL,1992-06-05,2.689230442047119,8.594462032065778,0.17122435569763184,0.17647148922186623,1.2575945781205178,Hammer,1992-06-12,2.6791584491729736,1992-07-24,2.642975330352783,Time stop (5 bars),6,-0.013505404591266257,-0.017205809453767578,-1720.5809436561772,98279.41905634383
ECL,1993-12-03,3.725280284881592,7.002633743455036,0.13489866256713867,0.38461416103752877,1.085537633249048,Hammer,1993-12-10,3.735656976699829,1993-12-31,3.868558645248413,RSI > 90,3,0.035576518234281984,0.03285563720868447,3229.0329343664716,101508.4519907103
ECL,1999-07-16,15.351286888122559,3.874776597732506,1.896066665649414,0.1325299144439359,2.318428261371871,Hammer,1999-07-23,15.214221954345703,1999-09-03,13.912103652954102,Time stop (5 bars),6,-0.08558559913868435,-0.08621454535111361,-8751.505028922926,92756.94696178738
ECL,2000-09-22,13.326642036437988,4.660893185592954,0.8126001358032227,0.37142944325192795,1.006994450781625,Hammer,2000-09-29,13.326642036437988,2000-11-10,14.696454048156738,RSI > 90,6,0.1027874844970984,0.10199883915290535,9461.100904008825,102218.0478657962
ECL,2008-10-31,30.301280975341797,5.110393425266224,3.2854862213134766,0.26980199600473953,1.065588360061395,Hammer,2008-11-07,30.179296493530273,2008-12-19,29.404539108276367,Time stop (5 bars),6,-0.025671817281095244,-0.025998862866395158,-2657.553006275899,99560.49485952029
ECL,2011-08-12,39.80720138549805,1.4054507844993935,3.2143516540527344,0.14473613941228758,1.606302831433427,Hammer,2011-08-19,40.29780960083008,2011-09-30,42.039180755615234,Time stop (5 bars),6,0.04321255105511468,0.042959068410692046,4277.02610539546,103837.52096491575
ECL,2014-10-17,94.7979507446289,4.0876310199825525,5.6436767578125,0.3009606233642636,1.8853262626536966,Hammer,2014-10-24,94.87703704833984,2014-12-05,93.66448974609375,Time stop (5 bars),6,-0.012780197822032546,-0.012884918371042567,-1337.9379801464224,102499.58298476932
ECL,2025-04-11,232.2694854736328,2.387738311194056,17.416259765625,0.22357524846853666,1.6044024113190243,Hammer,2025-04-17,234.94435119628906,2025-05-09,251.91151428222656,RSI > 90,3,0.07221779540365247,0.07217369615875463,7397.773751344024,109897.35673611335
ECO-200301,1996-07-19,9.9375,9.480472620922114,1.3664064407348633,0.27272695548028625,1.4879580660920164,Hammer,1996-07-26,9.9375,1996-09-06,9.813281059265137,Time stop (5 bars),6,-0.012500019193445344,-0.013499516292166296,-1349.9516278666779,98650.04837213333
ECO-200301,1997-11-21,2.875,1.0973627428330985,0.8125,0.15384615384615385,1.454788356948571,Hammer,1997-11-28,2.875,1998-01-09,2.5625,Time stop (5 bars),6,-0.10869565217391308,-0.11197916666666669,-11046.750197291098,87603.29817484223
ED,2003-07-18,15.227646827697754,8.168043829661372,0.728327751159668,0.3589753662071973,1.1432388898850439,Hammer,2003-07-25,15.220176696777344,2003-09-05,14.86454963684082,Time stop (5 bars),6,-0.023365501401296007,-0.024014634918090357,-2401.4634894075725,97598.53651059243
ED,2022-10-14,72.00105285644531,7.760326501499918,4.5357818603515625,0.32558190387442515,1.0459595457584976,Hammer,2022-10-21,72.98555755615234,2022-11-25,83.12628173828125,RSI > 90,5,0.13894151831788104,0.13879499652177935,13546.188521972243,111144.72503256466
ED,2025-05-16,100.93657684326172,4.536053727496906,7.66448974609375,0.17793947839936294,1.6413599024563574,Hammer,2025-05-23,100.99464416503906,2025-07-03,95.64730072021484,Time stop (5 bars),6,-0.05294680216988468,-0.05304319128164472,-5895.470903952662,105249.254128612
EDS-200808,2002-02-01,56.29111099243164,3.0061760482339253,6.305614471435547,0.21571417422725878,1.6147819725408448,Hammer,2002-02-08,54.948917388916016,2002-03-22,58.01968765258789,Time stop (5 bars),6,0.05588409034408559,0.05569703506322218,5569.7035007525155,105569.70350075251
EFU-200011,1997-04-04,28.091657638549805,5.1338427895052945,1.5302848815917969,0.14285749897171915,1.2078721786061721,Hammer,1997-04-11,28.200963973999023,1997-05-09,30.3870849609375,RSI > 90,4,0.07751937093193173,0.07715109431978574,7715.1094242634645,107715.10942426346
EFX,2006-06-16,28.51280975341797,6.444722496796132,1.242532730102539,0.28947340143834094,1.1383004309274352,Hammer,2006-06-23,28.488285064697266,2006-08-04,26.779804229736328,Time stop (5 bars),6,-0.059971347207490866,-0.06031178332224345,-6031.178326193167,93968.82167380683
EFX,2007-03-09,30.55889892578125,4.140606412225694,1.4762744903564453,0.25000096900101165,1.1930148866400783,Hammer,2007-03-16,30.501489639282227,2007-04-27,32.806121826171875,RSI > 90,6,0.07555802074406093,0.07521783771328852,7068.13157170122,101036.95324550805
EFX,2011-08-12,26.22251319885254,1.5273480546005374,1.8215961456298828,0.1441854328767037,1.2971101607732656,Hammer,2011-08-19,26.400436401367188,2011-09-30,26.060443878173828,Time stop (5 bars),6,-0.012878291783682494,-0.013254563108649755,-1339.2006717590803,99697.75257374896
EFX,2016-02-12,88.13409423828125,8.971687217772768,6.8538818359375,0.24142874953247725,1.516694802541511,Hammer,2016-02-19,89.49042510986328,2016-03-18,98.0181655883789,RSI > 90,4,0.09529221107226293,0.0951751496577548,9488.748512259619,109186.50108600857
EFX,2023-10-20,172.56036376953125,1.8644702625014418,15.899002075195312,0.3618469860080598,1.4527128487481011,Hammer,2023-10-27,172.7169189453125,2023-11-24,200.77743530273438,RSI > 90,4,0.16246535966929043,0.16240276004751478,17732.189118566574,126918.69020457513
EFX,2026-02-06,194.4230499267578,6.163376654878562,37.32023620605469,0.21171803800690076,2.3805749648794854,Hammer,2026-02-13,193.3297882080078,2026-03-27,181.8833465576172,Time stop (5 bars),6,-0.05920681834128505,-0.059257010890687294,-7520.822200163453,119397.86800441169
EG,2020-03-27,164.24122619628906,3.1917492072955014,24.320785522460938,0.24616487868964362,1.6058454244696307,Hammer,2020-04-03,163.9549102783203,2020-05-15,151.84222412109375,Time stop (5 bars),6,-0.07387815428439914,-0.07393689186977735,-7393.689179584046,92606.31082041595
EHC,1997-10-31,82.78469848632812,4.817224472663426,15.787788391113281,0.2692306762987372,2.387667119184692,Hammer,1997-11-07,86.0232162475586,1997-12-19,86.42803192138672,Time stop (5 bars),6,0.004705888613408149,0.004589374173375714,458.93741687863394,100458.93741687865
EHC,2002-06-28,41.420684814453125,2.6316969371780914,3.659526824951172,0.18584043122076715,1.0347417342017742,Hammer,2002-07-05,41.420684814453125,2002-08-16,37.24299240112305,Time stop (5 bars),6,-0.10086005173609136,-0.10108927425308414,-10155.32106555294,90303.6163513257
EIX,1993-10-15,6.9509124755859375,2.6648257511615725,0.5020103454589844,0.23076923076923078,2.1131200257046134,Hammer,1993-10-22,6.873680114746094,1993-12-03,6.3330535888671875,Time stop (5 bars),6,-0.0786516853932584,-0.08004828203865844,-8004.828195861013,91995.17180413898
EIX,2000-12-15,8.966936111450195,4.2706821753771465,1.7933874130249023,0.2812502825042023,1.960513257448016,Hammer,2000-12-22,8.938915252685547,2001-02-02,5.9854302406311035,Time stop (5 bars),6,-0.3304075414706632,-0.33134090924716797,-30481.763841451073,61513.40796268792
EIX,2002-07-26,5.577434062957764,0.20583346475294206,1.2777886390686035,0.38947396310879095,1.9682984546985207,Hammer,2002-08-02,5.626752853393555,2002-09-13,4.949748992919922,Time stop (5 bars),6,-0.12031874832841194,-0.12198757267191888,-7503.871316641915,54009.536646046
EIX,2004-05-14,10.24462604522705,4.673922660228499,0.4608945846557617,0.37623918076985946,1.0577047688420484,Hammer,2004-05-21,10.075782775878906,2004-06-04,11.02951431274414,RSI > 90,2,0.09465582556508023,0.0936168904584847,5056.204870850199,59065.741516896196
EIX,2018-11-16,38.77730178833008,1.2755086756418592,7.519096374511719,0.15230994487302937,2.562803295234277,Hammer,2018-11-23,38.293033599853516,2019-01-04,41.17103576660156,Time stop (5 bars),6,0.07515733009878467,0.0748864079214505,4423.221208994022,63488.96272589022
EIX,2023-10-06,54.720985412597656,7.222748242080016,3.8884849548339844,0.2653052014876249,1.3397501406001093,Hammer,2023-10-13,54.56227111816406,2023-11-24,57.80708312988281,Time stop (5 bars),6,0.05946988542121989,0.05928117615986039,3763.700379796608,67252.66310568684
EIX,2025-01-17,58.29057693481445,0.6220416057362996,8.432140350341797,0.18081554083246057,2.1009172876992612,Hammer,2025-01-24,57.955894470214844,2025-03-07,50.80670166015625,Time stop (5 bars),6,-0.12335574966809915,-0.12351763849568576,-8306.890121053479,58945.77298463335
EKDKQ-201309,1994-10-28,32.07099914550781,6.5581829297123875,2.473339080810547,0.29999953730194595,1.7573155182987246,Hammer,1994-11-04,31.988554000854492,1994-12-16,30.270977020263672,Time stop (5 bars),6,-0.05369348613084979,-0.05399765779521336,-5399.76577412157,94600.23422587843
EKDKQ-201309,1997-10-31,42.51072311401367,6.332997715321497,3.239337921142578,0.28767165230171,1.0455441201684372,Hammer,1997-11-07,43.30946350097656,1997-12-19,38.88655471801758,Time stop (5 bars),6,-0.10212337963639873,-0.10234246080086035,-9681.62075333255,84918.61347254588
EKDKQ-201309,2003-03-14,24.557580947875977,3.956635275817007,2.231731414794922,0.2950191014212825,1.093785601536867,Hammer,2003-03-21,24.566131591796875,2003-05-02,25.198883056640625,Time stop (5 bars),6,0.025757065677163293,0.025344842687328926,2152.2488975355172,87070.8623700814
EKDKQ-201309,2009-10-30,3.75,9.51945636514155,0.8100001811981201,0.395061851946805,1.0192214400575126,Hammer,2009-11-06,3.8299999237060547,2009-12-11,4.53000020980835,RSI > 90,5,0.18276770236197493,0.17992185132444394,15665.950738374959,102736.81310845635
EL,2014-10-17,62.11045837402344,4.457954002801955,2.112506866455078,0.1832980907615104,1.163318361271309,Hammer,2014-10-24,62.0760383605957,2014-12-05,63.61965560913086,Time stop (5 bars),6,0.024866555426239945,0.024703472896622464,2470.3472871918993,102470.34728719191
ELV,2006-04-28,56.15618133544922,2.0392937117616583,4.587409973144531,0.19827584773175935,1.6766196403225195,Hammer,2006-05-05,56.353912353515625,2006-06-16,58.093963623046875,Time stop (5 bars),6,0.03087720438317887,0.03069703082059795,3069.703078990092,103069.7030789901
ELV,2011-08-12,48.09075927734375,0.973104780072461,4.022163391113281,0.29108979064593044,1.2148952485752968,Hammer,2011-08-19,48.61642837524414,2011-09-23,53.075965881347656,RSI > 90,5,0.09172902360664459,0.0915139199894223,9432.3125514719,112502.015630462
ELV,2025-05-16,393.2590026855469,5.127070610243393,65.12869262695312,0.3136696472625703,2.333319336456436,Hammer,2025-05-23,395.18975830078125,2025-07-03,373.1710205078125,Time stop (5 bars),6,-0.05571687355371735,-0.055741472603750376,-6271.028015861066,106230.98761460095
EMC-201609,2005-01-28,12.280688285827637,5.783116971721526,0.9847278594970703,0.2980760477336954,1.1487331900278748,Hammer,2005-02-04,12.394309997558594,2005-03-18,11.930352210998535,Time stop (5 bars),6,-0.037433127511854125,-0.03822452915955652,-3822.452912133199,96177.54708786681
EMC-201609,2005-03-18,11.769387245178223,6.999488474147782,0.8237628936767578,0.26436769632938095,1.094379203492778,Hammer,2005-03-24,11.949289321899414,2005-05-06,12.309093475341797,Time stop (5 bars),6,0.03011092490521361,0.029261810888378426,2814.329191778941,98991.87627964576
EMC-201609,2008-09-19,12.346967697143555,5.260494822075643,2.234574317932129,0.3474575149981584,1.715619856596786,Hammer,2008-09-26,12.271219253540039,2008-11-07,11.153931617736816,Time stop (5 bars),6,-0.09104943956411704,-0.09182693893953973,-9090.120969551383,89901.75531009436
EMC-201609,2013-10-18,23.93798828125,4.914660250150206,1.2026252746582031,0.2698414964109103,1.154814769335055,Hammer,2013-10-25,24.081157684326172,2013-12-06,22.830808639526367,Time stop (5 bars),6,-0.05192229797214554,-0.052326695744417756,-4704.26179229614,85197.49351779823
EMN,2003-01-31,8.139317512512207,7.11050002874299,0.6657929420471191,0.38214269599912337,1.0398191166575093,Hammer,2003-02-07,8.163095474243164,2003-03-21,6.842592716217041,Time stop (5 bars),6,-0.16176495328183726,-0.16289020644061514,-16289.020627772494,83710.9793722275
EMN,2011-08-12,27.374338150024414,6.394781713514831,3.0226192474365234,0.27931758420872294,1.349720436788785,Hammer,2011-08-19,27.674020767211914,2011-09-30,22.048978805541992,Time stop (5 bars),6,-0.203260740785974,-0.2035853077701757,-17042.32548219544,66668.65389003207
EMR,1991-11-22,4.861755847930908,8.602032631388994,0.29305124282836914,0.39515240663029455,1.384465832217924,Hammer,1991-11-29,4.798451900482178,1992-01-03,5.355527877807617,RSI > 90,5,0.11609493830071749,0.11389225678943986,11389.225667554758,111389.22566755477
EMR,1997-04-04,10.928926467895508,5.0148316736330685,0.5493373870849609,0.15789327490963886,1.0584071534728947,Hammer,1997-04-11,10.957839012145996,1997-05-09,11.998689651489258,RSI > 90,4,0.09498685262573692,0.09403135795400777,10474.080140491515,121863.30580804628
EMR,2002-07-26,12.819623947143555,9.150491454340994,1.1130485534667969,0.25761106865127376,1.0608355093592285,Hammer,2002-08-02,13.085504531860352,2002-09-13,11.775420188903809,Time stop (5 bars),6,-0.10011722052953886,-0.10084289262829045,-12289.048250640288,109574.25755740599
EMR,2017-11-17,49.02756118774414,9.363604644915384,2.9968605041503906,0.3494422798109492,1.5528745066575498,Hammer,2017-11-24,49.0439453125,2017-12-15,54.622520446777344,RSI > 90,3,0.11374645939945438,0.11353098621792809,12440.073512149487,122014.33106955548
EMR,2021-12-03,82.4918441772461,3.3673181320926204,4.9935455322265625,0.3485823068719691,1.2445384031659605,Hammer,2021-12-10,83.3873062133789,2022-01-14,86.99655151367188,RSI > 90,5,0.043282910363566796,0.043160400086351566,5266.187339964385,127280.51840951986
ENRNQ-200411,1992-11-27,9.79907512664795,5.865002912467716,0.48331451416015625,0.34065849500386747,1.1256138459132101,Hammer,1992-12-04,9.79907512664795,1992-12-24,10.462968826293945,RSI > 90,3,0.06775064902202654,0.06669611270814121,6669.6112641445125,106669.6112641445
ENRNQ-200411,1999-09-03,40.774757385253906,9.61227961893431,3.7458724975585938,0.34426217821943506,1.6373247170383098,Hammer,1999-09-10,40.83616638183594,1999-10-22,36.96747589111328,Time stop (5 bars),6,-0.09473686767138512,-0.09497012045296781,-10130.42582029663,96539.18544384788
ENRNQ-200411,2001-03-23,59.06144714355469,0.691659289167248,11.225654602050781,0.30115117281932674,1.6079980740210575,Hammer,2001-03-30,60.65232467651367,2001-05-11,59.06144714355469,Time stop (5 bars),6,-0.026229456850068944,-0.02639215530022933,-2547.877172243795,93991.30827160408
ENRNQ-200411,2001-07-27,45.94550704956055,9.24181978918314,6.159290313720703,0.33657000621198413,1.1275005124378454,Hammer,2001-08-03,46.842491149902344,2001-09-10,30.899999618530273,Time stop (5 bars),6,-0.34034252107459295,-0.3405196551577837,-32005.88784846967,61985.42042313442
EOG,2008-07-11,40.91014862060547,2.0184247754173725,3.5851593017578125,0.18768115016790307,1.0233912417139386,Hammer,2008-07-18,41.38633346557617,2008-08-29,35.71160888671875,Time stop (5 bars),6,-0.13711590526803918,-0.13734093837747996,-13734.0938240139,86265.90617598609
EOP-200702,2002-10-11,19.258737564086914,2.0711555069552503,1.9012432098388672,0.1659913382738145,1.9029286714995475,Hammer,2002-10-18,19.266433715820312,2002-11-29,19.66669464111328,Time stop (5 bars),6,0.02077503969841077,0.02025074683325693,2025.074681300618,102025.07468130063
EP-201205,2002-02-01,30.992429733276367,3.968090239722258,6.148294448852539,0.2721089680490973,1.5077695896764076,Hammer,2002-02-08,30.74984359741211,2002-03-08,33.808982849121094,RSI > 90,4,0.09948470931300735,0.09914338344954417,9914.338335040076,109914.33833504007
EQ-200906,2007-08-10,52.064640045166016,1.475892547333146,5.565441131591797,0.39778141358116503,2.1879157066876824,Hammer,2007-08-17,52.17048263549805,2007-09-07,55.12519073486328,RSI > 90,3,0.05663562900134611,0.0564385406827416,5643.854062630306,105643.8540626303
EQIX,2023-09-29,684.8156127929688,7.980885832187468,35.39300537109375,0.3073123875843064,1.0351250898234077,Hammer,2023-10-06,681.65673828125,2023-11-17,717.111083984375,Time stop (5 bars),6,0.0520120226384333,0.051991502518188557,5199.150247139667,105199.15024713967
EQR,2018-12-28,50.02817916870117,7.959284962394719,3.2249488830566406,0.28103113197169155,1.5952681978490972,Hammer,2019-01-04,50.08909606933594,2019-02-08,54.536048889160156,RSI > 90,5,0.08878085589064155,0.08857237015881012,8857.237007023774,108857.23700702378
EQT,2015-10-02,34.00931167602539,9.841906537117595,3.358633041381836,0.2207405228375862,1.297220007252352,Hammer,2015-10-09,34.38249588012695,2015-11-20,31.102529525756836,Time stop (5 bars),6,-0.09539640070940669,-0.09567333329064645,-9567.333319497313,90432.66668050268
ES,2014-08-08,28.705371856689453,1.550727001554833,1.2345714569091797,0.16577600417753924,1.3625113003500824,Hammer,2014-08-15,28.731779098510742,2014-09-05,30.197418212890625,RSI > 90,3,0.051011081122221524,0.050654219437394135,5065.4219386739915,105065.42193867399
ES,2022-02-18,68.804931640625,4.862773910102575,4.394805908203125,0.2797741807803679,1.473512026395961,Hammer,2022-02-25,68.92955017089844,2022-04-08,74.90663146972656,RSI > 90,6,0.08671290156411904,0.08656154691711038,9094.625441415901,114160.04738008988
ES,2025-04-11,53.1949577331543,2.7847647132031454,4.8831329345703125,0.21856846894422555,1.560819364842224,Hammer,2025-04-17,53.57276153564453,2025-05-16,59.258731842041016,RSI > 90,4,0.10613547152340352,0.10593892211454829,12093.992355898492,126254.03973598838
ESRX-201812,2006-06-16,17.020000457763672,0.9713770083007915,1.5249996185302734,0.303278514243833,1.2016878371382977,Hammer,2006-06-23,17.0,2006-08-04,19.172500610351562,RSI > 90,6,0.12779415355009194,0.12716851575134164,12716.851562417309,112716.85156241732
ESRX-201812,2012-11-16,52.130001068115234,0.690763935297241,3.829998016357422,0.38903358628540924,1.1147596840208054,Hammer,2012-11-23,52.400001525878906,2013-01-04,52.7599983215332,Time stop (5 bars),6,0.006870167655939952,0.006678690687213518,752.8009860691441,113469.65254848647
ESRX-201812,2015-08-28,84.45999908447266,6.024634925747378,17.44000244140625,0.34403664908639764,3.816256938244827,Hammer,2015-09-04,84.02999877929688,2015-10-16,82.62000274658203,Time stop (5 bars),6,-0.016779674559060376,-0.01689767422314383,-1917.3732210602734,111552.2793274262
ESY-199505,1993-10-01,42.30321502685547,3.046729559954514,1.792510986328125,0.3333333333333333,1.0746345935503117,Hammer,1993-10-08,42.78121566772461,1993-11-19,42.064212799072266,Time stop (5 bars),6,-0.01675975910131211,-0.016991520687368197,-1699.1520670376676,98300.84793296234
ETFC-202010,2007-11-16,53.10152053833008,0.33770326455322675,25.672245025634766,0.24714832852265847,1.2252621699419837,Hammer,2007-11-23,53.10152053833008,2008-01-04,34.06696701049805,Time stop (5 bars),6,-0.35845590361376545,-0.3586104556423813,-35861.045528377086,64138.95447162292
ETN,1995-10-06,5.155681610107422,4.7428088337186125,0.2830085754394531,0.39130464084972166,1.2617770153439245,Hammer,1995-10-13,5.14337682723999,1995-11-24,5.220742702484131,Time stop (5 bars),6,0.015041844656296766,0.013084876555210314,1308.4876542125435,101308.48765421256
ETN,1999-02-05,7.167067050933838,3.9347586591780583,0.8788862228393555,0.3604384431502888,1.9697866053671276,Hammer,1999-02-12,7.167067050933838,1999-03-26,7.234111785888672,Time stop (5 bars),6,0.009354556679652903,0.00795373698401311,805.7810642439649,102114.26871845653
ETN,1999-09-17,10.285185813903809,5.147377392444028,0.5616245269775391,0.1325287906728748,1.1800122992596482,Hammer,1999-09-24,10.285185813903809,1999-11-05,8.10634994506836,Time stop (5 bars),6,-0.2118421493066306,-0.21271101498264064,-21720.82972159217,80393.43899686437
ETN,2001-06-29,9.20322322845459,4.944709725489901,0.8034763336181641,0.37908572757938813,1.390315057734035,Hammer,2001-07-06,9.216351509094238,2001-08-10,9.893006324768066,RSI > 90,5,0.0734189462073076,0.07229469725954621,5812.019328120088,86205.45832498444
ETN,2011-08-12,28.354785919189453,2.006794304942204,2.75341796875,0.31527157408228407,1.2450392429573227,Hammer,2011-08-19,28.646404266357422,2011-09-30,23.743146896362305,Time stop (5 bars),6,-0.1711648458355921,-0.1714839986312391,-14782.856682624115,71422.60164236033
ETN,2014-10-03,46.69218063354492,1.0034164658427045,3.342021942138672,0.3871675430976919,1.6148354476203015,Hammer,2014-10-10,46.780906677246094,2014-11-07,50.55177307128906,RSI > 90,4,0.08060695403060869,0.08038460000331761,5741.277258476153,77163.87890083648
ETR,1995-03-24,2.857961893081665,4.951844409595097,0.13690829277038574,0.2500004353618292,1.0638558516026961,Hammer,1995-03-31,2.857961893081665,1995-05-12,3.0734527111053467,RSI > 90,6,0.0754001719005859,0.0717756036223358,7177.560355056019,107177.56035505602
ETR,1996-03-15,3.9813036918640137,2.015777167131702,0.16512298583984375,0.3333323707434274,1.1864630089772714,Hammer,1996-03-22,3.999650716781616,1996-05-03,3.816180467605591,Time stop (5 bars),6,-0.04587156783621793,-0.04831139164404077,-5177.897088588032,101999.663266468
ETR,1997-02-07,4.1296796798706055,5.2608182754811565,0.15438079833984375,0.375,1.038596233459077,Hammer,1997-02-14,4.141456604003906,1997-03-27,3.925551176071167,Time stop (5 bars),6,-0.05213272734139107,-0.05448156088613115,-5557.10085905985,96442.56240740816
ETR,1999-01-22,5.2724690437316895,6.632173005711564,0.25159120559692383,0.26087088367685385,1.158866849420096,Hammer,1999-01-29,5.283408164978027,1999-03-12,5.183775424957275,Time stop (5 bars),6,-0.018857664770476124,-0.020730763700650825,-1999.3279699539207,94443.23443745424
ETR,2000-01-28,4.30458927154541,2.880093397706247,0.42134904861450195,0.351351748972707,1.6832729654373402,Hammer,2000-02-04,4.30458927154541,2000-03-17,3.322326421737671,Time stop (5 bars),6,-0.22818968032578235,-0.23024534063124674,-21745.11466162323,72698.11977583102
ETR,2001-09-28,6.926023483276367,4.483126785889965,0.6154732704162598,0.3797454330496978,1.3655703286471106,Hammer,2001-10-05,6.927970886230469,2001-11-16,7.614255428314209,Time stop (5 bars),6,0.09905996335056044,0.09754613904796643,7091.420893087508,79789.54066891853
ETR,2002-07-26,7.292697906494141,3.0496265079459306,1.0754485130310059,0.17810753758015838,2.1959403749434454,Hammer,2002-08-02,7.3824849128723145,2002-08-23,8.426009178161621,RSI > 90,3,0.141351357653273,0.13990204751395735,11162.720098617156,90952.26076753568
ETR,2003-11-21,10.932629585266113,8.100809058736758,0.4018115997314453,0.3854152327154487,1.1193182098175138,Hammer,2003-11-28,10.945185661315918,2003-12-26,11.75090217590332,RSI > 90,4,0.07361378230751114,0.07266694275316772,6609.222719856476,97561.48348739215
ETR,2011-08-12,16.775117874145508,4.477362946737927,1.47174072265625,0.3415066561605773,2.0981231175274035,Hammer,2011-08-19,16.845979690551758,2011-09-30,17.99066734313965,Time stop (5 bars),6,0.06795019782850042,0.06733659843077874,6569.458429332119,104130.94191672427
ETR,2022-10-14,43.78229522705078,8.291206831103182,3.651073455810547,0.3920857333610558,1.3622467173840358,Hammer,2022-10-21,44.517765045166016,2022-11-11,48.41399383544922,RSI > 90,3,0.08752076359471861,0.08728633062975373,9089.20781584167,113220.14973256594
ETS-200603,1996-01-19,186.29563903808594,9.79163280045887,19.14886474609375,0.2033898034965815,1.0779304372823184,Hammer,1996-01-26,186.29563903808594,1996-03-08,187.91842651367188,Time stop (5 bars),6,0.008710818374305429,0.008656907909243582,865.6907900586675,100865.69079005867
ETS-200603,1996-07-19,160.33108520507812,7.767146041954533,26.289108276367188,0.3703704778560123,1.6247671661085894,Hammer,1996-07-26,160.6556396484375,1996-09-06,155.78729248046875,Time stop (5 bars),6,-0.030302995765490337,-0.03036429568962073,-3062.7156570244806,97802.9751330342
ETS-200603,1997-10-31,150.59437561035156,7.89540593027759,23.043548583984375,0.2816905512050865,1.25464576132214,Hammer,1997-11-07,153.1908416748047,1997-12-19,73.67440795898438,Time stop (5 bars),6,-0.5190678035741767,-0.5191161381823565,-50771.10270303465,47031.872429999545
ETS-200603,2000-04-07,152.54171752929688,5.400643035513241,43.81517028808594,0.09629628855732829,1.2946536516850597,Hammer,2000-04-14,157.0855255126953,2000-05-26,121.05970764160156,Time stop (5 bars),6,-0.229338876090033,-0.22939523407591833,-10788.88737431959,36242.98505567995
EXC,1996-03-01,3.19661021232605,4.3601682859871715,0.18306565284729004,0.3846161860717109,1.543364032710473,Hammer,1996-03-08,3.182528257369995,1996-04-19,2.8023147583007812,Time stop (5 bars),6,-0.11946900964311247,-0.12241883602662593,-12241.883590420708,87758.1164095793
EXC,2001-07-27,8.179352760314941,4.438828852335249,1.1371979713439941,0.39130403790216434,1.9305593847603186,Hammer,2001-08-03,8.200542449951172,2001-09-10,7.870746612548828,Time stop (5 bars),6,-0.04021634415224662,-0.04141052702790723,-3634.109847863003,84124.00656171629
EXC,2010-05-07,15.657919883728027,5.078313546604647,10.339353561401367,0.09733869490457034,7.32412617259327,Hammer,2010-05-14,16.125320434570312,2010-06-25,15.875822067260742,Time stop (5 bars),6,-0.01547245949759124,-0.016087613904644877,-1353.3545363233493,82770.65202539295
EXC,2011-08-12,16.553150177001953,8.532279600764497,1.066819190979004,0.34294291019192036,1.6942480143086411,Hammer,2011-08-19,16.687297821044922,2011-09-30,17.382431030273438,Time stop (5 bars),6,0.0416564273427098,0.04104487090834963,3397.3107239848705,86167.96274937782
EXC,2012-09-14,15.390484809875488,3.2035657899243404,0.663752555847168,0.09677512051092321,1.2710591911472067,Hammer,2012-09-21,15.42474365234375,2012-10-26,15.79301929473877,RSI > 90,5,0.02387564102817752,0.02321980523251253,2000.8033103221446,88168.76605969998
EXPD,2012-07-13,31.389368057250977,7.795556387014415,1.8665294647216797,0.3303569695043629,1.0361973325339946,Hammer,2012-07-20,31.314376831054688,2012-08-24,31.781005859375,RSI > 90,5,0.014901431085083905,0.014579760982585685,1457.9760968005926,101457.97609680059
EXPD,2022-02-25,99.89996337890625,0.6347405713680558,6.884422302246094,0.24242454466368557,1.1128745397107747,Hammer,2022-03-04,98.8473892211914,2022-04-14,92.50347900390625,Time stop (5 bars),6,-0.06417883433511173,-0.06427674907348667,-6521.388864556471,94936.58723224411
EXPE,2008-09-19,13.940855979919434,6.265498234677537,2.679973602294922,0.15838515726529062,1.5782345435916507,Hammer,2008-09-26,13.72446060180664,2008-11-07,8.18140983581543,Time stop (5 bars),6,-0.40388113797795033,-0.4044624131308183,-40446.24127263558,59553.758727364424
EXR,2024-02-16,127.02334594726562,4.752981839631573,7.4202423095703125,0.33373501160822794,1.0130577149083984,Hammer,2024-02-23,126.42217254638672,2024-03-15,135.8343048095703,RSI > 90,3,0.07445001200030865,0.07436797069659935,7436.797062223139,107436.79706222315
EXR,2025-04-11,126.5263671875,6.125740675422875,16.804649353027344,0.2778401530178392,2.096550120162569,Hammer,2025-04-17,126.93278503417969,2025-05-30,139.1818389892578,Time stop (5 bars),6,0.0965003166973748,0.0964177368604832,10358.812817919756,117795.6098801429
F,2002-10-11,3.6152453422546387,2.968733104302345,0.803870439529419,0.23243240678155114,1.3858828202559563,Hammer,2002-10-18,3.6195905208587646,2002-11-29,4.565037250518799,RSI > 90,6,0.2612026758860344,0.258083423293399,25808.342303531565,125808.34230353155
F,2018-12-28,5.338161945343018,3.4993570769203046,0.4306068420410156,0.36507915415348907,1.103667000546104,Hammer,2019-01-04,5.365501880645752,2019-02-15,5.848408222198486,Time stop (5 bars),6,0.0900020822459604,0.088056265887737,11078.212829696993,136886.55513322857
F,2022-05-13,10.176614761352539,5.331736440778272,1.5227231979370117,0.3316828365663738,1.2098084880309323,Hammer,2022-05-20,10.169075965881348,2022-07-01,9.136338233947754,Time stop (5 bars),6,-0.10155669358735953,-0.10248967428888917,-14029.45843610321,122857.09669712535
FANG,2019-08-09,74.1617660522461,5.9940094787672535,8.90679931640625,0.2797935982566865,1.3679964190039777,Hammer,2019-08-16,73.88487243652344,2019-09-27,74.48368072509766,Time stop (5 bars),6,0.008104612877130934,0.007968727907603992,796.8727899635264,100796.87278996351
FAST,2012-04-27,8.260388374328613,3.963617600325236,0.4364891052246094,0.1746043190617271,1.0660543483902825,Hammer,2012-05-04,8.24300479888916,2012-06-15,7.081822872161865,Time stop (5 bars),6,-0.14086876752562094,-0.1419957862882221,-14199.578614622627,85800.42138537738
FAST,2022-02-25,23.096416473388672,6.052259895529517,1.2385940551757812,0.11272752471588285,1.0218482525749373,Hammer,2022-03-04,22.970306396484375,2022-03-25,26.06454086303711,RSI > 90,3,0.1347058421051932,0.1342412768442852,11517.958109032814,97318.37949441021
FBF-200403,1990-08-17,4.762345790863037,7.434584219483398,0.446469783782959,0.25000026700415995,1.0821065189332002,Hammer,1990-08-24,4.762345790863037,1990-10-05,3.847564935684204,Time stop (5 bars),6,-0.19208618931744048,-0.1939823322552441,-19398.233206126177,80601.76679387382
FBF-200403,1994-10-07,12.859264373779297,3.52123115996811,0.9216537475585938,0.3809528736869118,1.4035992069228718,Hammer,1994-10-14,12.859264373779297,1994-11-25,10.972068786621094,Time stop (5 bars),6,-0.14675766298158488,-0.14747796936023627,-11886.984881720848,68714.78191215298
FBF-200403,1996-07-26,15.01084041595459,4.574788262011083,0.8550472259521484,0.16666629488434967,1.1582728860518685,Hammer,1996-08-02,15.01084041595459,1996-09-13,16.219038009643555,Time stop (5 bars),6,0.08048833777519926,0.07979557324116592,5483.13540733881,74197.9173194918
FBF-200403,1999-12-10,31.390361785888672,3.884369013527291,4.364152908325195,0.21686720659699232,1.6369863169237615,Hammer,1999-12-17,31.127460479736328,2000-01-28,25.606542587280273,Time stop (5 bars),6,-0.1773648671419925,-0.17765758977052415,-13181.823143791717,61016.09417570008
FBF-200403,2001-03-23,31.782997131347656,2.905553367807485,4.20256233215332,0.38284469170396207,1.4316386461901196,Hammer,2001-03-30,32.22259521484375,2001-05-11,35.106361389160156,Time stop (5 bars),6,0.08949515565363164,0.08917097770275982,5440.864767809981,66456.95894351006
FBIN,2018-04-27,42.857276916503906,7.546576906657961,2.350818634033203,0.33012739897412263,1.0845741647852913,Hammer,2018-05-04,42.857276916503906,2018-06-15,44.3160514831543,Time stop (5 bars),6,0.03403796674932069,0.03380069074427893,3380.069071047824,103380.06907104784
FBIN,2022-02-25,70.07109069824219,1.6305657609327824,6.032051086425781,0.11448801150470572,1.2558931503447082,Hammer,2022-03-04,69.01182556152344,2022-04-14,56.26872634887695,Time stop (5 bars),6,-0.18465095089081685,-0.18478246585360603,-19102.824063961503,84277.24500708634
FCN-199810,1994-10-07,24.872385025024414,3.101087371869639,1.7531204223632812,0.3125008159801554,1.79899698174979,Hammer,1994-10-14,24.981956481933594,1994-11-04,27.453733444213867,RSI > 90,3,0.09894248931495042,0.09852248168200158,9852.24815834791,109852.24815834792
FCX,2002-07-26,4.181436061859131,2.2605051344715434,0.9891257286071777,0.39358602972405293,2.1458758581653536,Hammer,2002-08-02,4.181436061859131,2002-09-13,4.325623512268066,Time stop (5 bars),6,0.034482758620689724,0.03205290811233473,3205.2908080281823,103205.29080802819
FCX,2006-06-16,15.924073219299316,7.149819231844802,2.175961494445801,0.21212134493248558,1.1135933596159542,Hammer,2006-06-23,15.792197227478027,2006-08-04,17.749513626098633,Time stop (5 bars),6,0.12394199302519637,0.12326974023172901,12722.089375723597,115927.3801837518
FCX,2008-07-11,38.460323333740234,8.933486166637095,4.258899688720703,0.3781296884306885,1.0967140714302601,Hammer,2008-07-18,38.95294952392578,2008-08-29,32.69877243041992,Time stop (5 bars),6,-0.16055721504900167,-0.1607932955932077,-18640.345490591826,97287.03469315998
FCX,2008-09-12,26.373201370239258,8.408648082255056,4.890537261962891,0.22773736861605662,1.138890838169142,Hammer,2008-09-19,24.91318130493164,2008-10-31,9.038424491882324,Time stop (5 bars),6,-0.6372031182507736,-0.6374765725741595,-62018.20537008076,35268.829323079226
FCX,2014-02-07,27.573505401611328,6.424100474101351,1.6535587310791016,0.05154791387187825,1.0811666843694703,Hammer,2014-02-14,27.616125106811523,2014-03-28,27.488271713256836,Time stop (5 bars),6,-0.0046296644826233635,-0.0049908681497079724,-176.0220767700206,35092.80724630921
FCX,2014-10-03,28.036020278930664,0.42110637671744655,1.3445491790771484,0.3096771173348881,1.0509389884086036,Hammer,2014-10-10,28.15746307373047,2014-11-21,24.73638153076172,Time stop (5 bars),6,-0.12149821644125502,-0.1218317280695953,-4275.4173453556505,30817.38990095356
FCX,2018-10-26,10.480998992919922,3.2091813926480626,1.3762006759643555,0.3973511677688453,1.1442150076306254,Hammer,2018-11-02,10.645049095153809,2018-12-14,9.89770793914795,Time stop (5 bars),6,-0.0702055151954244,-0.07111151781924456,-2191.471368892795,28625.91853206077
FDC-200709,1998-09-04,6.032398223876953,2.1499264598994614,0.9777789115905762,0.25423703190020636,1.444560455949409,Hammer,1998-09-11,6.231268405914307,1998-10-23,5.90470027923584,Time stop (5 bars),6,-0.052407969839416646,-0.05396947417453593,-5396.9474120566465,94603.05258794336
FDC-200709,1999-08-20,12.209346771240234,5.098750922544795,1.2790746688842773,0.3766234444049278,1.4134591751786902,Hammer,1999-08-27,12.19273567199707,1999-10-08,11.865924835205078,Time stop (5 bars),6,-0.026803733434701993,-0.027612570549895167,-2612.233461207795,91990.81912673557
FDC-200709,2003-10-31,19.117496490478516,6.475191466484034,1.7618083953857422,0.2583580077839547,1.2974080287050005,Hammer,2003-11-07,19.117496490478516,2003-12-19,21.15241241455078,RSI > 90,6,0.10644259435777892,0.10589181831360324,9741.075095746746,101731.89422248231
FDC-200709,2006-06-16,24.879547119140625,9.354771457321107,1.2488441467285156,0.23809552900784112,1.2338416118585773,Hammer,2006-06-23,24.86873435974121,2006-08-04,22.119945526123047,Time stop (5 bars),6,-0.11053191504864213,-0.11091172695336549,-11283.260063169357,90448.63415931296
FDO-201507,2003-03-07,23.499757766723633,2.0285940256243578,2.5360050201416016,0.10855244107801086,1.3585703210239526,Hammer,2003-03-14,23.357940673828125,2003-03-28,25.514530181884766,RSI > 90,2,0.09232789560395771,0.09188010781799036,9188.01077261103,109188.01077261101
FDO-201507,2004-05-14,23.731372833251953,0.4935422121934607,2.1681346893310547,0.3696498807541301,1.1502658569386008,Hammer,2004-05-21,23.663881301879883,2004-06-18,28.12138557434082,RSI > 90,4,0.18836742018761,0.18790513230161401,20516.987589460543,129704.99836207155
FDS,2022-01-28,392.695068359375,3.561148286699833,24.529144287109375,0.3449216256869183,1.2038221088980545,Hammer,2022-02-04,393.5239562988281,2022-03-18,393.9843444824219,Time stop (5 bars),6,0.0011699114532284227,0.0011444854981694744,114.4485497024989,100114.44854970249
FDX,2011-08-12,53.60561752319336,3.619029418810399,4.515983581542969,0.23156377815207824,1.2833545126183283,Hammer,2011-08-19,54.08518600463867,2011-09-30,45.437068939208984,Time stop (5 bars),6,-0.15989807384018195,-0.16006816956937783,-16006.816940930967,83993.18305906904
FDX,2015-08-28,104.01854705810547,5.005209548882519,16.188209533691406,0.3048461675136593,2.925043525637083,Hammer,2015-09-04,103.64340209960938,2015-10-16,106.01124572753906,Time stop (5 bars),6,0.02284606236346831,0.022748480248289103,1910.7172638994457,85903.90032296849
FDX,2022-02-25,161.961669921875,0.7468540194005726,11.982391357421875,0.15243009481992364,1.2315641366376293,Hammer,2022-03-04,159.36404418945312,2022-04-14,146.96946716308594,Time stop (5 bars),6,-0.07777524151955151,-0.07783554886368649,-6686.377224483291,79217.5230984852
FE,1993-05-21,4.787223815917969,8.567073445690838,0.27570390701293945,0.2727272727272727,1.5956077726602012,Hammer,1993-05-28,4.762159824371338,1993-07-09,4.9889044761657715,Time stop (5 bars),6,0.04761382653182311,0.04546620205313045,4546.620200766425,104546.62020076643
FE,1993-10-15,5.036802768707275,7.629057870851838,0.18080806732177734,0.28571240196000863,1.2759770204952552,Hammer,1993-10-22,5.01097297668457,1993-12-03,4.701015472412109,Time stop (5 bars),6,-0.06185575250847575,-0.06378772488601896,-6668.79104046081,97877.82916030561
FE,1999-02-05,9.035737037658691,4.693513068827826,0.44066619873046875,0.16666666666666666,1.1891304422802427,Hammer,1999-02-12,9.054329872131348,1999-03-26,8.55234432220459,Time stop (5 bars),6,-0.055441491199899606,-0.05651472649227026,-5531.538739120288,92346.29042118533
FE,2002-07-12,10.567903518676758,3.045253776812558,1.1310138702392578,0.3750002108007562,1.6837871541129394,Hammer,2002-07-19,10.30282211303711,2002-08-30,12.09402084350586,RSI > 90,6,0.1738551545214182,0.1728006858224619,15957.502301983564,108303.79272316891
FE,2002-09-27,10.859936714172363,6.633047805139867,0.8656463623046875,0.3966944880224216,1.0434612142186364,Hammer,2002-10-04,10.709700584411621,2002-11-15,11.563549041748047,RSI > 90,6,0.07972664133852958,0.07875613981823314,8529.588634021242,116833.38135719016
FE,2003-02-14,10.708919525146484,1.6451021409809243,1.025477409362793,0.21428524929530704,1.4183809235622011,Hammer,2003-02-21,10.75653076171875,2003-03-28,11.63184928894043,RSI > 90,5,0.08137554259937008,0.08040849823148011,9394.396728843069,126227.77808603323
FE,2017-09-29,21.534292221069336,2.3628297847933055,0.9219989776611328,0.22727263324044825,1.2282421235354086,Hammer,2017-10-06,21.597156524658203,2017-11-17,23.9135684967041,RSI > 90,6,0.10725541435981034,0.10676767245034995,13477.04605134801,139704.82413738122
FE,2024-12-20,37.44170379638672,8.689129823618188,1.4773406982421875,0.3757965895123891,1.187551172763538,Hammer,2024-12-27,37.4040641784668,2025-02-07,37.357017517089844,Time stop (5 bars),6,-0.0012577954404227043,-0.0015249422200139771,-213.0417844536786,139491.78235292752
FFB-199512,1990-09-28,10.539704322814941,0.6022475226476587,1.1366338729858398,0.27272712017566014,1.0110070661240815,Hammer,1990-10-05,11.159687042236328,1990-11-09,12.812973976135254,RSI > 90,5,0.14814814498307105,0.14718611705660206,14718.611690941598,114718.61169094159
FFIV,2020-03-20,100.13999938964844,3.45670932188915,25.209999084472656,0.38952796713398347,2.5070725210295346,Hammer,2020-03-27,100.7699966430664,2020-05-08,132.13999938964844,RSI > 90,6,0.3113030047792551,0.3111883283673588,31118.83280561705,131118.83280561704
FG-199804,1997-10-31,20.129840850830078,8.600256145349945,4.721814155578613,0.05263148327641425,2.8600098224410617,Hammer,1997-11-07,20.50261688232422,1997-12-19,21.74519920349121,Time stop (5 bars),6,0.06060603523437291,0.060103635065923755,6010.363500582012,106010.36350058201
FHI,2004-07-30,9.831501007080078,1.0906432080131907,0.6785173416137695,0.2835045967754404,1.3921758240318123,Hammer,2004-08-06,9.817510604858398,2004-09-17,10.404105186462402,RSI > 90,6,0.05974982917907057,0.058701344778269667,5870.134471956833,105870.13447195683
FHI,2008-10-24,8.990072250366211,1.6103105350905338,2.3492074012756348,0.3763254709848183,1.1643479312411904,Hammer,2008-10-31,9.081384658813477,2008-12-12,9.381113052368164,Time stop (5 bars),6,0.033004701905650524,0.031885992551906994,3375.7743158664334,109245.90878782325
FHN,2006-06-16,19.583961486816406,8.910164149711179,0.8531990051269531,0.30548911075243335,1.1569079517685987,Hammer,2006-06-23,19.56914710998535,2006-08-04,20.522174835205078,Time stop (5 bars),6,0.04870052434392691,0.04817720638968021,4817.720634150301,104817.7206341503
FHN,2007-03-16,20.903701782226562,5.9087620344859175,1.8466720581054688,0.24498754374150475,2.328723079752917,Hammer,2007-03-23,20.980310440063477,2007-05-04,20.331697463989258,Time stop (5 bars),6,-0.03091531833750394,-0.03138447620087847,-3289.6492553831686,101528.07137876713
FHN,2007-09-28,13.98939323425293,3.3724097474517976,3.4002723693847656,0.39506159681655356,2.2944458960582614,Hammer,2007-10-05,13.98939323425293,2007-11-16,12.068868637084961,Time stop (5 bars),6,-0.13728433857056632,-0.1379498606944087,-14005.783289267129,87522.28808949998
FIS,2007-08-17,19.762107849121094,5.438103343565615,3.0017356872558594,0.3890406119303026,2.5097587129119794,Hammer,2007-08-24,19.762107849121094,2007-10-05,18.405189514160156,Time stop (5 bars),6,-0.06866263180631749,-0.06915115480698487,-6915.115473783373,93084.88452621661
FIS,2011-08-12,21.371665954589844,7.03295386437685,1.956024169921875,0.24902683516654966,1.9029224553692232,Hammer,2011-08-19,21.249889373779297,2011-09-30,18.49284553527832,Time stop (5 bars),6,-0.12974391489787962,-0.1301838739238271,-12118.150859256839,80966.73366695979
FIS,2014-10-17,43.211273193359375,2.2349924105992187,2.4109649658203125,0.3187921268314294,1.7855518083622053,Hammer,2014-10-24,42.903831481933594,2014-11-21,47.75003433227539,RSI > 90,4,0.11295501317597911,0.11270879870914309,9125.663277880507,90092.39694484028
FISV,2003-03-14,7.340000152587891,6.694851257171763,0.7600002288818359,0.2993419649198537,1.0538468686733873,Hammer,2003-03-21,7.34499979019165,2003-05-02,7.190000057220459,Time stop (5 bars),6,-0.021102755261909523,-0.022448943902199585,-2244.894387975064,97755.10561202494
FISV,2007-08-10,11.760000228881836,0.6008369115496919,1.0625,0.32235268985523896,1.5784327937026825,Hammer,2007-08-17,11.824999809265137,2007-09-28,12.3774995803833,Time stop (5 bars),6,0.04672302579533816,0.04585796955747063,4482.850652760715,102237.95626478567
FISV,2011-03-18,15.005000114440918,9.044896470155408,0.5900001525878906,0.1567791678789642,1.0226230410053205,Hammer,2011-03-25,15.102499961853027,2011-05-06,15.302499771118164,Time stop (5 bars),6,0.013242827993399153,0.012576522240270912,1285.797929478124,103523.75419426378
FISV,2011-08-12,13.7524995803833,4.007235035702152,1.2799997329711914,0.2695315148449124,1.8572067352966595,Hammer,2011-08-19,13.792499542236328,2011-09-30,12.454999923706055,Time stop (5 bars),6,-0.09697296812912637,-0.09766259563230012,-10110.39853410162,93413.35566016215
FISV,2016-10-28,49.165000915527344,9.493021235029843,3.9850006103515625,0.30740233036326253,2.2590653448484463,Hammer,2016-11-04,49.2400016784668,2016-11-25,51.255001068115234,RSI > 90,3,0.04092200083188913,0.040714779598132446,3803.304183422156,97216.65984358432
FITB,1999-06-04,21.062015533447266,9.652156795110841,1.4325275421142578,0.2702710979326469,1.0654562141146258,Hammer,1999-06-11,21.21688461303711,1999-07-23,21.128562927246094,Time stop (5 bars),6,-0.004162801815717265,-0.004633032719941169,-463.30327153081373,99536.69672846918
FITB,2003-03-14,24.650516510009766,6.415381047435488,2.2547988891601562,0.31808277024169235,1.3373401835719476,Hammer,2003-03-21,24.512969970703125,2003-05-02,24.01947784423828,Time stop (5 bars),6,-0.020131878228327516,-0.020535636802984765,-2044.0494505406355,97492.64727792854
FITB,2007-03-16,21.86903953552246,6.32871955531445,1.2893562316894531,0.38793095796708255,1.8718754097482924,Hammer,2007-03-23,21.86903953552246,2007-05-04,23.029306411743164,RSI > 90,6,0.05305522788671402,0.05258593751523225,5126.742252824986,102619.38953075353
FITB,2016-02-12,10.394489288330078,0.6844766061400236,1.0415458679199219,0.30872415624370503,1.2968366327306193,Hammer,2016-02-19,10.42944049835205,2016-03-11,11.932341575622559,RSI > 90,3,0.14410179314105864,0.14307437734742823,14682.20524620355,117301.59477695708
FITB,2018-10-26,19.327600479125977,4.82021598383524,1.7414264678955078,0.24463504740917122,1.5790370257923325,Hammer,2018-11-02,19.581714630126953,2018-12-14,19.006221771240234,Time stop (5 bars),6,-0.02938929862665396,-0.029892346416593753,-3506.4199027852856,113795.17487417179
FJ-200011,1994-04-08,14.345133781433105,1.0282661349441184,1.7419090270996094,0.3529414341120073,2.1270470718695806,Hammer,1994-04-15,14.345133781433105,1994-05-27,13.320481300354004,Time stop (5 bars),6,-0.07142857617719178,-0.07210054601844795,-7210.054594634741,92789.94540536526
FJ-200011,1997-10-31,37.45477294921875,4.6465696083949695,4.010906219482422,0.13235340273055396,1.6536716096797786,Hammer,1997-11-07,38.22156524658203,1997-12-19,35.35480499267578,Time stop (5 bars),6,-0.0750037376913184,-0.07525552545329632,-6982.9560912804845,85806.98931408479
FJCC-200809,1993-06-18,1.9497630596160889,8.521385809872314,0.42799675464630127,0.33333342617616313,1.823788073158603,Hammer,1993-06-25,1.9973182678222656,1993-07-16,2.52042555809021,RSI > 90,3,0.26190482443156315,0.2562566094080554,25625.660915179877,125625.66091517988
FL-202509,1993-06-25,14.285749435424805,7.799658204080515,0.8968629837036133,0.2857142857142857,1.1091343800348104,Hammer,1993-07-02,14.285749435424805,1993-08-13,13.218911170959473,Time stop (5 bars),6,-0.0746784947676501,-0.07535211986825534,-7535.211979290323,92464.78802070969
FL-202509,1998-08-07,7.889925956726074,4.153202772432749,1.0427212715148926,0.13333333333333333,1.152153677198203,Hammer,1998-08-14,7.820411205291748,1998-09-25,5.422151565551758,Time stop (5 bars),6,-0.3066666926819893,-0.30774863793885515,-28455.912542222475,64008.875478487214
FLIR-202105,2011-08-12,20.693078994750977,1.1042208580373511,1.8541545867919922,0.33962273855557645,1.03119098914605,Hammer,2011-08-19,20.780540466308594,2011-09-23,24.11223602294922,RSI > 90,5,0.1603276662626889,0.15980799546804095,15980.799530823297,115980.7995308233
FLIR-202105,2019-08-09,47.29262924194336,2.996512607809805,3.1151962280273438,0.33124915812546685,1.212115051610785,Hammer,2019-08-16,47.05898666381836,2019-09-20,51.22243118286133,RSI > 90,5,0.08847288932900166,0.08825101342798132,10235.423086547275,126216.22261737057
FLMIQ-200408,1996-03-22,13.394322395324707,2.725674389037451,1.8984079360961914,0.3888889167974882,1.6969788783637225,Hammer,1996-03-29,13.394322395324707,1996-05-10,11.284979820251465,Time stop (5 bars),6,-0.15748034971963265,-0.1581678918191209,-15816.7891660953,84183.21083390471
FLR,2001-07-20,15.213720321655273,1.0213138213038064,2.3099756240844727,0.2334437708102395,1.164812089461555,Hammer,2001-07-27,15.20224666595459,2001-08-31,16.567581176757812,RSI > 90,5,0.08981136412296786,0.08912425375709171,8912.425366796746,108912.42536679674
FLR,2014-10-17,55.67215347290039,0.8295047849208999,4.096042633056641,0.36026162441455345,1.4892399677864203,Hammer,2014-10-24,55.4217414855957,2014-12-05,54.816200256347656,Time stop (5 bars),6,-0.010926059214603101,-0.011105491911481307,-1209.5260577612466,107702.89930903549
FLS,2011-06-17,27.246562957763672,1.9930693818571399,1.972146987915039,0.30457565139515247,1.0249627348092363,Hammer,2011-06-24,27.00423240661621,2011-08-05,26.246435165405273,Time stop (5 bars),6,-0.028062165582061538,-0.028427214429939052,-2842.7214401511837,97157.27855984883
FLS,2016-10-28,34.924781799316406,9.396301170145762,4.211494445800781,0.39489301804861876,1.7717371352211304,Hammer,2016-11-04,35.106815338134766,2016-12-09,41.37027359008789,RSI > 90,5,0.17841146203738534,0.17810125143718436,17303.832880436363,114461.11144028518
FLS,2019-12-06,41.924896240234375,8.875678759017475,2.681243896484375,0.3928567363616704,1.1239085256426846,Hammer,2019-12-13,41.890071868896484,2019-12-27,43.51797103881836,RSI > 90,2,0.0388612169254976,0.03861788744472889,4420.246313979256,118881.35775426445
FMC,1994-03-31,3.966432571411133,4.74573502848375,0.1565697193145752,0.333332825745659,1.3753167204962156,Hammer,1994-04-08,3.924680709838867,1994-05-20,3.9873085021972656,Time stop (5 bars),6,0.015957423543116578,0.013392383820556403,1339.238380716402,101339.23838071642
FMC,1997-11-21,6.273226261138916,4.371345614044671,0.42795705795288086,0.2682923839904801,1.235587468795538,Hammer,1997-11-28,6.26278829574585,1998-01-09,5.673042297363281,Time stop (5 bars),6,-0.09416668271912809,-0.095687022292957,-9696.849952390046,91642.38842832636
FMC,1998-06-26,5.740889072418213,2.693233162725818,0.27138710021972656,0.3076923076923077,1.0208225808981803,Hammer,1998-07-02,5.761765003204346,1998-08-14,5.239866256713867,Time stop (5 bars),6,-0.09057966546713203,-0.09223520399997659,-8452.654383279121,83189.73404504725
FMC,2011-08-12,24.668371200561523,7.255879835929676,2.2566146850585938,0.17903992507919764,1.309725398279453,Hammer,2011-08-19,24.87859344482422,2011-09-30,22.753368377685547,Time stop (5 bars),6,-0.08542384326718466,-0.08580854979298826,-7138.390428931498,76051.34361611576
FMC,2020-03-13,73.53657531738281,6.1095340755314,11.571178436279297,0.2692189897851031,2.114665150308994,Hammer,2020-03-20,63.531253814697266,2020-05-01,74.46529388427734,Time stop (5 bars),6,0.17210489976274657,0.17193396547174344,13075.809074297133,89127.15269041288
FMC,2023-07-14,84.98661804199219,1.3099407688155367,7.90447998046875,0.27064946296339193,1.3505392064999544,Hammer,2023-07-21,84.78135681152344,2023-09-01,78.89128112792969,Time stop (5 bars),6,-0.06947371338592656,-0.06958755990317375,-6202.141070641277,82925.01161977161
FMCC,1998-08-14,35.078033447265625,2.806917963232266,2.4946632385253906,0.3673460649794101,1.0388893406541397,Hammer,1998-08-21,34.874385833740234,1998-10-02,40.42377471923828,RSI > 90,6,0.1591250642220381,0.15881555116545584,15881.55510066403,115881.55510066405
FMCC,2002-07-05,52.086891174316406,3.5259635010702652,3.3954849243164062,0.30226624694137555,1.2912108082836664,Hammer,2002-07-12,52.17241668701172,2002-08-23,54.60997772216797,RSI > 90,6,0.04672125981396369,0.04652512886404611,5391.404278633052,121272.95937929708
FMCC,2003-03-14,45.782081604003906,3.1369204162005673,3.7548866271972656,0.20390401098828534,1.3769123705942514,Hammer,2003-03-21,45.366512298583984,2003-04-25,49.781951904296875,RSI > 90,5,0.09732816965633728,0.09709704134879313,11775.245539566877,133048.20491886395
FNMA,1990-08-24,4.787665843963623,1.03933445815872,1.01118803024292,0.32653074697670254,1.8000805850314696,Hammer,1990-08-31,5.117849826812744,1990-10-12,4.932121276855469,Time stop (5 bars),6,-0.03629034775194684,-0.03820696615638463,-3820.696611817767,96179.30338818222
FNMA,2002-07-05,62.009307861328125,2.788286125494807,4.148090362548828,0.3865028135998168,1.378528225224128,Hammer,2002-07-12,62.60310745239258,2002-08-23,64.7665786743164,RSI > 90,6,0.0345585276828162,0.03439604405166421,3308.1875528901046,99487.49094107233
FNMA,2005-09-30,41.0416145324707,0.021527323174538537,5.192008972167969,0.3862433084947401,2.044502187273215,Hammer,2005-10-07,41.0324592590332,2005-11-18,44.207820892333984,Time stop (5 bars),6,0.07738657859269638,0.0771334700162759,7673.8153918239095,107161.30633289623
FOX,2022-05-13,29.51970672607422,0.681342560516299,2.8415088653564453,0.2417945332464295,1.3634618684913324,Hammer,2022-05-20,29.47245979309082,2022-07-01,28.744861602783203,Time stop (5 bars),6,-0.024687392752951953,-0.025022447506840576,-2502.2447481818135,97497.75525181818
FOXA,2022-05-13,32.08062744140625,0.8986153795286356,3.008747100830078,0.22712986148530856,1.2861210562865548,Hammer,2022-05-20,32.033172607421875,2022-07-01,31.2169189453125,Time stop (5 bars),6,-0.02548151168517898,-0.025789662607597283,-2578.9662581807625,97421.03374181925
FOXA,2026-02-27,56.064979553222656,8.836416181883038,4.045158386230469,0.1869618846978633,1.0550858541609929,Hammer,2026-03-06,55.547515869140625,2026-04-17,61.02000045776367,Time stop (5 bars),6,0.09851897970586432,0.09833010266340518,9579.420239828727,107000.45398164798
FRM-199612,1992-09-04,5.218835353851318,0.7325835458831449,0.5332293510437012,0.18439758804503056,1.083568891012002,Hammer,1992-09-11,5.291318893432617,1992-10-23,4.493997097015381,Time stop (5 bars),6,-0.15068488830012527,-0.15243073777493038,-15243.07376224997,84756.92623775004
FRM-199612,1995-05-26,13.701169967651367,0.3668279197660098,1.2315664291381836,0.2500001935897029,1.499907198297753,Hammer,1995-06-02,13.547224044799805,1995-06-30,16.46454620361328,RSI > 90,4,0.21534464545401177,0.21452730925955002,18182.675308712,102939.60154646203
FRO-199909,1999-08-13,47.25,5.724934433887839,9.125,0.1095890410958904,1.9832015026596188,Hammer,1999-08-20,47.5,1999-09-28,50.0,Time stop (5 bars),6,0.05263157894736836,0.05241553520682046,5241.553515440493,105241.5535154405
FRX-201406,2007-08-10,38.95000076293945,1.5620031973557928,5.240001678466797,0.24809137798614625,1.8664130230895946,Hammer,2007-08-17,38.279998779296875,2007-09-28,37.540000915527344,Time stop (5 bars),6,-0.019331188280229172,-0.019589862548855634,-1958.986252926577,98041.01374707343
FRX-201406,2010-05-07,26.56999969482422,1.4941465455264193,2.510000228881836,0.3824704797931249,1.6159778875767796,Hammer,2010-05-14,27.290000915527344,2010-06-25,27.540000915527344,Time stop (5 bars),6,0.00916086447830633,0.008792818902727017,862.0568780557298,98903.07062512916
FRX-201406,2012-08-03,33.540000915527344,5.8066132976908165,2.789999008178711,0.1899637877086035,1.8436577298545676,Hammer,2012-08-10,33.5,2012-09-14,35.59000015258789,RSI > 90,5,0.062388064256355014,0.06208029107858201,6139.931406833641,105043.00203196281
FSH-200611,2005-10-14,59.709999084472656,1.871436091498225,2.5100021362304688,0.3665343428847598,1.1631125765094215,Hammer,2005-10-21,59.52000045776367,2005-12-02,63.849998474121094,Time stop (5 bars),6,0.07274862202714627,0.07257451462638295,7257.451455380844,107257.45145538084
FSLR,2011-10-28,53.9900016784668,6.679749185971588,18.490001678466797,0.3785829834808563,1.455764958979035,Hammer,2011-11-04,52.20000076293945,2011-12-16,45.0,Time stop (5 bars),6,-0.13793104708249837,-0.1381093890924308,-13810.93889543214,86189.06110456785
FTI-201701,2015-01-30,37.47999954223633,2.908816567255357,4.1100006103515625,0.3600971587470717,1.109026843752401,Hammer,2015-02-06,37.95000076293945,2015-03-20,36.400001525878906,Time stop (5 bars),6,-0.04084319383134816,-0.041101283248656445,-4110.128320755515,95889.87167924449
FTL-200004,1995-10-27,18.0,2.969913923844132,1.625,0.07692307692307693,1.1900354658137418,Hammer,1995-11-03,18.0,1995-12-08,20.25,RSI > 90,5,0.125,0.1244098861427381,12440.988601832822,112440.98860183283
FTL-200004,1996-07-19,24.125,2.2896394531244653,2.5,0.35,1.8327794182094985,Hammer,1996-07-26,24.125,1996-08-23,27.25,RSI > 90,4,0.1295336787564767,0.12909241607956895,14515.278870470596,126956.26747230341
FTL-200004,1998-06-19,32.8125,2.8278573869231707,2.4375,0.38461538461538464,1.316880443732753,Hammer,1998-06-26,32.8125,1998-08-07,31.25,Time stop (5 bars),6,-0.04761904761904767,-0.047916507960691766,-6083.300994913039,120872.96647739038
FTRCQ-202104,2008-10-31,42.73017501831055,9.791776534298549,6.513404846191406,0.3793100822864506,1.0760546917593814,Hammer,2008-11-07,43.572425842285156,2008-12-19,48.19520568847656,Time stop (5 bars),6,0.10609415833132707,0.10585250865633777,10585.250855048525,110585.25085504852
FTRCQ-202104,2011-10-07,46.75132369995117,7.212799048735377,6.042686462402344,0.27631570640899866,1.5650893316608443,Hammer,2011-10-14,47.22837829589844,2011-11-25,41.90127182006836,Time stop (5 bars),6,-0.11279460925916895,-0.11299438381043196,-12495.51226639274,98089.73858865577
FTV,2020-03-13,36.6501579284668,1.2860749756578826,7.114658355712891,0.36826223214740506,2.563428032369901,Hammer,2020-03-20,32.729270935058594,2020-05-01,37.33738708496094,Time stop (5 bars),6,0.14079495259902863,0.14046795662639106,14046.79564859231,114046.79564859232
FWLT-201412,1999-12-10,94.08031463623047,2.576828959042274,10.650604248046875,0.3333333333333333,1.1196358838176237,Hammer,1999-12-17,92.89691162109375,2000-01-28,88.16331481933594,Time stop (5 bars),6,-0.050955373210523125,-0.051060271193394444,-5106.027114233419,94893.97288576659
G-200509,1998-08-14,44.16294479370117,5.091562213578825,3.809051513671875,0.3913041301125666,1.3385748800305302,Hammer,1998-08-21,44.49416732788086,1998-10-02,35.219947814941406,Time stop (5 bars),6,-0.20843674732908324,-0.20863805033768448,-20863.805012904646,79136.19498709535
G-200509,2002-07-05,31.694124221801758,9.622661285673871,2.566478729248047,0.3235295866299438,1.5830484274667198,Hammer,2002-07-12,31.9394474029541,2002-08-23,29.397430419921875,Time stop (5 bars),6,-0.0795886337969991,-0.07988921989604435,-6322.128876738174,72814.06611035718
GAP,1996-10-11,4.650206565856934,5.750825595174348,0.5032691955566406,0.08000041689090344,1.163763544745221,Hammer,1996-10-18,4.650206565856934,1996-11-29,5.03269100189209,Time stop (5 bars),6,0.08225106360725132,0.08001458813172745,8001.458805171285,108001.45880517128
GAP,1998-09-04,13.077407836914062,5.839220689401628,2.7957534790039062,0.33879777319925225,2.243644001105277,Hammer,1998-09-11,14.055157661437988,1998-10-23,14.938494682312012,Time stop (5 bars),6,0.06284789129741064,0.06211431207981935,6708.4363105917255,114709.89511576299
GAP,2002-07-26,6.809788227081299,7.732819833942031,1.8308281898498535,0.11585365377227652,1.9175459153237608,Hammer,2002-08-02,6.92142391204834,2002-09-13,7.267495632171631,RSI > 90,6,0.05000007578222054,0.0485202356065304,5565.751131851461,120275.64624761445
GAP,2006-06-30,10.027653694152832,5.997052186582181,0.4703998565673828,0.20709173846933604,1.012449625381982,Hammer,2006-07-07,10.10257339477539,2006-08-18,9.79713249206543,Time stop (5 bars),6,-0.030233970175155722,-0.031208371227164345,-3753.6070139290423,116522.0392336854
GAP,2011-08-12,10.457988739013672,7.254286070511654,0.925933837890625,0.23972512441910288,1.1166007067810082,Hammer,2011-08-19,10.553118705749512,2011-09-30,10.445304870605469,Time stop (5 bars),6,-0.010216300806443535,-0.011158601113272807,-1300.2229554135965,115221.8162782718
GAPTQ-201203,1993-10-01,18.361480712890625,3.7269830023853245,2.0110206604003906,0.39130405916798344,1.5100399170693153,Hammer,1993-10-08,18.186609268188477,1993-11-12,20.00401496887207,RSI > 90,5,0.09993098074980633,0.09935381054188473,9935.381044253092,109935.3810442531
GAPTQ-201203,1996-07-19,21.25341796875,1.0576303997810044,2.490489959716797,0.35506236339101227,1.606914418675175,Hammer,1996-07-26,21.1610107421875,1996-09-06,19.590106964111328,Time stop (5 bars),6,-0.07423576298954149,-0.0746906820247028,-8211.148580629699,101724.2324636234
GAPTQ-201203,2000-02-11,20.20276641845703,5.588687140778603,1.4499588012695312,0.333332456366516,1.0041918854657594,Hammer,2000-02-18,20.106101989746094,2000-03-31,14.112936973571777,Time stop (5 bars),6,-0.29807692307692313,-0.29850005331558205,-30364.688783513564,71359.54368010983
GAS-201112,1993-10-29,12.610054969787598,6.43917770229794,0.6137638092041016,0.3636357986133771,1.333954398091316,Hammer,1993-11-05,12.777444839477539,1993-12-17,12.331070899963379,Time stop (5 bars),6,-0.034934522912987376,-0.03570318082693276,-3570.318079122958,96429.68192087703
GAS-201112,1995-11-17,12.719301223754883,3.5682077570903203,0.5530128479003906,0.3333333333333333,1.1365577798462783,Hammer,1995-11-24,12.657855033874512,1995-12-29,13.45665168762207,RSI > 90,5,0.06310679428780364,0.062292164889943345,6006.813640493247,102436.49556137028
GAS-201112,1997-04-04,16.431264877319336,1.398289693775837,1.233968734741211,0.31579012450634125,1.7182894178907788,Hammer,1997-04-11,16.36631965637207,1997-05-09,17.730178833007812,RSI > 90,4,0.08333328477454827,0.08269700946855499,8471.191834893038,110907.68739626331
GAS-201606,2013-12-06,41.73225402832031,6.57714654078714,1.3291664123535156,0.24657538178071536,1.0095225339761835,Hammer,2013-12-13,41.87791442871094,2014-01-24,42.77009582519531,Time stop (5 bars),6,0.021304341647747194,0.021063037482406725,2106.3037461343683,102106.30374613438
GAS-201606,2014-08-08,47.62485122680664,6.6737063426153185,2.902820587158203,0.18399988435614628,1.8461077558968435,Hammer,2014-08-15,47.699161529541016,2014-09-12,50.89925003051758,RSI > 90,4,0.0670889885348338,0.06687233144221778,6828.086579623176,108934.39032575756
GCO,1993-03-05,9.042213439941406,8.416794156473898,1.5823869705200195,0.35714264189969824,2.0454122478456833,Hammer,1993-03-12,9.155241012573242,1993-04-23,9.381296157836914,Time stop (5 bars),6,0.024691337448486728,0.023586185665542634,2358.6185641956454,102358.61856419565
GD,1997-10-31,11.391783714294434,5.602476845014138,0.8574466705322266,0.11224471637129657,1.5525072248998315,Hammer,1997-11-07,11.46177864074707,1997-11-28,12.144235610961914,RSI > 90,3,0.05954197787319693,0.05864393054778915,5864.393048914522,105864.39304891453
GD,2005-12-09,35.86323165893555,4.695439638528086,1.0652732849121094,0.3194034126515192,1.0017811890766994,Hammer,2005-12-16,35.85369110107422,2006-01-27,36.85542678833008,Time stop (5 bars),6,0.02793954141100552,0.02765677320626327,2927.8675062446755,108792.26055515921
GD,2007-08-10,50.35999298095703,8.559226020535519,6.377239227294922,0.31562878531842287,2.893517485118755,Hammer,2007-08-17,51.71491241455078,2007-09-28,53.85151672363281,RSI > 90,6,0.04131505226103527,0.041117709017692294,4473.288508410711,113265.54906356992
GD,2012-08-03,46.39098358154297,8.127406171428433,2.2423553466796875,0.34098363444591884,1.097864597643124,Hammer,2012-08-10,46.63359832763672,2012-08-31,48.70685577392578,RSI > 90,3,0.044458448857470634,0.04423926790841038,5010.784964805685,118276.33402837561
GDW-200609,1990-08-24,3.8277018070220947,7.151157782134902,0.38086605072021484,0.20000025039625208,1.0992170755777373,Hammer,1990-08-31,3.9419615268707275,1990-10-12,3.8086585998535156,Time stop (5 bars),6,-0.03381639473357134,-0.03630715071368491,-3630.7150677377767,96369.28493226222
GDW-200609,2002-07-26,29.465476989746094,0.6224423833792798,2.7746639251708984,0.32743347015204954,1.7345762136334066,Hammer,2002-08-02,30.079341888427734,2002-09-13,32.98729705810547,Time stop (5 bars),6,0.09667615669465479,0.09632769034553693,9283.030628492743,105652.31556075496
GDW-200609,2005-10-14,57.73891067504883,9.823671581349089,3.21490478515625,0.19195080971275605,1.1661457535673065,Hammer,2005-10-21,58.236572265625,2005-11-11,60.048072814941406,RSI > 90,3,0.031105892377283118,0.030931523295769234,3267.987056751467,108920.30261750643
GE,1990-09-28,9.463715553283691,1.1478404977827523,0.9984645843505859,0.26086902535516915,1.6339393297087998,Hammer,1990-10-05,9.463715553283691,1990-11-16,9.463715553283691,Time stop (5 bars),6,0.0,-0.0010561094526207477,-105.61094515646384,99894.38905484354
GE,1994-04-22,18.47051239013672,0.5588374478150229,0.6253032684326172,0.3846156192521329,1.0051050799912358,Hammer,1994-04-29,18.446462631225586,1994-06-10,19.04771614074707,RSI > 90,6,0.03259451535730773,0.0320437203997531,3200.9878691765753,103095.3769240201
GE,1996-07-19,33.62912368774414,4.867715620546207,2.4569225311279297,0.3124998544407224,1.7526919444253017,Hammer,1996-07-26,33.424381256103516,1996-09-06,33.6803092956543,Time stop (5 bars),6,0.007656926768212058,0.0073566434767882395,758.4359313766815,103853.81285539678
GE,1997-10-31,54.15462112426758,6.56191321068124,7.1228485107421875,0.3382352941176471,1.9610704838393864,Hammer,1997-11-07,55.41159439086914,1997-11-28,60.387115478515625,RSI > 90,3,0.08979205782366662,0.0896035049108799,9305.665620896481,113159.47847629327
GE,2001-01-12,119.77009582519531,5.7031289748915555,10.649871826171875,0.38461566014757503,1.023826884784687,Hammer,2001-01-19,119.77009582519531,2001-03-02,123.21082305908203,Time stop (5 bars),6,0.028727765559346752,0.028643076511444862,3241.235596750431,116400.7140730437
GE,2001-03-23,105.21176147460938,2.1264773567363733,14.943809509277344,0.37147823956011977,1.4909889360801467,Hammer,2001-03-30,106.55354309082031,2001-04-27,125.62793731689453,RSI > 90,4,0.17901229440879574,0.1789100495661389,20825.257503516958,137225.97157656067
GE,2011-08-12,57.50489044189453,5.637066153259568,4.7437896728515625,0.35114462074888464,1.2237741249171932,Hammer,2011-08-19,58.5550422668457,2011-09-30,56.30154800415039,Time stop (5 bars),6,-0.038485059107732145,-0.03865253806308841,-5304.132084303168,131921.8394922575
GE,2017-05-19,123.13001251220703,7.286712394822331,5.179801940917969,0.19491639012736273,1.368952206960934,Hammer,2017-05-26,123.92015075683594,2017-06-23,128.19700622558594,RSI > 90,4,0.034512994397031704,0.03443090803353038,4542.188718629886,136464.02821088742
GEB-199408,1992-05-08,29.185293197631836,1.6703914120807752,1.4036998748779297,0.2083327105495942,1.1262442142272806,Hammer,1992-05-15,29.360755920410156,1992-06-26,30.8824405670166,Time stop (5 bars),6,0.05182716176420521,0.05147780464782026,5147.780459634245,105147.78045963425
GEN,2004-12-23,9.019186973571777,8.002284115204404,0.8603239059448242,0.23966900007205288,1.0139814724603209,Hammer,2004-12-31,9.17560863494873,2005-02-11,8.340169906616211,Time stop (5 bars),6,-0.09104995227787283,-0.0920896164894891,-9208.961639739951,90791.03836026006
GEN,2011-08-12,5.968945503234863,2.186618484621576,0.526148796081543,0.2635130603744379,1.3972215854510521,Hammer,2011-08-19,5.993831157684326,2011-09-30,5.844518184661865,Time stop (5 bars),6,-0.024911107619545736,-0.026557335726708407,-2411.16808429872,88379.87027596135
GEN,2013-06-07,7.888677597045898,3.1273164365533006,0.4088320732116699,0.32173952597613903,1.0073868739361596,Hammer,2013-06-14,7.881567478179932,2013-07-12,8.256913185119629,RSI > 90,4,0.047623230782308124,0.046325059406454545,4094.2027367744536,92474.07301273581
GEN,2016-01-22,7.440931797027588,9.409546785234397,0.6993789672851562,0.3661202260306101,1.7837122479960188,Hammer,2016-01-29,7.42946720123291,2016-03-11,8.040273666381836,Time stop (5 bars),6,0.08221403347033607,0.08081365468251583,7473.167796063819,99947.24080879963
GEN,2022-05-06,22.572355270385742,1.6593482847608527,1.8368606567382812,0.38805911256391196,1.1603826400399573,Hammer,2022-05-13,22.19767189025879,2022-06-24,20.2074031829834,Time stop (5 bars),6,-0.08966114631817756,-0.09009135103928594,-9004.381948109232,90942.8588606904
GENZ-201104,2002-02-01,46.54999923706055,1.7487296832213417,8.19000244140625,0.28449342325893356,1.4014733502162404,Hammer,2002-02-08,46.45000076293945,2002-03-22,50.130001068115234,Time stop (5 bars),6,0.07922497835806075,0.07900118921327433,7900.118913427314,107900.11891342732
GEV,2025-11-07,574.0662231445312,7.079742670189958,54.06982421875,0.3348715401634533,1.0759571160118084,Hammer,2025-11-14,585.2355346679688,2025-12-19,687.20654296875,RSI > 90,5,0.1742392631005123,0.17421752070786195,17421.752055106772,117421.75205510677
GHC,2014-04-17,361.30462646484375,7.519293653964411,21.644012451171875,0.28108472415898345,1.2869758481470759,Hammer,2014-04-25,360.7479553222656,2014-06-06,363.6972351074219,Time stop (5 bars),6,0.00817545807715403,0.008147624965485241,814.7624957337616,100814.76249573375
GIC-200001,1999-02-19,31.5,9.001927628781502,5.25,0.38095238095238093,1.2980948006831343,Hammer,1999-02-26,31.375,1999-04-09,30.25,Time stop (5 bars),6,-0.03585657370517925,-0.03616953473550024,-3616.9534699330707,96383.04653006692
GILD,2014-10-17,69.14649200439453,9.342176356101206,8.812313079833984,0.2975081111382865,2.0968386250151614,Hammer,2014-10-24,69.4210205078125,2014-12-05,68.63175964355469,Time stop (5 bars),6,-0.011369191326840111,-0.01151241074184675,-1151.241073033434,98848.75892696658
GILD,2016-01-22,63.77608108520508,4.895267414307767,4.819843292236328,0.200288406821407,1.1092791129389683,Hammer,2016-01-29,63.56772994995117,2016-03-11,60.49803161621094,Time stop (5 bars),6,-0.04829019907045762,-0.048443701193338504,-4788.599736001723,94060.15919096486
GIS,2000-07-21,7.839108943939209,2.817408925744857,0.5549812316894531,0.2,1.2016112057559183,Hammer,2000-07-28,7.755861759185791,2000-09-08,6.992762565612793,Time stop (5 bars),6,-0.09838999420911654,-0.09961512233586113,-9961.512223624602,90038.48777637539
GIS,2003-10-17,10.764477729797363,4.344683448381005,0.39226722717285156,0.398772737660519,1.1216300196058522,Hammer,2003-10-24,10.757258415222168,2003-12-05,10.82945442199707,Time stop (5 bars),6,0.0067113760763375385,0.005779085055877416,520.3400786419124,90558.82785501731
GIS,2016-09-23,45.078399658203125,4.707813107385874,1.6873893737792969,0.3801654387245981,1.0457092361353002,Hammer,2016-09-30,44.93894577026367,2016-11-11,42.880741119384766,Time stop (5 bars),6,-0.045800020797124086,-0.04601742493751624,-4167.28405908043,86391.54379593689
GIS,2021-01-15,46.28471755981445,1.0420045080122122,2.2302894592285156,0.15867081040678552,1.0462560683725268,Hammer,2021-01-22,46.597450256347656,2021-03-05,45.379432678222656,Time stop (5 bars),6,-0.026139146486004905,-0.026350922995894123,-2276.496915786651,84115.04688015023
GIS,2023-10-06,55.92072677612305,0.05692155105406016,2.7157363891601562,0.2882497043182182,1.1275681913195335,Hammer,2023-10-13,56.019161224365234,2023-11-03,58.39058303833008,RSI > 90,3,0.0423323334754504,0.042150061015779096,3545.4543547979974,87660.50123494821
GL,1998-10-09,10.424854278564453,2.88905150903382,1.317220687866211,0.3571429605721377,1.5314749161555543,Hammer,1998-10-16,10.349584579467773,1998-11-06,13.214097023010254,RSI > 90,3,0.2767755963099523,0.27567619170379143,27567.619142811527,127567.61914281151
GL,1999-04-01,11.074050903320312,6.746525951931517,0.8337602615356445,0.3333329520589389,1.091280501610576,Hammer,1999-04-09,11.13818645477295,1999-05-21,12.113448143005371,Time stop (5 bars),6,0.08756018694717582,0.08662348890509432,11050.35223041628,138617.97137322777
GL,2001-12-14,13.542659759521484,5.939086834624632,0.7735633850097656,0.36529698942229455,1.135374233895157,Hammer,2001-12-21,13.454353332519531,2002-02-01,13.620485305786133,Time stop (5 bars),6,0.01234782298046655,0.011600258155744192,1608.0042513469962,140225.97562457476
GL,2002-06-28,13.555368423461914,2.2104641771155684,0.7203502655029297,0.26108305906463564,1.269110765947743,Hammer,2002-07-05,13.484396934509277,2002-08-16,12.876582145690918,Time stop (5 bars),6,-0.04507541507198143,-0.04580003033625881,-6422.353931114658,133803.6216934601
GL,2003-02-14,12.703897476196289,5.41515998186361,0.7327795028686523,0.2682921750447373,1.0996049561887693,Hammer,2003-02-21,12.703897476196289,2003-04-04,12.725343704223633,Time stop (5 bars),6,0.0016881612959744885,0.0009006468144685386,120.50980552205851,133924.13149898214
GL,2011-08-12,21.10359764099121,3.369372031644488,2.615327835083008,0.36830405816866435,2.141785200531993,Hammer,2011-08-19,21.25537872314453,2011-09-30,20.321334838867188,Time stop (5 bars),6,-0.0439438834021002,-0.04440390721965988,-5946.7547036075775,127977.37679537457
GL,2014-10-17,46.53948974609375,0.8235158159505716,1.8049774169921875,0.28140560144051535,1.4233486545889107,Hammer,2014-10-24,46.46692657470703,2014-11-14,48.42610168457031,RSI > 90,3,0.04216278661584005,0.04194306656793847,5367.763628750776,133345.14042412536
GLK-200507,1994-05-20,41.52900695800781,0.7246823121731438,4.452991485595703,0.1521735592058767,1.4200863423291337,Hammer,1994-05-27,41.72261428833008,1994-07-08,42.08572006225586,Time stop (5 bars),6,0.00870285288013073,0.008462160608701016,846.2160600238856,100846.21606002389
GLK-200507,1996-07-19,44.864349365234375,0.42080409052796597,4.033855438232422,0.21951277175018039,1.6484991674523024,Hammer,1996-07-26,44.66757583618164,1996-09-06,45.06112289428711,Time stop (5 bars),6,0.00881057569698429,0.00858573858628556,865.8392476415984,101712.05530766549
GLW,1993-08-13,5.407942295074463,1.1265732063873486,0.42249536514282227,0.1999995485515842,1.4630427955369383,Hammer,1993-08-20,5.407942295074463,1993-09-24,5.7984819412231445,RSI > 90,5,0.07221594182030833,0.0703018109938021,7030.181092350027,107030.18109235003
GLW,1995-10-06,4.777357578277588,6.79620866000171,0.7777090072631836,0.3714283612123798,2.551506149231243,Hammer,1995-10-13,4.777357578277588,1995-11-24,4.888458728790283,Time stop (5 bars),6,0.023255774492968007,0.021140441478470055,2262.6652775502134,109292.84636990023
GLW,1997-01-31,7.31946325302124,6.344618733534318,0.4622817039489746,0.3333329895046288,1.208093746925906,Hammer,1997-02-07,7.29378080368042,1997-03-14,8.618857383728027,RSI > 90,5,0.18167211432772667,0.18017756875017793,19692.119321023216,128984.96569092345
GLW,2006-06-16,14.417608261108398,5.577697858365838,1.641770362854004,0.309523961659486,1.1365466646121525,Hammer,2006-06-23,14.463213920593262,2006-08-04,12.52826976776123,Time stop (5 bars),6,-0.13378383002943672,-0.13442876664020736,-17339.289835621013,111645.67585530244
GLW,2007-08-10,15.277584075927734,9.081877770858597,1.035879135131836,0.3647797178783242,1.0840076919523236,Hammer,2007-08-17,15.694540977478027,2007-09-28,15.66858959197998,Time stop (5 bars),6,-0.0016535294364637965,-0.0022899641173981353,-255.66459131564136,111390.0112639868
GLW,2012-08-03,7.898536682128906,0.6865338971494026,0.647763729095459,0.22580585796111624,1.1299757855265185,Hammer,2012-08-10,7.947292804718018,2012-09-21,9.19740104675293,RSI > 90,6,0.15729988472209921,0.15594348353209123,17370.546369814438,128760.55763380123
GLW,2018-10-26,25.01483154296875,3.2234533015877815,3.040250778198242,0.32439630180549534,2.157651852194141,Hammer,2018-11-02,25.50387954711914,2018-12-14,25.674625396728516,Time stop (5 bars),6,0.006694897115316012,0.006301564492962239,811.3929572677869,129571.95059106902
GLW,2023-10-27,25.019075393676758,0.21830858482013582,1.8724327087402344,0.33165833752676493,1.321400270713277,Hammer,2023-11-03,25.179031372070312,2023-12-15,27.743206024169922,Time stop (5 bars),6,0.10183770035506234,0.10142040463514719,13141.239645170277,142713.1902362393
GM,2014-02-07,26.805967330932617,6.358755315133337,1.5626277923583984,0.16864587491013308,1.1206719144988362,Hammer,2014-02-14,26.657499313354492,2014-03-28,25.9804744720459,Time stop (5 bars),6,-0.025397162477630686,-0.025767458377935336,-2576.745835216788,97423.25416478323
GM,2014-10-17,23.036466598510742,9.273535271724356,1.6378440856933594,0.3395357178625414,1.248648183601561,Hammer,2014-10-24,23.021230697631836,2014-11-28,24.56766128540039,RSI > 90,5,0.06717410585384709,0.0667252321035144,6500.5892399242475,103923.84340470748
GNW,2006-05-19,30.9776611328125,6.6386174612617594,1.5888404846191406,0.10179589680796149,1.3380108877692163,Hammer,2006-05-26,31.881488800048828,2006-07-07,33.14685821533203,Time stop (5 bars),6,0.03968978435164128,0.039369948292371386,3936.994825300144,103936.99482530013
GNW,2008-07-18,15.906693458557129,0.23276022550477649,2.607013702392578,0.21052679711975042,1.431714230472973,Hammer,2008-07-25,15.867490768432617,2008-09-05,16.063505172729492,Time stop (5 bars),6,0.012353207394759202,0.01171929516360608,1218.0683195578217,105155.06314485797
GNW,2011-08-12,6.400000095367432,0.6751828082788904,1.549999713897705,0.29032251117875707,1.4819883365068953,Hammer,2011-08-19,6.440000057220459,2011-09-30,5.260000228881836,Time stop (5 bars),6,-0.18322978538107615,-0.18463922696252627,-19415.749550846464,85739.31359401149
GNW,2013-08-23,12.279999732971191,6.629567999117455,0.9849996566772461,0.32994915994334106,1.2894083428828496,Hammer,2013-08-30,12.279999732971191,2013-10-04,12.649999618530273,RSI > 90,5,0.030130284495499593,0.029304020625486395,2512.506611461452,88251.82020547295
GOOG,2014-12-19,25.521791458129883,7.950626912062617,1.6854686737060547,0.1979469734776857,1.5719418699840175,Hammer,2014-12-26,25.508447647094727,2015-02-06,26.281984329223633,Time stop (5 bars),6,0.03032472586457091,0.02992683280951456,2992.683277958773,102992.68327795877
GOOG,2018-11-02,52.42726516723633,2.4156578292320035,5.016273498535156,0.38780717057063724,1.732509031282963,Hammer,2018-11-09,52.28898239135742,2018-12-21,51.42212677001953,Time stop (5 bars),6,-0.01657816965818726,-0.01676781115608455,-1726.9618619362777,101265.7214160225
GOOGL,2008-09-12,10.855841636657715,6.775833389719409,1.1548871994018555,0.3281785849063615,1.2148579774646389,Hammer,2008-09-19,10.51701545715332,2008-10-31,8.304720878601074,Time stop (5 bars),6,-0.21035383922037665,-0.2112042685739864,-21120.42683627821,78879.57316372178
GOOGL,2014-12-19,25.773460388183594,6.47080705220516,1.396615982055664,0.18914164830947694,1.2821973473528951,Hammer,2014-12-26,25.80171012878418,2015-02-06,26.481185913085938,Time stop (5 bars),6,0.026334525150088384,0.025941926768691052,2046.2881085125903,80925.86127223438
GOOGL,2018-11-02,53.10361862182617,3.067523923264446,5.036834716796875,0.3674112525523033,1.663632058165501,Hammer,2018-11-09,53.1551628112793,2018-12-21,51.890377044677734,Time stop (5 bars),6,-0.023794222418093702,-0.023980095228961308,-1940.6098578532824,78985.2514143811
GP-200512,2000-02-11,32.893157958984375,1.935744202811037,4.111644744873047,0.3866667037778229,1.124052315634057,Hammer,2000-02-18,32.893157958984375,2000-03-24,34.757102966308594,RSI > 90,5,0.05666664811108846,0.05635406728959155,5635.406723323749,105635.40672332374
GP-200512,2004-02-06,26.862390518188477,9.288386859228453,2.0039443969726562,0.2619050791704897,1.3440462864400529,Hammer,2004-02-13,26.934280395507812,2004-02-27,30.040218353271484,RSI > 90,2,0.11531542377058246,0.11492281576607846,12139.918373099383,117775.32509642313
GPC,2022-02-25,108.369873046875,2.392882287506822,9.620307922363281,0.28557765436142346,1.6190898245506422,Hammer,2022-03-04,106.77232360839844,2022-04-14,116.70217895507812,Time stop (5 bars),6,0.0930002739576854,0.09290226624391111,9290.226615100884,109290.2266151009
GPC,2023-06-02,139.60232543945312,5.1101030642624465,11.352035522460938,0.28012129570263195,1.5606687221686641,Hammer,2023-06-09,139.72976684570312,2023-07-21,150.6539764404297,Time stop (5 bars),6,0.07818097633262089,0.07810661470368481,8536.289612567794,117826.51622766869
GPC,2023-10-06,131.97116088867188,3.0010071198316552,5.9316558837890625,0.39227549731566586,1.036618882014421,Hammer,2023-10-13,132.3009490966797,2023-11-24,125.7509536743164,Time stop (5 bars),6,-0.04950830260164529,-0.049582014014877725,-5842.07597308241,111984.44025458627
GPC,2025-04-11,110.35557556152344,5.436955007301563,10.858406066894531,0.13932996213550417,1.6013205993265067,Hammer,2025-04-17,111.49504089355469,2025-05-30,122.11406707763672,Time stop (5 bars),6,0.09524213901334067,0.09514818200120757,10655.115891991616,122639.55614657789
GPU-200111,1996-12-13,24.224361419677734,8.5915453529756,1.2158946990966797,0.38461502261250957,1.560194915195353,Hammer,1996-12-20,24.317890167236328,1997-01-31,26.18849754333496,RSI > 90,6,0.07692309502322359,0.07649614676979989,7649.614669330373,107649.61466933036
GPU-200111,1998-05-08,31.552709579467773,6.908299660226874,1.371856689453125,0.25925828087113206,1.157864149141605,Hammer,1998-05-15,31.603519439697266,1998-06-26,30.53652000427246,Time stop (5 bars),6,-0.03376204468178767,-0.034073074427908766,-3667.9533290958398,103981.66134023452
GPU-200111,2001-01-26,30.765073776245117,2.6614130889276453,4.330066680908203,0.2648764294983442,2.8507795951969515,Hammer,2001-02-02,30.520885467529297,2001-03-16,30.84969139099121,Time stop (5 bars),6,0.010773144960414927,0.010443789543829414,1085.96258636919,105067.62392660372
GQ-199404,1991-02-08,15.248747825622559,8.125411652559208,1.206735610961914,0.3636357888780531,1.0055376267576561,Hammer,1991-02-15,14.919637680053711,1991-03-28,13.822606086730957,Time stop (5 bars),6,-0.07352937228424739,-0.07417477174687234,-7417.477167269757,92582.52283273023
GQ-199404,1992-10-16,19.453115463256836,3.727502583326256,1.186166763305664,0.3000001607993658,1.2680279505680594,Hammer,1992-10-23,19.33449935913086,1992-11-27,20.64934539794922,RSI > 90,5,0.06800517636353565,0.06747051795848563,6246.590763181039,98829.11359591127
GQ-199404,1993-09-10,34.832557678222656,5.325120102671406,3.3232498168945312,0.2962969340082877,1.8256918085665177,Hammer,1993-09-17,34.95564270019531,1993-10-29,35.20180892944336,Time stop (5 bars),6,0.00704224583593982,0.006755202736782858,667.6106979693132,99496.72429388057
GR-201207,1998-09-04,20.651966094970703,8.879674695768372,3.4754600524902344,0.228507986754051,1.5739679723899611,Hammer,1998-09-11,20.651966094970703,1998-10-23,22.362274169921875,Time stop (5 bars),6,0.08281575066926328,0.08231160699659297,8231.160691428136,108231.16069142813
GR-201207,2011-03-04,84.94125366210938,5.787384578173217,5.1018218994140625,0.3081384046202666,1.432805721169927,Hammer,2011-03-11,84.90170288085938,2011-04-21,83.46804809570312,Time stop (5 bars),6,-0.016886054537304962,-0.017002836480200838,-1840.2367254584565,106390.92396596968
GRA-202109,1992-04-10,3.375567674636841,7.058974859300207,0.29352760314941406,0.26923089419271834,1.3729731937929923,Hammer,1992-04-16,3.3642780780792236,1992-05-29,3.147045612335205,Time stop (5 bars),6,-0.06457030622987137,-0.0674424789163026,-6744.247884886012,93255.75211511398
GRA-202109,1995-10-13,6.619226932525635,7.669828190986479,0.30550289154052734,0.3333333333333333,1.1038472995188302,Hammer,1995-10-20,6.631956100463867,1995-12-01,5.983241558074951,Time stop (5 bars),6,-0.09781647112283243,-0.09924949516283181,-9255.586309199662,84000.16580591432
GRMN,2022-02-25,101.36492919921875,5.695099699220066,7.237754821777344,0.3525357159045271,1.0502852267124605,Hammer,2022-03-04,99.7061767578125,2022-04-14,103.96626281738281,Time stop (5 bars),6,0.04272640069148492,0.042623968523541854,4262.396848091788,104262.39684809178
GS,2008-09-19,95.55473327636719,1.9358802929798884,47.917236328125,0.3318481268055577,3.281168703932488,Hammer,2008-09-26,97.74851989746094,2008-11-07,67.93419647216797,Time stop (5 bars),6,-0.30501048462491764,-0.3050971817339912,-30509.71814288941,69490.28185711057
GS,2011-03-18,120.9705810546875,8.269229011965933,5.475288391113281,0.077347535103817,1.0333458764573635,Hammer,2011-03-25,122.2259521484375,2011-05-06,115.1020278930664,Time stop (5 bars),6,-0.05828487428528628,-0.05836430241259711,-4055.7518209892596,65434.530036121316
GS,2020-03-13,153.0823974609375,0.21507633700058193,30.582794189453125,0.3338041605089923,2.550274916763751,Hammer,2020-03-20,129.8050994873047,2020-05-01,154.75001525878906,Time stop (5 bars),6,0.19217207852395712,0.1920876408689832,12569.164493440003,78003.69452956133
GSX-199810,1995-10-06,27.17375373840332,7.0727341757571764,1.7323322296142578,0.26929196105438974,1.004899362851091,Hammer,1995-10-13,27.290380477905273,1995-11-24,29.856142044067383,Time stop (5 bars),6,0.09401706833070311,0.09363348381353077,9363.34837198973,109363.34837198972
GT,1990-07-13,9.1288480758667,1.3167726786140577,0.6295757293701172,0.24999924260555806,1.0073191955269007,Hammer,1990-07-20,9.168196678161621,1990-08-31,7.570459842681885,Time stop (5 bars),6,-0.17426947649208913,-0.17526462059918896,-17526.462042392435,82473.53795760755
GT,2002-07-05,16.079191207885742,1.111360013928703,1.8058700561523438,0.16346182282138919,1.1070930685852722,Hammer,2002-07-12,16.166011810302734,2002-08-23,12.732933044433594,Time stop (5 bars),6,-0.21236398971830583,-0.21291671827705394,-17559.995029071848,64913.542928535695
GT,2005-10-14,12.415985107421875,2.759218076228734,1.1311540603637695,0.10236227774869087,1.107518019820772,Hammer,2005-10-21,12.647560119628906,2005-12-02,15.319581031799316,RSI > 90,6,0.2112676980300301,0.2103938560260709,13657.4105913911,78570.9535199268
GT,2011-08-12,12.006275177001953,3.9622241987223816,2.3870038986206055,0.3843285236850043,1.6515185705110034,Hammer,2011-08-19,12.273477554321289,2011-09-30,8.906732559204102,Time stop (5 bars),6,-0.27431060025296683,-0.27501332963945324,-21608.059518853726,56962.89400107307
GT,2014-10-17,18.15532112121582,3.178784634125222,1.6888675689697266,0.28723489558452003,1.2427039703676868,Hammer,2014-10-24,18.074472427368164,2014-11-07,21.871435165405273,RSI > 90,2,0.2100732263857279,0.2094620157336295,11931.562587554276,68894.45658862735
GTE-200006,1994-01-07,26.474332809448242,1.7029210774927463,1.338052749633789,0.21428459427675423,1.303932327284928,Hammer,1994-01-14,26.474332809448242,1994-02-25,24.721118927001953,Time stop (5 bars),6,-0.06622315640833054,-0.06658830474071271,-6658.830467412441,93341.16953258756
GTE-200006,1996-07-26,35.638755798339844,4.411165560691373,2.6156883239746094,0.33333430559424343,1.415288231209723,Hammer,1996-08-02,35.42078399658203,1996-09-13,34.38993835449219,Time stop (5 bars),6,-0.029102846571360974,-0.029381019265240976,-2742.45869753462,90598.71083505293
GTE-200006,1999-03-05,60.828189849853516,7.688848492891367,4.711620330810547,0.3974357209767772,1.18682953107139,Hammer,1999-03-12,61.06980895996094,1999-04-23,63.969268798828125,RSI > 90,6,0.0474777944821827,0.04731017399925776,4286.240769428554,94884.95160448148
GTE-200006,2000-01-07,67.7612533569336,7.57131151131685,5.852108001708984,0.34736831812892943,1.3574754257175479,Hammer,2000-01-14,68.00765991210938,2000-02-25,59.06977081298828,Time stop (5 bars),6,-0.13142474113463243,-0.1315621107994332,-12483.264503704388,82401.6871007771
GWF-199707,1996-01-12,23.449317932128906,5.8074875522455045,1.539602279663086,0.307692688879391,1.13354038510831,Hammer,1996-01-19,23.5677490234375,1996-03-01,22.601167678833008,Time stop (5 bars),6,-0.04101288348086418,-0.04142840292549314,-4142.840288406474,95857.15971159351
GWW,1996-01-12,19.8433780670166,7.7897086405262,0.8091487884521484,0.3333333333333333,1.3735931413556557,Hammer,1996-01-19,19.8433780670166,1996-02-09,20.9222412109375,RSI > 90,3,0.05436892550639705,0.05385140993949024,5385.140988563884,105385.14098856387
GWW,1997-04-04,23.125484466552734,6.309917913306521,0.9798927307128906,0.3199985985292343,1.0898916671323897,Hammer,1997-04-11,23.360658645629883,1997-05-16,24.541881561279297,RSI > 90,5,0.05056462377914972,0.050125824972987364,5282.517126663832,110667.65811522769
GWW,1998-07-24,29.912992477416992,3.8429748225278644,1.9888973236083984,0.3600001917996078,1.4125539333660428,Hammer,1998-07-31,29.912992477416992,1998-09-11,26.82352066040039,Time stop (5 bars),6,-0.10328193741729508,-0.1035989236027844,-11465.050246913484,99202.6078683142
GWW,1999-10-22,28.239486694335938,5.829796517266132,2.30609130859375,0.33333360903051634,1.063264953480825,Hammer,1999-10-29,28.158571243286133,1999-12-03,30.13616371154785,RSI > 90,5,0.07023056856030063,0.06986303161857611,6930.594923218647,106133.20279153285
GWW,2008-10-10,55.2055778503418,4.426076025352174,8.713920593261719,0.36449383662930734,1.8309967937968192,Hammer,2008-10-17,55.497039794921875,2008-11-28,48.47264862060547,Time stop (5 bars),6,-0.12657235773788345,-0.12674112880009877,-13451.441911517228,92681.76088001562
GWW,2011-08-12,107.58594512939453,2.8706242439339746,10.31982421875,0.18112062337355098,1.8811252006379824,Hammer,2011-08-19,109.30459594726562,2011-09-23,123.63197326660156,RSI > 90,5,0.13107753791293675,0.13098005893501866,12139.46249012629,104821.2233701419
H-200107,1990-09-28,10.965757369995117,7.708770096731428,0.7946195602416992,0.39999927990120243,1.0735463038681183,Hammer,1990-10-05,11.283604621887207,1990-10-26,12.561671257019043,RSI > 90,3,0.11326758407084947,0.11233156600003617,11233.15658877046,111233.15658877045
H-200107,2001-05-04,54.849998474121094,5.127094490750721,1.6200027465820312,0.32716154038156325,1.227393058243062,Hammer,2001-05-11,54.849998474121094,2001-06-15,58.0,RSI > 90,5,0.05742938219706817,0.05724184875076168,6367.191519156997,117600.34810792745
HAL,2002-06-28,5.431897163391113,7.1743823347922415,0.6883583068847656,0.3366338965580302,1.0140028996138626,Hammer,2002-07-05,5.384189128875732,2002-08-16,4.610637664794922,Time stop (5 bars),6,-0.14367093086166072,-0.14539320208349626,-14539.320193810305,85460.6798061897
HAL,2007-11-30,27.0601806640625,9.816226702534493,2.1012821197509766,0.19924896317160112,1.1618043087385364,Hammer,2007-12-07,27.030614852905273,2008-01-18,26.71278190612793,Time stop (5 bars),6,-0.01175825812719844,-0.012125966010427659,-1036.2932975216045,84424.3865086681
HAL,2010-06-04,17.674646377563477,3.816384718454316,2.3250064849853516,0.33881554390458196,1.0146060978977482,Hammer,2010-06-11,17.728181838989258,2010-07-23,22.018739700317383,Time stop (5 bars),6,0.2420190575827681,0.24138690395181248,20378.94125697962,104803.32776564771
HAL,2016-01-22,24.652280807495117,5.0371173108545975,2.735513687133789,0.2388054081831157,1.0770212931490226,Hammer,2016-01-29,24.60328483581543,2016-03-11,28.483110427856445,RSI > 90,6,0.1576954304245215,0.15725702209073858,16481.05921314432,121284.38697879204
HAL,2018-07-27,35.562957763671875,2.8812177036783453,3.045818328857422,0.34916205665276046,1.2600794580231445,Hammer,2018-08-03,35.99686050415039,2018-09-14,31.527851104736328,Time stop (5 bars),6,-0.12414997688197815,-0.12441049814349761,-15089.050985971204,106195.33599282084
HAR-201703,2007-11-30,68.17005920410156,0.3794967038293322,4.89971923828125,0.22117169301294268,1.0675385165008453,Hammer,2007-12-07,68.43866729736328,2008-01-18,46.0333137512207,Time stop (5 bars),6,-0.32737857750490973,-0.3275007671455692,-32750.07668180685,67249.92331819315
HAR-201703,2011-08-12,30.920543670654297,3.2102348411353603,5.643047332763672,0.07907740938057488,1.6202079733219068,Hammer,2011-08-19,31.25522232055664,2011-09-30,28.751972198486328,Time stop (5 bars),6,-0.0800906196217942,-0.0803977046707567,-5406.7394686603875,61843.183849532754
HAS,2001-09-21,6.835090637207031,4.150534294263238,1.479236125946045,0.37931063383430313,2.229529820294467,Hammer,2001-09-28,6.911602973937988,2001-10-26,8.722392082214355,RSI > 90,4,0.26199263978333565,0.2603574493232887,26035.74490629312,126035.74490629313
HAS,2007-08-10,15.368165969848633,9.512723297153741,1.6404533386230469,0.16891880893415653,1.760089044023996,Hammer,2007-08-17,15.551054000854492,2007-09-28,15.811532020568848,Time stop (5 bars),6,0.016749862723133946,0.016101642466694748,2029.3825004752932,128065.12740676841
HAS,2011-07-22,24.712778091430664,8.819791096586187,1.5437850952148438,0.3162055775474803,1.2208978041518677,Hammer,2011-07-29,24.560230255126953,2011-09-09,21.832111358642578,Time stop (5 bars),6,-0.11107871824267124,-0.11146318874470589,-14274.547453480889,113790.57995328751
HAS,2012-06-29,21.37815284729004,6.171584530560139,1.2308063507080078,0.11282091811987348,1.1200130551922782,Hammer,2012-07-06,21.554885864257812,2012-08-10,23.09705924987793,RSI > 90,5,0.07154634894993062,0.07106593213279333,8086.633624224889,121877.2135775124
HBAN,2005-10-14,10.335737228393555,2.1329785035932787,0.43323421478271484,0.18681250949306483,1.053007843181191,Hammer,2005-10-21,10.283369064331055,2005-11-11,11.140316009521484,RSI > 90,3,0.08333328696359255,0.08232081682671423,8232.081674439341,108232.08167443934
HBAN,2014-02-07,5.625044345855713,5.063385268499019,0.3145790100097656,0.2871278724307282,1.4219775642654089,Hammer,2014-02-14,5.61258602142334,2014-03-07,5.917820930480957,RSI > 90,3,0.05438400549987654,0.052555476308097954,5688.18859852893,113920.27027296828
HBAN,2016-02-05,5.584053993225098,1.3248780779266838,0.44255924224853516,0.3529415567484167,1.0046248246539164,Hammer,2016-02-12,5.531988143920898,2016-03-11,6.228367805480957,RSI > 90,4,0.12588234888487793,0.12396263884249781,14121.857306565846,128042.12757953414
HCA,2015-10-02,72.30884552001953,1.9984406473105594,7.073997497558594,0.14042016688901998,1.119153746980177,Hammer,2015-10-09,73.032958984375,2015-11-20,61.5586051940918,Time stop (5 bars),6,-0.1571119936786085,-0.15723815328328175,-15723.815312604358,84276.18468739565
HCA-200611,1997-04-04,31.340009689331055,2.023825764340586,4.062593460083008,0.11428570087170282,1.6540517306687306,Hammer,1997-04-11,31.688230514526367,1997-05-23,34.37861251831055,Time stop (5 bars),6,0.08490161678642383,0.08457269771081379,8457.26976262411,108457.26976262411
HCA-200611,1998-06-26,27.54180145263672,2.502657948214491,2.1835460662841797,0.22666702771733577,1.0709158377555867,Hammer,1998-07-02,27.71648597717285,1998-07-24,29.346866607666016,RSI > 90,3,0.058823497027579164,0.058452156274287057,6339.561274907852,114796.83103753197
HCA-200611,1999-10-01,20.795974731445312,5.801898807042718,1.9177837371826172,0.2500002486396922,1.0406385247979921,Hammer,1999-10-08,20.795974731445312,1999-11-19,24.234251022338867,RSI > 90,6,0.165333740557714,0.1648132520304901,18920.039027170307,133716.8700647023
HCA-200611,2004-03-05,40.43162536621094,2.857970961741259,2.595367431640625,0.25,1.3178291762338008,Hammer,2004-03-12,40.528465270996094,2004-04-23,37.69099044799805,Time stop (5 bars),6,-0.07001189914360428,-0.07024997255873837,-9393.606443292116,124323.26362141018
HCBK-201510,2007-07-13,9.23732852935791,5.541927368522025,0.40461063385009766,0.3584905660377358,1.3349928557629789,Hammer,2007-07-20,9.206791877746582,2007-08-17,10.303550720214844,RSI > 90,4,0.11912497393573096,0.11797474985226308,11797.474973428834,111797.47497342883
HCBK-201510,2015-09-04,9.300000190734863,4.4284653065723205,0.6099996566772461,0.18032740752089876,1.3503180327536997,Hammer,2015-09-11,9.520000457763672,2015-10-23,9.869999885559082,Time stop (5 bars),6,0.03676464400902213,0.03569547626827489,3990.664110776421,115788.13908420526
HCR-200712,2002-07-05,21.195667266845703,1.3979199594533611,1.7342758178710938,0.22162087851659593,1.0973980261892573,Hammer,2002-07-12,21.205041885375977,2002-08-23,20.858184814453125,Time stop (5 bars),6,-0.01635729242119821,-0.016824911183645586,-1682.4911166820675,98317.50888331795
HD,1996-04-12,5.652496814727783,8.451495369597993,0.472353458404541,0.36666676761589223,1.3791830842198671,Hammer,1996-04-19,5.699732303619385,1996-05-24,6.50273323059082,RSI > 90,5,0.14088397212295778,0.13900756157625735,13900.756143724975,113900.75614372498
HD,2011-08-12,21.52754783630371,3.9583698684339765,1.7740154266357422,0.2103161505007553,1.4252802347734896,Hammer,2011-08-19,21.583864212036133,2011-09-30,23.928102493286133,Time stop (5 bars),6,0.10861068519615436,0.10812232910097348,12315.215028306346,126215.97117203132
HD,2014-02-07,56.99908447265625,2.321936089787883,2.0652427673339844,0.10108590648902549,1.083438657967619,Hammer,2014-02-14,57.08109664916992,2014-03-07,60.19014358520508,RSI > 90,3,0.05446718999012723,0.054287245370457864,6851.917389834782,133067.88856186613
HDLM-201301,1990-08-03,8.66285228729248,2.6829016153129572,1.2375502586364746,0.38461529569831365,1.1448521544663695,Hammer,1990-08-10,8.47245979309082,1990-09-21,8.377264022827148,Time stop (5 bars),6,-0.011235906996136191,-0.012408878700835204,-1240.8878688426325,98759.11213115737
HDLM-201301,1992-05-01,10.742986679077148,8.59466395675669,1.0040178298950195,0.3000002849573846,1.1119258287037423,Hammer,1992-05-08,10.843388557434082,1992-06-19,10.943790435791016,Time stop (5 bars),6,0.009259271474515218,0.008333208003965115,822.9802228528686,99582.09235401024
HDLM-201301,1995-06-23,9.159037590026855,7.744953976945908,1.0052604675292969,0.3333333333333333,1.7806093759833224,Hammer,1995-06-30,9.145488739013672,1995-08-11,9.032581329345703,Time stop (5 bars),6,-0.012345694460955126,-0.013431786342072219,-1337.5653866580037,98244.52696735223
HES-202507,2016-01-22,32.76561737060547,2.9009865883722767,6.449689865112305,0.21471154030983336,1.4408952852597128,Hammer,2016-01-29,31.765466690063477,2016-03-11,41.46778106689453,RSI > 90,6,0.305435914778045,0.30507308788959103,30507.3087584518,130507.30875845179
HES-202507,2018-12-28,36.61648178100586,0.5719609765094731,5.674285888671875,0.2349181165461048,1.2476123884996524,Hammer,2019-01-04,36.8613166809082,2019-02-08,49.66529846191406,RSI > 90,5,0.3473555188449766,0.3470371583834254,45290.885534510555,175798.19429296235
HES-202507,2020-03-13,32.439697265625,3.9605934563080183,11.320934295654297,0.38209531575639843,1.7343085528361004,Hammer,2020-03-20,28.79813003540039,2020-05-01,38.43156814575195,Time stop (5 bars),6,0.33451609873660404,0.3341108448465117,58736.08315897678,234534.27745193912
HES-202507,2021-12-03,72.28825378417969,2.7985250175169654,7.6213226318359375,0.39749955452869135,1.21060088956805,Hammer,2021-12-10,74.22216796875,2022-01-14,82.48262023925781,RSI > 90,5,0.11129359996579113,0.11115138158014175,26068.808940614515,260603.08639255364
HET-200801,1992-06-12,5.96097993850708,8.958472395036296,0.5854535102844238,0.2727277169862802,1.2714282706240607,Hammer,1992-06-19,5.96097993850708,1992-07-31,5.854534149169922,Time stop (5 bars),6,-0.017857095718362248,-0.019518300520181945,-1951.8300500663645,98048.16994993364
HET-200801,1994-11-25,18.04261016845703,9.90251471580818,2.0756988525390625,0.3461540582064646,1.003586180322546,Hammer,1994-12-02,17.8829402923584,1995-01-13,20.75698471069336,Time stop (5 bars),6,0.1607143104740485,0.16011035208779514,15698.526996549324,113746.69694648296
HET-200801,1995-10-13,24.115842819213867,2.467283172030122,2.3776187896728516,0.2857141711129134,1.2079088101998365,Hammer,1995-10-20,24.002622604370117,1995-12-01,21.964664459228516,Time stop (5 bars),6,-0.0849056446344556,-0.08530449594658376,-9703.104638905443,104043.59230757752
HET-200801,1997-10-31,17.832136154174805,0.4668930311869133,2.7172775268554688,0.10416695913903622,2.0365791545206346,Hammer,1997-11-07,17.88874626159668,1997-12-19,17.096206665039062,Time stop (5 bars),6,-0.0443038089404304,-0.044850283715043966,-4666.384629060833,99377.2076785167
HET-200801,1997-12-19,16.47349739074707,2.889195657423244,1.7549076080322266,0.3548387797977778,1.4080258329996462,Hammer,1997-12-26,16.69993782043457,1998-02-06,20.209754943847656,Time stop (5 bars),6,0.2101694725544645,0.20950794076778187,20820.31411915792,120197.52179767464
HET-200801,1998-09-04,14.322319030761719,9.428423587376301,2.0379581451416016,0.30555547756292367,1.1936236508386249,Hammer,1998-09-11,14.322319030761719,1998-10-23,12.114531517028809,Time stop (5 bars),6,-0.15415014209577282,-0.1547943135049321,-18605.892853059268,101591.62894461538
HET-200801,2007-07-27,83.81534576416016,6.887373738147943,2.5164337158203125,0.23621882522723553,2.1653829952691104,Hammer,2007-08-03,83.60729217529297,2007-09-14,85.73725128173828,Time stop (5 bars),6,0.02547575756884446,0.02535463448365729,2575.8186159142424,104167.44756052962
HFS-199712,1996-12-06,64.125,9.664123952357883,6.875,0.21818181818181817,1.1825372865266817,Hammer,1996-12-13,64.75,1997-01-24,63.375,Time stop (5 bars),6,-0.021235521235521193,-0.02138830978302835,-2138.830976164004,97861.169023836
HI-200303,1990-10-12,2.765362501144409,1.343563287977105,0.4243147373199463,0.241379329720375,1.2396694877805086,Hammer,1990-10-19,2.779994010925293,1990-11-30,2.9555726051330566,Time stop (5 bars),6,0.06315790376444874,0.05945384211176509,5945.384205231125,105945.38420523114
HI-200303,1992-05-01,5.620007038116455,8.793530239225916,0.5194964408874512,0.24242401990705512,1.2255851704612137,Hammer,1992-05-08,5.525553226470947,1992-06-12,6.10801887512207,RSI > 90,5,0.1054130916449667,0.10350965359326517,10966.370007922491,116911.75421315363
HI-200303,1993-11-05,9.73733901977539,5.1680844955156005,1.2338409423828125,0.3783784828285576,2.759136267769047,Hammer,1993-11-12,9.770686149597168,1993-12-23,8.60353946685791,Time stop (5 bars),6,-0.11945391192279553,-0.12041576056405666,-14078.017788376936,102833.73642477668
HI-200303,1998-10-09,28.727230072021484,5.363809645480174,10.359722137451172,0.2162162858801969,2.632360149326184,Hammer,1998-10-16,30.015195846557617,1998-11-27,33.9910888671875,Time stop (5 bars),6,0.13246267127342004,0.13210749992774115,13585.107813720431,116418.8442384971
HIG,2002-07-26,29.03046989440918,0.7749268577934316,4.43504524230957,0.30107502835189986,1.8886329862325175,Hammer,2002-08-02,29.507356643676758,2002-09-13,26.963722229003906,Time stop (5 bars),6,-0.0862033982030016,-0.0865276346956855,-8652.763460915787,91347.2365390842
HIG,2003-03-14,21.21660041809082,4.1116138673468186,2.283184051513672,0.15957448585935713,1.0889603796032343,Hammer,2003-03-21,21.210529327392578,2003-05-02,24.392412185668945,Time stop (5 bars),6,0.1500143070058646,0.1495075993310696,13657.106026828737,105004.34256591293
HIG,2004-10-22,34.40696716308594,1.6199423322732969,2.288379669189453,0.37158455370612703,1.2215487093138622,Hammer,2004-10-29,34.35694885253906,2004-11-26,39.952850341796875,RSI > 90,4,0.16287539132987527,0.1625606717834649,17069.576450626308,122073.91901653925
HIG,2011-08-12,14.603164672851562,1.5829154777003254,2.564925193786621,0.26361033329751526,1.8407398925685083,Hammer,2011-08-19,14.845693588256836,2011-09-30,12.115324020385742,Time stop (5 bars),6,-0.18391660528618592,-0.1845280526182317,-22526.06252907165,99547.85648746761
HIG,2013-03-01,17.971885681152344,9.545260197448698,1.2977256774902344,0.3918357628508691,1.3671107891825316,Hammer,2013-03-08,17.75937843322754,2013-03-22,19.75335121154785,RSI > 90,2,0.11227717151348138,0.11168264545689774,11117.767950966216,110665.62443843382
HIG,2016-01-22,30.95423698425293,5.182439643484159,2.5028858184814453,0.306709250567544,1.357740235644732,Hammer,2016-01-29,30.914255142211914,2016-02-26,33.82495880126953,RSI > 90,4,0.09415409317377321,0.0938154443150699,10382.144716714181,121047.76915514801
HIG,2017-09-08,43.950050354003906,4.539064411195682,2.1739463806152344,0.2509532591548851,1.6772966457888776,Hammer,2017-09-15,44.784915924072266,2017-10-13,45.99174118041992,RSI > 90,4,0.026947136808154193,0.0267208640975463,3234.500985671366,124282.27014081937
HIG,2020-03-20,27.298595428466797,1.5831180942397793,15.783773422241211,0.32356197878418796,3.8229120421700435,Hammer,2020-03-27,27.438274383544922,2020-05-08,30.755661010742188,Time stop (5 bars),6,0.12090361736402588,0.12051720144518853,14978.151371648313,139260.42151246767
HLT,2018-06-29,77.1703109741211,7.479617500571365,3.665496826171875,0.3696809617770229,1.106173897582637,Hammer,2018-07-06,76.51715087890625,2018-08-17,73.88291931152344,Time stop (5 bars),6,-0.0344266813011852,-0.03455511295764832,-3455.51129230932,96544.48870769069
HLT,2018-10-26,66.68412017822266,1.7762259700388512,7.042518615722656,0.3744801354599887,1.9283600254021087,Hammer,2018-11-02,67.31902313232422,2018-12-07,75.3564682006836,RSI > 90,5,0.11939337046767218,0.11923596800775814,11511.575555363997,108056.0642630547
HLT-200710,1991-12-20,4.628454208374023,0.9950482985080527,0.41353845596313477,0.3461538905025408,1.4243234484893053,Hammer,1991-12-27,4.612548828125,1992-01-17,5.296478748321533,RSI > 90,3,0.14827591981818666,0.1459497116937232,14594.971154777351,114594.97115477735
HLT-200710,1996-07-19,14.648173332214355,6.24699237258686,2.30734920501709,0.31060608878699164,2.586948125213873,Hammer,1996-07-26,14.665653228759766,1996-09-06,14.857933044433594,Time stop (5 bars),6,0.013110893369329135,0.012424792054691542,1423.8186856876655,116018.789840465
HLT-200710,1998-10-09,8.572500228881836,0.012146258717692149,1.9727506637573242,0.2909088799605913,1.6146246506252966,Hammer,1998-10-16,8.715972900390625,1998-11-06,11.513692855834961,RSI > 90,3,0.320987684039145,0.3196569909441492,37086.21721629845,153105.00705676345
HLT-200710,2000-02-04,7.629718780517578,7.2212503283617195,1.2517509460449219,0.3333335872907518,1.3624144464228771,Hammer,2000-02-11,7.629718780517578,2000-03-24,7.532024383544922,Time stop (5 bars),6,-0.012804455810628057,-0.014105876073323448,-2159.680253588337,150945.32680317512
HMA-201401,2005-09-23,11.456273078918457,2.8647400317226612,0.48958492279052734,0.20000116875451676,1.0603321936983223,Hammer,2005-09-30,11.431794166564941,2005-11-11,10.31052017211914,Time stop (5 bars),6,-0.09808381590050308,-0.09891530598260126,-9891.530588368594,90108.4694116314
HMA-201401,2006-07-07,9.727466583251953,4.604224870604895,0.45427608489990234,0.2826072808879316,1.0807145818466823,Hammer,2006-07-14,9.727466583251953,2006-07-28,10.369379997253418,RSI > 90,2,0.06598978351739238,0.06492839287924068,5850.598097854849,95959.06750948625
HNZ-201306,1991-01-11,9.202834129333496,6.759867310719741,0.6298513412475586,0.38888813182586945,1.2586003894541737,Hammer,1991-01-18,8.992883682250977,1991-03-01,9.657726287841797,Time stop (5 bars),6,0.07392985710501332,0.07277740285557908,7277.740278280167,107277.74027828018
HNZ-201306,2000-01-07,21.60504150390625,0.23033960586566593,1.5926799774169922,0.17391257486320735,1.1695766669875096,Hammer,2000-01-14,21.501171112060547,2000-02-25,18.93903350830078,Time stop (5 bars),6,-0.11916270004114327,-0.11959997855300816,-12830.415423667077,94447.32485461309
HNZ-201306,2000-09-08,20.976266860961914,1.8687164480711402,1.9422454833984375,0.0909087338062803,1.2480692522311363,Hammer,2000-09-15,20.693758010864258,2000-10-27,21.88542366027832,Time stop (5 bars),6,0.05758575357788742,0.057088722366522494,5391.877101493888,99839.20195610699
HNZ-201306,2011-08-12,47.925987243652344,6.40974686009173,2.92254638671875,0.3086821001190402,1.9697412865317938,Hammer,2011-08-19,48.20790481567383,2011-09-30,47.50751876831055,Time stop (5 bars),6,-0.014528448187932086,-0.014734354838796985,-1471.066226972528,98368.13572913446
HOG,2001-09-21,23.776445388793945,1.9947034669158796,5.835086822509766,0.2936841713012206,2.2102647881954236,Hammer,2001-09-28,24.26167869567871,2001-10-26,30.46529769897461,RSI > 90,4,0.2556961981530501,0.25523142581513747,25523.142555990606,125523.14255599062
HOG,2007-11-23,30.17856788635254,6.250862831304971,2.270040512084961,0.38285769500611266,1.1205144709760608,Hammer,2007-11-30,31.19684410095215,2008-01-11,27.679853439331055,Time stop (5 bars),6,-0.11273546292824388,-0.1130378912928888,-14188.87132879698,111334.27122719363
HOG,2014-10-03,44.344783782958984,4.84555010816392,2.0234031677246094,0.2952134428559848,1.0256415056194843,Hammer,2014-10-10,45.263187408447266,2014-11-07,49.17574691772461,RSI > 90,4,0.08644021186513173,0.08620975861183044,9598.100638122323,120932.37186531594
HOG,2016-01-29,30.676219940185547,8.91275887357331,3.8882102966308594,0.282051093379484,1.6214167457917446,Hammer,2016-02-05,30.5688533782959,2016-03-11,35.87546157836914,RSI > 90,5,0.1735952649058461,0.17323979854738422,20950.29971885439,141882.67158417034
HOG,2020-03-13,21.083980560302734,2.6168204556278027,5.395437240600586,0.2602964617396367,2.166631501189634,Hammer,2020-03-20,18.115156173706055,2020-05-01,16.17742347717285,Time stop (5 bars),6,-0.10696748501378095,-0.10748984047717733,-15250.945719807263,126631.72586436309
HON,1990-08-03,3.363847494125366,3.134528292807971,0.16378283500671387,0.3846147127541105,1.0396127093998613,Hammer,1990-08-10,3.1244723796844482,1990-09-21,3.0259361267089844,Time stop (5 bars),6,-0.03153692559939203,-0.034681965458473775,-3468.1965423791808,96531.80345762082
HON,1991-12-20,4.116015911102295,7.688951166209051,0.23169612884521484,0.3529415396520286,1.071433408245205,Hammer,1991-12-27,4.129645347595215,1992-01-10,4.633925437927246,RSI > 90,2,0.12211220283739022,0.11954594621265732,11539.985772415563,108071.78923003637
HON,1994-11-25,7.39257287979126,3.0583997259322473,0.6328272819519043,0.3636367061376574,1.5300989817207356,Hammer,1994-12-02,7.3638081550598145,1995-01-13,7.881576061248779,Time stop (5 bars),6,0.07031251972978092,0.06890773860631773,7446.982595533427,115518.7718255698
HON,1995-10-27,10.21125316619873,9.280790798694625,0.671025276184082,0.08695590381753814,1.5346831976443527,Hammer,1995-11-03,10.26960277557373,1995-11-24,10.548713684082031,RSI > 90,3,0.027178354860245113,0.026191855236298717,3025.650945704697,118544.42277127449
HON,1997-10-31,17.2991886138916,1.1558261696466303,3.1835317611694336,0.33962269803110984,2.4402509226868654,Hammer,1997-11-07,17.53945541381836,1997-12-19,17.754182815551758,Time stop (5 bars),6,0.0122425352821518,0.011669065633815649,1383.3026484574898,119927.72541973197
HON,2008-09-19,27.09870719909668,1.8506865230309444,3.2886791229248047,0.3036367274382835,1.5035359222392335,Hammer,2008-09-26,26.835613250732422,2008-11-07,18.183399200439453,Time stop (5 bars),6,-0.32241536533758264,-0.3227278739637812,-38704.0198153182,81223.70560441379
HON,2011-03-18,36.181156158447266,9.523528428437345,1.8006362915039062,0.28777016520276427,1.2621597514228935,Hammer,2011-03-25,36.75114059448242,2011-04-08,38.506439208984375,RSI > 90,2,0.047761745244050635,0.04748318474883483,3856.7602153425896,85080.46581975638
HON,2011-08-12,30.537120819091797,1.3535972506321343,2.8009719848632812,0.26046566738122023,1.3887825695693992,Hammer,2011-08-19,30.680423736572266,2011-09-30,28.213838577270508,Time stop (5 bars),6,-0.08039605907924574,-0.08070884666813487,-6866.746263433462,78213.71955632293
HON,2019-08-09,135.77406311035156,5.777905675102346,5.5229339599609375,0.36727347071841215,1.2296780707489743,Hammer,2019-08-16,134.7557830810547,2019-09-27,136.51348876953125,Time stop (5 bars),6,0.013043638263890323,0.012968948743978062,1014.349718987477,79228.06927531042
HOT-201609,2002-10-11,11.689584732055664,9.968673387245545,1.5833625793457031,0.2379315246380722,1.0180827264348127,Hammer,2002-10-18,11.689584732055664,2002-11-15,13.393064498901367,RSI > 90,4,0.14572628591111103,0.14480888425253427,14480.888410772539,114480.88841077255
HPC-200811,1990-09-28,6.5949506759643555,9.733920006459655,0.4774622917175293,0.3125003120908489,1.105447769371247,Hammer,1990-10-05,6.5949506759643555,1990-11-16,6.38606071472168,Time stop (5 bars),6,-0.031674226466012256,-0.033165393499049456,-3316.5393465884063,96683.4606534116
HPC-200811,1995-10-27,45.81525802612305,3.2222820891902444,2.5571327209472656,0.2499996270532583,1.2567432123676576,Hammer,1995-11-03,46.028350830078125,1995-11-24,48.79857635498047,RSI > 90,3,0.06018520053280052,0.059961429596796144,5797.2785133468715,102480.73916675847
HPC-200811,1997-10-31,40.55018997192383,2.6015254190171078,5.3588104248046875,0.28865943421745754,2.4061747209208884,Hammer,1997-11-07,40.77117156982422,1997-12-05,43.146728515625,RSI > 90,4,0.05826560420841553,0.0580132183755912,5945.237494627925,108425.9766613864
HPC-200811,2008-09-19,20.258346557617188,8.187609257527981,4.9473876953125,0.24395186162994398,3.0273811177475545,Hammer,2008-09-26,19.879314422607422,2008-11-07,16.739999771118164,Time stop (5 bars),6,-0.15791865779431125,-0.15838185740558655,-17172.70755747245,91253.26910391395
HPQ,1990-08-24,0.7695439457893372,0.11282035161998749,0.09268230199813843,0.21212115365693196,1.3361961467864798,Hammer,1990-08-31,0.7892038226127625,1990-10-12,0.6705376505851746,Time stop (5 bars),6,-0.15036188197204625,-0.16200648796212466,-16200.64878001182,83799.35121998817
HPQ,1997-10-31,6.003136157989502,3.4776575629473,0.6210136413574219,0.39215654657698334,1.3983616404017156,Hammer,1997-11-07,6.064019680023193,1997-12-19,5.942252159118652,Time stop (5 bars),6,-0.02008033075909732,-0.02171150002005568,-1819.409613874017,81979.94160611414
HPQ,1999-10-29,7.362028121948242,0.6871283681580138,1.0605788230895996,0.3274852249915138,1.1894132781193407,Hammer,1999-11-05,7.362028121948242,1999-11-26,9.290916442871094,RSI > 90,3,0.26200501940114873,0.2604697972043839,21353.298743618485,103333.24034973262
HPQ,2010-05-28,12.977391242980957,9.552423069709405,0.823603630065918,0.369863283353269,1.1172515222914545,Hammer,2010-06-04,12.93226146697998,2010-07-16,12.719718933105469,Time stop (5 bars),6,-0.016435063149411122,-0.017201672428319676,-1777.5045496754215,101555.73580005718
HPQ,2023-09-01,26.860164642333984,6.553934941605348,3.546567916870117,0.3715711809523707,2.2657038360438726,Hammer,2023-09-08,26.683277130126953,2023-10-20,23.825883865356445,Time stop (5 bars),6,-0.10708554465914333,-0.1074401787267737,-10911.166394175987,90644.5694058812
HPQ,2025-11-21,23.01969337463379,4.086954451255863,1.916707992553711,0.350877245357033,1.065784136770318,Hammer,2025-11-28,23.10616111755371,2026-01-09,21.495281219482422,Time stop (5 bars),6,-0.06971646609213278,-0.0701340746069298,-6357.272987067825,84287.29641881338
HRB,1991-01-11,1.7328534126281738,7.250303455440786,0.10960817337036133,0.3809529506449438,1.2189575575481881,Hammer,1991-01-18,1.7224146127700806,1991-02-15,1.952069878578186,RSI > 90,4,0.1333333241052579,0.1271583927704921,12715.839264333372,112715.83926433336
HRB,1996-01-19,3.3662331104278564,1.590614561689108,0.5188100337982178,0.3720930660045486,1.806174998503218,Hammer,1996-01-26,3.317971706390381,1996-02-23,3.957435369491577,RSI > 90,4,0.19272728030489095,0.18942793340391056,21351.5284723785,134067.36773671184
HRB,1998-06-26,4.412309169769287,9.249416292214704,0.21964645385742188,0.35294117647058826,1.005478253257987,Hammer,1998-07-02,4.412309169769287,1998-07-24,4.612575054168701,RSI > 90,3,0.04538799904855395,0.043072802261959725,5774.657214530171,139842.02495124203
HRB,1998-10-09,3.984428644180298,6.212547634322462,0.47449159622192383,0.34246609070015405,1.7696356063588867,Hammer,1998-10-16,4.010428428649902,1998-11-13,4.777414321899414,RSI > 90,4,0.19124786962167906,0.18851933403879184,26362.925388081334,166204.95033932338
HRB,2007-03-16,10.348503112792969,0.6813735011686646,1.5314598083496094,0.16828512216567904,2.706399627788428,Hammer,2007-03-23,10.407978057861328,2007-05-04,11.19601058959961,RSI > 90,6,0.07571427681316711,0.07471758102389377,12418.431831132202,178623.3821704556
HRB,2007-08-17,9.61677074432373,0.9353692048849211,0.9671611785888672,0.3144322984355248,1.5283406133774413,Hammer,2007-08-24,9.59682846069336,2007-09-21,10.046911239624023,RSI > 90,4,0.046899116804485,0.045833226528906854,8186.885930191106,186810.26810064667
HRB,2010-09-10,7.174241065979004,8.316286769241685,0.6165122985839844,0.14501283915478141,1.0510888398317357,Hammer,2010-09-17,7.224177837371826,2010-10-29,6.08118200302124,Time stop (5 bars),6,-0.1582181197751924,-0.15949197270954926,-29794.738151977188,157015.5299486695
HRL,2011-08-12,9.785262107849121,8.38424002685862,0.6575355529785156,0.236557907744432,1.5647139843945668,Hammer,2011-08-19,9.848895072937012,2011-09-30,9.516592025756836,Time stop (5 bars),6,-0.03374013477849758,-0.03473784170081993,-3473.7841666082086,96526.21583339179
HRL,2018-12-28,34.201751708984375,6.734750629637517,1.7274398803710938,0.31775601870867726,1.122677445650033,Hammer,2019-01-04,34.27439880371094,2019-02-15,35.0013313293457,Time stop (5 bars),6,0.0212091984398588,0.020914384459891733,2018.7863863792581,98545.00221977105
HRL,2019-04-26,32.56205368041992,7.460330016914071,1.5490226745605469,0.38947513587659177,1.085137190827402,Hammer,2019-05-03,32.49683380126953,2019-06-14,34.26597595214844,Time stop (5 bars),6,0.054440446773919016,0.05412439684588491,5333.688801987808,103878.69102175886
HRL,2021-01-15,37.898345947265625,4.016154210328452,1.8666229248046875,0.35746662742886104,1.11418287525202,Hammer,2021-01-22,38.02504348754883,2021-02-12,41.488006591796875,RSI > 90,3,0.09107058892337583,0.09079566541591146,9431.734864422728,113310.42588618159
HRZIQ-200107,1991-09-13,17.17119598388672,4.735772300575817,1.32086181640625,0.16666714800609952,1.2516526788672775,Hammer,1991-09-20,16.951053619384766,1991-11-01,16.594789505004883,Time stop (5 bars),6,-0.02101722538193551,-0.021600787695148456,-2160.0787673547666,97839.92123264524
HRZIQ-200107,1995-10-06,30.676687240600586,6.080864248480665,4.637172698974609,0.2564101720375088,2.646047868926347,Hammer,1995-10-13,30.31998062133789,1995-11-24,30.79558753967285,Time stop (5 bars),6,0.015686254034088964,0.015353906541570463,1502.2250051384258,99342.14623778366
HSH-201408,2005-04-29,19.121652603149414,8.58782053831932,1.2694129943847656,0.3732408968383473,1.7699913358459813,Hammer,2005-05-06,19.121652603149414,2005-06-17,17.923852920532227,Time stop (5 bars),6,-0.06264101265075306,-0.0631474679692938,-6314.746790614632,93685.25320938538
HSH-201408,2008-01-25,16.139604568481445,0.37563627146792555,0.8385686874389648,0.3698611286439373,1.1811497832335793,Hammer,2008-02-01,16.128116607666016,2008-03-14,14.474832534790039,Time stop (5 bars),6,-0.10250943201205143,-0.10309750517055266,-9658.715867500428,84026.53734188495
HSP-201509,2011-09-23,37.40999984741211,3.157928012649265,5.290000915527344,0.38941418086421264,1.8055697692782997,Hammer,2011-09-30,37.560001373291016,2011-11-11,31.170000076293945,Time stop (5 bars),6,-0.17012782383818048,-0.17037138461407103,-17037.138444369964,82962.86155563004
HSP-201509,2014-10-17,50.06999969482422,8.561741075610755,3.8400001525878906,0.08593797342228995,1.6981967722413744,Hammer,2014-10-24,49.90999984741211,2014-11-14,56.16999816894531,RSI > 90,3,0.1254257331330726,0.12521282862143987,10388.014555521331,93350.87611115137
HST,1990-04-12,1.3753604888916016,7.1150359718163685,0.09075987339019775,0.3846146773687231,1.0909890476721713,Hammer,1990-04-20,1.382341980934143,1990-06-01,1.3544158935546875,Time stop (5 bars),6,-0.020202010620110067,-0.02733723040221032,-2733.723037487309,97266.27696251268
HST,1992-04-10,0.8692111968994141,1.7599356778132744,0.10865139961242676,0.1333332967609284,1.4299395199749518,Hammer,1992-04-16,0.883698046207428,1992-05-29,0.9778625965118408,Time stop (5 bars),6,0.10655738202493414,0.09470545216520958,9211.646730949626,106477.9236934623
HST,2011-03-18,10.163491249084473,9.167484493553886,0.6221351623535156,0.2710283955386323,1.1088977715660389,Hammer,2011-03-25,10.3262939453125,2011-05-06,10.32085132598877,Time stop (5 bars),6,-0.0005270641483338112,-0.0014947420338124677,-159.15702805853755,106318.76666540376
HST,2013-06-14,10.36734390258789,5.410689567290902,0.7013912200927734,0.25321906502307395,1.4608100397015875,Hammer,2013-06-21,10.43356990814209,2013-07-26,11.23090648651123,RSI > 90,5,0.07642030344253703,0.07542571303325936,8019.168776535635,114337.9354419394
HST,2020-03-20,8.547651290893555,1.7211084437826543,2.936246395111084,0.37209307612920617,2.6315205401429242,Hammer,2020-03-27,8.467315673828125,2020-05-08,9.159936904907227,Time stop (5 bars),6,0.08179938693202904,0.08057079756692613,9212.29864150047,123550.23408343985
HSY,1994-01-07,5.825000762939453,2.457662002922305,0.2552189826965332,0.3529416160812207,1.2404680566290354,Hammer,1994-01-14,5.8400139808654785,1994-02-25,6.206898212432861,RSI > 90,6,0.06282249199564616,0.061057891860600455,6105.789179954256,106105.78917995427
HSY,1994-04-22,5.466903209686279,5.808330920121989,0.30203866958618164,0.19999968425423217,1.4053547920369986,Hammer,1994-04-29,5.451801300048828,1994-06-10,5.322599411010742,Time stop (5 bars),6,-0.023698935806213073,-0.025509796194492177,-2706.7370543296493,103399.05212562461
HSY,1999-09-10,13.918355941772461,0.16761078949552655,0.9737815856933594,0.3620691343709235,1.1399799986108048,Hammer,1999-09-17,13.431465148925781,1999-10-29,13.767251968383789,Time stop (5 bars),6,0.02500001420059994,0.024246467790976643,2507.06178447441,105906.11391009903
HSY,2002-06-07,18.70916748046875,8.489486750622717,0.9214267730712891,0.32615666134678,1.4082668063648882,Hammer,2002-06-14,18.740354537963867,2002-07-26,16.273773193359375,Time stop (5 bars),6,-0.1316187129548556,-0.13211707143702278,-13992.005603086018,91914.10830701301
HSY,2003-03-14,18.013492584228516,4.125766619593364,0.7623100280761719,0.2716991518002352,1.0907282815888923,Hammer,2003-03-21,18.03650665283203,2003-05-02,18.5859432220459,Time stop (5 bars),6,0.030462471463541307,0.029899751700016186,2748.209013359875,94662.3173203729
HTMXQ-201305,1990-06-29,9.910670280456543,0.3303470895388756,1.2388334274291992,0.09090916089240199,1.4544160811651794,Hammer,1990-07-06,9.798048973083496,1990-08-17,9.914692878723145,Time stop (5 bars),6,0.011904809412576434,0.010878646626418272,1087.8646615539628,101087.86466155398
HTMXQ-201305,1994-10-07,5.25,4.774707701086427,0.375,0.3333333333333333,1.0299195395842584,Hammer,1994-10-14,5.375,1994-11-25,5.5,Time stop (5 bars),6,0.023255813953488413,0.021375464684014963,2160.800078894731,103248.66474044872
HUM,1990-11-02,8.147111892700195,9.962209205348017,1.1220569610595703,0.3478261239101722,2.0791410754044297,Hammer,1990-11-09,8.147111892700195,1990-12-21,8.488607406616211,Time stop (5 bars),6,0.041916143832760655,0.04066375906994762,4066.375902928386,104066.37590292838
HUM,1992-09-04,6.581266403198242,3.5923490134086506,0.5419864654541016,0.28571441139933207,1.320724886297189,Hammer,1992-09-11,6.581266403198242,1992-10-16,6.96428108215332,RSI > 90,5,0.058197716896697615,0.05663522489371896,5893.822597242823,109960.1985001712
HUM,2002-07-26,11.358948707580566,2.1740316685337433,2.2438507080078125,0.29571991050845614,1.7221256004124998,Hammer,2002-08-02,12.162195205688477,2002-09-13,11.524836540222168,Time stop (5 bars),6,-0.052404903447710205,-0.05320525022592329,-5850.459870243343,104109.73862992787
HWM,1997-10-31,21.436134338378906,2.647763354379876,2.3491649627685547,0.26562491119556947,1.7936113869700723,Hammer,1997-11-07,21.729780197143555,1997-12-19,20.036643981933594,Time stop (5 bars),6,-0.07791777918823717,-0.07835994658155293,-7835.994650319299,92164.00534968071
HWM,2002-07-26,32.4979248046875,4.770720545275594,4.633493423461914,0.21917807091386973,1.385223217938797,Hammer,2002-08-02,32.94223403930664,2002-09-13,28.842449188232422,Time stop (5 bars),6,-0.12445375884897059,-0.12473838763433591,-11496.389413745092,80667.61593593562
HWM,2004-03-26,45.8293342590332,8.001088462309752,3.042938232421875,0.12608689111532329,1.0890920225872518,Hammer,2004-04-02,46.080711364746094,2004-05-14,38.73945999145508,Time stop (5 bars),6,-0.15931289157370554,-0.159512594155473,-12867.500669410965,67800.11526652465
HWM,2008-09-19,39.21391677856445,7.128077354362361,7.672695159912109,0.2937920830327476,1.5542769947611899,Hammer,2008-09-26,38.93580627441406,2008-11-07,17.316186904907227,Time stop (5 bars),6,-0.5552631738799709,-0.555448678106044,-37659.48436256904,30140.630903955607
HWM,2011-08-12,19.01422119140625,3.541124362427439,2.031698226928711,0.3206107801857876,1.159755279935109,Hammer,2011-08-19,19.35542106628418,2011-09-30,15.88137149810791,Time stop (5 bars),6,-0.17948716053652924,-0.17995732408132784,-5424.027278174797,24716.60362578081
HWM,2018-12-28,12.580429077148438,3.931021044770219,1.2235145568847656,0.32515425410850635,1.027129486287945,Hammer,2019-01-04,12.595441818237305,2019-02-15,13.028434753417969,Time stop (5 bars),6,0.03437695488805481,0.03356969075230709,829.7287393350853,25546.332365115893
IBM,1990-08-24,9.972023010253906,1.650635009081526,0.6209230422973633,0.38000107512843945,1.2861031029913743,Hammer,1990-08-31,10.232810974121094,1990-10-12,10.804059982299805,Time stop (5 bars),6,0.055825228241136005,0.05482119269416314,5482.119263934195,105482.1192639342
IBM,1991-12-13,9.255257606506348,2.7882375044941625,0.6573343276977539,0.2799997098358396,1.458115423376073,Hammer,1991-12-20,9.228963851928711,1992-01-24,10.12293815612793,RSI > 90,5,0.09686616163442796,0.09573075207724384,10097.88259774007,115580.00186167427
IBM,2002-02-01,53.22093963623047,3.859554039887385,4.538562774658203,0.2399565625585729,1.426383742152593,Hammer,2002-02-08,53.22093963623047,2002-03-22,52.84703063964844,Time stop (5 bars),6,-0.007025599306170305,-0.007212817645039948,-833.6574760079768,114746.3443856663
IBM,2020-10-30,84.36787414550781,9.408451317762598,6.78509521484375,0.3608017667113442,1.130429459095835,Hammer,2020-11-06,85.11589813232422,2020-12-04,95.1269302368164,RSI > 90,4,0.11761647734631997,0.1174920885931578,13481.787646819914,128228.13203248623
ICE,2008-03-20,21.229162216186523,8.52159626072509,3.8666515350341797,0.3579597669539704,1.2563527216340964,Hammer,2008-03-28,21.127140045166016,2008-04-11,25.369571685791016,RSI > 90,2,0.20080482410565015,0.20028409955541504,20028.40993551309,120028.40993551309
ICE,2008-10-03,13.298620223999023,8.955428241299217,4.194820404052734,0.31130922014064516,1.4070988384542886,Hammer,2008-10-10,12.905835151672363,2008-11-21,11.926419258117676,Time stop (5 bars),6,-0.07588938507615861,-0.07663453850439145,-9198.321793625637,110830.08814188745
ICE,2011-05-06,19.99639129638672,7.774787221251387,1.4572029113769531,0.3698877216313217,1.393539719310986,Hammer,2011-05-13,20.023597717285156,2011-06-24,20.314361572265625,Time stop (5 bars),6,0.014521059556119154,0.01401814839678775,1553.632620848412,112383.72076273586
ICE,2021-05-21,105.70091247558594,9.210925230868526,4.338813781738281,0.11302327953198275,1.0104990625203645,Hammer,2021-05-28,106.16795349121094,2021-07-02,111.694580078125,RSI > 90,5,0.05205550644217305,0.05195886904823401,5839.331024424959,118223.05178716082
IFF,1997-10-03,24.944664001464844,9.741554118683993,1.2800140380859375,0.14634120900735514,1.1628858527415786,Hammer,1997-10-10,24.91344451904297,1997-11-21,24.382707595825195,Time stop (5 bars),6,-0.021303233393202503,-0.021700267960327008,-2170.026793862674,97829.97320613734
IFF,1999-03-26,19.54323387145996,5.073168359875751,1.8455657958984375,0.321410116493456,1.384875729247619,Hammer,1999-04-01,19.576189041137695,1999-05-14,20.99332046508789,RSI > 90,6,0.07239056697767965,0.07186138803899923,7030.197659380936,104860.17086551827
IFF,2002-06-28,19.12152862548828,5.424650610334879,1.2064990997314453,0.3414622964399821,1.1873366867561226,Hammer,2002-07-05,19.18626594543457,2002-08-16,17.820863723754883,Time stop (5 bars),6,-0.07116560489481738,-0.07166813411842085,-7515.132781755359,97345.0380837629
IFF,2004-07-30,22.330808639526367,8.079923726465893,0.8800315856933594,0.09722143956305945,1.111634401370388,Hammer,2004-08-06,22.361364364624023,2004-08-27,23.62030029296875,RSI > 90,3,0.05629960264573031,0.05583991693885298,5435.738835571061,102780.77691933398
IFF,2005-04-01,24.676639556884766,6.032725335091996,0.8978958129882812,0.2896553628631393,1.083129381671891,Hammer,2005-04-08,24.52182960510254,2005-05-20,22.757001876831055,Time stop (5 bars),6,-0.07196965955200407,-0.07236270471346415,-7437.4950029966985,95343.28191633729
IFF,2005-11-04,20.275224685668945,2.9834931605725927,1.038473129272461,0.391566674441969,1.192721168003046,Hammer,2005-11-11,20.375316619873047,2005-12-09,20.788204193115234,RSI > 90,4,0.020264105876002914,0.01976846487504165,1884.7903177495173,97228.0722340868
IFF,2008-02-01,27.8856258392334,6.541136828730529,3.319093704223633,0.25196863968333966,1.9921030799309045,Hammer,2008-02-08,27.8594913482666,2008-03-20,27.245328903198242,Time stop (5 bars),6,-0.022044998503053193,-0.022399922441332834,-2177.9012749859494,95050.17095910085
IFF,2008-11-21,18.126026153564453,0.8119354973565862,2.665395736694336,0.36408920629582053,1.0945735636763694,Hammer,2008-11-28,18.39190101623535,2009-01-09,20.326744079589844,Time stop (5 bars),6,0.10520081973290951,0.10462865792753946,9944.971813288936,104995.1427723898
IFF,2011-08-12,40.0970458984375,1.4316126990607927,2.837158203125,0.12781951854401513,1.4863213659105492,Hammer,2011-08-19,40.367252349853516,2011-09-23,42.19871520996094,RSI > 90,5,0.04537001538362251,0.0451167015484593,4737.034515762749,109732.17728815254
IFF,2013-06-28,55.73177719116211,2.438492171157634,2.8483810424804688,0.35731887299346715,1.3878441743899956,Hammer,2013-07-05,56.48069381713867,2013-08-16,61.76023864746094,RSI > 90,6,0.09347521203289877,0.09328990181799626,10236.904035249805,119969.08132340235
IFF,2025-04-11,71.05999755859375,4.315245610749471,8.021808624267578,0.24576233707377873,1.8815480354728522,Hammer,2025-04-17,71.64269256591797,2025-05-09,76.61505126953125,RSI > 90,3,0.06940496686439102,0.06926055153901534,8309.124731778706,128278.20605518106
IGT-201504,2006-03-24,29.319154739379883,8.99982300204475,1.7346115112304688,0.24877946331572534,1.4997184087259625,Hammer,2006-03-31,29.276844024658203,2006-04-13,30.99453353881836,RSI > 90,2,0.058670583233406015,0.05831905643381316,5831.905637549411,105831.90563754941
IGT-201504,2008-09-26,16.18854522705078,7.257029989105078,2.8795242309570312,0.09756077366364178,1.1073429139964615,Hammer,2008-10-03,15.872498512268066,2008-11-14,10.94745922088623,Time stop (5 bars),6,-0.3102875887860508,-0.31081969792462455,-32894.64090815584,72937.26472939357
IGT-201504,2011-08-12,14.32580280303955,7.261929038173662,1.8934803009033203,0.1902437623963841,1.574132604432135,Hammer,2011-08-19,14.436640739440918,2011-09-30,12.768990516662598,Time stop (5 bars),6,-0.11551511552284444,-0.11616756385557817,-8472.944349430094,64464.32037996349
IKN-200810,1993-07-16,13.632867813110352,0.9598295042792557,0.6267986297607422,0.37499961962491973,1.059360115320223,Hammer,1993-07-23,13.672042846679688,1993-09-03,14.29446792602539,Time stop (5 bars),6,0.04552538975525966,0.04477759455834257,4477.759451356498,104477.7594513565
IKN-200810,1993-10-01,14.176331520080566,6.324435480571779,0.9057102203369141,0.26086915319056636,1.7519748719861175,Hammer,1993-10-08,14.176331520080566,1993-11-12,15.239556312561035,RSI > 90,5,0.0749999949545781,0.0742683993381804,7759.395953132302,112237.15540448879
IKN-200810,1994-11-25,17.72315216064453,4.084330687233859,1.0472774505615234,0.3846159449984064,1.6791775718807609,Hammer,1994-12-02,17.763431549072266,1994-12-30,20.260786056518555,RSI > 90,4,0.1405896434226257,0.1399872859107905,15711.77474771022,127948.93015219901
IKN-200810,1997-03-21,29.409616470336914,1.5955542126930453,3.8047409057617188,0.29729744633493416,1.641132131640922,Hammer,1997-03-27,29.615278244018555,1997-05-09,22.4171199798584,Time stop (5 bars),6,-0.24305556763134517,-0.24335214560706403,-31136.64664952935,96812.28350266966
ILMN,2018-02-09,211.07266235351562,9.961621917740203,15.675704956054688,0.39987618305051087,1.3324747871596956,Hammer,2018-02-16,212.27774047851562,2018-03-23,245.3881378173828,RSI > 90,5,0.15597677488101147,0.1559259940975614,15592.599394163542,115592.59939416354
INCLF-200701,1991-12-13,25.778833389282227,2.768244797477408,1.5489425659179688,0.3571430330553681,1.2219118260922857,Hammer,1991-12-20,25.668193817138672,1992-01-24,29.872467041015625,RSI > 90,5,0.16379310729178598,0.16337169632073503,16337.169615736333,116337.16961573633
INCLF-200701,1992-10-16,19.85202407836914,1.2681217227338095,1.1344013214111328,0.30000016813702496,1.0310371239220302,Hammer,1992-10-23,19.511703491210938,1992-12-04,19.59979248046875,Time stop (5 bars),6,0.004514674451540968,0.004001136221236266,465.48086276014897,116802.65047849648
INCLF-200701,1996-07-19,29.793107986450195,5.743909854602009,2.7630691528320312,0.21739088416477753,1.7741528849965507,Hammer,1996-07-26,29.6729736328125,1996-08-30,32.05892562866211,RSI > 90,5,0.08040825383308436,0.08005775681472789,9350.958177972174,126153.60865646864
INCLF-200701,2001-09-28,12.267330169677734,1.8572209990494173,2.0857419967651367,0.33175328146154265,1.5722476246527177,Hammer,2001-10-05,12.188249588012695,2001-11-16,14.38272762298584,Time stop (5 bars),6,0.18004866237162087,0.17915470516741722,22601.012542054363,148754.62119852297
INCLF-200701,2002-07-19,19.176969528198242,7.762740953762048,1.3740196228027344,0.3669067244878412,1.025787371016149,Hammer,2002-07-26,18.78156852722168,2002-09-06,17.84248924255371,Time stop (5 bars),6,-0.05000004569942518,-0.05051903349420927,-7514.939683231656,141239.6815152913
INFO-202202,2018-10-12,50.90451431274414,2.5958724007939225,5.547946929931641,0.329191308072755,2.668464888672921,Hammer,2018-10-19,50.649208068847656,2018-11-30,49.09771728515625,Time stop (5 bars),6,-0.03063208375504034,-0.03082647707312046,-3082.647704229398,96917.35229577062
INGR-200611,1990-07-20,16.5,1.5944368645256048,2.25,0.3333333333333333,1.4109613855343492,Hammer,1990-07-27,16.25,1990-09-07,14.25,Time stop (5 bars),6,-0.12307692307692308,-0.12365426022762231,-12365.426010396804,87634.5739896032
INTC,2012-05-25,18.06258773803711,3.9706300017103615,0.9543552398681641,0.39705850023083517,1.1608865397552888,Hammer,2012-06-01,18.273107528686523,2012-07-13,18.28012466430664,Time stop (5 bars),6,0.0003840143560203124,-0.00016319328328717617,-16.31932831239829,99983.68067168759
INTC,2020-03-13,48.250484466552734,8.09119151318096,8.536693572998047,0.3198338757455282,2.3689265361633822,Hammer,2020-03-20,42.116119384765625,2020-04-24,52.54896926879883,RSI > 90,5,0.24771631471362499,0.24744949888019696,24740.91165366582,124724.5923253534
INTU,2011-08-12,37.23068618774414,1.0950206617830816,2.9071388244628906,0.24471420004750102,1.2569191697581585,Hammer,2011-08-19,37.45904541015625,2011-09-30,41.75387954711914,Time stop (5 bars),6,0.11465412665850883,0.1143719021812123,11437.190206684041,111437.19020668403
INTU,2022-05-13,361.3926696777344,1.1793878466244365,50.131866455078125,0.3717271526936102,1.2532816627985632,Hammer,2022-05-20,359.7789306640625,2022-07-01,403.7767333984375,Time stop (5 bars),6,0.12229121547825494,0.1222617215093113,13624.502701205252,125061.69290788929
IP,1992-06-12,10.55972957611084,2.0413118588540016,0.5650043487548828,0.10344839226938982,1.0634561376891483,Hammer,1992-06-19,10.540246963500977,1992-07-31,9.819379806518555,Time stop (5 bars),6,-0.0683918659096564,-0.06930773262229767,-6930.773255298995,93069.226744701
IP,1995-10-27,12.52698040008545,3.75789181107028,0.7170324325561523,0.2352941958840906,1.0958200323919196,Hammer,1995-11-03,12.569158554077148,1995-12-15,12.444087982177734,Time stop (5 bars),6,-0.009950592266086411,-0.010741917347273967,-999.741940266536,92069.48480443445
IP,2000-03-10,13.462167739868164,7.856495679422977,1.7002391815185547,0.2876712866622168,1.0219011230708934,Hammer,2000-03-17,13.136094093322754,2000-04-07,16.257081985473633,RSI > 90,3,0.23758872842859113,0.23673735763992695,21796.286530074933,113865.7713345094
IP,2007-08-17,15.114106178283691,2.7451981518123603,1.3619604110717773,0.3221475241208891,1.4985711987134458,Hammer,2007-08-24,14.762189865112305,2007-10-05,16.43036460876465,Time stop (5 bars),6,0.11300320337938241,0.11228776488950039,12785.732947785269,126651.50428229467
IP,2014-03-28,25.85131072998047,7.163915552339091,1.1119461059570312,0.30456962503001817,1.055607215287791,Hammer,2014-04-04,26.05451011657715,2014-05-16,26.48912811279297,RSI > 90,6,0.01668110412635615,0.016294166479580548,2063.680693601337,128715.18497589602
IP,2016-01-29,20.71511459350586,7.282834042170151,1.5198726654052734,0.31872457962655504,1.0899175363142253,Hammer,2016-02-05,20.60611915588379,2016-03-11,23.703533172607422,RSI > 90,5,0.1503152531193246,0.1497936135041108,19280.712651108784,147995.8976270048
IP,2020-03-13,24.0836238861084,3.582417800002773,4.06195068359375,0.17730481134768825,1.8884802352472287,Hammer,2020-03-20,20.727474212646484,2020-05-01,22.556793212890625,Time stop (5 bars),6,0.08825576051750761,0.08775214099310837,12986.956861979605,160982.8544889844
IPG-202511,2002-06-28,15.054360389709473,1.896236753866546,2.4381256103515625,0.2618452138811528,1.5110032731017777,Hammer,2002-07-05,15.060440063476562,2002-08-16,10.33619213104248,Time stop (5 bars),6,-0.31368591571842375,-0.3142455787874004,-31424.557847315482,68575.44215268451
IPG-202511,2008-09-19,5.246018886566162,6.952161819888943,0.8610115051269531,0.25000055381043734,1.8109269408934328,Hammer,2008-09-26,5.209118843078613,2008-11-07,3.191892147064209,Time stop (5 bars),6,-0.387249121546671,-0.3887956444846687,-26661.83320091226,41913.60895177225
IPG-202511,2015-09-04,12.861510276794434,6.393204242370771,0.7547512054443359,0.3936650097167854,1.1836580654570752,Hammer,2015-09-11,13.093741416931152,2015-10-23,14.439315795898438,Time stop (5 bars),6,0.10276469773775743,0.10196203867655185,4273.597012740875,46187.20596451312
IQV,2022-01-28,238.82000732421875,5.809550807878111,14.524993896484375,0.37796850542593313,1.046890972374373,Hammer,2022-02-04,238.92999267578125,2022-03-18,215.0500030517578,Time stop (5 bars),6,-0.09994555039570796,-0.09998531130365053,-9998.531120366522,90001.46887963347
ITT,1994-12-02,1.6088920831680298,4.6617097324352414,0.08533906936645508,0.26470645754292643,1.298803831153155,Hammer,1994-12-09,1.6088920831680298,1995-01-06,1.7720402479171753,RSI > 90,4,0.10140404471870768,0.09489368362754438,9489.368353265068,109489.36835326508
ITT,2002-12-06,7.5106048583984375,3.7304169679777317,0.6889200210571289,0.1252261605653495,1.412774595525309,Hammer,2002-12-13,7.476846218109131,2003-01-24,7.4268341064453125,Time stop (5 bars),6,-0.006688931429763456,-0.008021029825307637,-878.2174882374159,108611.15086502765
ITW,2002-09-20,17.69518280029297,6.3198816269381695,1.3659133911132812,0.335482843944971,1.035634489426183,Hammer,2002-09-27,17.389686584472656,2002-11-08,18.622207641601562,Time stop (5 bars),6,0.07087655382066704,0.07028129257702102,7028.129250673974,107028.12925067397
ITW,2006-06-16,29.80666732788086,5.259534059526857,1.6686286926269531,0.35555563175979205,1.3494921649468286,Hammer,2006-06-23,29.800487518310547,2006-08-04,28.442590713500977,Time stop (5 bars),6,-0.04556626142358333,-0.04589412617288088,-4911.962462965872,102116.1667877081
ITW,2011-08-12,31.838903427124023,1.9610103030571366,2.725618362426758,0.13989624977869278,1.3086831566850379,Hammer,2011-08-19,31.782411575317383,2011-09-30,30.384296417236328,Time stop (5 bars),6,-0.04399021624799704,-0.044297886751321416,-4523.5303873174125,97592.6364003907
IVZ,2014-02-07,19.43212127685547,2.18968277418368,0.9810619354248047,0.30722705347821266,1.0952527780888182,Hammer,2014-02-14,19.751258850097656,2014-03-28,21.57095718383789,RSI > 90,6,0.09213075214855171,0.09160126658956426,9160.126649796297,109160.12664979631
IVZ,2014-10-17,22.1192569732666,1.4682572279373431,1.6277446746826172,0.15185251585702952,1.713287808538761,Hammer,2014-10-24,22.00471305847168,2014-11-14,24.88039779663086,RSI > 90,3,0.13068494601669256,0.13020091313985394,14212.748154052835,123372.87480384915
IVZ,2016-07-01,16.122941970825195,4.199134454460378,1.9063644409179688,0.3472456787702454,1.3616751546877384,Hammer,2016-07-08,15.874701499938965,2016-08-05,18.598987579345703,RSI > 90,4,0.17161179877411947,0.170928029057547,21087.882308297558,144460.7571121467
J,2008-07-11,59.39089584350586,4.467491913487876,7.5379638671875,0.25529748506097066,1.3323649217135218,Hammer,2008-07-18,60.113502502441406,2008-08-29,57.299129486083984,Time stop (5 bars),6,-0.046817651595714604,-0.04698009595702632,-4698.009591004622,95301.99040899538
J,2008-09-12,49.14505386352539,5.451687186162857,8.53439712524414,0.2522280791385461,1.418204159196177,Hammer,2008-09-19,46.88594436645508,2008-10-31,22.575841903686523,Time stop (5 bars),6,-0.5184944612134423,-0.5186524347367744,-49428.609311457556,45873.38109753783
J,2011-08-12,26.797401428222656,5.8414489105556555,2.882831573486328,0.36411579996215515,1.2501036685906324,Hammer,2011-08-19,27.078838348388672,2011-09-30,26.029155731201172,Time stop (5 bars),6,-0.03876394561991847,-0.03912601321704994,-1794.8425133381916,44078.53858419964
J,2016-01-22,28.45560073852539,8.706212175294922,2.4416580200195312,0.3115264675830305,1.2734705192819744,Hammer,2016-01-29,28.235013961791992,2016-03-11,30.866836547851562,RSI > 90,6,0.09321130811626266,0.09284069723219088,4092.28225104084,48170.82083524048
J,2022-05-13,105.94151306152344,4.366283298358837,6.8462371826171875,0.35813896472948126,1.138371007918962,Hammer,2022-05-20,105.83006286621094,2022-07-01,100.77660369873047,Time stop (5 bars),6,-0.04775069607460203,-0.04784292681794246,-2304.633053675995,45866.187781564484
JAVA-201001,1997-01-03,13.875,8.326260052611772,1.4375,0.21739130434782608,1.1131323568142173,Hammer,1997-01-10,14.1875,1997-01-31,15.8125,RSI > 90,3,0.1145374449339207,0.11379249603663912,11379.249592284661,111379.24959228467
JCI,1993-05-21,2.1589231491088867,8.770781036080322,0.1366407871246338,0.20000069794263958,1.0639816275699774,Hammer,1993-05-28,2.1589231491088867,1993-07-09,2.20524525642395,Time stop (5 bars),6,0.021456116830366634,0.016785303734109625,1678.5303717324323,101678.53037173244
JCI,1997-10-31,8.55088996887207,3.4486619188572973,1.4063963890075684,0.3600000949336939,2.6335052880584255,Hammer,1997-11-07,8.986872673034668,1997-12-19,8.986872673034668,Time stop (5 bars),6,0.0,-0.0011121153917124029,-113.07825852002239,101565.45211321242
JCI,2002-02-08,13.520445823669434,0.38677596629156596,5.294150352478027,0.3264957391207387,1.8750623008286769,Hammer,2002-02-15,13.800990104675293,2002-03-28,15.158465385437012,Time stop (5 bars),6,0.09836071690985815,0.0976007711540664,9912.86643894807,111478.31855216049
JCI,2011-08-12,13.446760177612305,1.6510312955184219,1.2790660858154297,0.2150264166812059,1.5634208576015627,Hammer,2011-08-19,13.744987487792969,2011-09-23,15.146657943725586,RSI > 90,5,0.10197684480814928,0.10121248889630781,11282.99806735661,122761.3166195171
JCI,2017-11-17,29.816614151000977,4.580090909897578,1.7616329193115234,0.1255820953374989,1.1258640101733282,Hammer,2017-11-24,30.1033935546875,2017-12-29,31.444459915161133,RSI > 90,5,0.04454867714622868,0.044209145800354475,5427.172939648539,128188.48955916564
JCI,2022-02-25,59.67473220825195,4.524203722200895,3.693756103515625,0.15802502540545452,1.0492497324226313,Hammer,2022-03-04,58.88125228881836,2022-04-14,58.861385345458984,Time stop (5 bars),6,-0.00033740694341766186,-0.0005071972183403299,-65.0168452626404,128123.47271390299
JCI-201609,1993-10-08,2.813708782196045,8.596045505502744,0.13117504119873047,0.3500003635121086,1.188401123251892,Hammer,1993-10-15,2.820267677307129,1993-11-26,2.7809150218963623,Time stop (5 bars),6,-0.013953517861943432,-0.017468311341673076,-1746.831132420476,98253.16886757953
JCI-201609,1997-04-04,4.513252258300781,3.0413788141045472,0.31421375274658203,0.3636369154751318,1.6581023144345057,Hammer,1997-04-11,4.498970031738281,1997-05-23,4.613229751586914,Time stop (5 bars),6,0.025396861735592857,0.023148404432965244,2274.404087492757,100527.57295507229
JCI-201609,2002-06-28,10.259536743164062,3.3733714016386216,0.8925704956054688,0.20422511133335042,1.4990446527402672,Hammer,2002-07-05,10.400337219238281,2002-08-16,10.057136535644531,Time stop (5 bars),6,-0.03299899574014831,-0.03394418423467547,-3412.3264536394263,97115.24650143288
JCI-201609,2003-03-07,9.77156925201416,2.9703102756383544,0.5730075836181641,0.38495478012522427,1.1058839739449609,Hammer,2003-03-14,9.698040962219238,2003-04-25,10.115182876586914,Time stop (5 bars),6,0.04301300809026687,0.04196023864610757,4074.9789153007077,101190.22541673359
JCI-201609,2011-08-12,28.772275924682617,2.032895043108951,2.873859405517578,0.38602934832385366,1.1713593046434614,Hammer,2011-08-19,29.13580894470215,2011-09-30,24.193941116333008,Time stop (5 bars),6,-0.16961491742853207,-0.1699289761573143,-17195.15138499823,83995.07403173538
JCI-201609,2014-10-17,38.92681884765625,0.3611446456438614,2.8728981018066406,0.2913892071973263,1.4926340540070346,Hammer,2014-10-24,38.85071563720703,2014-11-14,46.37542724609375,RSI > 90,3,0.19368270276288957,0.19340041704677455,16244.682331367643,100239.75636310304
JEF,2007-11-23,27.68988609313965,3.966663605437546,1.801675796508789,0.2551733702309027,1.0127981031928814,Hammer,2007-11-30,27.708524703979492,2008-01-11,27.88773536682129,Time stop (5 bars),6,0.006467708575478959,0.006105707038321924,610.5707032216217,100610.57070322163
JEF,2011-08-12,17.817216873168945,4.586332070265939,2.413010597229004,0.23237617207955813,1.6207645855998425,Hammer,2011-08-19,17.99362564086914,2011-09-30,14.925385475158691,Time stop (5 bars),6,-0.1705181727656664,-0.1710264009670132,-17207.06378940215,83403.50691381948
JEF,2014-10-03,16.034799575805664,6.796311878373487,0.7738142013549805,0.38260888855476255,1.199783560306754,Hammer,2014-10-10,16.12227439880371,2014-11-21,16.38469886779785,RSI > 90,6,0.016277136990895835,0.01565202294895313,1305.4336029328401,84708.94051675232
JH-200705,1993-12-17,16.509366989135742,1.420264985222829,1.3058252334594727,0.2857140770505464,1.7266154929516264,Hammer,1993-12-23,16.60264015197754,1994-01-28,17.53537368774414,RSI > 90,5,0.056179832076617364,0.05556078571805564,5556.078566249485,105556.07856624947
JHF-200404,2002-02-08,36.75299835205078,1.0011197272531263,2.653186798095703,0.39852368813415057,1.2436280698825517,Hammer,2002-02-15,36.615936279296875,2002-03-28,37.31105041503906,Time stop (5 bars),6,0.01898392356923595,0.018708263778867546,1870.8263760159284,101870.82637601592
JNJ,1991-01-11,3.6458303928375244,9.819775450896358,0.18799853324890137,0.2857139233731927,1.0991807931507767,Hammer,1991-01-18,3.5988306999206543,1991-02-01,4.021827697753906,RSI > 90,2,0.11753734284932538,0.11459944493018075,11459.94448155813,111459.94448155812
JNJ,2001-03-30,22.347265243530273,6.181312653454853,2.2303829193115234,0.20160377915155517,1.5639540664557638,Hammer,2001-04-06,22.354928970336914,2001-05-04,24.50100326538086,RSI > 90,4,0.09600004982756172,0.09553135423094135,10647.919428180867,122107.863909739
JNJ,2002-05-17,31.92759132385254,9.447108625715543,1.39617919921875,0.34153142076502735,1.0526827969681771,Hammer,2002-05-24,31.92759132385254,2002-07-05,26.853042602539062,Time stop (5 bars),6,-0.15893929077958258,-0.15922756376854066,-19442.937667885315,102664.92624185368
JNJ,2015-08-28,70.83406829833984,4.348320694180458,10.874073028564453,0.36413380748361823,4.003859902979231,Hammer,2015-09-04,70.61822509765625,2015-10-16,70.75963592529297,Time stop (5 bars),6,0.002002469297991638,0.0018607310478246475,191.0318155898127,102855.9580574435
JNJ,2018-12-28,103.40099334716797,5.83248569225006,6.296516418457031,0.19096761529485748,1.2190035270971964,Hammer,2019-01-04,104.14031982421875,2019-02-15,107.49575805664062,Time stop (5 bars),6,0.03222035651595467,0.032122789944555016,3304.020331921198,106159.9783893647
JNJ,2025-04-11,146.7729949951172,4.04964862349982,11.695022583007812,0.19106654750177768,1.8427345843342477,Hammer,2025-04-17,146.63275146484375,2025-05-30,148.80203247070312,Time stop (5 bars),6,0.014793973271240768,0.01472527356897627,1563.2347222967692,107723.21311166146
JNPR-202507,2020-03-13,17.508054733276367,7.111178403551364,3.096250534057617,0.3008358759510561,2.4999462028166093,Hammer,2020-03-20,14.480801582336426,2020-04-24,19.81083869934082,RSI > 90,5,0.3680761100618859,0.36725873171502615,36725.873134776746,136725.87313477678
JNS-201705,2001-02-23,28.579442977905273,3.0879451460799316,6.538318634033203,0.30817611163717684,1.2440164726047251,Hammer,2001-03-02,27.96261978149414,2001-04-12,22.509910583496094,Time stop (5 bars),6,-0.19499994065672943,-0.19532263527168883,-19532.26350763662,80467.73649236339
JNY-201404,2002-06-28,30.673145294189453,5.415979429189221,2.200288772583008,0.33457265827832366,1.2047656726328348,Hammer,2002-07-05,30.673145294189453,2002-08-16,27.56493377685547,Time stop (5 bars),6,-0.10133331575626792,-0.10164276514866706,-10164.27650470243,89835.72349529759
JOS-200005,1991-05-03,22.98001480102539,8.727578619911284,2.0250587463378906,0.13043531497182856,1.1705733747606626,Hammer,1991-05-10,23.06806182861328,1991-06-21,23.21546173095703,Time stop (5 bars),6,0.006389782697778124,0.005954992162044053,595.4992156089061,100595.4992156089
JOS-200005,1997-10-31,21.143287658691406,5.749025564176449,2.60748291015625,0.19565246014840476,1.6330032458891366,Hammer,1997-11-07,21.31334114074707,1997-12-19,21.45807647705078,Time stop (5 bars),6,0.006790832809737468,0.006320160439040032,635.7796938521942,101231.27890946109
JPM,1990-09-28,1.7764478921890259,4.869823354594544,0.41545963287353516,0.3793103151448096,1.847045921794258,Hammer,1990-10-05,1.7764478921890259,1990-11-16,1.289357304573059,Time stop (5 bars),6,-0.27419356895166225,-0.2790373997440625,-27903.73994650251,72096.2600534975
JPM,1995-03-10,5.351072311401367,9.811285587792668,0.3087153434753418,0.05555564136584582,1.2958732559307313,Hammer,1995-03-17,5.333921432495117,1995-04-28,5.673171520233154,Time stop (5 bars),6,0.06360237810614722,0.06166977579667495,4446.160188831804,76542.4202423293
JPM,1998-09-11,13.972417831420898,7.680940944955054,2.999513626098633,0.3987342053873531,1.5717397851510995,Hammer,1998-09-18,14.238198280334473,1998-10-30,16.91251564025879,RSI > 90,6,0.18782695024117158,0.18705892507323502,14317.942838716004,90860.3630810453
JPM,2000-10-20,18.45435333251953,1.5043989157019553,3.9974403381347656,0.27819554253486717,1.61891533672728,Hammer,2000-10-27,18.364185333251953,2000-12-08,17.973459243774414,Time stop (5 bars),6,-0.021276527239683873,-0.021815125832071725,-1982.1302517785975,88878.2328292667
JPM,2002-02-08,15.609258651733398,3.30455472963412,2.03140926361084,0.30370308818372205,1.2221196135286199,Hammer,2002-02-15,15.659416198730469,2002-03-22,18.06199836730957,RSI > 90,5,0.1534273141532494,0.15273995137929297,13575.25694744442,102453.48977671113
JPM,2008-01-11,25.786483764648438,4.904230876402366,2.2719364166259766,0.3555550145279894,1.1945129569731199,Hammer,2008-01-18,26.045230865478516,2008-02-08,30.185205459594727,RSI > 90,3,0.15895326923761366,0.15853888648600079,16242.862169561784,118696.3519462729
JPM,2008-06-13,25.182283401489258,7.81130774623503,2.487691879272461,0.19181578618488393,1.0050776615566532,Hammer,2008-06-20,25.1186580657959,2008-08-01,25.35494041442871,Time stop (5 bars),6,0.009406646963937781,0.009006743685183336,1069.0676172773246,119765.41956355024
JPM,2010-05-28,26.150352478027344,7.725990750300937,2.074586868286133,0.28980831696057946,1.13033136145719,Hammer,2010-06-04,25.97857093811035,2010-07-16,25.709762573242188,Time stop (5 bars),6,-0.010347311463303921,-0.01073017890929046,-1285.1043777780255,118480.31518577223
JPM,2013-08-23,37.21542739868164,5.594440500191197,1.6288871765136719,0.2751081374135545,1.0309556042933532,Hammer,2013-08-30,37.10161590576172,2013-10-11,37.468101501464844,Time stop (5 bars),6,0.009877887708017896,0.009607062972502746,1138.2478478534395,119618.56303362567
JPM,2016-01-22,43.326698303222656,5.30472347380298,2.518199920654297,0.3081570173192897,1.006628469177967,Hammer,2016-01-29,42.9691276550293,2016-03-11,45.2971305847168,Time stop (5 bars),6,0.05417850109449507,0.05393949932608398,6452.165393687221,126070.7284273129
JPM,2025-03-14,226.6099395751953,2.5034502687118874,12.9468994140625,0.3817767605434608,1.0510588579481133,Hammer,2025-03-21,225.38153076171875,2025-05-02,239.89454650878906,Time stop (5 bars),6,0.0643931013247665,0.0643473045973765,8112.3115548131245,134183.03998212604
JPM-200012,1990-08-24,22.372669219970703,4.666472740891038,1.8786201477050781,0.31818144898460615,1.254172084541832,Hammer,1990-08-31,22.885019302368164,1990-10-12,24.154870986938477,RSI > 90,6,0.055488337929385345,0.055039345661013615,5503.934560597427,105503.93456059742
JPM-200012,1994-03-31,49.62107849121094,0.799298327985781,2.7677078247070312,0.357143250939303,1.3382391316877804,Hammer,1994-04-08,49.12684631347656,1994-05-20,49.91761779785156,Time stop (5 bars),6,0.016096524481321595,0.015891352411090607,1676.6002031824955,107180.53476377991
JPM-200012,1994-11-25,46.752899169921875,7.564346911551269,2.4234771728515625,0.16666614198016685,1.3336991886825653,Hammer,1994-12-02,46.85387420654297,1995-01-13,47.16887283325195,Time stop (5 bars),6,0.006723000649218269,0.006508876533495587,697.6248668738501,107878.15963065377
JPM-200012,1996-01-12,65.11498260498047,9.444420777512946,3.842853546142578,0.38888960581944665,1.4684548846059164,Hammer,1996-01-19,64.9014892578125,1996-02-23,68.3173599243164,RSI > 90,5,0.05263162225653728,0.05247350003750135,5660.744607763943,113538.9042384177
JPM-200012,2000-01-07,120.01289367675781,4.790431579554777,11.848602294921875,0.27319545144299495,1.349719715051725,Hammer,2000-01-14,120.07396697998047,2000-02-25,106.63740539550781,Time stop (5 bars),6,-0.11190237086705801,-0.11198098986573114,-12714.198872174275,100824.70536624343
JPM-200012,2000-10-20,138.93800354003906,3.753188278927169,28.438003540039062,0.26373159386665224,1.9526727134601658,Hammer,2000-10-27,139.0,2000-12-08,137.75,Time stop (5 bars),6,-0.008992805755395739,-0.009064422143088407,-913.9176909782238,99910.78767526522
JWN-202505,1998-08-07,8.004097938537598,9.7167818395328,1.1827921867370605,0.3972602242697526,1.3417096719913557,Hammer,1998-08-14,8.101313591003418,1998-08-28,9.948412895202637,RSI > 90,2,0.22799997598543031,0.22662573851547968,22662.573828885397,122662.57382888539
JWN-202505,2002-04-05,6.4532036781311035,8.045259104879435,0.646141529083252,0.3983050159513585,1.2942873660937884,Hammer,2002-04-12,6.4340386390686035,2002-05-24,7.069228649139404,Time stop (5 bars),6,0.09872337511525275,0.09709368822194775,11909.761687933686,134572.33551681906
JWN-202505,2002-07-05,6.111469268798828,2.407326690251253,0.6759986877441406,0.2317073342776044,1.3001349694318671,Hammer,2002-07-12,6.111469268798828,2002-08-23,5.600347995758057,Time stop (5 bars),6,-0.08363312495903774,-0.08519968794727728,-11465.520980903762,123106.8145359153
JWN-202505,2007-07-13,29.028600692749023,4.572757706311705,1.6450138092041016,0.1750003768286334,1.0179743628204903,Hammer,2007-07-20,28.969850540161133,2007-08-31,28.664348602294922,Time stop (5 bars),6,-0.010545513082392044,-0.01088882020043226,-1340.4879675890543,121766.32656832624
K-202512,1996-10-11,12.969321250915527,9.635260588390324,0.6049127578735352,0.27999974775223596,1.101832179139017,Hammer,1996-10-18,12.993517875671387,1996-11-29,13.187088966369629,Time stop (5 bars),6,0.01489751217110169,0.014122463226505363,1412.24632123829,101412.2463212383
K-202512,2011-06-24,31.99947166442871,8.496723953024613,1.1687164306640625,0.34500052224093586,1.291576553943537,Hammer,2011-07-01,31.92934799194336,2011-07-29,32.44358444213867,RSI > 90,4,0.01610544788841506,0.0157897837877424,1601.27744124035,103013.52376247864
K-202512,2011-08-12,30.906721115112305,5.403694646003473,1.7998218536376953,0.1850650417273811,1.770552748600179,Hammer,2011-08-19,31.14630889892578,2011-09-30,31.118728637695312,Time stop (5 bars),6,-0.0008855065722224165,-0.0012063782408758472,-124.273273458728,102889.2504890199
K-202512,2017-05-05,49.08826446533203,9.998933276300676,1.9582557678222656,0.2836864097244543,1.3639931067537854,Hammer,2017-05-12,49.08826446533203,2017-06-02,50.31657791137695,RSI > 90,3,0.02502254784160085,0.024816305440540577,2553.331064130476,105442.58155315039
K-202512,2018-05-04,42.85858154296875,5.042287748324128,3.045970916748047,0.2000005009499263,1.3129044865750894,Hammer,2018-05-11,42.84424591064453,2018-06-22,48.306724548339844,RSI > 90,6,0.12749620215250834,0.12724794851852503,13417.352175718304,118859.9337288687
K-202512,2023-06-16,57.289955139160156,8.909363715257982,2.3291053771972656,0.37291278021360685,1.0835703860860693,Hammer,2023-06-23,57.3072395324707,2023-08-04,58.404815673828125,Time stop (5 bars),6,0.019152486672046498,0.0189763329827871,2255.5256784954945,121115.4594073642
K-202512,2023-10-13,46.373573303222656,1.7266014804365852,3.241313934326172,0.35867980242229236,1.4307667224330063,Hammer,2023-10-20,46.55028533935547,2023-12-01,49.65673828125,RSI > 90,6,0.06673327390472972,0.06651130842231032,8055.547667297456,129171.00707466165
KATE-201707,1993-02-26,14.219161987304688,5.2051754367044225,1.1892385482788086,0.30434793068523275,1.226499268454613,Hammer,1993-03-05,14.11574935913086,1993-04-16,15.25328254699707,Time stop (5 bars),6,0.08058609988922694,0.07984938753530935,7984.938745545996,107984.938745546
KBH,1998-05-01,10.184432029724121,6.13739861988978,0.9335727691650391,0.1590903054584533,1.3584749702729566,Hammer,1998-05-08,10.184432029724121,1998-06-19,8.999800682067871,Time stop (5 bars),6,-0.11631786084867612,-0.11724219212330272,-11724.219200606054,88275.78079939394
KBH,2002-10-11,15.92758560180664,8.904797231957858,1.7495393753051758,0.28716861312873904,1.0167992073305772,Hammer,2002-10-18,15.849193572998047,2002-11-29,15.490499496459961,Time stop (5 bars),6,-0.022631692577039786,-0.023255303074262056,-2052.880034554149,86222.9007648398
KDP,2011-08-12,4.137704849243164,3.794141619188707,0.3758537769317627,0.2764701591238515,1.8994024826105438,Hammer,2011-08-19,4.144338130950928,2011-09-30,4.144964694976807,Time stop (5 bars),6,0.00015118554666182504,-0.002259019554035026,-225.90195517760068,99774.09804482239
KEY,1997-04-04,8.866181373596191,5.908608199495291,0.5085344314575195,0.30434872298808974,1.1355760226533447,Hammer,1997-04-11,8.866181373596191,1997-05-23,9.374715805053711,Time stop (5 bars),6,0.05735664656849382,0.05619707347449092,5619.707341829384,105619.70734182937
KEY,2004-04-16,13.816977500915527,2.7447145138945217,0.746098518371582,0.34810140335224665,1.4360902523605148,Hammer,2004-04-23,13.873642921447754,2004-05-28,14.893625259399414,RSI > 90,5,0.0735194313221681,0.07277241324444315,7686.200981750551,113305.90832357993
KEY,2005-10-14,15.736946105957031,9.895312090639194,0.560603141784668,0.33035800862486925,1.101685931510578,Hammer,2005-10-21,15.706913948059082,2005-11-18,16.627906799316406,RSI > 90,4,0.05863614293061903,0.05798102346212636,6569.592522337434,119875.50084591736
KEY,2014-02-07,7.968429088592529,8.027011455159965,0.3877887725830078,0.2096779350066154,1.2118944499986515,Hammer,2014-02-14,7.98093843460083,2014-03-14,8.718316078186035,RSI > 90,4,0.09239234829683096,0.09108230041364726,10918.536369365735,130794.0372152831
KEY,2016-02-12,6.825532913208008,0.8954683125732572,0.5986170768737793,0.33695717111242635,1.1991464008651036,Hammer,2016-02-19,7.033748149871826,2016-03-11,7.496262550354004,RSI > 90,3,0.06575646307304961,0.06428904555853698,8408.623808909691,139202.66102419278
KEY,2016-07-01,7.229147434234619,4.502417771622433,0.5936341285705566,0.2111104060353061,1.1403499569123738,Hammer,2016-07-08,7.209360122680664,2016-08-12,8.172839164733887,RSI > 90,5,0.13364279570694704,0.13216404862513767,18397.587241952388,157600.24826614515
KEY,2020-03-13,9.41342830657959,0.9890539030425458,2.196220874786377,0.25925955679013174,2.1692658050828015,Hammer,2020-03-20,7.394680976867676,2020-05-01,8.126753807067871,Time stop (5 bars),6,0.09899992068492125,0.09758161635041894,15378.88694765887,172979.135213804
KEYS,2021-05-14,139.85000610351562,8.64512622578738,7.540008544921875,0.39787753317872193,1.0263228728585054,Hammer,2021-05-21,139.85000610351562,2021-06-11,148.8800048828125,RSI > 90,3,0.06456916971896987,0.06449535866181721,6449.5358597321865,106449.53585973219
KEYS,2022-02-25,159.97999572753906,6.6289290430338355,14.360000610351562,0.14972207965810114,1.3346875194552725,Hammer,2022-03-04,158.27999877929688,2022-04-14,148.74000549316406,Time stop (5 bars),6,-0.06027289208812303,-0.06033416533330958,-6422.543889792605,100026.9919699396
KG-201102,2004-05-14,13.880000114440918,1.854478407164308,1.4499998092651367,0.3931032895191179,1.0081760852351866,Hammer,2004-05-21,13.319999694824219,2004-07-02,11.8100004196167,Time stop (5 bars),6,-0.11336331154679102,-0.11407124277818392,-11407.124266411269,88592.87573358873
KG-201102,2010-05-07,9.59000015258789,0.771937106908581,1.010000228881836,0.2871286100341623,1.2559266399457358,Hammer,2010-05-14,9.920000076293945,2010-06-25,8.199999809265137,Time stop (5 bars),6,-0.1733871223589134,-0.17430733035065135,-15442.387641766469,73150.48809182226
KHC,2018-02-16,46.66670227050781,3.5021157822553164,3.3813552856445312,0.38596483311183866,1.6541722187277663,Hammer,2018-02-23,46.65351867675781,2018-04-06,41.208560943603516,Time stop (5 bars),6,-0.1167105480484778,-0.11691236429826042,-11691.236418134806,88308.7635818652
KIM,2008-10-10,12.573407173156738,9.190366145961036,3.4874534606933594,0.2288135176080025,1.7728020207775759,Hammer,2008-10-17,12.940729141235352,2008-11-28,4.90185546875,Time stop (5 bars),6,-0.6212071657438263,-0.6217396938151359,-62173.969319339645,37826.03068066035
KIM,2011-03-18,8.685566902160645,6.314439319806169,0.48635292053222656,0.2929283223982211,1.100283770537508,Hammer,2011-03-25,8.79855728149414,2011-05-06,9.778809547424316,RSI > 90,6,0.1114105681839368,0.11021138784088252,4168.85933365852,41994.89001431887
KIM,2013-06-07,11.929302215576172,8.116122964905173,0.5714006423950195,0.13207723518209752,1.232516304269801,Hammer,2013-06-14,11.956255912780762,2013-07-26,12.47742748260498,RSI > 90,6,0.04358986405326992,0.04273561016933218,1794.6772469612347,43789.567261280106
KIM,2022-05-13,19.09697723388672,6.358714429950709,1.4456195831298828,0.31249958768789887,1.2273397151712875,Hammer,2022-05-20,19.080549240112305,2022-07-01,16.63770294189453,Time stop (5 bars),6,-0.12802809119782943,-0.12851850724120625,-5627.7698115303465,38161.79744974976
KM-200212,1995-11-03,9.25,1.4265464695383514,1.3566665649414062,0.09090883528942026,1.2261428654805584,Hammer,1995-11-10,9.126667022705078,1995-12-22,6.5,Time stop (5 bars),6,-0.28780134261176904,-0.28873884868439026,-28873.884839565144,71126.11516043486
KM-200212,1996-07-19,10.875,7.767076003231452,1.5,0.3333333333333333,1.2462443573025708,Hammer,1996-07-26,10.875,1996-09-06,10.0,Time stop (5 bars),6,-0.08045977011494254,-0.08134191176470593,-5785.53417776087,65340.58098267399
KM-200212,1997-07-11,11.375,1.7523244528763655,1.6875,0.3333333333333333,1.8482827046133241,Hammer,1997-07-18,11.4375,1997-08-29,14.125,RSI > 90,6,0.23497267759562845,0.23399606729298666,15289.438969295188,80630.01995196918
KMB,1998-09-04,14.90729808807373,0.8386884188620911,1.6882362365722656,0.3698998556131245,1.4393753489964263,Hammer,1998-09-11,15.101530075073242,1998-10-02,16.631105422973633,RSI > 90,3,0.10128611738655047,0.10059062804950734,10059.062794891674,110059.06279489167
KMB,2000-03-10,18.998613357543945,3.4432597883919556,3.6280155181884766,0.36610001971479267,1.8895357830003572,Hammer,2000-03-17,18.54864501953125,2000-04-28,23.598278045654297,RSI > 90,6,0.2722372993178699,0.27162495675743864,29894.788142531892,139953.85093742356
KMB,2002-10-11,23.117748260498047,2.0915104624167924,1.7080821990966797,0.38725465563852346,1.3864870498239998,Hammer,2002-10-18,23.117748260498047,2002-11-29,21.28825569152832,Time stop (5 bars),6,-0.07913800895980139,-0.07955337091621759,-11133.800603644082,128820.05033377948
KMB,2017-05-05,92.46851348876953,8.19300194797087,3.624237060546875,0.3968267668134626,1.3776424084137995,Hammer,2017-05-12,92.28874206542969,2017-06-23,94.80306243896484,Time stop (5 bars),6,0.027244063764056747,0.02713423811291313,3495.4339159787933,132315.48424975827
KMB,2022-01-28,116.62789154052734,9.616477105023506,12.022117614746094,0.3945536225942607,2.716941064822243,Hammer,2022-02-04,115.70441436767578,2022-03-18,99.7801513671875,Time stop (5 bars),6,-0.13762882848951208,-0.1377093047058029,-18221.073319624753,114094.41093013351
KMB,2025-11-07,99.97799682617188,3.6785623772189524,6.9219207763671875,0.35605056929028844,1.1723846497793748,Hammer,2025-11-14,99.93949127197266,2025-12-26,97.70459747314453,Time stop (5 bars),6,-0.022362469233970228,-0.022461406029065066,-2562.720886986008,111531.6900431475
KMG-200608,1996-05-10,21.82710075378418,7.317509627121851,1.064737319946289,0.1666681594829362,1.0795725475600173,Hammer,1996-05-17,21.8714656829834,1996-06-28,21.131027221679688,Time stop (5 bars),6,-0.033854085137046463,-0.034303459808292545,-3430.345977398909,96569.65402260108
KMG-200608,2001-06-29,27.900766372680664,6.817840142312278,1.8314208984375,0.21379369959341465,1.0964506978731252,Hammer,2001-07-06,27.92181968688965,2001-08-17,25.82936668395996,Time stop (5 bars),6,-0.07493970759764534,-0.07528436916562652,-7270.185476364146,89299.46854623692
KMG-200608,2001-09-28,22.022226333618164,6.634361514728397,2.358766555786133,0.10611535951702673,1.3139272583216302,Hammer,2001-10-05,22.022226333618164,2001-11-16,24.09675407409668,Time stop (5 bars),6,0.0942015447962059,0.09372617819464704,8369.697893282184,97669.1664395191
KMG-200608,2002-07-26,18.872373580932617,0.038121703699772524,2.3867626190185547,0.2149364966344375,1.6194209967346,Hammer,2002-08-02,19.128875732421875,2002-09-13,19.892086029052734,Time stop (5 bars),6,0.039898335234479054,0.03936527586800207,3844.7736768447057,101513.94011636381
KMG-200608,2003-08-08,19.231060028076172,8.000032520104071,0.8959407806396484,0.2828299601261147,1.0351044410200432,Hammer,2003-08-15,19.267261505126953,2003-09-26,20.301006317138672,RSI > 90,6,0.053652918539390804,0.05312011834933725,5392.432507696347,106906.37262406017
KMI,2018-02-09,10.848841667175293,6.4181696079158,0.6292839050292969,0.32000054557688695,1.2390224393663927,Hammer,2018-02-16,10.918063163757324,2018-03-29,9.502176284790039,Time stop (5 bars),6,-0.1296829719457333,-0.13053910405813385,-13053.910392759477,86946.08960724053
KMI,2018-12-28,9.973118782043457,4.667481354945281,0.6652450561523438,0.34317191352715176,1.1043026128839877,Hammer,2019-01-04,9.986165046691895,2019-01-25,11.669005393981934,RSI > 90,3,0.1685171774571772,0.16743196008396652,14557.554190018924,101503.64379725944
KMI,2020-03-20,8.552120208740234,1.577823239729426,3.08845853805542,0.3430494550921751,2.696005279516709,Hammer,2020-03-27,8.323602676391602,2020-05-08,10.097262382507324,Time stop (5 bars),6,0.21308798306127574,0.2117593760493609,21494.3482557499,122997.99205300934
KMI-200705,2002-02-01,44.810203552246094,6.20305425882141,5.496059417724609,0.192030728248097,1.9424375942349474,Hammer,2002-02-08,44.49240493774414,2002-03-22,42.43098068237305,Time stop (5 bars),6,-0.046332048318258656,-0.04655157437313934,-4655.157432658776,95344.84256734123
KMI-200705,2002-07-26,31.503211975097656,6.939637091234744,3.6971588134765625,0.17674486270981482,1.369017119770215,Hammer,2002-08-02,32.761962890625,2002-08-23,36.986534118652344,RSI > 90,3,0.1289474395087673,0.1286225776278211,12263.49940226673,107608.34196960797
KMX,2011-03-25,33.0099983215332,8.791994141341362,2.480001449584961,0.3790330209539045,1.2115600292772875,Hammer,2011-04-01,33.15999984741211,2011-05-06,34.79999923706055,RSI > 90,5,0.04945715914339566,0.04914818022456969,4914.818017542151,104914.81801754216
KMX,2011-08-12,28.0,3.0848354358590626,3.1100006103515625,0.11575580054656874,1.2938789037628273,Hammer,2011-08-19,28.190000534057617,2011-09-23,28.709999084472656,RSI > 90,5,0.018446205766715185,0.018088261775309936,1897.7266905125794,106812.54470805473
KMX,2018-11-23,62.2400016784668,9.792706856739485,4.1399993896484375,0.27294623671766444,1.0211740076380595,Hammer,2018-11-30,62.81999969482422,2019-01-11,64.38999938964844,Time stop (5 bars),6,0.024992036014823027,0.0248308746900437,2652.248910318148,109464.79361837289
KR,1991-05-17,1.8510979413986206,3.2031441022061955,0.17422103881835938,0.3125,1.3143389829376404,Hammer,1991-05-24,1.8402091264724731,1991-06-21,1.9599859714508057,RSI > 90,4,0.06508871369849945,0.05949290159224147,5949.2901532748565,105949.29015327485
KR,1992-06-19,1.3611013889312744,2.609084858346435,0.10888814926147461,0.3,1.0403268224449402,Hammer,1992-06-26,1.3611013889312744,1992-08-07,1.2848796844482422,Time stop (5 bars),6,-0.05600001961858325,-0.06311515761687714,-6687.006140733185,99262.28401254166
KR,1994-04-15,2.0470964908599854,7.929883547413013,0.13066577911376953,0.25,1.1014951774253205,Hammer,1994-04-22,2.057985305786133,1994-06-03,2.0797629356384277,Time stop (5 bars),6,0.01058201425980343,0.005709022657244183,566.6906278707168,99828.97464041236
KR,1998-05-01,7.458835601806641,8.827851701978929,0.45733022689819336,0.11904814037458385,1.0530647514641496,Hammer,1998-05-08,7.469724655151367,1998-06-12,7.774610996246338,RSI > 90,5,0.04081627572238711,0.039451130937879254,3938.3659459947694,103767.34058640714
KR,2000-10-13,7.447947025299072,9.79504856377578,0.6751065254211426,0.22580645161290322,1.1957912749977844,Hammer,2000-10-20,7.360836505889893,2000-11-10,7.992387294769287,RSI > 90,3,0.08579877957811566,0.08438291949358205,8756.191138009712,112523.53172441685
KR,2011-08-12,8.584050178527832,2.1726709606081727,0.734776496887207,0.3225814406549777,1.9424867548248657,Hammer,2011-08-19,8.599157333374023,2011-09-30,8.300810813903809,Time stop (5 bars),6,-0.03469485531010208,-0.03583692249259462,-4032.497080968441,108491.03464344841
KR,2015-04-24,28.769254684448242,5.84815330546995,1.159597396850586,0.2733570957443134,1.1023621810331132,Hammer,2015-05-01,28.83345603942871,2015-06-12,28.63888931274414,Time stop (5 bars),6,-0.006747950242888212,-0.0070935394878589185,-769.5854375523859,107721.44920589602
KRB-200512,2001-03-23,18.590795516967773,8.666773336556304,2.4615421295166016,0.2724993936726545,1.2501161102281206,Hammer,2001-03-30,19.230796813964844,2001-05-04,22.64618492126465,RSI > 90,5,0.17759992684336656,0.1770338988415365,17703.389866450263,117703.38986645026
KRFT-201507,2014-10-17,54.1840705871582,2.4488029862439333,2.2132530212402344,0.39452525116728804,1.387249856445934,Hammer,2014-10-24,54.144657135009766,2014-12-05,59.17976379394531,RSI > 90,6,0.09299360131472434,0.09280034121742621,9280.034112462585,109280.0341124626
KRI-200606,1990-04-27,16.975479125976562,7.233515454820747,1.2442760467529297,0.3928573070962461,1.1945401385186207,Hammer,1990-05-04,16.8866024017334,1990-06-15,17.775371551513672,Time stop (5 bars),6,0.052631614615918254,0.052024025245236485,5202.402519321246,105202.40251932126
KRI-200606,1994-07-01,20.35167121887207,2.7914401094716226,0.987945556640625,0.25,1.198893457529304,Hammer,1994-07-08,20.25287628173828,1994-08-19,21.046247482299805,Time stop (5 bars),6,0.03917326060382309,0.03866995679441988,4068.1723560231503,109270.57487534442
KRI-200606,2001-03-23,48.4865837097168,9.375188982039262,4.6513824462890625,0.34241207480817365,1.5195653028414564,Hammer,2001-03-30,48.504676818847656,2001-05-11,49.36516189575195,Time stop (5 bars),6,0.017740249669490282,0.017532276705951054,1915.7619526171197,111186.33682796155
KSE-200708,2001-07-27,23.07860565185547,0.06371926408402828,1.9760360717773438,0.30188646463554475,1.318509445516461,Hammer,2001-08-03,23.309764862060547,2001-09-10,24.316423416137695,RSI > 90,6,0.043186130792576494,0.042747956497686306,4274.795645493836,104274.79564549384
KSE-200708,2003-08-08,27.65522575378418,7.721250708045574,1.2574329376220703,0.2565782388355376,1.253332305521845,Hammer,2003-08-15,27.671770095825195,2003-09-26,28.93747329711914,RSI > 90,6,0.04573987124462642,0.04537029418340095,4730.9781496190935,109005.77379511292
KSE-200708,2004-05-14,29.712234497070312,2.0247058113747443,1.064218521118164,0.39516306812173696,1.0781045669403242,Hammer,2004-05-21,29.566335678100586,2004-07-02,30.948101043701172,Time stop (5 bars),6,0.0467344137820922,0.04638834648975508,5056.597599134966,114062.37139424788
KSS,1999-08-13,17.55337905883789,3.7196256201039546,1.7569351196289062,0.39090909090909093,1.3319921772161338,Hammer,1999-08-20,17.569351196289062,1999-10-01,17.952682495117188,Time stop (5 bars),6,0.021818181818181737,0.021242963376477766,2124.2963355234806,102124.29633552347
KSS,2002-06-28,35.818477630615234,6.269818565853427,2.903095245361328,0.32746452500496037,1.2664147898002163,Hammer,2002-07-05,35.94625473022461,2002-08-16,33.712711334228516,Time stop (5 bars),6,-0.06213563590306581,-0.06240514866119327,-6373.081888365015,95751.21444715846
KSS,2002-10-11,26.782081604003906,2.357218996852694,6.920408248901367,0.3796157801188274,2.186161341682407,Hammer,2002-10-18,26.679859161376953,2002-11-22,34.198265075683594,RSI > 90,5,0.2818008096980753,0.2813732637260508,26941.831687788137,122693.04613494659
KSS,2003-12-05,24.20098114013672,5.182698608344097,2.3970985412597656,0.39232476905082075,1.258113218518124,Hammer,2003-12-12,24.149871826171875,2004-01-23,22.182106018066406,Time stop (5 bars),6,-0.08148141829775457,-0.08187854700030131,-10045.928334524433,112647.11780042217
KSS,2004-04-23,21.99299430847168,3.055879066678159,1.9319896697998047,0.09788344378968111,1.15782332466072,Hammer,2004-04-30,22.079883575439453,2004-06-04,24.313426971435547,RSI > 90,5,0.10115739009061508,0.1006816897359102,11341.50215268513,123988.61995310729
KSU-202112,2017-01-06,79.31967163085938,8.407866578876252,6.2369232177734375,0.27769405225288263,1.4393947559279192,Hammer,2017-01-13,78.83700561523438,2017-01-27,81.45858764648438,RSI > 90,2,0.03325319132546323,0.03312424653420254,3312.4246501078296,103312.42465010783
KSU-202112,2020-03-13,125.91498565673828,1.3068693379346996,26.108535766601562,0.3287980063691922,2.5403272010350313,Hammer,2020-03-20,113.53168487548828,2020-05-01,132.18064880371094,Time stop (5 bars),6,0.164262196484402,0.16416688534338802,16960.478955121187,120272.903605229
KWP-199911,1994-03-11,16.62583351135254,2.4574202431800813,1.2425003051757812,0.28571384711740977,1.1544113200581951,Hammer,1994-03-18,16.74416732788086,1994-04-29,16.27083396911621,Time stop (5 bars),6,-0.02826855163926223,-0.02885715745164762,-2885.715742279046,97114.28425772095
KWP-199911,1995-10-06,17.03999900817871,8.681741157235109,2.2483339309692383,0.315789830879443,2.0713616813409454,Hammer,1995-10-13,17.75,1995-11-24,17.15833282470703,Time stop (5 bars),6,-0.03333336198833625,-0.033887196580848745,-3290.9308381588835,93823.35341956207
L,2006-02-17,28.407800674438477,7.487319355208356,0.8930454254150391,0.35666673074006916,1.068811713133941,Hammer,2006-02-24,28.407800674438477,2006-03-24,29.834007263183594,RSI > 90,4,0.050204752035888145,0.049843963112696774,4984.396306285282,104984.39630628527
L,2011-08-12,33.637142181396484,1.6188497330042821,2.875764846801758,0.36774247892028344,1.9653488509202477,Hammer,2011-08-19,33.87833786010742,2011-09-30,32.27252960205078,Time stop (5 bars),6,-0.04739926334897082,-0.047687399179140874,-5006.432809232516,99977.96349705277
L,2012-11-16,38.08632278442383,7.199653262542313,1.6648712158203125,0.35393047319652826,1.2596546438638472,Hammer,2012-11-23,38.479156494140625,2013-01-04,37.59261703491211,Time stop (5 bars),6,-0.023039472275425577,-0.023296326096299363,-2329.1192377421366,97648.84425931063
L,2021-12-03,54.04356384277344,9.009521811469924,2.3933982849121094,0.33333439589426456,1.0401843679657143,Hammer,2021-12-10,55.097450256347656,2022-01-14,59.98274612426758,RSI > 90,5,0.08866645997574274,0.08847693424228988,8639.67036372696,106288.5146230376
LDG-200810,1999-03-26,25.186187744140625,0.2620694709636666,2.7927188873291016,0.27777766394912135,1.3477718605994664,Hammer,1999-04-01,25.237903594970703,1999-05-07,28.237491607666016,RSI > 90,5,0.11885250299842887,0.11843281029251111,11843.28101740783,111843.28101740783
LDOS,2020-10-30,77.04397583007812,3.6098899684467085,5.643707275390625,0.3667774275007705,1.0009010700405045,Hammer,2020-11-06,78.85404968261719,2020-11-20,92.08147430419922,RSI > 90,2,0.16774566017625747,0.16760821585826866,16760.821569066044,116760.82156906606
LDW-200012,1997-10-31,13.31238079071045,2.2143779652068787,1.8260345458984375,0.2903225301033667,2.3202162255507925,Hammer,1997-11-07,13.43018913269043,1997-12-19,12.311006546020508,Time stop (5 bars),6,-0.08333334516829094,-0.08404664612591137,-8404.664604186473,91595.33539581353
LDW-200012,1998-07-10,9.982281684875488,6.853396487597976,1.1883668899536133,0.100000561755824,1.2422596125295962,Hammer,1998-07-17,9.982281684875488,1998-08-28,9.015398025512695,Time stop (5 bars),6,-0.09685998551090302,-0.09781276729604657,-8959.193217514854,82636.14217829867
LDW-200012,1999-11-12,5.797077178955078,2.816790919646351,0.8017230033874512,0.07692280241593734,1.415526486124385,Hammer,1999-11-19,5.797077178955078,1999-12-31,5.057024955749512,Time stop (5 bars),6,-0.12765954296626436,-0.1292730517143254,-10682.626270604927,71953.51590769374
LEG,2003-03-14,7.399462699890137,0.21034432489389587,0.5111608505249023,0.3629025487368258,1.0310519788227772,Hammer,2003-03-21,7.317017078399658,2003-05-02,8.33521556854248,Time stop (5 bars),6,0.13915486040733938,0.13769409157990925,13769.409144221518,113769.40914422151
LEG,2015-08-28,29.552276611328125,6.915632015039648,5.014646530151367,0.3911884551440996,3.5262929081674175,Hammer,2015-09-04,30.201704025268555,2015-10-16,29.531654357910156,Time stop (5 bars),6,-0.022185823250164827,-0.022513203254136,-2561.313829605504,111208.095314616
LEHMQ-201203,1999-05-28,12.698474884033203,7.996643092720916,1.438385009765625,0.17171687034561772,1.0167469415079615,Hammer,1999-06-04,12.669416427612305,1999-07-16,14.412914276123047,Time stop (5 bars),6,0.1376146927107773,0.136771413375228,13677.141323845663,113677.14132384566
LEHMQ-201203,2002-07-26,25.432153701782227,5.193228869628854,2.982027053833008,0.09493674529451383,1.2592847991671203,Hammer,2002-08-02,25.837934494018555,2002-09-13,25.44765853881836,Time stop (5 bars),6,-0.015104766028822603,-0.015488796571954351,-1760.722115085629,111916.41920876004
LEHMQ-201203,2004-04-16,37.85361099243164,2.066726386535734,2.65228271484375,0.3657663099758371,1.5285465546953783,Hammer,2004-04-23,37.609886169433594,2004-06-04,35.92036056518555,Time stop (5 bars),6,-0.04492238015921368,-0.04518226099615595,-5056.636857388761,106859.78235137126
LEHMQ-201203,2006-05-26,65.2369384765625,3.4681068257960845,4.406852722167969,0.19205179920881557,1.3289005436522185,Hammer,2006-06-02,64.6921615600586,2006-07-14,63.13566207885742,Time stop (5 bars),6,-0.024060093891841272,-0.02421280073851443,-2587.374614447398,104272.40773692388
LH,2014-10-17,80.55034637451172,1.1419465043745447,4.106292724609375,0.39165025454275204,1.4445821964329157,Hammer,2014-10-24,80.22380065917969,2014-11-07,85.54647827148438,RSI > 90,2,0.06634786146467175,0.0662190830307124,6621.908296449332,106621.90829644933
LHX,1996-06-21,7.1563029289245605,3.7900335291712963,0.3892545700073242,0.34615337499969373,1.089059365050411,Hammer,1996-06-28,7.186245441436768,1996-08-09,7.1563029289245605,Time stop (5 bars),6,-0.004166642060338566,-0.005554324746316382,-555.4324740762058,99444.56752592379
LHX,2011-08-12,26.522140502929688,4.082469948893404,2.0523948669433594,0.2535216895931958,1.1096320736611363,Hammer,2011-08-19,26.45709991455078,2011-09-23,29.076005935668945,RSI > 90,5,0.09898688932560695,0.09859028684581449,9804.268427834526,109248.83595375832
LIN,2020-03-13,161.6715545654297,4.173689271006367,21.415756225585938,0.2275449357785484,1.9792137124112297,Hammer,2020-03-20,136.2254638671875,2020-05-01,167.29571533203125,Time stop (5 bars),6,0.22807961582818015,0.22799783971318416,22799.783948518634,122799.78394851863
LIN,2022-01-28,296.28924560546875,6.467084759580587,12.803985595703125,0.2894930653707089,1.117608641556537,Hammer,2022-02-04,291.6982116699219,2022-03-18,272.6551513671875,Time stop (5 bars),6,-0.06528343178285578,-0.06531659419744044,-8020.863647677888,114778.92030084075
LIN,2023-01-06,302.0227355957031,2.3582015557322364,18.94329833984375,0.29450295939967847,1.2290156552539466,Hammer,2023-01-13,307.8594970703125,2023-02-24,308.4995422363281,Time stop (5 bars),6,0.0020790171234166266,0.0020465015356147245,234.89523641697542,115013.81553725772
LIN,2024-04-26,430.4882507324219,3.7133120199687397,15.15325927734375,0.37179533654756297,1.1201095452572167,Hammer,2024-05-03,433.00408935546875,2024-06-14,421.68707275390625,Time stop (5 bars),6,-0.026136050166195912,-0.026158842574003895,-3008.6282914660196,112005.18724579169
LIT-200105,1992-09-18,19.518096923828125,4.105296061273535,1.1710872650146484,0.33333441913265266,1.4986368186893804,Hammer,1992-09-25,19.518096923828125,1992-11-06,19.239267349243164,Time stop (5 bars),6,-0.014285694741302368,-0.014794249893439852,-1479.42498786456,98520.57501213544
LKQ,2016-10-28,28.224206924438477,2.7434374013561467,3.365467071533203,0.33420441446006005,2.385462821030108,Hammer,2016-11-04,28.33843994140625,2016-12-16,29.96405601501465,Time stop (5 bars),6,0.057364345989743715,0.057001411153633004,5700.14110966316,105700.14110966315
LKQ,2022-02-25,42.38870620727539,3.6417320191225286,5.154071807861328,0.24657596093283368,1.6527868325190043,Hammer,2022-03-04,41.594417572021484,2022-04-14,40.12750244140625,Time stop (5 bars),6,-0.035267115546821715,-0.0355032646324492,-3752.700077750893,101947.44103191225
LLL-201906,2011-08-12,55.77397537231445,2.868590886657074,4.3419342041015625,0.21415342660242556,1.2827397265949918,Hammer,2011-08-19,56.384368896484375,2011-09-30,49.34446334838867,Time stop (5 bars),6,-0.12485562374601034,-0.12502189129013697,-12502.189116511505,87497.8108834885
LLL-201906,2016-01-22,104.92744445800781,7.084524455620397,6.7484283447265625,0.20836263326286275,1.1848569477517121,Hammer,2016-01-29,104.92744445800781,2016-03-11,112.6525650024414,Time stop (5 bars),6,0.07362345079818655,0.07352464325293646,6433.245324188147,93931.05620767667
LLX-199710,1993-04-30,40.32527542114258,7.661024867795618,2.7198867797851562,0.26087023598811787,1.3088842697578238,Hammer,1993-05-07,40.32527542114258,1993-06-11,44.23358917236328,RSI > 90,5,0.09691970384340065,0.09665973541001568,9665.973531335596,109665.97353133559
LLX-199710,1995-08-18,37.33937072753906,5.982190776957836,1.6073265075683594,0.3076935856328809,1.0103928819221635,Hammer,1995-08-25,37.58665466308594,1995-10-06,35.41817855834961,Time stop (5 bars),6,-0.05769271365525386,-0.05795105653796979,-6355.2590260506695,103310.71450528492
LLY,1993-01-08,6.248567581176758,4.425151863409084,0.3214282989501953,0.2799992285827879,1.2190054469881517,Hammer,1993-01-15,6.248567581176758,1993-02-26,5.069925308227539,Time stop (5 bars),6,-0.18862599429984106,-0.1900742668116408,-19007.426662156657,80992.57333784334
LLY,2002-06-14,31.085403442382812,8.41355823778349,2.2317733764648438,0.35483876481507437,1.1779710401634975,Hammer,2002-06-21,31.033977508544922,2002-08-02,28.437101364135742,Time stop (5 bars),6,-0.0836784825178839,-0.0839871784981162,-6802.337707144878,74190.23563069846
LLY,2006-04-28,29.729028701782227,8.924323252303353,1.2976951599121094,0.17315827069547862,1.135399616365082,Hammer,2006-05-05,29.498703002929688,2006-06-16,29.596904754638672,Time stop (5 bars),6,0.003329019302958258,0.0029895146280528237,221.7927944548661,74412.02842515333
LLY,2010-05-07,22.944290161132812,7.375796486156872,1.3188667297363281,0.396985535080539,1.5160724008778144,Hammer,2010-05-14,23.507627487182617,2010-06-25,23.361539840698242,Time stop (5 bars),6,-0.006214478537403534,-0.006638460400457676,-493.98130352413,73918.04712162919
LLY,2011-08-12,25.070999145507812,4.813379885319804,1.718496322631836,0.33479950321147806,1.7563865889375705,Hammer,2011-08-19,25.365867614746094,2011-09-23,26.804248809814453,RSI > 90,5,0.05670538129877234,0.056300053145922055,4161.589977228905,78079.6370988581
LLY,2013-06-14,40.420989990234375,7.271897553685548,1.55316162109375,0.3900017683813416,1.0302751245234627,Hammer,2013-06-21,40.70832443237305,2013-08-02,41.33735656738281,Time stop (5 bars),6,0.01545217455596215,0.015204657041406881,1187.1741028184729,79266.81120167657
LLY,2023-02-03,330.0013122558594,1.6194875683221994,29.975341796875,0.2831174305052167,1.6532748203519356,Hammer,2023-02-10,332.8236999511719,2023-03-24,321.4028625488281,Time stop (5 bars),6,-0.03431497637944436,-0.03434450636024092,-2722.3794987496176,76544.43170292694
LMT,1992-06-26,5.664609432220459,9.496220713598518,0.30663108825683594,0.31578939183767407,1.4759811895572479,Hammer,1992-07-02,5.664609432220459,1992-07-31,5.922825336456299,RSI > 90,4,0.045584061412442756,0.043780071132453316,4378.007108867325,104378.00710886731
LMT,1997-10-31,23.136615753173828,1.3823222324941327,2.1296024322509766,0.20714269720785472,1.8512981187081177,Hammer,1997-11-07,23.456056594848633,1997-12-19,24.091522216796875,Time stop (5 bars),6,0.027091750029619277,0.026659737996863136,2782.69031937443,107160.69742824174
LMT,1998-06-26,25.340707778930664,0.7017905450786515,1.1385612487792969,0.3513520757738712,1.0226433692421952,Hammer,1998-07-02,25.417638778686523,1998-08-14,23.325145721435547,Time stop (5 bars),6,-0.08232444702950126,-0.08270160605883435,-8862.361774838031,98298.3356534037
LMT,1998-12-04,26.240150451660156,8.292078497120102,2.3741817474365234,0.28758109025470874,1.4573973069745703,Hammer,1998-12-11,26.240150451660156,1999-01-22,20.265899658203125,Time stop (5 bars),6,-0.22767593518424567,-0.22801358309906336,-22413.35570259363,75884.97995081008
LMT,2001-03-23,18.203393936157227,9.97409457411051,2.680959701538086,0.35797651528356317,1.7191167162806948,Hammer,2001-03-30,18.385948181152344,2001-05-11,18.64674186706543,Time stop (5 bars),6,0.01418440231330731,0.013636800204249743,1034.8283090578666,76919.80825986795
LMT,2005-01-07,29.89862632751465,3.7921342889786445,1.692270278930664,0.28064429233677135,1.3371116495143158,Hammer,2005-01-14,29.86041259765625,2005-02-18,32.507999420166016,RSI > 90,5,0.0886654467298813,0.08831576707286996,6793.2318627750865,83713.04012264303
LMT,2018-11-02,243.2466278076172,2.915431535390951,21.3677978515625,0.38874075237795996,1.6682006031866272,Hammer,2018-11-09,245.45736694335938,2018-12-21,234.32015991210938,Time stop (5 bars),6,-0.045373284859769436,-0.04541310006116828,-3801.668663712514,79911.3714589305
LNC,1996-03-15,10.696024894714355,5.378568037414809,0.8979377746582031,0.38235325355050576,1.6000982534608104,Hammer,1996-03-22,10.722434997558594,1996-05-03,10.33851146697998,Time stop (5 bars),6,-0.03580562910066876,-0.03672112957741203,-3672.112954069091,96327.8870459309
LNC,2000-10-13,22.01451873779297,5.4223841075573205,2.9230899810791016,0.3645833945062481,1.3774283307553323,Hammer,2000-10-20,21.679580688476562,2000-12-01,21.31419563293457,Time stop (5 bars),6,-0.016853880192258863,-0.01731115122468002,-1667.546618138459,94660.34042779244
LNC,2002-07-05,20.56596565246582,3.4287190593400965,2.027202606201172,0.3750007056578707,1.5560433696629448,Hammer,2002-07-12,20.48423194885254,2002-08-23,18.159961700439453,Time stop (5 bars),6,-0.11346631175709199,-0.11392668374491281,-10784.338656318556,83876.00177147388
LNC,2003-03-14,14.233532905578613,7.668758860220052,1.6348981857299805,0.19488833732423738,1.2422609351788054,Hammer,2003-03-21,14.129066467285156,2003-05-02,16.761499404907227,RSI > 90,6,0.1863132956248228,0.18553987585186327,15562.342940067585,99438.34471154147
LNC,2008-07-18,27.301557540893555,0.9447576747704574,3.5219879150390625,0.346153554547542,1.4458366377685041,Hammer,2008-07-25,27.24614143371582,2008-08-15,30.595722198486328,RSI > 90,3,0.12293780287822909,0.12254828932188098,12185.999025212921,111624.34373675438
LNC,2011-03-18,18.71208381652832,5.715274998309667,1.6142005920410156,0.3882354609325705,1.3140752721350981,Hammer,2011-03-25,19.07923698425293,2011-05-06,19.985429763793945,Time stop (5 bars),6,0.04749627987161875,0.0469598433660458,5241.86169247378,116866.20542922817
LNC,2011-08-12,14.125885009765625,3.5675136242413856,1.8038454055786133,0.3521125643613509,1.40489699604192,Hammer,2011-08-19,14.221158027648926,2011-09-30,9.883038520812988,Time stop (5 bars),6,-0.3050468533154417,-0.305642570424513,-35719.28738742918,81146.91804179897
LNC,2014-10-17,31.963586807250977,2.562820567428801,2.9202632904052734,0.338636852008969,1.700244923694924,Hammer,2014-10-24,31.718021392822266,2014-11-14,37.0474967956543,RSI > 90,3,0.16802672956258502,0.16768501767097224,13607.122372176873,94754.04041397585
LNC,2016-01-22,26.80900001525879,2.980132474449988,3.0066146850585938,0.3558552386172456,1.3492560848048338,Hammer,2016-01-29,26.68033790588379,2016-03-11,26.571992874145508,Time stop (5 bars),6,-0.0040608568047554305,-0.004434833546259479,-420.218396651308,94333.82201732455
LNT,2020-12-24,41.87092590332031,2.4951482107527028,2.678668975830078,0.2468751646617687,1.1355944344402988,Hammer,2020-12-31,42.14716339111328,2021-02-12,41.922447204589844,Time stop (5 bars),6,-0.005331703688766343,-0.005568307001128226,-556.8306995559919,99443.169300444
LO-201506,2008-07-03,15.779707908630371,5.766753998093662,1.6047163009643555,0.3669591190651507,1.3623363460768254,Hammer,2008-07-11,15.81959056854248,2008-08-22,17.03720474243164,RSI > 90,6,0.07696875393920788,0.07631250670647759,7631.250663016508,107631.25066301652
LO-201506,2011-08-12,28.167638778686523,5.847620513193306,1.8183422088623047,0.35365847262504785,1.1830351473594873,Hammer,2011-08-19,28.428192138671875,2011-09-30,30.027135848999023,Time stop (5 bars),6,0.05624500152973311,0.05588340917114382,6014.801214388495,113646.05187740501
LOR-199604,1991-09-13,8.8751859664917,1.194415594996869,0.8356504440307617,0.27586183284773746,1.6455389732621764,Hammer,1991-09-20,8.788739204406738,1991-11-01,8.183612823486328,Time stop (5 bars),6,-0.06885246755495888,-0.069950491664815,-6995.049159486451,93004.95084051354
LOTS-199507,1994-04-15,66.25,9.56620851423419,10.25,0.36585365853658536,1.579474799786779,Hammer,1994-04-22,66.5,1994-06-03,61.0,Time stop (5 bars),6,-0.08270676691729328,-0.08285091346515294,-8285.091338230202,91714.9086617698
LOW,2004-01-16,18.552490234375,2.6719773122544836,1.1326828002929688,0.32826697561008467,1.1712743786174824,Hammer,2004-01-23,18.59809112548828,2004-02-27,20.09589958190918,RSI > 90,5,0.08053560154720318,0.07997641071501481,7997.641063503841,107997.64106350383
LOW,2011-08-12,14.910276412963867,0.8445066601349254,1.5361175537109375,0.2835821636816958,1.6492531012442413,Hammer,2011-08-19,14.6962890625,2011-09-30,15.162474632263184,Time stop (5 bars),6,0.03172131194348471,0.031030310867556542,3351.200371812113,111348.84143531596
LOW,2014-02-07,36.929080963134766,9.288483349552465,1.7554740905761719,0.2602746274883906,1.0759863469436473,Hammer,2014-02-14,36.96114730834961,2014-03-07,38.957096099853516,RSI > 90,3,0.05400126719153597,0.05372344526299434,5982.04338196599,117330.88481728196
LPX,1996-07-26,13.63018798828125,0.11591752660683596,1.1426506042480469,0.2857140472526115,1.153617561521325,Hammer,1996-08-02,13.466952323913574,1996-09-13,14.787510871887207,RSI > 90,6,0.09805919826631349,0.09728052152079755,9728.052142351702,109728.05214235169
LPX,1999-10-29,9.059425354003906,2.1964698774848728,1.2942028045654297,0.275861967326667,1.0729118049290376,Hammer,1999-11-05,9.059425354003906,1999-12-17,9.843082427978516,Time stop (5 bars),6,0.08650185230879615,0.08535092339117473,9365.390562899294,119093.442705251
LPX,2001-09-28,5.05531644821167,0.4063847584711624,1.1899433135986328,0.3202614955287374,1.3851810874416746,Hammer,2001-10-05,4.993097305297852,2001-11-16,5.864167213439941,Time stop (5 bars),6,0.17445482330533668,0.17227954070229465,20517.363589398323,139610.80629464932
LPX,2002-07-26,5.755283355712891,3.064035094843163,1.353269100189209,0.34482776846178537,1.4277043388020996,Hammer,2002-08-02,5.871944904327393,2002-09-13,5.560848236083984,Time stop (5 bars),6,-0.052980174935589486,-0.05463666470770774,-7627.868805465618,131982.9374891837
LRCX,2013-11-22,4.376019477844238,7.3611178869449105,0.27912187576293945,0.37993819198750856,1.3754723606227328,Hammer,2013-11-29,4.394683837890625,2014-01-03,4.586421012878418,RSI > 90,5,0.04362934446720601,0.04130687151259593,4130.687147128907,104130.6871471289
LSI-201405,1997-07-03,15.690431594848633,8.075417982462241,2.4496917724609375,0.34177214204294176,1.0978176124287784,Hammer,1997-07-11,16.24858856201172,1997-08-22,16.46565055847168,Time stop (5 bars),6,0.013358821637433849,0.012739463391113056,1273.9463378373594,101273.94633783735
LSI-201405,1997-10-31,10.977100372314453,2.822668518523841,2.5737266540527344,0.32530121374800464,1.3468228246018357,Hammer,1997-11-07,11.380213737487793,1997-12-19,10.108855247497559,Time stop (5 bars),6,-0.11171657398685109,-0.1125458440688855,-11397.961761380957,89875.9845764564
LSI-201405,1998-08-07,10.015829086303711,6.717672977317406,1.2713594436645508,0.26829228042249853,1.0057120219857076,Hammer,1998-08-14,10.015829086303711,1998-09-25,6.07771635055542,Time stop (5 bars),6,-0.39318889148513125,-0.3939906270973627,-35410.29548886066,54465.68908759573
LSI-201405,2007-08-10,6.519281387329102,4.304044434979673,0.664827823638916,0.13432789789455943,1.024557451468433,Hammer,2007-08-17,6.608586311340332,2007-09-28,6.7475056648254395,Time stop (5 bars),6,0.021021039438755995,0.019493108189130113,1061.7055689183217,55527.39465651405
LSI-201405,2008-09-19,5.904067039489746,3.1819662497347707,1.2403502464294434,0.33600030447450663,1.6602307322316534,Hammer,2008-09-26,5.953681468963623,2008-11-07,3.8401243686676025,Time stop (5 bars),6,-0.3550000300341789,-0.35638036893846,-19788.873374091076,35738.521282422975
LSI-201405,2010-06-11,5.050706386566162,5.707644052267071,0.5854458808898926,0.3559325899253035,1.1437335510394937,Hammer,2010-06-18,5.120165824890137,2010-07-30,4.792713642120361,Time stop (5 bars),6,-0.06395343314428714,-0.0658421979501529,-2353.1027903699432,33385.41849205303
LU-200611,2005-04-08,2.6500000953674316,0.4135899609836997,0.24000000953674316,0.3333330021964311,1.0489582814997171,Hammer,2005-04-15,2.680000066757202,2005-05-27,2.940000057220459,RSI > 90,6,0.09701491939806428,0.09310986377933061,9310.986368622074,109310.98636862206
LU-200611,2006-06-16,2.440000057220459,4.96659863074359,0.21000003814697266,0.09523798711177515,1.1829894186236307,Hammer,2006-06-23,2.4700000286102295,2006-08-04,2.119999885559082,Time stop (5 bars),6,-0.14170046113241486,-0.14545460157157897,-15899.785953744438,93411.20041487762
LUB-202205,1991-09-06,5.507275104522705,7.496546010577475,0.38512420654296875,0.3999992571168209,1.2890545392661579,Hammer,1991-09-13,5.546058177947998,1991-10-25,5.390923976898193,Time stop (5 bars),6,-0.027971975062692778,-0.029748238219843084,-2974.8238190094853,97025.1761809905
LUB-202205,1991-12-27,4.143691539764404,1.4334186239351965,0.469097375869751,0.16666725962459664,1.3766336193377418,Hammer,1992-01-03,4.221874713897705,1992-01-31,4.964611530303955,RSI > 90,4,0.17592583075980084,0.17335191270208603,16819.499854412083,113844.67603540259
LUMN,2010-05-07,11.941100120544434,2.658734331149759,7.443756580352783,0.08353583880890844,7.58354267574559,Hammer,2010-05-14,12.1905517578125,2010-06-25,12.965798377990723,RSI > 90,6,0.0635940550993841,0.06274801135487805,6274.801129213003,106274.80112921301
LUV,1997-04-04,3.797177314758301,4.419504669897549,0.269744873046875,0.1538458818870913,1.1286938480504236,Hammer,1997-04-11,3.8179268836975098,1997-05-02,4.295167922973633,RSI > 90,3,0.12500004683534804,0.12222076264880344,12222.07625265827,112222.07625265825
LUV,1999-09-10,9.27628231048584,4.623908460517626,1.0189857482910156,0.13793093766495335,1.0802307726192901,Hammer,1999-09-17,9.27628231048584,1999-10-29,8.96004581451416,Time stop (5 bars),6,-0.03409086586489596,-0.03514993780580325,-3944.598996774448,108277.47725588382
LUV,2002-07-26,10.257575035095215,1.3208446176942488,1.5390596389770508,0.3241759773853482,1.2018438959042428,Hammer,2002-08-02,10.925627708435059,2002-09-13,11.825668334960938,Time stop (5 bars),6,0.08237884820393515,0.08142630508209908,8816.634887741006,117094.1121436248
LUV,2017-08-25,47.143611907958984,1.3381473964688837,3.21270751953125,0.38997283279822176,1.2430428230964146,Hammer,2017-09-01,47.080970764160156,2017-10-06,50.13259506225586,RSI > 90,5,0.06481651182134751,0.06459725155355318,7563.957810017739,124658.06995364255
LUV,2021-07-09,48.73774719238281,1.3247695900785317,3.6045989990234375,0.2993859823647193,1.116115723964075,Hammer,2021-07-16,48.608619689941406,2021-08-27,44.39341354370117,Time stop (5 bars),6,-0.0867172565920955,-0.0869140412334791,-10834.536621202275,113823.53333244029
LUV,2022-03-11,37.1159553527832,6.579015250263794,4.740955352783203,0.3210112864928191,1.337797885404205,Hammer,2022-03-18,37.43878173828125,2022-04-29,42.71470642089844,Time stop (5 bars),6,0.14092137718312947,0.14063549241431153,16007.628642536914,129831.1619749772
LVLT-201710,2015-09-04,44.959999084472656,0.5481459728764975,3.3500022888183594,0.3820900655102638,1.2858398893175098,Hammer,2015-09-11,45.75,2015-10-23,47.22999954223633,Time stop (5 bars),6,0.03234971677019294,0.032127626319229156,3212.762628710152,103212.76262871016
LVS,2020-03-13,45.37855529785156,1.4285827055084752,13.379310607910156,0.3114187926573843,2.765457098216125,Hammer,2020-03-20,37.51763153076172,2020-05-01,42.19469451904297,Time stop (5 bars),6,0.1246630663357946,0.12437994879050822,12437.994866612826,112437.99486661282
LVS,2025-10-17,47.81429672241211,2.6438961743052403,4.13720703125,0.38333345627286675,1.2928489260313965,Hammer,2025-10-24,49.14411163330078,2025-11-07,59.240867614746094,RSI > 90,2,0.20545199914863455,0.20522763578520245,23075.383835828296,135513.3787024411
LXK-201611,2002-06-28,44.77423858642578,3.6124217702301564,5.061794281005859,0.3252029701888359,1.3922145056829776,Hammer,2002-07-05,44.77423858642578,2002-08-16,37.94287109375,Time stop (5 bars),6,-0.15257361617639764,-0.15277989775265294,-15277.989759987304,84722.0102400127
LYB,2012-11-16,23.76959800720215,9.953651067871562,1.5480995178222656,0.344823507669562,1.0019408602821658,Hammer,2012-11-23,24.220951080322266,2012-12-14,27.187713623046875,RSI > 90,3,0.12248745034355335,0.1220493896368124,12204.938951476302,112204.93895147632
LYB,2016-07-01,42.33356857299805,4.1795096244385235,3.378070831298828,0.33724807772875565,1.0784612336414539,Hammer,2016-07-08,41.87446594238281,2016-08-19,43.26692581176758,Time stop (5 bars),6,0.033253197098697784,0.03301044648675159,3703.9351291030025,115908.87408057932
LYB,2018-09-21,65.03186798095703,5.8339921782779385,4.036346435546875,0.24197054353825334,1.2355728779823698,Hammer,2018-09-28,65.13694763183594,2018-11-09,57.81846618652344,Time stop (5 bars),6,-0.11235530234971536,-0.11250018938228604,-13039.77027211295,102869.10380846637
LYV,2020-03-20,33.970001220703125,0.7887901721481967,17.529998779296875,0.30005697021184735,2.3327103813243966,Hammer,2020-03-27,33.56999969482422,2020-05-08,39.56999969482422,Time stop (5 bars),6,0.1787310114550007,0.17840655411601963,17840.655393761306,117840.6553937613
LYV,2022-05-13,91.25,2.959905375870676,10.980003356933594,0.12841559481117948,1.0398828372557134,Hammer,2022-05-20,91.08000183105469,2022-07-01,87.33999633789062,Time stop (5 bars),6,-0.04106286141826654,-0.04117039488147138,-4851.546310800997,112989.10908296032
M,2011-02-04,13.075945854187012,5.9012006073278656,0.9053459167480469,0.28481108662585164,1.0295256848866388,Hammer,2011-02-11,13.09313678741455,2011-03-25,13.333395957946777,Time stop (5 bars),6,0.01835000843825063,0.01757953625537585,1757.9536237796315,101757.95362377963
M,2011-08-12,14.725407600402832,4.352449967562194,1.7520647048950195,0.2697372539221946,1.550858162416642,Hammer,2011-08-19,14.817621231079102,2011-09-23,15.754980087280273,RSI > 90,5,0.06325973930519391,0.0625637558798809,6366.359762988031,108124.31338676767
MA,2016-01-22,82.76527404785156,5.544996610221887,5.849998474121094,0.27974193077202975,1.3925589533961806,Hammer,2016-01-29,82.79348754882812,2016-03-11,84.35474395751953,Time stop (5 bars),6,0.01885723690248753,0.018735323006674437,1873.5322987939117,101873.5322987939
MA,2018-11-02,189.50067138671875,7.457372183924392,17.81719970703125,0.2485209837042721,1.9701909428171167,Hammer,2018-11-09,189.96070861816406,2018-12-21,185.4561004638672,Time stop (5 bars),6,-0.023713367817296827,-0.023765384748314435,-2421.063688329611,99452.46861046428
MA,2020-03-13,260.57281494140625,3.9656969135037343,38.54405212402344,0.39734594657293304,2.0801263640612895,Hammer,2020-03-20,226.2942657470703,2020-05-01,251.51327514648438,Time stop (5 bars),6,0.11144343103948295,0.11139677946454149,11078.684701925438,110531.15331238972
MA,2025-11-21,538.663818359375,8.177988020787183,24.53594970703125,0.3621768321654142,1.0322848172913415,Hammer,2025-11-28,541.6940307617188,2026-01-02,577.7378540039062,RSI > 90,5,0.0665390814654232,0.06652000685974627,7352.5330692032985,117883.68638159301
MAA,2018-12-28,73.01353454589844,4.577023378975284,4.644432067871094,0.3553712084500333,1.5413157623655374,Hammer,2019-01-04,73.04424285888672,2019-02-15,80.47957611083984,RSI > 90,6,0.10179218732292639,0.1016483259969861,10164.832589533777,110164.83258953378
MAC,2013-06-14,30.148958206176758,2.603859226342479,1.2786064147949219,0.3939402528201349,1.129258552398916,Hammer,2013-06-21,30.240978240966797,2013-07-26,31.65035057067871,RSI > 90,5,0.04660472020718798,0.04626639345447018,4626.6393408203785,104626.63934082037
MAR,2015-12-04,64.31766510009766,6.276880711885639,3.7391815185546875,0.3970948904513754,1.044981095937071,Hammer,2015-12-11,64.05510711669922,2016-01-22,54.7207145690918,Time stop (5 bars),6,-0.1457244077447486,-0.1458691370993903,-14586.91369535212,85413.08630464788
MAR,2020-03-20,71.64488220214844,0.2875584617751912,42.75945281982422,0.3705449502164931,3.5187326874765223,Hammer,2020-03-27,72.06756591796875,2020-05-08,78.57113647460938,Time stop (5 bars),6,0.09024268370661148,0.09009767411405123,7695.520407255975,93108.60671190386
MAR,2021-05-07,140.91697692871094,9.262988240438531,9.202972412109375,0.36221287094239013,1.0239023836408765,Hammer,2021-05-14,139.17205810546875,2021-06-25,134.26931762695312,Time stop (5 bars),6,-0.03522790813943544,-0.035298493482975646,-3286.5935439424875,89822.01316796138
MAS,1992-06-26,5.322280406951904,1.4838327309821153,0.4174337387084961,0.31250071394139056,1.354792657362799,Hammer,1992-07-02,5.322280406951904,1992-08-14,5.746461868286133,Time stop (5 bars),6,0.07969919449944185,0.07774726120925357,7774.726113150631,107774.72611315064
MAS,1994-03-04,7.56318998336792,4.004895281051844,0.6234889030456543,0.3478258209431219,1.529066717337362,Hammer,1994-03-11,7.56318998336792,1994-04-22,6.486761093139648,Time stop (5 bars),6,-0.14232471914568157,-0.14355201079991914,-15471.278631482051,92303.44748166858
MAS,2002-10-11,9.855948448181152,2.2752520664441676,1.1091899871826172,0.3285717970543475,1.0677526560782848,Hammer,2002-10-18,9.797847747802734,2002-11-29,10.11475944519043,Time stop (5 bars),6,0.032345031842198724,0.03130842233640608,2889.875313972483,95193.32279564106
MAS,2011-08-12,5.932055950164795,0.9274053662134065,0.9286155700683594,0.3805965550813167,1.392022010963753,Hammer,2011-08-19,5.994425296783447,2011-09-30,4.989579200744629,Time stop (5 bars),6,-0.16763009734694823,-0.16915721853940263,-16102.637691531512,79090.68510410954
MAS,2012-08-03,9.0598783493042,7.9038044315835805,1.325836181640625,0.3655915525376913,1.438445299896504,Hammer,2012-08-10,9.116903305053711,2012-09-21,11.262476921081543,RSI > 90,6,0.23534017464444212,0.23411491490429231,18516.308994354476,97606.99409846401
MAS,2014-10-17,16.008338928222656,7.055876137256618,1.7286357879638672,0.21794918476491856,1.945298381212906,Hammer,2014-10-24,16.037887573242188,2014-12-05,17.788684844970703,Time stop (5 bars),6,0.10916632653352476,0.10850897407222246,10591.234781306568,108198.22887977058
MAS,2022-02-25,52.24839782714844,0.7611663865720999,3.5488739013671875,0.21226658468735354,1.1954299676161972,Hammer,2022-03-04,51.53797149658203,2022-04-14,45.67006301879883,Time stop (5 bars),6,-0.11385602318811405,-0.11403899129434132,-12338.816868944494,95859.41201082608
MAT,1993-12-23,7.459753036499023,8.18761901386246,0.497316837310791,0.3333336529398849,1.3701597827364869,Hammer,1993-12-31,7.459753036499023,1994-02-11,7.542639255523682,RSI > 90,6,0.011111121054425466,0.009764049616682549,976.4049606918502,100976.40496069184
MAT,2001-09-21,9.169174194335938,4.1936681145341765,1.4839954376220703,0.3346006187334601,2.0874020436902034,Hammer,2001-09-28,8.633130073547363,2001-11-02,10.641884803771973,RSI > 90,5,0.2326797711967301,0.23138743144716198,23364.670957258284,124341.07591795012
MAT,2011-08-12,18.434043884277344,2.029125208772996,1.4342632293701172,0.33684323913150443,1.5090897929636617,Hammer,2011-08-19,18.509531021118164,2011-09-23,20.38416290283203,RSI > 90,5,0.10127927496245226,0.10071180736833237,12522.61447329717,136863.6903912473
MAT,2016-12-23,27.211023330688477,9.40964637933834,1.6898860931396484,0.39204525574303006,1.0134943936170533,Hammer,2016-12-30,27.29743766784668,2017-02-10,25.13707160949707,Time stop (5 bars),6,-0.07914171596018615,-0.07949349009614586,-10879.77240575882,125983.91798548849
MAY-200508,1991-01-11,7.9181013107299805,5.537237229540878,0.554771900177002,0.31818201352711484,1.1502354652811635,Hammer,1991-01-18,7.8676676750183105,1991-02-15,9.885018348693848,RSI > 90,4,0.25641025485622615,0.2549771889959611,25497.71887409839,125497.7188740984
MAY-200508,1993-04-30,14.910924911499023,2.2390259212618417,0.7791290283203125,0.3448277550380917,1.0000110932094595,Hammer,1993-05-07,14.9646577835083,1993-06-18,15.488734245300293,Time stop (5 bars),6,0.03502094530818778,0.034341230055261365,4309.746030956183,129807.46490505458
MAY-200508,1996-07-19,21.598955154418945,1.0124027701641438,1.2213687896728516,0.3684209704395572,1.1232457918501562,Hammer,1996-07-26,21.534671783447266,1996-08-16,23.398868560791016,RSI > 90,3,0.08656722498908365,0.08608287052770497,11174.199183777222,140981.66408883184
MAY-200508,1999-09-17,31.891719818115234,9.57752911223426,2.177968978881836,0.26190424062710455,1.1173270187456954,Hammer,1999-09-24,31.321298599243164,1999-11-05,28.72847557067871,Time stop (5 bars),6,-0.08278146643086837,-0.08308747426123737,-11713.810374573419,129267.85371425841
MAY-200508,2002-07-05,29.501394271850586,8.265443398397409,2.429950714111328,0.1370383220015165,1.249778074482185,Hammer,2002-07-12,29.29439926147461,2002-08-23,26.135465621948242,Time stop (5 bars),6,-0.10783404743447722,-0.10815694926868885,-13981.216682264123,115286.6370319943
MBI,1998-08-07,16.387243270874023,6.7997274607891,2.274716377258301,0.23809529798806228,2.116743873558828,Hammer,1998-08-14,16.526512145996094,1998-09-25,14.499382972717285,Time stop (5 bars),6,-0.12265922509063265,-0.12322703182190131,-12322.70316986743,87677.29683013256
MCA-199101,1990-08-24,41.14591979980469,0.1875798158548463,7.1710205078125,0.3566702485317899,2.0054077377190107,Hammer,1990-08-31,42.76681900024414,1990-10-05,58.9758186340332,RSI > 90,5,0.37900877392112164,0.3787306692216339,37873.066884290325,137873.0668842903
MCD,2002-07-26,12.506768226623535,0.051054226484936294,1.4535322189331055,0.3626368723587547,1.6730472127853242,Hammer,2002-08-02,13.017900466918945,2002-09-13,11.154397964477539,Time stop (5 bars),6,-0.14314923571407956,-0.14386215322773288,-14386.215308387076,85613.78469161292
MCD,2011-01-14,48.7996711730957,2.7908540863743525,1.5484657287597656,0.18297895403292758,1.0385885354859814,Hammer,2011-01-21,49.18843460083008,2011-03-04,49.49764633178711,Time stop (5 bars),6,0.006286268987137245,0.006082350894685922,520.7330793957467,86134.51777100866
MCD,2020-03-20,128.45867919921875,3.1721414388086373,32.60560607910156,0.35632786903658253,2.9094677481214846,Hammer,2020-03-27,123.66602325439453,2020-05-08,156.85125732421875,Time stop (5 bars),6,0.2683456069542931,0.2682538980985214,23105.92012980352,109240.43790081218
MCHP,2008-10-24,6.743571758270264,2.8539978537102115,1.208298683166504,0.2817955584600704,1.3542666472698424,Hammer,2008-10-31,6.6381096839904785,2008-12-12,5.591411113739014,Time stop (5 bars),6,-0.15768021621815764,-0.15906685581273022,-15906.68556536634,84093.31443463365
MCIC-199809,1996-07-05,25.308801651000977,1.4068517840817094,1.7454357147216797,0.21428548012208354,1.0521998596329059,Hammer,1996-07-12,25.433475494384766,1996-08-23,26.680213928222656,Time stop (5 bars),6,0.04901958578618748,0.04861684553820387,4861.684548958703,104861.6845489587
MCIC-199809,1998-03-13,46.47824478149414,9.873239301557419,2.7487144470214844,0.3636371206244041,1.2992646610267,Hammer,1998-03-20,47.35283660888672,1998-04-09,50.663787841796875,RSI > 90,3,0.06992086366983963,0.06970232319038687,7309.103019410813,112170.78756836952
MCK,1999-03-12,48.497352600097656,7.57888745351427,7.5236968994140625,0.20270274381278228,1.1342417169147867,Hammer,1999-03-19,48.39567947387695,1999-04-30,51.852516174316406,Time stop (5 bars),6,0.07142862210056133,0.07121463454453758,7121.463447332295,107121.46344733231
MCK,2002-03-08,27.895828247070312,6.139434188966334,3.2553482055664062,0.22564128103870537,1.7353522601196107,Hammer,2002-03-15,27.945911407470703,2002-04-26,32.97083282470703,Time stop (5 bars),6,0.17980882226274542,0.17941888706698642,19219.61373348762,126341.07718081994
MCK,2002-07-05,27.21376609802246,5.228240102021658,3.2439136505126953,0.18814401923862778,1.4032669473111778,Hammer,2002-07-12,26.98802947998047,2002-08-23,28.718673706054688,RSI > 90,6,0.06412636488921875,0.06374402055724585,8053.488212985283,134394.56539380524
MCK,2008-09-26,48.10330581665039,8.54479588110216,5.774829864501953,0.20783082987137982,1.89235488104194,Hammer,2008-10-03,47.69454574584961,2008-11-14,33.44879913330078,Time stop (5 bars),6,-0.2986871221808103,-0.29886545856234364,-40165.89337454058,94228.67201926468
MCK,2015-08-28,185.12318420410156,1.2720900739503662,41.244140625,0.2908490493441303,4.060444728357935,Hammer,2015-09-04,185.12318420410156,2015-10-16,174.97274780273438,Time stop (5 bars),6,-0.054830714180975626,-0.054883249922472344,-5171.575751124405,89057.09626814027
MCK,2016-01-15,152.34317016601562,3.808608082406451,13.359115600585938,0.3994755015117024,1.2830805009931674,Hammer,2016-01-22,153.71888732910156,2016-03-04,144.81155395507812,Time stop (5 bars),6,-0.05794560140780525,-0.05800876837659371,-5166.092464544465,83891.0038035958
MCO,1996-07-26,6.126703262329102,3.8764852274553334,0.28739309310913086,0.31818113942595655,1.24599278558479,Hammer,1996-08-02,6.100576400756836,1996-09-13,6.100464344024658,Time stop (5 bars),6,-1.8368220446207673e-05,-0.001656200179711702,-165.6200178055502,99834.37998219444
MCO,1996-11-08,5.219223976135254,7.649526769250116,0.41281986236572266,0.2857142857142857,1.315126487211964,Hammer,1996-11-15,5.248711109161377,1996-12-27,5.664463520050049,Time stop (5 bars),6,0.07921038179506512,0.07723158020263507,7710.366916864828,107544.74689905928
MCO,2006-05-12,45.886451721191406,3.7994821447510105,3.228313446044922,0.14250670284053915,1.3501916129824536,Hammer,2006-05-19,45.56917190551758,2006-06-30,42.20879364013672,Time stop (5 bars),6,-0.0737423596888751,-0.07395369184915046,-7953.331064214577,99591.4158348447
MCO,2007-03-16,50.3568000793457,2.197050770829648,5.282680511474609,0.3137252919687209,1.9754197334691097,Hammer,2007-03-23,51.20935821533203,2007-05-04,53.73516845703125,Time stop (5 bars),6,0.04932321610199342,0.0491231429889531,4892.243355635121,104483.65919047981
MCO,2011-08-12,26.921302795410156,4.571816136007314,2.847606658935547,0.19881229713201773,1.3450634628650968,Hammer,2011-08-19,27.056501388549805,2011-09-30,25.99821662902832,Time stop (5 bars),6,-0.0391138804061838,-0.03947618220375209,-4124.615963393502,100359.0432270863
MCO,2014-10-17,81.22642517089844,6.791493148257189,4.5885162353515625,0.36750489669552033,1.5434829370037433,Hammer,2014-10-24,80.96016693115234,2014-11-07,88.23788452148438,RSI > 90,2,0.08989257144838803,0.08976351023288862,9008.579994668893,109367.6232217552
MCO,2020-03-13,202.17205810546875,2.9364642614501406,36.62571716308594,0.3764245597326671,2.3272828709988453,Hammer,2020-03-20,172.69119262695312,2020-05-01,236.0176239013672,Time stop (5 bars),6,0.3667033061217637,0.3666347839595168,40097.97487197608,149465.5980937313
MCO,2022-01-28,323.6681213378906,1.171100749668355,21.63653564453125,0.3983096986400296,1.2871431510410978,Hammer,2022-02-04,323.8989562988281,2022-03-18,295.0566711425781,Time stop (5 bars),6,-0.08904716917222855,-0.08907666792940136,-13313.89743495077,136151.70065878052
MD-199707,1991-01-04,5.921289920806885,7.102994029008357,0.6889548301696777,0.21621587951078422,1.268863924285934,Hammer,1991-01-11,5.995771884918213,1991-02-15,6.740588188171387,RSI > 90,5,0.1242235891473269,0.12245363052376541,12245.363040131178,112245.36304013117
MD-199707,1996-07-19,46.60824203491211,5.623203592883954,6.197902679443359,0.27999997538072174,2.3733994910116896,Hammer,1996-07-26,45.36865997314453,1996-09-06,49.58323669433594,Time stop (5 bars),6,0.09289621345850141,0.09266558447522161,10401.282160345912,122646.64520047707
MDLZ,2012-11-16,19.020143508911133,1.25631628267179,1.2427082061767578,0.3652701228019284,1.7833391274452421,Hammer,2012-11-23,19.213619232177734,2013-01-04,18.729087829589844,Time stop (5 bars),6,-0.025218122454328085,-0.025731890341003132,-2573.189031527124,97426.81096847288
MDLZ,2018-12-28,33.406131744384766,4.378697968965497,1.7181663513183594,0.3392354026469393,1.1129684859670144,Hammer,2019-01-04,33.5150032043457,2019-02-15,39.23482894897461,RSI > 90,6,0.17066463367926055,0.17034084721950912,16595.765505668867,114022.57647414177
MDP-202112,2006-04-28,29.566545486450195,3.2197897020046895,2.7718639373779297,0.3333337920736553,2.302598221584259,Hammer,2006-05-05,29.775182723999023,2006-06-16,29.96085548400879,Time stop (5 bars),6,0.006235822689347081,0.005898981938354385,589.8981932455404,100589.89819324554
MDP-202112,2007-08-10,32.42231750488281,0.6609568495302227,4.039100646972656,0.19189177447474845,3.147279294861227,Hammer,2007-08-17,32.57371139526367,2007-09-28,34.66432571411133,RSI > 90,6,0.06418102909672241,0.0638642300367393,6424.096391161524,107013.99458440705
MDP-202112,2008-01-25,28.170730590820312,0.4729324832872095,2.6396713256835938,0.3672059932887652,1.5816723007941593,Hammer,2008-02-01,28.006132125854492,2008-03-14,25.018274307250977,Time stop (5 bars),6,-0.10668584312809148,-0.10702380057807324,-11453.044404011547,95560.95018039549
MDRIQ-202006,1998-08-07,12.702284812927246,0.1836195324461869,1.6581802368164062,0.22641494241767546,1.133439375830515,Hammer,1998-08-14,12.639711380004883,1998-09-25,12.510476112365723,Time stop (5 bars),6,-0.010224542614446164,-0.011011344067475743,-1101.13440564644,98898.86559435356
MDT,2011-03-18,25.72774314880371,8.485336462850626,1.1660118103027344,0.2941180319502197,1.0253201541178114,Hammer,2011-03-25,25.94036865234375,2011-04-21,28.124971389770508,RSI > 90,4,0.08421633349568358,0.08381467870298752,8381.467861917285,108381.46786191729
MDT,2014-02-07,40.97554016113281,7.522207389610784,2.3955841064453125,0.3046156932935024,1.755805991111526,Hammer,2014-02-14,41.05662155151367,2014-03-07,43.260555267333984,RSI > 90,3,0.05368034759155815,0.05343027461952324,5790.851585738421,114172.31944765571
MDT,2015-08-28,55.72929000854492,8.014221437932392,13.879287719726562,0.33078585697119484,4.856442298498595,Hammer,2015-09-04,55.85050964355469,2015-10-16,55.21019744873047,Time stop (5 bars),6,-0.011464751152868158,-0.011642758234133544,-1329.2807110300382,112843.03873662568
MDT,2016-11-18,62.88998031616211,8.152139736251812,4.5304412841796875,0.2212696231479891,1.9963003661700454,Hammer,2016-11-25,63.11533737182617,2017-01-06,54.916629791259766,Time stop (5 bars),6,-0.1299004001557662,-0.13004853779869652,-14675.072173784767,98167.96656284091
MEA-200201,2000-01-28,35.70497512817383,8.280404342533558,3.7615585327148438,0.3333333333333333,1.2177407841520858,Hammer,2000-02-04,36.18263626098633,2000-03-17,29.51886749267578,Time stop (5 bars),6,-0.18417034956338185,-0.18442124045293054,-18442.12402685093,81557.87597314909
MEDI-200706,2002-02-08,41.290000915527344,9.572334096360478,5.020000457763672,0.20517902099071175,1.1159192792156718,Hammer,2002-02-15,41.20000076293945,2002-03-22,43.709999084472656,RSI > 90,5,0.06092228822944623,0.06067220665559958,6067.2206594927375,106067.22065949273
MEDI-200706,2002-07-12,24.229999542236328,4.689822815106481,4.569999694824219,0.23194779957896425,1.069960565970066,Hammer,2002-07-19,24.450000762939453,2002-08-09,27.40999984741211,RSI > 90,3,0.12106335346047636,0.12062968687137637,12794.855602676933,118862.07626216966
MEE-201106,1990-08-24,6.944952011108398,1.0290025468342634,1.6628756523132324,0.38235306768583055,2.3832777815114854,Hammer,1990-08-31,7.336216926574707,1990-10-12,6.859151840209961,Time stop (5 bars),6,-0.065028759528174,-0.06634664133157585,-6634.664126522921,93365.33587347709
MEE-201106,1996-10-04,12.822773933410645,5.687570109767819,0.6776256561279297,0.38461484331679197,1.1335084076795745,Hammer,1996-10-11,12.822773933410645,1996-11-01,13.943463325500488,RSI > 90,3,0.08739835841368215,0.0865847338638383,8084.012750628877,101449.34862410596
MEE-201106,1998-07-24,9.406750679016113,5.844285745417949,0.6556625366210938,0.38775468646365446,1.1605430648705823,Hammer,1998-07-31,9.353226661682129,1998-09-11,8.269376754760742,Time stop (5 bars),6,-0.11587978631605855,-0.11688645151118511,-11858.054356934823,89591.29426717114
MEL-200706,1994-10-07,6.636053562164307,3.106623570100396,0.2512540817260742,0.35294106483361737,1.2364701991585938,Hammer,1994-10-14,6.636053562164307,1994-11-25,5.970008373260498,Time stop (5 bars),6,-0.10036766319990076,-0.10179788230521164,-10179.788220341376,89820.21177965864
MEL-200706,1994-11-25,5.925121307373047,0.6226372672082618,0.40398550033569336,0.277777056463559,1.6028896579726708,Hammer,1994-12-02,5.902677536010742,1995-01-13,5.7680158615112305,Time stop (5 bars),6,-0.022813659339846137,-0.02448706342174483,-2199.4332202036203,87620.77855945501
MEL-200706,1996-07-26,10.199923515319824,7.065378571960181,0.6028318405151367,0.23999905080562872,1.166024710541677,Hammer,1996-08-02,10.195045471191406,1996-08-23,11.195037841796875,RSI > 90,3,0.09808611186984817,0.09705764287047185,8504.266224952014,96125.04478440703
MEL-200706,2002-06-28,28.0302791595459,0.8619015532787984,2.3544349670410156,0.38257553049978854,1.2246313696502478,Hammer,2002-07-05,28.0302791595459,2002-08-16,23.6603946685791,Time stop (5 bars),6,-0.1558987146040821,-0.15622760401426083,-15017.385417414043,81107.65936699299
MEL-200706,2007-03-16,41.3403434753418,9.921561941322423,1.9401588439941406,0.23076832330254954,1.350376565196868,Hammer,2007-03-23,41.53933334350586,2007-05-04,43.310001373291016,Time stop (5 bars),6,0.04262629867318224,0.04238046174016601,3437.3800511998843,84545.03941819286
MER-200812,1993-01-08,5.534720420837402,8.143447047304079,0.44653797149658203,0.39473740413344754,1.6167698201792007,Hammer,1993-01-15,5.511218547821045,1993-01-29,6.275033473968506,RSI > 90,2,0.13859274850376746,0.13665428945798838,13665.428932133407,113665.4289321334
MER-200812,1994-01-07,8.061545372009277,9.484819000693165,0.7176451683044434,0.3333331118510097,1.48550789505249,Hammer,1994-01-14,8.181153297424316,1994-02-25,7.882810115814209,Time stop (5 bars),6,-0.036467130093263855,-0.03766643140034093,-4281.371077181158,109384.05785495226
MER-200812,1998-10-09,19.128459930419922,0.056153586499732455,4.192539215087891,0.07499984077143057,1.0928371432248165,Hammer,1998-10-16,20.124187469482422,1998-11-06,25.57448959350586,RSI > 90,3,0.27083340046839743,0.27026933562377514,29563.156614727377,138947.21446967963
MERQ-200611,2000-12-01,80.125,6.611914377143833,28.375,0.21585903083700442,1.1663379987346885,Hammer,2000-12-08,79.4375,2001-01-19,81.625,Time stop (5 bars),6,0.027537372147915073,0.027409761777386233,2740.976174997647,102740.97617499766
MET,2002-02-08,14.505868911743164,9.669892313120528,0.8197908401489258,0.37125776366806923,1.0538607732992855,Hammer,2002-02-15,14.535323143005371,2002-03-08,15.831277847290039,RSI > 90,3,0.08915898817896606,0.08844058633616257,8844.058624772199,108844.05862477221
MET,2011-03-18,24.37816619873047,8.038373973050355,2.1099681854248047,0.27296559217740235,1.5082381111657046,Hammer,2011-03-25,24.749208450317383,2011-05-06,26.017406463623047,RSI > 90,6,0.05124196258039926,0.05082764071535207,5532.286700248353,114376.34532502056
MET,2013-03-01,20.516128540039062,8.279685739738,1.330179214477539,0.37554649647188043,1.244829530823981,Hammer,2013-03-08,20.428998947143555,2013-03-22,23.008037567138672,RSI > 90,2,0.12624400376484068,0.12572373262034633,14379.821043355463,128756.16636837604
MET,2014-10-17,29.47322654724121,1.9177491886182736,2.4249343872070312,0.32587048241101685,1.7372734129653022,Hammer,2014-10-24,29.364646911621094,2014-11-28,33.99991989135742,RSI > 90,5,0.15785216126341073,0.1574848003333054,20277.139131928416,149033.30550030447
MET,2016-02-12,23.588478088378906,7.14040608800812,2.111177444458008,0.27462698703093874,1.0888381007685868,Hammer,2016-02-19,24.080036163330078,2016-03-18,27.602867126464844,RSI > 90,4,0.1462967471992196,0.1458511807627309,21736.683558455523,170769.98905876
MET,2016-07-01,25.11532974243164,5.874984866522496,2.4167709350585938,0.25526326589239545,1.3089469403851777,Hammer,2016-07-08,24.670133590698242,2016-08-19,25.732460021972656,Time stop (5 bars),6,0.04306123545577223,0.042647243525810376,7282.869303006042,178052.85836176603
META,2016-11-18,116.00132751464844,4.751544553141514,5.527961730957031,0.3783739395302811,1.0752514924691847,Hammer,2016-11-25,117.17105865478516,2017-01-06,115.01995086669922,Time stop (5 bars),6,-0.018358695507084466,-0.01844325379173928,-1844.3253773296028,98155.67462267038
META,2018-04-06,155.83155822753906,8.392533543965968,10.968673706054688,0.39539092680877463,1.0819992713405666,Hammer,2018-04-13,156.4461669921875,2018-05-11,175.80616760253906,RSI > 90,4,0.12374864135417485,0.12368076878146783,12139.969285455518,110295.64390812592
META,2019-06-07,171.84097290039062,4.464550094530864,14.086318969726562,0.11963460328155111,1.3639106248467507,Hammer,2019-06-14,173.22879028320312,2019-07-05,193.51068115234375,RSI > 90,3,0.11708152458943322,0.11702041983841657,12906.842543570547,123202.48645169646
META,2020-03-13,168.79769897460938,2.1635395314679755,23.741500854492188,0.3628386494704429,1.8622665632157065,Hammer,2020-03-20,150.99404907226562,2020-05-01,190.9799041748047,RSI > 90,6,0.264817423919812,0.26474242949309745,32616.92555019562,155819.41200189208
META,2021-09-24,349.887451171875,9.584833701108636,20.162841796875,0.39675735890636543,1.1433122900103105,Hammer,2021-10-01,346.7599182128906,2021-11-12,341.42181396484375,Time stop (5 bars),6,-0.015394236668292205,-0.015422852679588235,-2403.1798335220647,153416.23216837004
MHK,2016-02-12,155.2100067138672,2.321807399538571,10.919998168945312,0.39102470051826793,1.0347921549730406,Hammer,2016-02-19,157.5500030517578,2016-03-11,185.4600067138672,RSI > 90,3,0.17715013088854392,0.17708103913998874,17708.10389629077,117708.10389629078
MHS-201203,2006-04-28,26.614999771118164,7.927772023439985,2.0500011444091797,0.3585366829458006,1.441679113514577,Hammer,2006-05-05,25.975000381469727,2006-06-16,26.549999237060547,Time stop (5 bars),6,0.022136625491679274,0.021747453706498204,2174.7453684750753,102174.74536847507
MI-201107,2003-03-14,16.736486434936523,8.262231872613569,1.1852283477783203,0.39560444865714733,1.2271073307613722,Hammer,2003-03-21,16.736486434936523,2003-04-25,18.44269561767578,RSI > 90,5,0.10194548236705381,0.1013177168784469,10131.77167771292,110131.77167771291
MII-199906,1993-06-18,15.725419044494629,6.112878035517596,1.4912042617797852,0.3818184608871218,2.1275481853477727,Hammer,1993-06-25,15.806756973266602,1993-07-16,17.623313903808594,RSI > 90,3,0.1149228101383648,0.11425402841672756,11425.402830247353,111425.40283024736
MII-199906,1994-11-25,18.097959518432617,5.384712985093955,1.3282890319824219,0.3749996410140062,1.179437387201065,Hammer,1994-12-02,17.931922912597656,1995-01-13,19.343231201171875,RSI > 90,6,0.07870367809705092,0.07812422985829057,8705.023774057841,120130.42660430519
MII-199906,1996-07-12,24.608081817626953,4.932525274180861,1.6971092224121094,0.24999943805955221,1.3882641270359926,Hammer,1996-07-19,24.438369750976562,1996-08-30,25.38615608215332,Time stop (5 bars),6,0.038782715084294095,0.038365673011974626,4608.884661280905,124739.3112655861
MII-199906,1998-12-24,24.51736831665039,7.597256341038303,2.6689796447753906,0.39534872087322787,1.4205722213013656,Hammer,1998-12-31,24.39322853088379,1999-02-12,35.56570053100586,RSI > 90,6,0.4580153047792268,0.45751157654714053,57069.67889745311,181808.9901630392
MIL-201007,1994-10-21,21.138303756713867,1.1674808541453814,1.5207405090332031,0.2333332497184268,1.701461946510086,Hammer,1994-10-28,21.08761215209961,1994-12-09,19.668254852294922,Time stop (5 bars),6,-0.0673076349075098,-0.0677657792926518,-6776.577922488603,93223.4220775114
MIL-201007,1996-07-26,30.025569915771484,8.544308967334473,2.467855453491211,0.2500001932192412,1.0787274187048574,Hammer,1996-08-02,29.819915771484375,1996-09-13,32.082115173339844,Time stop (5 bars),6,0.07586203191152951,0.07551402388230033,7039.675714111285,100263.09779162267
MIL-201007,1997-10-31,32.5350227355957,1.263153411586785,4.781503677368164,0.2608695652173913,1.9142386759659196,Hammer,1997-11-07,32.742916107177734,1997-12-19,29.468624114990234,Time stop (5 bars),6,-0.10000001165045058,-0.10029010644337291,-10055.396739808748,90207.70105181393
MIL-201007,1999-03-26,21.817996978759766,2.5733179550260274,1.9689407348632812,0.29729669512114787,1.0642809411355212,Hammer,1999-04-01,21.817996978759766,1999-04-30,26.766956329345703,RSI > 90,4,0.22682922522190485,0.22631902279017896,20415.718729779408,110623.41978159334
MIL-201007,1999-10-29,27.301250457763672,4.353398500891458,2.408933639526367,0.3333328054791267,1.1452193254081697,Hammer,1999-11-05,27.087121963500977,1999-12-17,31.637331008911133,RSI > 90,6,0.16798421964287735,0.16758410624043454,18538.72691482,129162.14669641336
MIL-201007,2001-03-23,41.893856048583984,9.789209811221724,7.726894378662109,0.375703200943542,1.4404749738028293,Hammer,2001-03-30,41.893856048583984,2001-04-27,48.77766036987305,RSI > 90,4,0.16431536675225034,0.16405708817726464,21189.965668548313,150352.11236496168
MIR-200005,1997-10-24,26.8125,5.122195930688548,1.9375,0.3225806451612903,1.103915250606093,Hammer,1997-10-31,26.5625,1997-12-12,24.5625,Time stop (5 bars),6,-0.07529411764705884,-0.07565634704055707,-7565.634696490071,92434.36530350994
MIR-201012,2001-09-28,336.3615417480469,1.3757200161015675,64.81488037109375,0.3720378142753692,1.06878609851161,Hammer,2001-10-05,336.20794677734375,2001-10-26,443.1064147949219,RSI > 90,3,0.3179534244869364,0.31791895297941886,31791.895266149986,131791.89526614998
MJN-201706,2014-02-07,71.39720153808594,1.5363827605249867,3.807220458984375,0.32839565548475014,1.1718173723791314,Hammer,2014-02-14,71.99883270263672,2014-03-14,78.21260070800781,RSI > 90,4,0.08630373260403612,0.08615885811233921,8615.885802618035,108615.88580261802
MJN-201706,2015-07-17,84.60972595214844,4.026971163704502,5.985038757324219,0.3091777771262418,1.7190552211606647,Hammer,2015-07-24,84.56153106689453,2015-09-04,75.11654663085938,Time stop (5 bars),6,-0.11169363086109996,-0.11180527706115788,-12143.829193260965,96472.05660935705
MKC,2011-08-12,17.129472732543945,6.0222506616946845,1.0247745513916016,0.10948914619460726,1.5635400509073571,Hammer,2011-08-19,17.241674423217773,2011-09-30,17.567060470581055,Time stop (5 bars),6,0.01887206772244321,0.018286774576013486,1828.6774557726712,101828.67745577267
MKC,2016-01-22,33.58745193481445,8.445985735404875,1.7885360717773438,0.25517111936764963,1.3688678072060476,Hammer,2016-01-29,33.57511901855469,2016-03-04,38.39387893676758,RSI > 90,5,0.1435217523890202,0.1432025870889801,14582.13003693382,116410.80749270649
MKG-200010,1991-05-17,27.052387237548828,8.17953482979027,1.848520278930664,0.17307618889405949,1.1260485109464708,Hammer,1991-05-24,26.732450485229492,1991-07-05,26.944175720214844,Time stop (5 bars),6,0.007920158127753263,0.007544669791788589,754.466978424392,100754.46697842439
MKG-200010,1993-02-26,24.14742088317871,2.0361147714379797,2.610532760620117,0.25000018265894436,1.3421645068247412,Hammer,1993-03-05,23.92987632751465,1993-04-16,20.972139358520508,Time stop (5 bars),6,-0.12360017780757715,-0.12399215807029423,-12492.763783384275,88261.70319504011
MKG-200010,1996-07-19,34.71658706665039,5.095116389983147,2.7589340209960938,0.16666712755690383,1.8024870220802354,Hammer,1996-07-26,34.60163116455078,1996-08-16,35.636234283447266,RSI > 90,3,0.029900414635840367,0.02960713263376036,2613.175950363968,90874.87914540408
MKTX,2023-04-28,303.82177734375,4.942898324026473,25.985687255859375,0.39588772271018524,1.0489233507889841,Hammer,2023-05-05,303.62139892578125,2023-06-16,264.558349609375,Time stop (5 bars),6,-0.12865710208375336,-0.1286879186218499,-12868.7918493162,87131.20815068381
ML-199503,1994-04-08,42.23313522338867,7.991109454956913,3.0603713989257812,0.27999970084436676,1.6698752238205754,Hammer,1994-04-15,42.35554885864258,1994-05-27,42.967620849609375,Time stop (5 bars),6,0.014450810046389151,0.014213035647293338,1421.3035633080303,101421.30356330803
MLM,2016-01-22,114.22714233398438,2.9954154865586275,12.00494384765625,0.22170914489371546,1.2544611927923122,Hammer,2016-01-29,113.46932220458984,2016-03-04,132.2659149169922,RSI > 90,5,0.16565352068034134,0.16555809585300574,16555.809568744764,116555.80956874478
MMM,1991-01-11,6.110072612762451,8.526829293539862,0.36492013931274414,0.3076926092359397,1.578507459234257,Hammer,1991-01-18,6.054305553436279,1991-02-22,6.757320404052734,RSI > 90,5,0.11611816490124793,0.11437199271514563,11437.199260077363,111437.19926007735
MMM,1992-04-10,6.875066757202148,9.488158388155611,0.2640495300292969,0.29629689825048033,1.1320341950880857,Hammer,1992-04-16,6.8848466873168945,1992-04-24,7.236912727355957,RSI > 90,1,0.05113636599746374,0.049647844946789886,5532.616784636231,116969.81604471359
MMM,2006-07-28,32.825626373291016,2.71769685898596,2.1598262786865234,0.2521558747089072,1.4138743411329928,Hammer,2006-08-04,32.630123138427734,2006-09-15,33.5073127746582,Time stop (5 bars),6,0.026882817221042687,0.026572280194933802,3108.1547231818386,120077.97076789543
MNKKQ-202206,2015-10-02,65.87000274658203,0.5676070353124487,12.19000244140625,0.23707947586883701,1.3214581280690048,Hammer,2015-10-09,66.30999755859375,2015-11-20,56.5,Time stop (5 bars),6,-0.1479414555840589,-0.14808109658629068,-14808.10964382096,85191.89035617905
MNR-199809,1991-06-14,7.745530605316162,7.912858222821598,0.7134041786193848,0.3571425229443954,1.1576435057800096,Hammer,1991-06-21,7.796487808227539,1991-08-02,7.949360370635986,Time stop (5 bars),6,0.019607875516347573,0.018313501978144846,1831.3501959831342,101831.35019598315
MNR-199809,1992-02-21,9.672074317932129,5.434869167424438,1.0234994888305664,0.24999976705549762,1.4010820904760648,Hammer,1992-02-28,9.82559871673584,1992-04-10,9.82559871673584,Time stop (5 bars),6,0.0,-0.0010172320413176633,-103.58611212640767,101727.76408385673
MNR-199809,1993-07-09,11.57762336730957,6.724403608512006,1.2349472045898438,0.375,1.2062842282863686,Hammer,1993-07-16,11.654807090759277,1993-08-27,13.059243202209473,Time stop (5 bars),6,0.12050273337975081,0.11959341184600938,12165.970374088392,113893.73445794513
MNR-199809,1996-07-19,21.428905487060547,2.9338273906517855,2.1039295196533203,0.14814811457167076,1.702189074818761,Hammer,1996-07-26,21.27305793762207,1996-09-06,21.28668212890625,Time stop (5 bars),6,0.0006404434813334081,0.00017032528508017158,19.398982770995886,113913.13344071612
MNR-199809,1997-01-31,25.374624252319336,8.182741090686193,1.6170101165771484,0.3076922169574854,1.145138010477881,Hammer,1997-02-07,25.499008178710938,1997-03-21,26.267440795898438,Time stop (5 bars),6,0.030135784568635193,0.02973778128806395,3387.5238447105357,117300.65728542666
MNST,2016-02-12,20.39497947692871,4.068264856944211,1.7566642761230469,0.18690702911406973,1.0718078274987433,Hammer,2016-02-19,20.559978485107422,2016-04-01,21.988309860229492,Time stop (5 bars),6,0.06947144308330278,0.06896828879005078,6896.82887210825,106896.82887210825
MO,1993-02-26,0.7976449131965637,5.2755667127371595,0.08021008968353271,0.12962973971949213,1.9654789317883867,Hammer,1993-03-05,0.7991303205490112,1993-04-16,0.5581075549125671,Time stop (5 bars),6,-0.30160633308326834,-0.3121667710092825,-31216.67706971158,68783.32293028841
MO,1998-01-30,1.8640503883361816,6.511435737632482,0.16563093662261963,0.33898272148022224,1.4006529053610075,Hammer,1998-02-06,1.897737979888916,1998-03-20,1.9800794124603271,Time stop (5 bars),6,0.04338925259652071,0.03801965028082031,2615.1178803471757,71398.44081063558
MO,2004-05-28,3.018218994140625,1.6356991371764593,0.2925729751586914,0.30752725850351226,1.8779958803278012,Hammer,2004-06-04,3.0389821529388428,2004-07-09,3.158153533935547,RSI > 90,5,0.039214241808382955,0.03586465869758911,2560.6807086527824,73959.12151928835
MO,2011-08-12,10.043237686157227,1.349295429326105,0.8967180252075195,0.20888950809176446,2.4309073917265924,Hammer,2011-08-19,10.138887405395508,2011-09-30,10.480131149291992,Time stop (5 bars),6,0.033656922130813616,0.03265451701684881,2415.0993897876906,76374.22090907604
MO,2012-11-16,13.326051712036133,2.5772886915659967,0.6654491424560547,0.2115384064181239,1.4344029416656159,Hammer,2012-11-23,13.471085548400879,2012-12-07,14.473525047302246,RSI > 90,2,0.0744141587773055,0.07364449382106623,5624.5408342026585,81998.76174327871
MO,2013-08-23,15.200895309448242,4.393121637019519,0.5276870727539062,0.025213258150798813,1.0664310334815206,Hammer,2013-08-30,15.240804672241211,2013-09-27,15.908758163452148,RSI > 90,4,0.043826655191474995,0.04315636369190193,3538.768380539782,85537.53012381848
MOLX-201312,2004-03-26,24.15719985961914,0.6052855689073482,1.6013126373291016,0.3333325392561959,1.0929930145582685,Hammer,2004-04-02,24.468826293945312,2004-05-14,23.554180145263672,Time stop (5 bars),6,-0.03738005810715839,-0.03778102114381643,-3778.1021106035405,96221.89788939645
MOS,2015-05-01,35.62062454223633,0.7497152371044535,1.6471977233886719,0.20673084716873202,1.0938677811837243,Hammer,2015-05-08,35.61270523071289,2015-05-22,36.95896911621094,RSI > 90,2,0.03780290985412171,0.03751684385174245,3751.6843814225595,103751.68438142257
MOS,2020-03-20,8.402192115783691,1.025430391672316,3.5615124702453613,0.2792125834763349,1.6422336034996738,Hammer,2020-03-27,8.130587577819824,2020-05-08,9.532413482666016,Time stop (5 bars),6,0.1724138497284453,0.17107871945730727,17749.705287762772,121501.38966918534
MPC,2022-07-08,76.37317657470703,7.521645528501395,6.933845520019531,0.34523834411822635,1.0194321461941727,Hammer,2022-07-15,75.46517181396484,2022-08-05,82.5641098022461,RSI > 90,3,0.09406906282253491,0.09393032794142298,9393.032784749266,109393.03278474926
MPWR,2021-03-12,318.5859680175781,9.512555086840948,41.59906005859375,0.3396580486795714,1.2521630354767914,Hammer,2021-03-19,320.02008056640625,2021-04-16,361.9681701660156,RSI > 90,4,0.13107955452471942,0.13104625901627434,13104.625888522813,113104.6258885228
MRK,1997-10-31,15.762859344482422,3.211348786186633,1.556417465209961,0.1773052078954818,1.4643837205530121,Hammer,1997-11-07,15.972589492797852,1997-12-12,18.52177619934082,RSI > 90,5,0.15959758483071362,0.1589217639924688,15892.176383354705,115892.17638335472
MRK,2002-04-12,20.61726951599121,1.379050521435488,1.7181053161621094,0.33333259323565523,1.436125580964923,Hammer,2002-04-19,20.808170318603516,2002-05-31,21.5717716217041,Time stop (5 bars),6,0.036697186317140584,0.036207905454316736,4196.212961187293,120088.38934454201
MRK,2010-04-23,19.653823852539062,5.958744799001892,1.585165023803711,0.32867114355605875,1.576784576896093,Hammer,2010-04-30,19.720335006713867,2010-06-11,18.395668029785156,Time stop (5 bars),6,-0.06717264065127304,-0.06766257589411953,-8125.489749902159,111962.89959463985
MRK,2011-08-12,18.34250259399414,2.5225302264829566,1.4339237213134766,0.32653044936810727,1.6768202171462343,Hammer,2011-08-19,18.52393913269043,2011-09-30,18.52147674560547,Time stop (5 bars),6,-0.00013292999222913604,-0.000672590427099797,-75.30517438238533,111887.59442025746
MRK,2022-02-25,66.50787353515625,9.91155475028954,3.8473854064941406,0.21970732790716352,1.1035143716928766,Hammer,2022-03-04,66.08087921142578,2022-03-25,70.04474639892578,RSI > 90,3,0.05998508547105752,0.05982922879561842,6694.148479266794,118581.74289952427
MRN-199606,1991-05-03,22.184667587280273,7.936233770020621,1.6897411346435547,0.3870975752643324,1.1457892363995303,Hammer,1991-05-10,22.45720672607422,1991-06-21,21.517982482910156,Time stop (5 bars),6,-0.041822843536171606,-0.04225872616790586,-4225.872612564714,95774.12738743529
MRN-199606,1994-11-25,14.75,3.966918639532892,1.625,0.3076923076923077,1.3947666546307083,Hammer,1994-12-02,14.625,1995-01-13,12.5,Time stop (5 bars),6,-0.14529914529914534,-0.145933014354067,-13976.60709280223,81797.52029463307
MRO-202411,1991-12-20,2.8872902393341064,6.995289361528151,0.27575230598449707,0.35294127818957294,1.062120347603439,Hammer,1991-12-27,2.8872902393341064,1992-02-07,2.964848756790161,Time stop (5 bars),6,0.026862044002178953,0.023358139005997074,2335.813898263894,102335.81389826389
MRO-202411,1996-02-16,2.913783311843872,8.710460397829578,0.1615142822265625,0.24053938356164384,1.1089761149209125,Hammer,1996-02-23,2.8749330043792725,1996-04-04,2.9914844036102295,Time stop (5 bars),6,0.0405405618334127,0.03699787428003825,3786.207573167151,106122.02147143104
MRO-202411,2001-09-28,4.893317222595215,6.2005138484031335,0.5121974945068359,0.35714272414807535,1.4723240003286309,Hammer,2001-10-05,4.869536876678467,2001-11-16,5.076244831085205,Time stop (5 bars),6,0.0424492019758016,0.040354183255410306,4282.467497610249,110404.48896904128
MRO-202411,2007-11-30,24.337060928344727,5.648150937694538,2.0070457458496094,0.15184315812481589,1.115021155221836,Hammer,2007-12-07,24.175973892211914,2008-01-04,27.1234130859375,RSI > 90,4,0.12191604800975897,0.12147729065088086,13411.638182242557,123816.12715128383
MRO-202411,2014-02-07,27.224462509155273,2.4407651056236546,1.1524486541748047,0.2536249513831997,1.0002317893325179,Hammer,2014-02-14,27.13260269165039,2014-03-14,28.682682037353516,RSI > 90,4,0.05712976979462936,0.05675075146475529,7026.658252264389,130842.78540354823
MRO-202411,2014-10-17,28.804765701293945,0.859521262091306,2.7505874633789062,0.20370362665557173,1.8600023307836362,Hammer,2014-10-24,28.694400787353516,2014-12-05,24.370113372802734,Time stop (5 bars),6,-0.1507014363741871,-0.151023620551015,-19760.351154863005,111082.43424868523
MRO-202411,2019-08-09,11.902667045593262,5.922766560291052,1.4612445831298828,0.17088601812004234,1.3201128766710999,Hammer,2019-08-16,11.828680038452148,2019-09-27,12.069750785827637,RSI > 90,6,0.0203801900627818,0.019526533303642683,2169.054849637596,113251.48909832283
MRSH,1994-07-01,6.6089935302734375,7.7676732199726075,0.3391714096069336,0.22857074571133737,1.8902795038145837,Hammer,1994-07-08,6.626585960388184,1994-08-19,6.714549541473389,Time stop (5 bars),6,0.01327434392476401,0.011756400588169503,1175.6400576413102,101175.64005764131
MRSH,1996-07-19,7.626827716827393,6.388598264555213,0.34667396545410156,0.3333324163581045,1.3685598289557035,Hammer,1996-07-26,7.605816841125488,1996-09-06,7.752890586853027,Time stop (5 bars),6,0.019337008607976935,0.018010385558991936,1822.212284793697,102997.852342435
MRSH,1996-12-20,8.925568580627441,9.733356737301207,0.4028158187866211,0.2631568978865153,1.2791557866589713,Hammer,1996-12-27,8.893767356872559,1997-01-24,9.195286750793457,RSI > 90,4,0.033902325282648915,0.03275952524995014,3374.160741128475,106372.01308356346
MRSH,2002-02-01,29.253150939941406,5.931629118130445,2.405355453491211,0.1437127457876027,1.4306776071103586,Hammer,2002-02-08,29.440393447875977,2002-03-22,32.3210563659668,RSI > 90,6,0.09784729688450033,0.09749107014557123,10370.321378684985,116742.33446224844
MRSH,2007-08-17,17.46962547302246,1.377368084952522,1.5719356536865234,0.3907555326901633,1.479736168732346,Hammer,2007-08-24,17.529067993164062,2007-10-05,16.875194549560547,Time stop (5 bars),6,-0.03730223671095989,-0.0378619179452445,-4420.088683725851,112322.2457785226
MRSH,2011-08-12,21.12474822998047,2.5593570694704084,2.2089767456054688,0.3481228521594971,2.1811849974384194,Hammer,2011-08-19,21.32076644897461,2011-09-30,20.333133697509766,Time stop (5 bars),6,-0.04632257258801986,-0.04678062820634568,-5254.505213812341,107067.74056471027
MS,2001-04-06,24.98839569091797,0.5106932439381922,5.215509414672852,0.3599219434843618,1.108712834491896,Hammer,2001-04-12,24.98839569091797,2001-04-27,32.37690734863281,RSI > 90,2,0.29567771173081736,0.2952184548654997,29521.845457028132,129521.84545702812
MS,2002-07-26,19.082590103149414,6.326268263640628,2.6350231170654297,0.13904775278662276,1.1754506362557462,Hammer,2002-08-02,19.770204544067383,2002-08-23,22.094045639038086,RSI > 90,3,0.11754259242947684,0.11700718896810912,15154.987031733726,144676.83248876184
MS,2008-09-19,18.373811721801758,3.745341073117146,15.733546257019043,0.33433473842815226,3.3481869428510604,Hammer,2008-09-26,20.77098274230957,2008-11-07,12.22407341003418,Time stop (5 bars),6,-0.41148314638313743,-0.41186544282449467,-59587.38761984176,85089.44486892008
MS,2016-02-12,17.30901336669922,4.7150155095834805,2.012763023376465,0.2793301224571021,1.2241198408788425,Hammer,2016-02-19,18.04365348815918,2016-04-01,18.725818634033203,Time stop (5 bars),6,0.03780637587180902,0.03724184445753793,3168.887867617683,88258.33273653775
MS,2020-03-13,30.902345657348633,1.9021037603110926,7.235271453857422,0.3576311908737517,2.3549234843286566,Hammer,2020-03-20,25.603622436523438,2020-05-01,31.84177589416504,Time stop (5 bars),6,0.24364339355133224,0.2432053294971035,21464.896872589765,109723.22960912752
MSFT,2000-12-22,14.120389938354492,1.8574118938788757,2.964712142944336,0.36538472673371664,1.233527595294541,Hammer,2000-12-29,14.253421783447266,2001-01-26,18.472434997558594,RSI > 90,4,0.29600002569284367,0.2951948874873102,29519.488719211542,129519.48871921154
MSFT,2008-11-21,14.30683422088623,8.7488850986567,1.8929004669189453,0.19073431241655542,1.0017102023808941,Hammer,2008-11-28,14.459498405456543,2009-01-09,14.684861183166504,Time stop (5 bars),6,0.015585794983380419,0.014889059521671178,1928.423374828336,131447.91209403987
MSFT,2011-08-12,19.302288055419922,9.26297902215292,1.2227344512939453,0.37735799021940053,1.3632489368398626,Hammer,2011-08-19,19.409950256347656,2011-09-23,20.73969268798828,RSI > 90,5,0.06850828642416329,0.06797557625516658,8935.247563195593,140383.15965723546
MSFT,2014-10-17,36.793460845947266,5.284489847979344,2.074535369873047,0.3780485338168204,1.5335810738016054,Hammer,2014-10-24,36.312774658203125,2014-11-14,41.026859283447266,RSI > 90,3,0.12981890449341416,0.12952568458600808,18183.22484076707,158566.3844980025
MSFT,2018-11-02,98.46253967285156,2.7515917285899434,7.9671478271484375,0.2956917272352936,1.7365759770239477,Hammer,2018-11-09,98.65731048583984,2018-12-21,98.18927764892578,Time stop (5 bars),6,-0.004744025907550298,-0.004845141316477461,-768.2765401674465,157798.10795783508
MSI,1997-10-31,51.87177276611328,8.551983841437348,6.274810791015625,0.2000001215876428,1.2670559174356277,Hammer,1997-11-07,52.656124114990234,1997-12-19,46.94601058959961,Time stop (5 bars),6,-0.10844158436198037,-0.10862118159309048,-10862.11814844693,89137.88185155306
MSI,2002-10-11,26.08034324645996,3.458215028309965,5.336399078369141,0.14215690129065234,1.17188672424221,Hammer,2002-10-18,25.89723014831543,2002-11-29,27.728349685668945,Time stop (5 bars),6,0.07070715774878455,0.07030744175022136,6267.056429749124,95404.93828130218
MSI,2008-09-19,23.688583374023438,3.7481009542878923,4.939054489135742,0.35668763735828757,1.5306833135735072,Hammer,2008-09-26,23.62566566467285,2008-11-07,16.799074172973633,Time stop (5 bars),6,-0.28894811213327765,-0.2893101526936553,-27601.61723429068,67803.32104701152
MST-199808,1990-07-06,32.08403015136719,9.196815940124736,2.3426437377929688,0.39130448942371887,1.2238277690357187,Hammer,1990-07-13,31.778467178344727,1990-08-24,25.87093162536621,Time stop (5 bars),6,-0.18589743551269133,-0.18618282013644988,-18618.281995026708,81381.71800497329
MST-199808,1991-12-13,28.84677505493164,3.7893629867102874,2.4482498168945312,0.26086953134494867,1.5664023317947684,Hammer,1991-12-20,29.16611099243164,1992-01-10,32.35948181152344,RSI > 90,3,0.1094890854636208,0.10912751385840992,8880.984550527945,90262.70255550124
MST-199808,1997-10-31,58.15705108642578,3.235347389691725,4.687099456787109,0.249999389596279,1.8106102889607247,Hammer,1997-11-07,58.40373992919922,1997-11-28,61.919063568115234,RSI > 90,3,0.06019004336327627,0.06001368362277677,5416.99726868566,95679.69982418689
MTB,2007-03-16,64.68162536621094,6.34744320329618,3.1504364013671875,0.300883434156548,1.725366864394682,Hammer,2007-03-23,65.23921966552734,2007-05-04,62.958641052246094,Time stop (5 bars),6,-0.03495717185112679,-0.03510776318613106,-3510.77631510233,96489.22368489768
MTB,2008-07-18,39.68461608886719,0.1310824458589792,10.055593490600586,0.1362853414825076,2.2664752961988417,Hammer,2008-07-25,40.32646179199219,2008-08-15,43.77277374267578,RSI > 90,3,0.0854603106134133,0.08520177047899304,8221.052681875819,104710.27636677348
MTB,2013-04-19,68.72657775878906,1.5147487941101616,3.3336715698242188,0.35908145306910844,1.475121394536748,Hammer,2013-04-26,68.82401275634766,2013-05-17,71.80274200439453,RSI > 90,3,0.043280377425714,0.043131945805413116,4516.357961005146,109226.63432777864
MTB,2015-09-04,86.43721008300781,0.9142020254955554,5.1422271728515625,0.25330340266052626,1.4437163791848133,Hammer,2015-09-11,88.32752227783203,2015-10-23,86.57750701904297,Time stop (5 bars),6,-0.019812796891148343,-0.01992488398840562,-2176.328015248664,107050.30631252998
MTB,2020-03-13,92.10179138183594,0.4085956299837221,14.826141357421875,0.381266942898957,1.7349643965874098,Hammer,2020-03-20,78.44377136230469,2020-05-01,86.83300018310547,Time stop (5 bars),6,0.10694576095855757,0.10681147295605795,11434.200886204315,118484.50719873431
MTCH,2024-05-10,29.623920440673828,2.9291434483448455,4.647741317749023,0.36967811700396636,1.7284509857667634,Hammer,2024-05-17,29.884540557861328,2024-06-28,29.884540557861328,Time stop (5 bars),6,0.0,-0.00033456519616424397,-33.45651958296788,99966.54348041702
MTG,1997-04-04,28.97949981689453,4.5993965943353885,1.6987972259521484,0.3823528421090451,1.2285518551354278,Hammer,1997-04-11,29.079429626464844,1997-05-09,33.276458740234375,RSI > 90,4,0.14432982928763716,0.14396119049072292,14396.119034676172,114396.11903467619
MTG,1998-10-09,26.0515079498291,4.8772825406152975,7.615055084228516,0.1315788023590338,2.0107426548327645,Hammer,1998-10-16,26.0515079498291,1998-11-13,33.88689422607422,RSI > 90,4,0.3007651722631479,0.30032367696057444,34355.863064157646,148751.98209883383
MTLQQ-201103,1996-07-26,23.60442543029785,0.827776740122431,1.5447921752929688,0.35999906163108275,1.1464453819348315,Hammer,1996-08-02,23.542633056640625,1996-08-23,25.776296615600586,RSI > 90,3,0.09487738918523037,0.09443257220847813,9443.257211404558,109443.25721140455
MTLQQ-201103,2002-06-28,40.52870559692383,0.5416603330725991,4.018749237060547,0.3490566127285378,1.4909304138112789,Hammer,2002-07-05,40.41496658325195,2002-08-16,33.74232482910156,Time stop (5 bars),6,-0.16510323571356234,-0.16533021471916187,-18094.2771962317,91348.98001517286
MTLQQ-201103,2002-10-11,26.708999633789062,0.6253998421200464,4.939863204956055,0.3757766193510125,1.5418124860395936,Hammer,2002-10-18,26.716670989990234,2002-11-29,29.256908416748047,RSI > 90,6,0.09508061194111894,0.09468859292914832,8649.7063744999,99998.68638967276
MTLQQ-201103,2005-10-14,25.130346298217773,0.4414758979760336,2.532794952392578,0.3404249070346423,1.359294843094513,Hammer,2005-10-21,28.193050384521484,2005-12-02,21.464534759521484,Time stop (5 bars),6,-0.23865865996160818,-0.23897097611751617,-23896.783673112695,76101.90271656007
MU,1994-10-07,8.055249214172363,6.33251709498704,1.029618740081787,0.3529410675011474,1.0480544888344856,Hammer,1994-10-14,8.29751205444336,1994-11-04,9.569393157958984,RSI > 90,3,0.153284634619425,0.15198786767678216,15198.786752479427,115198.78675247943
MU,1995-11-10,31.434223175048828,9.246219599240234,4.556362152099609,0.3543568735699162,1.0976437101055339,Hammer,1995-11-17,31.37342071533203,1995-12-29,20.878881454467773,Time stop (5 bars),6,-0.3345041446416338,-0.3347695333733466,-38565.04404773815,76633.74270474128
MU,2016-01-22,10.796428680419922,1.3286615388845178,2.204148292541504,0.22123928648846042,1.2412403284457785,Hammer,2016-01-29,10.786676406860352,2016-03-11,11.176791191101074,Time stop (5 bars),6,0.03616635648702782,0.035222959798820556,2699.267235822993,79333.00994056428
MU,2020-03-20,35.217620849609375,0.9449609637871248,7.812051773071289,0.37827707400204846,1.4382206420544572,Hammer,2020-03-27,36.07587432861328,2020-05-08,43.097938537597656,Time stop (5 bars),6,0.1946470969773526,0.19434296810882948,15417.812605438721,94750.822546003
MUR,2007-11-30,33.820491790771484,9.121880132043017,3.135204315185547,0.25339376425855514,1.5275641262082549,Hammer,2007-12-07,33.716461181640625,2007-12-28,38.96544647216797,RSI > 90,3,0.15568019615847284,0.15536056585174507,15536.056569638447,115536.05656963844
MUR,2011-08-12,26.157230377197266,6.696121749908357,2.616060256958008,0.2771490169287874,1.0537116292814819,Hammer,2011-08-19,26.404186248779297,2011-09-30,22.8207950592041,Time stop (5 bars),6,-0.13571299474305365,-0.13606595658513682,-15720.524041501812,99815.53252813664
MWI-200402,1990-08-24,15.16812515258789,0.5713923986241696,0.7660665512084961,0.3999992530615141,1.034982383099533,Hammer,1990-08-31,15.236185073852539,1990-10-12,14.540116310119629,Time stop (5 bars),6,-0.045685239471622285,-0.04632636900028383,-4632.636895395746,95367.36310460424
MWV-201507,1991-11-29,9.737879753112793,6.7309383654573764,0.5447769165039062,0.375,1.0194631781488246,Hammer,1991-12-06,9.669782638549805,1992-01-17,10.842741012573242,Time stop (5 bars),6,0.12130142091791085,0.12020511648391495,12020.511636370986,112020.51163637098
MWV-201507,1993-05-28,9.096482276916504,9.97506919608442,0.49941444396972656,0.35714203874929823,1.210334792267445,Hammer,1993-06-04,9.060809135437012,1993-07-02,9.606148719787598,RSI > 90,4,0.060186631922060085,0.0590503921219802,6614.855131217697,118635.36676758867
MWV-201507,1995-10-27,12.864030838012695,2.0163838935745986,0.6317157745361328,0.3636371870857878,1.1551719632081534,Hammer,1995-11-03,12.28974437713623,1995-12-15,12.273523330688477,Time stop (5 bars),6,-0.0013198847713977724,-0.002132703669424379,-253.01408177572927,118382.35268581293
MWV-201507,1997-04-04,12.564188957214355,5.358744266423244,0.7213888168334961,0.3333337739992147,1.1322452516662518,Hammer,1997-04-11,12.504073143005371,1997-05-09,13.826619148254395,RSI > 90,4,0.10576921536874084,0.10492751862938392,12421.56650440937,130803.9191902223
MWV-201507,1999-09-03,14.603231430053711,5.536241385291433,1.4190292358398438,0.2317273313798758,1.4635163908869815,Hammer,1999-09-10,14.570707321166992,1999-10-22,14.505659103393555,Time stop (5 bars),6,-0.0044643143493069415,-0.0051488559779499015,-673.4905405883615,130130.42864963393
MWV-201507,2000-01-28,14.677674293518066,7.087974319024013,1.6381330490112305,0.3599996972708384,1.3488829108659064,Hammer,2000-02-04,14.808724403381348,2000-03-17,15.12743091583252,RSI > 90,6,0.021521537154030712,0.02083922341505886,2711.8170730152806,132842.24572264924
MWV-201507,2011-08-12,20.92228126525879,1.9697378580058142,2.2366809844970703,0.1979158583227094,1.5520310257433845,Hammer,2011-08-19,21.310592651367188,2011-09-30,19.819473266601562,Time stop (5 bars),6,-0.06997080790570886,-0.07042353498293857,-9355.220529505892,123487.02519314334
MWV-201507,2014-10-03,40.71732711791992,2.8724701909510912,1.5160713195800781,0.27921968452226686,1.2069641618354603,Hammer,2014-10-10,40.81576919555664,2014-11-07,43.56241989135742,RSI > 90,4,0.06729386092519829,0.06704064498859724,8278.649808392838,131765.67500153618
MWW-201610,2006-06-16,41.16999816894531,1.0955464032396804,6.729999542236328,0.2882613311537221,1.6289271012771893,Hammer,2006-06-23,42.77000045776367,2006-08-04,40.33000183105469,Time stop (5 bars),6,-0.05704930092573968,-0.05727641380455695,-5727.641374728055,94272.35862527194
MWW-201610,2008-09-19,18.1299991607666,3.941418258337464,3.239999771118164,0.3981484588445352,1.4157817063758529,Hammer,2008-09-26,18.170000076293945,2008-11-07,14.239999771118164,Time stop (5 bars),6,-0.21629060477017714,-0.21678130886584213,-20436.48527222003,73835.87335305191
MXIM-202108,2000-10-13,43.52544403076172,9.79748047743233,8.295429229736328,0.3351949809550919,1.4271339090380029,Hammer,2000-10-20,43.321502685546875,2000-12-01,35.665653228759766,Time stop (5 bars),6,-0.17672169666776794,-0.17693210810076135,-17693.210792382924,82306.78920761707
MXS-199506,1990-11-23,9.5840425491333,4.195952066015607,1.2287235260009766,0.2,1.333620490660628,Hammer,1990-11-30,9.338297843933105,1991-01-11,8.355319023132324,Time stop (5 bars),6,-0.10526316864474417,-0.10627712370804424,-10627.712360176713,89372.28763982328
MYG-200603,1990-09-28,8.201095581054688,8.394128000172415,0.9841313362121582,0.24999987886851566,1.2316922765425373,Hammer,1990-10-05,8.283106803894043,1990-11-16,7.052942276000977,Time stop (5 bars),6,-0.1485148697243338,-0.14963182271135725,-14963.182256172546,85036.81774382746
MYG-200603,1992-08-28,9.977096557617188,8.453800179536842,1.2445430755615234,0.14941019066695888,1.2903830322167398,Hammer,1992-09-04,9.977096557617188,1992-10-16,9.264447212219238,Time stop (5 bars),6,-0.07142853046298969,-0.07239454569756755,-6156.201781975038,78880.61596185243
MYG-200603,1994-09-30,12.217386245727539,1.0729537215026141,1.1365013122558594,0.16666666666666666,1.465608066606564,Hammer,1994-10-07,12.312094688415527,1994-11-18,11.933260917663574,Time stop (5 bars),6,-0.030769237919230585,-0.03156862722811242,-2490.152758333461,76390.46320351897
MYG-200603,1996-07-26,15.276817321777344,3.817018296578766,1.7972726821899414,0.277777984131187,1.7725864968283014,Hammer,1996-08-02,15.276817321777344,1996-08-23,16.77454376220703,RSI > 90,3,0.09803916672451507,0.09735271722621638,7436.8191555950525,83827.28235911402
MZIAQ-201302,1995-02-24,184.24835205078125,1.1041002001234261,12.116104125976562,0.021778472396261656,1.0594886914816672,Hammer,1995-03-03,182.09341430664062,1995-04-07,195.0231170654297,RSI > 90,5,0.07100587798862268,0.07094901297181647,7094.901290086746,107094.90129008675
MZIAQ-201302,1996-06-21,202.63955688476562,1.3760679410677454,13.144180297851562,0.3333333333333333,1.0118427385692703,Hammer,1996-06-28,202.63955688476562,1996-08-09,174.1604766845703,Time stop (5 bars),6,-0.14054057676601817,-0.14058645659254349,-15056.092676445416,92038.80861364135
MZIAQ-201302,2000-02-04,122.31534576416016,4.236656761762404,12.937202453613281,0.3181815233192094,1.078057798279111,Hammer,2000-02-11,123.491455078125,2000-03-24,132.27503967285156,Time stop (5 bars),6,0.0711270637241237,0.07104321001907549,6538.732403705684,98577.54101734703
NAV-202106,1990-09-28,26.24179458618164,4.604627225180508,3.748828887939453,0.3333331637382687,1.0877560327477591,Hammer,1990-10-05,26.24179458618164,1990-11-16,21.243356704711914,Time stop (5 bars),6,-0.1904762216263135,-0.1908209349154795,-19082.09347246586,80917.90652753413
NAV-202106,1991-05-17,32.48984146118164,1.0444619940419813,3.7488269805908203,0.33333282454788055,1.0207913367004697,Hammer,1991-05-24,31.240230560302734,1991-07-05,33.73944854736328,Time stop (5 bars),6,0.07999998534698172,0.07966713454894825,6446.497740301782,87364.40426783591
NAV-202106,2002-06-07,34.880001068115234,0.24073922168810213,2.8999977111816406,0.24827516353883167,1.043036267816813,Hammer,2002-06-14,34.88999938964844,2002-07-26,25.389999389648438,Time stop (5 bars),6,-0.2722843269185774,-0.27253188612524043,-23809.585851511743,63554.818416324175
NAVI,2015-01-23,11.267075538635254,3.9654972769831716,1.863321304321289,0.28258644286055007,2.845617780654336,Hammer,2015-01-30,11.20341968536377,2015-02-20,12.887405395507812,RSI > 90,3,0.15030997297584192,0.14935073428147716,14935.073413212645,114935.07341321264
NBR,2006-06-16,1352.805419921875,5.891444985143778,134.3211669921875,0.16770254071625715,1.1971984363980572,Hammer,2006-06-23,1353.2225341796875,2006-08-04,1449.5833740234375,Time stop (5 bars),6,0.07120842094324353,0.07118770885901553,7118.770879494725,107118.77087949472
NBR,2008-09-19,1169.2611083984375,6.0133520532513245,246.11627197265625,0.25423714942754494,1.5872881788131554,Hammer,2008-09-26,1167.592529296875,2008-11-07,593.1820678710938,Time stop (5 bars),6,-0.49196140521016485,-0.4919754834019121,-52699.809036751525,54418.9618427432
NC,1991-12-13,1.3294118642807007,1.9193738048193865,0.12948822975158691,0.26666642116833883,1.3500438277101985,Hammer,1991-12-20,1.3380444049835205,1992-01-10,1.679029941558838,RSI > 90,3,0.2548387297950079,0.24644422429158536,24644.422404514116,124644.42240451412
NC,1994-03-31,1.795657992362976,2.4193227719413386,0.10667276382446289,0.2916657353973242,1.3345023392781912,Hammer,1994-04-08,1.7912132740020752,1994-05-20,1.8845518827438354,Time stop (5 bars),6,0.052109154223279885,0.04639683379918279,5783.10654451427,130427.52894902839
NC,1995-09-01,2.1007893085479736,3.350074761728763,0.11283159255981445,0.3012044374009509,1.390877152494376,Hammer,1995-09-08,2.1007893085479736,1995-10-20,2.1687028408050537,Time stop (5 bars),6,0.03232762656433197,0.027502054465749864,3587.0250014023213,134014.5539504307
NC,1996-07-19,1.920071005821228,3.3258641629091557,0.10514676570892334,0.3043473331557138,1.3002764322268034,Hammer,1996-07-26,1.9154993295669556,1996-09-06,1.7667068243026733,Time stop (5 bars),6,-0.07767818185450392,-0.08268292668453461,-11080.715527863358,122933.83842256735
NC,1996-11-01,1.6841075420379639,4.816975186060915,0.11013245582580566,0.3750002706043569,1.5231888233579227,Hammer,1996-11-08,1.6886963844299316,1996-12-20,1.7736715078353882,Time stop (5 bars),6,0.05031995342024875,0.04426715679073252,5441.931494896435,128375.76991746378
NCC-200812,2001-03-23,18.66116714477539,8.990927132901646,2.063671112060547,0.3879004545462948,1.5109561475178601,Hammer,2001-03-30,19.094465255737305,2001-05-11,20.73868179321289,Time stop (5 bars),6,0.0861095880640883,0.08556347078799419,8556.347070243071,108556.34707024308
NCC-200812,2004-04-16,28.592260360717773,5.113571136649284,1.626180648803711,0.22164893436095084,1.5268650090695397,Hammer,2004-04-23,28.592260360717773,2004-06-04,29.631671905517578,Time stop (5 bars),6,0.03635289871058345,0.03599685885343908,3907.6874992247986,112464.03456946787
NCC-200812,2008-03-20,10.91191291809082,1.5816564750279838,5.455956935882568,0.1927272844862131,2.231529712578696,Hammer,2008-03-28,10.842473030090332,2008-05-09,6.48768949508667,Time stop (5 bars),6,-0.40164116829418395,-0.40237791077202756,-45253.04322180252,67210.99134766536
NCR-199109,1990-09-28,55.24201202392578,8.713108702494864,3.5364646911621094,0.37931079117600425,1.1258145596722906,Hammer,1990-10-05,56.339534759521484,1990-11-16,54.59446716308594,Time stop (5 bars),6,-0.03097412152734591,-0.031148852394046262,-3114.8852362897414,96885.11476371025
NDAQ,2022-01-28,54.68046951293945,4.135641050697572,3.2480812072753906,0.26987838607576353,1.0926084402553438,Hammer,2022-02-04,54.89335250854492,2022-03-18,52.16447830200195,Time stop (5 bars),6,-0.04971228904480163,-0.049889916206805274,-4988.991615691535,95011.00838430847
NDAQ,2022-05-13,46.32271194458008,1.7694326685903121,2.961711883544922,0.33510004572414814,1.0013946158988185,Hammer,2022-05-20,46.263038635253906,2022-07-01,50.388526916503906,Time stop (5 bars),6,0.08917460683410994,0.08894883817517611,8451.118801185035,103462.12718549352
NEBLQ-202102,2005-10-14,20.42530059814453,1.9564708915274167,1.8568458557128906,0.27697884588124355,1.3142443487868538,Hammer,2005-10-21,20.655736923217773,2005-11-11,22.990154266357422,RSI > 90,3,0.11301544707977373,0.11250408694413769,11250.408683163361,111250.40868316336
NEC-199706,1990-04-27,4.5,3.938668490652077,1.375,0.18181818181818182,1.4821864798699087,Hammer,1990-05-04,4.375,1990-06-15,5.25,Time stop (5 bars),6,0.19999999999999996,0.19748858447488588,19748.85842773973,119748.85842773975
NEE,1996-03-15,2.023660659790039,4.566726659505065,0.07018482685089111,0.2499995753737136,1.1674994562686885,Hammer,1996-03-22,2.0704503059387207,1996-05-03,1.9885681867599487,Time stop (5 bars),6,-0.039547976082259795,-0.04427093191094928,-4427.093186667835,95572.90681333217
NEE,1999-02-05,2.7913215160369873,0.3596131538523224,0.16209745407104492,0.3399996469996441,1.134002157020493,Hammer,1999-02-12,2.8334670066833496,1999-03-19,2.9139959812164307,RSI > 90,5,0.028420650158669902,0.02484755833589607,2374.753375000677,97947.66018833285
NEE,2008-01-25,8.841216087341309,9.391841535554036,0.9250917434692383,0.39593146184289335,1.6794025998661493,Hammer,2008-02-01,8.747114181518555,2008-03-14,8.775483131408691,Time stop (5 bars),6,0.0032432353461300245,0.002098801444904121,205.57269052267813,98153.23287885555
NEE,2008-08-08,8.813210487365723,7.57192353607924,0.6663103103637695,0.3281945734581216,1.2293957024679467,Hammer,2008-08-15,8.89393138885498,2008-09-26,8.276424407958984,Time stop (5 bars),6,-0.06943014892939203,-0.07051486897425516,-6921.26234893079,91231.97052992476
NEE,2011-08-12,8.645221710205078,5.377963880906506,0.7268610000610352,0.3386007565251276,2.1793325764166056,Hammer,2011-08-19,8.689522743225098,2011-09-30,9.002496719360352,Time stop (5 bars),6,0.03601739536032267,0.03484653328112062,3179.1178941941207,94411.08842411889
NEE,2024-11-08,73.10880279541016,9.871722218591131,5.822486877441406,0.30179450053396056,1.4967299083231762,Hammer,2024-11-15,73.1183090209961,2024-12-27,68.2153549194336,Time stop (5 bars),6,-0.06705508055656217,-0.06718725078691153,-6343.221468673333,88067.86695544556
NEE,2025-04-11,63.44560623168945,4.504888202377543,5.851924896240234,0.37726549447311586,1.4650675259859585,Hammer,2025-04-17,64.09153747558594,2025-05-16,68.35755920410156,RSI > 90,4,0.0665613885474452,0.06640018160320624,5847.722353400868,93915.58930884642
NEM,1992-10-30,22.376401901245117,7.665383123835753,1.3413658142089844,0.3636368807073324,1.0594632408446687,Hammer,1992-11-06,22.254459381103516,1992-12-18,19.9548397064209,Time stop (5 bars),6,-0.10333298308002248,-0.10375901926186493,-10375.901915810591,89624.0980841894
NEM,2013-06-28,22.688703536987305,9.023563615642786,2.410533905029297,0.2520426265257388,1.1490811455364518,Hammer,2013-07-05,22.961421966552734,2013-08-16,23.02202606201172,Time stop (5 bars),6,0.002639387732487286,0.0022033948314928273,197.47727429843184,89821.57535848784
NFX-201902,2011-08-12,54.5,5.5127487381492415,8.520000457763672,0.26525845244187624,1.483984109817071,Hammer,2011-08-19,55.18000030517578,2011-09-30,40.709999084472656,Time stop (5 bars),6,-0.26223271367662293,-0.2623901629179669,-26239.01626555768,73760.98373444233
NFX-201902,2016-01-22,26.0,3.3223563584752895,5.529998779296875,0.3128390459529709,1.5521601234197562,Hammer,2016-01-29,25.190000534057617,2016-03-11,30.15999984741211,Time stop (5 bars),6,0.1973004846361519,0.19686442580740401,14520.913695349343,88281.89742979167
NI,2001-09-28,3.3726806640625,3.9616659889905605,0.2459697723388672,0.3470589489682767,1.07787008718661,Hammer,2001-10-05,3.3422961235046387,2001-11-16,3.024231195449829,Time stop (5 bars),6,-0.0951635990054931,-0.09800893495832211,-9800.893486031317,90199.1065139687
NI,2002-06-28,3.286243438720703,5.820706347961405,0.2769896984100342,0.39130419813062556,1.3612357658155527,Hammer,2002-07-05,3.286243438720703,2002-08-16,2.9501757621765137,Time stop (5 bars),6,-0.10226499734755401,-0.10514800347880233,-9484.25595603139,80714.8505579373
NI,2002-09-13,2.852346181869507,8.549545546513656,0.22623109817504883,0.3851353487578013,1.0035237532748662,Hammer,2002-09-20,2.8278887271881104,2002-11-01,2.5298140048980713,Time stop (5 bars),6,-0.10540539287287565,-0.10874931984915272,-8777.685091124,71937.16546681331
NI,2012-11-16,6.164525985717773,7.968878230092585,0.31738710403442383,0.390244122300029,1.5142923337574117,Hammer,2012-11-23,6.208392143249512,2013-01-04,6.3348307609558105,Time stop (5 bars),6,0.02036575892580772,0.018739943499752092,1348.0984150323002,73285.2638818456
NI,2023-10-06,22.54909324645996,7.98348243988589,1.6597747802734375,0.060774534589749483,1.5194886327806019,Hammer,2023-10-13,22.530752182006836,2023-11-24,24.053659439086914,Time stop (5 bars),6,0.06759238416799418,0.06713364811883338,4919.907112819765,78205.17099466537
NKE,1998-09-04,2.964268207550049,0.7147344917382981,0.4096078872680664,0.2894739292906951,1.4826505606887534,Hammer,1998-09-11,3.125955581665039,1998-10-02,3.5040667057037354,RSI > 90,3,0.1209585722383475,0.1175714935703225,11757.149345275102,111757.1493452751
NKE,2001-09-21,3.90718412399292,4.629701621801445,0.42488837242126465,0.38315795144073517,1.2490636128153234,Hammer,2001-09-28,3.9984235763549805,2001-11-02,4.440307140350342,RSI > 90,5,0.11051444539504951,0.10787855837842183,12056.200147794068,123813.34949306917
NKE,2011-03-25,15.608963966369629,5.815027720454154,1.734781265258789,0.15140760286962976,1.9591282078455505,Hammer,2011-04-01,15.613035202026367,2011-05-06,16.855073928833008,RSI > 90,5,0.07955139476310413,0.07888564155923962,9767.095498592022,133580.44499166118
NKTR,2019-07-26,466.8000183105469,5.075700137546718,60.60003662109375,0.3861382797966705,1.1315860301460063,Hammer,2019-08-02,473.1000061035156,2019-09-13,255.0,Time stop (5 bars),6,-0.46100190929990126,-0.4610181741678569,-46101.81737068388,53898.182629316114
NL,1992-09-18,0.942412793636322,4.2063969364609335,0.10097277164459229,0.16666646989862116,1.2325852227330452,Hammer,1992-09-25,0.9255839586257935,1992-11-06,0.6899808049201965,Time stop (5 bars),6,-0.2545454159073748,-0.2639236916014354,-26392.369133751177,73607.63086624882
NLC-199912,1990-09-28,18.84974479675293,8.543539328183755,1.168975830078125,0.375,1.142884048501472,Hammer,1990-10-05,19.288110733032227,1990-11-16,18.703622817993164,Time stop (5 bars),6,-0.030303015320110482,-0.030813481727507232,-3081.3481696693743,96918.65183033064
NLC-199912,1992-07-10,27.57576560974121,3.8149975131561433,1.8383846282958984,0.3888880242944131,1.1434056304843674,Hammer,1992-07-17,27.57576560974121,1992-08-28,28.054174423217773,Time stop (5 bars),6,0.017348885983697437,0.0169831693617354,1645.9858766995862,98564.63770703023
NLC-199912,1995-11-03,26.735490798950195,3.1716803939409886,1.3367748260498047,0.2500003567071648,1.0163894649435858,Hammer,1995-11-10,26.401296615600586,1995-12-22,27.08447265625,Time stop (5 bars),6,0.02587660941795278,0.025493012157248498,2512.709504827406,101077.34721185763
NLSN-202210,2014-09-19,36.23665237426758,8.231123294681794,1.22100830078125,0.23026118470382403,1.005760372212282,Hammer,2014-09-26,36.1402587890625,2014-11-07,34.22037887573242,Time stop (5 bars),6,-0.053123026166904785,-0.053392339078066196,-5339.233902467386,94660.76609753263
NLSN-202210,2020-03-13,14.613781929016113,3.023156274473422,2.500363349914551,0.3883491664762774,1.6531901442393366,Hammer,2020-03-20,13.011606216430664,2020-05-01,12.186243057250977,Time stop (5 bars),6,-0.06343284183757758,-0.06417672512249942,-6075.0179596515445,88585.74813788109
NMK-200201,1999-08-20,15.25,2.237274878771899,0.75,0.16666666666666666,1.0994875535604052,Hammer,1999-08-27,15.1875,1999-09-24,15.9375,RSI > 90,4,0.04938271604938271,0.048708244199440455,4870.824415073221,104870.82441507324
NOC,1994-11-04,9.18075942993164,7.134339381897732,0.44719982147216797,0.3529406746949926,1.2680086522032048,Hammer,1994-11-11,9.15445327758789,1994-12-23,9.053805351257324,Time stop (5 bars),6,-0.01099442241700821,-0.012080188956398634,-1208.0188944318447,98791.98110556816
NOC,1997-10-31,24.821247100830078,1.834463056045962,2.342966079711914,0.18787859546120977,1.9824204208224572,Hammer,1997-11-07,25.218841552734375,1997-12-19,26.19647789001465,Time stop (5 bars),6,0.03876610807978498,0.03836197334403965,3789.8553419868194,102581.83644755499
NOC,2000-01-28,11.915005683898926,7.158420390184062,1.785019874572754,0.3583333912120825,1.6333035426448728,Hammer,2000-02-04,11.92988109588623,2000-03-17,11.284923553466797,Time stop (5 bars),6,-0.05406236132913622,-0.054877592592454734,-5629.444222325303,96952.39222522968
NOC,2010-05-28,35.980777740478516,9.841166775463435,1.8608665466308594,0.3308118856533727,1.0341014723888464,Hammer,2010-06-04,35.790435791015625,2010-07-16,32.37615966796875,Time stop (5 bars),6,-0.09539632719152169,-0.09566236720901553,-9274.69533756773,87677.69688766194
NOC,2018-12-07,227.8567657470703,9.438354660269695,17.60638427734375,0.39849218097294975,1.2128019798547307,Hammer,2018-12-14,230.57290649414062,2019-01-25,236.1468048095703,RSI > 90,6,0.024174125226509746,0.024130231729600087,2115.683141301236,89793.38002896316
NOV,2021-07-09,13.67518424987793,7.981608883016406,1.5731468200683594,0.2949682461547415,1.0769370815170947,Hammer,2021-07-16,13.402226448059082,2021-08-27,11.464226722717285,Time stop (5 bars),6,-0.14460281900567795,-0.14529475823269936,-14529.475808740459,85470.52419125955
NOVL-201104,2007-08-10,6.420000076293945,0.09465351218911167,0.9599995613098145,0.3124998447795,2.1581347803862845,Hammer,2007-08-17,6.5,2007-09-07,7.389999866485596,RSI > 90,3,0.13692305638239932,0.13528053289555664,13528.053276027611,113528.0532760276
NOW,2025-03-14,168.8660125732422,1.0442516478416621,14.26800537109375,0.36234904841145243,1.002875644059426,Hammer,2025-03-21,167.8000030517578,2025-05-02,191.97000122070312,RSI > 90,6,0.14404051090207726,0.1439766260216533,14397.662587767667,114397.66258776767
NRG,2011-10-07,15.185486793518066,8.2753908813269,1.8535232543945312,0.2971886641009282,1.5275483404653536,Hammer,2011-10-14,15.431134223937988,2011-11-25,15.103605270385742,Time stop (5 bars),6,-0.021225202813942023,-0.0218661582398535,-2186.615821798734,97813.38417820128
NRG,2022-03-04,33.61552429199219,6.511743671820014,2.0763587951660156,0.3103443841228723,1.001185800389207,Hammer,2022-03-11,33.543922424316406,2022-04-22,35.12804412841797,Time stop (5 bars),6,0.04722529715109314,0.0469201867109935,4589.42224388592,102402.8064220872
NRTLQ-201510,1997-10-31,110.4797134399414,4.0453227525780875,14.166038513183594,0.24999959607296754,1.6290480521617985,Hammer,1997-11-07,113.02035522460938,1997-12-19,112.27317810058594,Time stop (5 bars),6,-0.006610996068261765,-0.006699179334749631,-669.9179328050452,99330.08206719495
NSC,1992-06-12,9.705316543579102,6.991988514286092,0.4795112609863281,0.3199994431229664,1.0595726826480403,Hammer,1992-06-19,9.724496841430664,1992-07-31,8.995638847351074,Time stop (5 bars),6,-0.07495071528784214,-0.07594000040509243,-7594.000032915243,92405.99996708475
NSC,1994-04-22,9.970354080200195,0.0509517294581201,0.4642066955566406,0.3043496125368768,1.1774669628758694,Hammer,1994-04-29,9.990537643432617,1994-06-10,10.513567924499512,Time stop (5 bars),6,0.05235256597133331,0.051325931567470166,4742.824025991418,97148.82399307618
NSC,2004-03-05,13.510863304138184,7.201882532315167,0.6990509033203125,0.27433670573854585,1.1175125191299131,Hammer,2004-03-12,13.510863304138184,2004-04-23,13.671707153320312,Time stop (5 bars),6,0.011904779551197509,0.01116050420071529,1084.229857185047,98233.05385026123
NSC,2024-05-10,221.0883331298828,0.24892321126554862,16.277542114257812,0.3919204323351441,1.4721044224973643,Hammer,2024-05-17,221.67396545410156,2024-06-28,216.2593231201172,Time stop (5 bars),6,-0.02442615362111844,-0.02447071296490483,-2403.832862031949,95829.22098822928
NSI-200306,1999-09-03,15.335359573364258,1.1534438129945812,1.6713485717773438,0.3157892334308682,1.6862983654835249,Hammer,1999-09-10,15.306037902832031,1999-10-22,14.572989463806152,Time stop (5 bars),6,-0.04789276256073072,-0.04853024620156144,-4853.0246153031185,95146.9753846969
NSI-200306,1999-12-17,13.597161293029785,2.646520428881445,0.9183273315429688,0.35483874317711667,1.0409680658617244,Hammer,1999-12-23,13.567538261413574,2000-02-04,11.961039543151855,Time stop (5 bars),6,-0.11840753180926289,-0.11910069340952889,-11332.070732804706,83814.90465189218
NSM-201109,1999-10-22,12.864063262939453,3.329828733562323,3.565427780151367,0.399999786017415,2.05762005134456,Hammer,1999-10-29,12.749969482421875,1999-11-19,15.944592475891113,RSI > 90,3,0.25055926587695754,0.24967703747610626,24967.703722642924,124967.70372264291
NTAP,2013-10-18,30.60175323486328,9.255547533396552,1.4752998352050781,0.3346878143253495,1.2448348529387527,Hammer,2013-10-25,30.631343841552734,2013-12-06,29.958208084106445,Time stop (5 bars),6,-0.02197539098931567,-0.02229821420530404,-2229.821418300583,97770.17858169941
NTAP,2020-03-13,34.605369567871094,1.922555943812398,6.488502502441406,0.35424846054081255,1.681409354519133,Hammer,2020-03-20,30.6444149017334,2020-05-01,36.57940673828125,Time stop (5 bars),6,0.19367287173142067,0.19331500635637774,18900.442675084967,116670.62125678439
NTRS,2001-03-23,33.74993896484375,1.2414533862609147,4.796041488647461,0.1185178645356724,1.2991179479460557,Hammer,2001-03-30,34.3538818359375,2001-05-11,37.76582717895508,Time stop (5 bars),6,0.09931760723029415,0.09901210869613734,9901.210859712523,109901.21085971253
NTRS,2002-07-05,24.593481063842773,1.0929343957212012,3.5232391357421875,0.31587566425146923,1.7496883513152455,Hammer,2002-07-12,24.564647674560547,2002-08-23,24.87026596069336,RSI > 90,6,0.012441386914305852,0.01203184880989956,1322.314751766638,111223.52561147918
NTRS,2015-08-28,52.403709411621094,3.5207309667386113,3.8701324462890625,0.2548258704506117,1.7208614326503688,Hammer,2015-09-04,51.9927864074707,2015-10-16,51.48085021972656,Time stop (5 bars),6,-0.009846292593977624,-0.010037661673789073,-1116.4241191376177,110107.10149234158
NTRS,2016-07-01,49.75788497924805,4.445181581747065,3.7987823486328125,0.3152612700185173,1.2459242519503546,Hammer,2016-07-08,49.26205825805664,2016-08-12,52.86250686645508,RSI > 90,5,0.07308766088371055,0.07287726800313449,8024.304736481403,118131.40622882299
NUE,2000-01-28,6.37333345413208,7.4999488030307475,0.6208305358886719,0.2531644208495395,1.3189678821931483,Hammer,2000-02-04,6.271171569824219,2000-03-17,5.909675121307373,Time stop (5 bars),6,-0.05764416496852098,-0.05919156995372741,-5919.156989453584,94080.84301054642
NUE,2002-07-26,7.2505059242248535,8.720855241965666,0.8749709129333496,0.2686573508662648,1.436706730574447,Hammer,2002-08-02,7.371957302093506,2002-09-13,6.568812370300293,Time stop (5 bars),6,-0.10894595544729135,-0.1102276858187116,-10370.31359455573,83710.52941599069
NUE,2011-08-12,23.332651138305664,6.563557705688268,2.1981029510498047,0.24223581465049343,1.2654244479025183,Hammer,2011-08-19,23.469179153442383,2011-09-30,21.864973068237305,Time stop (5 bars),6,-0.0683537363925989,-0.06876517703360716,-5756.369369111211,77954.16004687948
NUE,2015-01-09,36.634788513183594,9.52320333652618,2.0931968688964844,0.28205146896681177,1.1566491568216104,Hammer,2015-01-16,36.420101165771484,2015-02-27,36.81113815307617,Time stop (5 bars),6,0.010736845170331133,0.010460835388502579,815.4656352839249,78769.62568216342
NUE,2020-03-13,31.789016723632812,2.8856993053216655,5.321819305419922,0.2933330848415471,1.697125556737964,Hammer,2020-03-20,28.16130828857422,2020-05-01,34.17934799194336,Time stop (5 bars),6,0.21369886802492122,0.21330589872888422,16802.02578186964,95571.65146403306
NVLS-201206,2000-10-20,38.9375,0.8974637735532838,14.6875,0.2553191489361702,1.411465237514092,Hammer,2000-10-27,38.8125,2000-12-08,26.6875,Time stop (5 bars),6,-0.3123993558776168,-0.31261673214400715,-31261.673183139043,68738.32681686095
NVR,2022-02-25,4917.490234375,8.702170657053486,468.72998046875,0.14840008792042161,1.383152731911666,Hammer,2022-03-04,4875.0,2022-04-14,4268.52001953125,Time stop (5 bars),6,-0.12440614983974363,-0.12442490577826212,-12442.490566628083,87557.50943337192
NWL,1990-08-24,4.0461578369140625,6.926968816800596,0.7356648445129395,0.3235290876788387,1.5907283135782007,Hammer,1990-08-31,4.175981044769287,1990-10-12,3.6350507736206055,Time stop (5 bars),6,-0.12953369887208543,-0.1317705737599398,-13177.057362816922,86822.94263718308
NWL,1997-04-04,13.659380912780762,5.470396842015319,0.8749780654907227,0.11111183773832918,1.263852599588563,Hammer,1997-04-11,13.659380912780762,1997-05-23,14.353802680969238,RSI > 90,6,0.050838451070554846,0.05008801881015431,4348.789179615385,91171.73181679846
NWL,1997-10-31,15.04859447479248,9.273219171911094,2.450911521911621,0.10000011673301641,2.4269897257200657,Hammer,1997-11-07,15.04859447479248,1997-11-28,15.94711971282959,RSI > 90,3,0.0597082497998207,0.05902412473811224,5381.331665963098,96553.06348276156
NWL,1999-09-10,13.382184982299805,6.658062260451416,1.774153709411621,0.385714400900913,1.261105931161291,Hammer,1999-09-17,13.382184982299805,1999-10-29,11.658721923828125,Time stop (5 bars),6,-0.12878786691046717,-0.12948674876485397,-12502.342261167003,84050.72122159456
NWL,2013-08-30,15.580363273620605,7.3173840654017255,0.9052629470825195,0.3333340356517919,1.271117469100386,Hammer,2013-09-06,15.765110969543457,2013-09-27,16.738113403320312,RSI > 90,3,0.06171871772146709,0.06106503851727385,5132.560523668759,89183.28174526333
NWL,2014-01-31,19.123716354370117,7.602139372378133,0.9964141845703125,0.18633711581752194,1.3995313795158466,Hammer,2014-02-07,19.0927734375,2014-03-07,19.824392318725586,RSI > 90,4,0.03831915167382749,0.03778549806275482,3369.8347162459304,92553.11646150927
NWL,2016-01-22,23.78803825378418,2.7972683978102566,2.1490955352783203,0.2604786353611509,1.2394495169271433,Hammer,2016-01-29,23.678651809692383,2016-03-11,26.456390380859375,RSI > 90,6,0.11730982800422707,0.11686282982906868,10816.019088375313,103369.13554988458
NWS,2019-05-10,11.213513374328613,2.3433345440935938,0.8948440551757812,0.3229171107264961,1.570738871442689,Hammer,2019-05-17,10.980481147766113,2019-06-28,12.947274208068848,RSI > 90,6,0.1791172020456373,0.17812538513168782,17812.538495356246,117812.53849535623
NWS,2019-10-11,12.913647651672363,8.601763007821319,0.9337987899780273,0.3618084499044588,1.4524500582888555,Hammer,2019-10-18,12.819798469543457,2019-11-29,12.228548049926758,Time stop (5 bars),6,-0.04612010251341769,-0.04688186103232411,-5523.271052081354,112289.26744327489
NWS,2020-03-13,10.053234100341797,2.8142148158286773,1.6297416687011719,0.2848842652734963,1.6937000301486411,Hammer,2020-03-20,8.9920072555542,2020-05-01,8.688799858093262,Time stop (5 bars),6,-0.03371965667328081,-0.034812398007968995,-3909.0586663495014,108380.2087769254
NWSA,2019-05-10,11.069121360778809,1.8602135566832914,0.9627342224121094,0.34299554234769686,1.6730221971144899,Hammer,2019-05-17,10.845878601074219,2019-06-28,12.557406425476074,RSI > 90,6,0.15780444234663848,0.15681014293473036,15681.014277792023,115681.01427779201
NWSA,2019-10-11,12.645405769348145,9.809760142626558,0.908595085144043,0.3711341396469728,1.4218383329910742,Hammer,2019-10-18,12.673505783081055,2019-11-29,11.980350494384766,Time stop (5 bars),6,-0.05469325540701142,-0.05546042260237171,-6415.717932501624,109265.29634529038
NWSA,2020-03-13,9.90489673614502,2.828557522335771,1.6271648406982422,0.39022310318918113,1.7068879902933567,Hammer,2020-03-20,9.990038871765137,2020-05-01,8.391253471374512,Time stop (5 bars),6,-0.16003795589917824,-0.1609583935621564,-17587.166554243733,91678.12979104665
NXTL-200508,2000-09-22,47.9375,8.715612909944525,10.0625,0.3416149068322981,1.0886649362626826,Hammer,2000-09-29,49.0,2000-11-10,33.375,Time stop (5 bars),6,-0.31887755102040816,-0.3190490766248342,-31904.90763057852,68095.09236942149
NYN-199708,1994-01-07,33.01323699951172,4.6708637965391375,1.4488582611083984,0.21428637251042956,1.0087175737575327,Hammer,1994-01-14,33.01323699951172,1994-02-25,31.150421142578125,Time stop (5 bars),6,-0.0564263315639465,-0.05672064977186062,-5672.064971513997,94327.935028486
NYT,1998-09-04,20.629453659057617,5.325738795920074,2.1785411834716797,0.30612257405336973,1.3047091889061986,Hammer,1998-09-11,20.89621353149414,1998-10-23,17.51725196838379,Time stop (5 bars),6,-0.16170209775171385,-0.1621418564048367,-16214.185624269485,83785.81437573051
NYT,2002-07-26,32.01711654663086,8.010196039969301,3.936229705810547,0.301887176445619,1.765637800448197,Hammer,2002-08-02,32.45530319213867,2002-09-13,35.117897033691406,Time stop (5 bars),6,0.08203879118891333,0.08171808580627013,6846.816361657351,90632.63073738787
NYT,2002-10-11,33.077110290527344,7.1014072739696275,3.426136016845703,0.12826159812323454,1.4603948148370292,Hammer,2002-10-18,32.950496673583984,2002-11-01,37.38957595825195,RSI > 90,2,0.13471964713135032,0.13439576798179972,12180.641999981468,102813.27273736933
NYX-201311,2011-08-12,25.672626495361328,8.947604208696191,3.227313995361328,0.3757063949949233,1.394793107085574,Hammer,2011-08-19,25.882308959960938,2011-09-30,22.925561904907227,Time stop (5 bars),6,-0.11423814852174508,-0.1146023736821114,-11460.237356750902,88539.76264324911
O,2022-06-17,52.39393997192383,9.896893747331845,2.8309059143066406,0.2624817242842994,1.1865927277632136,Hammer,2022-06-24,52.507015228271484,2022-08-05,59.87555694580078,RSI > 90,6,0.14033442360977766,0.14013062887686697,14013.062873673633,114013.06287367363
O,2023-03-03,53.90492630004883,6.951943137758775,2.2582473754882812,0.3633616335521448,1.013020326814645,Hammer,2023-03-10,54.1138916015625,2023-04-21,51.21305847167969,Time stop (5 bars),6,-0.0536060712698595,-0.053785897008259816,-6132.294851187367,107880.76802248626
OAT-200108,2001-06-22,91.55000305175781,4.040239787778816,5.849998474121094,0.39316171321033266,1.6076353713444416,Hammer,2001-06-29,91.55000305175781,2001-08-02,102.19999694824219,End of data,5,0.11632980383914782,0.11621422687812463,11621.42267619104,111621.42267619105
ODP-202512,2007-08-10,205.11048889160156,1.3125154313434848,25.945587158203125,0.20270294112457876,1.4362129148620804,Hammer,2007-08-17,205.3734588623047,2007-09-28,172.85379028320312,Time stop (5 bars),6,-0.158344066264691,-0.15838890192915003,-15838.890177076115,84161.1098229239
OI,2016-01-22,12.6137113571167,2.102787101003301,1.3917226791381836,0.3309861326488169,1.0096056332716805,Hammer,2016-01-29,12.46669864654541,2016-03-04,14.867910385131836,RSI > 90,5,0.19261007317697643,0.19173103891896706,19173.1038727236,119173.1038727236
OI,2016-07-01,17.504343032836914,7.151325696111144,2.009176254272461,0.30243870486345475,1.406987821945296,Hammer,2016-07-08,17.318126678466797,2016-08-12,18.7392520904541,RSI > 90,5,0.0820599963478914,0.08145904825261016,9707.727609073787,128880.83148179737
OKE,1994-09-23,0.8377410173416138,3.764400453550266,0.056266188621520996,0.22222163370374687,1.2922646368717556,Hammer,1994-09-30,0.8439927697181702,1994-10-21,0.8940072059631348,RSI > 90,3,0.05925931837267484,0.047131657267526265,4713.165722039461,104713.16572203947
OKE,1996-01-26,1.1209543943405151,1.8039710333100487,0.07383525371551514,0.3636359233097881,1.4177031418724608,Hammer,1996-02-02,1.123132586479187,1996-03-15,1.184394359588623,Time stop (5 bars),6,0.054545450685818286,0.04543949330408062,4758.113187917583,109471.27890995707
OKE,2014-08-08,30.86467933654785,6.20726458442455,1.8708839416503906,0.3593755416043928,1.7007010902960986,Hammer,2014-08-15,31.11802864074707,2014-09-05,34.21180725097656,RSI > 90,3,0.09942077777312619,0.09908350006117746,10846.797459725109,120318.07636968217
OKE,2014-10-17,27.946298599243164,1.8884777399300674,3.210704803466797,0.1957514076232049,2.0222397386375763,Hammer,2014-10-24,27.946298599243164,2014-12-05,26.6225643157959,Time stop (5 bars),6,-0.04736707005210039,-0.04771636203991538,-5741.1408862608005,114576.93548342136
OKE,2015-01-16,21.10613250732422,7.8001652683786915,2.0225276947021484,0.1824814902483716,1.0340222519148097,Hammer,2015-01-23,21.19963264465332,2015-02-27,23.535860061645508,RSI > 90,5,0.11020131603937955,0.10970373578147022,12569.517844354297,127146.45332777567
OKE,2018-12-28,32.85291290283203,4.445843024390385,2.2881717681884766,0.26287259484137604,1.0228053948751261,Hammer,2019-01-04,33.00173568725586,2019-01-25,38.90509033203125,RSI > 90,3,0.17888012620666682,0.17855006022455153,22702.006876310472,149848.46020408612
OKE,2023-05-19,50.14789962768555,1.9330632856714658,3.6933975219726562,0.39443215362083534,1.100872633800968,Hammer,2023-05-26,49.916526794433594,2023-07-07,52.98435974121094,Time stop (5 bars),6,0.061459262969382866,0.061252792995872454,9178.636704452481,159027.09690853863
OM-199709,1992-07-10,14.852028846740723,0.2211875031742352,1.5872392654418945,0.3571425567236522,1.024926097602532,Hammer,1992-07-17,14.852028846740723,1992-08-28,14.709333419799805,Time stop (5 bars),6,-0.009607807015014846,-0.010277655681769528,-1027.7655671491873,98972.2344328508
OM-199709,1995-07-07,18.380468368530273,0.21230231358629226,1.5617389678955078,0.307692589530301,1.3915904204505176,Hammer,1995-07-14,18.740869522094727,1995-08-11,19.461671829223633,RSI > 90,4,0.03846151888945748,0.037917809376146694,3752.8103150033285,102725.04474785415
OMC,1998-10-09,10.562567710876465,7.887624611545789,1.1423463821411133,0.3333333333333333,1.0506600595466402,Hammer,1998-10-16,10.59567928314209,1998-11-13,13.873717308044434,RSI > 90,4,0.309374976092166,0.30828571807651967,30828.571776823395,130828.5717768234
OMC,2001-03-23,22.123178482055664,5.880980833546289,1.9078712463378906,0.3404257233518016,1.1084989733118806,Hammer,2001-03-30,22.09611701965332,2001-04-27,24.491104125976562,RSI > 90,4,0.10838950138583292,0.10791251429520068,14118.040107969104,144946.6118847925
OMC,2002-07-05,12.265030860900879,0.4015638125224683,2.4184961318969727,0.32049856919049347,1.1362651639697552,Hammer,2002-07-12,12.434846878051758,2002-08-16,15.132715225219727,RSI > 90,5,0.21696031914392666,0.2160692469543422,31318.50524721192,176265.1171320044
OMC,2005-10-21,22.163442611694336,8.96162124210582,0.9240684509277344,0.32307762168767207,1.1574946475295083,Hammer,2005-10-28,22.228837966918945,2005-12-09,24.19355010986328,Time stop (5 bars),6,0.08838573324742516,0.0879160919429518,15496.54022861593,191761.65736062033
OMC,2011-08-12,25.569625854492188,4.934197832275231,2.319427490234375,0.2332449048063892,1.5762599532334114,Hammer,2011-08-19,25.58828353881836,2011-09-30,22.942773818969727,Time stop (5 bars),6,-0.10338754124852878,-0.1037580705821086,-19896.819559468553,171864.8378011518
OMC,2020-03-13,50.020721435546875,2.8414926400314613,7.060630798339844,0.1824326733668233,2.1623766798399737,Hammer,2020-03-20,45.218223571777344,2020-05-01,41.79127502441406,Time stop (5 bars),6,-0.07578689025506491,-0.07599963637948601,-13061.665166245213,158803.17263490657
OMX-201311,1991-10-18,14.828628540039062,3.6804687795648476,1.6729736328125,0.2727272209047793,1.7792019425580912,Hammer,1991-10-25,14.828628540039062,1991-12-06,13.155654907226562,Time stop (5 bars),6,-0.11282052337444914,-0.11345663862822258,-11345.663851476595,88654.33614852342
OMX-201311,2002-07-26,21.386381149291992,1.484247502073913,2.0552139282226562,0.28782282343595134,1.2004012454549897,Hammer,2002-08-02,21.507722854614258,2002-09-13,19.717941284179688,Time stop (5 bars),6,-0.08321576312531809,-0.08366126327186586,-7416.933749297179,81237.40239922625
OMX-201311,2003-07-18,18.12139129638672,7.564358748862986,1.7647171020507812,0.19383281814055037,1.4088690559662802,Hammer,2003-07-25,18.12139129638672,2003-08-22,20.251489639282227,RSI > 90,4,0.1175460707214151,0.11696196491786676,9501.686199935237,90739.08859916148
OMX-201311,2007-05-11,36.37203598022461,1.630645573075057,3.8732566833496094,0.36695290594090124,1.5000545859319911,Hammer,2007-05-18,36.77931213378906,2007-06-29,32.80631637573242,Time stop (5 bars),6,-0.10802256832874968,-0.10827974011230646,-9825.204921719553,80913.88367744192
ONE-200406,1992-08-21,17.80434799194336,6.590992572833201,0.7142143249511719,0.28571199666714736,1.0036455927782426,Hammer,1992-08-28,17.702316284179688,1992-09-25,18.40041732788086,RSI > 90,4,0.03943557625422467,0.03885970254656513,3885.9702507705433,103885.97025077054
ONE-200406,1993-09-03,21.632614135742188,5.752102727555695,1.3635101318359375,0.32692286171510426,1.4029743622170796,Hammer,1993-09-10,21.76371955871582,1993-10-22,22.322790145874023,Time stop (5 bars),6,0.025688191104002334,0.02522291610570942,2620.307109575103,106506.27736034563
ONE-200406,1994-11-25,15.580013275146484,4.352592876541891,1.4300498962402344,0.263158245727288,1.3890761724837413,Hammer,1994-12-02,15.580013275146484,1995-01-13,15.998412132263184,Time stop (5 bars),6,0.026854845995807786,0.02620458833794992,2790.9531508444197,109297.23051119004
ONE-200406,2001-02-23,32.266170501708984,5.2711848765428755,3.2145748138427734,0.38328478790622555,1.1531977017086577,Hammer,2001-03-02,32.266170501708984,2001-04-12,30.666540145874023,Time stop (5 bars),6,-0.04957608327738294,-0.04987827620785307,-5451.557446738965,103845.67306445107
ONE-200406,2002-07-26,33.210411071777344,5.561266931870804,3.105386734008789,0.07407452904183176,1.2818575154739498,Hammer,2002-08-02,34.50432205200195,2002-08-16,37.33176040649414,RSI > 90,2,0.08194446916623699,0.08164281959079349,8478.253542807248,112323.92660725831
ORCL,1990-08-03,0.32148805260658264,2.6249076689752826,0.049082159996032715,0.3999996356844639,1.0159617684789761,Hammer,1990-08-10,0.3141257166862488,1990-09-21,0.14970053732395172,Time stop (5 bars),6,-0.5234374985175958,-0.5328743797350691,-53287.437920219476,46712.56207978052
ORCL,1992-08-28,0.3411208987236023,7.87746437044801,0.03435748815536499,0.07142844751163642,1.052999822609043,Hammer,1992-09-04,0.33866679668426514,1992-09-18,0.39265716075897217,RSI > 90,2,0.15942030515923755,0.13646148723529228,6374.465687603301,53087.02776738381
ORCL,1996-04-12,2.5915372371673584,4.7087005146795065,0.2797682285308838,0.10526293363148982,1.1456657825574752,Hammer,1996-04-19,2.5915372371673584,1996-05-31,2.9706966876983643,Time stop (5 bars),6,0.14630677309712925,0.14217375558755044,7547.582103121949,60634.60987050576
ORCL,1999-04-09,5.1435017585754395,5.671395342968097,1.1305761337280273,0.14285720310924974,1.480516212179163,Hammer,1999-04-16,5.0441107749938965,1999-05-28,5.205621719360352,Time stop (5 bars),6,0.032019706063384445,0.030007451038076772,1819.490085082598,62454.09995558836
ORCL,2011-08-12,22.275663375854492,4.11455362962559,1.8136100769042969,0.2914800800122837,1.1837341046953371,Hammer,2011-08-19,22.30006217956543,2011-09-30,23.63383674621582,Time stop (5 bars),6,0.059810351913394566,0.05934861584305078,3706.5643823811442,66160.6643379695
ORCL,2019-08-16,48.60483169555664,8.505945003004413,2.0679092407226562,0.285087347119482,1.029010618673405,Hammer,2019-08-23,49.17622756958008,2019-10-04,49.203433990478516,Time stop (5 bars),6,0.0005532433503554479,0.00034985749133828686,23.146804027409665,66183.81114199692
ORCL,2025-03-14,147.25830078125,2.5812866467250046,14.620269775390625,0.21929773293228438,1.070465859716026,Hammer,2025-03-21,148.37306213378906,2025-05-02,138.26283264160156,Time stop (5 bars),6,-0.06814060009808942,-0.06820569932408412,-4514.113118358897,61669.69802363802
ORLY,2011-08-05,3.890019178390503,3.9151448702707654,0.22466778755187988,0.3768551189876104,1.3241312661440356,Hammer,2011-08-12,3.827352285385132,2011-09-02,4.291354656219482,RSI > 90,3,0.12123325375773697,0.11846571949184095,11846.571937337525,111846.57193733753
ORLY,2017-02-03,17.322751998901367,2.8557401203087522,0.6956710815429688,0.39626355790004714,1.0483615110776454,Hammer,2017-02-10,17.270084381103516,2017-03-24,18.3327579498291,Time stop (5 bars),6,0.06153262168703333,0.060935943669083434,6815.4764003382115,118662.04833767575
OWENQ-200610,1997-10-31,28.660245895385742,7.347616922848516,2.876483917236328,0.30909100553939844,1.5900182654956796,Hammer,1997-11-07,29.287843704223633,1997-11-28,31.17063331604004,RSI > 90,3,0.06428570265638522,0.06393334941210829,6393.334934817494,106393.33493481748
OWENQ-200610,1999-10-01,19.749170303344727,0.21224927398921523,2.643352508544922,0.3842365633915828,1.2084758306734091,Hammer,1999-10-08,19.80342674255371,1999-11-19,15.625717163085938,Time stop (5 bars),6,-0.21095892310852893,-0.21141050896644278,-22492.669066714312,83900.66586810318
OXY,1996-07-19,4.613601207733154,7.127390520486358,0.4987678527832031,0.3499998087939487,1.861759914722397,Hammer,1996-07-26,4.613601207733154,1996-09-06,4.688416004180908,Time stop (5 bars),6,0.016216138560557036,0.01403342560497136,1403.3425590937936,101403.3425590938
OXY,1998-08-14,4.762142181396484,9.412075689129821,0.29679059982299805,0.22727280030204927,1.0768000181555195,Hammer,1998-08-21,4.748651504516602,1998-10-02,4.919647693634033,RSI > 90,6,0.036009420559666605,0.033867899017095415,3434.3181623530045,104837.66072144681
OXY,2002-07-26,6.43060827255249,1.277470978728914,0.552670955657959,0.10280362542977563,1.4317081149726039,Hammer,2002-08-02,6.520998477935791,2002-08-23,7.437811851501465,RSI > 90,3,0.14059401741432231,0.1389539664515068,14567.608776174762,119405.26949762156
OXY,2003-07-18,8.683414459228516,6.185691858376018,0.7641410827636719,0.3496505503831465,2.248563568815184,Hammer,2003-07-25,8.723492622375488,2003-09-05,9.172358512878418,Time stop (5 bars),6,0.05145483694817399,0.050279688543001876,6003.659754729955,125408.92925235152
OXY,2011-08-12,52.88359451293945,4.283139685170127,4.914348602294922,0.25284432497300635,1.1146891058862476,Hammer,2011-08-19,53.22529602050781,2011-09-30,45.5135498046875,Time stop (5 bars),6,-0.14488874261683693,-0.14506299594586866,-18192.1949775174,107216.73427483412
OXY,2014-10-17,59.86506652832031,1.922355194118083,6.741252899169922,0.3909547363340103,2.592341931383861,Hammer,2014-10-24,59.71601104736328,2014-12-05,54.60297393798828,Time stop (5 bars),6,-0.08562254945863068,-0.08578282617003988,-9197.354469620099,98019.37980521402
OXY,2017-05-05,47.26155471801758,7.989762001302452,3.442890167236328,0.2727268698208265,1.5263724333827935,Hammer,2017-05-12,47.152008056640625,2017-06-23,48.86552429199219,RSI > 90,6,0.036340260064708696,0.036124349392680964,3540.886319796562,101560.26612501059
PAC-199703,1991-01-11,18.02842903137207,7.532016285903055,0.9433479309082031,0.16666666666666666,1.0045109251044884,Hammer,1991-01-18,17.713979721069336,1991-03-01,17.818796157836914,Time stop (5 bars),6,0.0059171591261848455,0.005351122821977937,535.1122816626814,100535.11228166267
PAS-201002,1990-07-27,5.258629322052002,1.9609423066297182,0.3470163345336914,0.3846163359194005,1.1728831453459019,Hammer,1990-08-03,5.258629322052002,1990-09-14,4.350979804992676,Time stop (5 bars),6,-0.17260191990584095,-0.1743377925977478,-17433.779242341,82566.220757659
PAYC,2026-02-13,124.62942504882812,4.823047069406002,28.1363525390625,0.2785437084857241,2.095809884283629,Hammer,2026-02-20,123.89344787597656,2026-04-02,117.55921173095703,Time stop (5 bars),6,-0.05112648209904058,-0.05120513011890312,-5120.513006769799,94879.4869932302
PAYX,1999-05-28,9.204816818237305,4.452740702675271,1.087489128112793,0.2500002192376668,1.2272723717455352,Hammer,1999-06-04,9.088299751281738,1999-07-16,10.253466606140137,RSI > 90,6,0.12820515242073438,0.12703494731882917,12703.494719179424,112703.49471917942
PAYX,2006-06-02,19.095470428466797,0.6416402383755297,0.9636974334716797,0.3915349674916626,1.091257380129014,Hammer,2006-06-09,19.57986831665039,2006-07-21,18.718149185180664,Time stop (5 bars),6,-0.044010466134592696,-0.04450982857661698,-5016.413224919919,107687.08149425949
PAYX,2011-08-12,16.489835739135742,1.9037061557950494,1.051487922668457,0.2823525143642325,1.3545126836957868,Hammer,2011-08-19,16.60735511779785,2011-09-30,16.279537200927734,Time stop (5 bars),6,-0.019739321195028747,-0.020335341646302168,-2189.853590889097,105497.22790337038
PAYX,2015-07-02,33.83552169799805,6.366886728099303,2.7057018280029297,0.1679779664971764,2.3545022174851455,Hammer,2015-07-10,33.72544860839844,2015-08-21,34.490074157714844,Time stop (5 bars),6,0.022672064594153385,0.022372235782494563,2360.2088546935584,107857.43675806394
PBCT-202204,2016-07-01,11.383454322814941,3.077734293955004,0.6837844848632812,0.29545467224546723,1.150389596665341,Hammer,2016-07-08,11.235818862915039,2016-08-19,12.093265533447266,Time stop (5 bars),6,0.07631367869077321,0.0753901188932121,7539.0118817821985,107539.0118817822
PBCT-202204,2020-03-13,11.62518310546875,4.76710963369959,2.7526187896728516,0.331691109471197,3.080740980582552,Hammer,2020-03-20,10.278252601623535,2020-05-01,10.883919715881348,Time stop (5 bars),6,0.05892705090378314,0.05792594399205635,6229.298772995899,113768.3106547781
PBG-201002,2008-06-20,28.71234893798828,1.7011708145174538,2.3046703338623047,0.37916645631795126,1.4837678813726243,Hammer,2008-06-27,28.76036262512207,2008-08-08,27.444780349731445,Time stop (5 bars),6,-0.04574289596200953,-0.04608258524900138,-4608.25852029188,95391.74147970811
PBI,1990-07-27,2.545907974243164,4.201194108106208,0.14844942092895508,0.29999903636439557,1.0960485875028554,Hammer,1990-08-03,2.545907974243164,1990-09-14,2.273590564727783,Time stop (5 bars),6,-0.10696278587851715,-0.11067330235585725,-11067.330224518395,88932.66977548161
PBI,1992-06-12,3.7765486240386963,2.6279737880713583,0.27974438667297363,0.388888746843394,1.5515075364260895,Hammer,1992-06-19,3.761007308959961,1992-07-24,4.009668827056885,RSI > 90,5,0.06611566999737817,0.06337255839336998,5635.890802789108,94568.56057827073
PBI,1994-10-28,4.370543956756592,4.3467767934449455,0.7529778480529785,0.282608736952294,2.9413045163526665,Hammer,1994-11-04,4.386912822723389,1994-12-16,4.20592737197876,Time stop (5 bars),6,-0.04125576642580131,-0.04348571077196403,-4112.381069315261,90456.17950895547
PBI,1999-08-13,17.369245529174805,4.276514780421948,1.5573692321777344,0.38823529411764707,1.2802685673252083,Hammer,1999-08-20,17.295957565307617,1999-09-17,19.12134552001953,RSI > 90,4,0.10553841542565379,0.10492991199239632,9491.558945551544,99947.738454507
PBI,2002-07-26,12.19244384765625,3.6338213883822448,1.1566848754882812,0.1492960510259945,1.451820273188866,Hammer,2002-08-02,12.283676147460938,2002-09-13,11.363289833068848,Time stop (5 bars),6,-0.07492759523640935,-0.07571086610369528,-7567.129835929205,92380.60861857778
PBI,2011-08-12,9.10495376586914,3.096070074490086,0.7054595947265625,0.22692665412151494,1.4333385432369508,Hammer,2011-08-19,9.14810562133789,2011-09-23,9.641949653625488,RSI > 90,5,0.05398320184844718,0.052861187481509204,4883.348666959217,97263.95728553699
PBY-201602,1995-10-13,17.930858612060547,2.09516994860266,1.6218852996826172,0.27777758177659395,1.2975831230647383,Hammer,1995-10-20,17.84075355529785,1995-12-01,18.111068725585938,Time stop (5 bars),6,0.015151555647592962,0.014586953108001672,1458.6953093414718,101458.69530934146
PBY-201602,1996-07-19,22.63835906982422,3.7286283331987704,3.078817367553711,0.2058819703045558,2.0453524236833114,Hammer,1996-07-26,22.63835906982422,1996-08-30,24.8116397857666,RSI > 90,5,0.09599992248728206,0.0955370936472623,9693.068865404537,111151.76417474601
PBY-201602,1998-09-04,10.69388198852539,0.8556290663712645,1.9820556640625,0.27906989052780684,1.7456574162242189,Hammer,1998-09-11,11.154825210571289,1998-10-23,11.530783653259277,Time stop (5 bars),6,0.03370366057656349,0.03279248875164546,3644.9429727809647,114796.70714752699
PCAR,1994-06-17,0.8957364559173584,3.1420605351476496,0.06815385818481445,0.35714323195432696,1.1110352818729068,Hammer,1994-06-24,0.8908683657646179,1994-07-29,0.9784947037696838,RSI > 90,5,0.09836058992829733,0.08664926787409488,8664.92677874456,108664.92677874456
PCAR,2015-10-02,23.107728958129883,3.4023277398930105,1.4026203155517578,0.34810036212718104,1.1068977320177318,Hammer,2015-10-09,23.320785522460938,2015-11-20,22.282751083374023,Time stop (5 bars),6,-0.04451112669799018,-0.044930295619744036,-4882.347278784486,103782.57949996008
PCAR,2016-07-01,24.0292911529541,4.932989497642396,1.9839000701904297,0.3528042033005331,1.3222462478328687,Hammer,2016-07-08,23.94585609436035,2016-07-29,25.42914581298828,RSI > 90,3,0.06194348252920756,0.06151302954781825,6383.98087294586,110166.56037290594
PCG,1992-09-18,12.151346206665039,4.418646526967663,0.3827199935913086,0.3750009344373815,1.0618873641160262,Hammer,1992-09-25,12.199186325073242,1992-11-06,12.151346206665039,Time stop (5 bars),6,-0.003921582729651152,-0.004739367039109575,-473.9367034370209,99526.06329656298
PCG,1994-05-13,9.878881454467773,0.07482040283949232,0.6759233474731445,0.23077020756056024,1.1185263292742136,Hammer,1994-05-20,9.878881454467773,1994-07-01,9.86133098602295,Time stop (5 bars),6,-0.0017765643332916525,-0.0027874138891427922,-277.420330887124,99248.64296567584
PCG,2008-09-26,26.682058334350586,9.65550952218075,1.835103988647461,0.39040642412664495,1.2706481948257504,Hammer,2008-10-03,26.41078758239746,2008-11-14,25.443944931030273,Time stop (5 bars),6,-0.03660786897591717,-0.036979501304671286,-3670.165318365899,95578.47764730995
PCG,2017-10-20,57.03322219848633,5.707875889774229,9.531818389892578,0.229576153125474,3.189956573510017,Hammer,2017-10-27,56.91493606567383,2017-12-08,53.50437545776367,Time stop (5 bars),6,-0.059923823932170106,-0.06009424543210198,-5743.7164880204,89834.76115928956
PCG,2025-01-17,16.825590133666992,6.225065880437597,1.5233049392700195,0.3051948255213012,1.5712234851921956,Hammer,2025-01-24,16.954179763793945,2025-03-07,16.123287200927734,Time stop (5 bars),6,-0.04900812510202357,-0.04958332741194405,-4454.306371080542,85380.45478820901
PCH-202601,1991-12-13,4.237627983093262,2.071788483563253,0.393831729888916,0.24,1.565647558198445,Hammer,1991-12-20,4.253381252288818,1992-01-10,4.946524620056152,RSI > 90,3,0.16296290566342764,0.1604232517697081,16042.325160928485,116042.32516092848
PCH-202601,1994-03-31,5.686321258544922,0.7554599801314339,0.2885599136352539,0.3529415652875136,1.1792915736386302,Hammer,1994-04-08,5.635398864746094,1994-05-20,5.433600425720215,Time stop (5 bars),6,-0.03580907826920443,-0.03755025914030173,-4357.419376678601,111684.90578424989
PCH-202601,1995-11-17,5.837294578552246,6.273146536907575,0.23640155792236328,0.23076829981644714,1.2743876044593574,Hammer,1995-11-24,5.837294578552246,1996-01-05,5.837294578552246,Time stop (5 bars),6,0.0,-0.001711656244912946,-191.1661662569592,111493.73961799292
PCH-202601,1996-07-19,5.489837169647217,0.6526584481707687,0.44512176513671875,0.375,1.9064723148142628,Hammer,1996-07-26,5.489837169647217,1996-08-30,5.7754716873168945,RSI > 90,5,0.052029688466704194,0.050162454165566125,5592.799597742334,117086.53921573526
PCI-199407,1990-07-13,39.88947677612305,2.16610748591026,2.4783401489257812,0.3333338464048565,1.0742961026969313,Hammer,1990-07-20,40.8336067199707,1990-08-31,33.75263595581055,Time stop (5 bars),6,-0.17341036790406827,-0.1736340030594767,-17363.40028858427,82636.59971141572
PCL-201602,2002-10-11,11.815240859985352,0.27906095547868404,1.706954002380371,0.24104195218538096,2.057943934608302,Hammer,2002-10-18,11.815240859985352,2002-11-22,13.536312103271484,RSI > 90,5,0.1456653540694952,0.14475773070568831,14475.773056093058,114475.77305609306
PCL-201602,2010-05-28,27.914609909057617,7.660640855235457,2.120302200317383,0.30451158594124583,1.0824958827979223,Hammer,2010-06-04,27.691421508789062,2010-07-16,28.329105377197266,Time stop (5 bars),6,0.02302820995324506,0.022662995225178024,2594.3638955744364,117070.13695166749
PCL-201602,2016-01-22,40.4900016784668,4.254621907065186,3.700000762939453,0.3756754332515751,1.5271305072384753,Hammer,2016-01-29,40.43000030517578,2016-02-19,36.540000915527344,End of data,3,-0.09621566560192296,-0.0964510785263733,-11291.540960927017,105778.59599074046
PCLB-199310,1990-04-12,36.5,4.194783334078139,2.75,0.2727272727272727,1.0490367582810172,Hammer,1990-04-20,37.375,1990-06-01,35.5,Time stop (5 bars),6,-0.050167224080267525,-0.05042803638309256,-5042.803633266452,94957.19636673355
PCLB-199310,1990-08-24,32.625,1.3699313594117655,3.25,0.3076923076923077,1.0701850430743634,Hammer,1990-08-31,33.75,1990-10-12,29.625,Time stop (5 bars),6,-0.12222222222222223,-0.12250037031550878,-11632.291707415054,83324.9046593185
PCLB-199310,1992-12-24,36.375,8.252097973693651,4.0,0.28125,1.25120993355928,Hammer,1992-12-31,36.5,1993-02-12,37.0,Time stop (5 bars),6,0.013698630136986356,0.013422818791946284,1118.4550949797776,84443.35975429828
PCP-201601,2010-06-11,108.54132080078125,4.8578719654786795,8.110954284667969,0.20515953529190994,1.0369604323440833,Hammer,2010-06-18,109.5975341796875,2010-07-30,118.58535766601562,Time stop (5 bars),6,0.08200753377892966,0.08191255387954328,8191.255379763072,108191.25537976308
PCP-201601,2012-08-03,155.94873046875,9.157939923930911,8.0943603515625,0.2946979293911837,1.037916982330373,Hammer,2012-08-10,156.60745239257812,2012-09-21,160.87933349609375,Time stop (5 bars),6,0.027277636142161388,0.027212913394858543,2944.1992597863173,111135.4546395494
PCP-201601,2014-01-31,254.48973083496094,7.542605093087417,9.929855346679688,0.32394435454996673,1.0425666426255096,Hammer,2014-02-07,254.2699432373047,2014-03-21,252.9304962158203,Time stop (5 bars),6,-0.005267815001768761,-0.005307038925282561,-589.8001831612628,110545.65445638815
PD-200703,1991-12-13,10.717446327209473,1.9438075803901285,0.749180793762207,0.1666668788260289,1.2182561651949895,Hammer,1991-12-20,10.675825119018555,1992-01-31,12.590398788452148,Time stop (5 bars),6,0.1793373016220412,0.1783170914428942,17831.70912645771,117831.7091264577
PD-200703,1996-01-12,21.87213706970215,3.229948439823005,1.4365177154541016,0.29032236649056165,1.121434089806623,Hammer,1996-01-19,21.87213706970215,1996-02-09,23.67936897277832,RSI > 90,3,0.08262712954462947,0.08215114698738049,9680.01004654188,127511.7191729996
PD-200703,2002-07-26,15.112939834594727,5.364716170414411,2.4460506439208984,0.28779626257861024,1.8159297986927923,Hammer,2002-08-02,15.505021095275879,2002-09-13,13.009961128234863,Time stop (5 bars),6,-0.16091948225734554,-0.16151235073458542,-20594.71748924476,106917.00168375485
PDCO-202504,2011-08-12,19.323305130004883,2.260333686796855,1.6235847473144531,0.2622957945363511,1.6018038643530303,Hammer,2011-08-19,19.396499633789062,2011-09-30,18.78432846069336,Time stop (5 bars),6,-0.03156090968234748,-0.03206820013088819,-3206.820009881999,96793.179990118
PDCO-202504,2017-07-14,32.30290222167969,9.017200877054478,1.5314769744873047,0.3904301095356411,1.023362650964717,Hammer,2017-07-21,32.31778335571289,2017-09-01,28.08268165588379,Time stop (5 bars),6,-0.13104555016086683,-0.13133465806801578,-12712.299184605756,84080.88080551226
PDG-200603,1997-10-31,14.368828773498535,7.762633676888726,2.6072463989257812,0.37777772087892153,1.7448975984686728,Hammer,1997-11-07,14.716461181640625,1997-12-19,10.31116008758545,Time stop (5 bars),6,-0.29934513737249313,-0.29992274812785363,-29992.274782793087,70007.7252172069
PEG,1994-05-13,3.0082383155822754,9.672295482146566,0.2423698902130127,0.3529416972514517,1.6680129023852412,Hammer,1994-05-20,2.99398136138916,1994-07-01,2.9370789527893066,Time stop (5 bars),6,-0.01900559881022501,-0.022308377591537837,-2230.837756922946,97769.16224307707
PEG,2001-09-28,8.064003944396973,2.8746702127199057,0.5287566184997559,0.16129023530886485,1.1441632759743448,Hammer,2001-10-05,8.111383438110352,2001-11-16,7.978720188140869,Time stop (5 bars),6,-0.016355194028453868,-0.01757719445579776,-1718.5075748084982,96050.65466826857
PEL-199706,1992-11-27,14.865937232971191,3.786138586246196,1.1849660873413086,0.2727272727272727,1.3717907586986202,Hammer,1992-12-04,14.865937232971191,1993-01-15,15.189109802246094,Time stop (5 bars),6,0.021739131829383584,0.021059369989172478,2105.9369968113106,102105.93699681132
PEL-199706,1993-11-19,19.315479278564453,9.148655722764062,1.4514503479003906,0.23076882643125032,1.040709775958042,Hammer,1993-11-26,19.315479278564453,1994-01-07,20.990232467651367,Time stop (5 bars),6,0.08670523598891422,0.08616521179854546,8797.979678421205,110903.91667523253
PEP,1990-08-03,5.066858291625977,9.140108910865521,0.4075455665588379,0.34688920479474894,1.7321092924979062,Hammer,1990-08-10,4.742379665374756,1990-09-21,4.8614726066589355,Time stop (5 bars),6,0.025112485648018712,0.022979611696080312,2297.96116731007,102297.96116731007
PEP,1998-09-04,15.169365882873535,0.5025184763879622,2.635486602783203,0.3720933682840795,1.74811554387201,Hammer,1998-09-11,16.150012969970703,1998-10-16,15.878056526184082,RSI > 90,5,-0.016839394760381654,-0.01745318585077762,-1785.4253266232695,100512.53584068682
PEP,2002-07-05,24.909652709960938,3.620995172679642,1.3878974914550781,0.38432890176429035,1.3342564642514343,Hammer,2002-07-12,25.142696380615234,2002-08-23,22.786376953125,Time stop (5 bars),6,-0.09371784918450243,-0.09409686643561836,-9457.914650648498,91054.6211900383
PEP,2005-07-08,29.062950134277344,6.954956153253022,0.9446964263916016,0.23563224192548654,1.167868334148681,Hammer,2005-07-15,29.399566650390625,2005-08-26,29.899059295654297,Time stop (5 bars),6,0.016989796183170425,0.01664682398089923,1515.7702500822547,92570.39144012057
PEP,2014-02-07,54.99195098876953,8.650370806735594,1.5286979675292969,0.13004474233852956,1.0742447749363142,Hammer,2014-02-14,54.957672119140625,2014-03-14,56.2992057800293,RSI > 90,4,0.024410307226630845,0.02422614493710111,2242.6237176699215,94813.01515779049
PEP,2015-08-28,66.87812042236328,8.926806675128404,12.8636474609375,0.16064455441786313,4.668582001972488,Hammer,2015-09-04,66.45624542236328,2015-10-16,71.30210876464844,RSI > 90,6,0.07291810290345513,0.07276215351597903,6898.799157325202,101711.81431511568
PEP,2017-10-06,84.18746185302734,1.6319151692067067,3.6603240966796875,0.22499927047769122,1.8602143244678893,Hammer,2017-10-13,84.33234405517578,2017-11-24,87.50463104248047,RSI > 90,6,0.03761649249579935,0.03749569093894911,3813.754750585603,105525.56906570129
PEP,2026-01-09,137.22775268554688,8.135655136391605,5.6887969970703125,0.3275834783984808,1.0116883302171582,Hammer,2026-01-16,137.22775268554688,2026-02-13,166.25045776367188,RSI > 90,4,0.2114929707012665,0.21141239616904206,22309.413390972237,127834.98245667353
PET-199806,1990-09-28,24.665851593017578,4.446805715955733,1.1866741180419922,0.35714343118077535,1.1011942550066633,Hammer,1990-10-05,24.665851593017578,1990-11-09,25.546199798583984,RSI > 90,5,0.035690971473112176,0.03527840140762458,3527.840137234618,103527.84013723463
PFE,1999-05-28,12.541435241699219,4.7419158055201365,1.179422378540039,0.335403334966694,1.1368466176483039,Hammer,1999-06-04,12.658644676208496,1999-07-16,13.23004150390625,Time stop (5 bars),6,0.045138862991523476,0.04433137868693226,4433.1378642600885,104433.13786426009
PFE,2001-03-23,13.406801223754883,5.906552169391361,1.4682111740112305,0.2822385518706671,1.266238978395619,Hammer,2001-03-30,13.664007186889648,2001-05-04,15.367988586425781,RSI > 90,5,0.12470583308614391,0.12392863478489365,12942.25618887808,117375.39405313818
PFE,2015-08-28,19.30167007446289,8.008488864218506,3.0435867309570312,0.32038846511534635,3.4592172686318015,Hammer,2015-09-04,19.331218719482422,2015-10-16,19.638532638549805,Time stop (5 bars),6,0.01589728632875409,0.015376011379506272,1804.7653928303198,119180.15944596851
PFE,2016-01-29,18.1646671295166,3.9875600657265124,0.8489570617675781,0.36491289558703927,1.0245246165102468,Hammer,2016-02-05,18.07530403137207,2016-03-18,18.21490478515625,Time stop (5 bars),6,0.007723286620345826,0.007168062747136495,854.2908602681437,120034.45030623667
PFG,2014-02-07,27.879840850830078,3.6255607857348906,1.5962467193603516,0.08031970634238786,1.3659607325388687,Hammer,2014-02-14,27.886249542236328,2014-03-14,30.486873626708984,RSI > 90,4,0.09325829493613935,0.0928830413477753,9288.304125489227,109288.30412548922
PFG,2014-10-17,32.24837112426758,4.084782955922705,2.2082557678222656,0.15088766084912097,1.6730635060642327,Hammer,2014-10-24,31.862905502319336,2014-11-28,35.090354919433594,RSI > 90,5,0.10129174870381252,0.10096206093243539,11033.972409286202,120322.27653477542
PFG,2016-01-22,25.779308319091797,9.70910093701093,2.458650588989258,0.21760905975837852,1.249981816551568,Hammer,2016-01-29,25.65061378479004,2016-03-11,26.652278900146484,Time stop (5 bars),6,0.03905033710929762,0.03865294838295224,4650.810739567169,124973.0872743426
PG,1991-10-25,4.365673542022705,4.0791689973233645,0.20725250244140625,0.32257960611080433,1.4673678576864075,Hammer,1991-11-01,4.372359275817871,1991-12-13,4.4459004402160645,Time stop (5 bars),6,0.016819561193181398,0.01451586684904248,1451.5866834526614,101451.58668345265
PG,1994-03-31,6.0174431800842285,2.916953071866743,0.3936643600463867,0.35714303018263654,1.380872144170733,Hammer,1994-04-08,5.862789154052734,1994-05-20,6.179535388946533,Time stop (5 bars),6,0.05402654377820215,0.052276287855697184,5303.512343577875,106755.09902703052
PG,1996-07-19,10.149477005004883,8.057775186243987,0.5756168365478516,0.2650742737475521,1.2751525638976315,Hammer,1996-07-26,10.104961395263672,1996-08-09,10.713335990905762,RSI > 90,2,0.060205533880341555,0.059186635066916994,6318.475081326966,113073.5741083575
PG,2007-03-16,35.567317962646484,3.53259059575295,1.1430511474609375,0.39899013496015273,1.1705020527085397,Hammer,2007-03-23,35.630821228027344,2007-05-04,36.77958297729492,Time stop (5 bars),6,0.03224067561945376,0.03195553547035839,3613.3266045664905,116686.90071292398
PG,2010-05-07,37.92038345336914,7.547823712918969,14.756946563720703,0.10779706057601957,7.152755412292141,Hammer,2010-05-14,38.712615966796875,2010-06-25,38.80693054199219,Time stop (5 bars),6,0.0024362749155522057,0.0021776799291469457,254.10672142279023,116941.00743434676
PG,2013-08-30,54.310482025146484,6.918412599626549,4.441623687744141,0.32810120711644747,2.408769192089227,Hammer,2013-09-06,54.575443267822266,2013-10-18,54.39415740966797,Time stop (5 bars),6,-0.003321747791669938,-0.0035046593010554673,-409.8383889697416,116531.16904537701
PGL-200702,1993-10-08,15.099785804748535,3.211754612021153,0.8388767242431641,0.14285730526382803,1.4914297237210405,Hammer,1993-10-15,15.099785804748535,1993-11-26,13.661710739135742,Time stop (5 bars),6,-0.09523811027574658,-0.09586862629707452,-9586.862620120588,90413.13737987942
PGL-200702,2004-05-14,34.70262145996094,1.7116532687235804,1.2897720336914062,0.20805605342703176,1.1788292211632154,Hammer,2004-05-21,34.72859191894531,2004-06-18,36.55504608154297,RSI > 90,4,0.052592231981662296,0.05229675545323825,4728.313730587275,95141.45111046669
PGN-201207,1993-05-21,11.185005187988281,9.29179739155596,0.44561767578125,0.29999957197644156,1.2854354463055724,Hammer,1993-05-28,11.140443801879883,1993-07-09,11.734090805053711,Time stop (5 bars),6,0.05328755422415532,0.05236642107292174,5236.642102055532,105236.64210205553
PGN-201207,1993-10-15,11.69726276397705,6.024485669962758,0.5026168823242188,0.2727272727272727,1.4137362307504742,Hammer,1993-10-22,11.605877876281738,1993-12-03,10.73772144317627,Time stop (5 bars),6,-0.07480316804639742,-0.07563221682826697,-7959.280525782113,97277.36157627341
PGN-201207,2003-02-14,23.580862045288086,3.555961225574137,1.7343254089355469,0.31724122003418065,1.083301066411851,Hammer,2003-02-21,23.68252944946289,2003-04-04,23.622724533081055,Time stop (5 bars),6,-0.0025252757104961,-0.0029469057349676532,-286.667214424975,96990.69436184844
PGN-201207,2004-04-16,28.642112731933594,9.623927605419013,1.5621776580810547,0.3795924696379014,1.7148975044242132,Hammer,2004-04-23,28.642112731933594,2004-06-04,27.41787338256836,Time stop (5 bars),6,-0.042742634275030555,-0.04308424939415975,-4178.771260619831,92811.9231012286
PGR,1998-09-04,4.413492202758789,0.25455135636006787,0.5117092132568359,0.2916668219753022,1.4852796840564975,Hammer,1998-09-11,4.456134796142578,1998-10-23,5.445488452911377,Time stop (5 bars),6,0.22202058555886284,0.21953016474992407,21953.01645303939,121953.01645303938
PH,1995-09-29,10.239789962768555,9.526585885807279,0.8084049224853516,0.12500088477409949,1.6168893579197134,Hammer,1995-10-06,10.239789962768555,1995-11-17,9.53243637084961,Time stop (5 bars),6,-0.06907891611945682,-0.07002130785754912,-7002.13077875278,92997.86922124721
PH,1996-07-19,9.913435935974121,4.458586783205249,1.264817237854004,0.378378398756802,2.1071172045203608,Hammer,1996-07-26,9.708330154418945,1996-09-06,10.648577690124512,RSI > 90,6,0.09684956328742,0.09577019630928156,8906.424182757317,101904.29340400452
PH,2000-06-16,17.140949249267578,9.389310117841504,3.03452205657959,0.3963962718189324,1.582101384863737,Hammer,2000-06-23,17.113611221313477,2000-08-04,15.801385879516602,Time stop (5 bars),6,-0.07667729065637618,-0.07723905430778413,-7870.991244557283,94033.30215944724
PH,2002-10-11,16.877229690551758,5.070365160705322,1.6936254501342773,0.2895452715391394,1.154077626790262,Hammer,2002-10-18,16.845447540283203,2002-10-25,18.89323616027832,RSI > 90,1,0.12156332534936554,0.12093379805631373,11371.804362547118,105405.10652199434
PH,2006-06-16,35.63558578491211,6.4559236143484355,2.0204505920410156,0.22037802393660708,1.0722485332708755,Hammer,2006-06-23,35.764854431152344,2006-08-04,34.496089935302734,Time stop (5 bars),6,-0.035475175728507224,-0.03574978193749415,-3768.2095694914306,101636.89695250292
PH,2012-07-13,58.608787536621094,6.128341467955465,4.584014892578125,0.3979230605356537,1.0887293233125215,Hammer,2012-07-20,57.47467803955078,2012-08-31,65.31269073486328,Time stop (5 bars),6,0.13637332061118856,0.13618748333847971,13841.673196452102,115478.57014895501
PH,2022-02-25,282.15081787109375,3.3777399467153657,20.69805908203125,0.19304694250067087,1.1734040370947418,Hammer,2022-03-04,277.691162109375,2022-04-14,259.3412780761719,Time stop (5 bars),6,-0.06608018740609256,-0.0661150081936379,-7634.866603952883,107843.70354500214
PHA-200304,1990-08-24,5.532168388366699,3.122146118776584,0.5165581703186035,0.29032281886567074,1.432336766972348,Hammer,1990-08-31,5.732126235961914,1990-10-12,5.815442085266113,Time stop (5 bars),6,0.014534894361100559,0.01277919402306931,1277.9194010290116,101277.91940102901
PHA-200304,1996-07-19,23.304153442382812,3.001777741247537,3.4300479888916016,0.352941307310715,2.1350163109670945,Hammer,1996-07-26,22.698850631713867,1996-08-30,25.747087478637695,RSI > 90,5,0.13429036105753123,0.13382033278002045,13553.044863960746,114830.96426498974
PHA-200304,1999-12-17,37.775428771972656,8.126161006439972,3.506103515625,0.3548379726342177,1.0172612485939403,Hammer,1999-12-23,36.022377014160156,2000-02-04,32.57282257080078,Time stop (5 bars),6,-0.09576143301157991,-0.09602570961520838,-11026.72481831755,103804.2394466722
PHB-199910,1999-03-05,22.635812759399414,8.592552565303691,2.6046676635742188,0.1666664225730011,1.0917252665377684,Hammer,1999-03-12,22.51177978515625,1999-03-19,36.589393615722656,RSI > 90,1,0.6253443292763934,0.6247613541897409,62476.13535649795,162476.13535649795
PHM,1990-08-24,0.6298931837081909,2.2294102996086878,0.08165282011032104,0.14285714285714285,1.173793508517472,Hammer,1990-08-31,0.6648872494697571,1990-10-12,0.6559367775917053,Time stop (5 bars),6,-0.013461638623976757,-0.02828904698970138,-2828.904696141233,97171.09530385876
PHM,1991-06-21,1.2745311260223389,8.921110525343352,0.15341579914093018,0.2307689916818512,1.221282080487732,Hammer,1991-06-28,1.2627298831939697,1991-08-09,1.2627298831939697,Time stop (5 bars),6,0.0,-0.007888115703958636,-766.4968420707328,96404.59846178802
PHM,2004-04-23,19.86272430419922,3.0966855690224833,1.4225845336914062,0.3815020299151029,1.0152267426768329,Hammer,2004-04-30,19.920284271240234,2004-06-10,21.42098617553711,Time stop (5 bars),6,0.07533536589452705,0.07481458653257571,7212.470166545185,103617.0686283332
PIN-199410,1994-05-13,20.34083366394043,4.681216944387259,1.6026115417480469,0.3846149268652631,1.617925447806743,Hammer,1994-05-20,20.21755599975586,1994-07-01,20.464111328125,Time stop (5 bars),6,0.012195110446194368,0.011697597888812713,1169.7597877115113,101169.75978771152
PKG,2020-03-13,70.13682556152344,7.256690216599097,15.61446762084961,0.29130329306449,2.780924201268335,Hammer,2020-03-20,61.723060607910156,2020-05-01,71.8993911743164,Time stop (5 bars),6,0.16487080300587187,0.16469544752072593,16469.54473560305,116469.54473560305
PLD,2011-08-12,17.601688385009766,4.011397688613414,2.016331672668457,0.18867915604246746,1.270300490919082,Hammer,2011-08-19,17.677776336669922,2011-09-30,16.56525421142578,Time stop (5 bars),6,-0.06293337488020923,-0.06348110182880576,-6348.110176532466,93651.88982346753
PLD,2013-06-14,26.1173152923584,4.144152734561132,1.4999809265136719,0.32579200480149334,1.2564515399944114,Hammer,2013-06-21,26.415952682495117,2013-07-26,27.38652801513672,RSI > 90,5,0.03674201511137487,0.0363565744273112,3404.8618992203847,97056.7517226879
PLD,2016-01-22,28.526691436767578,6.172132504755794,2.099397659301758,0.32746488790203226,1.5669585644926618,Hammer,2016-01-29,28.56365203857422,2016-03-11,30.44867515563965,Time stop (5 bars),6,0.06599377119283534,0.06563218714462692,6370.046886342996,103426.79860903088
PLD,2018-12-28,47.52272415161133,1.3703374432888467,3.087474822998047,0.136842183297235,1.2601153837824797,Hammer,2019-01-04,47.62022399902344,2019-02-01,53.43767166137695,RSI > 90,4,0.12216338298771579,0.12194058473032274,12611.924286558635,116038.72289558951
PLD,2025-04-11,92.32903289794922,5.967720406533161,13.259765625,0.2127344095227574,1.9426028112023683,Hammer,2025-04-17,93.68186950683594,2025-05-23,104.39905548095703,RSI > 90,5,0.11439978760606473,0.1142869436291692,13261.710969107316,129300.43386469682
PLL-201508,1992-11-27,13.051268577575684,6.526822737136754,1.087606430053711,0.22222251450758393,1.3138609045598941,Hammer,1992-12-04,13.172113418579102,1993-01-15,12.487325668334961,Time stop (5 bars),6,-0.05198769009066195,-0.052726855129327635,-5272.685507660079,94727.31449233991
PLL-201508,2002-07-05,16.427486419677734,1.619281325842124,1.5617971420288086,0.35078523481326745,1.3959315058454236,Hammer,2002-07-12,16.353893280029297,2002-08-23,14.377686500549316,Time stop (5 bars),6,-0.12084014158837897,-0.1214144958023972,-11501.269116301293,83226.04537603862
PM,2012-11-16,44.24501419067383,4.620040153744739,2.1411399841308594,0.3114360389604605,1.3106168044242776,Hammer,2012-11-23,44.588844299316406,2013-01-04,43.54930877685547,Time stop (5 bars),6,-0.023313802786247062,-0.023535434967579646,-2353.543494404421,97646.45650559559
PMI-199911,1992-03-27,5.167319297790527,2.7049278445540637,0.31231021881103516,0.36363636363636365,1.3839391770626128,Hammer,1992-04-03,5.195711135864258,1992-04-24,5.7067646980285645,RSI > 90,3,0.09836065724221554,0.0963432786545337,9634.327855819043,109634.32785581905
PMI-199911,1994-03-04,9.602192878723145,8.941887572372636,0.6647672653198242,0.17777835161729494,1.5788416411923585,Hammer,1994-03-11,9.587420463562012,1994-04-22,8.2129487991333,Time stop (5 bars),6,-0.1433619887280978,-0.14432975177514332,-15823.495309641548,93810.83254617751
PNC,1994-10-07,9.190439224243164,2.4271501770213177,0.5828084945678711,0.3846157622328875,1.3946435834465392,Hammer,1994-10-14,9.235270500183105,1994-11-25,7.454164505004883,Time stop (5 bars),6,-0.1928591041424189,-0.19383696561077188,-19383.69654169349,80616.30345830652
PNC,2001-03-23,28.654428482055664,3.278563036256344,4.265016555786133,0.36847775387203685,1.9173210905086746,Hammer,2001-03-30,29.264047622680664,2001-05-11,30.188926696777344,Time stop (5 bars),6,0.03160461895161304,0.03125756211444812,2519.8691102653456,83136.17256857187
PNC,2002-06-28,25.221309661865234,6.425646930606504,1.6740245819091797,0.22766617559427166,1.2026996045874083,Hammer,2002-07-05,25.250255584716797,2002-08-16,20.947925567626953,Time stop (5 bars),6,-0.17038758291594924,-0.17074980701044448,-14195.485407475171,68940.68716109669
PNC,2016-01-22,61.507137298583984,6.500558526875821,3.7590103149414062,0.38931319400610104,1.1659581039954072,Hammer,2016-01-29,61.4569206237793,2016-03-11,62.066680908203125,Time stop (5 bars),6,0.00992175133792661,0.00975824182415458,672.7398961686306,69613.42705726532
PNC,2020-03-13,85.07633972167969,0.9767555820793064,14.386161804199219,0.35268131540610187,1.9518027294749216,Hammer,2020-03-20,72.51131439208984,2020-05-01,82.20150756835938,Time stop (5 bars),6,0.1336369814491547,0.13348986717567463,9292.687122225172,78906.1141794905
PNU-200003,1997-10-31,30.06920623779297,5.422498736759465,4.380161285400391,0.3783783430714846,1.9938499794579387,Hammer,1997-11-07,30.424354553222656,1997-12-19,33.50230407714844,Time stop (5 bars),6,0.10116729078151487,0.10082203743624477,10082.203733542272,110082.20373354226
PNW,2001-07-27,14.006628036499023,8.933194585664339,1.1304759979248047,0.32551312226355883,1.2276595268801866,Hammer,2001-08-03,14.048439025878906,2001-09-10,14.750860214233398,Time stop (5 bars),6,0.04999994569222599,0.049270586870546404,4927.058682127581,104927.0586821276
PNW,2001-09-28,13.279119491577148,1.272317800583906,0.9198389053344727,0.254546038914653,1.1997991760698508,Hammer,2001-10-05,13.279119491577148,2001-11-16,14.58734130859375,RSI > 90,6,0.09851721101285338,0.09772735165772517,10254.243551984804,115181.3022341124
PNW,2003-02-14,10.703822135925293,3.357510767712583,0.8644838333129883,0.3775936951516696,1.08225694728015,Hammer,2003-02-21,10.721757888793945,2003-03-28,11.66515827178955,RSI > 90,5,0.08798933838840162,0.08701607630864054,10022.62497450949,125203.92720862188
PNW,2014-08-08,33.8693962097168,3.3912966982844353,1.1805381774902344,0.18716454853605022,1.0619586551778488,Hammer,2014-08-15,33.88201904296875,2014-09-05,36.0095100402832,RSI > 90,3,0.06279115169070648,0.062486788661743065,7823.591331281827,133027.51853990371
PNW,2023-10-06,64.44406127929688,7.796508026843895,3.3620262145996094,0.25827636483289557,1.0770543707573195,Hammer,2023-10-13,64.07891082763672,2023-11-24,64.44085693359375,Time stop (5 bars),6,0.005648443478239118,0.0054919573635828075,730.5814592737911,133758.09999917753
PODD,2025-10-03,309.114990234375,5.839417139210212,31.58001708984375,0.3320142557019909,1.4984344662116043,Hammer,2025-10-10,310.8999938964844,2025-11-21,331.42999267578125,Time stop (5 bars),6,0.0660340919341813,0.06600086580188226,6600.08657358814,106600.08657358815
POOL,2025-04-11,303.23486328125,7.898863042671763,32.727783203125,0.27087327400356576,1.4809036013380594,Hammer,2025-04-17,305.17352294921875,2025-05-30,298.7247619628906,Time stop (5 bars),6,-0.021131456372777135,-0.02116387786372123,-2116.387784255735,97883.61221574427
PPG,1991-03-22,4.931306838989258,3.2953550011500568,0.40123462677001953,0.32258007011705986,1.2283799622906946,Hammer,1991-03-28,4.983078956604004,1991-05-10,5.026607990264893,Time stop (5 bars),6,0.008735369043912256,0.006721832984719945,672.1832977998113,100672.1832977998
PPG,1998-09-04,13.41478443145752,5.113909377389021,1.3526182174682617,0.3294122706886936,1.3242624449986797,Hammer,1998-09-11,13.49435043334961,1998-10-16,14.401400566101074,RSI > 90,5,0.06721702813570074,0.06645135535820589,6689.80302031873,107361.98631811854
PPG,2004-03-12,17.398359298706055,5.6315735081616225,1.0344314575195312,0.3965021941955231,1.5778409542189409,Hammer,2004-03-19,17.383281707763672,2004-04-30,18.719297409057617,RSI > 90,6,0.07685635680041125,0.0762591568033945,8187.334541169962,115549.32085928849
PPG,2005-09-30,18.628990173339844,1.8156736284090584,0.8497772216796875,0.34074177156093444,1.0993253409948103,Hammer,2005-10-07,18.660465240478516,2005-11-18,19.00124740600586,RSI > 90,6,0.01826225451164598,0.017721613753832393,2047.7204317382386,117597.04129102672
PPG,2021-07-23,146.87327575683594,7.255442055791974,14.234664916992188,0.33058486433990114,2.001689644341408,Hammer,2021-07-30,148.0452423095703,2021-09-10,135.251953125,Time stop (5 bars),6,-0.0864147269104324,-0.08647935312256283,-10169.716049805585,107427.32524122113
PPG,2022-03-11,109.6010513305664,0.33115243266365724,11.016624450683594,0.2627220352763317,1.316534358987932,Hammer,2022-03-18,111.18722534179688,2022-04-29,120.76808166503906,Time stop (5 bars),6,0.08616867894481595,0.08607486983754534,9246.793027886964,116674.11826910809
PPL,1999-12-03,3.4848270416259766,2.238851703952065,0.19940447807312012,0.3809530072468533,1.018456664961137,Hammer,1999-12-10,3.456340789794922,2000-01-21,3.524092674255371,Time stop (5 bars),6,0.019602200298214578,0.01668483052310812,1668.483050642329,101668.48305064232
PPL,2008-09-12,16.26115608215332,8.622154442293578,1.1724214553833008,0.26760633265900585,1.1127149311620401,Hammer,2008-09-19,16.10841178894043,2008-10-31,11.943012237548828,Time stop (5 bars),6,-0.2585853655821888,-0.2591257274426153,-26344.919602139977,75323.56344850233
PPL,2011-08-12,12.303836822509766,3.3473053697777004,0.7003717422485352,0.3243236250890191,1.5876347774956596,Hammer,2011-08-19,12.389017105102539,2011-09-30,13.73508071899414,Time stop (5 bars),6,0.10864975021603707,0.107799077777741,8119.810666561902,83443.37411506423
PPL,2012-11-16,14.373780250549316,6.481905180938497,0.4583091735839844,0.12087886934736106,1.2122293701728355,Hammer,2012-11-23,14.439252853393555,2013-01-04,14.333020210266113,Time stop (5 bars),6,-0.007357211914359896,-0.008046982028574307,-671.4673312360571,82771.90678382818
PPL,2013-06-14,15.218929290771484,4.102574638674582,0.5328969955444336,0.3333333333333333,1.1303574300587715,Hammer,2013-06-21,15.255500793457031,2013-08-02,16.326520919799805,Time stop (5 bars),6,0.07020550428617378,0.0695272154369723,5754.900189333312,88526.80697316148
PPL,2014-08-08,18.066328048706055,3.6372091344690034,0.7992973327636719,0.17123241906925468,1.3735577978685414,Hammer,2014-08-15,18.142972946166992,2014-09-05,18.903947830200195,RSI > 90,3,0.04194322982739007,0.04138064820026162,3663.2966519855663,92190.10362514704
PPL,2018-12-28,20.66970443725586,8.773716490930653,1.0207271575927734,0.2571423232521419,1.030386489944195,Hammer,2019-01-04,20.69157600402832,2019-02-01,22.39400291442871,RSI > 90,4,0.08227632878563496,0.08177328027935535,7538.687175183275,99728.79080033032
PPL,2022-10-14,21.58832359313965,2.968462622544763,1.418661117553711,0.357143913512874,1.0491674103604374,Hammer,2022-10-21,21.92316246032715,2022-11-18,24.055561065673828,RSI > 90,4,0.09726692529900904,0.0967887121954045,9652.621220716253,109381.41202104656
PPLI,2007-08-10,3.457348108291626,0.2854617341220944,0.3267383575439453,0.13953547765681096,1.399575099626262,Hammer,2007-08-17,3.4586145877838135,2007-09-28,3.544731855392456,Time stop (5 bars),6,0.02489935360615725,0.021976252172256246,2197.6252150279997,102197.62521502799
PRD-200110,1998-04-09,39.46528244018555,1.0718529241580939,5.40777587890625,0.34042575704563155,2.077102286412,Hammer,1998-04-17,40.04058074951172,1998-05-29,38.487281799316406,Time stop (5 bars),6,-0.03879311741037261,-0.039037989234664144,-3903.798919562616,96096.20108043737
PRGO,2015-10-02,120.67858123779297,1.6758016166266145,9.047325134277344,0.2821585511164556,1.0791684764848255,Hammer,2015-10-09,121.57205200195312,2015-11-20,112.55101013183594,Time stop (5 bars),6,-0.07420325413255557,-0.07428245480053347,-7428.2454726251035,92571.75452737488
PRU,2003-03-14,13.962959289550781,1.6593762617079193,1.4370841979980469,0.20462050365918724,1.6407102890134801,Hammer,2003-03-21,13.88707447052002,2003-05-02,14.968443870544434,Time stop (5 bars),6,0.07786876943160226,0.07712090820546177,7712.090812834087,107712.09081283408
PRU,2004-10-22,21.307096481323242,4.609482051051629,1.3605365753173828,0.32155449290844274,1.441965768622729,Hammer,2004-10-29,21.249404907226562,2004-11-12,23.874332427978516,RSI > 90,2,0.12352946034075796,0.12302990990177616,13251.8088147831,120963.89962761718
PRU,2011-03-18,32.79021453857422,6.147554048396756,3.174640655517578,0.279386407085686,1.7132621843414544,Hammer,2011-03-25,33.33103942871094,2011-05-06,34.51003646850586,Time stop (5 bars),6,0.03537234541744749,0.03506706434922538,4241.848847933043,125205.74847555024
PRU,2014-02-07,49.14158630371094,3.1077286438090397,3.091838836669922,0.26294282467640623,1.5119519557100278,Hammer,2014-02-14,49.100341796875,2014-03-14,52.2264518737793,RSI > 90,4,0.06366778646545512,0.06345765985692818,7945.263790948307,133151.01226649855
PRU,2014-10-17,48.660888671875,4.244699545120682,4.208152770996094,0.2624820739306454,1.7464518495481536,Hammer,2014-10-24,48.450782775878906,2014-12-05,51.30207443237305,Time stop (5 bars),6,0.05884923819876131,0.05863679201378042,7807.548204887455,140958.56047138598
PRU,2016-01-22,43.475120544433594,4.6374666253909,4.032047271728516,0.259259189178194,1.3507561053997994,Hammer,2016-01-29,43.2573356628418,2016-03-11,44.525028228759766,Time stop (5 bars),6,0.029305840188555976,0.02907130525082126,4097.849335082161,145056.40980646812
PSA,2018-08-03,154.3839111328125,7.9010764993845015,12.265289306640625,0.23941240430047597,1.9639032448155238,Hammer,2018-08-10,154.3839111328125,2018-09-21,150.6775665283203,Time stop (5 bars),6,-0.02400732419133822,-0.024071318187452097,-2407.1318163380784,97592.8681836619
PSA,2025-04-11,266.4796142578125,9.963139709859291,27.699249267578125,0.18531172292372933,1.8755709566070593,Hammer,2025-04-17,268.2096252441406,2025-05-23,292.249267578125,RSI > 90,5,0.08963005079367314,0.0895910963546882,8743.452048229388,106336.32023189131
PSKY,2002-07-26,14.723166465759277,2.4786332602842975,3.1075096130371094,0.37517262756025854,1.5165713408103487,Hammer,2002-08-02,15.66613483428955,2002-08-23,18.2164363861084,RSI > 90,3,0.16279073165110436,0.16210067609529386,16210.06759331932,116210.06759331931
PSKY,2004-08-13,14.101215362548828,8.025741501194446,1.405808448791504,0.19938647185361616,1.6928559282074662,Hammer,2004-08-20,14.351327896118164,2004-10-01,14.428264617919922,Time stop (5 bars),6,0.0053609479456300235,0.004662523890935734,541.8322159792756,116751.89980929859
PSKY,2016-09-23,41.12978744506836,9.019911876543219,2.4802284240722656,0.33876159876464407,1.2339868305468933,Hammer,2016-09-30,41.68722915649414,2016-10-14,44.76530075073242,RSI > 90,2,0.07383727958227149,0.07358857169095241,8591.605540579858,125343.50534987845
PSKY,2017-05-05,52.97040939331055,8.80788786768288,4.809581756591797,0.3040546381948647,2.256703536008497,Hammer,2017-05-12,53.067901611328125,2017-06-23,50.65855026245117,Time stop (5 bars),6,-0.04540129297975937,-0.0455854357953655,-5713.838309779099,119629.66704009935
PSX,2022-03-18,67.52737426757812,5.074200181391063,6.104557037353516,0.31039203935828447,1.1072379158748669,Hammer,2022-03-25,68.59052276611328,2022-05-06,74.31783294677734,Time stop (5 bars),6,0.08350002230182163,0.08334815378779296,8334.815370444481,108334.81537044447
PTC,1997-04-04,56.40625,0.5021413325484758,7.65625,0.30612244897959184,1.3154976601122788,Hammer,1997-04-11,53.4375,1997-05-23,58.59375,Time stop (5 bars),6,0.09649122807017552,0.09629508350095904,9629.508340466396,109629.50834046639
PTC,2005-11-18,15.075000762939453,3.9117550721365717,1.3999996185302734,0.3571422732604635,1.1880751226992892,Hammer,2005-11-25,15.149999618530273,2006-01-06,15.34999942779541,Time stop (5 bars),6,0.013201307874655788,0.012537104193181233,1374.4365673372217,111003.94490780361
PTC,2021-10-08,120.04000091552734,6.373824792081933,8.294998168945312,0.3562389973897256,1.0092817780404901,Hammer,2021-10-15,119.83000183105469,2021-10-29,128.5,RSI > 90,2,0.07235248298809949,0.07226601607729194,8021.8128593283545,119025.75776713196
PVH,2015-10-02,99.83727264404297,2.009224106773175,8.14013671875,0.3748491017335493,1.2793817326969523,Hammer,2015-10-09,100.22114562988281,2015-11-20,83.46841430664062,Time stop (5 bars),6,-0.1671576513913552,-0.1672490867317591,-16724.908656451,83275.09134354901
PVN-200509,1999-05-28,47.67380142211914,2.330109932808341,12.113189697265625,0.39763998236442655,1.9419758049822506,Hammer,1999-06-04,47.70487976074219,1999-07-16,50.781612396240234,Time stop (5 bars),6,0.0644951344795126,0.06427877519032221,6427.877512604344,106427.87751260435
PWR,2014-10-17,30.87242317199707,1.802216006655712,2.9911346435546875,0.3409836400087743,1.8674685140338527,Hammer,2014-10-24,30.627248764038086,2014-12-05,29.215042114257812,Time stop (5 bars),6,-0.04610948442220053,-0.04642841146713096,-4642.841142070254,95357.15885792974
PWR,2014-12-05,29.440603256225586,4.45041182339024,2.324258804321289,0.19409214487998747,1.2759493295798303,Hammer,2014-12-12,29.303302764892578,2015-01-23,25.90027618408203,Time stop (5 bars),6,-0.11613116132723489,-0.1164525495791895,-11104.584258529128,84252.5745994006
PX-201810,1996-07-19,12.908318519592285,8.575889548011773,0.8409318923950195,0.24999971648289088,1.1326454821671,Hammer,1996-07-26,12.78217887878418,1996-09-06,13.749251365661621,RSI > 90,6,0.07565787461186169,0.07484625779853339,7484.625772368714,107484.62577236872
PX-201810,2008-10-03,58.219669342041016,3.6976532132293016,5.297794342041016,0.2779465504019701,1.073888247616215,Hammer,2008-10-10,57.08328628540039,2008-11-21,46.7117805480957,Time stop (5 bars),6,-0.18169076120547922,-0.18185001534999004,-19546.08082704711,87938.54494532161
PX-201810,2010-05-21,63.91990280151367,5.77898421889941,5.977470397949219,0.3897366744992527,1.733005580166005,Hammer,2010-05-28,63.34785842895508,2010-07-09,64.74090576171875,Time stop (5 bars),6,0.021990440834333436,0.02183085920763366,1919.773991705707,89858.31893702732
PXD-202405,2011-08-12,59.920814514160156,8.574984559841468,6.961788177490234,0.3795788581971089,1.2608022728263233,Hammer,2011-08-19,60.18351745605469,2011-09-30,52.47224426269531,Time stop (5 bars),6,-0.12812932044043546,-0.12828482108729272,-12828.482095900788,87171.51790409921
PXD-202405,2017-05-05,131.52561950683594,5.475354767794997,8.832473754882812,0.360842712643281,1.0613348438654422,Hammer,2017-05-12,131.5333709716797,2017-06-23,123.22045135498047,Time stop (5 bars),6,-0.06320008036963531,-0.06327370146990147,-5515.664595026479,81655.85330907273
PXD-202405,2019-08-09,98.26094055175781,1.5721085407041357,10.198356628417969,0.28445918700938644,1.1544230313071657,Hammer,2019-08-16,97.65348052978516,2019-09-20,110.32452392578125,RSI > 90,5,0.12975516415035826,0.12964612317651777,10586.364805605346,92242.21811467808
PZE-199908,1995-07-07,22.30498504638672,6.859124010365875,0.8371829986572266,0.3571430198781113,1.2382359875558406,Hammer,1995-07-14,22.30498504638672,1995-08-25,21.348203659057617,Time stop (5 bars),6,-0.0428954059076625,-0.043334022202120695,-4333.4022158786665,95666.59778412135
Q-201103,2007-08-03,6.784560203552246,2.6695763101161702,0.5620818138122559,0.2676066852679613,1.4354130766758106,Hammer,2007-08-10,6.776644229888916,2007-09-21,7.12497615814209,Time stop (5 bars),6,0.05140183200363824,0.04988936558512384,4988.9365535234465,104988.93655352345
QCOM,2006-05-26,28.961942672729492,5.784277896167239,1.8594284057617188,0.3469230958603966,1.1502068989988061,Hammer,2006-06-02,28.697681427001953,2006-07-14,24.00387191772461,Time stop (5 bars),6,-0.16356058315083566,-0.16388049044268904,-16388.049027880857,83611.95097211913
QCOM,2008-10-03,26.480365753173828,3.5804781912541728,9.524377822875977,0.31972795927199205,2.9307442034968116,Hammer,2008-10-10,25.787094116210938,2008-11-21,20.88236427307129,Time stop (5 bars),6,-0.19020095172554985,-0.19055179548412954,-15932.407365735904,67679.54360638323
QEP-202103,2011-08-12,34.63240051269531,8.102545215093585,3.6622962951660156,0.37466941791512726,1.1677403801230575,Hammer,2011-08-19,35.02858352661133,2011-09-30,26.97469711303711,Time stop (5 bars),6,-0.22992326844891275,-0.2301758941516483,-23017.589392147238,76982.41060785277
QTRN-200309,2003-07-18,14.119999885559082,2.740163855370241,0.46000003814697266,0.17391286319957708,1.2026179646015436,Hammer,2003-07-25,13.989999771118164,2003-09-05,14.229999542236328,RSI > 90,6,0.01715509471369936,0.016434424785973928,1643.4424769539505,101643.44247695396
R,2003-03-14,12.239158630371094,7.930268220495861,1.0797595977783203,0.31937184797873186,1.471959060710368,Hammer,2003-03-21,12.227851867675781,2003-05-02,13.448942184448242,RSI > 90,6,0.09986139266214056,0.09900310490742227,9900.310480841916,109900.31048084193
R,2003-07-03,14.210688591003418,6.742329092437146,1.6434125900268555,0.3460208455801068,1.997011753799117,Hammer,2003-07-11,14.176569938659668,2003-08-01,16.14980125427246,RSI > 90,3,0.13918961527017681,0.1384354006012356,15214.093492401433,125114.40397324337
R,2011-08-12,30.63218879699707,4.290985124705287,3.7188186645507812,0.1907308286472192,1.4970185084765077,Hammer,2011-08-19,30.890714645385742,2011-09-30,26.270517349243164,Time stop (5 bars),6,-0.14956589218413285,-0.14986535671004764,-18750.314762264803,106364.08921097858
RADCQ-202409,1999-11-12,137.5,1.9257567242817828,76.25,0.3770491803278688,1.3056978815671276,Hammer,1999-11-19,148.75,1999-12-17,240.0,RSI > 90,4,0.6134453781512605,0.613357534200531,61335.75335871734,161335.75335871734
RAI-201707,2011-08-12,13.062189102172852,2.2549232227113407,0.9941539764404297,0.289574711783632,1.7568703618539683,Hammer,2011-08-19,13.158149719238281,2011-09-09,13.918159484863281,RSI > 90,3,0.05775962288328462,0.05697798639552373,5697.798633854574,105697.79863385457
RBD-199903,1993-01-15,27.98934555053711,7.5025992521403,2.3324451446533203,0.1904760347149704,1.7163362345838613,Hammer,1993-01-22,27.767208099365234,1993-02-12,29.408733367919922,RSI > 90,3,0.05911740433825652,0.058746688873902525,5874.668881515583,105874.66888151558
RBK-200601,1990-07-27,14.602954864501953,0.4179573724816805,1.3907575607299805,0.16666700952811977,1.1086696120103972,Hammer,1990-08-03,14.487058639526367,1990-09-14,12.355629920959473,Time stop (5 bars),6,-0.14712639546798845,-0.14776566751712247,-14776.566736935682,85223.43326306432
RBK-200601,1990-09-28,8.858753204345703,2.5920115113126343,1.8650012016296387,0.312500207737234,1.2507065082757443,Hammer,1990-10-05,9.208440780639648,1990-11-16,9.907815933227539,Time stop (5 bars),6,0.075949356600989,0.07482276914792631,6376.653266659312,91600.08652972365
RBK-200601,1995-12-15,25.093202590942383,0.581051333502387,1.9489860534667969,0.312500122329546,1.1139110616406136,Hammer,1995-12-22,24.971391677856445,1996-02-02,25.824073791503906,Time stop (5 bars),6,0.034146359347828614,0.03373914553055976,3090.5086469477046,94690.59517667134
RBK-200601,1997-04-04,44.27832794189453,7.445348981174092,4.415565490722656,0.3333333333333333,1.6701403982886511,Hammer,1997-04-11,44.15567398071289,1997-05-23,38.75886917114258,Time stop (5 bars),6,-0.1222222270217781,-0.12243483448490239,-11593.427336139226,83097.16784053211
RCL,2022-03-11,66.54689025878906,6.659804042333079,9.258026123046875,0.27941239488803987,1.0262684985324064,Hammer,2022-03-18,66.24542236328125,2022-04-29,77.8665771484375,Time stop (5 bars),6,0.17542577842476947,0.17526159639386135,17526.15962185998,117526.15962185997
RDC-201904,2002-07-26,16.983064651489258,2.279235295426858,2.638949394226074,0.26480852606247823,1.2117653956277854,Hammer,2002-08-02,17.452007293701172,2002-08-30,19.943838119506836,RSI > 90,4,0.1427819037587168,0.14216817258827383,14216.817244610567,114216.81724461056
REG,2022-05-13,57.05509948730469,4.676178400458852,3.8700637817382812,0.11509156108244933,1.1544449348002492,Hammer,2022-05-20,57.1307373046875,2022-07-01,51.890018463134766,Time stop (5 bars),6,-0.09173203583218481,-0.09189903008606065,-9189.902999416161,90810.09700058385
REG,2024-02-16,55.026947021484375,7.230516938221612,2.732799530029297,0.3211909205499262,1.1242703342440081,Hammer,2024-02-23,54.93645477294922,2024-04-05,55.527950286865234,Time stop (5 bars),6,0.010766903622752011,0.01058391184432778,961.1260602679079,91771.22306085174
REGN,2016-02-12,375.9052429199219,5.143397358400733,43.024658203125,0.3372522399832037,1.019046408622515,Hammer,2016-02-19,383.2347106933594,2016-04-01,369.9246520996094,Time stop (5 bars),6,-0.0347308274077498,-0.03475646761566353,-3475.6467580907065,96524.35324190928
REGN,2017-12-01,370.4106140136719,0.6126585152795769,30.611358642578125,0.3411725766718873,1.120454196025424,Hammer,2017-12-08,372.4239807128906,2018-01-19,365.8979187011719,Time stop (5 bars),6,-0.01752320567334742,-0.01754982117451677,-1693.9851366874109,94830.36810522187
RF,2005-01-21,16.567899703979492,2.709914126984259,0.8770360946655273,0.33333514563866906,1.6351687865150768,Hammer,2005-01-28,16.567899703979492,2005-03-11,17.214889526367188,Time stop (5 bars),6,0.03905080510792169,0.03843562887397073,3843.56288355351,103843.56288355352
RF,2006-06-16,18.099628448486328,2.4477056703922955,0.7610759735107422,0.3309859331416986,1.264411910963366,Hammer,2006-06-23,18.115705490112305,2006-07-28,19.251956939697266,RSI > 90,5,0.0627218989735252,0.06215273738649459,6454.161686725276,110297.72457027879
RF,2008-01-11,11.852827072143555,5.964212896996742,1.5865535736083984,0.32116851063522844,1.2746414320726585,Hammer,2008-01-18,11.974425315856934,2008-02-29,13.335155487060547,Time stop (5 bars),6,0.11363636544642253,0.11275417105490684,12436.528490727687,122734.25306100647
RF,2016-01-15,5.626267433166504,4.554333234732823,1.2487568855285645,0.38461520837716645,2.7881068202875676,Hammer,2016-01-22,5.701742172241211,2016-03-04,5.290063381195068,Time stop (5 bars),6,-0.07220228109408222,-0.07389133385020913,-9068.997658717883,113665.2554022886
RHI,2001-06-29,15.216012954711914,3.3403343127000937,2.078523635864258,0.32647087162593086,1.330807741725137,Hammer,2001-07-06,15.393299102783203,2001-08-10,16.200254440307617,RSI > 90,5,0.05242250749084132,0.05175606293946895,5175.606288771289,105175.60628877129
RHI,2006-06-09,24.898046493530273,7.355084474992367,2.2640247344970703,0.3443527006295698,1.7511004733417561,Hammer,2006-06-16,24.954179763793945,2006-07-28,20.39494514465332,Time stop (5 bars),6,-0.18270424683545905,-0.1830683004162182,-19254.31946927635,85921.28681949493
RHI,2008-10-10,12.696272850036621,6.239130678547241,3.6109838485717773,0.3345195992701229,2.07360456864827,Hammer,2008-10-17,12.18225383758545,2008-11-28,10.76912784576416,Time stop (5 bars),6,-0.11599873148771733,-0.11677167069683693,-10033.172200301364,75888.11461919357
RHI,2014-10-17,34.15642166137695,2.674637594750706,1.8504104614257812,0.30588116452335107,1.3868177796842884,Hammer,2014-10-24,33.96049499511719,2014-11-07,39.722171783447266,RSI > 90,2,0.1696582099041397,0.1693388183848616,12850.803646218377,88738.91826541195
RHT-201907,2011-08-12,37.41999816894531,5.983551220769996,4.150001525878906,0.37590380715839167,1.325718685521229,Hammer,2011-08-19,37.72999954223633,2011-09-23,40.45000076293945,RSI > 90,5,0.07209120736029306,0.07181664909442648,7181.664902260982,107181.66490226099
RHT-201907,2016-01-22,72.45999908447266,4.959125112998763,6.279998779296875,0.324840973258238,1.485024342232186,Hammer,2016-01-29,72.2699966430664,2016-03-11,66.91000366210938,Time stop (5 bars),6,-0.07416622706417786,-0.0742994566637894,-7963.539458594798,99218.1254436662
RHT-201907,2018-10-12,122.51000213623047,5.161710178065022,10.264297485351562,0.3955455855004081,1.117695661692558,Hammer,2018-10-19,122.55000305175781,2018-11-09,172.0,RSI > 90,3,0.4035087369794472,0.40341067861066865,40025.65127568219,139243.7767193484
RIG,2001-07-20,30.67586898803711,2.535726747491452,5.777555465698242,0.3620438129703744,1.3427795539210976,Hammer,2001-07-27,30.996376037597656,2001-09-07,24.703733444213867,Time stop (5 bars),6,-0.20301220328953962,-0.20330202716615256,-20330.202696285058,79669.79730371493
RIG,2002-06-14,28.746685028076172,9.528019310828967,2.9635772705078125,0.2714285530400935,1.0316216629773405,Hammer,2002-06-21,29.297060012817383,2002-08-02,19.559598922729492,Time stop (5 bars),6,-0.3323699062577534,-0.3326544647654169,-26502.513753534033,53167.283550180895
RIG,2003-07-18,17.10406494140625,1.4039237773877602,2.2438507080078125,0.3584906462295907,1.3939791118245872,Hammer,2003-07-25,17.10406494140625,2003-09-05,17.8830623626709,RSI > 90,6,0.045544578083237974,0.04494678253301672,2389.698329211519,55556.98187939241
RIG,2016-01-22,9.770000457763672,4.192317060818354,1.8299999237060547,0.3551910631853557,1.096515802132293,Hammer,2016-01-29,9.65999984741211,2016-03-11,12.470000267028809,RSI > 90,6,0.2908903171845796,0.289705169562566,16095.144839658638,71652.12671905106
RLM-200005,1993-09-24,38.029781341552734,4.824411786555302,2.7931480407714844,0.3461534784562289,1.153309756136733,Hammer,1993-10-01,38.137210845947266,1993-11-12,38.029781341552734,Time stop (5 bars),6,-0.002816920850045479,-0.003078728311497646,-307.87283084189175,99692.1271691581
RLM-200005,1994-04-22,37.4481086730957,3.1366539487841294,3.0392684936523438,0.21428571428571427,1.117576533588089,Hammer,1994-04-29,37.23101806640625,1994-06-03,40.379417419433594,RSI > 90,5,0.08456388024124872,0.08428396794282259,8402.448042074666,108094.57521123276
RLM-200005,1994-11-25,42.10140609741211,2.8569733324880815,4.166057586669922,0.31523193240222797,1.5264242819576355,Hammer,1994-12-02,42.10140609741211,1995-01-13,46.399715423583984,RSI > 90,6,0.10209419885470483,0.10184458194439532,11008.846811836149,119103.42202306891
RLM-200005,1999-03-05,41.1602897644043,1.0969588980865836,5.129768371582031,0.35714317584540634,1.4605521201708451,Hammer,1999-03-12,41.28242874145508,1999-03-26,45.801509857177734,RSI > 90,2,0.10946742363500217,0.10921196241012865,13007.518435893573,132110.9404589625
RMD,2024-06-28,187.87350463867188,4.910488076744812,14.893844604492188,0.3060958955334741,1.1581624879643184,Hammer,2024-07-05,187.37295532226562,2024-08-16,212.58700561523438,Time stop (5 bars),6,0.1345661130743374,0.13450915423653276,13450.915410202357,113450.91541020235
RML-200608,1994-12-09,24.04215431213379,9.586044445028435,0.9168624877929688,0.3333326399001456,1.0293972326878424,Hammer,1994-12-16,24.04215431213379,1994-12-30,25.4683837890625,RSI > 90,2,0.05932203322598717,0.0588938490827625,5889.384902386866,105889.38490238685
RML-200608,1997-04-04,29.966548919677734,6.51336970831936,1.482442855834961,0.3571427652410428,1.3593404056171796,Hammer,1997-04-11,29.966548919677734,1997-05-23,25.21377944946289,Time stop (5 bars),6,-0.15860249650215497,-0.15890968741651726,-16826.84903873873,89062.53586364813
RNB-199912,1996-07-19,28.646257400512695,3.3112399120578146,1.9917640686035156,0.3823528285155584,1.839841381497954,Hammer,1996-07-26,28.76342010498047,1996-08-09,30.872346878051758,RSI > 90,2,0.07331975006359293,0.07295940358949075,7295.940351653135,107295.94035165313
ROK,1998-08-07,6.621345520019531,7.8899328020746395,0.5690217018127441,0.34545408836653885,1.0324408861535324,Hammer,1998-08-14,6.517886638641357,1998-09-25,6.580794334411621,Time stop (5 bars),6,0.009651548002893362,0.008111086195617713,811.1086187506626,100811.10861875066
ROK,2002-07-26,10.257601737976074,1.1604472093097797,1.066115379333496,0.2937848811569519,1.0638247899588258,Hammer,2002-08-02,10.408183097839355,2002-09-13,11.09356689453125,Time stop (5 bars),6,0.0658504745976436,0.06485853464269067,6538.460774178831,107349.56939292948
ROK,2002-10-11,9.768417358398438,1.1663817801079261,0.9665079116821289,0.16981085531995932,1.0332435815241363,Hammer,2002-10-18,9.72586727142334,2002-11-15,10.74708366394043,RSI > 90,4,0.10500003382913103,0.10391842415595694,11155.59807397818,118505.16746690767
ROK,2003-03-14,12.742369651794434,9.230243662630016,1.6993951797485352,0.31999977552618064,1.643180656893946,Hammer,2003-03-21,12.742369651794434,2003-05-02,13.434486389160156,Time stop (5 bars),6,0.0543161716602889,0.0535103912413571,6341.257868935516,124846.42533584319
ROK,2008-09-19,26.780250549316406,2.815786914357986,5.4039306640625,0.1999999294088414,1.8270025791732614,Hammer,2008-09-26,26.53399658203125,2008-11-07,18.81800079345703,Time stop (5 bars),6,-0.2907965923911918,-0.2911186097293994,-36345.11773711082,88501.30759873237
ROK,2018-10-26,140.1977081298828,2.897495304145849,9.97686767578125,0.33362239310905967,1.3177970986551988,Hammer,2018-11-02,142.2660675048828,2018-12-14,141.20635986328125,Time stop (5 bars),6,-0.0074487729940605485,-0.007518799572969087,-665.4235931151311,87835.88400561725
ROL,2026-06-05,47.099998474121094,1.243866771909552,3.4324989318847656,0.22141365556468096,1.1358496094653667,Hammer,2026-06-12,47.09000015258789,2026-06-22,44.40999984741211,End of data,2,-0.05691230190043861,-0.05711859637881247,-5711.859632169388,94288.14036783061
ROP,2011-08-12,66.50080871582031,5.7675782163271805,5.786659240722656,0.2104423516320377,1.5060792260524214,Hammer,2011-08-19,66.92198944091797,2011-09-30,64.50477600097656,Time stop (5 bars),6,-0.03611986822471025,-0.036266586323655085,-3626.65862873885,96373.34137126115
ROP,2012-07-13,88.6045913696289,7.754637179876227,4.87249755859375,0.3080789417644775,1.171518586595026,Hammer,2012-07-20,88.1716537475586,2012-08-10,95.4026107788086,RSI > 90,3,0.08200999668161746,0.08189193765418817,7892.199655208911,104265.54102647005
ROP,2019-10-25,321.7209167480469,1.6823966006108009,19.1318359375,0.38310799601858,1.2210066297835076,Hammer,2019-11-01,321.58624267578125,2019-11-29,344.28668212890625,RSI > 90,4,0.07058896321013108,0.07055677034091637,7356.639825319402,111622.18085178944
ROST,2022-02-25,88.1962661743164,4.040165521770746,8.902374267578125,0.29700853235885954,1.3541048290831748,Hammer,2022-03-04,86.7410659790039,2022-04-14,94.64622497558594,Time stop (5 bars),6,0.09113513775004223,0.09101460576313611,9101.46056721215,109101.46056721215
RRC,2013-04-19,70.10804748535156,5.0067586869841705,6.245231628417969,0.34472467397611706,1.6285144071911335,Hammer,2013-04-26,69.87605285644531,2013-06-07,69.86677551269531,Time stop (5 bars),6,-0.0001327685719321181,-0.0002758593776428073,-27.585937736694795,99972.4140622633
RRD-202202,1994-04-08,18.730127334594727,1.0141035995512908,0.9239082336425781,0.36363580060859546,1.0458139242261417,Hammer,1994-04-15,18.730127334594727,1994-05-27,18.404293060302734,Time stop (5 bars),6,-0.017396265837988922,-0.01792537986501259,-1792.5379847087215,98207.46201529127
RRD-202202,2001-03-30,20.968421936035156,8.416623380491302,1.9992790222167969,0.3120002137000834,1.3053854779830105,Hammer,2001-04-06,20.968421936035156,2001-05-18,23.199487686157227,RSI > 90,6,0.10640122356026649,0.10589906391507728,10400.078286494776,108607.54030178604
RRD-202202,2002-05-24,23.970773696899414,5.753002134333158,1.292337417602539,0.34193580761470993,1.1907719983064693,Hammer,2002-05-31,23.970773696899414,2002-07-12,22.261554718017578,Time stop (5 bars),6,-0.07130428915204023,-0.07170650676871243,-7787.867315995361,100819.67298579066
RRD-202202,2002-10-11,18.365053176879883,0.5768081054417706,1.759073257446289,0.239234880364669,1.2086166952044013,Hammer,2002-10-18,18.51655387878418,2002-11-29,17.852998733520508,Time stop (5 bars),6,-0.03583577968165863,-0.03636601711021697,-3666.409949181332,97153.26303660932
RRD-202202,2005-11-18,31.736600875854492,5.16469298826749,1.6518611907958984,0.3390804929501842,1.2986307549678573,Hammer,2005-11-25,31.869508743286133,2006-01-06,32.477088928222656,Time stop (5 bars),6,0.01906462348794502,0.018747902587279666,1821.41990962529,98974.6829462346
RRD-202202,2006-01-27,31.024593353271484,7.800058036735038,1.5854053497314453,0.19161606767972916,1.3501503575913931,Hammer,2006-02-03,31.091047286987305,2006-03-03,32.83113098144531,RSI > 90,4,0.05596735543824205,0.05563677204665145,5506.631867962624,104481.31481419722
RRD-202202,2011-08-12,18.59114646911621,1.8330349396059944,2.350605010986328,0.37967890139030214,1.5263782559609425,Hammer,2011-08-19,18.666566848754883,2011-09-30,17.64838981628418,Time stop (5 bars),6,-0.054545489843978334,-0.05506645697167443,-5753.4158208065455,98727.89899339067
RSG,2014-10-17,31.093238830566406,3.614550601129352,1.1721000671386719,0.2916659886284861,1.6078822038174154,Hammer,2014-10-24,30.99556541442871,2014-10-31,31.91533660888672,RSI > 90,1,0.029674283471204044,0.029346922622081207,2934.692259273428,102934.69225927343
RSG,2022-01-28,120.05562591552734,6.882157302398582,5.282905578613281,0.23698481170236887,1.1325830177762164,Hammer,2022-02-04,119.1925277709961,2022-03-18,120.7669677734375,Time stop (5 bars),6,0.013209217321629163,0.013124768874796118,1350.9940437502346,104285.68630302366
RSHCQ-201510,1992-04-10,4.996559143066406,5.420886996953541,0.3843507766723633,0.2941174281240928,1.19181862400311,Hammer,1992-04-16,4.973950386047363,1992-05-29,4.906123638153076,Time stop (5 bars),6,-0.013636394139465269,-0.01563115553679401,-1563.115552116285,98436.88444788373
RSHCQ-201510,1996-06-28,9.219616889953613,3.500900327204377,0.6887474060058594,0.25829267076892404,1.0772251283180123,Hammer,1996-07-05,9.195290565490723,1996-08-16,8.879050254821777,Time stop (5 bars),6,-0.0343915516770914,-0.0354597833999544,-3490.5505975977458,94946.33385028597
RSHCQ-201510,1998-06-05,17.672637939453125,7.891436276970268,1.6949787139892578,0.3382351120848651,1.4557727267142493,Hammer,1998-06-12,17.672637939453125,1998-07-02,21.077342987060547,RSI > 90,3,0.19265403723383123,0.19203385991015715,18232.910955355917,113179.24480564188
RSHCQ-201510,2008-10-10,13.060147285461426,6.121104439694449,3.1389570236206055,0.36565084833818684,1.6962925537607834,Hammer,2008-10-17,13.529685974121094,2008-11-28,7.703921318054199,Time stop (5 bars),6,-0.430591269243804,-0.43117104210804225,-48799.61287905023,64379.631926591646
RTN-202004,1996-07-19,26.498130798339844,1.9800355511137298,2.1312179565429688,0.1999996420171617,1.623323994231363,Hammer,1996-07-26,26.42708969116211,1996-09-06,29.268712997436523,RSI > 90,6,0.1075269104348151,0.10712824219952623,10712.8242092398,110712.8242092398
RTN-202004,2002-10-11,18.577896118164062,2.8023333771285337,2.2410411834716797,0.3333330496335592,1.0105238361833437,Hammer,2002-10-18,18.577896118164062,2002-11-29,19.097557067871094,Time stop (5 bars),6,0.02797200212563067,0.02742634659668885,3036.4482864244465,113749.27249566423
RTN-202004,2011-08-12,32.72495651245117,4.1601552280818055,1.9991474151611328,0.240964614088533,1.1376975978918202,Hammer,2011-08-19,32.90961837768555,2011-09-30,31.865886688232422,Time stop (5 bars),6,-0.03171509549198637,-0.03201409408311728,-3641.57990792076,110107.69258774347
RTN-202004,2012-10-05,46.66604995727539,9.876377020973194,2.018718719482422,0.22916505257986186,1.430490201213722,Hammer,2012-10-12,46.581939697265625,2012-11-23,46.161373138427734,Time stop (5 bars),6,-0.00902853255083702,-0.009242215986622527,-1017.6390756669223,109090.05351207654
RTN-202004,2014-07-03,83.11389923095703,7.722018704754248,3.0938034057617188,0.17867332822044285,1.0022601394412571,Hammer,2014-07-11,83.17630767822266,2014-08-22,83.72017669677734,Time stop (5 bars),6,0.006538749239251018,0.006418136880221827,700.1548950110762,109790.20840708763
RTN-202004,2020-03-20,124.13999938964844,0.3392762014899944,34.529998779296875,0.38777873915468164,2.0526102424405757,Hammer,2020-03-27,120.3499984741211,2020-04-02,116.95999908447266,End of data,1,-0.028167839074608625,-0.02824975641023766,-3101.5466406279056,106688.66176645971
RTX,1996-07-19,4.337331771850586,8.09847604412235,0.32128381729125977,0.18750009276011048,1.515536529723101,Hammer,1996-07-26,4.317251682281494,1996-08-16,4.7088165283203125,RSI > 90,3,0.09069771114939762,0.08827918272390135,8827.918263562216,108827.91826356221
RTX,2003-02-14,10.964110374450684,9.693086563196118,0.9819440841674805,0.38719245408359987,1.3753844281653647,Hammer,2003-02-21,11.026054382324219,2003-04-04,10.194232940673828,Time stop (5 bars),6,-0.07544144195260605,-0.0763137785812475,-8305.069649518518,100522.8486140437
RTX,2011-03-18,33.12153625488281,5.4645121979373386,1.7271442413330078,0.25598081104690007,1.5414203715843942,Hammer,2011-03-25,33.59257507324219,2011-05-06,37.19974899291992,RSI > 90,6,0.10738009550661065,0.10706647464395717,10762.627011511227,111285.47562555493
RTX,2011-08-12,30.100337982177734,1.3860796556957098,2.5841808319091797,0.2266877267309048,1.5021055247564647,Hammer,2011-08-19,30.416091918945312,2011-09-30,29.221778869628906,Time stop (5 bars),6,-0.03926582851271909,-0.03958809409357187,-4405.5798759067875,106879.89574964815
RVTY,1990-10-19,4.852907657623291,3.8881479961975742,0.7182302474975586,0.29729763822184807,2.558760819649504,Hammer,1990-10-26,4.814084529876709,1990-11-23,5.435256481170654,RSI > 90,4,0.1290322069417118,0.12682324775688897,12682.324763006574,112682.32476300659
RVTY,1995-01-13,4.781580448150635,6.836606171233271,0.3441781997680664,0.35724874410150265,1.3352334582210603,Hammer,1995-01-20,4.781580448150635,1995-02-17,4.99892520904541,RSI > 90,4,0.04545458625062704,0.04331793085706653,4881.165148016271,117563.48991102286
RVTY,1998-09-04,9.02602767944336,6.8891673889752525,2.274463176727295,0.21052622751653863,2.462460059455436,Hammer,1998-09-11,9.02602767944336,1998-10-23,8.906318664550781,Time stop (5 bars),6,-0.013262646553279911,-0.014362597424856178,-1688.5170757646451,115874.97283525822
RX-201002,1999-09-24,22.335988998413086,1.0805347273579002,3.3736648559570312,0.3620687120782102,1.4071196922441702,Hammer,1999-10-01,22.103322982788086,1999-11-05,27.009187698364258,RSI > 90,5,0.2219514558691642,0.22144894116970024,22144.894094825126,122144.89409482513
RX-201002,2002-07-26,13.809425354003906,0.7201753511662474,1.639388084411621,0.16470634773356727,1.1105204796693486,Hammer,2002-08-02,13.819069862365723,2002-08-30,17.49322509765625,RSI > 90,4,0.2658757262163185,0.2650561861862204,32375.259758518885,154520.153853344
RYAN-200610,1994-07-29,4.083333492279053,6.14125497442906,0.75,0.3333333333333333,1.963653136456198,Hammer,1994-08-05,4.25,1994-09-16,4.25,Time stop (5 bars),6,0.0,-0.0023501762632197414,-235.0176260869565,99764.98237391305
RYC-199908,1993-07-02,18.681285858154297,4.560000089366284,1.7848377227783203,0.20000021372796065,1.511075949877171,Hammer,1993-07-09,18.62179183959961,1993-08-20,17.408344268798828,Time stop (5 bars),6,-0.06516277172749618,-0.06568214115110234,-6568.214108542021,93431.78589145798
RYC-199908,1996-06-21,34.4251594543457,4.781157851339202,2.315319061279297,0.2368427556277566,1.307901868978089,Hammer,1996-06-28,34.97352600097656,1996-08-09,33.572147369384766,Time stop (5 bars),6,-0.040069698192646275,-0.040349860127107465,-3769.959488376223,89661.82640308175
RYI-200710,1994-10-28,30.27770233154297,9.973588206280368,2.011455535888672,0.2631573457540523,1.0112558314348543,Hammer,1994-11-04,30.48943328857422,1994-12-16,29.007308959960938,Time stop (5 bars),6,-0.048611081569977954,-0.048931039789887026,-4893.1039740955985,95106.89602590441
S-200503,1997-10-31,35.254940032958984,0.41987581489156867,3.7885894775390625,0.3055552199251679,1.2641258554654153,Hammer,1997-11-07,36.25470733642578,1997-12-19,38.497276306152344,Time stop (5 bars),6,0.061855939117550385,0.06157162133197274,6157.162127040112,106157.16212704012
S-200503,2002-04-05,46.55522155761719,7.720939395134224,2.6164016723632812,0.21352318355849617,1.117412970115469,Hammer,2002-04-12,45.7637825012207,2002-05-24,52.57015609741211,Time stop (5 bars),6,0.14872838791264376,0.14849365057963126,15763.664523654294,121920.82665069442
S-200503,2002-10-11,30.74527359008789,0.6921147951589433,9.255531311035156,0.3837562987319693,2.103434299342117,Hammer,2002-10-18,30.162689208984375,2002-11-29,25.22953987121582,Time stop (5 bars),6,-0.16355137645681628,-0.16385574988940196,-19977.42845800789,101943.39819268654
S-202003,1999-12-17,52.35655212402344,5.409466850622039,4.702396392822266,0.32989725846816553,1.2539619038495062,Hammer,1999-12-23,51.968727111816406,2000-02-04,46.733070373535156,Time stop (5 bars),6,-0.10074629549837077,-0.1009290083621621,-10092.90082612331,89907.09917387668
S-202003,2002-06-28,8.672954559326172,2.168410083251331,2.247938632965088,0.3418184240228973,1.3824412446874843,Hammer,2002-07-05,8.583037376403809,2002-08-16,8.084403991699219,Time stop (5 bars),6,-0.05809521301578102,-0.05922580007652183,-5324.819875807221,84582.27929806945
S-202003,2003-04-25,9.266085624694824,3.2953515581710207,1.061387062072754,0.3809523381658573,1.043111427432143,Hammer,2003-05-02,9.19869613647461,2003-05-30,10.908709526062012,RSI > 90,4,0.18589736678080593,0.1847098561685649,15623.180627932616,100205.45992600206
S-202003,2005-09-23,21.853214263916016,7.406736328629961,1.6865348815917969,0.32978636780023296,1.5556613677082909,Hammer,2005-09-30,21.978805541992188,2005-11-11,22.050573348999023,Time stop (5 bars),6,0.0032653188031404046,0.0028096958412796294,281.54686374605365,100487.00678974812
S-202003,2006-04-28,22.292875289916992,9.804690804340012,1.2584686279296875,0.38571536829342223,1.2026403412209155,Hammer,2006-05-05,22.472658157348633,2006-06-16,20.96097755432129,Time stop (5 bars),6,-0.06726754763245568,-0.06769747063396198,-6802.716184440995,93684.29060530712
S-202003,2007-11-02,17.122230529785156,5.40135662172959,1.247976303100586,0.29600075806320963,1.0462728923221634,Hammer,2007-11-09,16.95250701904297,2007-12-21,14.079999923706055,Time stop (5 bars),6,-0.16944438318829125,-0.1699841310459086,-15924.842715270668,77759.44789003645
S-202003,2008-09-19,7.150000095367432,4.141282633569006,1.820000171661377,0.2747252488133437,1.5536243960255383,Hammer,2008-09-26,7.010000228881836,2008-11-07,3.450000047683716,Time stop (5 bars),6,-0.5078459436464206,-0.508909488912043,-39572.52084422857,38186.927045807875
SAF-200809,1998-05-08,36.259159088134766,2.9381346192203495,3.733245849609375,0.26249989781821453,1.9365242440067405,Hammer,1998-05-15,36.11915969848633,1998-06-26,32.852569580078125,Time stop (5 bars),6,-0.09043926120310875,-0.09070356641529022,-9070.356632458665,90929.64336754134
SAF-200809,2007-01-19,57.692543029785156,3.26672969169681,3.4089317321777344,0.2535207484968628,1.7919426072212292,Hammer,2007-01-26,57.62532043457031,2007-02-09,63.13722610473633,RSI > 90,2,0.09565075957233793,0.09546894115247048,8680.956762989976,99610.60013053131
SAF-200809,2008-07-18,65.30000305175781,1.5690635353975324,7.560001373291016,0.1931215369392308,2.8713013440465893,Hammer,2008-07-25,65.23999786376953,2008-08-22,67.58999633789062,RSI > 90,4,0.036020823897453536,0.035864795014737744,3572.5137514040007,103183.11388193531
SANM,2006-06-16,27.239999771118164,8.71099621435755,2.579998016357422,0.27906971586397783,1.0166015563213107,Hammer,2006-06-23,27.239999771118164,2006-08-04,20.940000534057617,Time stop (5 bars),6,-0.23127750697488136,-0.23160210277372228,-23160.21025421202,76839.78974578797
SB-199711,1993-04-30,34.093814849853516,7.626522878896452,1.6346359252929688,0.3571421903806212,1.0097253690138535,Hammer,1993-05-07,33.977054595947266,1993-06-18,34.1292724609375,Time stop (5 bars),6,0.0044800194366581,0.004185087296257587,418.50872920725,100418.50872920724
SBUX,2020-03-13,60.746856689453125,2.6261688044018,11.720176696777344,0.37286866768173405,2.5251440654334747,Hammer,2020-03-20,52.6756591796875,2020-05-01,66.61997985839844,Time stop (5 bars),6,0.2647203831117517,0.2645054351196065,26450.543485510105,126450.54348551012
SBUX,2022-02-25,83.48397827148438,4.602637743339912,6.122886657714844,0.2150225721117603,1.1990429813625958,Hammer,2022-03-04,82.32072448730469,2022-04-14,72.93350982666016,Time stop (5 bars),6,-0.11403221629921645,-0.11414675934122713,-14433.919741373982,112016.62374413613
SBUX,2024-07-12,71.13301849365234,4.005374154139801,4.154090881347656,0.37070810031497653,1.09002935155481,Hammer,2024-07-19,71.19004821777344,2024-08-23,90.23069763183594,RSI > 90,5,0.267462235112081,0.26730299213859665,29942.378666128578,141959.00241026471
SCG-201812,2014-08-08,42.84981155395508,4.57266989360339,2.091278076171875,0.3183672129233733,1.5481325079004475,Hammer,2014-08-15,42.89249038696289,2014-09-26,43.46596908569336,Time stop (5 bars),6,0.01337014226865163,0.01313547001578716,1313.5470002651691,101313.54700026517
SCHW,2000-09-22,24.445940017700195,9.219449672038564,3.8267135620117188,0.32941185266410805,1.2290585364369986,Hammer,2000-09-29,24.806100845336914,2000-11-10,25.30132293701172,Time stop (5 bars),6,0.01996372161680937,0.01955665307635874,1955.6653056802088,101955.6653056802
SCHW,2003-02-21,5.862163066864014,2.4662616124931986,1.1477346420288086,0.33544317470816054,1.2751591212651427,Hammer,2003-02-28,5.883955955505371,2003-04-11,6.036502838134766,Time stop (5 bars),6,0.0259259049154954,0.024205798736893748,2467.9183120074777,104423.58361768768
SCHW,2004-03-19,8.254729270935059,1.1718447244709438,1.3429441452026367,0.23369543218582298,1.9667024652240903,Hammer,2004-03-26,8.247430801391602,2004-05-07,7.502957820892334,Time stop (5 bars),6,-0.09026726000218777,-0.09142433286105722,-9546.856457661062,94876.72716002661
SCHW,2006-06-16,11.522956848144531,5.595146873875848,1.5368900299072266,0.3719806943146519,1.7410739203439722,Hammer,2006-06-23,11.604626655578613,2006-08-04,11.775391578674316,Time stop (5 bars),6,0.014715244890158852,0.013847553230185355,1313.8105283404307,96190.53768836704
SCHW,2014-10-17,22.410232543945312,3.841497311052464,2.697206497192383,0.199356769932813,1.924663142522012,Hammer,2014-10-24,22.323505401611328,2014-12-05,24.40418243408203,Time stop (5 bars),6,0.09320565901448963,0.09273692955379252,8920.415108427103,105110.95279679415
SCHW,2024-01-19,61.658477783203125,9.587603884704862,5.036701202392578,0.21113257862930865,1.2842115452757885,Hammer,2024-01-26,61.72615051269531,2024-03-08,64.68236541748047,RSI > 90,6,0.047892422907162224,0.047726551025146564,5016.583246941385,110127.53604373554
SCI,1994-04-22,7.732211112976074,2.9635643555560733,0.6040792465209961,0.20000063148954175,1.5155437477034222,Hammer,1994-04-29,7.732211112976074,1994-06-10,8.054387092590332,Time stop (5 bars),6,0.041666733474670314,0.040347351914788464,4034.735187444112,104034.73518744411
SCI,1996-07-19,17.916793823242188,9.316038680874144,2.405496597290039,0.27586223301640617,2.675035333623979,Hammer,1996-07-26,17.916793823242188,1996-09-06,18.4974308013916,Time stop (5 bars),6,0.032407415293030484,0.03184039409098505,3312.506964206983,107347.24215165108
SCI,1997-10-31,20.41695213317871,8.006522513701015,2.641206741333008,0.3492059594743611,1.9365673006917854,Hammer,1997-11-07,20.41695213317871,1997-11-21,23.309701919555664,RSI > 90,2,0.1416837227960226,0.14115936456894673,15153.068475202854,122500.31062685394
SE-201702,2007-08-10,15.667608261108398,4.46977100310697,1.9354887008666992,0.37966166167448545,1.982654769320576,Hammer,2007-08-17,15.87756061553955,2007-09-28,16.95661735534668,RSI > 90,6,0.06796111606407873,0.0673100997808351,6731.0099713525,106731.00997135251
SEE-202604,1999-03-05,17.129343032836914,8.103789853372746,1.4061393737792969,0.15151474047166255,1.196595129308109,Hammer,1999-03-12,17.214563369750977,1999-04-23,19.622045516967773,RSI > 90,6,0.1398514789778036,0.13923013584818145,13923.013570895131,113923.01357089513
SEE-202604,2002-07-05,13.720519065856934,1.034963638805948,1.0090112686157227,0.14526972425037216,1.280283161800382,Hammer,2002-07-12,13.703474998474121,2002-08-23,5.19845724105835,Time stop (5 bars),6,-0.620646789107347,-0.621149891462294,-70763.26744385569,43159.74612703944
SEE-202604,2004-07-30,16.171463012695312,1.4723062820784776,0.9612874984741211,0.27659593465365984,1.3328780092102308,Hammer,2004-08-06,16.1544189453125,2004-09-10,17.020261764526367,RSI > 90,5,0.05359789306845397,0.05296247483342392,2285.8469657844453,45445.59309282389
SEE-202604,2011-03-18,19.585742950439453,4.372516843315111,0.9023227691650391,0.3361355550999097,1.058476924735137,Hammer,2011-03-25,19.81321907043457,2011-05-06,19.578161239624023,Time stop (5 bars),6,-0.011863687065435058,-0.0123652801464957,-561.9474894544699,44883.64560336942
SEE-202604,2016-01-29,34.0156135559082,9.239717367746678,2.4422740936279297,0.1374573881940404,1.103496712533551,Hammer,2016-02-05,33.78062057495117,2016-02-19,36.60895919799805,RSI > 90,2,0.08372666265178474,0.08341828787174634,3744.116865931195,48627.762469300615
SEE-202604,2020-03-20,21.485713958740234,0.8260766919117941,7.263280868530273,0.3201971297128111,2.6244878426201823,Hammer,2020-03-27,20.626998901367188,2020-05-08,24.965288162231445,Time stop (5 bars),6,0.21032091394433095,0.20978526034030762,10201.387799187483,58829.1502684881
SEE-202604,2023-06-02,37.12461471557617,2.35928997197243,2.934825897216797,0.2420377280992842,1.0414974628302158,Hammer,2023-06-09,37.20873260498047,2023-07-21,41.367530822753906,RSI > 90,6,0.11176941343110336,0.11148567819875685,6558.607708980366,65387.75797746847
SFA-200602,1995-10-13,6.914916038513184,1.0202436627112945,1.7746243476867676,0.3448275862068966,1.9225483352453474,Hammer,1995-10-20,6.853722095489502,1995-11-24,7.9552130699157715,RSI > 90,5,0.16071427453283693,0.15913911647536594,15913.911631622683,115913.91163162267
SFA-200602,1997-10-31,9.152169227600098,6.569090802268647,1.6948461532592773,0.16363610786782393,1.6341049662105174,Hammer,1997-11-07,9.491138458251953,1997-12-19,9.220715522766113,Time stop (5 bars),6,-0.02849214945871159,-0.029530207117205512,-3422.9618148243135,112490.94981679835
SFS-200008,1992-11-13,4.598928451538086,3.8842026508559258,0.40578794479370117,0.3333341167263416,1.2953686252918761,Hammer,1992-11-20,4.598928451538086,1992-12-31,4.62240743637085,Time stop (5 bars),6,0.005105316397107984,0.0029277137936973853,292.77137907696715,100292.77137907696
SFX-199509,1990-09-14,3.9118504524230957,6.832614903047457,0.315471887588501,0.2,1.0431962870331934,Hammer,1990-09-21,3.9118504524230957,1990-11-02,3.123170852661133,Time stop (5 bars),6,-0.20161292190335023,-0.20390862747079685,-20390.86272668882,79609.13727331118
SFX-199509,1994-05-06,11.867176055908203,7.135297741594286,0.9603500366210938,0.35714299900695134,1.057079967489668,Hammer,1994-05-13,11.867176055908203,1994-06-24,12.210158348083496,Time stop (5 bars),6,0.028901761510863766,0.028047283885213437,2232.820070728665,81841.95734403985
SGID-200610,1996-01-05,9.760998725891113,1.8824640545641813,1.6603765487670898,0.24242417280335618,1.021513985985402,Hammer,1996-01-12,10.163514137268066,1996-02-23,10.56602954864502,Time stop (5 bars),6,0.03960396039603964,0.038601058726797206,3860.1058688196154,103860.1058688196
SGP-200911,1994-03-31,5.423765182495117,9.37092988577426,0.28862619400024414,0.3750002065115572,1.0039712792112945,Hammer,1994-04-08,5.339582920074463,1994-05-13,6.0637407302856445,RSI > 90,5,0.1356206694512918,0.13362273930277643,13362.273916915372,113362.27391691538
SGP-200911,1997-04-04,15.654485702514648,9.76701835662918,0.908635139465332,0.17142803165077097,1.0435316846504514,Hammer,1997-04-11,15.628524780273438,1997-05-09,17.214651107788086,RSI > 90,4,0.10148919042676896,0.10081708057951351,11428.853492729686,124791.12740964508
SHLDQ-202210,2005-09-23,81.46656036376953,3.5951074485123087,7.002082824707031,0.331730910667842,1.0376178407820273,Hammer,2005-09-30,83.0353012084961,2005-11-11,83.04876708984375,Time stop (5 bars),6,0.00016217056061296198,4.173734075155712e-05,4.173734070981979,100004.17373407098
SHW,2005-09-23,11.143754005432129,4.97529857162759,1.299260139465332,0.3996100920966578,2.62905177040462,Hammer,2005-09-30,11.202005386352539,2005-11-11,10.629622459411621,Time stop (5 bars),6,-0.05109646953377245,-0.05196597189558976,-5196.597184362379,94803.40281563763
SHW,2020-03-20,130.1343536376953,5.537605753306792,41.49668884277344,0.33685416618404596,3.1386511024396566,Hammer,2020-03-27,129.5415496826172,2020-05-08,165.29617309570312,Time stop (5 bars),6,0.27600892146717726,0.27592107625142115,26158.256911029486,120961.65972666712
SHW,2021-10-01,273.0256042480469,3.902054061605938,18.531982421875,0.3266563031077503,1.7425492709776047,Hammer,2021-10-08,272.9681396484375,2021-10-29,295.017822265625,RSI > 90,3,0.08077749529885003,0.0807393820709701,9766.369650843684,130728.02937751081
SHW,2022-02-25,257.0234680175781,0.8809132286120729,15.905044555664062,0.12975642608598048,1.0821807053188097,Hammer,2022-03-04,254.58087158203125,2022-04-14,252.03244018554688,Time stop (5 bars),6,-0.010010301954926026,-0.010049384832653658,-1313.7362743153226,129414.29310319548
SHW,2024-04-26,300.4481201171875,9.031205558383206,17.098419189453125,0.33600818160887125,1.2392619103055829,Hammer,2024-05-03,301.4873352050781,2024-06-14,285.7995300292969,Time stop (5 bars),6,-0.05203470708018321,-0.052067012466845856,-6738.215605653908,122676.07749754157
SIAL-201511,1998-07-31,12.098636627197266,8.875006899349202,1.4141263961791992,0.35185143972393124,1.2281485343698018,Hammer,1998-08-07,12.124823570251465,1998-09-18,12.760685920715332,RSI > 90,6,0.052443018801854535,0.05159698711519612,5159.698706359914,105159.69870635991
SIVBQ-202411,2020-03-13,156.6699981689453,2.157700559163743,37.81419372558594,0.30782090645959087,1.7112891972695883,Hammer,2020-03-20,132.6999969482422,2020-05-01,184.3699951171875,Time stop (5 bars),6,0.3893745241689681,0.3892844983757004,38928.44979864158,138928.4497986416
SIVBQ-202411,2022-03-11,530.5900268554688,8.555091039424042,60.3651123046875,0.37430714382490987,1.0178029857423687,Hammer,2022-03-18,540.8499755859375,2022-04-29,534.22998046875,Time stop (5 bars),6,-0.01223998412871452,-0.012258360219400605,-1703.034980651627,137225.41481799
SK-199805,1991-09-20,24.47872543334961,2.0775573359150883,1.9847602844238281,0.0,1.0749439029882517,Hammer,1991-09-27,24.699254989624023,1991-11-08,25.581371307373047,RSI > 90,6,0.035714288472247224,0.035302271536434414,3530.2271501132154,103530.2271501132
SK-200006,1990-09-28,34.4908561706543,6.152732789923732,10.201522827148438,0.3809524699843097,2.1865476108929127,Hammer,1990-10-05,35.46242904663086,1990-11-16,30.118776321411133,Time stop (5 bars),6,-0.15068490424593195,-0.15094561035650483,-15094.561020555924,84905.43897944406
SKY,1990-09-21,6.792172908782959,1.6238476681057392,0.39185619354248047,0.3333329277107554,1.1809122640722358,Hammer,1990-09-28,6.726863384246826,1990-10-05,7.053410053253174,RSI > 90,1,0.04854367486800237,0.04702214690617398,4702.2146859151835,104702.21468591517
SLB,2001-09-28,13.940252304077148,7.30365895120174,1.8363304138183594,0.19269064341698813,1.2130382639392243,Hammer,2001-10-05,13.78773307800293,2001-11-02,16.218887329101562,RSI > 90,4,0.17632733657843414,0.17553839673443422,17553.839655889584,117553.83965588959
SLB,2002-07-26,12.485847473144531,1.3502978119347517,1.7634334564208984,0.28846180886423295,1.427226699206996,Hammer,2002-08-02,12.562920570373535,2002-09-13,13.079442977905273,Time stop (5 bars),6,0.04111483509255209,0.04030280146150576,4737.749055951252,122291.58871184084
SLB,2002-10-11,11.354714393615723,7.470960431978568,1.3810195922851562,0.2668164717451233,1.057579941720544,Hammer,2002-10-18,11.357810974121094,2002-11-29,13.44482421875,Time stop (5 bars),6,0.1837513627744105,0.18279044237903141,22353.733577518215,144645.32228935906
SLB,2006-06-16,37.801448822021484,7.417824472077854,3.7314720153808594,0.2608693874254613,1.2129819661031507,Hammer,2006-06-23,37.704105377197266,2006-08-04,42.454429626464844,Time stop (5 bars),6,0.12598957598236726,0.1257076825835826,18183.02824336772,162828.3505327268
SLB,2011-08-12,53.64331817626953,9.504166355118144,4.498359680175781,0.31651399486778525,1.0673818710928578,Hammer,2011-08-19,54.276119232177734,2011-09-30,42.62477493286133,Time stop (5 bars),6,-0.21466796934164145,-0.21483242173834152,-34980.808837624456,127847.54169510234
SLB,2015-08-28,55.8603515625,7.8292425212666075,6.499656677246094,0.33220373202742504,2.1232541846968696,Hammer,2015-09-04,55.542457580566406,2015-10-16,56.66617202758789,Time stop (5 bars),6,0.020231629927276673,0.020049782573867525,2563.315411026949,130410.85710612929
SLM,2007-01-26,12.828625679016113,7.466102168387849,0.6441154479980469,0.3684209747055096,1.0217888114421745,Hammer,2007-02-02,12.842750549316406,2007-03-16,11.927061080932617,Time stop (5 bars),6,-0.07130010544606658,-0.0720507037267347,-7205.0703654684,92794.9296345316
SLM,2007-07-13,15.243448257446289,6.657813219096425,4.26270866394043,0.2906665974610797,5.481311341167899,Hammer,2007-07-20,15.240606307983398,2007-08-31,14.061256408691406,Time stop (5 bars),6,-0.07738208542754765,-0.07801263362475698,-7239.176840574641,85555.75279395694
SLM,2007-11-23,11.014840126037598,1.1616238183535046,1.0401010513305664,0.07923530085959886,1.0658352487455398,Hammer,2007-11-30,10.798863410949707,2008-01-11,5.14935302734375,Time stop (5 bars),6,-0.5231578702882316,-0.5238413490002148,-44817.64091349767,40738.11188045928
SLM,2011-08-12,3.9705703258514404,6.94969171124707,0.9004530906677246,0.35555556143947187,2.6972006252210887,Hammer,2011-08-19,4.019165992736816,2011-09-30,3.6169939041137695,Time stop (5 bars),6,-0.1000635677525703,-0.10242422637808003,-4172.569589287143,36565.54229117213
SLM,2014-02-07,7.0045166015625,5.419736103553859,0.36946916580200195,0.16666817236746498,1.0746749108708982,Hammer,2014-02-14,7.013753414154053,2014-03-14,7.698472499847412,RSI > 90,4,0.09762520083919224,0.0961309004434774,3515.0785021393513,40080.620793311486
SLR-200710,2004-03-12,6.019999980926514,2.946917793365941,1.0299997329711914,0.30097089625965134,1.460755100094967,Hammer,2004-03-19,5.920000076293945,2004-04-30,5.5,Time stop (5 bars),6,-0.07094595791912128,-0.07257385160455702,-7257.385153198318,92742.61484680168
SMI-200109,1990-09-28,13.207463264465332,5.2805992228505545,2.011733055114746,0.30434780547582196,1.5126804290821563,Hammer,1990-10-05,13.294929504394531,1990-11-16,13.469862937927246,Time stop (5 bars),6,0.013157906062976288,0.012401075770981889,1240.1075758580814,101240.10757585808
SMS-200007,1991-11-22,15.551212310791016,2.299399886520362,1.6262712478637695,0.375000073302218,1.6414081338069657,Hammer,1991-11-29,15.449569702148438,1992-01-10,17.356369018554688,Time stop (5 bars),6,0.123420868876438,0.12273388084965982,12273.388072692593,112273.3880726926
SMS-200007,1994-05-13,21.633174896240234,4.254069080067808,2.0176010131835938,0.27777830297484224,1.2698670611163434,Hammer,1994-05-20,21.521087646484375,1994-06-24,22.641977310180664,RSI > 90,5,0.052083318562172964,0.05160666824088306,5794.055484753308,118067.4435574459
SMS-200007,1995-08-25,35.47752380371094,7.348239656751744,2.3187904357910156,0.05000024676856563,1.0686306574081907,Hammer,1995-09-01,35.12970733642578,1995-09-29,38.14413833618164,RSI > 90,4,0.0858085998521887,0.08551176962960003,10096.156024143962,128163.59958158988
SNA,1992-06-26,8.344902038574219,7.077973300064315,0.48276329040527344,0.35714342155689094,1.0517826842372333,Hammer,1992-07-02,8.310419082641602,1992-08-14,8.86214828491211,Time stop (5 bars),6,0.0663900576834846,0.06514755262321825,6514.755255807071,106514.75525580706
SNA,1992-11-20,7.861930847167969,7.232308122870734,0.4211750030517578,0.3333325785605275,1.2020917896396854,Hammer,1992-11-27,7.8268327713012695,1992-12-24,8.809574127197266,RSI > 90,4,0.12556054084858226,0.12420354012926338,13229.509665543788,119744.26492135086
SNA,1996-07-26,13.443329811096191,6.628831282209816,0.6198654174804688,0.375,1.1886563210153047,Hammer,1996-08-02,13.482071876525879,1996-09-13,14.466968536376953,Time stop (5 bars),6,0.07305232228927028,0.07228378915573752,8655.569189528134,128399.83411087898
SNA,2011-08-12,35.9351806640625,1.4779281978282057,3.4808387756347656,0.237113978263657,1.529797407402709,Hammer,2011-08-19,36.22226333618164,2011-09-30,32.4830207824707,Time stop (5 bars),6,-0.10323050547688684,-0.10349229305340381,-13288.39324652313,115111.44086435586
SNA,2014-10-03,92.36082458496094,6.735092858140774,3.2162017822265625,0.21852716377972928,1.1972752571604282,Hammer,2014-10-10,92.43721771240234,2014-11-07,100.66490173339844,RSI > 90,4,0.08900834776956068,0.08889535781759572,10232.872714303052,125344.31357865891
SNA,2015-10-02,117.2362289428711,9.545734110583155,5.0130157470703125,0.25966189089071723,1.0548990427250309,Hammer,2015-10-09,118.89431762695312,2015-11-13,131.54693603515625,RSI > 90,5,0.10641903381709472,0.1063304538708066,13327.91773961559,138672.2313182745
SNDK-201605,2015-01-23,78.63468170166016,8.487334320683914,6.4048614501953125,0.3744225715844469,1.0206150136254588,Hammer,2015-01-30,78.68402862548828,2015-03-13,79.92491912841797,Time stop (5 bars),6,0.015770551211046202,0.015642466611043935,1564.246659540147,101564.24665954013
SNI-201803,2011-03-18,44.82121658325195,9.48634213102467,2.8489990234375,0.3709670508590771,1.220174251187916,Hammer,2011-03-25,45.33587646484375,2011-05-06,47.36693572998047,Time stop (5 bars),6,0.04480026468026321,0.04457477275949447,4457.477271491971,104457.47727149197
SNI-201803,2013-06-14,62.4398193359375,5.356546832854832,2.974224090576172,0.20189181389681599,1.21966699120948,Hammer,2013-06-21,62.74943161010742,2013-07-12,65.91130065917969,RSI > 90,3,0.050388807801774016,0.050225441744971726,5246.422934279606,109703.90020577158
SNI-201803,2017-05-05,71.4137191772461,7.259965444888621,9.800918579101562,0.2814071955573062,2.723478262106843,Hammer,2017-05-12,71.14776611328125,2017-06-23,66.72738647460938,Time stop (5 bars),6,-0.06212956330398012,-0.06226574005033521,-6830.794525889694,102873.10567988188
SNPS,2020-03-13,129.8800048828125,6.12008668916414,18.865005493164062,0.38271927476084594,1.8849406072217072,Hammer,2020-03-20,112.58999633789062,2020-04-24,151.91000366210938,RSI > 90,5,0.34923180214178706,0.34912747993038556,34912.74795812581,134912.7479581258
SNT-199910,1993-11-05,25.165428161621094,5.091757495446359,2.599733352661133,0.359999823918991,1.8276691657498205,Hammer,1993-11-12,25.165428161621094,1993-12-23,22.983139038085938,Time stop (5 bars),6,-0.08671774267140375,-0.0870978081683121,-8709.780808121428,91290.21919187858
SNT-199910,1995-11-03,26.055814743041992,1.5508785592138707,1.7892398834228516,0.31249993337433923,1.539127417421207,Hammer,1995-11-10,26.055814743041992,1995-11-24,28.851503372192383,RSI > 90,2,0.10729615084851485,0.10689184726636926,9758.180157013478,101048.39934889205
SNT-199910,1997-10-31,43.14743423461914,1.4906360431219525,4.4615020751953125,0.381578992369754,1.7087510733326903,Hammer,1997-11-07,43.206138610839844,1997-12-19,42.99592590332031,Time stop (5 bars),6,-0.004865343543261957,-0.005096202382047123,-514.9630929489095,100533.43625594315
SO,1994-09-16,2.4583065509796143,3.125596773968752,0.1558082103729248,0.3333338434018304,1.4344787257336136,Hammer,1994-09-23,2.4583065509796143,1994-11-04,2.769922971725464,RSI > 90,6,0.1267606029938264,0.12244372127614486,12244.372115370115,112244.3721153701
SO,2003-07-18,10.479978561401367,5.214060567566435,0.6020488739013672,0.22754532753360557,1.3640060176882915,Hammer,2003-07-25,10.454743385314941,2003-09-05,10.353890419006348,Time stop (5 bars),6,-0.009646622838228147,-0.010598057927905538,-1189.5723565705052,111054.79975879959
SO,2004-04-16,11.037775993347168,6.92594447566178,0.44823455810546875,0.2916673758744532,1.510354628403055,Hammer,2004-04-23,10.996687889099121,2004-06-04,11.05872631072998,Time stop (5 bars),6,0.005641555189754621,0.004730039804384989,525.293622801833,111580.09338160143
SO,2018-01-26,31.386756896972656,0.46570252580569615,1.1900196075439453,0.31547507424913407,1.1565916718594669,Hammer,2018-02-02,31.287586212158203,2018-03-16,31.30547523498535,Time stop (5 bars),6,0.0005717610398527917,0.00025210517192987986,28.129918597790763,111608.22330019923
SOV-200901,2005-12-09,19.763301849365234,7.437545952647255,1.3859272003173828,0.373334250817134,1.21369064696274,Hammer,2005-12-16,19.837217330932617,2006-01-27,20.12364387512207,Time stop (5 bars),6,0.014438846911397185,0.01393123256232677,1393.1232548395537,101393.12325483956
SOV-200901,2007-11-09,12.84000015258789,1.689763656424418,1.8000001907348633,0.377777907289091,1.2698513887361,Hammer,2007-11-16,12.829999923706055,2007-12-28,11.539999961853027,Time stop (5 bars),6,-0.100545593883402,-0.10128554496147256,-10269.657733942524,91123.46552089704
SPC-199204,1990-09-28,20.536653518676758,2.6202237123726917,4.7918853759765625,0.33333346601239966,2.0222879159259954,Hammer,1990-10-05,20.993024826049805,1990-11-16,20.668819427490234,Time stop (5 bars),6,-0.015443481882480792,-0.01591603978603549,-1591.603977011945,98408.39602298806
SPG,2002-10-11,10.746260643005371,9.172593080548282,0.8992824554443359,0.161290014698303,1.7468023671773163,Hammer,2002-10-18,10.717251777648926,2002-11-29,11.18566608428955,Time stop (5 bars),6,0.04370656921744742,0.04275354805566237,4275.354801290883,104275.35480129089
SPG,2004-04-16,17.929487228393555,7.002891414794291,1.5982704162597656,0.2885468653410569,2.1509984765690366,Hammer,2004-04-23,17.830917358398438,2004-06-04,18.416854858398438,RSI > 90,6,0.03286076023026485,0.032290881844034156,3367.1431577660805,107642.49795905696
SPG,2008-10-10,32.924129486083984,4.55548798794554,8.496280670166016,0.2576505815021131,2.060068590454316,Hammer,2008-10-17,33.82575607299805,2008-11-28,16.52531623840332,Time stop (5 bars),6,-0.5114575945400694,-0.5116775929347621,-55078.254198097056,52564.24376095991
SPG,2022-02-25,109.39697265625,1.3026670381795924,8.645256042480469,0.06250005515593245,1.1248501828314386,Hammer,2022-03-04,107.90127563476562,2022-04-14,100.89105987548828,Time stop (5 bars),6,-0.06496879409476286,-0.06505845668364033,-3419.748572410973,49144.495188548935
SPGI,1992-07-24,3.59804368019104,0.03293542245120307,0.24147939682006836,0.23333346497663002,1.6861288021109597,Hammer,1992-07-31,3.59804368019104,1992-09-11,3.763166666030884,Time stop (5 bars),6,0.04589243503321683,0.043053318141183065,4305.331809812975,104305.33180981298
SPGI,1996-06-28,6.736669063568115,8.325763460589044,0.5337800979614258,0.34482740138178947,2.280278508746019,Hammer,1996-07-05,6.718262672424316,1996-08-16,5.945202350616455,Time stop (5 bars),6,-0.11506848712256423,-0.1164702853303069,-12148.471745212784,92156.86006460019
SPGI,2015-01-09,77.7385025024414,8.44513668728817,2.8772201538085938,0.3975148691540956,1.0036892829845259,Hammer,2015-01-16,77.99762725830078,2015-02-20,91.20423889160156,RSI > 90,5,0.16932068445576065,0.16918163012126533,15591.24779699515,107748.10786159534
SPGI,2020-03-13,235.47914123535156,9.876565538668999,43.43217468261719,0.24759597396122993,2.6099499251291776,Hammer,2020-03-20,211.2858123779297,2020-05-01,271.88775634765625,Time stop (5 bars),6,0.28682448332748,0.2867703677590462,30898.96448591211,138647.07234750746
SPLS-201709,2000-10-20,5.789360523223877,0.6772267712034079,1.1323866844177246,0.23179594633118675,1.0775346695146713,Hammer,2000-10-27,5.819356918334961,2000-12-08,5.909347057342529,Time stop (5 bars),6,0.015463931886363191,0.013733728912759603,1373.3728899025873,101373.37288990257
SPLS-201709,2011-08-12,10.658967971801758,8.3325875428325,1.858123779296875,0.34469539885361405,2.0708976137408523,Hammer,2011-08-19,10.698504447937012,2011-09-30,10.631414413452148,Time stop (5 bars),6,-0.006270973182405881,-0.007202317227954393,-730.1231892906669,100643.24970061191
SPLS-201709,2015-10-02,11.069793701171875,4.052292011329911,0.7926511764526367,0.37931071821742035,1.02613129993638,Hammer,2015-10-09,11.170015335083008,2015-11-06,11.82600212097168,RSI > 90,4,0.05872747406427781,0.05780634446743457,5817.818354697785,106461.06805530969
SPLS-201709,2016-01-22,8.22259521484375,6.7104868351955105,0.8397932052612305,0.3186817429737209,1.0435349643915595,Hammer,2016-01-29,8.213366508483887,2016-03-11,8.785534858703613,Time stop (5 bars),6,0.06966307294684992,0.0684039035785756,7282.352626845226,113743.42068215493
SPP-199512,1992-06-05,19.797094345092773,4.889079850356936,1.536489486694336,0.2307690397895633,1.413763197778212,Hammer,1992-06-12,19.3834228515625,1992-07-24,18.083316802978516,Time stop (5 bars),6,-0.06707308913085919,-0.06757156363950481,-6757.156357193324,93242.84364280668
SPXC,1992-08-14,1.8228669166564941,6.915685526346152,0.3388662338256836,0.37931046613401176,2.416447319044765,Hammer,1992-08-21,1.844008445739746,1992-10-02,1.468159556388855,Time stop (5 bars),6,-0.20382167458029987,-0.20867881390153514,-20867.881369285635,79132.11863071438
SPXC,1993-05-07,1.5311336517333984,1.5248356822471578,0.13056182861328125,0.18181809881376731,1.3019438235147693,Hammer,1993-05-14,1.5192643404006958,1993-06-18,1.576998233795166,RSI > 90,5,0.038001216680464855,0.03131602054137274,2478.1030500436927,81610.22168075808
SPXC,1993-11-19,1.5727943181991577,4.719088343073324,0.12098419666290283,0.200000197065886,1.1012368071336314,Hammer,1993-11-26,1.5727943181991577,1993-12-31,1.6332863569259644,RSI > 90,5,0.03846150639459944,0.03200166089103205,2611.662636857909,84221.884317616
SRE,2001-07-27,5.946628093719482,8.900542403529542,0.5208220481872559,0.24888875460863563,1.2393465201970049,Hammer,2001-08-03,5.844778060913086,2001-09-10,6.249861717224121,Time stop (5 bars),6,0.06930693553961098,0.06753823003147692,6753.822996393868,106753.82299639388
SRE,2011-08-12,15.072367668151855,1.8897262644421318,1.1640243530273438,0.18699244941699275,2.0111125101443745,Hammer,2011-08-19,15.198549270629883,2011-09-30,15.996646881103516,Time stop (5 bars),6,0.052511433575828104,0.05183642295921486,5533.736315820495,112287.55931221436
SRR-200708,1995-06-30,7.896907806396484,6.980274128567203,0.7704296112060547,0.3749996905381418,1.3310439784953472,Hammer,1995-07-07,7.896907806396484,1995-07-28,8.956249237060547,RSI > 90,3,0.13414635913642003,0.1327959597066718,13279.595957387584,113279.59595738757
SRR-200708,1996-01-19,5.272611618041992,0.022864031220137804,0.6834869384765625,0.14285714285714285,1.1272311285378835,Hammer,1996-01-26,5.272611618041992,1996-02-09,6.639585018157959,RSI > 90,2,0.25925926260876353,0.25711884434182897,29126.3187709465,142405.91472833406
STE,2022-01-28,210.436279296875,4.174270157485992,12.414642333984375,0.39398677000907073,1.09065789033321,Hammer,2022-02-04,210.82872009277344,2022-03-11,234.3927001953125,RSI > 90,5,0.11176835913138361,0.11171827776019208,11171.827764847381,111171.82776484737
STI-201912,2014-10-17,31.370010375976562,5.186929645163573,2.030649185180664,0.19396606380530598,1.5353038523301925,Hammer,2014-10-24,31.440031051635742,2014-11-14,34.65230941772461,RSI > 90,3,0.10217160284648452,0.1018373415128902,10183.734141105288,110183.73414110528
STI-201912,2015-01-16,33.59531021118164,8.210795030077463,2.1112518310546875,0.3041672990611652,1.3958900925998226,Hammer,2015-01-23,33.75365447998047,2015-03-06,36.30398941040039,Time stop (5 bars),6,0.07555729800850286,0.07524988686757023,8291.313520473293,118475.04766157856
STJ-201701,2002-07-05,16.296707153320312,0.6294394538680592,2.223294258117676,0.14285634624219265,2.24280737810724,Hammer,2002-07-12,16.193817138671875,2002-08-16,17.312175750732422,RSI > 90,5,0.06906083985534428,0.06842219419926245,6842.219413084025,106842.21941308402
STT,1999-09-03,18.976234436035156,8.667597901536766,1.799142837524414,0.3999993639142175,1.057683800219535,Hammer,1999-09-10,18.976234436035156,1999-10-22,18.18569564819336,Time stop (5 bars),6,-0.04165941301508125,-0.042175275298323274,-4217.5275256148,95782.47247438521
STT,2001-03-23,26.95257568359375,8.28674622350691,4.196027755737305,0.2350364352998986,1.3377232656364149,Hammer,2001-03-30,27.18228530883789,2001-05-11,32.654998779296875,RSI > 90,6,0.201333824889242,0.2009289786900201,19245.47435143771,115027.94682582292
STT,2002-07-26,23.96964454650879,4.570816005619605,2.8867874145507812,0.1913970722321917,1.352149083881243,Hammer,2002-08-02,24.29246711730957,2002-09-13,25.577552795410156,Time stop (5 bars),6,0.052900583209389174,0.05247813164822481,6036.451730714087,121064.39855653701
STT,2006-06-16,38.480403900146484,7.768561240555442,2.6925811767578125,0.385922385116258,1.555655182048019,Hammer,2006-06-23,38.565364837646484,2006-08-04,39.415828704833984,Time stop (5 bars),6,0.022052530055603148,0.021790404906078777,2638.0422616197984,123702.4408181568
STT,2014-10-17,49.14342498779297,3.116973502686676,3.1799545288085938,0.2729370949825217,1.5287810657188403,Hammer,2014-10-24,48.70581817626953,2014-11-14,56.65570831298828,RSI > 90,3,0.16322259710221032,0.16300054965175736,20163.565826459977,143866.0066446168
STT,2015-10-02,49.80814743041992,7.835597120244657,3.1529579162597656,0.25861887483681756,1.1640820415184214,Hammer,2015-10-09,50.31275939941406,2015-11-13,54.7874755859375,RSI > 90,5,0.08893799982227857,0.08873042519805485,12765.29192835774,156631.29857297457
STT,2016-02-05,40.587764739990234,9.80707751685918,3.3263778686523438,0.3901352079725685,1.0552263077304143,Hammer,2016-02-12,39.923980712890625,2016-03-24,43.996185302734375,Time stop (5 bars),6,0.10199896195543756,0.10173574474773171,15935.001795190896,172566.30036816545
STT,2016-07-01,40.659610748291016,3.2179912263857773,3.1243247985839844,0.20643254218745993,1.0987563602639576,Hammer,2016-07-08,40.138526916503906,2016-08-05,49.78989791870117,RSI > 90,4,0.24045154976100713,0.24017249461540155,41445.67880452731,214011.97917269275
STX,2014-10-17,31.475704193115234,0.8682493616263969,2.4193801879882812,0.3832923910404178,1.3942987050533664,Hammer,2014-10-24,31.178483963012695,2014-11-07,37.40823745727539,RSI > 90,2,0.19980937821265154,0.19945665794239226,19945.665774293564,119945.66577429355
STZ,2014-10-17,71.01423645019531,8.605551325935409,4.2921142578125,0.34055132106595376,1.5917042373079653,Hammer,2014-10-24,71.49583435058594,2014-11-14,78.9901351928711,RSI > 90,3,0.10482150338348672,0.1046743147861438,10467.431468146948,110467.43146814696
SUN-201210,1994-05-20,6.956967830657959,7.3504182984956685,0.49252891540527344,0.3750004840702173,1.029432716444194,Hammer,1994-05-27,6.987751007080078,1994-07-08,6.618354320526123,Time stop (5 bars),6,-0.05286345866927389,-0.05425571226114318,-5425.571220688747,94574.42877931125
SUN-201210,2002-07-26,11.261438369750977,3.846759113897903,1.439910888671875,0.17907005701205944,2.0528473864757464,Hammer,2002-08-02,11.4188232421875,2002-08-16,11.964056968688965,RSI > 90,2,0.04774867908341629,0.04685241666948049,4431.040539015357,99005.4693183266
SUN-201210,2002-10-11,9.812077522277832,0.5212970282820493,0.9174575805664062,0.23897116911844196,1.2437583672034678,Hammer,2002-10-18,9.528745651245117,2002-11-29,9.970351219177246,Time stop (5 bars),6,0.04634456455183322,0.045271353329607855,4482.111578591503,103487.5808969181
SVU-201810,1997-10-31,83.18929290771484,1.6729986435043287,10.079254150390625,0.2957744559869443,2.4583512813939286,Hammer,1997-11-07,83.75713348388672,1997-12-19,91.60396575927734,Time stop (5 bars),6,0.0936855399534442,0.09356056190830182,9356.056181474127,109356.05618147414
SVU-201810,2002-09-27,87.20652770996094,3.7420818152663458,11.575630187988281,0.3049330989605475,1.0946542058869062,Hammer,2002-10-04,84.87064361572266,2002-11-15,83.72864532470703,Time stop (5 bars),6,-0.013455751510338065,-0.013572778266416863,-1484.265501156708,107871.79068031744
SVU-201810,2007-09-28,226.10292053222656,8.105499606557416,15.533355712890625,0.39925480896743987,1.0413687357662949,Hammer,2007-10-05,220.5387420654297,2007-11-16,215.438232421875,Time stop (5 bars),6,-0.023127499485063097,-0.023172317635013744,-2499.639395002391,105372.15128531505
SWK,2011-08-12,41.551700592041016,3.9841730037408496,3.9069175720214844,0.2534723069787878,1.3518557792028025,Hammer,2011-08-19,41.958675384521484,2011-09-30,34.93180847167969,Time stop (5 bars),6,-0.1674711331672306,-0.16768948020786048,-16768.948004017097,83231.05199598291
SWY-201501,2014-10-17,33.468544006347656,3.1641843263357003,1.2914581298828125,0.35384642650377496,2.11870267136831,Hammer,2014-10-24,33.35926818847656,2014-11-14,34.57124710083008,RSI > 90,3,0.03633110011604446,0.036025933659430846,3602.593362340491,103602.59336234049
SYK,2005-03-18,37.780792236328125,9.40648960732041,2.0918655395507812,0.2813684191330671,1.1069746956298803,Hammer,2005-03-24,37.62171173095703,2005-05-06,38.6239013671875,RSI > 90,6,0.026638597504478057,0.026369289012681846,2636.928898631256,102636.92889863126
SYK,2011-08-12,40.34053421020508,1.045990569196377,3.2412033081054688,0.3051283922312637,1.4250234608102426,Hammer,2011-08-19,40.73945236206055,2011-09-30,38.728240966796875,Time stop (5 bars),6,-0.04936765907871299,-0.049607033058216586,-5091.513519776712,97545.41537885455
SYK,2022-01-28,237.61715698242188,9.959859442816608,16.750595092773438,0.3752144125301635,1.243259837636497,Hammer,2022-02-04,236.2778778076172,2022-03-18,239.37734985351562,Time stop (5 bars),6,0.013117910464821803,0.013075310723165945,1275.4366144233768,98820.85199327792
SYK,2024-08-09,322.4805603027344,5.345024604549593,15.542205810546875,0.1835448381757241,1.1501497208634286,Hammer,2024-08-16,321.7870788574219,2024-08-30,347.7710266113281,RSI > 90,2,0.08074888477861863,0.08071655413685504,7976.478641789079,106797.33063506699
SYY,1999-04-09,6.786435604095459,4.847696398763688,0.5549654960632324,0.19999965631221286,1.3474193037437598,Hammer,1999-04-16,6.738867282867432,1999-05-07,7.5792436599731445,RSI > 90,3,0.12470588035503316,0.1231305929188815,12313.059279575089,112313.0592795751
SYY,2004-08-20,17.275434494018555,5.2559477760143665,1.6163520812988281,0.3523495635058305,2.0543403365794703,Hammer,2004-08-27,17.210346221923828,2004-10-08,16.805885314941406,Time stop (5 bars),6,-0.023501032563028268,-0.024075084034883072,-2703.946337666628,109609.11294190846
SYY,2011-08-12,19.332887649536133,6.56203899456213,1.3478851318359375,0.3529405105564046,1.7854586488037127,Hammer,2011-08-19,19.213956832885742,2011-09-30,17.132665634155273,Time stop (5 bars),6,-0.10832184212927054,-0.10881398074384765,-11927.003893084046,97682.10904882442
T,2002-06-28,6.190953731536865,4.466597337136889,0.7104372978210449,0.2428567113789898,1.348445689161261,Hammer,2002-07-05,6.201102256774902,2002-08-16,5.519407272338867,Time stop (5 bars),6,-0.1099312599935377,-0.11145401023338684,-11145.401012193284,88854.59898780672
T,2008-09-26,8.188167572021484,6.6766694429802556,0.6223006248474121,0.24122740810951843,1.0331775406683823,Hammer,2008-10-03,8.087179183959961,2008-11-14,7.701931476593018,Time stop (5 bars),6,-0.04763684575346616,-0.04884317294288159,-4339.940540791895,84514.65844701482
T,2012-10-26,12.146424293518066,6.837593202801926,0.8663492202758789,0.3400812167765812,1.91767005627574,Hammer,2012-11-02,12.18851375579834,2012-12-14,11.813213348388672,Time stop (5 bars),6,-0.03079131836161153,-0.03159880040537506,-2670.561820925105,81844.09662608971
T,2017-05-19,16.909578323364258,0.1694085013905493,0.5792751312255859,0.3969450819375253,1.2082773244401728,Hammer,2017-05-26,16.909578323364258,2017-07-07,16.73270034790039,Time stop (5 bars),6,-0.010460223908686839,-0.011048337823812615,-904.2412275055601,80939.85539858416
T,2021-12-03,13.7526273727417,4.328241000595867,1.1958818435668945,0.3921575663909829,2.0617156266754,Hammer,2021-12-10,13.828836441040039,2022-01-14,15.784603118896484,RSI > 90,5,0.14142669820378284,0.14065271670294238,11384.410539969766,92324.26593855393
T-200511,1991-09-13,18.16796875,6.493949900775306,1.3790874481201172,0.3478263274871757,2.1765552236825005,Hammer,1991-09-20,18.16796875,1991-11-01,18.227930068969727,Time stop (5 bars),6,0.0033003865096215,0.002749210635699101,274.92106329498904,100274.921063295
T-200511,1992-10-09,20.67937660217285,9.30565385340229,0.7429714202880859,0.2500006417974436,1.0269922073020914,Hammer,1992-10-16,20.67937660217285,1992-11-13,22.22723388671875,RSI > 90,4,0.07485028752671674,0.07434873741296862,7455.313767785763,107730.23483108077
T-200511,1998-09-04,43.920997619628906,5.999693480879628,6.031402587890625,0.3333333333333333,1.9186100017055316,Hammer,1998-09-11,45.05510711669922,1998-10-23,50.074893951416016,RSI > 90,6,0.1114143802103238,0.11118009155509043,11977.457359793494,119707.69219087427
TA-199907,1992-09-11,16.983373641967773,2.568447543494969,0.762725830078125,0.06666616652662745,1.1015729350057122,Hammer,1992-09-18,17.288463592529297,1992-10-16,17.853832244873047,RSI > 90,4,0.032702076116703394,0.03211436791549782,3211.4367883383447,103211.43678833835
TAP,2007-05-18,28.633567810058594,8.835142997489626,1.2443923950195312,0.25376751172557555,1.1709024030907422,Hammer,2007-05-25,28.561655044555664,2007-07-06,29.087331771850586,Time stop (5 bars),6,0.01840498131060242,0.018051701415185552,1805.1701397133852,101805.17013971339
TAP,2008-01-25,27.774473190307617,0.8634292858499748,5.054498672485352,0.3487499872642134,2.3493142642028033,Hammer,2008-02-01,27.755517959594727,2008-02-29,33.252288818359375,RSI > 90,4,0.19804245291932965,0.1976465592879287,20121.441575715093,121926.61171542847
TAP,2015-08-28,51.0931510925293,7.831744835120858,3.2494468688964844,0.3887603410567688,1.300864715392684,Hammer,2015-09-04,51.024662017822266,2015-09-25,65.26286315917969,RSI > 90,3,0.2790454768006929,0.2788221708462066,33995.84252842245,155922.45424385095
TAP,2020-03-13,36.23140335083008,1.0832891320940234,8.240598678588867,0.3553715622480729,2.5784992835138647,Hammer,2020-03-20,31.92381477355957,2020-05-01,36.78474807739258,Time stop (5 bars),6,0.15226668048014758,0.15192963904974294,23689.24216932909,179611.69641318006
TAP.B-200404,2004-03-19,17.1200008392334,1.9771577247246626,0.7199993133544922,0.388887564339964,1.019590145067604,Hammer,2004-03-26,17.020000457763672,2004-04-01,17.399999618530273,End of data,1,0.022326624591438637,0.02173269608329886,2173.2696061566166,102173.26960615661
TCOMA-199903,1994-02-25,16.49329376220703,0.25651307666747414,2.7632741928100586,0.34374977351188246,2.006916456664065,Hammer,1994-03-04,16.752349853515625,1994-04-15,13.90272331237793,Time stop (5 bars),6,-0.17010309395727408,-0.17064909225713623,-17064.909208648714,82935.0907913513
TCOMA-199903,1995-03-31,14.507189750671387,3.1591640768171203,1.208932876586914,0.35714285714285715,1.0872153630079413,Hammer,1995-04-07,14.42083740234375,1995-05-19,14.42083740234375,Time stop (5 bars),6,0.0,-0.0006932006594206663,-57.490659568186885,82877.6001317831
TCOMA-199903,1996-07-19,13.92391300201416,3.5002764176088164,2.625,0.2608697073800223,1.9621144413529041,Hammer,1996-07-26,13.92391300201416,1996-09-06,13.467391967773438,Time stop (5 bars),6,-0.03278683471914001,-0.03349299648675117,-2775.8191672683606,80101.78096451475
TDC,2008-04-04,21.889999389648438,3.4956265589753315,2.6099987030029297,0.3180077916326547,1.0203109986957006,Hammer,2008-04-11,22.010000228881836,2008-05-16,23.56999969482422,RSI > 90,5,0.07087684914674974,0.0704065160039797,7040.6515933573155,107040.65159335732
TDG,2020-03-20,251.42852783203125,0.31386630744198385,134.2874755859375,0.36590943592438024,2.9427373906355565,Hammer,2020-03-27,250.23997497558594,2020-05-08,275.9471740722656,Time stop (5 bars),6,0.10273018569150572,0.10268817225675245,10268.817215406427,110268.81721540642
TDG,2021-01-29,459.85382080078125,2.7340504252925655,46.768341064453125,0.36182655195252217,1.4279891839715966,Hammer,2021-02-05,464.9902648925781,2021-03-19,516.1802368164062,Time stop (5 bars),6,0.11008826590305931,0.11006557655087428,12136.800930259877,122405.6181456663
TDM-199708,1996-01-12,10.375,1.9242236765194747,1.0,0.375,1.010178177787277,Hammer,1996-01-19,10.375,1996-03-01,10.0,Time stop (5 bars),6,-0.03614457831325302,-0.03709055876685921,-3709.0558729768645,96290.94412702313
TDY,2022-05-13,400.95001220703125,2.0116930046253145,30.6400146484375,0.14164472137783213,1.2293123133169006,Hammer,2022-05-20,398.1400146484375,2022-07-01,381.4700012207031,Time stop (5 bars),6,-0.041869726263144336,-0.04189431692988261,-4189.43168879883,95810.56831120116
TE-201606,2004-04-16,7.637032508850098,4.879270820162432,0.48934173583984375,0.2584260356413415,1.3112299224174018,Hammer,2004-04-23,7.59304666519165,2004-06-04,6.775897026062012,Time stop (5 bars),6,-0.10761815054761203,-0.10886345867273961,-10886.345856387616,89113.65414361238
TECH,2022-05-13,90.17453002929688,1.0996494963900147,9.120506286621094,0.11129848934662714,1.1239508038679034,Hammer,2022-05-20,89.3555908203125,2022-07-01,86.36178588867188,Time stop (5 bars),6,-0.0335043941196802,-0.0336144255993194,-3361.442556570497,96638.55744342951
TECH,2023-11-03,57.87284469604492,0.6358339240274944,8.71246337890625,0.2160631720900907,1.5990213414500665,Hammer,2023-11-10,57.87284469604492,2023-12-15,67.71248626708984,RSI > 90,5,0.17002173683916677,0.16983427117348457,16412.538954249234,113051.09639767875
TEG-201506,2011-08-12,38.94070816040039,2.933804089442418,3.9628829956054688,0.1799159836972949,2.4597478416017267,Hammer,2011-08-19,39.139678955078125,2011-09-30,40.66086196899414,Time stop (5 bars),6,0.03886549543908946,0.038605068536907004,3860.5068498301944,103860.50684983018
TEG-201506,2014-08-08,63.14146423339844,9.87434903142615,2.4457321166992188,0.2204500151294425,1.0344342036737468,Hammer,2014-08-15,63.12220764160156,2014-09-12,66.39913940429688,RSI > 90,4,0.05191408673950759,0.05175156457486586,5374.943721642341,109235.45057147254
TEK-200711,1996-01-12,13.2809476852417,4.6935873337559,1.3999862670898438,0.3243239745175723,1.3810892888709148,Hammer,1996-01-19,13.318784713745117,1996-03-01,14.2003173828125,RSI > 90,6,0.06618717007698405,0.06541179460579921,6541.179454038742,106541.17945403873
TEK-200711,1996-03-15,10.175628662109375,4.160825691622932,1.3289060592651367,0.39999956941682535,1.1057537456013729,Hammer,1996-03-22,10.213597297668457,1996-05-03,11.937080383300781,Time stop (5 bars),6,0.16874398269312607,0.1676828077003566,17865.124088695637,124406.30354273439
TEL,2016-07-01,47.49497604370117,9.523407870188848,2.4825782775878906,0.282828795023917,1.0577958986531764,Hammer,2016-07-08,47.16061782836914,2016-07-29,51.231380462646484,RSI > 90,3,0.08631699120422898,0.086095821940763,8609.582185466716,108609.58218546673
TEN-202211,1990-08-24,28.59040641784668,0.6491983703936341,3.5063705444335938,0.38461542645897295,1.840991495212936,Hammer,1990-08-31,29.66929054260254,1990-10-12,24.814315795898438,Time stop (5 bars),6,-0.16363636129865589,-0.16394578127216197,-16394.578110821618,83605.4218891784
TEN-202211,1990-10-12,23.60057258605957,3.0292873118005303,3.2366504669189453,0.3749997790135992,1.4204359667791728,Hammer,1990-10-19,23.46571159362793,1990-11-30,24.1687068939209,Time stop (5 bars),6,0.02995840537321981,0.02952596036675386,2468.5303706770865,86073.95225985548
TEN-202211,1995-09-29,31.151611328125,2.35701621178859,1.5154838562011719,0.3888880498395318,1.2803389520906605,Hammer,1995-10-06,31.488384246826172,1995-11-17,30.225481033325195,Time stop (5 bars),6,-0.040106955110860265,-0.04041811459590152,-3478.946862682049,82595.00539717343
TEN-202211,1996-07-19,33.256771087646484,1.3777199601348116,2.245912551879883,0.30769296096407234,1.3724409830912203,Hammer,1996-07-26,33.17039108276367,1996-08-23,35.7618293762207,RSI > 90,4,0.0781250449230797,0.07781184212770965,6426.869514075315,89021.87491124876
TER,2025-01-31,115.19622802734375,9.085978243949114,24.493751525878906,0.38992663010891015,2.2156401303912463,Hammer,2025-02-07,112.002685546875,2025-03-21,86.79539489746094,Time stop (5 bars),6,-0.2250596985807487,-0.22513893155002,-22513.893132488105,77486.1068675119
TFC,2000-01-07,10.006047248840332,5.256420379616188,0.9351444244384766,0.2,1.1312307351224138,Hammer,2000-01-14,10.052803993225098,2000-02-25,8.954450607299805,Time stop (5 bars),6,-0.10925841055545382,-0.11019834813562454,-11019.834802542617,88980.16519745739
TFC,2001-03-23,12.91623592376709,5.00826813731328,1.931218147277832,0.39637802717887005,2.373538970871683,Hammer,2001-03-30,12.885149955749512,2001-05-11,14.347488403320312,RSI > 90,6,0.11349021568183515,0.1126704074472773,10025.431457498136,99005.59665495552
TFC,2003-03-14,13.244078636169434,8.114977632481029,0.8295602798461914,0.28855662482454014,1.1994116646652802,Hammer,2003-03-21,13.211060523986816,2003-05-02,13.512937545776367,Time stop (5 bars),6,0.022850324638316932,0.022085024600167504,2186.5410354924134,101192.13769044793
TFCFA-201903,2014-10-03,34.771610260009766,9.622202514988572,2.1432456970214844,0.2619042109928289,1.3299197610074631,Hammer,2014-10-10,34.84305191040039,2014-11-21,35.843231201171875,RSI > 90,6,0.028705272240315383,0.028414193519838236,2841.419349142404,102841.41934914241
TGNA-202603,1996-07-19,8.23880672454834,5.514184880854543,0.7942895889282227,0.3529409645888389,2.2396975080585753,Hammer,1996-07-26,8.192083358764648,1996-09-06,8.269954681396484,Time stop (5 bars),6,0.00950567996217,0.008279935638237186,827.9935629957249,100827.99356299572
TGNA-202603,1998-08-07,16.313491821289062,6.031271942128171,1.414372444152832,0.39772715779423456,1.5860014676557015,Hammer,1998-08-14,16.32956314086914,1998-09-25,14.31890869140625,Time stop (5 bars),6,-0.12312971462357647,-0.12370422349448731,-12472.8486377447,88355.144925251
TGNA-202603,2008-07-18,5.187592506408691,0.06061463586044624,1.0393633842468262,0.33431940039537494,1.387197039897312,Hammer,2008-07-25,5.196817398071289,2008-08-22,6.414533615112305,RSI > 90,4,0.23431960828428378,0.23217197464271028,20513.58844662478,108868.73337187577
TGNA-202603,2011-08-12,3.53963041305542,2.0795700036391196,0.3990762233734131,0.3478262947569282,1.0788737962849682,Hammer,2011-08-19,3.5708625316619873,2011-09-30,3.218432903289795,Time stop (5 bars),6,-0.09869593837547175,-0.10135446347926091,-11034.332049538843,97834.40132233694
TGNA-202603,2014-10-03,11.625749588012695,3.358025679437077,0.7201919555664062,0.35151673252327936,1.2108862741047923,Hammer,2014-10-10,11.69639778137207,2014-11-21,12.143844604492188,Time stop (5 bars),6,0.03825509626841961,0.03738415113248315,3657.4560413327963,101491.85736366974
TGT,1991-11-08,2.6107656955718994,7.915689502573457,0.2088613510131836,0.22499965754519263,1.3462283467855163,Hammer,1991-11-15,2.6107656955718994,1991-12-27,2.4363362789154053,Time stop (5 bars),6,-0.06681159360732469,-0.07050685654632811,-7050.685647582126,92949.31435241789
TGT,1996-07-19,4.336775302886963,3.3878388174891683,0.6386148929595947,0.17272661090256092,2.48798471868127,Hammer,1996-07-26,4.214857578277588,1996-09-06,4.79410982131958,Time stop (5 bars),6,0.13743103587350758,0.1348984491733351,12538.718345327274,105488.03269774516
TGT,2014-02-07,38.66604995727539,2.313526718727047,1.5169868469238281,0.24434391415976603,1.0521125806696243,Hammer,2014-02-14,38.67291259765625,2014-03-07,42.840850830078125,RSI > 90,3,0.10777409697025164,0.10750161922321103,11340.134312338501,116828.16701008366
TGT,2016-01-22,50.812557220458984,8.120674191902125,2.9881134033203125,0.2048764483299205,1.0773390973175934,Hammer,2016-01-29,50.84899139404297,2016-03-04,57.51719665527344,RSI > 90,5,0.13113741449769756,0.1309278795766346,15296.064166159122,132124.23117624279
TGT,2022-02-25,173.1270294189453,0.6901637239184737,16.667877197265625,0.2064648014456958,1.647387135462017,Hammer,2022-03-04,171.51065063476562,2022-04-14,202.7086181640625,Time stop (5 bars),6,0.18190105054019878,0.18183744406923044,24025.132472674988,156149.36364891776
THC,1993-04-16,20.159015655517578,0.35054202095247433,4.226890563964844,0.38461573172426616,1.7620406367622041,Hammer,1993-04-23,20.484161376953125,1993-05-28,25.389442443847656,RSI > 90,5,0.23946701925583813,0.23892051884568116,23892.051860676067,123892.05186067607
THC,1995-06-30,38.31480407714844,4.033643802454961,3.998065948486328,0.3333330152881156,1.4452035802316818,Hammer,1995-07-07,38.31480407714844,1995-08-18,39.647491455078125,Time stop (5 bars),6,0.03478257060237788,0.03451707047527561,4276.390681125065,128168.44254180114
THC,1996-07-19,51.9748649597168,4.242328546701117,4.33123779296875,0.384615045868974,1.1787420658205194,Hammer,1996-07-26,51.641693115234375,1996-08-23,58.30513381958008,RSI > 90,4,0.12903218896167412,0.12882607390758793,16511.437234999074,144679.87977680023
THC,2002-07-26,179.0,5.070475348311533,19.240005493164062,0.2411641405870191,1.5948912300020766,Hammer,2002-08-02,177.39999389648438,2002-09-13,190.9199981689453,Time stop (5 bars),6,0.0762119771004619,0.07615346093551344,11017.873561719465,155697.7533385197
THC,2005-09-16,46.63999938964844,4.196955936372532,4.119998931884766,0.35922328299227896,1.6202783699597074,Hammer,2005-09-23,46.79999923706055,2005-11-04,32.79999923706055,Time stop (5 bars),6,-0.29914530402200334,-0.2993269998583138,-46604.541344894315,109093.21199362537
THC,2006-01-27,29.920000076293945,8.804684869061418,2.8000011444091797,0.21428576294254728,1.0986960179847054,Hammer,2006-02-03,30.0,2006-03-03,32.279998779296875,RSI > 90,4,0.07599995930989589,0.07565401697373356,8253.339703631507,117346.55169725689
THY-199708,1994-10-07,13.488632202148438,8.884143085658067,1.9983158111572266,0.12499988069024037,1.6856732044239715,Hammer,1994-10-14,13.488632202148438,1994-11-25,9.991579055786133,Time stop (5 bars),6,-0.2592592854452138,-0.25990430847847745,-25990.430821857313,74009.56917814269
TIF-202101,2000-12-22,23.416446685791016,4.659956337141466,4.436317443847656,0.2886597406260265,1.2428380117883584,Hammer,2000-12-29,23.416446685791016,2001-02-09,24.99705696105957,RSI > 90,6,0.06750000529446942,0.0670586363147836,6705.863624772497,106705.8636247725
TIF-202101,2001-08-17,23.924440383911133,4.811827744704402,2.3476905822753906,0.3718747613468891,1.0508350964706044,Hammer,2001-08-24,23.917102813720703,2001-10-05,15.91993236541748,Time stop (5 bars),6,-0.3343703671213649,-0.3347185032459041,-35716.42692432899,70989.4367004435
TIF-202101,2002-07-05,25.381834030151367,8.294356831815591,2.4931869506835938,0.2573962550529856,1.3680638871326876,Hammer,2002-07-12,25.337575912475586,2002-08-23,19.10460662841797,Time stop (5 bars),6,-0.24599706402808086,-0.2463431225625467,-17487.759488255746,53501.67721218775
TIF-202101,2008-10-10,22.47532844543457,1.1188532107964022,7.783527374267578,0.29919672810054865,1.9902862390839522,Hammer,2008-10-17,23.420915603637695,2008-11-28,15.262279510498047,Time stop (5 bars),6,-0.3483482982139462,-0.34870082481946535,-18656.078954458586,34845.59825772916
TIF-202101,2011-08-12,56.57280731201172,4.240785171883672,7.577823638916016,0.3540980256040707,1.778189346564618,Hammer,2011-08-19,56.846107482910156,2011-09-30,58.862239837646484,Time stop (5 bars),6,0.035466497954014686,0.03528748064124127,1229.613372722475,36075.21163045163
TIF-202101,2020-03-20,123.66276550292969,0.17017175677571572,24.45037841796875,0.15328948189568017,4.825864339090993,Hammer,2020-03-27,122.2431640625,2020-05-08,125.31896209716797,Time stop (5 bars),6,0.02516130908633385,0.02507847915900458,904.7114421262495,36979.923072577876
TIN-201202,2002-10-11,6.4321088790893555,6.466918398906543,0.9015030860900879,0.20231155475886087,1.4347874383566561,Hammer,2002-10-18,6.4060540199279785,2002-11-29,8.12047290802002,RSI > 90,6,0.26762479410239437,0.26585626681573166,26585.626654987536,126585.62665498754
TIN-201202,2003-03-14,6.976833343505859,5.404779353553238,0.5730280876159668,0.3630766388705588,1.106168688954656,Hammer,2003-03-21,6.976833343505859,2003-05-02,7.690913677215576,Time stop (5 bars),6,0.10235020654096516,0.1008446204698678,12765.47946419712,139351.10611918467
TJX,1993-09-10,0.5463146567344666,6.618065242016641,0.05153912305831909,0.20000046259727552,1.2228947287912948,Hammer,1993-09-17,0.5463146567344666,1993-10-01,0.6158924698829651,RSI > 90,2,0.12735849622704976,0.1080649905108425,10806.499040277751,110806.49904027776
TJX,1996-07-26,0.6528927087783813,4.204337997118756,0.07533377408981323,0.14814806023620708,1.5287930072061984,Hammer,1996-08-02,0.6528927087783813,1996-09-13,0.7410808801651001,Time stop (5 bars),6,0.13507299162786857,0.11884638687044229,13168.952039531192,123975.45107980895
TJX,2022-03-11,57.75301742553711,5.6773498184502245,4.785331726074219,0.3104119268585495,1.169600880521438,Hammer,2022-03-18,57.8564338684082,2022-04-29,58.56154251098633,Time stop (5 bars),6,0.012187212301778994,0.01201333247563444,1489.358311149139,125464.8093909581
TKA-199108,1990-06-15,6.625,0.3796650729967439,1.625,0.38461538461538464,1.1943827502225957,Hammer,1990-06-22,6.625,1990-08-03,5.25,Time stop (5 bars),6,-0.2075471698113207,-0.20889894419306185,-20889.89439841629,79110.10560158372
TKA-199108,1991-04-12,5.625,0.6780244992573046,1.125,0.3333333333333333,1.5653798247339301,Hammer,1991-04-19,4.75,1991-05-31,5.0,Time stop (5 bars),6,0.05263157894736836,0.05047318611987391,3992.939079998676,83103.0446815824
TKO,2025-08-08,160.7913818359375,3.2824957577044103,15.750259399414062,0.3122855933246077,1.50272544151951,Hammer,2025-08-15,161.69732666015625,2025-08-22,185.241455078125,RSI > 90,1,0.14560616989946973,0.14553982557981085,14553.982543427104,114553.9825434271
TKR,1998-10-09,5.657334327697754,0.005069984292632057,0.8474545478820801,0.21621603372868395,1.0161406981065992,Hammer,1998-10-16,5.748950958251953,1998-11-13,7.008681297302246,RSI > 90,4,0.2191235145678354,0.21719516695880234,21719.51667416071,121719.51667416072
TLAB-201312,2000-10-13,31.31745719909668,2.2713357413158946,8.21025276184082,0.28865984889896407,1.487052554578669,Hammer,2000-10-20,30.76728630065918,2000-11-10,36.56524658203125,RSI > 90,3,0.18844561800849657,0.18809003090706602,18809.003071897598,118809.00307189759
TLAB-201312,2010-06-11,4.690625190734863,7.760757580132321,0.6671714782714844,0.24489765287744075,1.2899467436924483,Hammer,2010-06-18,4.711048603057861,2010-07-30,5.242062568664551,RSI > 90,6,0.11271672409875322,0.11047680154713985,13125.638641261921,131934.6417131595
TMO,2001-03-23,17.33856773376465,1.0294461591562083,2.8722305297851562,0.38591490932852374,1.4691387851869728,Hammer,2001-03-30,17.850309371948242,2001-05-11,21.23832893371582,RSI > 90,6,0.18980172786763294,0.1891885204226507,18918.85202334622,118918.85202334622
TMO,2004-07-30,24.308902740478516,1.6665746730591309,2.2305221557617188,0.3983056789768743,1.532891546393684,Hammer,2004-08-06,24.034814834594727,2004-09-17,25.499774932861328,Time stop (5 bars),6,0.06095158661917366,0.06052293282113094,7197.317684977677,126116.16970832388
TMO,2011-08-12,50.69710922241211,5.2402139474280744,4.943061828613281,0.30783905466455314,1.5417910849342038,Hammer,2011-08-19,51.13187026977539,2011-09-30,48.41933059692383,Time stop (5 bars),6,-0.05304988177706016,-0.05324024834700775,-6714.456189130084,119401.71351919379
TMO,2022-01-28,564.5755615234375,4.531478237172038,32.83636474609375,0.18394917387093837,1.0385082030198989,Hammer,2022-02-04,566.5198364257812,2022-03-18,528.69921875,Time stop (5 bars),6,-0.06675956470367306,-0.06677662697800772,-7973.243676232902,111428.46984296088
TMO,2022-05-13,534.6637573242188,6.868048706787661,39.26385498046875,0.33199181096193214,1.0877744124537834,Hammer,2022-05-20,530.6347045898438,2022-07-01,539.3447265625,Time stop (5 bars),6,0.016414346625497567,0.016395346781260856,1826.9084025537027,113255.37824551458
TMUS,2023-06-09,125.6187744140625,5.606959083249791,6.655799865722656,0.23706855542653563,1.0122737152546537,Hammer,2023-06-16,125.9343490600586,2023-07-07,132.84835815429688,RSI > 90,3,0.054901693984545474,0.054820110996015047,5482.011094119494,105482.01109411949
TNB-201205,1995-10-06,26.290433883666992,0.8427531800744248,1.1318778991699219,0.31818243095226056,1.498303581504782,Hammer,1995-10-13,26.187536239624023,1995-11-24,27.885353088378906,Time stop (5 bars),6,0.06483301190380542,0.0644388475141845,6443.884744974566,106443.88474497455
TNB-201205,1996-07-19,29.884477615356445,2.2429675497264725,2.5254478454589844,0.2916668554795772,1.8421660613267405,Hammer,1996-07-26,29.674022674560547,1996-08-09,31.883790969848633,RSI > 90,2,0.07446810698781703,0.07411862308975627,7889.474165732752,114333.35891070729
TNB-201205,1997-10-31,43.184024810791016,8.221849268099618,5.6421356201171875,0.38461528059865374,2.2643767661697844,Hammer,1997-11-07,43.238277435302734,1997-12-19,39.735496520996094,Time stop (5 bars),6,-0.08101111149832085,-0.0812329944131129,-9287.641096338277,105045.71781436901
TNB-201205,2003-03-14,14.435978889465332,1.6748372626033898,1.519576072692871,0.22368458212704853,1.2170215682779064,Hammer,2003-03-21,14.395990371704102,2003-05-02,14.775884628295898,Time stop (5 bars),6,0.02638889348929374,0.025685334622442792,2698.1344100186343,107743.85222438765
TNB-201205,2004-02-06,20.75,9.155353786463948,1.4200000762939453,0.30281710005117607,1.2837205579716675,Hammer,2004-02-13,20.75,2004-03-26,21.5,Time stop (5 bars),6,0.03614457831325302,0.03565405926282822,3841.505688572218,111585.35791295988
TOY-200507,1990-08-24,25.0,1.63373882983349,3.875,0.3870967741935484,1.5430083822172922,Hammer,1990-08-31,27.5,1990-10-12,22.875,Time stop (5 bars),6,-0.1681818181818182,-0.16851481548809302,-16851.48153195782,83148.51846804218
TOY-200507,1993-09-10,35.375,8.897210952997611,2.375,0.3157894736842105,1.241473756167671,Hammer,1993-09-17,35.625,1993-10-22,39.0,RSI > 90,5,0.09473684210526323,0.09444288520909333,7852.785977130698,91001.30444517288
TOY-200507,1996-07-19,26.125,2.5767118336666925,3.0,0.20833333333333334,1.7068410013355928,Hammer,1996-07-26,26.0,1996-08-30,30.0,RSI > 90,5,0.15384615384615374,0.15343203230148064,13962.515069146124,104963.819514319
TOY-200507,2002-07-05,16.850000381469727,1.6676156497520367,1.9500007629394531,0.38461523413428905,1.3576124184748015,Hammer,2002-07-12,16.799999237060547,2002-08-23,13.899999618530273,Time stop (5 bars),6,-0.17261903275167523,-0.17316273434352603,-18175.821976064013,86787.99753825497
TPR,2005-10-14,19.607351303100586,6.26451406442348,2.227231979370117,0.3294804964584559,1.5616014297530052,Hammer,2005-10-21,19.607351303100586,2005-12-02,23.585468292236328,RSI > 90,6,0.20288905562204462,0.20232744803568803,20232.744783336057,120232.74478333605
TPR,2006-05-26,19.246875762939453,5.0109907750393035,1.4676551818847656,0.17982413960705626,1.1035705285105266,Hammer,2006-06-02,19.22756576538086,2006-07-14,18.37143325805664,Time stop (5 bars),6,-0.04452630758209031,-0.04503468324976592,-5414.643572152841,114818.10121118321
TPR,2011-08-12,35.931793212890625,4.201514514243129,4.156139373779297,0.23529357773745374,1.4295430344018234,Hammer,2011-08-19,36.21591567993164,2011-09-30,37.88064193725586,Time stop (5 bars),6,0.04596670348022425,0.045684274576223045,5245.38165680688,120063.4828679901
TPR,2012-07-13,38.35581970214844,3.04534815570355,3.863758087158203,0.3194446227073606,1.302752906873423,Hammer,2012-07-20,38.18141555786133,2012-08-03,41.65611267089844,RSI > 90,2,0.09100493164721568,0.0907311425390866,10893.496966941297,130956.9798349314
TPR,2014-02-07,33.02665328979492,0.5484644137884658,2.492971420288086,0.09470748679262606,1.4302184938092593,Hammer,2014-02-14,33.0474853515625,2014-03-28,35.30782699584961,RSI > 90,6,0.06839678178963893,0.06808388598773656,8916.060075463723,139873.0399103951
TRB-200712,1995-10-13,13.557596206665039,8.212967240199731,0.5894603729248047,0.36363724611466863,1.4249529278595683,Hammer,1995-10-20,13.611183166503906,1995-11-24,14.173850059509277,RSI > 90,5,0.04133857329831936,0.04058897315401446,4058.897311342549,104058.89731134256
TRB-200712,2007-08-17,25.670000076293945,1.2224086912913776,4.219999313354492,0.3151659099794576,2.5340079605041503,Hammer,2007-08-24,26.209999084472656,2007-10-05,27.469999313354492,Time stop (5 bars),6,0.04807326489485786,0.04768263484785783,4961.80239820568,109020.69970954824
TRIP,2014-10-17,72.0757827758789,0.8986963495475777,7.167564392089844,0.2915631948753921,1.1711762485021233,Hammer,2014-10-24,71.8178939819336,2014-12-05,65.36175537109375,Time stop (5 bars),6,-0.08989596119964116,-0.0900289344017013,-9002.893431167238,90997.10656883277
TRIP,2016-01-22,62.82732009887695,3.312197863363963,5.940361022949219,0.27095740513604283,1.1115116991698986,Hammer,2016-01-29,62.925140380859375,2016-03-11,57.83848190307617,Time stop (5 bars),6,-0.0808366647574531,-0.08098914839435806,-7369.778159990634,83627.32840884212
TROW,2000-10-20,10.376259803771973,7.365454996717588,1.1344308853149414,0.18666674512856682,1.1341072023346597,Hammer,2000-10-27,10.421636581420898,2000-12-08,9.151074409484863,Time stop (5 bars),6,-0.12191580103657818,-0.12281641945954587,-12281.641933672945,87718.35806632704
TROW,2002-07-26,6.174560546875,1.5511554636630365,0.9979090690612793,0.18750008959430267,1.3489161410012551,Hammer,2002-08-02,6.276845932006836,2002-09-13,6.8431596755981445,Time stop (5 bars),6,0.09022266114635169,0.08855896015481948,7768.246569073799,95486.60463540084
TROW,2017-02-03,47.372314453125,1.0420149651094732,2.7635574340820312,0.3974684243218994,1.27523856290028,Hammer,2017-02-10,46.66568374633789,2017-03-24,48.914493560791016,Time stop (5 bars),6,0.04818979673965673,0.047970366721460225,4580.527436766735,100067.13207216757
TROW,2020-03-13,82.2033920288086,1.50473743478247,16.722267150878906,0.3437643858691015,2.6949230981540677,Hammer,2020-03-20,70.33969116210938,2020-05-01,78.08287811279297,Time stop (5 bars),6,0.11008275445563376,0.10993277279251197,11000.657283087228,111067.78935525479
TROW,2025-11-21,96.48367309570312,4.949026899941288,5.5210418701171875,0.2369336727220467,1.1069260278673672,Hammer,2025-11-28,96.79146575927734,2025-12-12,102.66840362548828,RSI > 90,2,0.06071752111727524,0.06061107521013628,6731.938127302983,117799.72748255778
TRV,1991-10-11,5.932180881500244,3.551914648635986,0.28906822204589844,0.3478258717957177,1.1358023813965488,Hammer,1991-10-18,5.932180881500244,1991-11-08,6.585726261138916,RSI > 90,3,0.11016949629381334,0.10839241594338239,10839.241583498999,110839.241583499
TRV,1998-08-07,18.1378173828125,9.908809438885655,1.5270671844482422,0.2040823208926049,1.5271852592905064,Hammer,1998-08-14,18.1378173828125,1998-09-25,16.143280029296875,Time stop (5 bars),6,-0.10996567621226905,-0.1104865529548135,-12246.245722440384,98592.9958610586
TRV,2002-07-26,15.093502044677734,0.12362515551662057,3.4379653930664062,0.34959367184396645,1.8343319588578515,Hammer,2002-08-02,16.07178497314453,2002-09-13,16.753787994384766,Time stop (5 bars),6,0.042434802505125546,0.041799590052537416,4121.1468049226205,102714.14266598123
TRV,2008-07-18,28.791366577148438,6.2974360149951,2.450052261352539,0.28074872346603785,1.3176049235229241,Hammer,2008-07-25,28.49657440185547,2008-09-05,29.361297607421875,Time stop (5 bars),6,0.0303448124456005,0.029988631277532513,3080.256548317725,105794.39921429896
TRV,2011-08-12,36.373992919921875,1.090436936277115,2.539703369140625,0.2745100395332909,1.644925835525118,Hammer,2011-08-19,36.452247619628906,2011-09-30,34.093868255615234,Time stop (5 bars),6,-0.06469777635175844,-0.06496319713226274,-6872.742404775065,98921.65680952389
TRW-200212,1990-07-06,16.017065048217773,3.8136030292990313,0.6945075988769531,0.31249965670846586,1.074635248469258,Hammer,1990-07-13,16.103878021240234,1990-08-24,14.296952247619629,Time stop (5 bars),6,-0.11220438774047825,-0.11279033656005791,-11279.033644726758,88720.96635527325
TRW-200212,1991-10-25,14.010177612304688,0.28695508321098373,0.6890249252319336,0.33333379469754115,1.068677108341278,Hammer,1991-11-01,13.964242935180664,1991-12-13,13.942943572998047,Time stop (5 bars),6,-0.0015252786908309668,-0.0022405911564321525,-198.78741240695234,88522.1789428663
TRW-200212,1992-08-28,20.767959594726562,4.8768471299677,0.9548473358154297,0.2,1.1493687125814762,Hammer,1992-09-04,20.720216751098633,1992-10-16,18.858261108398438,Time stop (5 bars),6,-0.08986178402798173,-0.09032260869363223,-7995.554121368648,80526.62482149765
TRW-200212,1996-07-19,36.01578140258789,0.8830676950977363,1.649169921875,0.35483900814211694,1.2015192893267024,Hammer,1996-07-26,35.962581634521484,1996-08-16,39.92103576660156,RSI > 90,3,0.11007146740211349,0.10977813777422216,8840.062905307404,89366.68772680506
TRW-200212,2000-09-08,41.476524353027344,9.789831230952174,6.449275970458984,0.3669724879172904,1.5290625568064897,Hammer,2000-09-15,41.23985290527344,2000-10-27,34.73141098022461,Time stop (5 bars),6,-0.15781923228481198,-0.15804255478907053,-14123.739627257608,75242.94809954744
TSCO,2014-02-07,11.088509559631348,2.4510048400290003,0.7651271820068359,0.08496635896566596,1.3269226315071532,Hammer,2014-02-14,11.101844787597656,2014-03-14,12.139396667480469,RSI > 90,4,0.0934576099498261,0.09251519216602522,9251.519207351,109251.51920735101
TSCO,2018-02-09,11.613081932067871,6.732327134346875,0.7980718612670898,0.3763686921857131,1.0404716116538004,Hammer,2018-02-16,11.674203872680664,2018-03-29,10.552711486816406,Time stop (5 bars),6,-0.09606585580441274,-0.09688095166409254,-10584.39114097166,98667.12806637934
TSN,2008-09-26,9.041476249694824,2.02764954436482,1.3394765853881836,0.398936166425663,1.1330072462256668,Hammer,2008-10-03,9.034351348876953,2008-11-14,5.664281845092773,Time stop (5 bars),6,-0.3730283861721969,-0.3739283244260793,-37392.8324052151,62607.1675947849
TSS-201909,2008-09-19,15.699175834655762,2.7755783297034498,1.8971281051635742,0.2798158934651329,1.2603650724593642,Hammer,2008-09-26,15.620854377746582,2008-11-07,11.878809928894043,Time stop (5 bars),6,-0.2395544032587259,-0.2401177150476956,-24011.771480757787,75988.22851924223
TSS-201909,2014-01-31,28.523452758789062,2.050348382479754,4.228878021240234,0.3498874681460433,3.6516639317444946,Hammer,2014-02-07,28.456632614135742,2014-03-21,28.914840698242188,Time stop (5 bars),6,0.01610197841465033,0.015747799509007728,1196.6473865690423,77184.87590581128
TSS-201909,2018-10-12,93.47966003417969,8.692488745188896,6.706977844238281,0.3605335929937197,1.9380402010044808,Hammer,2018-10-19,93.31048583984375,2018-11-30,83.19032287597656,Time stop (5 bars),6,-0.10845686712249292,-0.10855821917118309,-8379.052666904576,68805.82323890671
TT,1990-10-19,1.8291336297988892,0.2778726360540702,0.19216573238372803,0.18518513923361185,1.1199015068209592,Hammer,1990-10-26,1.836250901222229,1990-12-07,1.9400149583816528,Time stop (5 bars),6,0.05650864873114969,0.05092410659361129,5092.410654268719,105092.41065426871
TT,1997-04-04,5.783318996429443,4.109154189509624,0.35941553115844727,0.36363696668254286,1.260101897774006,Hammer,1997-04-11,5.783318996429443,1997-05-02,6.273430824279785,RSI > 90,3,0.08474577109665415,0.08294494967304002,8716.884704019889,113809.29535828861
TT,1997-11-14,7.508958339691162,6.155397109258118,0.7995610237121582,0.14711226913628989,1.3737852424564894,Hammer,1997-11-21,7.657161235809326,1998-01-02,7.8424153327941895,Time stop (5 bars),6,0.02419357399952715,0.02287267150759095,2603.122624637408,116412.41798292602
TT,2002-07-05,9.516091346740723,1.3580005235130983,0.7670183181762695,0.23076875255664403,1.1936223566849662,Hammer,2002-07-12,9.556127548217773,2002-08-23,7.864273548126221,Time stop (5 bars),6,-0.17704389058799086,-0.17799720707719083,-20721.085249342294,95691.33273358372
TT,2004-05-14,13.690023422241211,7.739694145364396,1.095383644104004,0.306538521478017,1.3858654454361847,Hammer,2004-05-21,13.403502464294434,2004-06-18,14.640748977661133,RSI > 90,4,0.092307702159387,0.09152748538733085,8758.387049708912,104449.71978329265
TT,2007-12-21,21.03104019165039,8.427044833705665,1.7464771270751953,0.23622054983470886,1.1949957181472481,Hammer,2007-12-28,21.118133544921875,2008-02-08,17.968978881835938,Time stop (5 bars),6,-0.14912088023248593,-0.14955899683952983,-15621.395295337847,88828.32448795481
TT,2011-08-12,14.80044937133789,1.0770792950488897,1.7581310272216797,0.3490307203447292,1.1928200861883835,Hammer,2011-08-19,14.94168472290039,2011-09-23,17.06316375732422,RSI > 90,5,0.14198392442134322,0.14126738293935842,12548.54491875296,101376.86940670777
TT,2014-10-03,36.13825988769531,1.0753332149957515,1.9539375305175781,0.37704822017402917,1.2975979198434258,Hammer,2014-10-10,36.25357437133789,2014-11-07,40.09738540649414,RSI > 90,4,0.1060257119969712,0.10573529438561838,10719.113119891525,112095.98252659928
TT,2017-08-04,59.58771514892578,6.5456739773186,2.2570037841796875,0.36227563127471857,1.1326242979088403,Hammer,2017-08-11,59.54041290283203,2017-09-22,60.96019744873047,RSI > 90,6,0.023845728920548037,0.023675787557287862,2653.9606656712567,114749.94319227054
TT-200806,2007-08-10,36.588462829589844,2.978753614423809,6.770538330078125,0.29796445458110404,2.782335918933722,Hammer,2007-08-17,37.395416259765625,2007-09-28,35.48667526245117,Time stop (5 bars),6,-0.0510421112591839,-0.051302664226723735,-5130.266417542107,94869.7335824579
TTWO,2018-10-26,120.05999755859375,5.936468208045383,14.154998779296875,0.3472272228462522,1.5339219526761632,Hammer,2018-11-02,122.3499984741211,2018-12-14,102.12000274658203,Time stop (5 bars),6,-0.1653452879430809,-0.1654202605529023,-16542.026038748205,83457.9739612518
TTWO,2022-11-11,102.25,8.400406621686216,19.389999389648438,0.36823102704480765,1.7102987900571798,Hammer,2022-11-18,102.23999786376953,2022-12-30,99.33999633789062,Time stop (5 bars),6,-0.02836464775501102,-0.028461064958465426,-2375.302815837801,81082.671145414
TUPBQ-202506,1997-02-07,18.74470329284668,9.521685060766458,1.1496753692626953,0.21739130434782608,1.0433111378304012,Hammer,1997-02-14,18.74470329284668,1997-03-27,14.582611083984375,Time stop (5 bars),6,-0.22204097572729442,-0.22251510563657964,-22251.510541406453,77748.48945859354
TUPBQ-202506,2000-09-29,8.340892791748047,6.161315691985905,0.8109197616577148,0.3928574368672168,1.0448755836326518,Hammer,2000-10-06,8.427777290344238,2000-11-17,8.45673942565918,Time stop (5 bars),6,0.0034365093330270824,0.0022486228038599617,174.82702618743224,77923.31648478097
TUPBQ-202506,2002-07-26,8.464500427246094,1.4591480038821345,0.7369093894958496,0.34459441533676155,1.048880477830261,Hammer,2002-08-02,8.345001220703125,2002-09-06,9.03709888458252,RSI > 90,5,0.08293559768000613,0.08168833103738847,6365.425666174551,84288.74215095551
TWC-201605,2011-08-12,58.380558013916016,3.8746182451037328,5.7569580078125,0.2910210502321834,1.66846197492384,Hammer,2011-08-19,58.36273193359375,2011-09-30,58.60963439941406,Time stop (5 bars),6,0.0042304816385436705,0.004058791698293941,405.8791694235149,100405.87916942351
TWX-200101,1990-08-24,9.030135154724121,0.9848279202801677,1.0847673416137695,0.3996761207637009,1.5044765540273046,Hammer,1990-08-31,9.348505020141602,1990-10-12,8.6249361038208,Time stop (5 bars),6,-0.07739942533719057,-0.0784271687181598,-7842.716863973263,92157.28313602674
TWX-200101,1996-07-19,17.490243911743164,7.092896771762938,3.9138994216918945,0.28125002284345035,3.3784320358579705,Hammer,1996-07-26,17.36793327331543,1996-09-06,15.757864952087402,Time stop (5 bars),6,-0.09270350685316031,-0.09325243444734965,-8593.890995894286,83563.39214013245
TWX-201806,2002-06-28,22.411293029785156,3.3147491792435204,4.738212585449219,0.3697747513473215,1.1660031315297859,Hammer,2002-07-05,21.938995361328125,2002-08-16,16.378068923950195,Time stop (5 bars),6,-0.2534722463718725,-0.2538701975482353,-25387.019729436513,74612.98027056348
TWX-201806,2017-11-17,87.96404266357422,1.5781765726934083,3.5891571044921875,0.24861937173442622,1.2170109174174844,Hammer,2017-11-24,87.99378967285156,2018-01-05,90.95830535888672,Time stop (5 bars),6,0.033690055821630205,0.033574503661004895,2505.093776747425,77118.07404731092
TX-200110,1997-10-31,50.33586502075195,9.385434653914999,7.498004913330078,0.3750000635952048,3.065577032113092,Hammer,1997-11-07,51.12496566772461,1997-12-19,47.123878479003906,Time stop (5 bars),6,-0.0782609266620321,-0.07844885355072061,-7844.885347227177,92155.11465277281
TXN,2006-02-03,18.41521453857422,9.37719959978493,1.2460975646972656,0.36945787171253025,1.0185395017586447,Hammer,2006-02-10,18.445905685424805,2006-03-24,18.531843185424805,Time stop (5 bars),6,0.00465889295248334,0.004115651626791716,411.5651622676064,100411.56516226761
TXN,2014-02-07,30.06848907470703,8.035624383994389,1.5553874969482422,0.2534559782015547,1.534291918881779,Hammer,2014-02-14,30.08282470703125,2014-03-07,32.0252685546875,RSI > 90,3,0.06456986225772354,0.06422677167501098,6449.110662758338,106860.67582502594
TXT,1993-10-22,9.444205284118652,5.928865752699238,0.36241817474365234,0.35294179562815936,1.0312469874718524,Hammer,1993-10-29,9.401568412780762,1993-12-10,9.347661018371582,Time stop (5 bars),6,-0.005733872481946345,-0.006793911616307185,-679.3911609513275,99320.60883904867
TXT,1997-10-31,21.569812774658203,2.3467865611334418,2.2619152069091797,0.371134038005051,1.6641775728010257,Hammer,1997-11-07,21.919593811035156,1997-12-12,23.645179748535156,RSI > 90,5,0.07872344498606876,0.07824938296628821,7771.776349719852,107092.38518876853
TXT,1998-09-25,22.962799072265625,9.753012647832435,2.0853729248046875,0.340908924612379,1.2877293440555715,Hammer,1998-10-02,22.962799072265625,1998-10-23,25.45102882385254,RSI > 90,3,0.10835916578620375,0.10790018424444756,11555.288081490184,118647.6732702587
TXT,2003-03-14,13.956755638122559,0.17262486640170494,1.5041427612304688,0.29859219582959257,1.2689015505345853,Hammer,2003-03-21,13.960993766784668,2003-05-02,12.287369728088379,Time stop (5 bars),6,-0.11987857502508847,-0.12055168195051424,-14303.17655794158,104344.49671231712
TXT,2004-03-26,22.973461151123047,9.46817993121509,1.1334152221679688,0.18846047698220908,1.0011595881095554,Hammer,2004-04-02,23.060646057128906,2004-04-30,25.039762496948242,RSI > 90,4,0.0858222460427347,0.08537009693733422,8907.899790299965,113252.39650261708
TXT,2008-09-19,34.008941650390625,8.279846135196209,9.513236999511719,0.2515163374685926,2.1458209195590277,Hammer,2008-09-26,33.611732482910156,2008-11-07,16.701833724975586,Time stop (5 bars),6,-0.5030951250886098,-0.5033177679162064,-57001.943361856465,56250.45314076061
TXT,2015-09-04,38.053104400634766,9.318928597427316,2.7862930297851562,0.34982270231787627,1.114521659602303,Hammer,2015-09-11,38.8210563659668,2015-10-23,38.239471435546875,Time stop (5 bars),6,-0.014981172200398407,-0.015236801926102455,-857.0770119022002,55393.37612885841
TXT,2017-01-27,47.174034118652344,9.979396499275325,6.241153717041016,0.3496837870496632,2.8620797060245176,Hammer,2017-02-03,46.90740203857422,2017-03-17,47.01593017578125,Time stop (5 bars),6,0.002313667619404436,0.0021002577767392505,116.34036887813684,55509.71649773654
TXU-200710,1991-06-21,7.436707973480225,9.711901833179766,0.29111671447753906,0.27272831506463385,1.2475959280112787,Hammer,1991-06-28,7.410243034362793,1991-08-09,7.780755043029785,Time stop (5 bars),6,0.04999998069548495,0.048617692905863236,4861.769285724555,104861.76928572454
TXU-200710,1995-03-24,8.914116859436035,8.007768347207048,0.4616870880126953,0.23077002524198845,1.4107826595409527,Hammer,1995-03-31,8.985145568847656,1995-04-13,9.340290069580078,RSI > 90,2,0.03952573700795026,0.03839142515427162,4025.7927630516006,108887.56204877615
TXU-200710,1998-08-07,13.772659301757812,6.279525246858981,0.6671133041381836,0.19354870989923076,1.4892535956759738,Hammer,1998-08-14,13.686580657958984,1998-09-04,15.149925231933594,RSI > 90,3,0.10691820042894706,0.10614877933248516,11558.281784409544,120445.84383318569
TXU-200710,2007-08-17,63.09157180786133,1.0444442980224693,4.103435516357422,0.27845078186951455,1.9746312263327153,Hammer,2007-08-24,63.09157180786133,2007-09-14,67.31999969482422,RSI > 90,3,0.06702048729805177,0.06685668913690979,8052.610330935468,128498.45416412117
UAL,2019-08-09,86.9800033569336,9.903688313838558,4.849998474121094,0.39175144211332724,1.1058503447360264,Hammer,2019-08-16,86.23999786376953,2019-09-20,88.30000305175781,RSI > 90,5,0.023886888207516055,0.023769554626535187,2376.955460276563,102376.95546027657
UAL,2022-03-11,34.869998931884766,5.325237963702236,5.959999084472656,0.273490154111233,1.1264156462594304,Hammer,2022-03-18,34.869998931884766,2022-04-29,51.0099983215332,Time stop (5 bars),6,0.462862055751031,0.46250895723759994,47350.25886774248,149727.21432801904
UALAQ-200602,1992-05-29,19.27997589111328,7.620212618066546,1.588003158569336,0.34615306082003816,1.3172460159611417,Hammer,1992-06-05,19.2392578125,1992-07-17,18.56740951538086,Time stop (5 bars),6,-0.03492069723618085,-0.03543125974316605,-3543.125970773478,96456.87402922653
UAWGQ-200303,1991-10-11,8.0,0.6637016386616494,1.5,0.3333333333333333,1.0840559649528427,Hammer,1991-10-18,8.375,1991-11-29,10.25,Time stop (5 bars),6,0.22388059701492535,0.22255369928400953,22255.369906145585,122255.36990614558
UAWGQ-200303,1996-07-19,16.5,4.423873783884645,2.25,0.3888888888888889,1.4108223869005745,Hammer,1996-07-26,16.375,1996-09-06,17.5,Time stop (5 bars),6,0.06870229007633588,0.06807081807081798,8322.02303473977,130577.39294088536
UCC-199904,1992-07-10,36.049537658691406,1.8675295093904936,2.0912704467773438,0.3809534232982011,1.016867860165631,Hammer,1992-07-17,35.850372314453125,1992-08-28,34.4561882019043,Time stop (5 bars),6,-0.03888897164916638,-0.039162446849919055,-3916.244681075661,96083.75531892433
UCL-200508,1991-06-14,17.529417037963867,2.2098381253055805,1.5935821533203125,0.38888875590068656,1.170697450930174,Hammer,1991-06-21,17.529417037963867,1991-08-02,17.575340270996094,Time stop (5 bars),6,0.0026197809620689405,0.0020487269667676103,204.87269647188833,100204.8726964719
UCL-200508,1994-03-11,20.84311866760254,4.245660123849106,1.3385486602783203,0.2857142857142857,1.2068820417477906,Hammer,1994-03-18,20.84311866760254,1994-04-29,20.821001052856445,Time stop (5 bars),6,-0.0010611470912206267,-0.0015405521840204746,-154.37083532767258,100050.50186114424
UCL-200508,1996-05-10,25.366018295288086,7.803479669599554,1.9355602264404297,0.36842068958041607,1.4584519086261232,Hammer,1996-05-17,25.26414680480957,1996-06-28,25.671632766723633,Time stop (5 bars),6,0.01612902129892979,0.015730090334447177,1573.803430708771,101624.305291853
UCL-200508,1997-10-31,34.66537094116211,7.359539926951442,3.151397705078125,0.16666707015929888,1.5555196515699514,Hammer,1997-11-07,35.13808059692383,1997-12-19,32.19677734375,Time stop (5 bars),6,-0.08370699831086748,-0.08397963989053842,-8534.37255400158,93089.93273785143
UCL-200508,2002-07-26,28.54559326171875,2.0996095657170315,2.0510120391845703,0.38812782415669367,1.1679080069371208,Hammer,2002-08-02,28.61115074157715,2002-09-13,30.961856842041016,Time stop (5 bars),6,0.08216048776562723,0.0817966791411605,7614.447351815799,100704.38008966722
UCM-200010,1999-02-05,32.4437141418457,2.4669738761598836,1.9187145233154297,0.36363708660094496,1.3857897359383422,Hammer,1999-02-12,32.327430725097656,1999-03-26,33.83914566040039,Time stop (5 bars),6,0.04676260690674372,0.04644608838942143,4644.6088342975345,104644.60883429753
UDR,2022-05-13,41.14682388305664,2.767610107041733,2.834217071533203,0.26488041961147984,1.1632714605736576,Hammer,2022-05-20,41.23117446899414,2022-07-01,38.7512321472168,Time stop (5 bars),6,-0.06014726365949774,-0.0603824761593624,-6038.247609897993,93961.752390102
UHS,2014-10-17,98.3908920288086,8.092402962995507,7.61907958984375,0.23000096129967718,1.4182309767479444,Hammer,2014-10-24,98.05755615234375,2014-12-05,100.0013427734375,Time stop (5 bars),6,0.01982291520781798,0.019719928757410066,1971.9928737690138,101971.992873769
UIS,2002-07-05,83.80000305175781,0.8364512879802817,14.5,0.3241377205684267,1.229940706492155,Hammer,2002-07-12,84.0,2002-08-23,86.0,Time stop (5 bars),6,0.023809523809523725,0.023689066127016278,2368.9066103327214,102368.90661033272
UIS,2005-10-28,50.400001525878906,3.3761886632649976,8.199996948242188,0.19512183775435202,1.5654087016076739,Hammer,2005-11-04,50.70000076293945,2005-12-09,63.0,RSI > 90,5,0.24260353159701653,0.24238238935287362,24812.420154841202,127181.32676517392
ULTA,2019-05-31,333.3800048828125,7.581703109837818,34.459991455078125,0.14857795666786222,1.7450144367212963,Hammer,2019-06-07,333.8900146484375,2019-06-21,355.6099853515625,RSI > 90,2,0.06505127362372476,0.06502034996234882,6502.034989732847,106502.03498973284
UMG-200006,1996-04-26,19.25,5.829770247256192,1.5,0.25,1.380330477094365,Hammer,1996-05-03,19.25,1996-06-14,18.0,Time stop (5 bars),6,-0.06493506493506496,-0.06543754868865227,-6543.754862321473,93456.24513767853
UMG-200006,1996-07-19,16.125,7.892849153431342,2.875,0.391304347826087,2.313082623292847,Hammer,1996-07-26,16.125,1996-09-06,17.875,Time stop (5 bars),6,0.10852713178294571,0.10787352758834474,10081.45482808102,103537.69996575956
UMG-200006,1998-06-12,36.5,9.509566251025788,1.875,0.23333333333333334,1.0362012935708094,Hammer,1998-06-19,36.125,1998-07-02,43.875,RSI > 90,2,0.2145328719723183,0.21422640464987552,22180.5091872017,125718.20915296127
UN-202011,2001-09-28,9.271336555480957,2.467555659708509,0.7517309188842773,0.20319645999287025,1.5212165871252428,Hammer,2001-10-05,9.008746147155762,2001-11-16,9.397177696228027,Time stop (5 bars),6,0.04311716000510257,0.04198382591367716,4198.382587169333,104198.38258716933
UNH,2006-04-13,41.06120300292969,4.501015042629703,2.2410964965820312,0.1027387700216174,1.0841419204560354,Hammer,2006-04-21,40.700477600097656,2006-06-02,32.85663604736328,Time stop (5 bars),6,-0.1927211181599391,-0.19294311271551157,-19294.311252256848,80705.68874774314
UNH,2008-02-15,36.66047286987305,1.715882974123943,3.5708236694335938,0.19569903960173918,1.619218980140326,Hammer,2008-02-22,37.00603485107422,2008-04-04,26.439485549926758,Time stop (5 bars),6,-0.28553584148291244,-0.2857674567519012,-23063.059395790027,57642.62935195312
UNH,2008-10-03,18.530696868896484,7.99097203262663,3.8429489135742188,0.3780000317647503,1.543013763072056,Hammer,2008-10-10,18.269376754760742,2008-11-21,15.164274215698242,Time stop (5 bars),6,-0.1699621492699993,-0.17046286069651984,-9825.927487577184,47816.70186437593
UNH,2022-05-20,449.2754821777344,7.176803085846814,29.81109619140625,0.31492347852792135,1.2752506929181042,Hammer,2022-05-27,449.79345703125,2022-07-08,471.215576171875,Time stop (5 bars),6,0.04762656905241891,0.047583746639111975,2275.2978253522742,50091.9996897282
UNM,1999-10-01,16.461036682128906,2.632459660370756,2.082028388977051,0.18750025765345268,1.0667992919239164,Hammer,1999-10-08,16.591163635253906,1999-11-19,17.512964248657227,Time stop (5 bars),6,0.055559732497883596,0.05494044487886683,5494.044482392639,105494.04448239265
UNM,2002-11-22,10.021207809448242,7.654572640756868,1.1541271209716797,0.3707318685495666,1.06516807737106,Hammer,2002-11-29,10.021207809448242,2003-01-10,10.274553298950195,Time stop (5 bars),6,0.025280933627889857,0.024270940132782325,2560.4396354367873,108054.48411782944
UNM,2004-10-22,7.747175693511963,4.977311397149506,1.4178242683410645,0.2507475466579763,2.5031018810997425,Hammer,2004-10-29,7.694153785705566,2004-12-10,9.119869232177734,Time stop (5 bars),6,0.18529853784842532,0.1838793568587522,19868.989025421746,127923.4731432512
UNM,2011-08-12,14.708341598510742,3.810802829468642,2.015199661254883,0.39610333681953913,2.2798053625186054,Hammer,2011-08-19,14.904627799987793,2011-09-30,13.798884391784668,Time stop (5 bars),6,-0.07418792492114634,-0.07483375327478256,-9572.99361768234,118350.47952556888
UNM,2014-10-17,22.743669509887695,2.5060954826315083,1.5282859802246094,0.32272714792414964,1.6513299834752029,Hammer,2014-10-24,22.785348892211914,2014-12-05,23.048057556152344,Time stop (5 bars),6,0.011529718732120164,0.011088406989099901,1312.3182830223245,119662.79780859122
UNM,2016-01-22,19.96847915649414,3.729289058145099,1.7958793640136719,0.36507894362322874,1.3400515779430195,Hammer,2016-01-29,19.861581802368164,2016-03-11,22.154033660888672,Time stop (5 bars),6,0.11542141413163631,0.11488900713903544,13747.940017960253,133410.73782655146
UNP,1994-03-04,5.2262983322143555,5.8272174007801425,0.27391481399536133,0.36000041779747616,1.0910391186250277,Hammer,1994-03-11,5.237255096435547,1994-04-22,5.085470199584961,Time stop (5 bars),6,-0.028981765076497856,-0.030861698615275615,-3086.1698584413916,96913.8301415586
UNP,1998-06-05,6.741457462310791,0.6410380345967326,0.4873342514038086,0.3518513445021301,1.0042431808788062,Hammer,1998-06-12,6.707015514373779,1998-07-24,6.235711574554443,Time stop (5 bars),6,-0.070270292175303,-0.07170781098294896,-6949.478606475028,89964.35153508358
UNP,2002-07-26,8.829017639160156,3.202407441184434,0.8860006332397461,0.3006999706147966,1.730427806144609,Hammer,2002-08-02,8.98391342163086,2002-09-13,9.185302734375,Time stop (5 bars),6,0.022416657785152783,0.021291707213864357,1915.4946306546735,91879.84616573826
UNP,2003-03-14,8.331802368164062,6.694984768396708,0.5906519889831543,0.395224943831654,1.397933962550747,Hammer,2003-03-21,8.331802368164062,2003-05-02,9.300033569335938,RSI > 90,6,0.11620909358958165,0.11493989648010539,10560.659996337305,102440.50616207556
UNP,2019-08-16,142.3689422607422,4.585240381890287,7.71575927734375,0.3773583039987343,1.1654189038686433,Hammer,2019-08-23,144.68109130859375,2019-10-04,141.32470703125,Time stop (5 bars),6,-0.023198499866059485,-0.023266813325986926,-2383.4641315091612,100057.0420305664
UNP,2020-03-13,125.3580322265625,0.910473593995917,19.171890258789062,0.1431812990419826,2.084525627414394,Hammer,2020-03-20,111.58911895751953,2020-05-01,139.33607482910156,RSI > 90,6,0.24865288059264024,0.24855212918649086,24869.390811930098,124926.43284249649
UPS,2003-02-14,28.658676147460938,1.6873391151927706,1.2434959411621094,0.26562466446813404,1.2456312807387508,Hammer,2003-02-21,28.658676147460938,2003-04-04,27.420520782470703,Time stop (5 bars),6,-0.04320350872522527,-0.04354484604727845,-4354.48460037336,95645.51539962665
UPS,2004-03-12,34.1091423034668,8.824163549277088,0.836029052734375,0.3786959299142179,1.0102564252655355,Hammer,2004-03-19,34.01020431518555,2004-04-23,35.31619644165039,RSI > 90,5,0.03840000825522005,0.03810037753870756,3644.1302429659127,99289.64564259257
UPS,2011-08-12,38.560394287109375,5.684733641737537,3.0812835693359375,0.33973060638324215,1.6686294823463668,Hammer,2011-08-19,38.94481658935547,2011-09-30,37.23744583129883,Time stop (5 bars),6,-0.04384077028939726,-0.04409188305461703,-4377.86743982969,94911.77820276287
UPS,2016-01-22,60.483436584472656,0.9954372855272453,2.7920570373535156,0.37349249440854954,1.1034329024891998,Hammer,2016-01-29,60.5305290222168,2016-02-19,65.87245178222656,RSI > 90,3,0.08825171110018037,0.08807922960502955,8359.756296183034,103271.53449894591
URBN,2015-11-20,23.0,8.143084130395394,4.659999847412109,0.1974249155404714,1.8894046691768616,Hammer,2015-11-27,23.110000610351562,2016-01-08,22.399999618530273,Time stop (5 bars),6,-0.03072267300171605,-0.031148646887720635,-3114.8646856571986,96885.13531434281
URBN,2017-03-10,25.170000076293945,5.6346938159123425,3.3599987030029297,0.31547615330774686,1.429201543879961,Hammer,2017-03-17,25.06999969482422,2017-04-28,23.610000610351562,Time stop (5 bars),6,-0.05823690076765653,-0.058624091819075144,-5679.8030628917495,91205.33225145105
URI,2014-10-03,105.26680755615234,3.750490205372131,11.7841796875,0.3739770655506754,2.184534556980329,Hammer,2014-10-10,105.71040344238281,2014-11-21,110.2427749633789,RSI > 90,6,0.04287535922106711,0.042778737759449535,4277.87377166708,104277.87377166707
URI,2025-03-07,621.9776611328125,2.9818916170126073,64.58721923828125,0.3339642807530167,1.242477078727569,Hammer,2025-03-14,609.1080322265625,2025-04-25,577.33447265625,Time stop (5 bars),6,-0.05216407909474763,-0.052182758377823074,-5441.507086238998,98836.36668542807
USB,1999-05-21,11.896493911743164,7.448454066354188,1.1743316650390625,0.17391276100882266,1.3322452695422011,Hammer,1999-05-28,11.922022819519043,1999-07-09,11.839159965515137,Time stop (5 bars),6,-0.006950402231091224,-0.007785920712076742,-778.5920704290822,99221.40792957091
USB,1999-09-24,9.778580665588379,6.013672925794339,1.0293245315551758,0.3500002316262479,1.195353224578157,Hammer,1999-10-01,9.881513595581055,1999-11-12,11.631364822387695,Time stop (5 bars),6,0.17708331925881904,0.17598228232693647,17461.20980567667,116682.61773524758
USB,2001-03-23,8.854686737060547,9.11013582874773,1.583939552307129,0.39353150526738523,1.6787267852345007,Hammer,2001-03-30,9.39262866973877,2001-05-11,9.490050315856934,Time stop (5 bars),6,0.010372138572031231,0.009302521858484318,1085.442600901868,117768.06033614944
USB,2003-08-08,11.169775009155273,9.719169076544418,0.6119775772094727,0.2519085872792015,1.1402655902388001,Hammer,2003-08-15,11.207147598266602,2003-09-26,11.375325202941895,Time stop (5 bars),6,0.015006280875724753,0.014107699108398096,1661.4363581406324,119429.49669429006
USB,2008-10-24,17.469802856445312,9.080100954120851,3.3159990310668945,0.35778155042295584,1.38273339551422,Hammer,2008-10-31,16.941852569580078,2008-12-12,17.4935302734375,Time stop (5 bars),6,0.03256300936344969,0.031963321899061314,3817.363443265109,123246.86013755518
USB,2020-03-13,28.3520565032959,0.7794513256490632,6.136577606201172,0.24283956841285362,2.3511749803025443,Hammer,2020-03-20,22.964401245117188,2020-05-01,26.60877227783203,Time stop (5 bars),6,0.1586965405200682,0.15822663350823882,19500.935750525176,142747.79588808035
USB-200102,1996-01-12,12.57194709777832,6.4704001905828505,0.7857465744018555,0.3333329287608552,1.4489736959602804,Hammer,1996-01-19,12.57194709777832,1996-02-09,13.816045761108398,RSI > 90,3,0.09895831199845984,0.09812386533358942,9812.386523546556,109812.38652354655
USG-201904,1990-09-21,78.41436767578125,0.022592819737411673,18.450439453125,0.375,1.2616126064457165,Hammer,1990-09-28,78.41436767578125,1990-11-09,55.351318359375,Time stop (5 bars),6,-0.2941176470588235,-0.29422641370687874,-29422.641341265233,70577.35865873475
USH-199706,1990-09-21,10.6110200881958,5.714852613927761,0.5723781585693359,0.3846150001166313,1.0212906409761011,Hammer,1990-09-28,10.566990852355957,1990-11-09,9.378204345703125,Time stop (5 bars),6,-0.11250000338438704,-0.1133926923882727,-11339.269227488,88660.73077251199
USS-199810,1997-10-31,26.807161331176758,4.838101131439629,4.602621078491211,0.2027024170993399,1.4874858052797308,Hammer,1997-11-07,27.118148803710938,1997-12-19,25.04096221923828,Time stop (5 bars),6,-0.07659765419490605,-0.07695222260429778,-7695.222252734555,92304.77774726544
UST-200901,1993-02-26,11.710049629211426,3.3814301814482803,1.7328767776489258,0.24242385885276874,2.2491128776793543,Hammer,1993-03-05,11.758779525756836,1993-04-16,11.282072067260742,Time stop (5 bars),6,-0.04054055588438388,-0.04137339172588587,-4137.339168451248,95862.66083154874
UST-200901,1995-07-28,12.82911205291748,2.528988740262406,0.8668317794799805,0.3333337000612802,1.45252519170351,Hammer,1995-08-04,12.713534355163574,1995-09-15,13.215038299560547,Time stop (5 bars),6,0.03944646157292109,0.038644699984430764,3704.58376383986,99567.24459538859
UST-200901,1996-07-19,15.748311996459961,8.920260998476422,1.0860910415649414,0.38888913279987075,1.5098568968455568,Hammer,1996-07-26,15.62763500213623,1996-09-06,14.65830135345459,Time stop (5 bars),6,-0.062026893291860064,-0.06264674180314536,-6237.563457980366,93329.68113740822
UST-200901,1998-01-23,17.33451271057129,7.5230236173265155,1.6322517395019531,0.3,1.7390597094947735,Hammer,1998-01-30,17.465091705322266,1998-03-13,18.45953941345215,Time stop (5 bars),6,0.05693916326971471,0.05635046024572228,5259.170481420288,98588.85161882851
UST-200901,1998-04-09,15.784723281860352,0.4594117792816661,1.023695945739746,0.3548386796258325,1.1765276975467325,Hammer,1998-04-17,15.71867847442627,1998-05-29,14.133601188659668,Time stop (5 bars),6,-0.1008403657053909,-0.10144428279686016,-10001.275334236849,88587.57628459166
UST-200901,1999-01-15,18.403976440429688,9.253863006985014,1.3096466064453125,0.36842005615817497,1.1575545326820138,Hammer,1999-01-22,18.2661190032959,1999-03-05,16.22193717956543,Time stop (5 bars),6,-0.11191111934405007,-0.11242780605609974,-9959.706835544308,78627.86944904734
UVN-200703,2002-02-01,34.86000061035156,6.896688175858571,3.700000762939453,0.29459457508920717,1.0674538233571729,Hammer,2002-02-08,34.66999816894531,2002-02-22,42.5,RSI > 90,2,0.22584373361946675,0.22552277560199632,22552.27753764736,122552.27753764734
UVN-200703,2002-06-28,31.399999618530273,0.2960426496849209,6.600000381469727,0.24242428621093945,1.8404397138860162,Hammer,2002-07-05,31.3799991607666,2002-08-16,20.950000762939453,Time stop (5 bars),6,-0.3323772682208175,-0.3326429401622498,-40766.14988293691,81786.12765471042
UVN-200703,2005-10-21,24.700000762939453,8.758396037063363,1.8199996948242188,0.3516480752543481,1.4984414218419682,Hammer,2005-10-28,24.700000762939453,2005-11-11,28.600000381469727,RSI > 90,2,0.15789471652089726,0.15745798414893197,12877.878778980044,94664.00643369048
V,2018-10-12,132.60195922851562,7.697363358562328,12.071075439453125,0.38823521976007785,2.5165052970063058,Hammer,2018-10-19,132.45046997070312,2018-11-30,127.66150665283203,Time stop (5 bars),6,-0.036156635147692295,-0.036230767358513306,-3623.0767322282545,96376.92326777175
V,2022-03-11,190.39247131347656,2.4384651689682073,13.71490478515625,0.29145991410961036,1.0213635836674817,Hammer,2022-03-18,192.04754638671875,2022-04-29,199.72286987304688,Time stop (5 bars),6,0.03996574614326298,0.03991263657027052,3846.6571083007657,100223.58037607252
V,2025-11-21,326.6279602050781,6.074595066504443,15.296661376953125,0.3502586580108171,1.120196539123471,Hammer,2025-11-28,327.88275146484375,2026-01-02,354.0245361328125,RSI > 90,5,0.07972906336541996,0.07969734932526333,7987.553687872905,108211.13406394543
VALPQ-202104,2007-01-12,151.0247344970703,9.547604698914768,13.16802978515625,0.24523859185612645,1.0831243064472238,Hammer,2007-01-19,149.6138916015625,2007-02-09,163.03273010253906,RSI > 90,3,0.08968978988069054,0.089619956126159,8961.995603653904,108961.9956036539
VAR-202104,2007-09-21,34.78403091430664,3.553619382362328,2.5060806274414062,0.3215552382663017,1.3270134605027208,Hammer,2007-09-28,34.686622619628906,2007-10-12,39.07890701293945,RSI > 90,2,0.12662761784207222,0.12632111335233434,12632.111322601322,112632.11132260133
VAR-202104,2011-08-12,49.09436798095703,1.8434310491153667,5.330951690673828,0.3438539596716082,1.7882479831704063,Hammer,2011-08-19,49.076656341552734,2011-09-30,44.533836364746094,Time stop (5 bars),6,-0.09256580043250173,-0.09276011276237638,-10447.76733650126,102184.34398610005
VAR-202104,2014-10-17,70.25878143310547,1.4116026685196772,3.4801712036132812,0.33588072423068577,1.5111387021102642,Hammer,2014-10-24,70.26763916015625,2014-11-07,74.89901733398438,RSI > 90,2,0.06591054188219037,0.06576354935660929,6720.005142482625,108904.34912858269
VAR-202104,2015-10-02,66.58379364013672,0.6868645911083462,3.692699432373047,0.30695471886398923,1.238515303198148,Hammer,2015-10-09,66.95571899414062,2015-11-13,71.40113067626953,RSI > 90,5,0.06639330812828592,0.06623900920951908,7213.716177671153,116118.06530625385
VAT-199609,1990-04-12,30.0,0.4092181779022326,3.75,0.3333333333333333,1.1071648111104035,Hammer,1990-04-20,30.0,1990-06-01,30.0,Time stop (5 bars),6,0.0,-0.0003332777870354941,-33.32777867022163,99966.67222132979
VAT-199609,1990-09-28,21.25,6.524116334272023,3.75,0.3333333333333333,1.3040053828880942,Hammer,1990-10-05,20.0,1990-11-16,18.75,Time stop (5 bars),6,-0.0625,-0.06298425393651587,-6296.326262080356,93670.34595924943
VAT-199609,1993-07-09,29.25,3.24768644168617,3.375,0.2962962962962963,1.7663515052799361,Hammer,1993-07-16,29.5,1993-08-13,35.625,RSI > 90,4,0.2076271186440677,0.20725300796475174,19413.460937739917,113083.80689698935
VAT-199609,1994-02-11,42.125,9.394404112387363,2.75,0.3181818181818182,1.2292624545883446,Hammer,1994-02-18,41.75,1994-03-25,48.0,RSI > 90,5,0.14970059880239517,0.14944318045743032,16899.60374402038,129983.41064100973
VAT-199609,1994-04-22,38.25,5.139522035707259,7.5,0.36666666666666664,2.3406222296052572,Hammer,1994-04-29,38.0,1994-06-10,38.375,Time stop (5 bars),6,0.009868421052631637,0.00960399947375352,1248.3606061445844,131231.7712471543
VAT-199609,1996-01-19,34.625,9.04991308386873,2.125,0.11764705882352941,1.0089128712421813,Hammer,1996-01-26,34.875,1996-02-23,37.875,RSI > 90,4,0.08602150537634401,0.08572247706422026,11249.512489581673,142481.28373673596
VFC,1994-06-24,2.4076263904571533,9.440804740169199,0.10191011428833008,0.3749982453759808,1.0590636294892481,Hammer,1994-07-01,2.4076263904571533,1994-07-22,2.5413832664489746,RSI > 90,3,0.05555549503942103,0.051295499577276624,5129.549952598112,105129.54995259811
VFC,1996-01-19,2.6440322399139404,8.888410143163426,0.17229294776916504,0.3076915625704872,1.7074457342167224,Hammer,1996-01-26,2.6440322399139404,1996-03-01,2.822951555252075,RSI > 90,5,0.06766911259144037,0.06376642488262907,6703.735543293213,111833.28549589132
VFC,1996-07-19,2.971724271774292,2.141133396671691,0.22807812690734863,0.32352981145250664,1.908676536713819,Hammer,1996-07-26,2.971724271774292,1996-08-30,3.226635217666626,RSI > 90,5,0.08577880132201399,0.08227532130355941,9201.119487406031,121034.40498329735
VFC,2002-06-07,5.183618545532227,5.433963684831838,0.2693314552307129,0.32910668538619653,1.143622952375893,Hammer,2002-06-14,5.188566207885742,2002-07-26,4.396985054016113,Time stop (5 bars),6,-0.1525626005632461,-0.15434118326103827,-18680.593261737224,102353.81172156012
VFC,2016-10-28,38.37826919555664,9.845899872934197,2.7836952209472656,0.3502533132162762,1.4203557520117502,Hammer,2016-11-04,38.35707473754883,2016-12-16,40.309181213378906,Time stop (5 bars),6,0.050892996642392774,0.05062568928080266,5181.732263739748,107535.54398529987
VFC,2022-03-11,46.362422943115234,0.26673872696690637,4.205406188964844,0.38777074477831536,1.0474863350092263,Hammer,2022-03-18,46.787052154541016,2022-04-29,47.01236343383789,Time stop (5 bars),6,0.00481567589581533,0.00460144980574404,494.8194074869183,108030.36339278678
VFC,2022-05-20,41.00691223144531,0.5020387583127928,3.708995819091797,0.2943923167035383,1.0397236159395435,Hammer,2022-05-27,41.05891036987305,2022-07-08,38.13131332397461,Time stop (5 bars),6,-0.07130235604222368,-0.07153719700434655,-7728.189380752745,100302.17401203404
VIAB-201912,2014-10-17,60.441566467285156,2.0473680454678345,4.046295166015625,0.2564664112407515,1.49141742923643,Hammer,2014-10-24,60.30204391479492,2014-12-05,65.71745300292969,RSI > 90,6,0.08980473523893462,0.08963147150392291,8963.147141429145,108963.14714142913
VIAB-201912,2015-01-23,59.393272399902344,5.138864155528722,3.460224151611328,0.2379731819900626,1.0628823650321761,Hammer,2015-01-30,59.11294937133789,2015-03-13,61.530723571777344,Time stop (5 bars),6,0.04090092316746685,0.040728310539248996,4437.884889672123,113401.03203110126
VIAB-201912,2017-10-13,24.6072940826416,5.632596782228589,3.0001964569091797,0.1955838870109799,1.512967475617826,Hammer,2017-10-20,24.692472457885742,2017-12-01,24.85336685180664,Time stop (5 bars),6,0.006515928860316045,0.006109709978549519,692.8474162853856,114093.87944738664
VIAV,2008-09-19,5.236227989196777,3.9128590886103467,0.9380865097045898,0.10303053407952992,1.5325365749945972,Hammer,2008-09-26,5.185059547424316,2008-11-07,3.070101022720337,Time stop (5 bars),6,-0.407894741682299,-0.4094285441789464,-40942.85437695179,59057.14562304821
VICI,2023-10-06,24.40336036682129,4.900362896379761,1.283712387084961,0.3986702028869227,1.2053288309613759,Hammer,2023-10-13,24.26688575744629,2023-11-24,24.35218048095703,Time stop (5 bars),6,0.0035148607185646608,0.0031021373560826122,310.2137352980475,100310.21373529804
VLO,2007-11-30,33.451927185058594,7.545874963927716,2.9957714080810547,0.26243579875045125,1.1297869178322508,Hammer,2007-12-07,33.50331115722656,2007-12-28,36.18563461303711,RSI > 90,3,0.0800614435756144,0.07975106364721164,7975.106356746057,107975.10635674607
VMC,2011-08-05,30.30992889404297,5.624859039287543,3.5294227600097656,0.2544527391952374,1.527552804530054,Hammer,2011-08-12,29.48370361328125,2011-09-23,29.41788673400879,Time stop (5 bars),6,-0.002232313827860266,-0.002571048231442538,-257.104822887149,99742.89517711286
VMC,2013-03-01,47.12899398803711,4.784508947702662,3.0277137756347656,0.20957997825366606,1.0497589057059418,Hammer,2013-03-08,46.79358673095703,2013-04-19,43.75680923461914,Time stop (5 bars),6,-0.0648973012861368,-0.0651040492708396,-6493.666355533278,93249.22882157959
VMC,2022-05-13,162.41708374023438,8.103100716255511,13.881149291992188,0.2298060381548067,1.2708024541718859,Hammer,2022-05-20,159.0144500732422,2022-07-01,142.13291931152344,Time stop (5 bars),6,-0.10616350120346363,-0.10622304852606856,-9905.217348227903,83344.01147335167
VNO,2008-10-10,28.215362548828125,4.107038125130529,7.094413757324219,0.313675488961467,2.006160510239812,Hammer,2008-10-17,29.052120208740234,2008-11-28,16.859949111938477,Time stop (5 bars),6,-0.4196654498604816,-0.41993738571282796,-41993.73852928907,58006.261470710924
VNO,2015-05-08,54.641117095947266,6.394713605602007,3.6943626403808594,0.28103628976049483,1.6566062792734069,Hammer,2015-05-15,54.42338180541992,2015-06-26,53.260353088378906,Time stop (5 bars),6,-0.021370019253841965,-0.021551783796082007,-1250.1384047856254,56756.1230659253
VNO,2015-08-28,47.857601165771484,9.499334268276144,4.169895172119141,0.3858978897881555,1.9496590656654404,Hammer,2015-09-04,47.72394943237305,2015-10-16,50.94760513305664,RSI > 90,6,0.06754796572843702,0.06733137307446935,3821.4676925908434,60577.59075851614
VNO,2016-01-22,48.83418655395508,5.183339938159293,2.980510711669922,0.2707587003070433,1.341531618942669,Hammer,2016-01-29,48.77500915527344,2016-03-11,49.67788314819336,RSI > 90,6,0.018510995867692337,0.018304096460453233,1108.818063476922,61686.40882199306
VNO,2018-02-23,48.09801483154297,4.261557284979773,2.3313331604003906,0.3292688314557102,1.1579972881766183,Hammer,2018-03-02,48.105125427246094,2018-04-13,47.50096893310547,Time stop (5 bars),6,-0.012559087805609104,-0.01276563901437698,-787.4664263273764,60898.94239566569
VNO,2018-12-28,45.36512756347656,4.836995510843664,2.40301513671875,0.20060768078026975,1.061355665023027,Hammer,2019-01-04,45.445472717285156,2019-02-08,51.27766418457031,RSI > 90,5,0.12833382774048885,0.128099690040648,7801.135636886918,68700.07803255261
VNO,2019-08-09,46.62500762939453,4.021223763048923,2.00262451171875,0.21428598640699764,1.0826182072892458,Hammer,2019-08-16,46.414207458496094,2019-09-27,46.835811614990234,Time stop (5 bars),6,0.009083515147191523,0.008867108661046421,609.1710563278411,69309.24908888046
VRSK,2022-01-28,187.35801696777344,3.9355311513557325,11.447555541992188,0.3480093358410188,1.1831839306673064,Hammer,2022-02-04,187.21261596679688,2022-03-18,177.41453552246094,Time stop (5 bars),6,-0.052336646190947245,-0.0523886622190264,-5238.866216663773,94761.13378333622
VRSN,2006-08-04,14.704997062683105,1.6561489615699685,1.7983932495117188,0.24186054157704726,1.4591781295026467,Hammer,2006-08-11,14.562798500061035,2006-09-22,18.159584045410156,Time stop (5 bars),6,0.2469845026925317,0.24621328647112287,24621.32862249096,124621.32862249095
VRSN,2008-07-11,29.610746383666992,1.5131136170296173,3.036355972290039,0.2258950641518916,1.3770208513180366,Hammer,2008-07-18,30.028976440429688,2008-08-29,26.67476463317871,Time stop (5 bars),6,-0.11169917209482416,-0.1120135328708024,-13959.275276099183,110662.05334639178
VRSN,2014-03-21,51.99127960205078,9.924973594078367,4.600116729736328,0.2912265018538129,1.804518077485725,Hammer,2014-03-28,52.02083206176758,2014-05-09,47.3812141418457,Time stop (5 bars),6,-0.08918769146969752,-0.08937133219516073,-9890.015121128963,100772.03822526282
VRSN,2020-03-13,179.89100646972656,9.356644616189499,26.153244018554688,0.19849309705661505,2.3675517718420034,Hammer,2020-03-20,163.1352081298828,2020-04-24,205.3941192626953,RSI > 90,5,0.25904224855720526,0.2589730123378068,26097.238272519695,126869.27649778251
VRTS-200507,2000-04-07,126.25,9.572204974676595,41.18800354003906,0.07133153558130136,1.7244356882562335,Hammer,2000-04-14,128.18800354003906,2000-05-26,102.81199645996094,Time stop (5 bars),6,-0.19795929712059224,-0.19802958335514154,-19802.958315711192,80197.04168428881
VRTS-200507,2004-07-09,18.5,5.919400611198711,3.020000457763672,0.3973511857769918,1.0150121293749583,Hammer,2004-07-16,18.8700008392334,2004-08-27,17.959999084472656,Time stop (5 bars),6,-0.048224786130836805,-0.048741812654568784,-3908.9491773172977,76288.09250697152
VRTX,2016-01-29,90.75,3.049325145855832,14.109992980957031,0.3784549251794477,1.224679820698604,Hammer,2016-02-05,91.91999816894531,2016-03-18,86.11000061035156,Time stop (5 bars),6,-0.06320711133952817,-0.06331245770489324,-6331.245764158079,93668.75423584192
VRTX,2018-10-26,169.47999572753906,7.034086598751088,25.610000610351562,0.3565015488176971,2.3682214019799295,Hammer,2018-11-02,173.49000549316406,2018-12-14,172.97999572753906,Time stop (5 bars),6,-0.0029397068965167916,-0.002997260723136402,-280.7496777754558,93388.00455806646
VRTX,2022-05-13,246.72000122070312,9.106648074878635,17.990005493164062,0.23790980947299942,1.2585049064919842,Hammer,2022-05-20,245.85000610351562,2022-07-01,289.80999755859375,Time stop (5 bars),6,0.17880817719633768,0.17876386636021263,16694.40074977072,110082.4053078372
VSTNQ-201010,2004-02-27,9.900132179260254,9.868131144378523,2.66617488861084,0.3749997764413541,2.9720190247854825,Hammer,2004-03-05,9.939340591430664,2004-04-16,9.557058334350586,Time stop (5 bars),6,-0.03846153108081107,-0.03944778977282011,-3944.778973337233,96055.22102666277
VTR,2011-08-12,22.01116943359375,6.809360384479547,2.3123321533203125,0.29258583485657347,1.9068223334596508,Hammer,2011-08-19,22.173355102539062,2011-09-23,24.743392944335938,RSI > 90,5,0.11590658382152474,0.11542956319171704,11542.956307628749,111542.95630762876
VTR,2015-05-08,37.53185272216797,4.825772260380347,2.0362319946289062,0.34399928061058177,1.2406374042993433,Hammer,2015-05-15,37.3526611328125,2015-06-26,35.91557312011719,Time stop (5 bars),6,-0.038473510831947166,-0.038736044195879386,-4320.732880950618,107222.22342667815
VTR,2017-10-27,43.74060821533203,2.630085511889874,1.6376457214355469,0.2820505055916739,1.0493390186136677,Hammer,2017-11-03,43.901573181152344,2017-12-15,44.16751480102539,Time stop (5 bars),6,0.006057678588776039,0.005829232420782836,625.0232604021899,107847.24668708033
VTR,2018-03-02,35.35672378540039,2.764253968201203,2.09814453125,0.36163311612753085,1.1308729791515273,Hammer,2018-03-09,35.35672378540039,2018-04-20,35.032981872558594,Time stop (5 bars),6,-0.009156445455941187,-0.009437942416698262,-1017.8561030142607,106829.39058406606
VTR,2018-09-28,40.311767578125,5.307350614341871,1.8188095092773438,0.3622580171564001,1.0048459676899228,Hammer,2018-10-05,40.252464294433594,2018-11-16,44.47785949707031,RSI > 90,6,0.10497233589797972,0.10471089713466082,11186.201317220442,118015.5919012865
VTR,2026-06-05,82.0199966430664,7.552574557686384,6.225006103515625,0.36626573063177453,1.5794636593982734,Hammer,2026-06-12,81.77999877929688,2026-06-22,83.04000091552734,End of data,2,0.01540721637366227,0.015284002627470787,1803.7506148980324,119819.34251618454
VTRS,2011-08-12,15.479997634887695,3.706105407792762,1.8022451400756836,0.3750001984346417,1.5695419491404647,Hammer,2011-08-19,15.60068416595459,2011-09-30,14.828293800354004,Time stop (5 bars),6,-0.04951003157195988,-0.05013496090786279,-5013.496085772784,94986.50391422721
VTRS,2013-04-05,23.034944534301758,7.604606643621594,0.9091682434082031,0.31858576025980456,1.0052469546999026,Hammer,2013-04-12,23.042991638183594,2013-05-24,25.223386764526367,RSI > 90,6,0.09462291878497808,0.0941685141340941,8944.737927450351,103931.24184167756
VTRS,2025-04-11,7.151689529418945,2.8438956424480324,1.0812897682189941,0.3947365287707998,1.3778687677924866,Hammer,2025-04-17,7.274994373321533,2025-05-16,8.49855899810791,RSI > 90,4,0.16818770737106914,0.16669856631121024,17325.18899262613,121256.43083430368
VYX,2000-07-07,5.5417256355285645,8.073728843919383,0.5203924179077148,0.33333363876768235,1.0129557036943773,Hammer,2000-07-14,5.505207061767578,2000-08-25,5.176537990570068,Time stop (5 bars),6,-0.05970149124454238,-0.061462131531745165,-6146.213147028304,93853.7868529717
VYX,2001-01-19,6.089507579803467,7.067976588406879,0.6025600433349609,0.37878780684677843,1.0356441315264577,Hammer,2001-01-26,6.08037805557251,2001-02-23,7.157681941986084,RSI > 90,4,0.17717712230512594,0.17538826292578827,16460.85262868904,110314.63948166074
VZ,1994-12-02,5.194371700286865,5.610139796528799,0.2577853202819824,0.2,1.1956848011181131,Hammer,1994-12-09,5.181482315063477,1995-01-20,5.214235782623291,Time stop (5 bars),6,0.006321254337700699,0.004387071270585364,438.70712661982924,100438.70712661983
VZ,2002-06-28,10.846292495727539,7.2103935000155275,0.9995336532592773,0.2567573111774118,1.2989728285292368,Hammer,2002-07-05,10.711219787597656,2002-08-16,8.089863777160645,Time stop (5 bars),6,-0.24472992454811138,-0.24554890274669372,-24662.614303575414,75776.09282304441
VZ,2011-08-12,16.19490623474121,2.8737631109069923,1.2559318542480469,0.3609017874770301,1.9162732269657419,Hammer,2011-08-19,16.336551666259766,2011-09-30,17.04950714111328,Time stop (5 bars),6,0.04364173599291443,0.04301644600279301,3259.6182019655016,79035.71102500992
WAB,2020-10-30,57.39596939086914,8.689261964553623,5.294364929199219,0.36563089475648575,1.026905006871161,Hammer,2020-11-06,58.5090446472168,2020-11-20,70.29598999023438,RSI > 90,2,0.2014550983371468,0.20126698494389147,20126.698474262448,120126.69847426245
WAI-199808,1995-06-23,34.91434097290039,6.924105186530653,1.6719551086425781,0.05882366362228007,1.1878357811393774,Hammer,1995-06-30,34.7176399230957,1995-07-21,35.89784240722656,RSI > 90,3,0.03399431778038964,0.03370142612205293,3370.142608835151,103370.14260883516
WAI-199808,1995-08-11,34.61928939819336,9.15134264445463,1.5736045837402344,0.18750045453333367,1.228786587266693,Hammer,1995-08-18,34.42258834838867,1995-09-08,36.979698181152344,RSI > 90,3,0.0742858092739378,0.07398455584481531,7647.794080882093,111017.93668971724
WAI-199808,1998-08-07,64.25,2.1825368262677785,11.6875,0.1657754010695187,1.926522644847269,Hammer,1998-08-10,63.0,1998-08-10,60.0625,End of data,0,-0.04662698412698407,-0.04678200142845802,-5193.641267609173,105824.29542210807
WAMUQ-201203,1999-09-10,15.287945747375488,9.581163162262811,1.2218437194824219,0.39024395955029517,1.02367850378496,Hammer,1999-09-17,15.287945747375488,1999-10-29,14.84092903137207,Time stop (5 bars),6,-0.029239815694672933,-0.029884152049767822,-2988.4152019883677,97011.58479801162
WAT,2006-05-26,42.18000030517578,8.18227866947204,2.8400001525878906,0.3732399001194108,1.2275310364854346,Hammer,2006-06-02,41.869998931884766,2006-07-07,45.0,RSI > 90,5,0.07475522206740925,0.07450749009427625,7450.749001976876,107450.74900197689
WAT,2014-10-17,96.9800033569336,1.0836911467655028,3.7900009155273438,0.09762401789183171,1.1053488031817311,Hammer,2014-10-24,96.62999725341797,2014-10-31,108.20999908447266,RSI > 90,1,0.11983858180897422,0.11972889905210256,12864.959867465543,120315.70886944242
WB-200108,1996-01-12,36.11549758911133,7.66843299978099,2.2111549377441406,0.38095303817362813,1.35331132192509,Hammer,1996-01-19,36.22079086303711,1996-02-16,39.70258712768555,RSI > 90,4,0.09612700832000809,0.09583769413826322,9583.769404242554,109583.76940424254
WB-200108,1997-04-04,48.751468658447266,6.8798112245510765,3.0675086975097656,0.3928573649252794,1.1256272651035704,Hammer,1997-04-11,48.751468658447266,1997-05-09,52.93511962890625,RSI > 90,4,0.08581589612755347,0.08560199467472869,9380.58923559808,118964.35863984062
WB-200108,2000-10-20,50.04087448120117,9.17382980573062,5.172492980957031,0.1511625162802429,1.164562438774823,Hammer,2000-10-27,50.04087448120117,2000-12-08,48.89887237548828,Time stop (5 bars),6,-0.022821385868104782,-0.02301892249171541,-2738.431348068694,116225.92729177192
WB-200108,2001-03-16,59.83488464355469,5.9431932221679205,4.241657257080078,0.23842615284304247,1.1135719842442058,Hammer,2001-03-23,59.844703674316406,2001-05-04,60.1883544921875,Time stop (5 bars),6,0.005742376463943932,0.005574811525997229,647.9376384379484,116873.86493020988
WB-200812,1993-05-21,11.944269180297852,8.565314036842693,0.7207746505737305,0.3333333333333333,1.0135767320467202,Hammer,1993-05-28,11.937348365783691,1993-07-09,13.044580459594727,Time stop (5 bars),6,0.09275360489476214,0.09187741474321268,9187.741465133524,109187.74146513351
WBA-202508,1994-07-15,2.3643040657043457,1.832528802048003,0.15873432159423828,0.315788999369161,1.3409171757405804,Hammer,1994-07-22,2.3726584911346436,1994-09-02,2.5515098571777344,Time stop (5 bars),6,0.07538015551389421,0.07101581941757877,7101.581934656295,107101.5819346563
WBA-202508,2000-03-10,13.905169486999512,3.8082135443666942,2.1638145446777344,0.36065553539915834,1.49576018022712,Hammer,2000-03-17,13.266666412353516,2000-04-28,15.820677757263184,Time stop (5 bars),6,0.19251342164836904,0.1916874087900261,20530.02469783691,127631.6066324932
WBA-202508,2001-09-21,18.151546478271484,3.856724122193171,2.928220748901367,0.3957117853925566,2.037001857727358,Hammer,2001-09-28,18.779430389404297,2001-11-09,18.06592559814453,Time stop (5 bars),6,-0.037993952769852846,-0.03851619539487727,-4915.883894703338,122715.72273778985
WBA-202508,2022-02-25,38.4633903503418,3.3396020910374915,2.4548301696777344,0.2306178993938019,1.0961701543482951,Hammer,2022-03-04,37.963863372802734,2022-04-14,37.872283935546875,Time stop (5 bars),6,-0.0024122791812981603,-0.002675335215028304,-328.305694149753,122387.41704364009
WBA-202508,2023-01-06,31.570724487304688,2.8086789706809157,3.1432762145996094,0.3662552139525796,1.4374307097098287,Hammer,2023-01-13,31.674205780029297,2023-02-24,31.787569046020508,Time stop (5 bars),6,0.0035790405220732513,0.0032628111547029857,399.3270291259481,122786.74407276604
WBD,2013-06-14,39.01801681518555,7.186834497394841,2.0842323303222656,0.1274504959102731,1.2732482358851513,Hammer,2013-06-21,39.48799514770508,2013-07-12,41.48027038574219,RSI > 90,3,0.05045268139304082,0.05019308438428981,5019.308433409673,105019.30843340966
WBD,2023-05-05,12.890000343322754,5.106139389806728,2.0699996948242188,0.39130414751639214,1.3081588211833743,Hammer,2023-05-12,13.0,2023-06-23,12.649999618530273,Time stop (5 bars),6,-0.026923106266902086,-0.02768169023219734,-2907.111961546124,102112.19647186354
WBD,2024-05-03,7.96999979019165,7.899578393992556,0.9549999237060547,0.34031446289657374,1.0933108645966534,Hammer,2024-05-10,8.069999694824219,2024-06-21,7.21999979019165,Time stop (5 bars),6,-0.10532836886942198,-0.106501540202385,-10875.106186826903,91237.09028503665
WCOEQ-200404,1996-07-26,14.892117500305176,7.781680842128807,2.3218889236450195,0.2068964384187307,1.9136844315284414,Hammer,1996-08-02,15.052247047424316,1996-09-13,12.810422897338867,Time stop (5 bars),6,-0.14893617830097083,-0.1495508536848138,-14955.085353526294,85044.91464647371
WCOEQ-200404,1999-08-13,50.40100860595703,1.9628174123796214,4.763874053955078,0.27731115988600447,1.20068785881962,Hammer,1999-08-20,50.76130294799805,1999-10-01,49.40019607543945,Time stop (5 bars),6,-0.026813867917318213,-0.02700820806201058,-2296.910747090982,82748.00389938273
WCOEQ-200404,2000-01-14,44.73640060424805,3.7718214415495197,8.466888427734375,0.3333333333333333,1.6854962672536362,Hammer,2000-01-21,45.216793060302734,2000-03-03,43.535423278808594,Time stop (5 bars),6,-0.037184631365869025,-0.03740165232366448,-3094.9120692270335,79653.0918301557
WCOEQ-200404,2002-02-08,8.180000305175781,0.2641509074137076,3.2599997520446777,0.30981575215582335,1.933920292180353,Hammer,2002-02-15,8.300000190734863,2002-03-28,7.0269999504089355,Time stop (5 bars),6,-0.1533735194062953,-0.15448527523903668,-12305.229802716636,67347.86202743907
WDAY,2026-02-27,133.75999450683594,0.6271186010907144,24.807090759277344,0.35502342754070026,1.489339208155435,Hammer,2026-03-06,131.76499938964844,2026-04-17,114.30000305175781,Time stop (5 bars),6,-0.13254655195833964,-0.13261741230047713,-13261.741216785977,86738.25878321401
WEC,2010-02-12,14.04830551147461,6.4968359437110905,0.44727325439453125,0.3504371002132196,1.0162323045756745,Hammer,2010-02-19,14.136345863342285,2010-04-01,14.623503684997559,Time stop (5 bars),6,0.03446136833129909,0.03374203744582618,3374.2037412084137,103374.20374120842
WEC,2014-08-08,29.316162109375,4.049920317457648,1.4654693603515625,0.30414744744432065,1.3808465553902851,Hammer,2014-08-15,29.363435745239258,2014-09-05,30.87779426574707,RSI > 90,3,0.05157293355064341,0.051223651595120254,5295.2041910674325,108669.40793227585
WELL,2020-03-20,35.52559280395508,0.7715900898954118,18.575143814086914,0.18169524244703492,2.7458304689215707,Hammer,2020-03-27,34.16051483154297,2020-05-08,39.009483337402344,Time stop (5 bars),6,0.14194658744961175,0.14163312128379943,14163.312114216631,114163.31211421663
WEN-200809,1991-09-20,4.16390323638916,0.7029255059131998,0.3569059371948242,0.3333328879898889,1.076540594854201,Hammer,1991-09-27,4.16390323638916,1991-11-01,4.520809173583984,RSI > 90,5,0.08571427262664355,0.08321275825420514,8321.275817099238,108321.27581709925
WEN-200809,1996-07-26,8.387290000915527,6.66605412520947,0.5948433876037598,0.30000072145618717,1.1695029833725372,Hammer,1996-08-02,8.32780647277832,1996-08-30,9.398524284362793,RSI > 90,4,0.12857140893996544,0.12729418534435366,13788.668546810015,122109.94436390925
WEN-200809,2006-06-30,27.738733291625977,2.4226351428563646,1.403829574584961,0.30847365052967957,1.221240497714411,Hammer,2006-07-07,27.767284393310547,2006-08-18,28.10039710998535,Time stop (5 bars),6,0.011996589654084344,0.0116343586324729,1420.6708839003622,123530.6152478096
WFC,1990-08-17,0.8634954690933228,1.4174243545717076,0.08871525526046753,0.33333288542356027,1.230044777839234,Hammer,1990-08-24,0.8575810790061951,1990-10-05,0.7097222805023193,Time stop (5 bars),6,-0.17241378351679748,-0.18300749036339795,-18300.749018039045,81699.25098196095
WFC,1996-01-12,3.5854129791259766,5.212096268790134,0.2790205478668213,0.3500000427241974,1.7304212865519695,Hammer,1996-01-19,3.5435597896575928,1996-02-09,3.7092528343200684,RSI > 90,3,0.046758924499051835,0.04387499546048191,3584.5542623737556,85283.8052443347
WFC,2000-10-20,10.488842010498047,9.746747957788784,1.0690250396728516,0.3768120725738969,1.3312989489532576,Hammer,2000-10-27,10.581801414489746,2000-12-08,11.789386749267578,Time stop (5 bars),6,0.11411906985178111,0.11312060063190986,9647.35526376661,94931.1605081013
WFC,2007-03-16,20.23040008544922,6.276213208461968,0.9176673889160156,0.38961011967858467,1.5926669948197265,Hammer,2007-03-23,20.313825607299805,2007-04-27,21.672449111938477,RSI > 90,5,0.06688171548299837,0.06637310298849955,6300.875686921112,101232.0361950224
WFC,2022-03-11,43.51947021484375,5.874044390950218,3.7979660034179688,0.3617024268441384,1.083973050028033,Hammer,2022-03-18,44.587928771972656,2022-04-29,41.08625793457031,Time stop (5 bars),6,-0.078534054705933,-0.07874949984468127,-7971.972210644713,93260.06398437769
WFC,2025-03-14,68.95049285888672,7.272937977376202,5.401206970214844,0.2729724117765878,1.3133096146383292,Hammer,2025-03-21,68.58068084716797,2025-05-02,67.93836975097656,Time stop (5 bars),6,-0.009365773104860198,-0.009510893354619824,-886.9865219134508,92373.07746246424
WFM-201708,2011-08-12,26.569622039794922,9.489644915631132,2.465974807739258,0.3419587726944707,1.3327459729623528,Hammer,2011-08-19,26.747390747070312,2011-09-23,31.064834594726562,RSI > 90,5,0.16141551482471783,0.16101154802876685,16101.154786775533,116101.15478677554
WFRD,2005-10-14,21676.630859375,2.5181131037553257,1553.58984375,0.3814891921180532,1.2499917652683075,Hammer,2005-10-21,22076.42578125,2005-12-02,24548.845703125,Time stop (5 bars),6,0.1119936690102652,0.11197254907355607,11197.25489727818,111197.25489727818
WHR,1994-11-25,19.744152069091797,9.988457339163105,1.0901031494140625,0.34237692641480383,1.01527348525477,Hammer,1994-12-02,19.744152069091797,1995-01-13,19.993446350097656,Time stop (5 bars),6,0.012626233840455248,0.012116686335124515,1211.668632300783,101211.66863230077
WHR,1996-11-15,19.537076950073242,2.3465443643831634,1.2503719329833984,0.29166584039478,1.5529334275637254,Hammer,1996-11-22,19.537076950073242,1996-11-29,20.42275619506836,RSI > 90,1,0.04533325262824417,0.044809937410047594,4535.288532044586,105746.95716434535
WHR,1997-10-31,25.943262100219727,7.6139664869454435,3.717641830444336,0.3237407746592684,2.3731520161232806,Hammer,1997-11-07,26.4246826171875,1997-12-19,24.35416030883789,Time stop (5 bars),6,-0.07835561691866344,-0.07871915597641814,-8324.311206727398,97422.64595761796
WHR,2000-09-01,17.316844940185547,8.768101756680153,3.61844539642334,0.21428569546006224,1.434000440950561,Hammer,2000-09-08,17.23069190979004,2000-10-20,16.57018280029297,Time stop (5 bars),6,-0.038333289977855456,-0.038902361042797165,-3789.9709429978875,93632.67501462006
WHR,2002-07-26,25.889976501464844,8.102049256593332,2.631580352783203,0.3709094546229414,1.1573754884594585,Hammer,2002-08-02,26.124425888061523,2002-09-13,25.89508819580078,Time stop (5 bars),6,-0.008778669175101173,-0.009159699615524085,-857.6471764742598,92775.02783814582
WHR,2002-10-11,21.077062606811523,3.3620839734052055,2.921621322631836,0.2602960886451043,1.3083997047385567,Hammer,2002-10-18,21.072248458862305,2002-11-29,25.293437957763672,Time stop (5 bars),6,0.20031984280851955,0.1997978771811981,18536.253598951836,111311.28143709767
WHR,2007-08-10,50.6526985168457,1.2316193567055649,16.14484405517578,0.2611444816663571,3.9640848275588563,Hammer,2007-08-17,50.953468322753906,2007-09-28,49.64042282104492,Time stop (5 bars),6,-0.025769501957978114,-0.025963211714474195,-2889.99836327079,108421.28307382687
WHR,2008-10-31,25.71900749206543,0.8208023195410021,7.376642227172852,0.3692076375215418,1.409990599815563,Hammer,2008-11-07,25.746572494506836,2008-12-19,22.869384765625,Time stop (5 bars),6,-0.11175032053278933,-0.11211694856683851,-12155.86340578302,96265.41966804385
WHR,2011-08-12,37.46619415283203,1.6184898776345733,5.231739044189453,0.2356976351634634,1.6386443040168583,Hammer,2011-08-19,37.7654914855957,2011-09-30,30.46576690673828,Time stop (5 bars),6,-0.19329086665379802,-0.19353003605063204,-18630.2501201555,77635.16954788836
WHR,2020-03-13,86.61051940917969,2.0333030282241396,13.603469848632812,0.2749588622538886,1.6815836616808897,Hammer,2020-03-20,78.78458404541016,2020-05-01,79.15975189208984,Time stop (5 bars),6,0.004761944880783409,0.004634722357072358,359.81745563888376,77994.98700352725
WINMQ-202009,2008-10-31,25.15010643005371,8.73575040420107,4.755413055419922,0.19718266360661735,1.3420851886216552,Hammer,2008-11-07,25.3845272064209,2008-12-19,28.967830657958984,Time stop (5 bars),6,0.14116092934879276,0.14073926711933477,14073.926697859548,114073.92669785956
WINMQ-202009,2010-05-07,40.038902282714844,5.036041546859167,20.332866668701172,0.19075131061310033,7.0172259020324095,Hammer,2010-05-14,41.919395446777344,2010-06-25,44.857669830322266,RSI > 90,6,0.07009343413063962,0.06984655001793257,7967.67021887635,122041.59691673591
WINMQ-202009,2014-10-17,61.299339294433594,6.697226452825944,4.013652801513672,0.28787868707557346,1.3095178801005574,Hammer,2014-10-24,59.41414260864258,2014-12-05,61.11690139770508,Time stop (5 bars),6,0.028659149392737504,0.028488441851335002,3476.774933729721,125518.37185046564
WLBAQ-202004,1993-02-26,7.719224452972412,7.952352236147121,0.9649028778076172,0.22222205749505325,1.2840366357578517,Hammer,1993-03-05,7.719224452972412,1993-04-16,8.576915740966797,Time stop (5 bars),6,0.11111106992932651,0.1097445178031017,10974.45176933572,110974.4517693357
WLL-200203,1997-10-31,30.410480499267578,2.468387876156683,5.231290817260742,0.37362630952020687,2.3308093763451563,Hammer,1997-11-07,31.38775634765625,1997-12-19,28.179201126098633,Time stop (5 bars),6,-0.10222314669513488,-0.10252541019061912,-10252.54100880937,89747.45899119064
WLL-200203,1999-09-03,40.784637451171875,6.850573760200149,4.0546112060546875,0.2647061037245553,1.2864799258891373,Hammer,1999-09-10,40.784637451171875,1999-10-22,39.89023971557617,Time stop (5 bars),6,-0.021929770410892946,-0.022172242562301034,-1989.9024281129414,87757.5565630777
WLL-200203,2000-01-28,40.058414459228516,9.306974837615442,3.6525611877441406,0.27868807944045776,1.0866196911390738,Hammer,2000-02-04,40.11829376220703,2000-03-17,34.090179443359375,Time stop (5 bars),6,-0.1502584919133917,-0.15048899909944788,-13206.546837384205,74551.00972569348
WLP-200411,2002-03-08,60.29499816894531,8.630922433870765,3.2249984741210938,0.15658955257424173,1.0761701213699715,Hammer,2002-03-15,60.349998474121094,2002-04-12,65.69999694824219,RSI > 90,4,0.08864952128234505,0.0884764909141827,8847.649082570624,108847.64908257061
WM,2008-07-18,22.180892944335938,8.025835831682002,1.8614215850830078,0.2718129848625042,1.673314960482465,Hammer,2008-07-25,22.155908584594727,2008-09-05,22.29088020324707,Time stop (5 bars),6,0.006091901766835717,0.0056392822602598204,563.9282254620539,100563.92822546206
WM,2020-03-27,86.11050415039062,8.060051987012116,12.794593811035156,0.29660950749934556,1.8313082998121977,Hammer,2020-04-03,86.86949920654297,2020-05-15,90.3663330078125,Time stop (5 bars),6,0.0402538731454567,0.04013644778520833,4036.278850260417,104600.20707572249
WMB,1992-04-10,1.0760303735733032,4.918467942552795,0.06215333938598633,0.25,1.12429206699746,Hammer,1992-04-16,1.079914927482605,1992-05-29,0.9520795345306396,Time stop (5 bars),6,-0.11837542911825749,-0.1270471900241923,-12704.71898971451,87295.2810102855
WMB,1993-11-19,1.8090167045593262,9.30477590932992,0.1891244649887085,0.0869566861709269,1.831828314848326,Hammer,1993-11-26,1.7350115776062012,1994-01-07,1.624014973640442,Time stop (5 bars),6,-0.06397456097607224,-0.06953781545075621,-6070.323134544813,81224.95787574069
WMB,1994-12-16,1.7764534950256348,9.083318955177234,0.1793534755706787,0.23809558625108507,1.7438148375640234,Hammer,1994-12-23,1.7593721151351929,1995-02-03,1.8704005479812622,RSI > 90,6,0.06310685038766661,0.057260275187656896,4650.963435419788,85875.92131116048
WMB,1998-09-04,5.459174633026123,0.6228902593366001,1.1708307266235352,0.1927710647101706,1.8722844932215024,Hammer,1998-09-11,5.459174633026123,1998-10-23,6.460728168487549,Time stop (5 bars),6,0.18346244675932732,0.1814644666494292,15583.428243174658,101459.34955433515
WMB,2008-01-25,9.030913352966309,7.691547191994687,1.578354835510254,0.38060996057461366,2.4099459823019225,Hammer,2008-02-01,9.06208324432373,2008-02-29,10.087872505187988,RSI > 90,4,0.11319574464368198,0.11203043288481693,11366.534839417589,112825.88439375274
WMB,2012-11-16,15.281915664672852,1.7404787659928047,0.8731155395507812,0.37569031203851766,1.051074191617364,Hammer,2012-11-23,15.426630020141602,2013-01-04,15.457027435302734,Time stop (5 bars),6,0.001970450780335309,0.0013217926514897396,149.13242474036088,112975.0168184931
WMB,2016-02-12,7.5818257331848145,8.50714257607875,2.690506935119629,0.32008371611948244,1.0360434143060278,Hammer,2016-02-19,7.812601089477539,2016-04-01,9.204418182373047,Time stop (5 bars),6,0.1781502827233925,0.1767571761566893,19969.14492912218,132944.1617476153
WMB,2019-08-09,16.48455047607422,2.891554290672161,0.975743293762207,0.3521137360344273,1.054229934473983,Hammer,2019-08-16,16.42957878112793,2019-09-20,17.506940841674805,RSI > 90,5,0.06557453936581759,0.06494611603751851,8634.206946737046,141578.36869435236
WMB,2021-08-06,19.928075790405273,9.661366367422033,1.0218505859375,0.36965043005614623,1.090925393135946,Hammer,2021-08-13,19.769033432006836,2021-09-24,20.142467498779297,Time stop (5 bars),6,0.018889849524350355,0.018379359376635623,2602.1197155892005,144180.48840994158
WMT,1992-02-21,2.6303815841674805,8.241082901413051,0.16400480270385742,0.3846160555673469,1.144639080370475,Hammer,1992-02-28,2.6303815841674805,1992-04-10,2.6014132499694824,Time stop (5 bars),6,-0.011012977878328112,-0.014786600328433253,-1478.6600313646654,98521.33996863532
WMT,2000-10-13,9.56684684753418,3.735408569144468,1.1161327362060547,0.3214286324603751,1.1041986576579905,Hammer,2000-10-20,9.619996070861816,2000-12-01,9.978753089904785,Time stop (5 bars),6,0.037292844654023716,0.03623451027671343,3569.8725019992207,102091.21247063455
WMT,2002-04-05,12.675603866577148,7.893820450655028,1.4017333984375,0.18654478359313767,2.2604964841423487,Hammer,2002-04-12,12.645597457885742,2002-05-24,12.59201431274414,Time stop (5 bars),6,-0.004237296444082772,-0.005026098202339634,-513.1204589602096,101578.09201167434
WMT,2003-12-19,11.342460632324219,8.454370318293897,0.6063270568847656,0.3073138507030734,1.2737175175852973,Hammer,2003-12-26,11.288293838500977,2004-01-30,11.747626304626465,RSI > 90,5,0.04069104443036764,0.03978754759693129,4041.543166678415,105619.63517835275
WMT,2014-02-07,19.37176513671875,8.503217163418626,0.5857505798339844,0.3363247390117941,1.1197031345299742,Hammer,2014-02-14,19.32973861694336,2014-03-28,20.147077560424805,Time stop (5 bars),6,0.042284014268305414,0.04175587575691145,4410.240359587371,110029.87553794011
WMX-199807,1990-08-24,31.381933212280273,2.4032277880000947,3.8137741088867188,0.31428555710481937,1.4488291166463374,Hammer,1990-08-31,33.12537384033203,1990-10-12,27.961715698242188,Time stop (5 bars),6,-0.15588226013627038,-0.15616057238061024,-15616.057222444964,84383.94277755504
WMX-199807,1996-07-19,29.276695251464844,5.472977046006548,2.28912353515625,0.3684208772163711,1.495022456521225,Hammer,1996-07-26,29.035734176635742,1996-09-06,30.12005615234375,Time stop (5 bars),6,0.037344396704820815,0.036993623135476265,3121.667774676798,87505.61055223184
WNDXQ-200611,1996-04-12,25.85500144958496,7.063530928342104,1.8269290924072266,0.34682310246941805,1.1359324265025499,Hammer,1996-04-19,26.15332794189453,1996-05-31,28.203933715820312,RSI > 90,6,0.0784070684419842,0.07800979399213034,7800.979391412056,107800.97939141205
WOR,1997-11-28,4.749640464782715,2.7647071222643547,0.29480504989624023,0.3333338724886818,1.1707804421602637,Hammer,1997-12-05,4.815153121948242,1998-01-16,4.2561750411987305,Time stop (5 bars),6,-0.11608729080734725,-0.11804149502195449,-11804.1494903913,88195.85050960869
WOR,2000-03-17,3.6173529624938965,8.623204356563733,0.41599559783935547,0.3478260122007414,1.0236779567902952,Hammer,2000-03-24,3.6716132164001465,2000-05-05,3.545006036758423,Time stop (5 bars),6,-0.03448271159832472,-0.037155711411895324,-3276.9795659847023,84918.87094362397
WOR,2000-12-22,2.2391128540039062,1.2343288316160965,0.47438836097717285,0.36000028144536267,1.943136977336553,Hammer,2000-12-29,2.277064085006714,2001-01-19,2.7324767112731934,RSI > 90,3,0.19999991623649738,0.19517971874359918,16574.441330226087,101493.31227385005
WOR,2002-11-15,5.649837970733643,6.27030392447476,0.6068711280822754,0.3858698940285267,1.1383071797324702,Hammer,2002-11-22,5.590470790863037,2003-01-03,5.043382167816162,Time stop (5 bars),6,-0.09786092147033965,-0.09956063463981564,-10104.738571576763,91388.57370227328
WRK-202407,2018-10-26,34.73463439941406,0.8312361078364745,2.8924636840820312,0.3236987663569151,1.1916352048116003,Hammer,2018-11-02,35.21949768066406,2018-12-14,37.90365219116211,Time stop (5 bars),6,0.07621217471172748,0.07591746331604839,7591.746324013093,107591.7463240131
WRK-202407,2022-03-11,40.517757415771484,7.740306970651801,2.849346160888672,0.17241434708858422,1.00792846148418,Hammer,2022-03-18,41.17277908325195,2022-04-22,46.880821228027344,RSI > 90,5,0.13863630951978356,0.1383766262200607,14888.18285055337,122479.92917456647
WST,2021-02-26,276.89300537109375,9.82285970724999,18.290802001953125,0.17908144282251026,1.0564233495659818,Hammer,2021-03-05,277.9190673828125,2021-04-16,292.550537109375,RSI > 90,6,0.05264651275764676,0.052609584568373745,5260.958451576416,105260.95845157641
WTW,2019-10-11,172.47848510742188,8.899470977513602,12.9166259765625,0.2747311294453423,1.6390558566999889,Hammer,2019-10-18,172.4601287841797,2019-11-29,174.54161071777344,Time stop (5 bars),6,0.012069351613430479,0.01201101897060005,1201.101895858903,101201.10189585891
WU,2011-08-12,8.114729881286621,3.3807660698423803,0.7716903686523438,0.35403793488684787,1.5656392011049534,Hammer,2011-08-19,8.186626434326172,2011-09-30,7.346127033233643,Time stop (5 bars),6,-0.102667369500134,-0.10382546224625168,-10382.546214242622,89617.45378575737
WWY-200810,1993-01-15,9.47131633758545,2.646060422792928,0.6792182922363281,0.38888982493976515,1.1815041590853224,Hammer,1993-01-22,9.509051322937012,1993-03-05,9.848660469055176,Time stop (5 bars),6,0.03571430362343131,0.034644457437760894,3464.445740311644,103464.44574031165
WWY-200810,2005-02-25,50.18315124511719,6.4549989429300325,1.4891815185546875,0.2361826937855423,1.0332305328062665,Hammer,2005-03-04,49.988590240478516,2005-04-15,49.389923095703125,Time stop (5 bars),6,-0.011976075778400652,-0.012174903659600929,-1259.6696578226324,102204.77608248903
WY,2006-05-26,13.10578727722168,6.039053188321461,0.8722324371337891,0.2930236321372575,1.420646048362623,Hammer,2006-06-02,13.081445693969727,2006-07-14,12.332948684692383,Time stop (5 bars),6,-0.05721821783217629,-0.057960505626585904,-5796.050556862539,94203.94944313745
WY,2014-02-07,18.521242141723633,3.4382512226256523,0.7934131622314453,0.18750075124345816,1.0325790953550897,Hammer,2014-02-14,18.496448516845703,2014-03-28,18.314990997314453,Time stop (5 bars),6,-0.009810397891572897,-0.010348244860770024,-974.8455347143408,93229.10390842312
WY,2016-01-22,16.91590690612793,3.7719986208070964,1.676950454711914,0.32936459642517957,1.5412872882775908,Hammer,2016-01-29,16.83605194091797,2016-03-11,18.396129608154297,RSI > 90,6,0.09266291602752474,0.09204161786771597,8580.95754750771,101810.06145593082
WY,2025-04-11,24.717430114746094,3.4957949170276095,2.546854019165039,0.3605177920818402,1.5671608099947274,Hammer,2025-04-17,24.94736099243164,2025-05-30,24.497081756591797,Time stop (5 bars),6,-0.018049173055877388,-0.018446320008733835,-1878.0209718469368,99932.04048408387
WYE-200910,1992-06-12,11.151510238647461,1.0266770380450794,0.6982154846191406,0.2857135052149066,1.188619257685955,Hammer,1992-06-19,11.131561279296875,1992-07-17,12.009318351745605,RSI > 90,4,0.07885300636858861,0.07791966035888584,7791.966028096618,107791.96602809662
WYE-200910,1992-10-09,10.44212818145752,0.2884645521757676,0.6035919189453125,0.3333338599994944,1.2149116341910793,Hammer,1992-10-16,10.462247848510742,1992-11-27,11.370165824890137,Time stop (5 bars),6,0.08678039265803017,0.0857835783937369,9246.780558739472,117038.74658683609
WYE-200910,1993-01-08,10.8209810256958,4.266799755494262,0.7322473526000977,0.3333333333333333,1.4789138989272725,Hammer,1993-01-15,10.861660957336426,1993-02-26,9.359435081481934,Time stop (5 bars),6,-0.1383053551160447,-0.1391619635315428,-16287.341768007424,100751.40481882865
WYE-200910,1999-06-04,45.1929817199707,5.770422143796836,5.216503143310547,0.2499994515439039,1.3226223382226237,Hammer,1999-06-11,44.74155044555664,1999-07-23,42.73520278930664,Time stop (5 bars),6,-0.04484305162136493,-0.045061521752460046,-4540.011615294545,96211.3932035341
WYE-200910,2008-10-03,36.68581771850586,4.376886141444814,2.9810867309570312,0.3550482805569987,1.0094580354893867,Hammer,2008-10-10,36.180877685546875,2008-11-21,33.034828186035156,Time stop (5 bars),6,-0.0869533770533285,-0.08721771313487557,-8391.337684341219,87820.05551919287
WYNN,2013-06-28,102.50299835205078,4.965417910403048,6.295799255371094,0.39058510451367723,1.1334686201745092,Hammer,2013-07-05,103.55229949951172,2013-08-16,110.86188507080078,Time stop (5 bars),6,0.07058834624260113,0.07048837316700675,7048.837309651837,107048.83730965185
WYNN,2022-05-13,64.10509490966797,4.470953359563765,10.021556854248047,0.18243220352854164,1.1972237613582848,Hammer,2022-05-20,62.808876037597656,2022-07-01,56.63729476928711,Time stop (5 bars),6,-0.09825969922811884,-0.09841107822434843,-10534.791491770906,96514.04581788093
X-202506,1992-10-09,13.905923843383789,4.620723740136128,1.0410842895507812,0.28571454743985286,1.0411517071731902,Hammer,1992-10-16,13.831561088562012,1992-11-20,17.348831176757812,RSI > 90,5,0.2542930668255807,0.25347845217805487,25347.845192457644,125347.84519245765
X-202506,2002-07-26,13.117653846740723,0.5658222064970886,1.5167293548583984,0.24324354913147964,1.1951060146446013,Hammer,2002-08-02,13.421000480651855,2002-09-13,10.735928535461426,Time stop (5 bars),6,-0.2000649615549389,-0.20073527846764824,-25161.734584865917,100186.11060759173
X-202506,2008-09-12,94.54857635498047,3.3240389010282456,20.96538543701172,0.3305681456345127,1.3376861038325116,Hammer,2008-09-19,89.95722961425781,2008-10-31,29.461103439331055,Time stop (5 bars),6,-0.672498768963183,-0.6725725499953298,-67382.42781807971,32803.68278951201
X-202506,2011-10-07,19.654924392700195,3.8598326838014856,4.094030380249023,0.32385132481477563,1.1129053639778521,Hammer,2011-10-14,20.138681411743164,2011-11-25,22.2299861907959,Time stop (5 bars),6,0.10384516921913578,0.10332295951818382,3389.3735855187197,36193.056375030734
XEC-202109,2014-10-17,101.169921875,0.8104697527931108,13.302078247070312,0.31219537375324774,1.6341489763525643,Hammer,2014-10-24,100.23367309570312,2014-11-28,112.07754516601562,RSI > 90,5,0.11816260648259358,0.1180569505246151,11805.695040655814,111805.6950406558
XEC-202109,2017-02-10,123.40555572509766,8.252495244665099,12.848495483398438,0.3311455882684769,1.6897765626831287,Hammer,2017-02-17,123.37743377685547,2017-03-31,107.84858703613281,Time stop (5 bars),6,-0.1258645626298942,-0.12594051085769303,-14080.866336138763,97724.82870451703
XEL,1995-03-24,5.574244499206543,3.9336859867909624,0.16017961502075195,0.29999910693288007,1.079244125878613,Hammer,1995-03-31,5.606280326843262,1995-04-13,5.789226531982422,RSI > 90,2,0.03263236842852835,0.030821166483488475,3082.116645266731,103082.11664526672
XEL,2002-08-02,2.7615177631378174,0.7188504427669926,0.9868247509002686,0.26612890950879226,1.0635865931263446,Hammer,2002-08-09,2.666018486022949,2002-09-20,3.7125303745269775,Time stop (5 bars),6,0.3925373713612801,0.3880586727227626,40001.909326813286,143084.02597208
XEL,2011-08-12,13.922942161560059,7.804363459065939,1.3016643524169922,0.2289716271007126,2.642801267408231,Hammer,2011-08-19,14.026345252990723,2011-09-30,15.266613960266113,Time stop (5 bars),6,0.08842422490712165,0.08768002533564379,12545.611009812274,155629.6369818923
XEL,2014-08-08,20.909717559814453,5.619889161281435,0.9442214965820312,0.3043487043575925,1.5064182023970292,Hammer,2014-08-15,20.984981536865234,2014-09-05,21.90867805480957,RSI > 90,3,0.04401702790739348,0.04353012489980467,6774.577529158456,162404.21451105076
XL-201809,2011-08-12,16.7081356048584,4.814716735362566,1.8410205841064453,0.3867927167240799,1.5758755452350788,Hammer,2011-08-19,16.92523765563965,2011-09-30,16.2618350982666,Time stop (5 bars),6,-0.03919605566968187,-0.03977513907778665,-3977.513903801152,96022.48609619886
XL-201809,2014-10-17,29.85165786743164,9.870082231893178,1.6342506408691406,0.20113372968355006,1.776190232506642,Hammer,2014-10-24,29.777584075927734,2014-11-14,31.814607620239258,RSI > 90,3,0.06840795207285666,0.06806070081574626,6535.357691242189,102557.84378744106
XL-201809,2017-09-08,37.86731719970703,1.387198952090671,4.119209289550781,0.3833330555107953,2.299547282756281,Hammer,2017-09-15,40.937110900878906,2017-10-20,41.01200485229492,RSI > 90,5,0.0018294879576958856,0.0015850172350205625,162.55594982708465,102720.39973726815
XLNX-202202,2000-10-13,52.690765380859375,7.921205918636943,18.547500610351562,0.2232778897089251,2.0413950138088004,Hammer,2000-10-20,52.33831787109375,2000-12-01,39.165626525878906,Time stop (5 bars),6,-0.2516835061007964,-0.2518505108461017,-25185.051059425125,74814.94894057488
XLNX-202202,2016-01-15,38.70367431640625,6.759153726397528,2.9925079345703125,0.2839873646853664,1.4276700187463485,Hammer,2016-01-22,39.25516128540039,2016-03-04,43.91222381591797,Time stop (5 bars),6,0.11863567434251276,0.11836585430039155,8855.535336935784,83670.48427751067
XOM,1997-10-31,12.675806999206543,5.34978447475612,1.8697786331176758,0.2620691062197638,2.4181881336282465,Hammer,1997-11-07,12.817652702331543,1997-12-19,12.904029846191406,Time stop (5 bars),6,0.006738920601597531,0.005956423029844268,595.6423023887846,100595.64230238879
XOM,2010-05-28,33.116703033447266,5.41989971803649,1.7582626342773438,0.37694557383308963,1.1207326917987437,Hammer,2010-06-04,33.07288360595703,2010-07-16,31.9280948638916,Time stop (5 bars),6,-0.03461411940080217,-0.03491120398819769,-3511.914985230549,97083.72731715825
XOM,2011-08-12,40.67536926269531,6.178036218928,3.6775970458984375,0.16897703462440097,1.6249072927398123,Hammer,2011-08-19,41.262901306152344,2011-09-30,39.5511474609375,Time stop (5 bars),6,-0.04148408839490936,-0.04172138128473625,-4050.4671998920567,93033.26011726618
XOM,2013-04-19,51.283851623535156,6.153457836729842,2.140491485595703,0.3342457990044857,1.585351724927655,Hammer,2013-04-26,51.377681732177734,2013-05-24,54.095069885253906,RSI > 90,4,0.05289043922303471,0.05269067440247488,4901.985212537638,97935.24532980383
XOM,2014-02-07,54.60704040527344,3.723691861173336,1.7539558410644531,0.37148561622831344,1.0538559635996905,Hammer,2014-02-14,54.52866744995117,2014-03-28,57.12699508666992,Time stop (5 bars),6,0.04765067180678151,0.04746292992478835,4648.2936816071415,102583.53901141096
XOM,2014-10-17,55.74581527709961,3.938326872500454,3.434833526611328,0.2348756859291376,1.8442157526953715,Hammer,2014-10-24,55.39133071899414,2014-12-05,55.625038146972656,Time stop (5 bars),6,0.004219205874726795,0.004038307683469287,414.2638933729884,102997.80290478395
XRAY,2011-08-12,28.514188766479492,3.0159132029455833,2.393035888671875,0.19718325575463877,1.474231806546025,Hammer,2011-08-19,28.573171615600586,2011-09-30,26.45050048828125,Time stop (5 bars),6,-0.07428895734348173,-0.07462587726064071,-7462.587718601484,92537.41228139852
XRAY,2019-08-09,46.29421615600586,1.035063845010015,2.7138290405273438,0.23452729353091167,1.1673484036355921,Hammer,2019-08-16,46.055538177490234,2019-09-27,44.809120178222656,Time stop (5 bars),6,-0.02706336845883972,-0.027277536237767845,-2524.1926143309183,90013.2196670676
XRX,1990-10-19,5.213768005371094,4.414009963559124,0.5013241767883301,0.12000060873940532,1.1319393155657054,Hammer,1990-10-26,5.233820915222168,1990-12-07,5.6771979331970215,Time stop (5 bars),6,0.08471383051822157,0.08272415205406489,8272.415197134073,108272.41519713408
XRX,1993-04-30,13.97411060333252,5.085665690414743,1.064478874206543,0.38297883777539066,1.9081908667203722,Hammer,1993-05-07,13.90616512298584,1993-06-18,13.88419246673584,Time stop (5 bars),6,-0.0015800658237317133,-0.002298344960133577,-248.8473595409759,108023.56783759309
XRX,1993-07-30,13.358102798461914,6.264919933119344,0.6862039566040039,0.26666592544928197,1.2104251961768207,Hammer,1993-08-06,13.358102798461914,1993-09-17,13.402444839477539,Time stop (5 bars),6,0.0033194864334125107,0.0025699152010996286,277.611408785236,108301.17924637833
XRX,2002-05-10,10.672036170959473,0.9032105742528245,1.6633472442626953,0.18399950462862627,1.2629383168840955,Hammer,2002-05-17,10.884943962097168,2002-06-28,11.643430709838867,Time stop (5 bars),6,0.06968219132618891,0.06873191913079016,7443.747886287536,115744.92713266588
XRX,2008-09-19,17.499889373779297,2.6124920302654573,2.2277488708496094,0.21084400273291884,1.8333898721253608,Hammer,2008-09-26,17.432788848876953,2008-11-07,10.841277122497559,Time stop (5 bars),6,-0.37810999625593644,-0.37857504661805513,-43818.14114123424,71926.78599143164
XRX,2016-01-22,14.295516967773438,8.222693014547389,1.229384422302246,0.2435903104717001,1.1677232807947202,Hammer,2016-01-29,14.248233795166016,2016-03-11,16.439058303833008,RSI > 90,6,0.15376112858354918,0.15300559438003594,11005.20063145944,82931.98662289108
XTO-201006,2010-05-28,42.7400016784668,7.066442337484659,2.322307586669922,0.3444846159279476,1.005074433114351,Hammer,2010-06-04,42.540000915527344,2010-06-25,41.810001373291016,End of data,3,-0.017160308569007854,-0.017393337085726924,-1739.333706833359,98260.66629316664
XYL,2019-08-09,70.5807113647461,6.498240801787702,3.2800445556640625,0.3501402580002884,1.0017922907000028,Hammer,2019-08-16,70.13969421386719,2019-09-27,70.99385070800781,Time stop (5 bars),6,0.012177932962412985,0.012034502446711526,1203.4502434677024,101203.4502434677
XYL,2024-07-05,130.99398803710938,8.634677959203813,5.463783264160156,0.3553590104852482,1.1728383423437234,Hammer,2024-07-12,131.53060913085938,2024-08-23,129.8036651611328,Time stop (5 bars),6,-0.01312959759814103,-0.013205123549460721,-1336.4040627602876,99867.0461807074
YELLQ,1991-12-20,141080.0,1.7493710351129437,11932.140625,0.35294117647058826,1.3052505059152424,Hammer,1991-12-27,140378.109375,1992-01-17,149502.6875,RSI > 90,3,0.06500000723492438,0.06497935723483332,6497.93571763525,106497.93571763525
YELLQ,1992-06-26,147627.53125,5.622085866306264,20682.109375,0.3448277685650717,1.7883923126439127,Hammer,1992-07-02,147627.53125,1992-08-14,141102.359375,Time stop (5 bars),6,-0.04420023704081277,-0.04421860171381387,-4709.1897985475225,101788.74591908773
YELLQ,1993-03-05,152277.84375,5.940072459812981,13910.0,0.31578900071890725,1.488565469350235,Hammer,1993-03-12,151545.734375,1993-04-23,137635.734375,Time stop (5 bars),6,-0.09178747298541379,-0.09180621977821006,-9344.839970353321,92443.9059487344
YELLQ,1993-06-18,107233.2890625,0.05361553822368137,8874.4765625,0.16666651994439813,1.024845205620829,Hammer,1993-06-25,107233.2890625,1993-08-06,121121.703125,Time stop (5 bars),6,0.1295158824644953,0.12949284670175368,11970.824530960861,104414.73047969527
YUM,1999-05-28,6.997927665710449,3.0763418574487957,0.7508506774902344,0.18999992379249203,1.282107560412232,Hammer,1999-06-04,6.967893600463867,1999-07-16,6.577451229095459,Time stop (5 bars),6,-0.05603449101783298,-0.05742843564137693,-5742.84355839485,94257.15644160514
YUM,2008-10-10,13.981047630310059,4.099312954982608,3.6968374252319336,0.305898362275453,2.267750827705958,Hammer,2008-10-17,14.493228912353516,2008-11-28,12.547564506530762,Time stop (5 bars),6,-0.13424644139611552,-0.13488988328473628,-12714.33681844491,81542.81962316022
YUM,2013-10-25,37.706138610839844,3.358802117357726,1.8125190734863281,0.22187519073285614,1.1106649344985573,Hammer,2013-11-01,37.706138610839844,2013-11-22,41.829627990722656,RSI > 90,3,0.10935856950086587,0.10907889635293094,8894.600761105838,90437.42038426606
YUM,2014-10-17,39.5275764465332,4.566810125416751,2.034099578857422,0.27238305637186416,1.3043116943231903,Hammer,2014-10-24,39.429290771484375,2014-11-14,42.30265808105469,RSI > 90,3,0.07287392832458339,0.07261110200163315,6566.7607497197605,97004.18113398581
YUM,2025-04-11,141.56988525390625,7.197503074286942,9.626739501953125,0.3995939121696376,1.42207177495312,Hammer,2025-04-17,143.52256774902344,2025-05-30,142.54884338378906,Time stop (5 bars),6,-0.0067844686762928985,-0.006853905355342885,-664.8574759000192,96339.32365808579
ZBH,2008-04-25,64.06700897216797,7.6601852809848765,6.913402557373047,0.36894411377321834,1.959013223126321,Hammer,2008-05-02,64.1700668334961,2008-06-13,61.018245697021484,Time stop (5 bars),6,-0.049116687764292455,-0.04926868474758331,-4926.868469831463,95073.13153016852
ZBH,2016-01-22,88.43726348876953,9.164163613194859,6.315032958984375,0.39265503960257286,1.3868486775932474,Hammer,2016-01-29,87.83073425292969,2016-03-11,87.82181549072266,Time stop (5 bars),6,-0.00010154488952973661,-0.00021538798950037662,-20.477610635310256,95052.65391953322
ZBRA,2022-02-25,418.07000732421875,4.390550140486141,38.529998779296875,0.2042563033097277,1.0773047548152905,Hammer,2022-03-04,414.25,2022-04-14,410.7799987792969,Time stop (5 bars),6,-0.008376587135070945,-0.008400625751537456,-840.062574313683,99159.93742568631
ZBRA,2023-05-05,273.79998779296875,6.683209025893547,44.589996337890625,0.37093540935922664,1.7840257108446935,Hammer,2023-05-12,274.0,2023-06-23,281.55999755859375,Time stop (5 bars),6,0.027591231965670593,0.027554232800838567,2732.2759976116695,101892.21342329799
ZION,2002-02-01,31.22951316833496,5.067878541465888,1.729806900024414,0.26523375347468403,1.160400472585049,Hammer,2002-02-08,31.19231414794922,2002-03-22,34.18186569213867,RSI > 90,6,0.09584256974361116,0.09550666862087286,9550.666852536619,109550.66685253661
ZION,2002-09-27,27.873754501342773,2.7544855349818533,2.1320762634277344,0.3676470851352004,1.0540199122036136,Hammer,2002-10-04,27.811046600341797,2002-11-15,24.86121368408203,Time stop (5 bars),6,-0.10606695097276608,-0.10640738990649358,-11657.000510637245,97893.66634189936
ZION,2005-10-14,45.98938751220703,5.105901251773773,2.032867431640625,0.2360650323510426,1.2708590721093873,Hammer,2005-10-21,45.72944641113281,2005-11-11,49.33606719970703,RSI > 90,3,0.07886867372390038,0.07864139769490515,7698.494738907162,105592.16108080652
ZION,2016-07-01,18.7452335357666,4.439848297819239,1.5946979522705078,0.25471575122506074,1.1103331202243585,Hammer,2016-07-08,18.406734466552734,2016-08-05,20.98683738708496,RSI > 90,4,0.14017168146911585,0.13959048373205385,14739.660828843073,120331.82190964957
ZTS,2016-02-12,37.13920593261719,1.5912085121732957,2.480236053466797,0.20740596051241272,1.0715132110730516,Hammer,2016-02-19,38.26908874511719,2016-04-01,39.031532287597656,Time stop (5 bars),6,0.01992322178243011,0.019659345712743085,1965.9345693083737,101965.93456930836
ZTS,2022-01-28,186.4368896484375,3.5620209291309664,13.765579223632812,0.33564487147796185,1.3375071001844843,Hammer,2022-02-04,187.10511779785156,2022-03-18,177.9598846435547,Time stop (5 bars),6,-0.04887751474642932,-0.048929653094376906,-4989.157800931034,96976.77676837731
